"","a","b","B.cell","Blood.endothelial","BM.Neutrophil","CD8.T.cell","Colon.Treg.Nrplo","Dendritic","DN2a","DN2b","DN3","DN4","Fibroblastic.reticular","GC_centroblasts","GC_centrocyes","gdT","ILC","ISP","Ly6Chi.blood.monocytes","Ly6Clo.blood.monocytes","Lymphatic.endothelial","Macrophage","Memory.B","Microglia","NK","NKT","PerC.macrophage","Pericyte","Plasma","Plasmablast","small.peritoneal.macs","Spleen.CD4Act.48hrs","Spleen.LN.Naive.CD4","Spleen.Naive.CD4","Spleen.Naive.CD8","spleen.red.pulp.macs","Spleen.Treg","Stem.Prog","Thio.induced.Peritoneal.Neutrophil","Thymic.4.8.CD3lo.DP","Thymic.CD4SP","Thymic.CD8SP","Thymic.preT.DN1","tumor_epithelial"
"Aatk",0.129176961268,0.0313381045326393,0.0364691872581125,0.0659198892419999,0.0540009818360334,0.039711030346273,0.0350827153451226,0.0530314465408805,0.0171990171990172,0.005,0.0413385826771654,0.0222437137330754,0.0655737704918033,0.0176848874598071,0.0206185567010309,0.0426521653672279,0.0597332432888739,0.00537634408602151,0.0559054248149376,0.0673300744878957,0.0712698071269807,0.119951753109013,0.0546170247662785,0.055952380952381,0.0384615384615385,0.0539792832786463,0.0538992408557626,0.0521631982475356,0.0361278369615563,0.0342205323193916,0.0488906342038092,0.0298429319371728,0.0254957507082153,0.0301970756516211,0.0625,0.074804694467235,0.0256089943785134,0.105287083976196,0.0463276836158192,0.0616580462289238,0.0584917484854815,0.046839587005792,0.083819089468807,0.16590857166594
"Abl1",0.139408645121986,0.0341032314031663,0.0466656743078297,0.0606022466253422,0.053019145802651,0.0413275658320141,0.0396463205932687,0.0626918238993711,0.0515970515970516,0.0275,0.0236220472440945,0.0106382978723404,0.0624095949855352,0.0321543408360129,0.0322164948453608,0.0605713162549957,0.0539929089988182,0.0268817204301075,0.0535852392000884,0.0711417597765363,0.0895533089553309,0.0496194318512665,0.0193537805478104,0.0441798941798942,0.0384615384615385,0.072894550601557,0.0568668046928916,0.0496010014082303,0.0488652153774896,0.0424588086185044,0.0357353229923424,0.0366492146596859,0.0509915014164306,0.0373490146217419,0.0546875,0.0646737773338565,0.0268582136164897,0.0852160017632797,0.0401129943502825,0.0641419011717951,0.0472111969918529,0.0561571392596323,0.0891698801303321,0.184798637505971
"Abl2",0.0792083332248549,0.032639340707005,0.0247097350401905,0.0347692017243007,0.0315414825724104,0.0243372204508462,0.0510553337136338,0.0352704402515723,0.0245700245700246,0.025,0.0118110236220472,0.0212765957446809,0.0260667791706847,0.0514469453376206,0.0257731958762887,0.0401624844394942,0.0353537058922843,0.021505376344086,0.033587448900674,0.0503811685288641,0.0596544059654406,0.0415921474025704,0.0173855994751517,0.0247354497354497,0.0145530145530146,0.0398571704304188,0.0364389233954451,0.0334845877014552,0.0428439092172302,0.0316856780735108,0.0302375809935205,0.031413612565445,0.0141643059490085,0.0348061029879212,0.0078125,0.042164591731174,0.0337289194253592,0.0499917346264051,0.0252354048964218,0.0341603109201952,0.0321704616670148,0.0284563082347016,0.0603832242250321,0.110017238872619
"Acacb",0.072418452438291,0.0203860333983951,0.0196487049717178,0.036499795475284,0.0250368188512518,0.105732569288055,0.0228180262407302,0.0236981132075472,0.00245700245700246,0.03,0.0187007874015748,0.00483558994197292,0.0343539054966249,0.0128617363344051,0.0128865979381443,0.02804166939658,0.0233327705554618,0.010752688172043,0.0250801016462269,0.0341596834264432,0.0356349035634904,0.0252880256207628,0.0283746104641627,0.016005291005291,0.0114345114345114,0.0327156919513607,0.0220151828847481,0.0211038961038961,0.0252431681333951,0.0285171102661597,0.0219909679952877,0.0109947643979058,0.0254957507082153,0.0390972663699936,0.0234375,0.0285021224984839,0.0287320424734541,0.042428917787084,0.0163841807909605,0.0503784226060022,0.0175475245456445,0.0161168471417779,0.0402654470451081,0.092871830020562
"Ace",0.0617884358541113,0.0190847972240295,0.0189788627567728,0.0428872596834587,0.0360824742268041,0.0272135387634061,0.0213918996006845,0.0271194968553459,0.00245700245700246,0.005,0.0265748031496063,0.0106382978723404,0.0405617164898746,0.0289389067524116,0.0103092783505155,0.0234881740155933,0.0282289380381563,0.0268817204301075,0.0318196884322174,0.0450418994413408,0.0440238044023804,0.0259534999792039,0.0172215843857635,0.0427248677248677,0.0291060291060291,0.0193012931866435,0.0211870255348516,0.0220818338288218,0.01528485409912,0.017743979721166,0.0265069703514628,0.0141361256544503,0.0311614730878187,0.0831214240305149,0.0234375,0.024292797774052,0.00811992504684572,0.0405829843508927,0.0182674199623352,0.0381637006516466,0.0342594526843535,0.0158650214051876,0.0311481780408334,0.0825492761750472
"Ackr1",0.0396458223227745,0.0182173064411191,0.0236677582613873,0.0444605267298071,0.0457781050564556,0.019978148899641,0.0193953223046207,0.0314465408805031,0.00491400491400491,0.0025,0.0108267716535433,0.0174081237911025,0.0440272420443587,0.022508038585209,0.0115979381443299,0.0213916006027649,0.0281951713658619,0.021505376344086,0.018450999889515,0.0380877560521415,0.0304008030400803,0.0254959863577757,0.0380515007380679,0.025,0.0155925155925156,0.029852666795342,0.024223602484472,0.0213581599123768,0.0206113941639648,0.0133079847908745,0.0196347928529354,0.0225130890052356,0.0169971671388102,0.0216147488874762,0,0.0349587985588414,0.061211742660837,0.0280471677319815,0.0235404896421846,0.0357967330002046,0.0463756005849175,0.0168723243515487,0.0318656024870714,0.0510831412133674
"Ackr3",0.115487853455211,0.0245608327911516,0.0281333730276868,0.0494005852553412,0.0310505645557192,0.0249169435215947,0.0596120935539076,0.0264654088050314,0.0393120393120393,0.0375,0.0285433070866142,0.0145067698259188,0.0768141272902604,0.00964630225080386,0.0206185567010309,0.0412435301054839,0.0469356744892791,0.021505376344086,0.0275107722903547,0.0398626629422719,0.0689037068903707,0.0512831177473693,0.0183696900114811,0.014021164021164,0.0155925155925156,0.0202341890239979,0.0338854382332643,0.0343060553903927,0.0402964335340435,0.0304182509505703,0.0217946200667583,0.0172774869109948,0.0028328611898017,0.0160521296884933,0.0078125,0.0292512396104591,0.018738288569644,0.0710959885386819,0.0340866290018832,0.0360012857602057,0.0321704616670148,0.021657013346764,0.0461841987265716,0.141389910067086
"Ackr4",0.0907912241832226,0.024886141834743,0.0304406073236082,0.0451527642302004,0.0540009818360334,0.0305023523378448,0.0484883057615516,0.043874213836478,0.0368550368550369,0.015,0.0344488188976378,0.0145067698259188,0.047854387656702,0.0321543408360129,0.0167525773195876,0.0441918364672738,0.0483876413979402,0.043010752688172,0.0334769638713954,0.0581354748603352,0.0569298056929806,0.0336480472486795,0.0308348368049861,0.0601851851851852,0.0197505197505198,0.047481181239143,0.0398205659075224,0.0384916288530746,0.0453913849004169,0.032319391634981,0.0284704496367563,0.0356020942408377,0.0028328611898017,0.0228862047043865,0.0703125,0.0547568936610423,0.0262336039975016,0.0620454044522812,0.0278719397363465,0.0477776803717016,0.0632964278253604,0.0412994208008058,0.0608615071891908,0.115105821754211
"Acta2",0.117815366270851,0.0557362828019952,0.0471122357844597,0.408514521254838,0.068605792832597,0.0507369172110861,0.0356531660011409,0.0473459119496855,0.0245700245700246,0.085,0.0541338582677165,0.15183752417795,0.0949855351976856,0.0273311897106109,0.0373711340206186,0.0565255847474284,0.0724970454161742,0.0161290322580645,0.0791072809634294,0.0770047718808194,0.0763605076360508,0.0460009150272429,0.0377234705592915,0.0911375661375661,0.0654885654885655,0.0685839284565399,0.0654934437543133,0.30736582694414,0.0585919407132932,0.0506970849176172,0.0534066365599843,0.0303664921465969,0.0396600566572238,0.67085187539733,0.078125,0.0637462990047444,0.0206121174266084,0.0708480273308354,0.0638418079096045,0.0682621781946758,0.0350950490912889,0.0523797532107781,0.0725196544405584,0.162408872826967
"Actg2",0.0753213347530988,0.0206571242680547,0.0226257814825841,0.0467574966174759,0.047373588610702,0.0230885861446186,0.0256702795208214,0.0392452830188679,0.00982800982800983,0.0175,0.00984251968503937,0.011605415860735,0.0288391996142719,0.0305466237942122,0.0257731958762887,0.0347244971499705,0.0464967077494513,0.010752688172043,0.0246381615291128,0.0499883612662942,0.0459597045959705,0.0277003701701119,0.0352632442184681,0.0342592592592593,0.0114345114345114,0.044650324905102,0.0374051069703244,0.0406039743389141,0.0407596109309866,0.0380228136882129,0.0286667975652857,0.0240837696335079,0.0169971671388102,0.0297202797202797,0.015625,0.046837655620162,0.042473454091193,0.0528846153846154,0.0259887005649717,0.0625639227375004,0.0363484437016921,0.0420548980105767,0.0617881804322482,0.0977942550937753
"Acvr1",0.0785965149791331,0.0450010843634786,0.0239654659124739,0.0373808250212391,0.047373588610702,0.0300675600347834,0.0288077581289218,0.0311949685534591,0.00982800982800983,0.0225,0.0255905511811024,0.0164410058027079,0.0441477820636451,0.022508038585209,0.0115979381443299,0.0391797156522309,0.0321121053520176,0.0161290322580645,0.0317092034029389,0.0433251862197393,0.0722019072201907,0.039013434263611,0.0380515007380679,0.0415343915343915,0.0239085239085239,0.035514379463424,0.0325741890959282,0.036144578313253,0.0226956924502084,0.0240811153358682,0.0333791478499902,0.0230366492146597,0.0056657223796034,0.0321042593769866,0,0.0395248457175472,0.00874453466583385,0.0520718536477849,0.0220338983050847,0.0457905964174045,0.0482556925005222,0.0372702090153614,0.0454368815950737,0.107504102020894
"Acvr1b",0.0464018578446815,0.052537410540013,0.0230723429592141,0.0317485289953117,0.0265095729013255,0.0227652790474704,0.0208214489446663,0.0366289308176101,0.0147420147420147,0.0125,0.0206692913385827,0.00676982591876209,0.0319732401157184,0.0112540192926045,0.0283505154639175,0.0180993251654327,0.0391693398615566,0.010752688172043,0.0220970058557066,0.0433542830540037,0.0268158026815803,0.0225429438921932,0.027882565195998,0.0337301587301587,0.0145530145530146,0.0385060799073538,0.0325741890959282,0.0251134407760914,0.0377489578508569,0.0247148288973384,0.0267033182799921,0.0256544502617801,0.0084985835694051,0.0430705657978385,0.015625,0.0362073270788,0.0231105559025609,0.0412028873705091,0.0133709981167608,0.023669676514421,0.0436599122623773,0.0209015361369932,0.0378441395390548,0.063285355266164
"Acvr2a",0.0417520391771956,0.0345911949685535,0.0245608812146472,0.0326295585412668,0.0240549828178694,0.0236571606947758,0.0185396463205933,0.0305911949685535,0.00491400491400491,0.025,0.0255905511811024,0.00193423597678917,0.030647299903568,0.0128617363344051,0.0180412371134021,0.0245855991613706,0.0292081715346953,0.00537634408602151,0.0266268920561264,0.0371712057728119,0.0254535025453503,0.017135964729859,0.0254223388551747,0.0373015873015873,0.0291060291060291,0.0236119153316606,0.024775707384403,0.0230010952902519,0.0294117647058824,0.0221799746514575,0.0219909679952877,0.0130890052356021,0.0056657223796034,0.0309917355371901,0.0078125,0.0324617415189241,0.0149906308557152,0.0297415693189332,0.0248587570621469,0.0252476549487157,0.0169208272404429,0.029715436917653,0.0311481780408334,0.0566078883419528
"Acvrl1",0.0429392269220856,0.0166449793970939,0.0200208395355761,0.0522639312796954,0.0295778105056456,0.0180271577961604,0.017969195664575,0.0526289308176101,0.0147420147420147,0.005,0.0147637795275591,0.0145067698259188,0.0341730954676953,0.00964630225080386,0.00902061855670103,0.0237502456921968,0.0341043390173898,0.00537634408602151,0.0333664788421169,0.060274092178771,0.0235176023517602,0.0206712972590775,0.0252583237657865,0.0338624338624339,0.0135135135135135,0.032812198417294,0.0380262249827467,0.0294554842747614,0.0231588698471515,0.0190114068441065,0.0308266247791086,0.0235602094240838,0.028328611898017,0.0182771773680865,0.0703125,0.055184960582171,0.0243597751405372,0.028474212034384,0.0145009416195857,0.0239034510972794,0.0505535826195947,0.0445731553764795,0.0427166472364212,0.0573140590275614
"Adgra2",0.0847146974363514,0.0353502494036001,0.0245608812146472,0.0586513954878701,0.040500736377025,0.0219960311266695,0.0399315459212778,0.0591194968553459,0.0245700245700246,0.015,0.0177165354330709,0.0135396518375242,0.0750964320154291,0.022508038585209,0.0154639175257732,0.0323822315403263,0.0518656086442681,0.010752688172043,0.0301624129930394,0.0485044227188082,0.0453861045386105,0.029821569687643,0.0318189273413154,0.0287037037037037,0.027027027027027,0.0420768191468828,0.0398895790200138,0.0526326083554999,0.0416859657248726,0.0481622306717364,0.0314156685646966,0.0387434554973822,0.0311614730878187,0.0173235855054037,0.0078125,0.050511896693183,0.0131168019987508,0.055047388141944,0.0231638418079096,0.0483328950059905,0.0175475245456445,0.038781163434903,0.06116043404179,0.101023947494133
"Adgra3",0.0379769904269971,0.0200607243548037,0.0142155403393867,0.0236934017180076,0.0338733431516937,0.0275479943811456,0.0211066742726754,0.0224905660377358,0.0393120393120393,0.0125,0.015748031496063,0.00967117988394584,0.0278146094503375,0.00643086816720257,0.00515463917525773,0.0230131691017493,0.0254263042377174,0.00537634408602151,0.0137001436305381,0.0177636173184358,0.0317631031763103,0.0190492035103772,0.0167295391175988,0.0123015873015873,0.0103950103950104,0.0143472946020717,0.0149068322981366,0.0171530276951964,0.00972672533580361,0.00760456273764259,0.0200274887099941,0.00890052356020942,0.0198300283286119,0.0251112523839797,0.0078125,0.0289301894196126,0.0124921923797626,0.0283364558078025,0.0139359698681733,0.0381637006516466,0.0108627532901609,0.00730294636111811,0.0281290168295818,0.0535235840239267
"Adgre5",0.0418457645254764,0.0146931251355454,0.0166716284608514,0.0252666687643561,0.0192685321551301,0.0202345648732413,0.0208214489446663,0.029685534591195,0.0221130221130221,0.02,0.0147637795275591,0.00870406189555126,0.0191959980713597,0.0112540192926045,0.0141752577319588,0.0171329358579572,0.0150261691710282,0,0.0191139100651862,0.0322392923649907,0.0273894027389403,0.0176350704986898,0.0165655240282106,0.0111111111111111,0.0239085239085239,0.0391816251688863,0.0205659075224293,0.0176615553121577,0.0236220472440945,0.0202788339670469,0.0375024543491066,0.0157068062827225,0.0056657223796034,0.013191354100445,0.0078125,0.0216887240038526,0.00811992504684572,0.0233634560282125,0.0231638418079096,0.040267671897373,0.0135784416127011,0.010828506673382,0.0217618748692195,0.052910877105531
"Adgrf1",0.0412964298452751,0.0173498156582086,0.0215838047037809,0.0284761335389069,0.0348551791850761,0.0207028027380767,0.015687393040502,0.0259119496855346,0.00245700245700246,0.0025,0.015748031496063,0.00967117988394584,0.0231135486981678,0.00482315112540193,0.0128865979381443,0.0198683089825067,0.0306939051156509,0.010752688172043,0.0150259639818805,0.0315991620111732,0.0276045027604503,0.016262529634405,0.0255863539445629,0.0166666666666667,0.0145530145530146,0.0201376825580647,0.01959972394755,0.0182092004381161,0.0148216767021769,0.0164765525982256,0.0170822697820538,0.00680628272251309,0.0084985835694051,0.0152574698029243,0.0078125,0.0264688046231227,0.0137414116177389,0.0271517522592021,0.0220338983050847,0.0210104906344058,0.0465844996866513,0.0191387559808612,0.0295339730367979,0.0531081895029805
"Adgrf3",0.102452219598491,0.0246150509650835,0.0285799345043168,0.0367829835436267,0.0483554246440844,0.0219848826060782,0.0376497432972048,0.0530817610062893,0.00737100737100737,0.025,0.0167322834645669,0.0251450676982592,0.0247408389585342,0.0257234726688103,0.0489690721649485,0.0426521653672279,0.0394057065676178,0,0.0392221853938791,0.060681447858473,0.0615186061518606,0.0343135216071206,0.0301787764474332,0.0568783068783069,0.0166320166320166,0.0592871389049733,0.0488612836438923,0.0383742763260836,0.0486336266790181,0.0481622306717364,0.0308266247791086,0.0287958115183246,0.028328611898017,0.0184361093452003,0.0390625,0.0584311347340634,0.0274828232354778,0.104763610315186,0.0340866290018832,0.055083136086029,0.0401086275329016,0.023419793502896,0.0512061698502376,0.133653187114462
"Adgrf5",0.0646600763861589,0.0191390153979614,0.0227002083953558,0.10619552562852,0.0327687776141384,0.0587638520368347,0.0270964061608671,0.0290817610062893,0.0221130221130221,0.0175,0.0147637795275591,0.0193423597678917,0.0314308100289296,0.022508038585209,0.0167525773195876,0.027271833846557,0.0361978726996455,0.00537634408602151,0.0285051375538615,0.0363128491620112,0.0374991037499104,0.0264941978954373,0.0411677874364442,0.0271164021164021,0.0166320166320166,0.0305603808788522,0.0271221532091097,0.0262478485370052,0.0335803612783696,0.017743979721166,0.022187315923817,0.0151832460732984,0.0424929178470255,0.0144628099173554,0.0078125,0.0337459422823101,0.0231105559025609,0.0387508265373595,0.0291902071563089,0.0611612752403495,0.0231878002924587,0.00956937799043062,0.0435835351089588,0.0830892890522774
"Adgrg1",0.101293670154465,0.0624593363695511,0.0303661804108366,0.0757370756112142,0.0547373588610702,0.0371022765279047,0.0322304620650314,0.0449308176100629,0.0491400491400491,0.0375,0.0196850393700787,0.00290135396518375,0.0363428158148505,0.0273311897106109,0.0231958762886598,0.0333322413680142,0.048826608137768,0.00537634408602151,0.0306043531101536,0.050846717877095,0.0532731053273105,0.0343967059019257,0.020501886173528,0.0558201058201058,0.0124740124740125,0.0564241137489545,0.0390614216701173,0.0311570959161321,0.0303381194997684,0.0221799746514575,0.0451600235617514,0.0267015706806283,0.0311614730878187,0.0786713286713287,0.0078125,0.0565761780758392,0.0268582136164897,0.081896076702667,0.0335216572504708,0.0394786826802256,0.04867349070399,0.0362629060690003,0.0833706991899082,0.131513905331589
"Adgrg3",0.113941385208578,0.016590761223162,0.050089312295326,0.0429816557062396,0.0440598919980363,0.0374924747486009,0.0367940673131774,0.044377358490566,0.0515970515970516,0.005,0.00492125984251968,0.00290135396518375,0.024680568948891,0.00803858520900321,0.0180412371134021,0.0379021162287886,0.0555124092520682,0.00537634408602151,0.0380068500718153,0.0562878258845438,0.0798738079873808,0.0326914278584203,0.0362473347547974,0.0283068783068783,0.0166320166320166,0.0456475583864119,0.0444444444444444,0.0334650289469567,0.0333487725798981,0.023447401774398,0.0192420969958767,0.0240837696335079,0.0141643059490085,0.0144628099173554,0.0390625,0.0511183248314487,0.0181136789506558,0.0696770994048931,0.0282485875706215,0.0317056778001812,0.0453311050762482,0.0453286325862503,0.139120557199653,0.150528589527904
"Adgrg5",0.159541370629079,0.0350791585339406,0.0334176838344745,0.0599100091249489,0.0825969563082965,0.0364668108541997,0.0507701083856246,0.120955974842767,0.0540540540540541,0.005,0.0255905511811024,0.0222437137330754,0.0389042912246866,0.0482315112540193,0.0412371134020619,0.0802266920002621,0.0984298497383083,0.010752688172043,0.0702684786211468,0.103613826815642,0.096651609665161,0.0608909037973631,0.062325733967525,0.0641534391534392,0.0415800415800416,0.124493341053851,0.068391994478951,0.0592434673759975,0.0636868920796665,0.0443599493029151,0.0634203809149814,0.0345549738219895,0.0113314447592068,0.0314685314685315,0.1484375,0.0896086754896015,0.0174890693316677,0.0881364337668063,0.0450094161958569,0.042722305017387,0.0129517443074995,0.234701586502141,0.111021433055331,0.197437015805762
"Adgrg6",0.0784455130291252,0.0375189763608762,0.0168204822863948,0.028318806834272,0.0351006381934217,0.0241142500390198,0.0276668568168853,0.0284276729559748,0.00982800982800983,0.0325,0.015748031496063,0.00676982591876209,0.0262777242044359,0.0144694533762058,0.0244845360824742,0.0359038196946865,0.0367043727840621,0.0376344086021505,0.0287261076124185,0.0374621741154562,0.0558543055854306,0.0332321257746537,0.0337871084139741,0.0297619047619048,0.0145530145530146,0.0299491732612752,0.0276742581090407,0.0276169613519011,0.0203798054654933,0.0209125475285171,0.0308266247791086,0.0267015706806283,0.0339943342776204,0.0416401780038144,0.0078125,0.0356365711839618,0.0306058713304185,0.0501294908529866,0.0269303201506591,0.0343356418573391,0.025903488614999,0.0110803324099723,0.0353630466624817,0.105177892703595
"Adgrl1",0.112014808605028,0.033181522446324,0.0229979160464424,0.0371920329756773,0.0447962690230731,0.0204463867644764,0.0405019965772961,0.0346666666666667,0.00982800982800983,0.0125,0.0265748031496063,0.0193423597678917,0.0370057859209257,0.0241157556270096,0.0115979381443299,0.0486142960099587,0.0469019078169846,0.0268817204301075,0.0360181195448017,0.0404591480446927,0.0688320068832007,0.0310277419623175,0.0378874856486797,0.0253968253968254,0.0135135135135135,0.0531750627292029,0.0343685300207039,0.0362423720857456,0.0423807318202872,0.0329531051964512,0.0276850579226389,0.00837696335078534,0.0453257790368272,0.0311506675143039,0,0.0443762708236721,0.0274828232354778,0.0541519726691646,0.0165725047080979,0.0431898541831039,0.042615416753708,0.0664819944598338,0.0628344244163453,0.141327600888944
"Adgrl2",0.123946566137552,0.116785946649317,0.0387764215540339,0.0802680847046978,0.0624693176239568,0.0573145443599634,0.0721620079863092,0.043874213836478,0.0196560196560197,0.055,0.0354330708661417,0.0154738878143133,0.0497227579556413,0.0241157556270096,0.0309278350515464,0.0714964292734063,0.050717541786257,0.010752688172043,0.0589990056347365,0.0495373603351955,0.141249014124901,0.0798569230129352,0.0477283910119731,0.0765873015873016,0.0405405405405405,0.036511612944734,0.0466528640441684,0.054197308715381,0.0590551181102362,0.0399239543726236,0.0488906342038092,0.0193717277486911,0.0113314447592068,0.0635727908455181,0.03125,0.0622123925373667,0.0337289194253592,0.101195724046727,0.0444444444444444,0.0711843604804068,0.0388552329224984,0.046839587005792,0.0487549696589245,0.177965397636405
"Adgrl4",0.0780732151178987,0.0263500325309044,0.0353527835665377,0.0735659670872534,0.0584192439862543,0.0305023523378448,0.0476326297775242,0.0346163522012579,0.00245700245700246,0.01,0.0127952755905512,0.011605415860735,0.0283269045323047,0.0241157556270096,0.0322164948453608,0.0408012841512154,0.0413304068884012,0.00537634408602151,0.0372334548668655,0.0500756517690875,0.0539901053990105,0.033689639396082,0.0334590782351976,0.0326719576719577,0.0218295218295218,0.0374123399601107,0.0337474120082816,0.0346385542168675,0.0393700787401575,0.0354879594423321,0.0341645395641076,0.0335078534031414,0.0198300283286119,0.019389701207883,0.0390625,0.0479791674098384,0.0387257963772642,0.0874614282565572,0.0331450094161959,0.0370240495602116,0.0304992688531439,0.042306723747167,0.0338684123994858,0.104295179346584
"Adgrv1",0.0458369022731,0.0183799609629148,0.0259005656445371,0.0240080551272773,0.0468826705940108,0.021906842961939,0.0154021677124929,0.0282767295597484,0.0171990171990172,0.005,0.00688976377952756,0.00773694390715667,0.0232039537126326,0.0160771704180064,0.0154639175257732,0.0244545633230689,0.0339017389836232,0.0161290322580645,0.0249696166169484,0.0339123603351955,0.0329103032910303,0.0223765753025829,0.0305068066262096,0.0252645502645503,0.0114345114345114,0.0261854210898797,0.0200828157349896,0.0204388984509466,0.0208429828624363,0.0183776932826362,0.0196347928529354,0.0109947643979058,0.0226628895184136,0.019389701207883,0.0078125,0.033638925552028,0.0118675827607745,0.0398115494820366,0.0195856873822976,0.0404430028345168,0.0210988092751201,0.0322336942835558,0.0337189489731863,0.0596818077969552
"Adipoq",0.0633427145464344,0.0174040338321405,0.0293242036320333,0.0337937761555646,0.0341188021600393,0.0206916542174853,0.0259555048488306,0.0374842767295597,0.00491400491400491,0.015,0.0216535433070866,0.02321083172147,0.0236861137897782,0.0209003215434084,0.0231958762886598,0.0287951254668152,0.0293094715515786,0.021505376344086,0.0260744669097337,0.0503957169459963,0.0334839033483903,0.0236659318720626,0.0285386255535509,0.0174603174603175,0.0207900207900208,0.0349675094898025,0.0309868875086266,0.028223282741355,0.0370541917554423,0.0342205323193916,0.0253288827802867,0.0293193717277487,0.0339943342776204,0.019389701207883,0,0.0406663575072236,0.0324797001873829,0.0425528983910073,0.0222222222222222,0.0448847199088279,0.0327971589722164,0.0347519516494586,0.0437031058499985,0.0782291731572061
"Adm2",0.0546028258192507,0.0320429407937541,0.0358737719559393,0.0465057738900601,0.0525282277859597,0.0592432384222614,0.0310895607529949,0.0549433962264151,0.0442260442260442,0.01,0.031496062992126,0.0145067698259188,0.0419780617164899,0.0192926045016077,0.0231958762886598,0.0336598309637686,0.0486915414485902,0.0537634408602151,0.0277317423489117,0.0583391527001862,0.0384312038431204,0.0335232708064717,0.0223060521567984,0.0637566137566138,0.0467775467775468,0.0499581805314289,0.036231884057971,0.033249882647473,0.0289485873089393,0.023447401774398,0.0272923620655802,0.0240837696335079,0.0084985835694051,0.0626191989828353,0,0.0425213141654479,0.0437226733291693,0.0459417015649107,0.0301318267419962,0.0527746120803016,0.0419887194485064,0.0332409972299169,0.0563477117149434,0.0750825596610381
"Agr2",0.0469433820791927,0.0204944697462589,0.0300684727597499,0.0276895000157327,0.0401325478645066,0.0232223683917144,0.0199657729606389,0.0324528301886792,0.0221130221130221,0.0075,0.0206692913385827,0.00483558994197292,0.0270913693346191,0.0241157556270096,0.0154639175257732,0.0292701303806591,0.0400472733412122,0.00537634408602151,0.0257430118218981,0.0483152932960894,0.0355632035563204,0.0199642307532338,0.038871576185009,0.0419312169312169,0.0218295218295218,0.0296918226854533,0.0271911663216011,0.0213386011578783,0.0312644742936545,0.0285171102661597,0.0235617514235225,0.0298429319371728,0.0056657223796034,0.208836617927527,0.0078125,0.0395248457175472,0.0312304809494066,0.036601829402689,0.0259887005649717,0.0390111335145086,0.0401086275329016,0.0130949383026945,0.0454368815950737,0.0644692296508609
"Ahi1",0.0565684546512506,0.0224463240078074,0.0241143197380173,0.0261162329693842,0.0471281296023564,0.0200673370643716,0.026811180832858,0.0417610062893082,0.0147420147420147,0.01,0.0265748031496063,0.0183752417794971,0.0249216489874638,0.0273311897106109,0.0283505154639175,0.0341348358776125,0.0394394732399122,0.021505376344086,0.0266268920561264,0.0541928538175047,0.0382878038287804,0.0253296177681654,0.0268984746596687,0.0435185185185185,0.0135135135135135,0.0463874412918999,0.0341614906832298,0.0294163667657644,0.0294117647058824,0.0228136882129278,0.0200274887099941,0.0240837696335079,0.0056657223796034,0.0152574698029243,0,0.0497271073377805,0.0574640849469082,0.0464789508485784,0.0354048964218456,0.033108325297332,0.0292458742427408,0.034248300176278,0.0469913012285894,0.0772218414439114
"Ahr",0.0762924335005637,0.0338863587074387,0.0256772849062221,0.0578332966237689,0.0562101129111438,0.0222078530179045,0.0735881346263548,0.0513710691823899,0.0442260442260442,0.035,0.0334645669291339,0.0212765957446809,0.0346853905496625,0.0209003215434084,0.0193298969072165,0.0422590578523226,0.0507850751308459,0,0.0513755386145177,0.0596776070763501,0.0532731053273105,0.0377240776941314,0.0464162702968673,0.0328042328042328,0.0197505197505198,0.0394389757447082,0.0500345065562457,0.0370638397746831,0.0414543770264011,0.0297845373891001,0.0404476732770469,0.0392670157068063,0.028328611898017,0.0309917355371901,0.015625,0.0614989476688189,0.0374765771392879,0.055997906105356,0.0250470809792844,0.028199059057304,0.0279924796323376,0.0110803324099723,0.065106268496099,0.102498598043492
"Aif1",0.125862728813515,0.0324224680112774,0.0469633819589163,0.0539945250306787,0.0781786941580756,0.0432674084149033,0.0416428978893326,0.201207547169811,0.00737100737100737,0.015,0.0206692913385827,0.00967117988394584,0.0399590163934426,0.0771704180064309,0.154639175257732,0.0608333879315993,0.100219483369914,0.0483870967741935,0.276433543254889,0.165299115456238,0.0801606080160608,0.0858046000915027,0.0441200590454322,0.13505291005291,0.0582120582120582,0.13076626133951,0.244789510006901,0.133742763260836,0.0914775358962483,0.166666666666667,0.218338896524642,0.074869109947644,0.0481586402266289,0.0289256198347107,0.0703125,0.250740199051118,0.0562148657089319,0.0765924619792815,0.0615819209039548,0.0635866865375062,0.0837685397952789,0.0690002518257366,0.128448868561863,0.177955012773382
"Akt1",0.441381303355107,0.175721101713294,0.149598094671033,0.128661779050376,0.076705940108002,0.0872037280652857,0.208499714774672,0.140477987421384,0.0663390663390663,0.1975,0.113188976377953,0.302707930367505,0.0927555448408872,0.218649517684887,0.168814432989691,0.393615278778746,0.157217626202938,0.0376344086021505,0.352336758369241,0.155449837057728,0.598838459883846,0.265149939691386,0.0670821715597835,0.0920634920634921,0.0602910602910603,0.137360869844946,0.211939268461008,0.214813800657174,0.133626679018064,0.0887198986058302,0.180443746318476,0.128795811518325,0.113314447592068,0.237921169739352,0.09375,0.165804587450505,0.0499687695190506,0.32511847035486,0.127118644067797,0.0765319540632945,0.0701900981825778,0.113825232938806,0.193375780946402,0.788657652605562
"Alcam",0.082535583088823,0.0380611581001952,0.0277612384638285,0.024354173877474,0.0375552282768778,0.019275792102388,0.0499144324015973,0.0470943396226415,0.00491400491400491,0.01,0.0334645669291339,0.00580270793036751,0.0247709739633558,0.0160771704180064,0.0167525773195876,0.0466651379152198,0.0341718723619787,0.010752688172043,0.0376753949839797,0.0360509776536313,0.131569513156951,0.0511999334525642,0.027882565195998,0.023015873015873,0.0187110187110187,0.0334877436788265,0.0370600414078675,0.0289860741667971,0.0412227883279296,0.0348542458808618,0.0408403691341056,0.0256544502617801,0.0028328611898017,0.0305149396058487,0.0078125,0.0318909856240859,0.00811992504684572,0.0703107780471677,0.039924670433145,0.0350954092516291,0.0394819302277,0.0277008310249307,0.0388903835231519,0.127401499574221
"Angpt1",0.0378390058864726,0.0113858165256994,0.0154807978565049,0.0164878386457317,0.0339960726558665,0.0156413743896185,0.0222475755847119,0.0186163522012579,0.0122850122850123,0.0175,0.00688976377952756,0.00870406189555126,0.0168454676952748,0.0192926045016077,0.0038659793814433,0.0165105156260237,0.0190106365017727,0,0.0130372334548669,0.0181127793296089,0.0266724026672403,0.0151395416545356,0.0141052976873872,0.0246031746031746,0.0135135135135135,0.0195586437624654,0.0161490683229814,0.0179158191206384,0.016211208893006,0.00950570342205323,0.012762615354408,0.0157068062827225,0.0028328611898017,0.0114431023521933,0.015625,0.0169799878714372,0.0118675827607745,0.0292869737712145,0.016195856873823,0.0206013851144034,0.0261123877167328,0.0176278015613196,0.029145368128419,0.0489230897044468
"Angpt2",0.0901741989737074,0.0172413793103448,0.0200952664483477,0.0637173153771121,0.0294550810014728,0.0210818524381815,0.0216771249286937,0.0267672955974843,0.0221130221130221,0.0075,0.0187007874015748,0.0367504835589942,0.0212150433944069,0.0466237942122186,0.0154639175257732,0.0339219026403721,0.0363667060611177,0,0.0313777483151033,0.0444599627560521,0.0551373055137305,0.0300711225720584,0.0145973429555519,0.0239417989417989,0.0145530145530146,0.0320401466898282,0.0345755693581781,0.0307268033171648,0.0321908290875405,0.0278833967046895,0.0168859218535244,0.0162303664921466,0.0056657223796034,0.0119198982835346,0.0625,0.0394891734741198,0.0131168019987508,0.0476361031518625,0.0250470809792844,0.0386604716402209,0.0185920200543138,0.0367665575421808,0.0474396915074881,0.113257316136
"Angptl1",0.0548319322261593,0.0274343960095424,0.035724918130396,0.0342972216103961,0.0478645066273932,0.0350955428214676,0.0362236166571592,0.0413584905660377,0.00737100737100737,0.02,0.0196850393700787,0.00580270793036751,0.126235535197686,0.0514469453376206,0.0219072164948454,0.0326606826967176,0.0398109066351511,0,0.0237542812948845,0.0523452048417132,0.0367104036710404,0.027201264401281,0.0611776283418074,0.053968253968254,0.0155925155925156,0.0395676510326192,0.0334023464458247,0.0308441558441558,0.0511811023622047,0.0310519645120406,0.034949931278225,0.0455497382198953,0.0906515580736544,0.0235219326128417,0.0703125,0.0525808868119716,0.0299812617114304,0.0387232752920432,0.0331450094161959,0.0477776803717016,0.0493001880091916,0.051372450264417,0.0588586972767764,0.0693605001350032
"Ankrd1",0.050218562305227,0.0105725439167209,0.0146621018160167,0.01214562159781,0.0191458026509573,0.0522754130526879,0.015687393040502,0.0118238993710692,0.00982800982800983,0.0125,0.0167322834645669,0.011605415860735,0.0191658630665381,0.00803858520900321,0.0103092783505155,0.0278123566795519,0.0139456356576059,0.00537634408602151,0.0175671196552867,0.0158723230912477,0.0352047035204704,0.033398494364264,0.0116450713465639,0.0103174603174603,0.0155925155925156,0.0127710223251625,0.011456176673568,0.0200868408699734,0.00856878184344604,0.0133079847908745,0.0170822697820538,0.00680628272251309,0.0028328611898017,0.00953591862682772,0,0.0141262083972461,0.0106183635227983,0.0319043420762618,0.0141242937853107,0.0147862423657988,0.00856486317108836,0.0163686728783682,0.0210444504229815,0.0716763245892787
"Ankrd42",0.0626215500610516,0.0259162871394491,0.0249330157785055,0.0309618954721374,0.0339960726558665,0.0198778122143192,0.0282373074729036,0.0348176100628931,0.0245700245700246,0.02,0.0324803149606299,0.00580270793036751,0.0300747348119576,0.00643086816720257,0.0141752577319588,0.0311701500360349,0.0295796049299342,0,0.0256325267926196,0.0526943668528864,0.0414426041442604,0.0235411554298548,0.0413318025258324,0.0529100529100529,0.0114345114345114,0.0425271826545712,0.0305728088336784,0.0270693162259427,0.031959240389069,0.0285171102661597,0.028863145493815,0.0387434554973822,0.028328611898017,0.02638270820089,0,0.0379195947633147,0.0206121174266084,0.0573616927485122,0.0274952919020716,0.0259489786972911,0.0392730311259662,0.0256862251322085,0.0362598272202792,0.0848131763142044
"Anxa1",0.28881205724536,0.691715463023205,0.0712265555224769,0.0660142852647808,0.115979381443299,0.0367232268278,0.126069594980034,0.0659119496855346,0.0196560196560197,0.0475,0.0383858267716535,0.129593810444874,0.1174662487946,0.0160771704180064,0.0270618556701031,0.357760597523423,0.0903596150599358,0.032258064516129,0.278422273781903,0.0616852886405959,0.447121244712124,0.313022501351745,0.0119731015253403,0.028968253968254,0.0738045738045738,0.0564241137489545,0.135541752933057,0.160323110624315,0.0308012968967114,0.0152091254752852,0.139996073041429,0.0246073298429319,0.028328611898017,0.102511125238398,0.0234375,0.0517247529697143,0.0174890693316677,0.25304441260745,0.111299435028249,0.0396247917945121,0.0200543137664508,0.0292117854444724,0.0639404537709622,0.615095436891187
"Anxa2",0.256760591615226,0.453318152244632,0.0793390890145877,0.106604575060571,0.0618556701030928,0.0595553969988183,0.210211066742727,0.0741132075471698,0.100737100737101,0.42,0.119094488188976,0.351063829787234,0.106286162005786,0.0739549839228296,0.0322164948453608,0.389422131953089,0.125071754178626,0.220430107526882,0.311678267594741,0.0702979515828678,0.445974044597404,0.395208584619224,0.023454157782516,0.0453703703703704,0.115384615384615,0.0658817474104098,0.169703243616287,0.188800657174151,0.0352014821676702,0.0278833967046895,0.215590025525231,0.0471204188481675,0.0396600566572238,0.0397329942784488,0.0390625,0.0695252024399814,0.0224859462835728,0.181245867313203,0.145951035781544,0.0701031530346863,0.0179653227491122,0.0493578443716948,0.0807102502017756,0.57278750493281
"Anxa4",0.200231189192426,0.0991108219475168,0.0686216135754689,0.065825493219219,0.0668875797741777,0.0671586880420968,0.108956075299487,0.123270440251572,0.0294840294840295,0.075,0.0344488188976378,0.0667311411992263,0.0759703471552555,0.0514469453376206,0.0309278350515464,0.164056869553823,0.109572851595475,0.00537634408602151,0.182742238426693,0.111702746741155,0.249874524987452,0.175269309154432,0.0185337051008693,0.0747354497354497,0.0187110187110187,0.0745029917004439,0.198964803312629,0.12408073853857,0.0643816581750811,0.0678073510773131,0.16100530139407,0.0335078534031414,0.0198300283286119,0.0953591862682772,0.015625,0.129846966075697,0.023735165521549,0.157785981926383,0.0854990583804143,0.0654276613775167,0.0156674326300397,0.0543943591035004,0.0994828565450034,0.339366938750078
"Apc",0.0319759646551298,0.0258620689655172,0.0145132479904734,0.0246688272867437,0.017427589592538,0.0173248009989074,0.0139760410724472,0.0246540880503145,0.0196560196560197,0.0175,0.0187007874015748,0.00773694390715667,0.0180207328833173,0.0112540192926045,0.0154639175257732,0.0201631396186857,0.0239743373290562,0.0161290322580645,0.0145840238647663,0.0221863361266294,0.0260988026098803,0.0134758557584328,0.0126291618828932,0.0116402116402116,0.0135135135135135,0.0211670848613524,0.0196687370600414,0.0182483179471131,0.0196850393700787,0.0164765525982256,0.0151187904967603,0.0115183246073298,0.0141643059490085,0.0212968849332486,0,0.0235436806620768,0.00624609618988132,0.0268900154286974,0.0137476459510358,0.0176792028286725,0.0338416544808857,0.0135985897758751,0.0245120019131319,0.0440006646312335
"Apoa1",0.0428116563091479,0.0162112340056387,0.015034236379875,0.0175261948963217,0.0227049582719686,0.0126201253093714,0.0142612664004564,0.0158490566037736,0.00982800982800983,0.0225,0.0147637795275591,0.0106382978723404,0.0159112825458052,0.00643086816720257,0.00644329896907216,0.0190493349931206,0.0201249366874894,0.00537634408602151,0.0141420837476522,0.0268418296089385,0.0249516024951602,0.0167616354032359,0.0104969657208463,0.00925925925925926,0.0103950103950104,0.0206845525316863,0.01608005521049,0.0133586293224847,0.0129689671144048,0.0126742712294043,0.0162968780679364,0.0193717277486911,0.0084985835694051,0.0114431023521933,0,0.0220097741946991,0.00999375390381012,0.0264767467489531,0.0128060263653484,0.0207767160515473,0.0114894505953624,0.0128431125661043,0.0235255432995546,0.0536585872432343
"Apoc1",0.115513888274178,0.0737909347213186,0.0613277761238464,0.0639061074226739,0.0775650466372116,0.030368570090749,0.04249857387336,0.0870440251572327,0.00245700245700246,0.025,0.0561023622047244,0.0338491295938104,0.0456545323047252,0.0257234726688103,0.0528350515463918,0.0527746838760401,0.0678710113118352,0.0645161290322581,0.0721467241188819,0.126236615456238,0.0681150068115007,0.0527388429064593,0.0493685419058553,0.0484126984126984,0.0207900207900208,0.0638229428038345,0.0837819185645273,0.0499726177437021,0.0650764242704956,0.0627376425855513,0.0508541134891027,0.0586387434554974,0.056657223796034,0.0332167832167832,0.03125,0.119930082402882,0.0824484697064335,0.083714458893542,0.0566854990583804,0.0797463545775985,0.0294547733444746,0.0385293376983128,0.100379637102801,0.146561571852867
"Apod",0.136031929101981,0.0362719583604424,0.0430187555820185,0.0916585381202605,0.0952380952380952,0.0381056433811233,0.0530519110096977,0.0684779874213837,0.0221130221130221,0.015,0.0511811023622047,0.0203094777562863,0.370118129218901,0.0257234726688103,0.0322164948453608,0.0579833584485357,0.067398277899713,0.0268817204301075,0.0576731852833941,0.0886144087523277,0.0799455079945508,0.0962858212369505,0.0474003608331967,0.0531746031746032,0.0395010395010395,0.0669433185356752,0.0566597653554175,0.0758488499452355,0.0653080129689671,0.0462610899873257,0.0626349892008639,0.0350785340314136,0.0623229461756374,0.0363954227590591,0.0078125,0.087361324153676,0.0206121174266084,0.123787745206083,0.055743879472693,0.0876070249262149,0.0601629412993524,0.0616973054646185,0.0646578782172002,0.170062516875402
"Apoe",0.0926501102574583,0.0500433745391455,0.0392974099434355,0.105849406878324,0.0969563082965145,0.0801021204486165,0.0715915573302909,0.342540880503145,0.0540540540540541,0.05,0.0295275590551181,0.0618955512572534,0.122046769527483,0.130225080385852,0.0721649484536082,0.0749688789884033,0.10960661826777,0.0161290322580645,0.704231576621368,0.622032122905028,0.0874740087474009,0.132055068003161,0.110710185337051,0.196693121693122,0.0935550935550936,0.206845525316863,1.10579710144928,0.268756845564074,0.0384437239462714,0.150823827629911,0.76889848812095,0.109947643979058,0.0453257790368272,0.0734265734265734,0.078125,1.05336567616737,0.0580886945658963,0.0931232091690544,0.0726930320150659,0.101604278074866,0.0557760601629413,0.121631830773105,0.0977490807999283,0.174611086879764
"App",0.0858003493872705,0.174962047278248,0.0401905328966954,0.103174852899531,0.0613647520864016,0.0473366184307342,0.0501996577296064,0.0863396226415094,0.0196560196560197,0.0675,0.0728346456692913,0.0415860735009671,0.119425024108004,0.00482315112540193,0.0180412371134021,0.0792111642534233,0.0832686138781023,0.0376344086021505,0.147828969174677,0.0680574953445065,0.167347816734782,0.139915983862247,0.029358701000492,0.0451058201058201,0.0155925155925156,0.0353857041755131,0.185990338164251,0.0902245345016429,0.0252431681333951,0.0424588086185044,0.169251914392303,0.0178010471204188,0.0651558073654391,0.418785759694851,0.0078125,0.122320122712517,0.0349781386633354,0.0893762398060392,0.0732580037664783,0.044797054440256,0.0240233966993942,0.0143540669856459,0.0342570173078648,0.160228051592
"Aqp3",0.218325388374412,0.951149425287356,0.0576064304852635,0.0447437147981498,0.0580510554737359,0.0300118174318268,0.0567598402738163,0.0527798742138365,0.0171990171990172,0.0275,0.15748031496063,0.0435203094777563,0.0375482160077146,0.0144694533762058,0.0425257731958763,0.0799318613640831,0.0998142833023806,0.198924731182796,0.0518174787316319,0.0649150372439479,0.124542912454291,0.0858877843863079,0.0521567984254551,0.0506613756613757,0.0353430353430353,0.0595444894807952,0.0530020703933747,0.0509896729776248,0.0451597962019453,0.0392902408111534,0.0394659336344002,0.0575916230366492,0.0226628895184136,0.0244755244755245,0.015625,0.0603574358791424,0.0256089943785134,0.117781573727132,0.0355932203389831,0.071681131468981,0.0323793607687487,0.0526315789473684,0.0877948166083759,0.274814630195028
"Ar",0.0387684489235904,0.0215246150509651,0.026347127121167,0.0351153204744973,0.0417280314187531,0.0502017882227028,0.0188248716486024,0.0282264150943396,0.0147420147420147,0.0175,0.0147637795275591,0.0135396518375242,0.0390549662487946,0.022508038585209,0.0103092783505155,0.0255028500294831,0.0374134729022455,0.0161290322580645,0.0227599160313777,0.031584613594041,0.0272460027246003,0.0199226386058312,0.0341151385927505,0.0277777777777778,0.0145530145530146,0.0317506272920286,0.0205659075224293,0.0228055077452668,0.0220009263547939,0.0183776932826362,0.0212055762811702,0.0214659685863874,0,0.0232040686586141,0.015625,0.0362073270788,0.0231105559025609,0.0264905223716112,0.0233521657250471,0.0667134215832384,0.0238144975976603,0.0274490052883405,0.0464532328939109,0.0509481379940599
"Areg",0.0882788641529181,0.0674474083712861,0.0173414706757964,0.0197287687612095,0.0346097201767305,0.0219402885237129,0.100684540787222,0.024,0.0221130221130221,0.015,0.00688976377952756,0.0212765957446809,0.0206726133076181,0.00964630225080386,0.00644329896907216,0.0428159601651052,0.0257639709606618,0.021505376344086,0.0265164070268479,0.0246159217877095,0.0701226070122607,0.0397620929168573,0.0313268820731507,0.0353174603174603,0.0166320166320166,0.0210384095734414,0.0211870255348516,0.0265803473634799,0.0180639184807781,0.00633713561470215,0.0174749656391125,0.0209424083769634,0.0311614730878187,0.0150985378258106,0.0234375,0.0269682160311062,0.0131168019987508,0.0508595988538682,0.0346516007532957,0.0180298647029602,0.0119072487988302,0.0201460589272224,0.0362598272202792,0.122530998816126
"Arf1",0.215232451881146,0.24343960095424,0.105537362310211,0.0980774676693622,0.0807560137457045,0.102008963410555,0.138904734740445,0.118993710691824,0.0491400491400491,0.1225,0.0816929133858268,0.115087040618956,0.0807618129218901,0.107717041800643,0.22680412371134,0.189936447618424,0.113726152287692,0.0537634408602151,0.196994807203624,0.136580540037244,0.228436222843622,0.159006779520027,0.0592094472691488,0.0760582010582011,0.0810810810810811,0.165251238499646,0.18088336783989,0.157624002503521,0.164196387216304,0.166032953105196,0.150402513253485,0.109424083769634,0.0481586402266289,0.28766687857597,0.046875,0.142296579031855,0.070580886945659,0.168324333259863,0.0681732580037665,0.0794833581718828,0.0877376227282223,0.115084361621758,0.142588108689804,0.367032213845099
"Arg1",0.109564932140244,0.191878117545001,0.0706311402203037,0.0482992983228973,0.0472508591065292,0.0292648665522085,0.137478608100399,0.167345911949686,0.058968058968059,0.0725,0.0255905511811024,0.0377176015473888,0.0286282545805207,0.0321543408360129,0.0554123711340206,0.079817205005569,1.3070065845011,0.021505376344086,0.759363606231356,0.247192155493482,0.122463612246361,0.235369962151146,0.0444480892242086,0.0728835978835979,0.079002079002079,0.0917133114585344,3.04734299516908,0.189289626036614,0.0831403427512737,0.0861850443599493,0.763793441979187,0.0680628272251309,0.0254957507082153,0.0630959949141767,0.0859375,0.14386615774266,0.00687070580886946,0.106678421864668,0.507721280602637,0.0498816516174279,0.0555671610612074,0.0695039032989171,0.110005081756494,0.226535401998048
"Arhgdib",0.052426314953619,0.0158317067881154,0.0471866626972313,0.0282244108114911,0.0537555228276878,0.0280831233695289,0.0413576725613234,0.0534842767295598,0.00982800982800983,0.0275,0.0078740157480315,0.0212765957446809,0.0210945033751205,0.122186495176849,0.192010309278351,0.037640044552185,0.0326523721087287,0.00537634408602151,0.0703789636504254,0.0571316340782123,0.0433785043378504,0.0337312315434846,0.0431359685091028,0.0111111111111111,0.0249480249480249,0.0924853631860001,0.0731538992408558,0.0488382099827883,0.0849930523390459,0.0830164765525982,0.0761829962693894,0.0633507853403141,0.028328611898017,0.0143038779402416,0.0390625,0.0612492419648272,0.0580886945658963,0.0487794798324884,0.0265536723163842,0.0332836562344759,0.0405264257363693,0.0888944850163687,0.0602038681134726,0.0781772488420878
"Arid5b",0.0707131717959599,0.0529711559314682,0.0359481988687109,0.0533022875302854,0.0501963672066765,0.0391981983990724,0.0444951511694238,0.0486540880503145,0.0491400491400491,0.0125,0.0187007874015748,0.0125725338491296,0.0590947444551591,0.0514469453376206,0.029639175257732,0.0445030465832405,0.0474421745736958,0.00537634408602151,0.0446359518285272,0.0550803072625698,0.0536316053631605,0.0441292683941272,0.0521567984254551,0.0615079365079365,0.0114345114345114,0.0414977803512835,0.0465148378191856,0.0391175089970271,0.0435386753126447,0.0399239543726236,0.0339681916355782,0.0308900523560209,0.0254957507082153,0.0414812460267006,0.0859375,0.0507616023971748,0.0868207370393504,0.0585188450517963,0.039924670433145,0.053096052131732,0.054731564654272,0.023419793502896,0.047469584192748,0.0975554032442312
"Atf3",0.0773702750057927,0.0252114508783344,0.0329711223578446,0.0441773386614644,0.0474963181148748,0.0307364712702624,0.0476326297775242,0.0543899371069182,0.0368550368550369,0.015,0.0452755905511811,0.0212765957446809,0.030195274831244,0.0160771704180064,0.0193298969072165,0.0320874009041473,0.0532500422083404,0.0268817204301075,0.0426472213015136,0.0689158519553073,0.0564996056499606,0.0586449278376243,0.0390355912743972,0.0236772486772487,0.0166320166320166,0.0428488708743486,0.0557625948930297,0.0424620560162729,0.032422417786012,0.026615969581749,0.0583153347732181,0.0235602094240838,0.0113314447592068,0.0268595041322314,0.078125,0.0495844183640709,0.018738288569644,0.0537524796120785,0.0612052730696798,0.0358259548230619,0.0584917484854815,0.018886930244271,0.0530595163363525,0.103474775167716
"Atg12",0.0518249106354839,0.034265885924962,0.0285799345043168,0.038545042635537,0.0484781541482572,0.0295212825258088,0.0362236166571592,0.0432704402515723,0.0122850122850123,0.03,0.0265748031496063,0.011605415860735,0.033208775313404,0.00964630225080386,0.0322164948453608,0.0362150298106532,0.0435590072598345,0.0483870967741935,0.0361286045740802,0.0556476955307263,0.0406539040653904,0.0313188869941355,0.0393636214531737,0.0328042328042328,0.0218295218295218,0.0494113105578074,0.0399585921325052,0.0354795806603036,0.0490968040759611,0.0342205323193916,0.0302375809935205,0.025130890052356,0.0113314447592068,0.0405276541640178,0.0234375,0.0469446723504441,0.0168644597126796,0.0446192417897289,0.0290018832391714,0.0426930831945297,0.0246500940045958,0.0372702090153614,0.0472304427106687,0.0756433422643155
"Atg5",0.0679014113475362,0.0463565387117762,0.0299196189342066,0.0278782920612945,0.0339960726558665,0.0305915405025753,0.0308043354249857,0.0401509433962264,0.00245700245700246,0.015,0.0265748031496063,0.0164410058027079,0.0240477338476374,0.0337620578778135,0.0283505154639175,0.0369684858808884,0.0398109066351511,0.021505376344086,0.0414318859794498,0.0473405493482309,0.0568581056858106,0.0340639687227052,0.0157454485812695,0.0154761904761905,0.0218295218295218,0.0396963263205301,0.0485162180814355,0.0358511969957753,0.0611394163964799,0.0424588086185044,0.031612016493226,0.0319371727748691,0.0113314447592068,0.0468849332485696,0.046875,0.0456247993436307,0.0474703310430981,0.0473192638307251,0.0288135593220339,0.0412904356973788,0.0217255065803217,0.0249307479224377,0.042806325292201,0.093899931459904
"Atm",0.0519264464294548,0.0191390153979614,0.0168204822863948,0.0189421352380353,0.0239322533136966,0.0188075542375527,0.0256702795208214,0.0211823899371069,0.0147420147420147,0.01,0.015748031496063,0.0135396518375242,0.0191959980713597,0.00803858520900321,0.0257731958762887,0.0250606040752146,0.0255613709268952,0.021505376344086,0.0207711855043642,0.0257216014897579,0.0300423030042303,0.0278667387597222,0.0131212071510579,0.0141534391534392,0.00623700623700624,0.0336807566106929,0.0195307108350587,0.0212212486308872,0.0273274664196387,0.0126742712294043,0.0182603573532299,0.0204188481675393,0.0169971671388102,0.0290845518118245,0,0.0233296472015125,0.00624609618988132,0.0361334582323121,0.0129943502824859,0.016597995382952,0.0135784416127011,0.0198942331906321,0.0344961587899441,0.0704405258894635
"Atp5e",0.211514679732674,0.252819345044459,0.164855611789223,0.125546710298606,0.0726558664702995,0.809115030435461,0.190530519110097,0.137207547169811,0.0614250614250614,0.1225,0.16240157480315,0.295938104448743,0.218991080038573,0.141479099678457,0.287371134020619,0.25553626416825,0.11811581968597,0.0860215053763441,0.239642028505138,0.13051385009311,0.289452928945293,0.192987563947927,0.0728226996883713,0.0708994708994709,0.11018711018711,0.157241201827189,0.224913733609386,0.189504772336098,0.200092635479389,0.157160963244613,0.250932652660514,0.102094240837696,0.0453257790368272,0.362841703750795,0.03125,0.141155067242179,0.0762023735165522,0.178945338329292,0.0854990583804143,0.133952835977908,0.065385418842699,0.115084361621758,0.121872477804681,0.415820300330239
"Atr",0.0758238067591597,0.0324766861852093,0.0282822268532301,0.0327554199049747,0.054246440844379,0.0297219558964525,0.0370792926411865,0.0368805031446541,0.0196560196560197,0.0175,0.0137795275590551,0.0154738878143133,0.031852700096432,0.0401929260450161,0.0412371134020619,0.0414237043831488,0.0340705723450954,0.032258064516129,0.032151143520053,0.0468168063314711,0.0475371047537105,0.0348958116707566,0.040347711989503,0.0337301587301587,0.0228690228690229,0.0421089879688606,0.0329192546583851,0.0298466593647317,0.0486336266790181,0.0215462610899873,0.0331827999214608,0.0136125654450262,0.0113314447592068,0.0322631913541004,0.046875,0.0420932472443192,0.0174890693316677,0.0485177430019837,0.0303201506591337,0.0435405160573917,0.0449133068727804,0.0327373457567363,0.0506083161450393,0.10309053523584
"Axl",0.20667480688673,0.0431034482758621,0.047037808871688,0.0630880085585727,0.0644329896907216,0.0384289504782715,0.110667427267541,0.114666666666667,0.0565110565110565,0.095,0.0433070866141732,0.0822050290135397,0.189308100289296,0.0659163987138264,0.0451030927835052,0.141191115770163,0.0749957791659632,0.00537634408602151,0.180863992928958,0.0918441573556797,0.190793719079372,0.23640976583621,0.0467443004756438,0.032010582010582,0.0395010395010395,0.107636878337515,0.0959972394755003,0.143874198091066,0.0470125057897175,0.0659062103929024,0.141174160612606,0.025130890052356,0.0594900849858357,0.0449777495232041,0,0.14072700032105,0.0174890693316677,0.145029755344942,0.0653483992467043,0.0677946290289588,0.0503446835178609,0.0727776378745908,0.0916808656921651,0.336199555527863
"Azgp1",0.083639459413019,0.0220125786163522,0.0289520690681751,0.0248576193323055,0.0436917034855179,0.0227095364445138,0.0339418140330861,0.0341132075471698,0.0221130221130221,0.0025,0.00393700787401575,0.0145067698259188,0.0212753134040501,0.0144694533762058,0.0167525773195876,0.039523684727773,0.0314030052338342,0.010752688172043,0.0296099878466468,0.0427432495344507,0.0509070050907005,0.0328993885954332,0.0375594554699032,0.0419312169312169,0.027027027027027,0.0394068069227305,0.0376811594202899,0.0262869660460022,0.0287169986104678,0.0367553865652725,0.0227763597094051,0.0225130890052356,0.0368271954674221,0.164653528289892,0.0078125,0.04344879249456,0.0249843847595253,0.0613152964513996,0.0312617702448211,0.0280821717658748,0.027365782327136,0.0480987156887434,0.0550922189340268,0.105260971607784
"B2m",0.524244925162913,0.0783994795055303,0.17281929145579,0.261067933671061,0.11647029945999,0.118152021226783,0.575869937250428,0.346616352201258,0.14004914004914,0.355,0.0511811023622047,0.130560928433269,0.121534474445516,0.157556270096463,0.481958762886598,0.72346524274389,0.28218808036468,0.0268817204301075,1.09225499944757,0.34874010707635,1.37398723739872,1.09657696626877,0.110710185337051,0.120238095238095,0.173596673596674,0.380396319886766,1.05824706694272,0.682326709435143,0.321445113478462,0.348542458808619,0.720204201845671,0.302094240837696,0.138810198300283,0.238080101716465,0.3046875,0.444333464131559,0.134915677701437,0.626873484681508,0.312617702448211,0.0751877502118582,0.0873198245247545,0.226643162931252,0.186500463336622,1.20005400128772
"Bag3",0.0833660938138667,0.075797007156799,0.0344596606132778,0.0480161102545546,0.0310505645557192,0.132366384980713,0.0405019965772961,0.0307924528301887,0.00737100737100737,0.06,0.0364173228346457,0.0667311411992263,0.0658449855351977,0.00643086816720257,0.0167525773195876,0.0433073445587368,0.0496370082728347,0.010752688172043,0.0527013589658601,0.0538291433891993,0.0739944073994407,0.0570644262363266,0.0355912743972445,0.0529100529100529,0.0124740124740125,0.0363186000128675,0.0401656314699793,0.0401150054764513,0.031496062992126,0.0335868187579214,0.0422148046338111,0.0183246073298429,0.0311614730878187,0.0634138588684043,0.015625,0.0372061498947669,0.0455965021861337,0.0564249504077584,0.0244821092278719,0.0429268577773882,0.0119072487988302,0.018886930244271,0.0447194571488357,0.120090556005566
"Bax",0.26277984176037,0.137659943613099,0.101667162846085,0.157389635316699,0.0822287677957781,0.064003656714754,0.120365088419852,0.149081761006289,0.0122850122850123,0.035,0.102362204724409,0.0676982591876209,0.0990537608486017,0.139871382636656,0.161082474226804,0.142566992072332,0.130069221678204,0.0483870967741935,0.176444591757817,0.205438198324022,0.183121818312182,0.123611862080439,0.103985566672134,0.107671957671958,0.0686070686070686,0.180949623624783,0.201587301587302,0.136754811453607,0.137332098193608,0.140684410646388,0.154525819752602,0.140837696335079,0.0509915014164306,0.10092180546726,0.1796875,0.191131880283951,0.0974391005621487,0.182761185805598,0.0952919020715631,0.112182577949212,0.0814706496762064,0.111306975572904,0.189400053806833,0.369856896587534
"Bbln",0.203993220533141,0.120798091520278,0.0745757665972016,0.0785374909537145,0.0840697103583702,0.0647171620325983,0.0915573302909298,0.083622641509434,0.0712530712530713,0.0525,0.0511811023622047,0.074468085106383,0.0687379459980714,0.0466237942122186,0.0760309278350515,0.10425538884885,0.0817828802971467,0.0537634408602151,0.0930283946525246,0.0984927839851024,0.208001720800172,0.0998211537661689,0.0687223224536657,0.0755291005291005,0.0602910602910603,0.107090008363894,0.0856452726017943,0.0871538100453763,0.103288559518296,0.0956907477820025,0.0748085607696839,0.0654450261780105,0.0481586402266289,0.10886840432295,0.046875,0.0941747226483074,0.0655840099937539,0.137287855411065,0.0726930320150659,0.0807398965547471,0.076039273031126,0.0795769327625283,0.115804262696918,0.281440172804121
"Bcl2",0.133006683138029,0.040392539579267,0.0742036320333433,0.0556307227588811,0.0568237604320079,0.0345158197507191,0.0610382201939532,0.062188679245283,0.0245700245700246,0.1075,0.0383858267716535,0.0154738878143133,0.053519768563163,0.0192926045016077,0.0734536082474227,0.0860414073249034,0.0630423771737295,0,0.0549110595514308,0.101213337988827,0.103749910374991,0.0608493116499605,0.0847958012137117,0.0365079365079365,0.0956340956340956,0.133950974715306,0.0518288474810214,0.062196839305273,0.10398332561371,0.0842839036755387,0.0532102886314549,0.056020942408377,0.0708215297450425,0.0308328035600763,0.078125,0.0638176434915992,0.133041848844472,0.102862574388362,0.0184557438794727,0.0370824932059262,0.125339461040318,0.103500377738605,0.0857621140107016,0.189316052921262
"Bcl2l1",0.175490300728194,0.0965083495987855,0.0543316463233105,0.124036373934112,0.078546882670594,0.0627884679703003,0.102966343411295,0.0803522012578616,0.125307125307125,0.0825,0.031496062992126,0.0251450676982592,0.0700036162005786,0.0401929260450161,0.0347938144329897,0.0901526567516216,0.0827958804659801,0.0806451612903226,0.0994365263506795,0.10872032122905,0.139671613967161,0.099530008734351,0.0350992291290799,0.0784391534391534,0.0187110187110187,0.136106285787814,0.120496894409938,0.0828900015647004,0.0995831403427513,0.0716096324461343,0.0803063027685058,0.0570680628272251,0.0084985835694051,0.0697711379529561,0.0390625,0.114650590375629,0.0637101811367895,0.108138637866432,0.0934086629001883,0.140440080652231,0.0919156047628995,0.0634600856207504,0.119959345948047,0.243649656261034
"Becn1",0.150049075633753,0.122641509433962,0.0552247692765704,0.0686888392435732,0.0697103583701522,0.0440923989386608,0.0462065031374786,0.0830691823899371,0.00737100737100737,0.0525,0.0561023622047244,0.0531914893617021,0.0595166345226615,0.0418006430868167,0.047680412371134,0.0733636899692066,0.0694580449096742,0.0268817204301075,0.0752403049386808,0.0989583333333333,0.094930809493081,0.0569396497941189,0.062325733967525,0.0634920634920635,0.0363825363825364,0.0775590297883292,0.0812974465148378,0.0652871225160382,0.0724872626215841,0.0576679340937896,0.0645984684861575,0.0958115183246073,0.028328611898017,0.0824856961220598,0.0859375,0.0804409089287625,0.0499687695190506,0.0970768128719418,0.0468926553672316,0.0704830367318313,0.0645498224357635,0.0672374716696046,0.105491286282247,0.202214052796644
"Best1",0.06361347666369,0.0146389069616135,0.0149598094671033,0.0207356596708725,0.0301914580265096,0.0142924033980691,0.0208214489446663,0.0265660377358491,0.0245700245700246,0.0075,0.0118110236220472,0.0106382978723404,0.0223300385728062,0.0160771704180064,0.00515463917525773,0.0203760728559261,0.0246834374472396,0,0.0177880897138438,0.0336359404096834,0.0279630027963003,0.0213783637649212,0.0350992291290799,0.0408730158730159,0.0197505197505198,0.0269253039953677,0.0216011042097999,0.02026286966046,0.0220009263547939,0.0228136882129278,0.0166895739249951,0.00628272251308901,0.028328611898017,0.013191354100445,0.015625,0.032354724788642,0.0174890693316677,0.0332405774741018,0.0137476459510358,0.0166272172058093,0.034886149989555,0.0201460589272224,0.0431052521448002,0.0786964919932706
"Bgn",0.105940885340054,0.0251030145304706,0.0442840130991366,0.114282118246751,0.0817378497790869,0.066355994559522,0.0570450656018254,0.0574591194968553,0.0221130221130221,0.0225,0.0226377952755906,0.034816247582205,0.350229026036644,0.0321543408360129,0.0322164948453608,0.0605221778156326,0.128414654735776,0.0591397849462366,0.0623135565130925,0.0804091014897579,0.0881910088191009,0.0634280247889198,0.0588814170903723,0.0936507936507937,0.0904365904365904,0.0613137746895709,0.0906142167011732,0.339168361758723,0.070634553033812,0.0690747782002535,0.0628313371293933,0.0586387434554974,0.0424929178470255,0.0591226954863319,0.015625,0.0942103948917347,0.0412242348532167,0.0585877231650871,0.0549905838041431,0.089126559714795,0.0472111969918529,0.0370183832787711,0.0618180731175081,0.145678858495856
"Bid",0.0488621482370522,0.0225547603556712,0.0323012801428997,0.0265567477423618,0.0368188512518409,0.0201676737496934,0.0191100969766115,0.0283270440251572,0.00737100737100737,0.01,0.0078740157480315,0.00870406189555126,0.0217574734811958,0.0112540192926045,0.0438144329896907,0.0239467994496495,0.0215769035961506,0.021505376344086,0.0262954369682908,0.0430633147113594,0.0377859037785904,0.026910119369463,0.0298507462686567,0.0349206349206349,0.0187110187110187,0.0338094318986039,0.0306418219461698,0.0271084337349398,0.039601667438629,0.0335868187579214,0.0296485372079325,0.025130890052356,0.0339943342776204,0.0192307692307692,0,0.035565226697107,0.0162398500936914,0.0379518404231871,0.0154425612052731,0.026971742497297,0.0344683517860873,0.0377738604885419,0.0517143454996562,0.0665669719816396
"Birc5",0.201608431115774,0.063597918022121,0.0721941053885085,0.0549384852584878,0.0576828669612175,0.0242145867243417,0.0530519110096977,0.0732578616352201,0.00982800982800983,0.08,0.031496062992126,0.0454545454545455,0.0293816297010608,0.0482315112540193,0.086340206185567,0.104189870929699,0.0617254769542462,0.134408602150538,0.0763451552314661,0.0909421554934823,0.098659209865921,0.0770702491369629,0.0390355912743972,0.062962962962963,0.0187110187110187,0.125394068069227,0.0684610075914424,0.0868213112189016,0.108151922186197,0.0747782002534854,0.0371097584920479,0.0612565445026178,0.0198300283286119,0.027972027972028,0.0546875,0.0797274640602147,0.028107432854466,0.107491183601499,0.0414312617702448,0.038572806171649,0.0511802799247963,0.115588013094938,0.123247541326637,0.289197665482792
"Blk",0.105422792442613,0.0427781392322707,0.065123548675201,0.0637802460589661,0.0932744231713304,0.0724542353229726,0.0442099258414147,0.052125786163522,0.0221130221130221,0.0325,0.0236220472440945,0.0106382978723404,0.0634643201542912,0.067524115755627,0.0798969072164948,0.0660256830243071,0.0600709100118183,0.0161290322580645,0.0413214009501712,0.077383030726257,0.0617337061733706,0.0417585159921807,0.0605215679842546,0.0662698412698413,0.0343035343035343,0.0741169658367111,0.0532781228433402,0.0499139414802065,0.0697081982399259,0.0361216730038023,0.0430001963479285,0.0209424083769634,0.0481586402266289,0.0375079465988557,0.0078125,0.0711661256376414,0.0137414116177389,0.0634229667180957,0.0331450094161959,0.102656263697729,0.0336327553791519,0.0277008310249307,0.0710549128628225,0.131264668619021
"Bmp1",0.0689323901786249,0.0209824333116461,0.011759452217922,0.0241968471728391,0.0135002454590083,0.0161207607750452,0.0328009127210496,0.0159496855345912,0.00491400491400491,0.01,0.00885826771653543,0.00483558994197292,0.0675325458052073,0.00643086816720257,0.00515463917525773,0.0455677127694424,0.0247847374641229,0.010752688172043,0.02861562258314,0.014883030726257,0.111852011185201,0.0341887451649129,0.0145973429555519,0.0115079365079365,0.0207900207900208,0.0153445280833816,0.0193236714975845,0.0423055859802848,0.0127373784159333,0.0107731305449937,0.0168859218535244,0.0130890052356021,0.0028328611898017,0.0117609663064209,0.0234375,0.0201191452930475,0.00936914428482199,0.045390676658585,0.0145009416195857,0.0271762952572982,0.00981825778149154,0.0113321581465626,0.019430245418946,0.11592622593308
"Bmp2",0.0550219864046175,0.0476577748861418,0.0310360226257815,0.050627733551493,0.0438144329896907,0.0300118174318268,0.0308043354249857,0.0396981132075472,0.00982800982800983,0.015,0.0167322834645669,0.00967117988394584,0.0461065573770492,0.0128617363344051,0.0193298969072165,0.0255356089890585,0.0316731386121898,0.0645161290322581,0.02032924538725,0.0386696927374302,0.0499032049903205,0.0268685272220605,0.0383795309168444,0.0251322751322751,0.0436590436590437,0.0271504857492119,0.0341614906832298,0.02749960882491,0.0224641037517369,0.0291508238276299,0.0286667975652857,0.00942408376963351,0.0538243626062323,0.0224094087730451,0.0546875,0.0466949666464524,0.0243597751405372,0.03822735287635,0.0335216572504708,0.0597878495660559,0.0146229371213704,0.0445731553764795,0.0500403551251009,0.0714063181506636
"Bmp3",0.0816712270991224,0.0271633051398829,0.020913962488836,0.0254554608099179,0.0471281296023564,0.0220852192914,0.0342270393610953,0.0327044025157233,0.00982800982800983,0.0025,0.0334645669291339,0.0154738878143133,0.0322143201542912,0.0176848874598071,0.0103092783505155,0.0388357465766887,0.0397433732905622,0,0.0259639818804552,0.0364874301675978,0.0580053058005306,0.0310277419623175,0.0442840741348204,0.0228835978835979,0.0135135135135135,0.0288876021360098,0.0291235334713596,0.0284775465498357,0.0245484020379805,0.0158428390367554,0.0239544472805812,0.0272251308900524,0.0538243626062323,0.0173235855054037,0,0.0416651803231905,0.0124921923797626,0.0559565792373815,0.027683615819209,0.0381344788287893,0.0365573428034259,0.0355074288592294,0.0506979942008191,0.104741728456602
"Bmp4",0.0350923324854661,0.0231511602689221,0.0288776421554034,0.0587143261697241,0.0526509572901325,0.131184641798033,0.0185396463205933,0.0325031446540881,0.0221130221130221,0.0075,0.0374015748031496,0.0212765957446809,0.0746444069431051,0.0192926045016077,0.0167525773195876,0.0203596933761384,0.042681073780179,0,0.0192243950944647,0.0342615223463687,0.0290385029038503,0.0293224639188121,0.0223060521567984,0.0465608465608466,0.0124740124740125,0.0205880460657531,0.0243616287094548,0.0229619777812549,0.0247799907364521,0.0310519645120406,0.0290594934223444,0.0209424083769634,0.0028328611898017,0.0300381436745073,0.015625,0.0287518282024757,0.0124921923797626,0.0304716773198149,0.0340866290018832,0.109318839309196,0.016711928138709,0.0269453538151599,0.0297731145188772,0.0445718320975346
"Bmp5",0.0758836868427835,0.0151268705270007,0.0226257814825841,0.0241653818319121,0.0393961708394698,0.0207028027380767,0.0151169423844837,0.0199748427672956,0.027027027027027,0.01,0.0285433070866142,0.0106382978723404,0.0562921890067502,0.022508038585209,0.0128865979381443,0.0276649413614624,0.0408576734762789,0,0.0205502154458071,0.0275547020484171,0.0437370043737004,0.0263278293058271,0.0349352140396917,0.0222222222222222,0.0207900207900208,0.026635784597568,0.0182194616977226,0.0221991863558129,0.0273274664196387,0.0240811153358682,0.0192420969958767,0.0235602094240838,0.0254957507082153,0.0143038779402416,0.015625,0.0260764099454215,0.0430980637101811,0.0432967820145471,0.0242937853107345,0.0298647029601707,0.044077710465845,0.023419793502896,0.0297133291483574,0.0941699378985191
"Bmp7",0.0884454869943062,0.08409238776838,0.0279845192021435,0.0400239136591045,0.0495827196858125,0.0285402127137729,0.0479178551055334,0.0337610062893082,0.0245700245700246,0.045,0.0728346456692913,0.0473887814313346,0.0364030858244937,0.00964630225080386,0.0270618556701031,0.0629790997837909,0.0431875738645956,0.102150537634409,0.0394431554524362,0.0514141061452514,0.0661074066107407,0.0576467162999626,0.0560931605707725,0.0236772486772487,0.0415800415800416,0.0636942675159236,0.0366459627329193,0.0403105930214364,0.0303381194997684,0.0392902408111534,0.0286667975652857,0.0492146596858639,0.0141643059490085,0.0540368722186904,0.0234375,0.0428423643562944,0.0480949406620862,0.0586290500330615,0.0348399246704331,0.0647263376289413,0.0361395445999582,0.0138504155124654,0.0523121992048546,0.117110100317777
"Bmpr1a",0.0736603133030115,0.0428865755801345,0.0215093777910092,0.035429973883767,0.0368188512518409,0.0332002943209436,0.0365088419851683,0.0306415094339623,0.058968058968059,0.01,0.0167322834645669,0.0261121856866538,0.0348963355834137,0.0289389067524116,0.0219072164948454,0.0338563847212213,0.0374810062468344,0.00537634408602151,0.0262954369682908,0.03637104283054,0.0562128056212806,0.0309445576675124,0.0273905199278334,0.0332010582010582,0.0228690228690229,0.0399215080743743,0.0282263630089717,0.0354404631513065,0.0275590551181102,0.0196451204055767,0.0178676614961712,0.0366492146596859,0.0113314447592068,0.0659567705022251,0,0.0324974137623515,0.0343535290443473,0.0457901697156711,0.0220338983050847,0.0333713217030478,0.0300814706496762,0.0355074288592294,0.0372163931485965,0.0982615739298399
"Bmpr2",0.0994764397905759,0.100845803513338,0.0329711223578446,0.0780969761807369,0.0459008345606284,0.0433342995384512,0.0601825442099258,0.0486540880503145,0.0122850122850123,0.0025,0.0541338582677165,0.034816247582205,0.0562017839922854,0.0289389067524116,0.0231958762886598,0.054019524339907,0.0540942090157015,0.0483870967741935,0.0577836703126726,0.0492027467411546,0.0932100093210009,0.0549432267187955,0.0459242250287026,0.0493386243386243,0.0218295218295218,0.0363186000128675,0.0556245686680469,0.0483296823658269,0.0379805465493284,0.0278833967046895,0.0380914981346947,0.0303664921465969,0.0453257790368272,0.0724729815638906,0.0078125,0.0494774016337887,0.0262336039975016,0.0737271324663875,0.0291902071563089,0.0557844598346045,0.0271568832254021,0.0415512465373961,0.0532089797626521,0.141763765135938
"Brca1",0.0945454450782477,0.0261873780091087,0.0337153914855612,0.0356187659293288,0.0346097201767305,0.0230551405828447,0.0305191100969766,0.0396477987421384,0.0221130221130221,0.0175,0.0246062992125984,0.00483558994197292,0.023475168756027,0.00482315112540193,0.0373711340206186,0.0350193277861495,0.0380888063481344,0.0268817204301075,0.0363495746326373,0.0447800279329609,0.0412992041299204,0.0291560953292018,0.0424799081515499,0.0407407407407407,0.0155925155925156,0.0444573119732355,0.0380262249827467,0.0341104678454076,0.0426123205187587,0.0297845373891001,0.0208128804241115,0.025130890052356,0.0056657223796034,0.0168467895740623,0.03125,0.038775728605572,0.0224859462835728,0.0507769451179193,0.0188323917137476,0.0358551766459192,0.034886149989555,0.0445731553764795,0.0605625803365916,0.121772903815399
"Bst1",0.0240327413883328,0.00737367165473867,0.00930336409645728,0.0150404329630912,0.0163230240549828,0.010814064973578,0.00770108385624643,0.0174088050314465,0.0245700245700246,0.01,0.0118110236220472,0.00773694390715667,0.0109088717454195,0.00643086816720257,0.0103092783505155,0.0106139029024438,0.0131014688502448,0.00537634408602151,0.0109380178985747,0.0184910381750466,0.0157023015702302,0.0111882876512914,0.0227980974249631,0.019047619047619,0.0051975051975052,0.0139934375603165,0.0167011732229124,0.0106204036926928,0.0164427975914775,0.0107731305449937,0.00863930885529158,0.00837696335078534,0.0254957507082153,0.00890019071837254,0,0.0153747369172047,0.0112429731417864,0.015676658584968,0.0152542372881356,0.0146401332515122,0.0169208272404429,0.018886930244271,0.0195498161599857,0.0311234344818992
"Bst2",0.444474239848373,0.040392539579267,0.114691872581125,0.135300965985966,0.0990427098674521,0.0675934803451582,0.181403308613805,0.182993710691824,0.0982800982800983,0.155,0.0423228346456693,0.0947775628626693,0.0676832208293153,0.0289389067524116,0.095360824742268,0.292177160453384,0.145568124261354,0.00537634408602151,0.316318638824439,0.154824255121043,0.592600559260056,0.591939441833382,0.0951287518451698,0.0686507936507937,0.077962577962578,0.191211477835682,0.254865424430642,0.2631630417775,0.160954145437703,0.14828897338403,0.177694875319065,0.14869109947644,0.0254957507082153,0.0742212333121424,0.0625,0.18581671601327,0.0262336039975016,0.326220520167512,0.0894538606403013,0.082522427749043,0.0825151451848757,0.190380256862251,0.169611096164768,0.714707043014103
"Btf3",0.107255643697882,0.205053133810453,0.0523965465912474,0.0466631005946949,0.0290868924889543,0.0694775803250909,0.0772960638904735,0.0501132075471698,0.0343980343980344,0.0575,0.062007874015748,0.0986460348162476,0.0508076181292189,0.0787781350482315,0.135309278350515,0.120274520081242,0.0499409083234847,0.032258064516129,0.110043089161419,0.0398772113594041,0.175880117588012,0.104063552801231,0.0260783992127276,0.0182539682539683,0.0197505197505198,0.0576143601621309,0.0652864044168392,0.0844155844155844,0.0660027790643817,0.0449936628643853,0.0761829962693894,0.0445026178010471,0.0141643059490085,0.0767641449459631,0.015625,0.0414511468626262,0.00874453466583385,0.0904094115054001,0.0346516007532957,0.0391864644516525,0.0256945895132651,0.0191387559808612,0.0631034585836846,0.212069287806094
"Btg1",0.162267216174912,0.0784536976794622,0.062072045251563,0.0649444636732639,0.0845606283750614,0.0402461593346563,0.0966913861950941,0.0783396226415094,0.00491400491400491,0.005,0.0521653543307087,0.0386847195357834,0.04725168756027,0.0659163987138264,0.0605670103092784,0.0889078162877547,0.0970791828465305,0.032258064516129,0.0739144845873384,0.124039804469274,0.105255610525561,0.0747826810298216,0.0946367065770051,0.0887566137566138,0.0374220374220374,0.126198288618671,0.0643892339544513,0.0658347676419966,0.0822139879573877,0.0373891001267427,0.0534066365599843,0.0523560209424084,0.130311614730878,0.0673871582962492,0,0.0800841864944886,0.114303560274828,0.0891696054661671,0.0789077212806026,0.0824055404576138,0.100689367035722,0.0773105011332158,0.09712133440947,0.212318524518662
"Btk",0.0380550948838977,0.0216872695727608,0.0344596606132778,0.0248890846732324,0.0357142857142857,0.0192980891435706,0.0168282943525385,0.0396477987421384,0.0417690417690418,0.01,0.00492125984251968,0.00580270793036751,0.0187439729990357,0.0176848874598071,0.0463917525773196,0.0203105549367752,0.0280263380043897,0.010752688172043,0.0374544249254226,0.0475442271880819,0.0324801032480103,0.0202137836376492,0.0475643759225849,0.0164021164021164,0.025987525987526,0.0285015762722769,0.0363699102829538,0.0259153497105304,0.0331171838814266,0.0272496831432193,0.0402513253485176,0.0157068062827225,0.0254957507082153,0.0144628099173554,0.015625,0.0419505582706096,0.0112429731417864,0.0345079347586511,0.0235404896421846,0.0259782005201484,0.0175475245456445,0.0176278015613196,0.0476489403043075,0.0541674455313934
"C1qa",0.106901570159932,0.0204944697462589,0.076883000893123,0.0618923256033479,0.0926607756504664,0.0403910901023434,0.080718767826583,0.352955974842767,0.0319410319410319,0.0325,0.0226377952755906,0.0531914893617021,0.0487584378013501,0.0771704180064309,0.114690721649485,0.0851569154163664,0.146581124430187,0.032258064516129,0.814827090929179,0.29608938547486,0.115652111565211,0.183795699371959,0.0656060357552895,0.616269841269841,0.053014553014553,0.158978318213987,1.39392684610076,0.260327022375215,0.0532654006484484,0.258555133079848,1.09189083055174,0.0916230366492147,0.0453257790368272,0.0246344564526383,0.0234375,1.05233118110798,0.0580886945658963,0.113387150099184,0.149529190207156,0.0839835188919085,0.0808439523710048,0.0961974313774868,0.14022658655427,0.213741250752903
"C1qb",0.115899203594888,0.0318260680980265,0.0610300684727597,0.0629621471948649,0.0886107020127639,0.0428995072353899,0.0681688533941814,0.295899371069182,0.0147420147420147,0.03,0.0226377952755906,0.0473887814313346,0.0641272902603664,0.0659163987138264,0.0760309278350515,0.0771473498001704,0.126456187742698,0.0161290322580645,0.579383493536626,0.237837523277467,0.110991611099161,0.150022875681071,0.109726094800722,0.474867724867725,0.0322245322245322,0.131570481888953,1.01670117322291,0.205679862306368,0.0653080129689671,0.186311787072243,1.05851168270175,0.0643979057591623,0.0453257790368272,0.0370311506675143,0.015625,0.910819391431527,0.042473454091193,0.124435199471016,0.135404896421846,0.0772624996347272,0.071443492792981,0.0886426592797784,0.115744477326398,0.202110204166407
"C1qc",0.0511506088242415,0.0154521795705921,0.0283566537660018,0.0268084704697775,0.0406234658811978,0.0213382684117818,0.0402167712492869,0.0938364779874214,0.0417690417690418,0.0025,0.0295275590551181,0.034816247582205,0.0273023143683703,0.0353697749196141,0.0335051546391753,0.0314158422328507,0.0605436434239406,0.0161290322580645,0.226052369903878,0.0869267923649907,0.0493296049329605,0.062055483924635,0.0534689191405609,0.127116402116402,0.0301455301455301,0.0498938428874735,0.356176673567978,0.0724847441714912,0.0270958777211672,0.0893536121673004,0.294325544865502,0.0261780104712042,0.0424929178470255,0.0190718372536554,0,0.287660970998466,0.023735165521549,0.0477738593784439,0.0450094161958569,0.0355337365944888,0.0350950490912889,0.0375220347519516,0.0563477117149434,0.085249340561198
"C5ar2",0.0832281092733422,0.0313381045326393,0.0431676094075618,0.0430760517290205,0.0722876779577811,0.0315949073557939,0.0419281232173417,0.0764276729559748,0.00737100737100737,0.01,0.0236220472440945,0.0280464216634429,0.0424300867888139,0.0241157556270096,0.0309278350515464,0.0415219812618751,0.0497383082897181,0.010752688172043,0.0580046403712297,0.0914077048417132,0.0570732057073206,0.0367674583038722,0.0700344431687715,0.0867724867724868,0.0384615384615385,0.0672006691114971,0.0601794340924776,0.0394304490690033,0.0335803612783696,0.0310519645120406,0.0467308069899863,0.0230366492146597,0.0141643059490085,0.0295613477431659,0.078125,0.0842578389754932,0.0418488444722049,0.0526642054220851,0.0529190207156309,0.0574793255603285,0.042615416753708,0.0619491312012088,0.0944608854213374,0.105011734895217
"Cacna1c",0.0717181158080817,0.0357297766211234,0.0281333730276868,0.0399295176363236,0.0600147275405007,0.0286628464402774,0.0308043354249857,0.033811320754717,0.0171990171990172,0.03,0.00688976377952756,0.0145067698259188,0.0389645612343298,0.0273311897106109,0.0219072164948454,0.0317106728690297,0.0369407394901232,0.0537634408602151,0.0293890177880897,0.0462348696461825,0.0481107048110705,0.0274508172856965,0.0400196818107266,0.030026455026455,0.025987525987526,0.0408865727337065,0.0353347135955832,0.0345603191988734,0.0296433534043539,0.0278833967046895,0.0276850579226389,0.0282722513089005,0.0056657223796034,0.02177368086459,0.0078125,0.04262833089573,0.0787008119925047,0.0517687899493057,0.0318267419962335,0.0501154262002864,0.0340505535826196,0.0322336942835558,0.0570950288464413,0.0929549089247513
"Calb1",0.0308017943197232,0.00905443504662763,0.0130991366478118,0.0139706113715742,0.0239322533136966,0.0106133916029343,0.0319452367370223,0.0177106918238994,0.0196560196560197,0.0025,0.0127952755905512,0.00870406189555126,0.0121142719382835,0.00643086816720257,0.0283505154639175,0.0185415711197012,0.0210366368394395,0.043010752688172,0.0159098442161087,0.0219390130353817,0.0245931024593102,0.0135174479058354,0.0275545350172216,0.0124338624338624,0.0124740124740125,0.0203306954899312,0.0189095928226363,0.013788921921452,0.0166743862899491,0.0133079847908745,0.0109954839976438,0.0167539267015707,0.0141643059490085,0.00842339478703115,0.03125,0.0209396068918774,0.0243597751405372,0.0250440819925061,0.0171374764595104,0.0234943455772771,0.0114894505953624,0.0345001259128683,0.0251397483035901,0.0395663281201321
"Cald1",0.14504257994642,0.0549230101930167,0.0400416790711521,0.0994619426701488,0.0659057437407953,0.0454525184508016,0.0687393040501997,0.0382893081761006,0.00245700245700246,0.0425,0.0433070866141732,0.0967117988394584,0.0921829797492768,0.0369774919614148,0.0180412371134021,0.117752080193933,0.0581462096910349,0.010752688172043,0.0914816042426251,0.0492754888268156,0.228507922850792,0.105269725075906,0.0460882401180909,0.0485449735449735,0.0488565488565489,0.0417229621051277,0.0702553485162181,0.138280394304491,0.0435386753126447,0.0342205323193916,0.0430001963479285,0.0167539267015707,0.0311614730878187,0.203750794659886,0.0234375,0.0508686191274569,0.0405996252342286,0.101223275292043,0.0578154425612053,0.0380175915373601,0.0309170670566117,0.0410475950642156,0.0631931366394643,0.247222049141172
"Calm1",0.115276971421579,0.0476577748861418,0.0480797856504912,0.0645668795821403,0.0532646048109966,0.0375259203103748,0.0484883057615516,0.0491069182389937,0.0491400491400491,0.0275,0.0167322834645669,0.0319148936170213,0.0361017357762777,0.0594855305466238,0.0244845360824742,0.0584256044028042,0.0504811750801958,0.0483870967741935,0.0508231134681251,0.0785760009310987,0.0851796085179609,0.049661023998669,0.0493685419058553,0.0337301587301587,0.0311850311850312,0.0650131892170109,0.0601104209799862,0.0597128774839618,0.0419175544233441,0.0418250950570342,0.0514431572746908,0.0534031413612565,0.0708215297450425,0.0848696757787667,0.03125,0.0576106731352335,0.0393504059962523,0.0698837337447653,0.0335216572504708,0.0559013471260337,0.054731564654272,0.0402921178544447,0.0624159268227065,0.156385652273247
"Calm2",0.242352922798951,0.12714161787031,0.0989877939863054,0.0928856864164123,0.0508100147275405,0.104071439719949,0.1437535653166,0.0741635220125786,0.058968058968059,0.16,0.0748031496062992,0.234042553191489,0.0931774349083896,0.0755627009646302,0.106958762886598,0.253849177750115,0.10535201755867,0.118279569892473,0.219754723235002,0.0936772579143389,0.358786835878684,0.201347585575843,0.02493029358701,0.0574074074074074,0.0478170478170478,0.0874026893135173,0.175776397515528,0.161829134720701,0.0829087540528022,0.0443599493029151,0.150991557039073,0.0712041884816754,0.0084985835694051,0.200254291163382,0,0.112296222309421,0.0256089943785134,0.216222173242231,0.0809792843691149,0.0581222056631893,0.0511802799247963,0.0667338201964241,0.127552088004065,0.466311504351258
"Calm3",0.101033321964796,0.0487421383647799,0.0504614468591843,0.0546552971901451,0.0447962690230731,0.0516622444201654,0.0678836280661723,0.0578616352201258,0.0540540540540541,0.035,0.0403543307086614,0.0822050290135397,0.0549361137897782,0.0482315112540193,0.0747422680412371,0.107989910240451,0.0539253756542293,0.0161290322580645,0.0854049276323058,0.0548620810055866,0.117946511794651,0.0776109470531963,0.0301787764474332,0.0351851851851852,0.0166320166320166,0.0727015376696905,0.0746031746031746,0.0885620403692693,0.0606762389995368,0.055766793409379,0.0689181229138033,0.0408376963350785,0.0368271954674221,0.069135410044501,0.03125,0.0640673491955909,0.0193628981886321,0.0821164866651973,0.0369114877589454,0.0386604716402209,0.0231878002924587,0.0493578443716948,0.0653155172929184,0.187519471618169
"Camp",0.0508147596595687,0.0178919973975277,0.0160017862459065,0.0197287687612095,0.094747177221404,0.0159089388838101,0.0285225328009127,0.0228427672955975,0.0171990171990172,0.0075,0.0118110236220472,0.0212765957446809,0.0218478784956606,0.00964630225080386,0.0206185567010309,0.0214571185219157,0.020698970116495,0,0.0180090597724008,0.0312209031657356,0.0259554025955403,0.0195483092792081,0.0162374938494341,0.0194444444444444,0.0176715176715177,0.0269574728173454,0.01959972394755,0.0198716945704898,0.0229272811486799,0.0114068441064639,0.0170822697820538,0.0183246073298429,0.0226628895184136,0.0146217418944692,0.0234375,0.0235793529055042,0.00624609618988132,0.0305681066784219,0.0131826741996234,0.0202507232401157,0.0350950490912889,0.0148577184588265,0.0336591636026664,0.0633892038964006
"Carmn",0.0360738451605177,0.01881370635437,0.0197231318844894,0.0724332148138825,0.0262641138929799,0.0301678967201052,0.0151169423844837,0.0255094339622642,0.0122850122850123,0.015,0.015748031496063,0.0145067698259188,0.0430930568948891,0.0128617363344051,0.0154639175257732,0.0185907095590644,0.0247509707918285,0,0.0159098442161087,0.027612895716946,0.0245931024593102,0.0166784511084307,0.0201738559947515,0.0255291005291005,0.0135135135135135,0.0239979411953934,0.0213250517598344,0.0252699108120795,0.0176007410838351,0.0133079847908745,0.0166895739249951,0.0167539267015707,0.0169971671388102,0.0998092816274634,0,0.0268255270573966,0.0174890693316677,0.0278818602600838,0.019774011299435,0.0300692557201718,0.0248589931063296,0.0196424074540418,0.0273816996980839,0.045890709701539
"Casp3",0.127128021015306,0.0152895250487964,0.0214349508782376,0.0215852238759007,0.0252822778595974,0.0180383063167518,0.0564746149458072,0.0213333333333333,0.0196560196560197,0.0325,0.0177165354330709,0.0589941972920696,0.0138018322082932,0.0144694533762058,0.0206185567010309,0.107072659372338,0.0258990376498396,0,0.0766766103193017,0.024310405027933,0.192586219258622,0.0629705111674916,0.0096768902739052,0.0121693121693122,0.0103950103950104,0.0350961847777134,0.037888198757764,0.0496987951807229,0.0203798054654933,0.0310519645120406,0.0225800117808757,0.0324607329842932,0.0169971671388102,0.0136681500317864,0.015625,0.0260407377019941,0.0106183635227983,0.0768679744324443,0.0305084745762712,0.0169194354343824,0.00731146856068519,0.0277008310249307,0.0347054075867635,0.234427897896027
"Casp8",0.0923455028755458,0.0402841032314032,0.041381363501042,0.0530190994619427,0.0325233186057928,0.018116345960891,0.0596120935539076,0.0502138364779874,0.0343980343980344,0.0175,0.0226377952755906,0.0415860735009671,0.0216972034715526,0.0289389067524116,0.0515463917525773,0.0515626023717487,0.0485564747594125,0.00537634408602151,0.0559054248149376,0.0588774441340782,0.0625941062594106,0.0442956369837375,0.041823847793997,0.0330687830687831,0.0124740124740125,0.0560059190632439,0.0595583160800552,0.0444179314661242,0.0467809170912459,0.0494296577946768,0.0539956803455724,0.031413612565445,0.0226628895184136,0.0295613477431659,0.0546875,0.0586808404380552,0.0568394753279201,0.0557223936521931,0.0297551789077213,0.0296893720230268,0.028828076039273,0.0478468899521531,0.0703972737871043,0.130350800672939
"Casr",0.0781409056472126,0.0341032314031663,0.0268681155105686,0.0401812403637393,0.0581737849779087,0.030368570090749,0.0416428978893326,0.0564025157232704,0.00491400491400491,0.0175,0.0364173228346457,0.0299806576402321,0.0319732401157184,0.0305466237942122,0.0244845360824742,0.0499574133525519,0.0404187067364511,0.0161290322580645,0.0377858800132582,0.0652351024208566,0.0564996056499606,0.0371417876304954,0.0196818107265868,0.0575396825396825,0.0301455301455301,0.0434600784919256,0.0445134575569358,0.0378853074636207,0.0428439092172302,0.0272496831432193,0.0290594934223444,0.0214659685863874,0.0084985835694051,0.0294024157660521,0.0390625,0.0514393750222952,0.0405996252342286,0.0690434207626185,0.039924670433145,0.0504368662517168,0.0332149571756841,0.0256862251322085,0.0565569605117628,0.102000124618356
"Cav1",0.142064196656609,0.0350791585339406,0.0346085144388211,0.100405902897958,0.056087383406971,0.035953978906999,0.0613234455219624,0.0444276729559748,0.0442260442260442,0.0175,0.0383858267716535,0.0222437137330754,0.0532485535197686,0.0112540192926045,0.0257731958762887,0.0552316058441984,0.0554448759074793,0.0268817204301075,0.0422052811843995,0.0561277932960894,0.0818814081881408,0.0611820488291811,0.0355912743972445,0.0477513227513228,0.0207900207900208,0.0505372193270282,0.0519668737060041,0.0543342199968706,0.0301065308012969,0.0487959442332066,0.0329864519929315,0.0397905759162304,0.0821529745042493,0.0338525111252384,0.0234375,0.0595013020368851,0.0312304809494066,0.0800225920211594,0.0444444444444444,0.0892142251833669,0.0572383538750783,0.0362629060690003,0.0735061130541357,0.179471202774835
"Ccl11",0.0918690656884517,0.023205378442854,0.0405626674605537,0.0449639721846386,0.0816151202749141,0.0351178398626502,0.0308043354249857,0.0549937106918239,0.085995085995086,0.025,0.0403543307086614,0.0145067698259188,0.122800144648023,0.022508038585209,0.038659793814433,0.038229705824543,0.0611514435252406,0.010752688172043,0.0480609877361617,0.0843662709497207,0.0499749049974905,0.0349789959655617,0.0223060521567984,0.0822751322751323,0.027027027027027,0.0535610885929357,0.0624568668046929,0.0647394773900798,0.0375173691523854,0.0437262357414449,0.0406440212055763,0.0335078534031414,0.0453257790368272,0.0208200890019072,0,0.0857560731994435,0.0149906308557152,0.0703107780471677,0.0476459510357815,0.0785190380175915,0.045540004177982,0.0536388818937295,0.0718321226795803,0.115168130932353
"Ccl19",0.154157370066727,0.0607785729776621,0.0599880916939565,0.0807715301595293,0.0926607756504664,0.03858502976655,0.0687393040501997,0.0730566037735849,0.0638820638820639,0.04,0.0482283464566929,0.0483558994197292,0.159534715525554,0.0562700964630225,0.0902061855670103,0.0702843477691149,0.0835725139287523,0.0591397849462366,0.0589990056347365,0.0992638500931099,0.0905571090557109,0.0588528885746371,0.081351484336559,0.0801587301587302,0.0498960498960499,0.0997555169529692,0.0708074534161491,0.0713503364105774,0.0928670680870774,0.0906210392902408,0.0459454152758688,0.0722513089005236,0.0623229461756374,0.0233630006357279,0.0625,0.0856847287125887,0.0630855715178014,0.10874476526339,0.0538606403013183,0.0913181964290933,0.0800083559640694,0.0831024930747922,0.112785101485666,0.191060709909236
"Ccl2",0.0710880731890831,0.0172413793103448,0.0297707651086633,0.0403385670683742,0.0533873343151694,0.0223081897032264,0.0208214489446663,0.0606792452830189,0.0245700245700246,0.0125,0.0187007874015748,0.011605415860735,0.0499939729990357,0.0144694533762058,0.0141752577319588,0.0333813798073773,0.0752996792166132,0.032258064516129,0.0997679814385151,0.0898946694599628,0.0450993045099305,0.0495778397038639,0.0460882401180909,0.0772486772486772,0.00935550935550936,0.0433314032040147,0.108143547273982,0.0741667970583633,0.0354330708661417,0.0335868187579214,0.0757903004123306,0.0544502617801047,0.0424929178470255,0.0182771773680865,0,0.0949595120037099,0.0387257963772642,0.0511075600617148,0.0408662900188324,0.0776423833318722,0.0236055984959265,0.0480987156887434,0.0680955370220907,0.0986458138617152
"Ccl20",0.0662482003431389,0.0234222511385817,0.0276123846382852,0.033447657405368,0.0489690721649485,0.0398448125933689,0.0462065031374786,0.0320503144654088,0.027027027027027,0.025,0.0167322834645669,0.0222437137330754,0.0347456605593057,0.0273311897106109,0.0270618556701031,0.0266002751752604,0.036468006078001,0.00537634408602151,0.0228704010606563,0.0316282588454376,0.0465333046533305,0.027201264401281,0.0546170247662785,0.0248677248677249,0.0239085239085239,0.0385060799073538,0.028088336783989,0.0304138632451885,0.0301065308012969,0.0209125475285171,0.024936186923228,0.0204188481675393,0.0084985835694051,0.0225683407501589,0.0234375,0.0369564441907752,0.0306058713304185,0.0410375798986114,0.0267419962335217,0.0665965342918091,0.0359306454982244,0.0219088390833543,0.0455265596508534,0.0824558124078343
"Ccl21a/b/d",0.0616087956032398,0.0191390153979614,0.0274635308127419,0.0552531386677575,0.0351006381934217,0.0194207228700751,0.0231032515687393,0.0288301886792453,0.0122850122850123,0.0225,0.0285433070866142,0.0222437137330754,0.0389645612343298,0.0385852090032154,0.0451030927835052,0.0287623665072397,0.0314030052338342,0.010752688172043,0.0227599160313777,0.0401099860335196,0.0322650032265003,0.0267021586324502,0.0300147613580449,0.0287037037037037,0.0166320166320166,0.0375731840699994,0.0257418909592823,0.0286144578313253,0.0377489578508569,0.0348542458808618,0.0235617514235225,0.0230366492146597,0.0311614730878187,0.0157342657342657,0.0390625,0.0317839688938037,0.0249843847595253,0.044633017412387,0.0250470809792844,0.0349493001373426,0.0346772508878212,0.0337446487030975,0.0439721400173378,0.0754148752777951
"Ccl26",0.127760667116201,0.0229885057471264,0.0410836558499553,0.0422579528649193,0.0592783505154639,0.0230997346652099,0.0510553337136338,0.0589685534591195,0.0442260442260442,0.015,0.0265748031496063,0.0319148936170213,0.0274831243972999,0.0353697749196141,0.0322164948453608,0.049891895433401,0.0521019753503292,0.021505376344086,0.0481714727654403,0.0863885009310987,0.0608016060801606,0.0418832924343884,0.0259143841233393,0.0652116402116402,0.0176715176715177,0.0699671878015827,0.0590752242926156,0.0447699890470975,0.0685502547475683,0.0487959442332066,0.0333791478499902,0.081151832460733,0.0084985835694051,0.0190718372536554,0.125,0.0644240716298648,0.0231105559025609,0.0832047608551907,0.0444444444444444,0.041407322988808,0.0453311050762482,0.0785696298161672,0.0927271096762622,0.156354497684176
"Ccl28",0.0430121244151929,0.025970505313381,0.0295474843703483,0.0256127875145527,0.0320324005891016,0.0250841713304644,0.0248146035367941,0.0301383647798742,0.135135135135135,0.0125,0.0255905511811024,0.0299806576402321,0.0213054484088717,0.0209003215434084,0.0141752577319588,0.0299416890519557,0.0350160391693399,0,0.0267373770854049,0.0399499534450652,0.0351330035133003,0.0273260408434888,0.0285386255535509,0.033994708994709,0.025987525987526,0.0577430354500418,0.0282953761214631,0.026736817399468,0.0247799907364521,0.0228136882129278,0.0170822697820538,0.0471204188481675,0.0339943342776204,0.0708836617927527,0,0.0295009453144508,0.0137414116177389,0.0375661229887591,0.028060263653484,0.0391572426287952,0.0449133068727804,0.0236716192394863,0.036678324813918,0.0592664132760089
"Ccl3",0.0808068711094217,0.028735632183908,0.0345340875260494,0.0359019539976716,0.0688512518409426,0.0468683805658989,0.0872789503707929,0.103547169811321,0.0221130221130221,0.0025,0.0187007874015748,0.0203094777562863,0.0316116200578592,0.0321543408360129,0.0373711340206186,0.0456496101683811,0.0676684112780686,0.0591397849462366,0.0615401613081427,0.116969273743017,0.0445974044597404,0.0425903589402321,0.0611776283418074,0.109259259259259,0.0322245322245322,0.12806408029338,0.0799171842650103,0.0548427476138319,0.0572024085224641,0.0392902408111534,0.0494796779893972,0.0753926701570681,0.0368271954674221,0.0354418308963763,0.0234375,0.0944601005957265,0.0343535290443473,0.129297994269341,0.130885122410546,0.0431606323602466,0.0559849592646752,0.122890959456056,0.0997518907123427,0.113413089081355
"Ccl4",0.150036058224269,0.0361093038386467,0.0639327180708544,0.0483622290047513,0.103092783505155,0.0847064594528306,0.175128351397604,0.152251572327044,0.0540540540540541,0.0425,0.0383858267716535,0.0145067698259188,0.0430026518804243,0.0257234726688103,0.0489690721649485,0.0865000327589596,0.115043052507175,0.0645161290322581,0.113026184951939,0.194104981378026,0.0750699075069907,0.0778189077902092,0.106445793012957,0.120899470899471,0.11018711018711,0.180241909541273,0.17688060731539,0.0991628853074636,0.0794349235757295,0.0760456273764259,0.1003337914785,0.144502617801047,0.0226628895184136,0.0359186268277177,0.0078125,0.174508614846788,0.0324797001873829,0.174936632135773,0.293408662900188,0.106922649834897,0.0875287236264884,0.218836565096953,0.108390876752459,0.205848754854923
"Ccl5",0.172051101142668,0.0372478854912167,0.0508335814230426,0.0599414744658758,0.0818605792832597,0.118731744297532,0.0693097547062179,0.250767295597484,0.0491400491400491,0.0325,0.0295275590551181,0.0280464216634429,0.0426108968177435,0.0434083601286174,0.0554123711340206,0.110889078162878,0.128076988012831,0.0483870967741935,0.107833388575848,0.192970204841713,0.105255610525561,0.168656157717423,0.0600295227160899,0.102645502645503,0.255717255717256,0.337032747860773,0.229468599033816,0.176419965576592,0.122047244094488,0.0716096324461343,0.163950520322011,0.0853403141361257,0.0169971671388102,0.0298792116973935,0.015625,0.18513894338815,0.0587133041848844,0.0917318712805819,0.0664783427495292,0.0976008883434149,0.0401086275329016,0.113321581465626,0.144202313693839,0.241769996053752
"Ccl8",0.0704658410157745,0.0153437432227283,0.0702590056564454,0.0621125829898367,0.094747177221404,0.0308368079555843,0.0881346263548203,0.204528301886792,0.0810810810810811,0.0275,0.0265748031496063,0.0338491295938104,0.0633136451301832,0.0385852090032154,0.0412371134020619,0.0712671165563782,0.253925375654229,0.010752688172043,0.511656170588885,0.274063081936685,0.0577902057790206,0.138543442997962,0.0770870920124651,0.179232804232804,0.08004158004158,0.100559737502413,1.69882677708765,0.180097011422313,0.0509495136637332,0.102027883396705,0.622030237580994,0.0853403141361257,0.0679886685552408,0.013986013986014,0.0234375,0.903577926015767,0.0605871330418488,0.0820062816839321,0.229755178907721,0.0719441278746968,0.0603718404010863,0.0715185091916394,0.110005081756494,0.130735040604814
"Ccl9",0.0725304021598486,0.0170787247885491,0.0471122357844597,0.0292627670620811,0.0622238586156112,0.0221521104149479,0.0262407301768397,0.0762767295597484,0.027027027027027,0.02,0.0137795275590551,0.0174081237911025,0.0263078592092575,0.0305466237942122,0.0219072164948454,0.0403917971565223,0.0777646462941077,0.010752688172043,0.0989945862335654,0.106858123836127,0.0336990033699003,0.0347294430811463,0.0321469575200918,0.0857142857142857,0.0176715176715177,0.0793926526410603,0.193788819875776,0.0458261617900172,0.0375173691523854,0.0329531051964512,0.179854702532888,0.0429319371727749,0.0226628895184136,0.0332167832167832,0.03125,0.14086968929476,0.0599625234228607,0.0640015428697377,0.0485875706214689,0.0448262762631133,0.0403175266346355,0.0619491312012088,0.0774818401937046,0.0958522857083515
"Ccnd1",0.468100838060823,0.107568857080894,0.0969782673414707,0.0801107580000629,0.0753559155621011,0.0484960645722313,0.18938961779806,0.13137106918239,0.0122850122850123,0.14,0.0570866141732283,0.235009671179884,0.0428218418514947,0.0128617363344051,0.0451030927835052,0.479017886391928,0.0972817828802972,0.032258064516129,0.343056015909844,0.110277001862197,0.778518677851868,0.323046208875764,0.0600295227160899,0.05,0.0478170478170478,0.0870166634497845,0.140096618357488,0.222715537474574,0.0435386753126447,0.0449936628643853,0.0950323974082073,0.0570680628272251,0.0056657223796034,0.306738715829625,0.0078125,0.0924267827203653,0.0505933791380387,0.312582653735949,0.104519774011299,0.0393910172116537,0.0666388134531022,0.0420548980105767,0.141213045167847,0.9035557770993
"Ccr1",0.101212962215667,0.0275428323574062,0.0678773444477523,0.0406532204776439,0.117206676485027,0.0368570090748958,0.0978322875071306,0.11451572327044,0.0737100737100737,0.025,0.0344488188976378,0.0212765957446809,0.0311595949855352,0.0482315112540193,0.095360824742268,0.065796370307279,0.0873543812257302,0.032258064516129,0.128604574080212,0.154358705772812,0.0687603068760307,0.0648837499480098,0.0995571592586518,0.0753968253968254,0.0571725571725572,0.140770764974587,0.20151828847481,0.0693749022062275,0.0738767948124132,0.0614702154626109,0.13371293932849,0.103664921465969,0.0481586402266289,0.0284488239033694,0.0625,0.119858737916028,0.0206121174266084,0.0865660127837778,0.154425612052731,0.0752754156804301,0.0946312930854397,0.104759506421556,0.125070995127492,0.138450993831391
"Ccr10",0.117666967802739,0.0337779223595749,0.0373623102113724,0.0446807841162959,0.0354688267059401,0.0219737340854869,0.0345122646891044,0.0508679245283019,0.0245700245700246,0.015,0.0334645669291339,0.0106382978723404,0.0329375602700096,0.0273311897106109,0.0283505154639175,0.053249688789884,0.0396758399459733,0.021505376344086,0.0426472213015136,0.0683339152700186,0.0546354054635405,0.0350205881129643,0.0414958176152206,0.0494708994708995,0.0291060291060291,0.0627935405005469,0.0469979296066253,0.0419926459083086,0.0685502547475683,0.0551330798479087,0.0247398389946986,0.0403141361256545,0.0141643059490085,0.0228862047043865,0.0078125,0.0566118503192666,0.0362273579013117,0.074443464844611,0.0195856873822976,0.0388065807545075,0.0275746814288699,0.0357592545958197,0.0709054494365229,0.146904272332648
"Ccr2",0.0519837230311819,0.0109520711342442,0.0334176838344745,0.0156068090997766,0.0300687285223368,0.0167450779281589,0.0376497432972048,0.0638993710691824,0.00737100737100737,0.03,0.0196850393700787,0.00773694390715667,0.0119334619093539,0.022508038585209,0.0206185567010309,0.0305641092838891,0.0406550734425122,0.010752688172043,0.0570102751077229,0.0742114757914339,0.0287517028751703,0.0161793453395999,0.0283746104641627,0.0264550264550265,0.051975051975052,0.0958952583156405,0.0380952380952381,0.0293968080112658,0.031959240389069,0.00887198986058302,0.0834478696249755,0.0366492146596859,0.0311614730878187,0.0101716465352829,0,0.0548282381478971,0.00936914428482199,0.0326620013224598,0.0248587570621469,0.0358551766459192,0.042615416753708,0.0352556031226391,0.0582907362568379,0.0686647143124182
"Ccr5",0.0537566942028269,0.0158859249620473,0.032226853230128,0.0239136591044964,0.0462690230731468,0.0303239760083837,0.0707358813462635,0.0730566037735849,0.0196560196560197,0.005,0.0177165354330709,0.00967117988394584,0.023324493731919,0.022508038585209,0.0219072164948454,0.0308589399200681,0.0421070403511734,0.00537634408602151,0.0652966523036129,0.0750843808193669,0.0324084032408403,0.0321507299421869,0.0398556667213384,0.0544973544973545,0.0582120582120582,0.093611271955221,0.0949620427881297,0.0405061805664215,0.0440018527095878,0.0304182509505703,0.0761829962693894,0.0539267015706806,0,0.0189129052765416,0.0078125,0.076445617664895,0.0124921923797626,0.0367671368745867,0.0485875706214689,0.0488588878174221,0.016711928138709,0.0516242760010073,0.0576032044958599,0.0731821297277089
"Ccr7",0.124925475330707,0.0206029060941227,0.0424977671926169,0.0420062301375035,0.0387825233186058,0.0243037748890722,0.0413576725613234,0.0563522012578616,0.00491400491400491,0.0075,0.0137795275590551,0.00773694390715667,0.0360113307618129,0.0176848874598071,0.0335051546391753,0.0475004913843936,0.0461928076988013,0.00537634408602151,0.0301624129930394,0.0673009776536313,0.0559260055926006,0.0359772075032234,0.0944726914876169,0.0425925925925926,0.0218295218295218,0.0625040211027472,0.0364389233954451,0.0505007041151619,0.0653080129689671,0.050063371356147,0.0223836638523464,0.147120418848168,0.11614730878187,0.0200254291163382,0.0625,0.0526522312988264,0.0836976889444097,0.0625413268679744,0.0239171374764595,0.0496186552117121,0.112805514936286,0.122639133719466,0.0640899171972618,0.148960475211332
"Ccrl2",0.111676355958459,0.0240728692257645,0.0433164632331051,0.0522324659387684,0.0567010309278351,0.0451069143124707,0.0821448944666286,0.0867924528301887,0.00491400491400491,0.0325,0.0177165354330709,0.0154738878143133,0.0346251205400193,0.0369774919614148,0.029639175257732,0.0505306951451222,0.0592267432044572,0,0.0491658380289471,0.103701117318436,0.0686886068688607,0.0514494863369796,0.0631458094144661,0.051984126984127,0.0228690228690229,0.12777456089558,0.0622498274672188,0.0493271788452511,0.0951829550717925,0.0741444866920152,0.0386805419202827,0.0539267015706806,0.0538243626062323,0.0338525111252384,0.0078125,0.0716298648021974,0.0680824484697064,0.0796919770773639,0.0664783427495292,0.0705999240232606,0.0474200960935868,0.0722739864014102,0.0878546019788958,0.145128460755603
"Cd14",0.11496976055777,0.0282476686185209,0.0452515629651682,0.0531764261665775,0.0938880706921944,0.0299226292670963,0.0579007415858528,0.0941383647798742,0.0515970515970516,0.01,0.0423228346456693,0.0203094777562863,0.0398083413693346,0.0321543408360129,0.0322164948453608,0.0569678307016969,0.0734762789127131,0.0268817204301075,0.0888299635399403,0.118133147113594,0.0562128056212806,0.0539034230337312,0.0308348368049861,0.0861111111111111,0.0405405405405405,0.0947371807244419,0.118495514147688,0.0618252229698013,0.0479388605836035,0.0665399239543726,0.11231101511879,0.062303664921466,0.0084985835694051,0.0198664971392244,0.03125,0.129775621588842,0.0524672079950031,0.0826261847035486,0.172128060263653,0.0544694778060255,0.050135784416127,0.0851170989675145,0.0955071294054345,0.148420462334102
"Cd163",0.0688386648303441,0.0313923227065712,0.0774784161952962,0.046600169912841,0.0722876779577811,0.0427880220294767,0.0544780376497433,0.0686792452830189,0.0442260442260442,0.04,0.0452755905511811,0.0212765957446809,0.0502651880424301,0.022508038585209,0.0077319587628866,0.0439625237502457,0.153908492318082,0.0376344086021505,0.144956358413435,0.143258263500931,0.0533448053344805,0.0598926922597014,0.0429719534197146,0.0472222222222222,0.0322245322245322,0.0717043041883806,0.604347826086956,0.0660303551869817,0.0370541917554423,0.0602027883396705,0.243667779304928,0.0471204188481675,0.084985835694051,0.0300381436745073,0.03125,0.796632540220454,0.0768269831355403,0.0978757989861142,0.113559322033898,0.0676485199146723,0.0541048673490704,0.0571644422059935,0.153080441216034,0.105582902361518
"Cd164",0.141809055430733,0.170407720667968,0.061848764513248,0.0472294767313804,0.0531418753068238,0.0672478762068274,0.0969766115231032,0.0680251572327044,0.027027027027027,0.0275,0.0669291338582677,0.0560928433268859,0.0659655255544841,0.0643086816720257,0.0554123711340206,0.115180501867261,0.0872868478811413,0.0698924731182796,0.114904430449674,0.0684793994413408,0.256184125618413,0.14627958241484,0.043956043956044,0.0407407407407407,0.0405405405405405,0.0881425722190053,0.131262939958592,0.0833398529181662,0.0588235294117647,0.082382762991128,0.0999410956214412,0.0492146596858639,0.0028328611898017,0.524157660521297,0.0234375,0.0940677059180252,0.0437226733291693,0.111513665417677,0.0685499058380414,0.0598755150346279,0.0396908293294339,0.07202216066482,0.0779302304726033,0.246609342222776
"Cd19",0.0716295974235943,0.0185968336586424,0.0404138136350104,0.0307416380856487,0.0338733431516937,0.0178599299872907,0.0322304620650314,0.0337610062893082,0.0221130221130221,0.0075,0.00492125984251968,0.00580270793036751,0.0180508678881389,0.0803858520900322,0.10180412371134,0.0257485422262989,0.0305250717541786,0.043010752688172,0.0238647663241631,0.0507303305400372,0.0389331038933104,0.0235411554298548,0.0570772511071019,0.0407407407407407,0.0114345114345114,0.0531750627292029,0.0282953761214631,0.0370442810201846,0.0592867068087077,0.0247148288973384,0.0119772236402906,0.0130890052356021,0.0141643059490085,0.0122377622377622,0,0.036849427460493,0.0249843847595253,0.0447845492616266,0.0224105461393597,0.0355045147716315,0.0231878002924587,0.0412994208008058,0.0509969210534182,0.0894967495378736
"Cd2",0.080871958156839,0.0197354153112123,0.0473355165227746,0.0268714011516315,0.0425871379479627,0.032720907935517,0.0978322875071306,0.0444779874213836,0.0196560196560197,0.01,0.00492125984251968,0.0212765957446809,0.0264585342333655,0.0852090032154341,0.106958762886598,0.0579014610495971,0.0364004727334121,0.021505376344086,0.0311567782565462,0.0671409450651769,0.0468201046820105,0.0349789959655617,0.0810234541577825,0.0543650793650794,0.0426195426195426,0.165605095541401,0.046583850931677,0.0460413080895009,0.0736452061139416,0.0741444866920152,0.0483015904182211,0.146073298429319,0.0424929178470255,0.0152574698029243,0.046875,0.0595726465237399,0.13366645846346,0.048738152964514,0.0222222222222222,0.0495602115659975,0.162105702945477,0.136741374968522,0.0834005918751681,0.106019066608511
"Cd200r3",0.0912624544065233,0.0136629798308393,0.0303661804108366,0.020295144897895,0.0438144329896907,0.0182501282079868,0.0339418140330861,0.0449811320754717,0.0171990171990172,0.0125,0.00393700787401575,0.00580270793036751,0.0226012536162006,0.0144694533762058,0.0347938144329897,0.0382788442639062,0.0329900388316731,0.0537634408602151,0.0287261076124185,0.0515741387337058,0.0596544059654406,0.0372249719253005,0.0495325569952436,0.0182539682539683,0.00623700623700624,0.0364151064788007,0.0388543823326432,0.032565326240025,0.0386753126447429,0.0209125475285171,0.0274887099941096,0.0324607329842932,0.0878186968838527,0.0149396058486968,0.0234375,0.0377055613027503,0.0499687695190506,0.0536284990081552,0.027683615819209,0.0327868852459016,0.0802172550658032,0.023419793502896,0.0630735658984247,0.113246931272977
"Cd209a",0.0625746873869113,0.0184883973107786,0.0227746353081274,0.0272489852427551,0.0533873343151694,0.0215612388236081,0.0256702795208214,0.0772327044025157,0.0171990171990172,0.005,0.0226377952755906,0.0174081237911025,0.0236559787849566,0.0128617363344051,0.0128865979381443,0.0286640896285134,0.0352861725476954,0.0161290322580645,0.0274002872610761,0.0432815409683426,0.0377142037714204,0.0225429438921932,0.0326390027882565,0.0297619047619048,0.0291060291060291,0.0334555748568487,0.0401656314699793,0.0306681270536692,0.0335803612783696,0.0196451204055767,0.0612605537011585,0.0240837696335079,0.0339943342776204,0.0244755244755245,0.0078125,0.0622123925373667,0.0287320424734541,0.0356237601939608,0.0282485875706215,0.0389819116916513,0.0355128472947566,0.0508687987912365,0.0422981496427824,0.079651899391447
"Cd209e",0.0591042460186253,0.0175124701800043,0.0216582316165525,0.0246688272867437,0.0463917525773196,0.0213159713705991,0.0225328009127211,0.0397987421383648,0.00982800982800983,0.0175,0.0364173228346457,0.0212765957446809,0.0221793635486982,0.0192926045016077,0.029639175257732,0.0320055035052087,0.029343238223873,0.00537634408602151,0.021765550767871,0.0367783985102421,0.0372840037284004,0.0213367716175186,0.0291946859111038,0.0292328042328042,0.0135135135135135,0.0271504857492119,0.0396135265700483,0.0235487404162103,0.0192218619731357,0.0228136882129278,0.0327901040644021,0.0209424083769634,0.0028328611898017,0.019389701207883,0.03125,0.0644597438732922,0.0480949406620862,0.0385992946881199,0.0227871939736347,0.0251015458344292,0.0363484437016921,0.0314782170737849,0.0529698382805727,0.0766922134297049
"Cd244a",0.0183519438897582,0.0117653437432227,0.0167460553736231,0.0155753437588496,0.0310505645557192,0.0232892595152623,0.0136908157444381,0.0303396226415094,0.0122850122850123,0.01,0.0137795275590551,0.00773694390715667,0.0239874638379942,0.0144694533762058,0.0103092783505155,0.0139880757387145,0.0203613033935506,0.00537634408602151,0.0143630538062093,0.0339123603351955,0.0138381013838101,0.0116042091253171,0.0193537805478104,0.0255291005291005,0.0218295218295218,0.0200090072701538,0.0195307108350587,0.0139258332029416,0.0104214914312182,0.00697084917617237,0.0231690555664638,0.0141361256544503,0.0084985835694051,0.0158931977113795,0.078125,0.0258267042414297,0.0268582136164897,0.0187210711924179,0.0146892655367232,0.0187896320972502,0.0160852308335074,0.012591286829514,0.0331210952679879,0.0255779176272665
"Cd24a",0.125906988005759,0.180926046410757,0.0777016969336112,0.0333532613825871,0.0581737849779087,0.0420522196704497,0.0573302909298346,0.0460880503144654,0.0393120393120393,0.1025,0.0580708661417323,0.123791102514507,0.0204013982642237,0.107717041800643,0.105670103092784,0.0739042128022014,0.0474759412459902,0,0.0487238979118329,0.0556767923649907,0.124184412418441,0.0695420704570977,0.082827620141053,0.0343915343915344,0.0135135135135135,0.0414656115293058,0.0521048999309869,0.0567203880456892,0.101667438628995,0.0703422053231939,0.0406440212055763,0.0293193717277487,0.0169971671388102,0.843293070565798,0.0390625,0.0425569864088753,0.0168644597126796,0.10896517522592,0.0598870056497175,0.0261535314572923,0.0745769793189889,0.034248300176278,0.0778106597315637,0.201092487590089
"Cd27",0.138539082168492,0.0358382129689872,0.0745757665972016,0.0614832761712973,0.0760922925871379,0.0462775089745591,0.0989731888191671,0.0847798742138365,0.0245700245700246,0.0225,0.0285433070866142,0.0406189555125725,0.0428519768563163,0.0562700964630225,0.0850515463917526,0.0866146891174736,0.0633125105520851,0.0376344086021505,0.0656281073914485,0.117594855679702,0.0773643077364308,0.0608077195025579,0.0821715597835001,0.0776455026455026,0.053014553014553,0.166409316090845,0.0813664596273292,0.070118134877171,0.143584993052339,0.101394169835234,0.0587080306302769,0.0979057591623037,0.0651558073654391,0.0297202797202797,0.140625,0.094602789569436,0.113054341036852,0.143004738814194,0.0431261770244821,0.107010315303469,0.127428452057656,0.141274238227147,0.172151974411861,0.18368745716244
"Cd274",0.0325044714801576,0.0201149425287356,0.0268681155105686,0.0272804505836821,0.0379234167893962,0.0498338870431894,0.0176839703365659,0.0309937106918239,0.0147420147420147,0.0025,0.0295275590551181,0.0106382978723404,0.0326964802314368,0.0241157556270096,0.0077319587628866,0.0208183188101946,0.0246496707749451,0.0161290322580645,0.021765550767871,0.0380150139664804,0.0238044023804402,0.0278251466123196,0.026406429391504,0.0281746031746032,0.00831600831600832,0.024544811169015,0.0289855072463768,0.0208105147864184,0.0210745715609078,0.017743979721166,0.0278814058511683,0.0282722513089005,0.0339943342776204,0.0205022250476796,0.0078125,0.031712624406949,0.014366021236727,0.027523694070972,0.028060263653484,0.0420794249145262,0.0292458742427408,0.0196424074540418,0.0256479239530087,0.0426714021642055
"Cd276",0.126906725054087,0.0266753415744958,0.0320779994045847,0.0536169409395551,0.047987236131566,0.0228321701710183,0.0390758699372504,0.0548427672955975,0.0122850122850123,0.0075,0.0127952755905512,0.0290135396518375,0.0362222757955641,0.0466237942122186,0.0309278350515464,0.0662386162615475,0.0495019415836569,0.032258064516129,0.0656281073914485,0.0635911312849162,0.102172510217251,0.0507424198311359,0.0615056585205839,0.103174603174603,0.0228690228690229,0.0431062214501705,0.0555555555555556,0.0537278986074167,0.039138490041686,0.023447401774398,0.0369134105635186,0.0293193717277487,0.0028328611898017,0.0211379529561348,0.03125,0.0526879035422538,0.0124921923797626,0.0979171258540886,0.0346516007532957,0.048099120423132,0.0398997284311677,0.0299672626542433,0.0827130601141901,0.17939850873367
"Cd28",0.0563211238710652,0.0120906527868141,0.0257517118189937,0.0247946886504515,0.0348551791850761,0.0222747441414524,0.0616086708499715,0.0321509433962264,0.00982800982800983,0,0.0196850393700787,0.0154738878143133,0.0209136933461909,0.0530546623794212,0.029639175257732,0.0285166743104239,0.0226574371095729,0.0161290322580645,0.0247486465583913,0.0387860800744879,0.0339141033914103,0.0180509919727156,0.0331310480564212,0.0259259259259259,0.00935550935550936,0.0849900276651869,0.025327812284334,0.0266390236269754,0.0822139879573877,0.0697084917617237,0.0202238366385235,0.0544502617801047,0.0708215297450425,0.0127145581691036,0.0078125,0.034102664716584,0.051842598376015,0.0332956799647344,0.0178907721280603,0.0388650244002221,0.0762481721328598,0.03601108033241,0.0465728036349505,0.0720501796581303
"Cd300a",0.0598748766600451,0.0156690522663197,0.0227002083953558,0.0297976778578396,0.0693421698576338,0.0216727240295213,0.0216771249286937,0.089811320754717,0.00245700245700246,0.01,0.00885826771653543,0.0145067698259188,0.0201301832208293,0.022508038585209,0.0347938144329897,0.032103780383935,0.0451460408576735,0.010752688172043,0.0650756822450558,0.118598696461825,0.0362802036280204,0.0252464334733602,0.0659340659340659,0.0592592592592593,0.0114345114345114,0.0369298076304446,0.0513457556935818,0.0354013456423095,0.0340435386753126,0.0487959442332066,0.0606715099155704,0.031413612565445,0.0651558073654391,0.0184361093452003,0.0078125,0.0884671636999251,0.0181136789506558,0.0538626845933436,0.0429378531073446,0.0362058385202069,0.0208899101733863,0.0352556031226391,0.0752398887992108,0.0797972874737782
"Cd33",0.0649022002025509,0.0166449793970939,0.0318547186662697,0.019225323306378,0.0462690230731468,0.015306918771879,0.0151169423844837,0.0584150943396226,0.00982800982800983,0.025,0.00885826771653543,0.00676982591876209,0.0157606075216972,0.0192926045016077,0.00515463917525773,0.0225709231474808,0.0325848387641398,0,0.0531432990829743,0.0588337988826816,0.0466050046605005,0.0286153974129684,0.0268984746596687,0.0555555555555556,0.00207900207900208,0.0289197709579875,0.0510006901311249,0.0304138632451885,0.0245484020379805,0.0297845373891001,0.0483015904182211,0.00994764397905759,0.0084985835694051,0.0130324221233312,0,0.0622123925373667,0.0224859462835728,0.0457901697156711,0.0595103578154426,0.029046491920166,0.0223522038855233,0.0277008310249307,0.0876453531820763,0.0856335804930733
"Cd34",0.0385940156365123,0.0131750162654522,0.0186067281929146,0.0634970579906233,0.0326460481099656,0.0230105465004794,0.0282373074729036,0.0196729559748428,0.00491400491400491,0.0025,0.00492125984251968,0.00580270793036751,0.114995178399229,0.00803858520900321,0.00902061855670103,0.0161665465504816,0.0179301029883505,0,0.0144735388354878,0.0258088919925512,0.0312612031261203,0.0176350704986898,0.0308348368049861,0.0342592592592593,0.00727650727650728,0.0212635913272856,0.0193926846100759,0.0195978720075106,0.0134321445113478,0.0152091254752852,0.0263106224229334,0.0104712041884817,0.0141643059490085,0.0150985378258106,0,0.0235793529055042,0.0106183635227983,0.0494131584747631,0.0190207156308851,0.0202215014172584,0.0119072487988302,0.0151095441954168,0.036678324813918,0.0532328078592643
"Cd36",0.0373052920976514,0.016048579483843,0.0229234891336707,0.0718039079953431,0.0319096710849288,0.119946933041985,0.0176839703365659,0.0268176100628931,0.00737100737100737,0.0125,0.0108267716535433,0.0174081237911025,0.038120781099325,0.0176848874598071,0.0219072164948454,0.019262268230361,0.0222522370420395,0.00537634408602151,0.0154679040989946,0.0322683891992551,0.0304008030400803,0.0222102067129726,0.0367393800229621,0.0130952380952381,0.0145530145530146,0.0177250209097343,0.0220151828847481,0.0152167109998435,0.0280222325150533,0.014575411913815,0.0408403691341056,0.0146596858638743,0.0169971671388102,0.020184361093452,0.0078125,0.0300717012092891,0.0268582136164897,0.0293558518845052,0.0212806026365348,0.0384266970573624,0.0137873407144349,0.023419793502896,0.0224494066301976,0.0503562008017114
"Cd37",0.119184797748509,0.0492843201040989,0.100476332241739,0.0713948585632925,0.0938880706921944,0.0720751856228678,0.0573302909298346,0.0990691823899371,0.0343980343980344,0.0125,0.0285433070866142,0.0203094777562863,0.0623794599807136,0.130225080385852,0.177835051546392,0.0714309113542554,0.0790477798412966,0.0268817204301075,0.0741354546458955,0.138311801675978,0.0705528070552807,0.0509087884207462,0.125799573560768,0.121560846560847,0.0498960498960499,0.158913980570032,0.107384403036577,0.0752425285557816,0.111857341361742,0.0811153358681876,0.100922835264088,0.0717277486910995,0.0963172804532578,0.0430705657978385,0.0625,0.114436556915064,0.0462211118051218,0.112670817720961,0.0800376647834275,0.0963735717834078,0.0919156047628995,0.123142785192647,0.133799659223388,0.156531040355578
"Cd38",0.066966761346625,0.0146931251355454,0.0311848764513248,0.0445234574116611,0.0338733431516937,0.0219291400031216,0.0365088419851683,0.0588679245283019,0.00982800982800983,0.0025,0.0206692913385827,0.0183752417794971,0.0225108486017358,0.00643086816720257,0.0541237113402062,0.0298597916530171,0.0448759074793179,0.010752688172043,0.0521489338194675,0.0553712756052142,0.0492579049257905,0.0345214823441334,0.0534689191405609,0.0415343915343915,0.0124740124740125,0.0649166827510777,0.0977225672877847,0.0379635424816148,0.0560444650301065,0.0456273764258555,0.056548203416454,0.0214659685863874,0.0028328611898017,0.0284488239033694,0.0234375,0.0833660328898084,0.0399750156152405,0.0371115274410403,0.0348399246704331,0.0435405160573917,0.0246500940045958,0.0438176781667086,0.0501001404956207,0.0890086609757617
"Cd3d",0.119531060840768,0.0285729776621123,0.0478565049121762,0.047575595481577,0.0920471281296024,0.05550848402417,0.0935539075869937,0.104,0.0122850122850123,0.02,0.0984251968503937,0.0328820116054159,0.0341429604628737,0.104501607717042,0.10180412371134,0.114312389438511,0.076346446057741,0.0483870967741935,0.0620925864545354,0.137467993482309,0.0673980067398007,0.0402611986856881,0.0605215679842546,0.0752645502645503,0.0540540540540541,0.311008170880782,0.0888198757763975,0.0842982318885933,0.117183881426586,0.0830164765525982,0.0587080306302769,0.156544502617801,0.0934844192634561,0.0241576605212969,0.140625,0.111511432954018,0.129294191130543,0.065365329512894,0.0538606403013183,0.0912597527833786,0.23417589304366,0.253084865273231,0.162616207813948,0.153851745695474
"Cd3e",0.0829261053733263,0.0290609412274995,0.0346829413515927,0.0352097164972782,0.0557191948944526,0.0451738054360186,0.0613234455219624,0.0608301886792453,0.0171990171990172,0.035,0.062992125984252,0.02321083172147,0.0340224204435873,0.0353697749196141,0.0708762886597938,0.0686791587499181,0.0452473408745568,0.043010752688172,0.0308253231687106,0.0790851955307263,0.0471069047106905,0.0289897267395916,0.0547810398556667,0.0404761904761905,0.0197505197505198,0.170687769413884,0.0524499654934438,0.0483883586293225,0.072024085224641,0.0564005069708492,0.0449636756332221,0.0984293193717277,0.104815864022663,0.0225683407501589,0.03125,0.074340955302679,0.0893191755153029,0.0469886488869297,0.027683615819209,0.07299611349756,0.0837685397952789,0.171745152354571,0.073027830089977,0.107826032774628
"Cd3g",0.0875212509209817,0.0236933420082412,0.0308871688002382,0.0375696170668009,0.0633284241531664,0.0558429396419095,0.0653166001140901,0.0606289308176101,0.00982800982800983,0.1075,0.118110236220472,0.0241779497098646,0.031400675024108,0.0321543408360129,0.0747422680412371,0.0812749787066763,0.0471382745230458,0.00537634408602151,0.0390012153353221,0.0729603119180633,0.0465333046533305,0.0288233581499813,0.0587174020009841,0.0347883597883598,0.0207900207900208,0.256578524094448,0.0458937198067633,0.0552534814583007,0.0694766095414544,0.0703422053231939,0.0359316709208718,0.135602094240838,0.0736543909348442,0.0219326128417038,0.0703125,0.067741590268612,0.094316052467208,0.0484350892660348,0.0282485875706215,0.0611904970632068,0.101107165239189,0.309493830269454,0.0831913430783487,0.11197997798409
"Cd4",0.0123925738282379,0.0103556712209933,0.00781482584102411,0.0119253642113212,0.0126411389297987,0.0156859684719838,0.00855675984027382,0.0144905660377358,0.00491400491400491,0.0075,0.0108267716535433,0.00580270793036751,0.0135908871745419,0.00160771704180064,0.0193298969072165,0.00796042717683286,0.0110079351679892,0.0161290322580645,0.00618716163959783,0.013471834264432,0.00831720083172008,0.00906708813376035,0.0159094636706577,0.00952380952380952,0.00831600831600832,0.0132857234768063,0.0104209799861974,0.00829291190736974,0.00833719314497453,0.00887198986058302,0.0117808757117612,0.018848167539267,0.0113314447592068,0.0119198982835346,0,0.0153747369172047,0.00811992504684572,0.00960160899272647,0.0096045197740113,0.0220332544344116,0.0137873407144349,0.00780659783429867,0.0121962155860461,0.0156292188506034
"Cd40",0.0432360238583081,0.0125243981782694,0.0197975587972611,0.0226865108083446,0.0314187530682376,0.0146603045775826,0.0219623502567028,0.0426666666666667,0.00737100737100737,0.015,0.0137795275590551,0.0106382978723404,0.0160619575699132,0.0112540192926045,0.0579896907216495,0.0198683089825067,0.0240081040013507,0.00537634408602151,0.0264059219975693,0.0477915502793296,0.0229440022944002,0.0197146778688184,0.0255863539445629,0.0383597883597884,0.0124740124740125,0.0280512127645886,0.0456866804692892,0.027460491315913,0.0312644742936545,0.0152091254752852,0.0322010602788141,0.0115183246073298,0.0198300283286119,0.00985378258105531,0,0.0449113544750829,0.014366021236727,0.0260221512012343,0.0107344632768362,0.0418456503316677,0.0353039481930228,0.0319818685469655,0.0319851732281111,0.0537208964213762
"Cd40lg",0.0172454640836655,0.013825634352635,0.014587674903245,0.0190679966017432,0.0254050073637703,0.0202011193114674,0.0199657729606389,0.0198238993710692,0.0466830466830467,0.0025,0.0167322834645669,0.00580270793036751,0.0193165380906461,0.0144694533762058,0.00644329896907216,0.0148725676472515,0.0202262367043728,0.00537634408602151,0.0104960777814606,0.019800395716946,0.0121890012189001,0.00919186457596806,0.0149253731343284,0.0144179894179894,0.0124740124740125,0.026024576979991,0.0149068322981366,0.0132608355499922,0.0141269106067624,0.0120405576679341,0.0180640094247006,0.018848167539267,0.0396600566572238,0.0152574698029243,0.0234375,0.0189419612599436,0.00811992504684572,0.0152082874145911,0.0126177024482109,0.0329037725373309,0.0104449550866931,0.0103248552002015,0.0205661674588228,0.0224313041310985
"Cd44",0.19126479754023,0.28675992192583,0.0653468294135159,0.0388911613857336,0.0845606283750614,0.0534460077147762,0.129492298916144,0.0808050314465409,0.0515970515970516,0.02,0.0551181102362205,0.0299806576402321,0.0580400192864031,0.0466237942122186,0.0502577319587629,0.140241105942475,0.100455850075975,0.032258064516129,0.136117556071152,0.0977799115456238,0.234889223488922,0.179886037516117,0.0434639986878793,0.046957671957672,0.0592515592515593,0.0882390786849386,0.0886818495514148,0.086038961038961,0.0928670680870774,0.0868187579214195,0.124288238759081,0.0356020942408377,0.0396600566572238,0.164017800381437,0.0078125,0.0806549423893269,0.0318550905683948,0.121900484901918,0.125235404896422,0.0760936267204348,0.0476289951953207,0.0377738604885419,0.103697725166652,0.310299707146863
"Cd47",0.218794015115816,0.06414009976144,0.10680261982733,0.0860262420943331,0.0803878252331861,0.0576935940600682,0.107529948659441,0.111899371069182,0.027027027027027,0.1575,0.047244094488189,0.0444874274661509,0.104538331726133,0.0305466237942122,0.086340206185567,0.161681844984603,0.0882323147053858,0.0591397849462366,0.157551651751188,0.113783170391061,0.278913027891303,0.194776026286237,0.0506806626209611,0.0556878306878307,0.0436590436590437,0.137328701022969,0.123257418909593,0.113851509935847,0.116489115331172,0.0842839036755387,0.126055370115845,0.0575916230366492,0.0651558073654391,0.0594405594405594,0.0703125,0.115292690757322,0.0905683947532792,0.178876460216002,0.0632768361581921,0.0877531340405014,0.107791936494673,0.0687484260891463,0.115565121214839,0.353428043284109
"Cd48",0.0590677972720717,0.0318802862719584,0.0725662399523668,0.0345174789968849,0.0706921944035346,0.0473589154719169,0.0607529948659441,0.117937106918239,0.00737100737100737,0.0275,0.0403543307086614,0.0241779497098646,0.0339621504339441,0.0771704180064309,0.141752577319588,0.0598997575836991,0.0726996454499409,0,0.0875041431885979,0.163553305400372,0.0506919050691905,0.0388886578214033,0.0852878464818763,0.0621693121693122,0.0571725571725572,0.150775268609664,0.106211180124224,0.0625293381317478,0.133395090319592,0.11660329531052,0.107402316905557,0.0544502617801047,0,0.0236808645899555,0.09375,0.130560410944244,0.124921923797626,0.0412993167291162,0.0419962335216573,0.0484205604745624,0.0470022978901191,0.0984638630067993,0.202283801153858,0.0887074999480757
"Cd52",0.0980393177836038,0.0379527217523314,0.10099732063114,0.0382933199081212,0.0879970544918999,0.0618073981582644,0.0787221905305191,0.186264150943396,0.0221130221130221,0.0125,0.00984251968503937,0.0154738878143133,0.0248011089681774,0.128617363344051,0.417525773195876,0.077933564829981,0.0747594124599021,0.0161290322580645,0.13401834051486,0.147680982309125,0.0610167061016706,0.0653412635694381,0.0769230769230769,0.0658730158730159,0.0841995841995842,0.307533938107186,0.11456176673568,0.112990924737913,0.193376563223715,0.220532319391635,0.187904967602592,0.135078534031414,0.0878186968838527,0.0287666878575969,0.1015625,0.0961723682802411,0.061211742660837,0.0771848137535817,0.0602636534839925,0.0395663481487975,0.177982034677251,0.27046084109796,0.136071503303142,0.138856003489314
"Cd53",0.0558238588287976,0.0177835610496638,0.0475587972610896,0.0247946886504515,0.0657830142366225,0.0312047091350978,0.0550484883057616,0.0777861635220126,0.0221130221130221,0.0075,0.00196850393700787,0.00676982591876209,0.0236861137897782,0.0643086816720257,0.139175257731959,0.04759876826312,0.0719230119871687,0.0161290322580645,0.108606783780798,0.0868685986964618,0.0352764035276404,0.0479973381025662,0.059373462358537,0.062037037037037,0.0935550935550936,0.0772373415685518,0.191235334713596,0.0588718510405257,0.0727188513200556,0.0747782002534854,0.120753976045553,0.0544502617801047,0.084985835694051,0.0214558169103624,0.0234375,0.0975992580173367,0.0818238600874453,0.0497988759091911,0.0981167608286252,0.040647555594518,0.0530603718404011,0.0533870561571393,0.0699488835082055,0.0840135418613829
"Cd55",0.039039211040846,0.0169160702667534,0.0226257814825841,0.0229382335357604,0.0320324005891016,0.025418626948204,0.0296634341129492,0.0195723270440252,0.0147420147420147,0.02,0.00885826771653543,0.00773694390715667,0.0433341369334619,0.0128617363344051,0.0180412371134021,0.0197045141846295,0.0211717035286173,0.010752688172043,0.0129267484255883,0.0281657355679702,0.0365670036567004,0.018009399825313,0.0457602099393144,0.0435185185185185,0.0228690228690229,0.0294666409316091,0.0189095928226363,0.0171921452041934,0.0270958777211672,0.0285171102661597,0.0170822697820538,0.031413612565445,0.0254957507082153,0.0104895104895105,0.0390625,0.0327471194663432,0.0249843847595253,0.0290665638086842,0.024105461393597,0.0289880482744514,0.0137873407144349,0.027952656761521,0.0391594176904911,0.051124680665462
"Cd59a",0.126185560568705,0.0382780307959228,0.0575320035724918,0.0898650136874233,0.105424644084438,0.150560770585743,0.062749572162008,0.0859874213836478,0.0221130221130221,0.1025,0.116141732283465,0.0125725338491296,0.087481918997107,0.0562700964630225,0.0605670103092784,0.0544453908143877,0.0913726152287692,0,0.0603248259860789,0.090651187150838,0.0804474080447408,0.068835003951254,0.0756109562079711,0.0645502645502646,0.0748440748440748,0.0872096763816509,0.0921325051759834,0.0638397746831482,0.0717924965261695,0.0443599493029151,0.0640094247005694,0.049738219895288,0.0084985835694051,0.0483153210425938,0.0078125,0.102771733314308,0.0630855715178014,0.109089155829844,0.0726930320150659,0.152041144326583,0.0678922080635053,0.0430622009569378,0.104504827668669,0.159677653851746
"Cd5l",0.041840557561683,0.0101930166991976,0.0175647514141113,0.0143796608036248,0.0304369170348552,0.0125532341858235,0.026811180832858,0.0340125786163522,0.0147420147420147,0.0075,0.0127952755905512,0.0164410058027079,0.0128073770491803,0.0337620578778135,0.0167525773195876,0.0201795190984734,0.0208340368056728,0.00537634408602151,0.0212131256214783,0.0388733705772812,0.0212949021294902,0.0133926714636277,0.0173855994751517,0.0272486772486772,0.0114345114345114,0.0235154088657273,0.0272601794340925,0.0165858238147395,0.0338119499768411,0.0278833967046895,0.0215982721382289,0.0287958115183246,0.0056657223796034,0.0106484424666243,0.0234375,0.037313166625049,0.0193628981886321,0.0244241789728896,0.0177024482109228,0.0243417784401391,0.0146229371213704,0.012591286829514,0.0296834364630975,0.0526201009408686
"Cd6",0.136995217403756,0.02765126870527,0.0289520690681751,0.0252037380825021,0.0423416789396171,0.0298334411023657,0.0818596691386195,0.0566037735849057,0.00982800982800983,0.015,0.0196850393700787,0.0251450676982592,0.0235053037608486,0.0321543408360129,0.0322164948453608,0.0574264561357531,0.0447746074624346,0.0537634408602151,0.0422052811843995,0.0602013500931099,0.0732774073277407,0.0417585159921807,0.0301787764474332,0.0214285714285714,0.027027027027027,0.107894228913337,0.0503105590062112,0.0458652792990142,0.0544233441408059,0.0481622306717364,0.0294521892794031,0.0633507853403141,0.0623229461756374,0.0195486331849968,0.015625,0.0607498305568437,0.0918176139912555,0.0730934538241129,0.0286252354048964,0.0500277607317144,0.0825151451848757,0.102493074792244,0.0883029922577945,0.17491224790745
"Cd63",0.396580586876889,0.079646497505964,0.07360821673117,0.097259368805261,0.0886107020127639,0.0810385961782871,0.217912150598973,0.137408805031447,0.058968058968059,0.0725,0.0482283464566929,0.142166344294004,0.153658389585342,0.0707395498392283,0.11340206185567,0.328703400380004,0.176093196015533,0.0645161290322581,0.344492321290465,0.14653165735568,0.587151358715136,0.39999168157052,0.0526488436936198,0.15462962962963,0.0374220374220374,0.106253618992473,0.477570738440304,0.313644187138163,0.108151922186197,0.0893536121673004,0.249950913017868,0.109947643979058,0.107648725212465,0.168785759694851,0.046875,0.257232547354903,0.0449718925671455,0.346828851664095,0.301318267419962,0.0722947897489845,0.0749947775224567,0.0906572651725006,0.0988252174692853,0.66111076494901
"Cd68",0.133610690938061,0.0463565387117762,0.0519499851146174,0.0580220886693307,0.0733922434953363,0.0666235590537136,0.0618938961779806,0.137459119496855,0.0319410319410319,0.0375,0.0610236220472441,0.0261121856866538,0.0564428640308582,0.0337620578778135,0.047680412371134,0.0567548974644565,0.10504811750802,0.0752688172043011,0.153684675726439,0.179862081005587,0.0742095074209507,0.0857214157966976,0.0779071674594063,0.121296296296296,0.0207900207900208,0.101717815093611,0.256383712905452,0.077961195431075,0.0724872626215841,0.0982256020278834,0.171215393677597,0.062303664921466,0.028328611898017,0.0357596948506039,0,0.206363928227446,0.0737039350405996,0.1098605906987,0.0883239171374765,0.0769702814061541,0.0541048673490704,0.103752203475195,0.0942815293097779,0.176231125511455
"Cd69",0.0705387385088818,0.0207655606159185,0.0417534980649003,0.028350272175199,0.0516691212567501,0.0257976766483088,0.0778665145464917,0.0526289308176101,0.0245700245700246,0.01,0.00688976377952756,0.0299806576402321,0.0204315332690453,0.0160771704180064,0.0528350515463918,0.033692589923344,0.054735775789296,0.010752688172043,0.0300519279637609,0.0574371508379888,0.0504051050405105,0.0371833797778979,0.0846317861243234,0.0267195767195767,0.027027027027027,0.0754680563597761,0.0372670807453416,0.0356556094507902,0.0650764242704956,0.0468948035487959,0.0286667975652857,0.0539267015706806,0.0056657223796034,0.0158931977113795,0.0390625,0.058395462490636,0.0480949406620862,0.0571550584086401,0.0322033898305085,0.0513719645831507,0.0891999164403593,0.0773105011332158,0.0728783666636774,0.0946164870085364
"Cd70",0.0590495728987948,0.014367816091954,0.0183834474545996,0.0229382335357604,0.0360824742268041,0.019766327008406,0.0310895607529949,0.0334088050314465,0.0417690417690418,0.01,0.0255905511811024,0.0106382978723404,0.0163331726133076,0.0176848874598071,0.0322164948453608,0.0305804887636769,0.0338004389667398,0,0.0237542812948845,0.0527671089385475,0.0327669032766903,0.0186332820363515,0.0273905199278334,0.0169312169312169,0.0187110187110187,0.0481567265006755,0.0318840579710145,0.0251134407760914,0.0303381194997684,0.0278833967046895,0.0223836638523464,0.0329842931937173,0,0.0135092180546726,0.0078125,0.0385260229015803,0.0174890693316677,0.034976305929028,0.0216572504708098,0.0226761345372724,0.0543137664508043,0.0337446487030975,0.0411622276029056,0.0733482875360874
"Cd74",0.166391131499267,0.0678811537627413,0.221345638582912,0.0812749756143608,0.125920471281296,0.0590091194898437,0.0698802053622362,2.24618867924528,0.00982800982800983,0.0175,0.0196850393700787,0.0193423597678917,0.0600590646094503,1.18649517684887,1.64819587628866,0.130462556509205,0.263109910518318,0.0161290322580645,0.44205060214341,0.523001047486033,0.223847422384742,0.328203635153683,0.323765786452354,0.117195767195767,0.0904365904365904,0.354854275236441,0.529399585921325,0.750058676263496,0.408059286706809,0.539923954372624,3.94993127822501,0.13979057591623,0.028328611898017,0.068340750158932,0.015625,0.667249313309314,0.135540287320425,0.148638968481375,0.139736346516008,0.0668887525203822,0.0850219344056821,0.185343742130446,0.224912563895615,0.331702909838619
"Cd79a",0.0990468652776223,0.0203318152244632,0.0719708246501935,0.0337937761555646,0.046759941089838,0.0205578719703895,0.0347974900171135,0.0432704402515723,0.0122850122850123,0.02,0.0196850393700787,0.0212765957446809,0.023927193828351,0.0836012861736334,0.105670103092784,0.0384753980213588,0.0354212392368732,0.010752688172043,0.0356866644569661,0.0589356378026071,0.0489711048971105,0.0291560953292018,0.100705264884369,0.0304232804232804,0.0228690228690229,0.0778485491861288,0.0424430641821946,0.0387067751525583,0.071560907827698,0.0519645120405577,0.0231690555664638,0.0324607329842932,0.0481586402266289,0.0187539732994278,0.03125,0.0520458031605608,0.0643347907557776,0.0572101608992726,0.0348399246704331,0.0378422606002162,0.0532692709421349,0.0659783429866532,0.0616985023764685,0.119882858745093
"Cd80",0.0626970510360556,0.0166991975710258,0.0249330157785055,0.0237563323998616,0.037432498772705,0.0180383063167518,0.0413576725613234,0.0496100628930818,0.00245700245700246,0.0175,0.0196850393700787,0.00580270793036751,0.0217574734811958,0.0192926045016077,0.0257731958762887,0.0318744676669069,0.0358939726489954,0.032258064516129,0.031930173461496,0.0438198324022346,0.0390765039076504,0.0292808717714096,0.0160734787600459,0.0211640211640212,0.027027027027027,0.0541722962105128,0.035127674258109,0.0305898920356752,0.0470125057897175,0.0342205323193916,0.0208128804241115,0.018848167539267,0.0396600566572238,0.0133502860775588,0.0234375,0.0392037955267007,0.0468457214241099,0.03956358827419,0.0263653483992467,0.040647555594518,0.0263212868184667,0.0352556031226391,0.0576928825516396,0.0783537915134899
"Cd81",0.208809662042015,0.177293428757319,0.0743524858588866,0.145999181901136,0.0823514972999509,0.0824656068139758,0.0946948088990302,0.090062893081761,0.0343980343980344,0.0225,0.0275590551181102,0.0454545454545455,0.15832931533269,0.127009646302251,0.0695876288659794,0.103338137980738,0.0723619787269965,0.0698924731182796,0.108385813722241,0.104283054003724,0.222987022298702,0.143617684981076,0.0713465638838773,0.0984126984126984,0.0509355509355509,0.0933539213793991,0.132712215320911,0.100023470505398,0.110236220472441,0.103929024081115,0.127822501472609,0.0596858638743456,0.0028328611898017,0.345518118245391,0,0.128384404095174,0.0818238600874453,0.163957460877232,0.0693032015065913,0.0751000847432863,0.0843952371004805,0.0707630319818685,0.112814994170926,0.319490310922799
"Cd83",0.028328486517869,0.0103556712209933,0.0160017862459065,0.0159214625090463,0.0252822778595974,0.0111485205913175,0.013405590416429,0.0356729559748428,0.0540540540540541,0.02,0.00885826771653543,0.00483558994197292,0.0124758919961427,0.00482315112540193,0.0270618556701031,0.017378628054773,0.0205976700996117,0.0161290322580645,0.0213236106507568,0.037651303538175,0.0152721015272102,0.0107723661772657,0.0157454485812695,0.0271164021164021,0.0166320166320166,0.0193012931866435,0.0258109040717736,0.0211821311218902,0.024316813339509,0.0221799746514575,0.0159041822108777,0.0146596858638743,0.0056657223796034,0.00985378258105531,0.015625,0.0401669460992402,0.0312304809494066,0.0225644699140401,0.012241054613936,0.0152537915315157,0.0215166074785878,0.0115839838831529,0.0288464412758198,0.0377074376388975
"Cd84",0.0204399363709024,0.00970505313381045,0.0238166120869306,0.0115163147792706,0.0337506136475209,0.0146714530981739,0.0231032515687393,0.0533333333333333,0.0221130221130221,0.0075,0.0127952755905512,0.00386847195357834,0.0133498071359691,0.0144694533762058,0.0257731958762887,0.0208838367293455,0.0307276717879453,0.010752688172043,0.0448569218870843,0.065802490689013,0.0185703018570302,0.0184669134467413,0.0159094636706577,0.0367724867724868,0.025987525987526,0.0553625426236891,0.0741890959282264,0.0214950711938664,0.0398332561371005,0.026615969581749,0.0814843903396819,0.0308900523560209,0.0453257790368272,0.0117609663064209,0.0078125,0.0560410944244284,0.0399750156152405,0.0244930570861803,0.0354048964218456,0.0299231466058853,0.0275746814288699,0.0271971795517502,0.0413116910292052,0.0319334537977444
"Cd86",0.0919627910367325,0.0286271958360442,0.0419767788032152,0.0389226267266606,0.0778105056455572,0.032196927467725,0.0507701083856246,0.109433962264151,0.0368550368550369,0.0075,0.031496062992126,0.0261121856866538,0.0345045805207329,0.045016077170418,0.0734536082474227,0.0480246347376007,0.0623332770555462,0.010752688172043,0.0781129156999227,0.0896618947858473,0.0628809062880906,0.0462088757642557,0.0716745940626538,0.0435185185185185,0.0363825363825364,0.0764331210191083,0.0786749482401656,0.0536496635894226,0.0523390458545623,0.0665399239543726,0.0700962104849794,0.0267015706806283,0.0056657223796034,0.0305149396058487,0.2421875,0.104769378946242,0.0193628981886321,0.0777771655278819,0.0380414312617702,0.0438327342859648,0.0632964278253604,0.0735331150843616,0.0634322781215437,0.119270151826697
"Cd8a",0.0386330678649626,0.0135545434829755,0.0191277165823162,0.0163305119410969,0.0326460481099656,0.0388191486989676,0.0345122646891044,0.0295849056603774,0.00737100737100737,0.005,0.00196850393700787,0.00580270793036751,0.0126265670202507,0.0289389067524116,0.0554123711340206,0.021620913319793,0.0219483369913895,0.17741935483871,0.0164622693625014,0.0379277234636871,0.0252384025238403,0.015389094538951,0.0354272593078563,0.0144179894179894,0.0114345114345114,0.109727851766068,0.0232574189095928,0.0271866687529338,0.0416859657248726,0.0386565272496831,0.012762615354408,0.0403141361256545,0.0028328611898017,0.0111252383979657,0.078125,0.0308564905646916,0.0156152404747033,0.0263940930130042,0.0146892655367232,0.0435112942345343,0.0179653227491122,0.292873331654495,0.0486951842884046,0.0515089205973373
"Cd8b1",0.0515098893259846,0.0129039253957927,0.0169693361119381,0.0203266102388219,0.0401325478645066,0.0443265178710785,0.0379349686252139,0.0397987421383648,0.0196560196560197,0.0025,0.00885826771653543,0.0164410058027079,0.0134402121504339,0.0401929260450161,0.038659793814433,0.0304985913647383,0.0265743710957285,0.139784946236559,0.0214340956800354,0.0411283752327747,0.0284649028464903,0.0224181674499854,0.0254223388551747,0.033994708994709,0.0103950103950104,0.125651418645049,0.030503795721187,0.0373963386011579,0.056276053728578,0.0399239543726236,0.0172786177105832,0.0544502617801047,0.0084985835694051,0.0116020343293071,0.21875,0.0402026183426676,0.0118675827607745,0.0325517963411946,0.0239171374764595,0.0590573039946232,0.0411531230415709,0.307479224376731,0.0630436732131647,0.0670550605437514
"Cd9",0.283451488020078,0.438733463456951,0.0565644537064603,0.100217110852396,0.0690967108492882,0.0437356462797387,0.115516257843697,0.0842767295597484,0.0319410319410319,0.06,0.106299212598425,0.0725338491295938,0.110746142719383,0.0209003215434084,0.0180412371134021,0.288475398021359,0.107749451291575,0.032258064516129,0.158435531985416,0.101751629422719,0.597906359790636,0.434097242440627,0.0408397572576677,0.0537037037037037,0.0602910602910603,0.0617641381972592,0.0919944789510007,0.139180097011422,0.0446966188050023,0.0494296577946768,0.0885529157667387,0.0717277486910995,0.0084985835694051,0.499046408137317,0.015625,0.0531516427068098,0.0437226733291693,0.226650319594446,0.165725047080979,0.0387481371087928,0.0499268853143931,0.0473432384789726,0.108301198696679,0.563264585540117
"Cdh1",0.163017018961159,0.191173281283886,0.0334921107472462,0.0386079733173909,0.0537555228276878,0.0295881736493567,0.0835710211066743,0.0493081761006289,0.164619164619165,0.0475,0.101377952755906,0.0396518375241779,0.0290802796528447,0.0209003215434084,0.0115979381443299,0.0877612527026142,0.0651359108559851,0,0.0768975803778588,0.0580481843575419,0.167061016706102,0.111882876512914,0.0429719534197146,0.0380952380952381,0.0239085239085239,0.0477707006369427,0.0642512077294686,0.0631356595212017,0.0358962482630848,0.0335868187579214,0.0394659336344002,0.0293193717277487,0.0113314447592068,0.105212968849332,0.0234375,0.0537223986016481,0.0137414116177389,0.0964569098523253,0.0421845574387947,0.0529499430174454,0.0248589931063296,0.0430622009569378,0.0886318117956536,0.235871393856315
"Cdh11",0.0391589712080937,0.0184883973107786,0.0212116701399226,0.0244485699002549,0.0564555719194894,0.0222747441414524,0.0176839703365659,0.0254591194968553,0.0393120393120393,0.0125,0.0433070866141732,0.0145067698259188,0.0389344262295082,0.0160771704180064,0.0206185567010309,0.0218829849963965,0.0311666385277731,0.0483870967741935,0.0213236106507568,0.0320356145251397,0.0325518032551803,0.021877469533752,0.0191897654584222,0.0145502645502645,0.0166320166320166,0.0261854210898797,0.0257418909592823,0.0453567516820529,0.0213061602593793,0.0247148288973384,0.0239544472805812,0.0109947643979058,0.0028328611898017,0.0235219326128417,0.0546875,0.0291442228801769,0.00874453466583385,0.0328824112849901,0.031638418079096,0.0463458110516934,0.0307081679548778,0.0410475950642156,0.0250201775625504,0.0505742829252082
"Cdh19",0.0199973444484654,0.0152895250487964,0.0127270020839536,0.0167710267140744,0.0257731958762887,0.0166558897634284,0.015687393040502,0.0168050314465409,0.0122850122850123,0.0175,0.00885826771653543,0.00967117988394584,0.0270009643201543,0.0192926045016077,0.0038659793814433,0.0125630609971827,0.016984636164106,0,0.0133686885427025,0.0191457169459963,0.0165627016562702,0.0146404358857048,0.0301787764474332,0.0138888888888889,0.0135135135135135,0.0178536961976452,0.0129744651483782,0.0122046628070724,0.0145900880037054,0.00887198986058302,0.0133516591399961,0.0240837696335079,0.0056657223796034,0.0112841703750795,0,0.0193343559376449,0.0106183635227983,0.0173848357945779,0.0186440677966102,0.0166272172058093,0.0104449550866931,0.0221606648199446,0.0210743431082414,0.0262217791347332
"Cdh5",0.0678545486733958,0.0195727607894166,0.038106579339089,0.217677228532771,0.0679921453117329,0.0411714865437356,0.0356531660011409,0.0493584905660377,0.0466830466830467,0.03,0.0147637795275591,0.0338491295938104,0.0371263259402122,0.0273311897106109,0.0180412371134021,0.0307770425211295,0.0529461421576904,0.0537634408602151,0.042094796155121,0.0538000465549348,0.0494013049401305,0.0333153100694589,0.0214859767098573,0.0365079365079365,0.0103950103950104,0.0451971948787235,0.0442374051069703,0.0416014708183383,0.0433070866141732,0.0462610899873257,0.0335754957785195,0.050261780104712,0.0169971671388102,0.0198664971392244,0.0546875,0.0588592016551921,0.0174890693316677,0.0498126515318492,0.036346516007533,0.0419917594459542,0.0254856904115312,0.0201460589272224,0.0612501120975697,0.0896525224832284
"Cdkn1a",0.113032770026634,0.492138364779874,0.123176540637094,0.180139076806897,0.0957290132547865,0.0987201498361168,0.121791215059897,0.116830188679245,0.0909090909090909,0.0225,0.196850393700787,0.0319148936170213,0.134854146576663,0.00964630225080386,0.0399484536082474,0.0520539867653803,0.229005571500929,0.0698924731182796,0.181637388133908,0.213090665735568,0.0564996056499606,0.167949091211579,0.0406757421682795,0.119179894179894,0.0374220374220374,0.080164704368526,0.34223602484472,0.127053669222344,0.0606762389995368,0.0342205323193916,0.218142548596112,0.102094240837696,0.0509915014164306,0.0208200890019072,0.0078125,0.208076195911961,0.0549656464709556,0.0806011681728014,0.125800376647834,0.0765903977090091,0.0484645916022561,0.0352556031226391,0.089558485038711,0.154672149874343
"Cdkn3",0.0497863843103767,0.0199522880069399,0.0342363798749628,0.0235046096724458,0.0344869906725577,0.0133559276683984,0.0248146035367941,0.0275220125786164,0.0147420147420147,0.0275,0.0196850393700787,0.0145067698259188,0.0155195274831244,0.0723472668810289,0.0283505154639175,0.0267968289327131,0.023501603916934,0.0376344086021505,0.0239752513534416,0.0380295623836127,0.0298989029898903,0.0243314062305037,0.0290306708217156,0.0267195767195767,0.0124740124740125,0.0399858457183298,0.0287094547964113,0.0259153497105304,0.0349698934691987,0.0247148288973384,0.0204201845670528,0.0267015706806283,0.0226628895184136,0.0136681500317864,0.015625,0.0439482039025434,0.014366021236727,0.039756446991404,0.0180790960451977,0.0281698372344467,0.0401086275329016,0.0329891714933266,0.0388305981526321,0.0695889671215237
"Ceacam1",0.0828636218078058,0.0376816308826719,0.0454748437034832,0.0592807023064095,0.0603829160530191,0.0295212825258088,0.0322304620650314,0.0451823899371069,0.0122850122850123,0.0175,0.00885826771653543,0.00676982591876209,0.0322444551591128,0.0546623794212219,0.0193298969072165,0.0355926095787198,0.0435590072598345,0.021505376344086,0.0476190476190476,0.0957285847299814,0.0470352047035205,0.0305286361934867,0.0551090700344432,0.0445767195767196,0.0384615384615385,0.054268802676446,0.0503105590062112,0.0345798779533719,0.0444650301065308,0.0380228136882129,0.0361280188494011,0.0345549738219895,0.0141643059490085,0.155753337571519,0,0.0496200906074983,0.0462211118051218,0.0646214458893542,0.0467043314500942,0.0507583063031472,0.0373929392103614,0.0261898766053891,0.0673781125758527,0.108957982844206
"Ceacam3",0.0492865157862125,0.0218499240945565,0.026570407859482,0.0233787483087379,0.039273441335297,0.0204463867644764,0.0302338847689675,0.0310943396226415,0.027027027027027,0.005,0.0196850393700787,0.0251450676982592,0.0263379942140791,0.0209003215434084,0.0231958762886598,0.0350684662255127,0.0252574708762451,0,0.0246381615291128,0.0393389199255121,0.0394350039435004,0.0257039470947885,0.0572412661964901,0.0194444444444444,0.00935550935550936,0.0414656115293058,0.0307108350586611,0.0267172586449695,0.0284854099119963,0.0247148288973384,0.0223836638523464,0.0356020942408377,0.0509915014164306,0.0241576605212969,0.0078125,0.0378125780330325,0.0118675827607745,0.0456386378664316,0.0290018832391714,0.0526869466117296,0.0202632128681847,0.0332409972299169,0.0336292709174065,0.0665046628034976
"Celsr1",0.0676462701216607,0.0681522446324008,0.0218815123548675,0.0335420534281489,0.0401325478645066,0.0265111819661531,0.0259555048488306,0.036377358490566,0.0122850122850123,0.035,0.0501968503937008,0.0203094777562863,0.0247408389585342,0.00803858520900321,0.0360824742268041,0.039818515363952,0.0514266419044403,0.021505376344086,0.0225389459728207,0.0497992318435754,0.0466767046676705,0.0304454518986815,0.0336230933245859,0.0444444444444444,0.027027027027027,0.0548156726500676,0.0303657694962043,0.0294359255202629,0.0291801760074108,0.0297845373891001,0.0243471431376399,0.0329842931937173,0.0056657223796034,0.0554672600127146,0.0078125,0.0399529126386758,0.0449718925671455,0.0395084857835574,0.0224105461393597,0.0408813301773765,0.0302903697514101,0.0229161420297154,0.0686336053567692,0.0923525868693792
"Celsr2",0.12124415192879,0.165528085014097,0.0389997022923489,0.0400868443409584,0.0493372606774669,0.0242591808067069,0.053907586993725,0.0415094339622641,0.0442260442260442,0.005,0.046259842519685,0.00870406189555126,0.0277844744455159,0.0192926045016077,0.0335051546391753,0.0517100176898382,0.0589566098261016,0,0.0416528560380068,0.050177490689013,0.0806625080662508,0.0415921474025704,0.0408397572576677,0.0201058201058201,0.0187110187110187,0.0524030110017371,0.0360248447204969,0.0351079643248318,0.0352014821676702,0.0291508238276299,0.0278814058511683,0.0408376963350785,0.028328611898017,0.0840750158931977,0.0234375,0.0506545856668926,0.0381011867582761,0.0598826316949526,0.0335216572504708,0.0559890125946057,0.0720701900981826,0.0501133215814656,0.0809792843691149,0.149251251375994
"Cenpf",0.0343425296992197,0.0164281067013663,0.0349062220899077,0.042572606274189,0.0429553264604811,0.111061562130705,0.0299486594409584,0.021685534591195,0.0221130221130221,0.0175,0.0344488188976378,0.0164410058027079,0.0471914175506268,0.0241157556270096,0.0231958762886598,0.0194915809473891,0.0341718723619787,0.032258064516129,0.0156888741575517,0.0236557262569832,0.0274611027461103,0.0316516241733561,0.0337871084139741,0.0145502645502645,0.00935550935550936,0.0233867335778164,0.0200828157349896,0.0176615553121577,0.0231588698471515,0.0082382762991128,0.0261142744944041,0.0178010471204188,0.0198300283286119,0.0259059122695486,0,0.0227588913066743,0.023735165521549,0.027234405995151,0.0288135593220339,0.0781975979661611,0.012116147900564,0.0133467640392848,0.0211341284787612,0.0471888175794961
"Cfd",0.141621604734171,0.0220667967902841,0.0552991961893421,0.128630313709449,0.0807560137457045,0.0335013043769092,0.0482030804335425,0.0685786163522013,0.0147420147420147,0.0325,0.0334645669291339,0.00773694390715667,0.0496926229508197,0.0659163987138264,0.0257731958762887,0.0565911026665793,0.0773256795542799,0.0161290322580645,0.0473980775604906,0.10615979981378,0.0718434071843407,0.041051449486337,0.0761030014761358,0.0832010582010582,0.0384615384615385,0.0805185614102812,0.0644582470669427,0.0513808480675951,0.070634553033812,0.0424588086185044,0.0426075004908698,0.0591623036649215,0.0056657223796034,0.0251112523839797,0,0.0791923804088039,0.0474703310430981,0.0933022922636103,0.0401129943502825,0.0669471961660968,0.0756214748276582,0.0672374716696046,0.0877948166083759,0.174289156126031
"Cflar",0.0721763286218989,0.0418022121014964,0.0197231318844894,0.0454988829803971,0.0298232695139912,0.0303128274877924,0.0316600114090131,0.041811320754717,0.0196560196560197,0.005,0.0118110236220472,0.0164410058027079,0.0383618611378978,0.0176848874598071,0.0309278350515464,0.0375909061128219,0.0381901063650177,0,0.0395536404817147,0.0532617551210428,0.0532014053201405,0.0424239903506218,0.0295227160898803,0.030026455026455,0.0155925155925156,0.055008685581934,0.0443754313319531,0.0370833985291817,0.0414543770264011,0.032319391634981,0.0408403691341056,0.018848167539267,0,0.0797838525111252,0.015625,0.0472657225412906,0.0131168019987508,0.0455697597531408,0.0263653483992467,0.0433651851202478,0.0271568832254021,0.057668093679174,0.0517741308701761,0.100442395164808
"Chek1",0.142090231475575,0.0252114508783344,0.0395951175945222,0.0261476983103112,0.0364506627393225,0.0208923275881291,0.0288077581289218,0.0357735849056604,0.058968058968059,0.0375,0.0226377952755906,0.0241779497098646,0.0263078592092575,0.0305466237942122,0.0412371134020619,0.063798073773177,0.0429512071585345,0.0537634408602151,0.035465694398409,0.0363564944134078,0.0808776080877608,0.0493698789668511,0.0308348368049861,0.0431216931216931,0.0155925155925156,0.0364472753007785,0.0311939268461008,0.0404279455484275,0.0449282075034738,0.0209125475285171,0.0208128804241115,0.0340314136125654,0.0198300283286119,0.0268595041322314,0.0078125,0.0308564905646916,0.0318550905683948,0.0845134450077143,0.0258003766478343,0.0375208205487858,0.00919156047628995,0.0339964744396877,0.0695901712850865,0.194674642241469
"Chek2",0.152798352516656,0.0353502494036001,0.0497171777314677,0.0492432585507064,0.0457781050564556,0.0213271198911904,0.0416428978893326,0.0642012578616352,0.0540540540540541,0.0225,0.0236220472440945,0.0193423597678917,0.0292008196721311,0.0209003215434084,0.0438144329896907,0.0582618096049269,0.0542968090494682,0.043010752688172,0.0497182631753397,0.0725675046554935,0.0825267082526708,0.0526140664642515,0.0429719534197146,0.0514550264550265,0.0436590436590437,0.0746638358103326,0.0512767425810904,0.0505984978876545,0.0666975451597962,0.0659062103929024,0.0308266247791086,0.0455497382198953,0.0056657223796034,0.0389383343928798,0.046875,0.0542574822530589,0.0174890693316677,0.104653405333921,0.0301318267419962,0.0316180123316092,0.0417798203467725,0.0647192143037018,0.0978686515409679,0.198537811286269
"Chil1",0.0835144922819779,0.0532422468011277,0.0364691872581125,0.042541140933262,0.0830878743249877,0.0306807286673058,0.0553337136337707,0.0620880503144654,0.0368550368550369,0.005,0.00492125984251968,0.034816247582205,0.0337210703953713,0.0643086816720257,0.0373711340206186,0.0358710607351111,0.0517305419550903,0.00537634408602151,0.0370124848083085,0.0787796787709497,0.0556392055639206,0.0348958116707566,0.0790552730851238,0.060978835978836,0.0197505197505198,0.0551695296918227,0.0503105590062112,0.0427554373337506,0.0474756831866605,0.0449936628643853,0.0431965442764579,0.0324607329842932,0.0679886685552408,0.0276541640178004,0,0.0600007134448685,0.0480949406620862,0.0614117258100066,0.0568738229755179,0.0533006048917331,0.0559849592646752,0.0345001259128683,0.0783487280662422,0.107607950651131
"Cidea",0.0409657876443956,0.021036651485578,0.0247097350401905,0.0282244108114911,0.0402552773686794,0.0253628843452474,0.0165430690245294,0.0406540880503145,0.0221130221130221,0.0075,0.0423228346456693,0.0106382978723404,0.0274831243972999,0.0176848874598071,0.0077319587628866,0.0200812422197471,0.0302211717035286,0.0161290322580645,0.0262954369682908,0.0462930633147114,0.0258837025883703,0.0192571642473901,0.0391996063637855,0.0234126984126984,0.00935550935550936,0.0285015762722769,0.0285714285714286,0.0232553590987326,0.0217693376563224,0.0221799746514575,0.028274101708227,0.0308900523560209,0.0028328611898017,0.0166878575969485,0,0.0427353476260122,0.00936914428482199,0.0331441481154948,0.0160075329566855,0.029806259314456,0.0150407353248381,0.0256862251322085,0.0359011149971602,0.0527135647080815
"Ciita",0.134857758766574,0.0194101062676209,0.0420512057159869,0.0378528051351436,0.0414825724104075,0.0201788222702847,0.04249857387336,0.210163522012579,0.00982800982800983,0.01,0.0206692913385827,0.0319148936170213,0.0226916586306654,0.090032154340836,0.146907216494845,0.0443064928257879,0.0525071754178626,0.0161290322580645,0.0656281073914485,0.0823731378026071,0.0915609091560909,0.0563989518778855,0.0537969493193374,0.0477513227513228,0.0187110187110187,0.0575500225181754,0.0536231884057971,0.0720153340635268,0.0592867068087077,0.0608365019011407,0.114274494404084,0.0298429319371728,0.0339943342776204,0.014780673871583,0.109375,0.0753041058752185,0.0206121174266084,0.0742919329953714,0.0357815442561205,0.0342771982116244,0.0509713808230625,0.0322336942835558,0.0793949720503393,0.177311151265915
"Clcf1",0.218512839070974,0.0339947950553025,0.0523965465912474,0.0365627261571379,0.0364506627393225,0.0247720127539076,0.0735881346263548,0.0584654088050314,0.0147420147420147,0.0075,0.00688976377952756,0.011605415860735,0.0273324493731919,0.0418006430868167,0.0489690721649485,0.0857138177291489,0.0511565085260848,0.010752688172043,0.0500497182631753,0.0849773044692737,0.102244210224421,0.0650917106850227,0.0505166475315729,0.0388888888888889,0.0550935550935551,0.0918741555684231,0.0535541752933057,0.045591456736035,0.0585919407132932,0.0424588086185044,0.0355389750638131,0.031413612565445,0.0084985835694051,0.0166878575969485,0.046875,0.0550422716084615,0.0512179887570269,0.121762728675336,0.0342749529190207,0.0326699979544724,0.0196365155629831,0.110551498363133,0.087047499476878,0.281045548009222
"Cldn4",0.235302693822719,0.145738451528953,0.0488984816909795,0.0507850602561279,0.0551055473735886,0.0384512475194542,0.100969766115231,0.0430691823899371,0.0466830466830467,0.07,0.0482283464566929,0.0657640232108317,0.0418575216972035,0.0144694533762058,0.0206185567010309,0.108546812553233,0.0619956103326017,0.0698924731182796,0.0783338857584797,0.0532181098696462,0.288951028895103,0.116624381316807,0.040347711989503,0.0440476190476191,0.0374220374220374,0.0519848163160265,0.0547273982056591,0.0657174151150055,0.0301065308012969,0.0335868187579214,0.0433928922049872,0.0350785340314136,0.0538243626062323,0.0281309599491418,0.046875,0.0519387864302786,0.0399750156152405,0.142605245757108,0.056120527306968,0.0513135209374361,0.0482556925005222,0.04507680684966,0.0790661525124802,0.353261885475731
"Clec10a",0.097476965693919,0.0189763608761657,0.0349806490026794,0.0303011233126711,0.0510554737358861,0.0184508015786305,0.029092983456931,0.0822641509433962,0.00737100737100737,0.0225,0.0147637795275591,0.0154738878143133,0.0248915139826422,0.0209003215434084,0.0309278350515464,0.0370995217191902,0.047914907985818,0.032258064516129,0.0481714727654403,0.0811510707635009,0.0498315049831505,0.0321091377947843,0.0552730851238314,0.0667989417989418,0.0291060291060291,0.0521456604259152,0.0772946859903382,0.0435377875136911,0.0414543770264011,0.0373891001267427,0.0911054388376203,0.0544502617801047,0.0141643059490085,0.0176414494596313,0.0078125,0.250526165590554,0.0174890693316677,0.0710959885386819,0.0312617702448211,0.0484497822974197,0.0409442239398371,0.0730294636111811,0.0680357516515709,0.123548715392444
"Clec12a",0.0532307908596958,0.0220125786163522,0.0794135159273593,0.0320002517227274,0.0764604810996564,0.0286294008785034,0.0270964061608671,0.0793962264150943,0.0147420147420147,0.025,0.00984251968503937,0.0328820116054159,0.0272721793635487,0.0707395498392283,0.0283505154639175,0.034167594837188,0.0447408407901401,0.032258064516129,0.0444149817699702,0.0894582169459963,0.0392916039291604,0.026910119369463,0.0962768574708873,0.0383597883597884,0.027027027027027,0.0635977610499903,0.0387853692201518,0.0387850101705523,0.0692450208429829,0.0627376425855513,0.0508541134891027,0.0293193717277487,0.0254957507082153,0.0197075651621106,0,0.0667427674526451,0.0393504059962523,0.044150870619352,0.0337099811676083,0.0563396744688934,0.0307081679548778,0.0601863510450768,0.0922488267121035,0.0733171329470164
"Clec14a",0.0325148854077443,0.0162112340056387,0.0194254242334028,0.0684371165161575,0.0390279823269514,0.0267453008985708,0.0245293782087849,0.0206792452830189,0.0122850122850123,0.02,0.0236220472440945,0.0183752417794971,0.0346251205400193,0.0128617363344051,0.0180412371134021,0.0235373124549564,0.0284990714165119,0.0161290322580645,0.0188929400066291,0.0253578910614525,0.0186420018642002,0.0150563573597305,0.0411677874364442,0.0358465608465608,0.0207900207900208,0.0219069677668404,0.0170462387853692,0.0185025817555938,0.0192218619731357,0.017743979721166,0.0239544472805812,0.0109947643979058,0.0424929178470255,0.0220915448188175,0.0078125,0.0286804837156209,0.0356027482823235,0.0241211152744104,0.0231638418079096,0.0385143625259344,0.0246500940045958,0.0249307479224377,0.0301617194272562,0.0418302282592893
"Clec1a",0.0454229486515266,0.011602689221427,0.0313337302768681,0.0548440892357069,0.0646784486990673,0.022787576088653,0.0345122646891044,0.0664150943396226,0.0171990171990172,0.01,0.0177165354330709,0.00870406189555126,0.0268201542912247,0.0385852090032154,0.0128865979381443,0.026977003210378,0.0416680736113456,0.032258064516129,0.0382278201303723,0.0770920623836127,0.0319065031906503,0.0240818533460883,0.0347711989503034,0.0649470899470899,0.0124740124740125,0.0528855433314032,0.0466528640441684,0.0341495853544046,0.0393700787401575,0.0291508238276299,0.0327901040644021,0.0340314136125654,0.0339943342776204,0.0108073744437381,0.015625,0.05793172332608,0.0168644597126796,0.0374008155168614,0.0425612052730697,0.0511674118231495,0.0219344056820556,0.0435658524301184,0.071592981197501,0.0603464390304692
"Clec2d",0.130460477843067,0.0692908262849707,0.0937779100922894,0.13599320348636,0.0725331369661267,0.168465294655399,0.104392470051341,0.111194968553459,0.0319410319410319,0.03,0.0275590551181102,0.0338491295938104,0.203983847637416,0.0771704180064309,0.118556701030928,0.0765904474873878,0.0823231470538578,0.043010752688172,0.0946856700917026,0.124898161080074,0.118663511866351,0.113712930998627,0.0877480728226997,0.0535714285714286,0.0686070686070686,0.127903236183491,0.114630779848171,0.0998670004694101,0.115331171838814,0.11850443599493,0.116434321617907,0.0947643979057592,0.0481586402266289,0.9861729179911,0.046875,0.148753255092213,0.0730793254216115,0.109653956358827,0.0621468926553672,0.099120423131995,0.102569458951327,0.119113573407202,0.101575344513198,0.199129748478618
"Clec4a1",0.0434052501815929,0.0166991975710258,0.0258261387317654,0.0250149460369403,0.0568237604320079,0.0257530825659435,0.0222475755847119,0.0789433962264151,0.0442260442260442,0.005,0.0108267716535433,0.0164410058027079,0.0224807135969142,0.0160771704180064,0.0322164948453608,0.0252899167922427,0.0483876413979402,0.0537634408602151,0.0697160534747542,0.126934939478585,0.0352764035276404,0.0266189743376451,0.0360833196654092,0.051984126984127,0.0103950103950104,0.0316862896480731,0.0628019323671498,0.0344234079173838,0.0384437239462714,0.0456273764258555,0.0714706459846849,0.0324607329842932,0.0339943342776204,0.0185950413223141,0.09375,0.0988477865372953,0.0124921923797626,0.0411753361251929,0.0314500941619586,0.0394494608573683,0.0436599122623773,0.0606900025182574,0.0634023854362837,0.0611772280723617
"Clec4d",0.0768417681807649,0.0240728692257645,0.0449538553140816,0.0326295585412668,0.116838487972509,0.0304577582554795,0.0390758699372504,0.0943396226415094,0.0540540540540541,0.005,0.00688976377952756,0.0203094777562863,0.0314910800385728,0.022508038585209,0.0373711340206186,0.0446832208609055,0.0743879790646632,0.00537634408602151,0.0747983648215667,0.113957751396648,0.0485409048540905,0.0464584286486711,0.0480564211907496,0.0353174603174603,0.0155925155925156,0.0497651675995625,0.109661835748792,0.0479385072758567,0.039601667438629,0.0405576679340938,0.0691144708423326,0.0335078534031414,0.056657223796034,0.0294024157660521,0.0625,0.100060642813827,0.0368519675202998,0.0752148997134671,0.139171374764595,0.0667134215832384,0.0670566116565699,0.0518761017375976,0.116730935939975,0.10490788626498
"Clec4e",0.0403487624348804,0.0145846887876816,0.0200952664483477,0.0168024920550014,0.0651693667157585,0.0200561885437802,0.0219623502567028,0.0445283018867925,0.0343980343980344,0.0075,0.0147637795275591,0.00773694390715667,0.0194069431051109,0.0160771704180064,0.0231958762886598,0.0259287165039638,0.0413641735606956,0.00537634408602151,0.037122969837587,0.0729748603351955,0.0267441026744103,0.0217942852389469,0.0328030178776447,0.0349206349206349,0.0249480249480249,0.0221643183426623,0.0518288474810214,0.0232749178532311,0.0277906438165818,0.023447401774398,0.0373061064205773,0.00994764397905759,0.0028328611898017,0.00937698664971392,0.0078125,0.0484429065743945,0.0387257963772642,0.0428421864668283,0.0659133709981168,0.0419917594459542,0.0175475245456445,0.027952656761521,0.0664215466475353,0.0556109414916817
"Clec5a",0.0213147062881898,0.0130665799175884,0.0120571598690086,0.0145055221673327,0.0314187530682376,0.0162768400633236,0.0094124358243012,0.027622641509434,0.00245700245700246,0.0225,0.00393700787401575,0.00870406189555126,0.0168454676952748,0.00964630225080386,0.0141752577319588,0.014135491056804,0.0217457369576228,0.0161290322580645,0.0199977902994144,0.0331121973929236,0.0152721015272102,0.0158466081603793,0.0287026406429392,0.017989417989418,0.00415800415800416,0.0135430740526282,0.0292615596963423,0.0148059771553747,0.0120426123205188,0.0101394169835234,0.0265069703514628,0.00785340314136126,0.0113314447592068,0.0165289256198347,0.015625,0.0288945171761852,0.00874453466583385,0.0213797663654397,0.0160075329566855,0.0308582449373192,0.0202632128681847,0.0100730294636112,0.024093504319493,0.0302303362618647
"Clec7a",0.0199452748105316,0.0100845803513338,0.0144388210777017,0.0124917403480067,0.024914089347079,0.0119623625944837,0.0122646891043925,0.0352704402515723,0.00245700245700246,0.005,0.00984251968503937,0.011605415860735,0.0107280617164899,0.00803858520900321,0.0244845360824742,0.0115311537705562,0.0176937362822894,0.00537634408602151,0.0260744669097337,0.0325011638733706,0.0160608016060802,0.0151811338019382,0.0108249958996228,0.0130952380952381,0.0051975051975052,0.0211349160393746,0.0273982056590752,0.0184439054920983,0.016211208893006,0.0367553865652725,0.0388768898488121,0.0146596858638743,0,0.00778766687857597,0.0078125,0.0215817072735704,0.00374765771392879,0.0200297553449416,0.0246704331450094,0.0296017065544549,0.0100271568832254,0.0191387559808612,0.0253489971004095,0.0292853137267119
"Clock",0.0673026105112978,0.0648991541964867,0.0297707651086633,0.0315597369497499,0.0342415316642121,0.0236571606947758,0.0219623502567028,0.0309433962264151,0.0147420147420147,0.005,0.031496062992126,0.011605415860735,0.0244696239151398,0.0321543408360129,0.0244845360824742,0.0299089300923803,0.0295458382576397,0.0161290322580645,0.0274002872610761,0.0392370810055866,0.0371406037140604,0.0294056482136173,0.0262424143021158,0.0187830687830688,0.0135135135135135,0.0317827961140063,0.0293995859213251,0.0242332968236583,0.0354330708661417,0.0335868187579214,0.0268996662085215,0.0136125654450262,0.0396600566572238,0.0397329942784488,0.0078125,0.0357435879142439,0.0274828232354778,0.0436824994489751,0.0258003766478343,0.0386020279945063,0.0173386254439106,0.023419793502896,0.0393686664873106,0.0878247865910649
"Clu",0.631622932509939,0.0703209715896769,0.0659422447156892,0.0695698687895283,0.0477417771232204,0.0426319427411982,0.158870507701084,0.0383899371069182,0.027027027027027,0.1525,0.0246062992125984,0.157640232108317,0.0352278206364513,0.0305466237942122,0.0786082474226804,0.415940509729411,0.0664528110754685,0.0268817204301075,0.33587448900674,0.0643621973929236,4.34007313400731,0.325874474899139,0.056421190749549,0.0216931216931217,0.051975051975052,0.0561989319951103,0.101932367149758,0.201924581442654,0.0572024085224641,0.0481622306717364,0.07598664834086,0.0513089005235602,0.0311614730878187,0.05276541640178,0.0234375,0.0447686655013734,0.0124921923797626,0.279452281243112,0.1030131826742,0.0417287630402385,0.0327971589722164,0.0372702090153614,0.084536513915045,1.27282073649449
"Cmklr1",0.0397447546348486,0.00981348948167426,0.0184578743673712,0.024322708536547,0.0204958271968581,0.0165555530781065,0.0142612664004564,0.0426163522012579,0.0221130221130221,0.0125,0.00295275590551181,0.00580270793036751,0.0311294599807136,0.022508038585209,0.0206185567010309,0.0197864115835681,0.0262367043727841,0.032258064516129,0.0428681913600707,0.0529853351955307,0.0218685021868502,0.019173979952585,0.0287026406429392,0.026984126984127,0.0228690228690229,0.0377661970018658,0.0570738440303658,0.0265216710999844,0.0164427975914775,0.0209125475285171,0.0459454152758688,0.0293193717277487,0.0056657223796034,0.0109663064208519,0.015625,0.0676702457817572,0.0106183635227983,0.027523694070972,0.0210922787193974,0.0249846585429999,0.0353039481930228,0.0324855200201461,0.0405942665829672,0.0537208964213762
"Cntfr",0.0106508444393532,0.00862068965517241,0.00468889550461447,0.00679651364022529,0.00810014727540501,0.0145042252893041,0.00541928123217342,0.00578616352201258,0.00491400491400491,0,0.00393700787401575,0.00290135396518375,0.0191959980713597,0.00160771704180064,0.0038659793814433,0.00486470549695342,0.00611176768529461,0.00537634408602151,0.00464037122969838,0.00654678770949721,0.00666810066681007,0.0044919519194776,0.00606855830736428,0.00568783068783069,0.00311850311850312,0.00604773853181496,0.005175983436853,0.0049092473791269,0.00440018527095878,0.00506970849176172,0.00667582956999804,0.00523560209424084,0.0028328611898017,0.00778766687857597,0,0.00652802054721221,0.00499687695190506,0.00775567555653516,0.00395480225988701,0.00824055404576137,0.00417798203467725,0.00654746915134727,0.00741338594445939,0.0141545683012441
"Col11a1",0.025092358520285,0.0122533073086098,0.0182345936290563,0.0135930272804506,0.031786941580756,0.0145488193716694,0.0159726183685111,0.0201761006289308,0.00245700245700246,0.0075,0.0196850393700787,0.00870406189555126,0.0184124879459981,0.00160771704180064,0.0206185567010309,0.0162812029089956,0.0185379030896505,0.00537634408602151,0.0109380178985747,0.0166579376163873,0.0187854018785402,0.0146404358857048,0.0246022634082336,0.0194444444444444,0.0145530145530146,0.0159557357009586,0.014423740510697,0.015197152245345,0.0145900880037054,0.0101394169835234,0.0162968780679364,0.00575916230366492,0.0056657223796034,0.0127145581691036,0.015625,0.0205828844576035,0.00749531542785759,0.0189139299096319,0.0139359698681733,0.0252184331258584,0.0217255065803217,0.021657013346764,0.0167399037455535,0.0329200157849918
"Col12a1",0.0741367504901055,0.0209282151377142,0.0256028579934504,0.0432333784336553,0.0501963672066765,0.0242814778478896,0.0276668568168853,0.0309433962264151,0.0343980343980344,0.0275,0.0187007874015748,0.0396518375241779,0.0810028929604629,0.00964630225080386,0.0103092783505155,0.0403590381969469,0.0653385108897518,0.0591397849462366,0.0346922991934593,0.0362255586592179,0.0715566071556607,0.0356028781766003,0.0444480892242086,0.0248677248677249,0.0311850311850312,0.0389886122370199,0.0534851621808144,0.240944296667188,0.0196850393700787,0.014575411913815,0.031612016493226,0.0387434554973822,0.0736543909348442,0.0184361093452003,0.015625,0.0422716084614561,0.0106183635227983,0.0412993167291162,0.0523540489642185,0.0620087081032115,0.028828076039273,0.0239234449760766,0.0452575254835142,0.0976073275593495
"Col14a1",0.055745754371897,0.0120364346128822,0.0119083060434653,0.0188162738743274,0.0381688757977418,0.0146268590158086,0.0162578436965203,0.0237987421383648,0.0171990171990172,0.005,0.0187007874015748,0.00773694390715667,0.0766333172613308,0.00482315112540193,0.0103092783505155,0.020736421411256,0.0240756373459396,0.032258064516129,0.0183405148602364,0.0238885009310987,0.0387180038718004,0.0202969679324544,0.0298507462686567,0.0198412698412698,0.027027027027027,0.0152480216174484,0.0219461697722567,0.0226294789547802,0.0108846688281612,0.0158428390367554,0.0204201845670528,0.0130890052356021,0.0113314447592068,0.0141449459631278,0,0.0363143438090822,0.0256089943785134,0.030003306149438,0.0177024482109228,0.0184389702229625,0.0246500940045958,0.0118358096197431,0.0278300899769826,0.0700043616424699
"Col15a1",0.104173121132202,0.023801778356105,0.0374367371241441,0.131745382461219,0.0535100638193422,0.0321300363441771,0.0501996577296064,0.0708930817610063,0.0540540540540541,0.01,0.0501968503937008,0.0425531914893617,0.0776880424300868,0.0257234726688103,0.0347938144329897,0.0472875581471532,0.061185210197535,0.0268817204301075,0.0511545685559607,0.0756954143389199,0.0622356062235606,0.0425071746454269,0.0318189273413154,0.102248677248677,0.0343035343035343,0.0609920864697935,0.0619737750172533,0.0721522453450164,0.0613710050949514,0.0551330798479087,0.0481052424896917,0.0455497382198953,0.0056657223796034,0.0247933884297521,0.0078125,0.062426425997931,0.0437226733291693,0.062596429358607,0.0414312617702448,0.065924432366091,0.0635053269270942,0.0470914127423823,0.0829820942815293,0.133248177456539
"Col16a1",0.0899424890849021,0.0196811971372804,0.0172670437630247,0.0238192630817155,0.0181639666175749,0.0168008205311155,0.0350827153451226,0.0179622641509434,0.00737100737100737,0.025,0.0196850393700787,0.0241779497098646,0.0569852941176471,0.00321543408360129,0.00902061855670103,0.0375090087138832,0.0341043390173898,0.0161290322580645,0.0291680477295326,0.0202804934823091,0.0790851079085108,0.0366842740090671,0.0137772675086108,0.0211640211640212,0.0135135135135135,0.0177893585536898,0.0182194616977226,0.0563096542012205,0.0078740157480315,0.0126742712294043,0.0217946200667583,0.0167539267015707,0,0.0185950413223141,0.0078125,0.0182285163913959,0.00999375390381012,0.0508182719858938,0.023728813559322,0.0201630577715438,0.0279924796323376,0.0103248552002015,0.0239739335784534,0.124742974640164
"Col17a1",0.103064037844213,0.246801127738018,0.0272402500744269,0.0342028255876152,0.0353460972017673,0.0394769114138554,0.0270964061608671,0.0422138364779874,0.00491400491400491,0.0025,0.31496062992126,0.0164410058027079,0.0299843297974928,0.0112540192926045,0.0283505154639175,0.0339219026403721,0.108661151443525,0.0752688172043011,0.030272898022318,0.0451146415270019,0.0534165053416505,0.0602670215863245,0.0241102181400689,0.0203703703703704,0.0332640332640333,0.0400501833622853,0.0261559696342305,0.0319785636050696,0.0294117647058824,0.0253485424588086,0.024936186923228,0.0225130890052356,0,0.0360775588048315,0,0.0359219491313809,0.0468457214241099,0.0633540886048049,0.02015065913371,0.0319102305601823,0.0173386254439106,0.0148577184588265,0.0850147968792037,0.131264668619021
"Col18a1",0.165266427319898,0.079646497505964,0.0357993450431676,0.166955098958497,0.0416053019145803,0.0281500144930768,0.091842555618939,0.0297358490566038,0.0245700245700246,0.0275,0.0364173228346457,0.0280464216634429,0.0444792671166827,0.0176848874598071,0.0154639175257732,0.110561488567123,0.061793010298835,0.021505376344086,0.0681692630648547,0.0367638500931099,0.179751917975192,0.0954539782888991,0.0160734787600459,0.0343915343915344,0.0249480249480249,0.0391494563469086,0.0345755693581781,0.0723087153810045,0.0289485873089393,0.0240811153358682,0.0318083644217554,0.0167539267015707,0.0311614730878187,0.104895104895105,0,0.0367424107302108,0.014366021236727,0.098908970685475,0.0429378531073446,0.036118173051635,0.027365782327136,0.0345001259128683,0.0447493498340956,0.252819490310923
"Col1a1",0.368397895345235,0.013825634352635,0.0936290562667461,0.250999024574431,0.226435935198822,0.0403464960199781,0.11095265259555,0.0905660377358491,0.0909090909090909,0.1675,0.0383858267716535,0.30174081237911,1.45425506268081,0.0401929260450161,0.0425257731958763,0.199436545895302,0.632449772074962,0.155913978494624,0.241962214119987,0.202106610800745,0.348677134867714,0.148483966227176,0.14400524848286,0.452645502645503,0.403326403326403,0.158592292350254,0.346376811594203,3.05634877171022,0.0907827698008337,0.0937896070975919,0.139603377184371,0.158115183246073,0.0793201133144476,0.0127145581691036,0.1484375,0.281025933720972,0.0593379138038726,0.126969914040115,0.222222222222222,0.321264720493264,0.0940045957802381,0.126920171241501,0.134367620243326,0.559463725673458
"Col1a2",0.221431342277161,0.0257536326176534,0.0611044953855314,0.156728863157232,0.19440353460972,0.0770474258065955,0.0624643468339989,0.0756729559748428,0.0393120393120393,0.1275,0.0551181102362205,0.154738878143133,1.06572444551591,0.0594855305466238,0.0360824742268041,0.110086483653279,0.31902751983792,0.0537634408602151,0.139432106949508,0.140377676908752,0.197390119739012,0.120326082435636,0.146629489913072,0.225793650793651,0.241164241164241,0.0991764781573699,0.208143547273982,1.45444766077296,0.0965724872626216,0.0760456273764259,0.123699194973493,0.0905759162303665,0.118980169971671,0.0295613477431659,0.0625,0.193236542646167,0.0499687695190506,0.0835491514216443,0.141431261770245,0.176616697349581,0.0862753290160852,0.0644673885671116,0.106358174154784,0.320331484827715
"Col27a1",0.0787683447843145,0.0244523964432878,0.0395206906817505,0.049652307982757,0.0576828669612175,0.0268456375838926,0.0444951511694238,0.0436729559748428,0.00737100737100737,0.04,0.031496062992126,0.0251450676982592,0.0826301832208293,0.0289389067524116,0.029639175257732,0.0376236650723973,0.0499746749957792,0.0376344086021505,0.0339189039885096,0.0489990689013035,0.0476088047608805,0.0335648629538743,0.0611776283418074,0.0898148148148148,0.0457380457380457,0.0413369362413948,0.0400276052449966,0.0758879674542325,0.0389069013432145,0.0215462610899873,0.0308266247791086,0.043979057591623,0.0113314447592068,0.0273363000635728,0.03125,0.0481932008704027,0.0480949406620862,0.0476085519065462,0.0295668549905838,0.0552584670231729,0.0589095466889492,0.0181314530345001,0.0498311063282815,0.0965584563939602
"Col3a1",0.0468704845860854,0.00894599869876383,0.0201696933611194,0.0716780466316353,0.0916789396170839,0.016678186804611,0.0168282943525385,0.027622641509434,0.0122850122850123,0.04,0.0137795275590551,0.0522243713733075,0.577205882352941,0.00482315112540193,0.0077319587628866,0.0340201795190985,0.137058922843154,0.032258064516129,0.0320406584907745,0.0492463919925512,0.0471069047106905,0.0272428565486836,0.0449401344923733,0.136640211640212,0.0654885654885655,0.0251881876085698,0.0743271221532091,0.46684791112502,0.0240852246410375,0.0310519645120406,0.0390732377773415,0.0277486910994764,0.0623229461756374,0.0127145581691036,0.0078125,0.0947098062997182,0.014366021236727,0.0199195503636764,0.0451977401129944,0.0871979194062126,0.0112805514936286,0.0259380508687988,0.0326129196185693,0.0735663696595842
"Col4a1",0.15723728915051,0.021578833224897,0.0418279249776719,0.605141436707467,0.0749877270495827,0.0463555486186983,0.0704506560182544,0.0472955974842767,0.0245700245700246,0.0775,0.0265748031496063,0.0851063829787234,0.159142960462874,0.0128617363344051,0.0167525773195876,0.113214964292734,0.0700320783386797,0.0161290322580645,0.100099436526351,0.0555022113594041,0.230658923065892,0.108430728278501,0.0383795309168444,0.0656084656084656,0.0332640332640333,0.0392137939908641,0.0645962732919255,0.122085745579721,0.0507179249652617,0.0538656527249683,0.0616532495582172,0.0303664921465969,0.0056657223796034,0.0615066751430388,0.046875,0.0681339849463133,0.0362273579013117,0.119958122107119,0.0570621468926554,0.0570702200403261,0.0386463338207646,0.0480987156887434,0.0400860909335486,0.247741292292355
"Col4a2",0.0933192051049073,0.0188679245283019,0.0255284310806788,0.239640036499795,0.0484781541482572,0.0266226671720663,0.0436394751853965,0.0280754716981132,0.0319410319410319,0.0475,0.0127952755905512,0.0174081237911025,0.0724144165863067,0.00643086816720257,0.0128865979381443,0.0518246740483522,0.0461590410265068,0.0376344086021505,0.0480609877361617,0.0387569832402235,0.0882627088262709,0.0583537828058063,0.0367393800229621,0.044973544973545,0.0166320166320166,0.0302386926590748,0.0396825396825397,0.058500234705054,0.023853635942566,0.0215462610899873,0.034360887492637,0.0324607329842932,0.0084985835694051,0.0298792116973935,0.0078125,0.0420575750008918,0.0168644597126796,0.0670735067225039,0.0361581920903955,0.0395955699716548,0.0302903697514101,0.0203978846638126,0.0343765880489044,0.136041705609903
"Col4a5",0.0276880299712836,0.0188679245283019,0.011759452217922,0.018186967055788,0.0262641138929799,0.0186849205110482,0.0131203650884199,0.0147421383647799,0.0393120393120393,0.015,0.015748031496063,0.00967117988394584,0.0182015429122469,0.00482315112540193,0.0154639175257732,0.0165596540653869,0.0168833361472227,0.0161290322580645,0.0127057783670313,0.0200622672253259,0.0283932028393203,0.0165120825188204,0.0336230933245859,0.0208994708994709,0.0155925155925156,0.0156340474811812,0.0145617667356798,0.0126545141605383,0.0134321445113478,0.0107731305449937,0.016100530139407,0.00890052356020942,0.0056657223796034,0.0133502860775588,0,0.0183712053651054,0.00562148657089319,0.0196302622878554,0.0195856873822976,0.0176792028286725,0.0282013787340714,0.0113321581465626,0.0212835919050608,0.0364924086651297
"Col5a1",0.0295443125636226,0.0104098893949252,0.00654956832390592,0.0169283534187093,0.0153411880216004,0.0160761666926799,0.00827153451226469,0.0142893081761006,0.00982800982800983,0.0025,0.00590551181102362,0.00483558994197292,0.0493912729026037,0.00321543408360129,0.0077319587628866,0.0137423835418987,0.0189431031571839,0.00537634408602151,0.0137001436305381,0.0149557728119181,0.0235176023517602,0.0150147652123279,0.0129571920616697,0.0136243386243386,0.00623700623700624,0.0123849964614296,0.0136645962732919,0.0410147081833829,0.0094951366373321,0.0082382762991128,0.0119772236402906,0.00837696335078534,0,0.0109663064208519,0,0.0149109977526487,0.00687070580886946,0.016723605906987,0.0105461393596987,0.022822243651559,0.0158763317317736,0.00906572651725006,0.0162317280961349,0.039992107504102
"Col5a2",0.0286825600558187,0.00900021687269573,0.0147365287287883,0.0318114596771656,0.0304369170348552,0.0171018305870811,0.0154021677124929,0.013937106918239,0.00491400491400491,0.0175,0.00492125984251968,0.0241779497098646,0.0892297492767599,0.00482315112540193,0.0103092783505155,0.0172148332568958,0.0458551409758568,0.032258064516129,0.0183405148602364,0.023030144320298,0.0261705026170503,0.0189660192155721,0.0162374938494341,0.0308201058201058,0.0498960498960499,0.0158270604130477,0.0280193236714976,0.129674542325145,0.01528485409912,0.014575411913815,0.0192420969958767,0.0204188481675393,0.0141643059490085,0.0109663064208519,0,0.0218670852209895,0.0106183635227983,0.0202777165527882,0.024105461393597,0.0242248911487099,0.0236055984959265,0.0123394610929237,0.0159626939287956,0.0395455583940848
"Col5a3",0.122379270035746,0.0197896334851442,0.0323757070556713,0.0562600295774205,0.0671330387825233,0.0262770630337354,0.0279520821448945,0.0357232704402516,0.00737100737100737,0.0125,0.00885826771653543,0.0328820116054159,0.0831424783027965,0.022508038585209,0.0167525773195876,0.0483522243333552,0.0578760763126794,0.00537634408602151,0.0413214009501712,0.0557786312849162,0.0736359073635907,0.0471654951545148,0.0977529932753813,0.048015873015873,0.0322245322245322,0.0516952969182269,0.0400276052449966,0.107142857142857,0.0384437239462714,0.0240811153358682,0.028274101708227,0.0246073298429319,0.0113314447592068,0.0162110616656071,0.0078125,0.0482288731138301,0.0256089943785134,0.0784108441701565,0.0327683615819209,0.0664212033546653,0.0210988092751201,0.0475950642155628,0.0532986578184318,0.152013624940287
"Col6a1",0.124735421152249,0.0180546519193234,0.0290264959809467,0.0369088449073346,0.0376779577810506,0.0257753796071261,0.0707358813462635,0.0213333333333333,0.0221130221130221,0.03,0.0226377952755906,0.0328820116054159,0.124095949855352,0.00643086816720257,0.0103092783505155,0.0674015593264758,0.03835893972649,0.0161290322580645,0.0583360954590653,0.0274237662942272,0.138524413852441,0.0647173813583995,0.0232901426931278,0.0324074074074074,0.0135135135135135,0.0237727594415492,0.0427191166321601,0.116257236739164,0.0229272811486799,0.0152091254752852,0.0347535833496957,0.0151832460732984,0.0198300283286119,0.0165289256198347,0.03125,0.0289301894196126,0.0124921923797626,0.0671699360811109,0.0532956685499058,0.0188772975658222,0.0238144975976603,0.0400402921178544,0.0336591636026664,0.170114441190521
"Col6a2",0.124964527559158,0.0180004337453915,0.0313337302768681,0.0452156949120544,0.047373588610702,0.0241031015184285,0.0501996577296064,0.0236477987421384,0.0147420147420147,0.0325,0.0226377952755906,0.0164410058027079,0.136240356798457,0.0241157556270096,0.0128865979381443,0.0549367752080194,0.0494006415667736,0.021505376344086,0.0424262512429566,0.0388879189944134,0.106044310604431,0.0551927796032109,0.054288994587502,0.0347883597883598,0.0540540540540541,0.0383452357974651,0.041959972394755,0.13710686903458,0.0321908290875405,0.0228136882129278,0.0247398389946986,0.0287958115183246,0.0141643059490085,0.0128734901462174,0.0078125,0.0363143438090822,0.0106183635227983,0.0581193519947102,0.0374764595103578,0.023202127348704,0.042615416753708,0.0591790480987157,0.0358413296266404,0.163945832554469
"Col6a3",0.102595411102809,0.0257536326176534,0.0465912473950581,0.0877568358453164,0.0735149729995091,0.136168030502352,0.0507701083856246,0.0337106918238994,0.0442260442260442,0.05,0.0492125984251969,0.0270793036750484,0.166857521697203,0.0128617363344051,0.029639175257732,0.0393926488894713,0.0798581799763633,0.0376344086021505,0.045409347033477,0.0475296787709497,0.0528429052842905,0.0572307948259369,0.0518287682466787,0.0632275132275132,0.0249480249480249,0.051180595766583,0.0535541752933057,0.175598497887655,0.0409911996294581,0.0430925221799747,0.0412330649911643,0.0392670157068063,0.028328611898017,0.0316274634456453,0.03125,0.0526879035422538,0.0480949406620862,0.0626515318492396,0.068361581920904,0.099967855994857,0.0139962398161688,0.0438176781667086,0.0587391265357367,0.127224956902818
"Col8a1",0.0370110986433256,0.0152895250487964,0.0171181899374814,0.0267140744469966,0.0255277368679431,0.0449508350241923,0.0151169423844837,0.0188679245283019,0.0122850122850123,0.005,0.0147637795275591,0.00967117988394584,0.0339621504339441,0.00643086816720257,0.0115979381443299,0.0227183384655703,0.0215769035961506,0.021505376344086,0.0163517843332228,0.0219681098696462,0.0266724026672403,0.02216861456557,0.0283746104641627,0.0175925925925926,0.00623700623700624,0.0191404490767548,0.0185645272601794,0.020908308558911,0.0169059749884206,0.0107731305449937,0.0172786177105832,0.0146596858638743,0.0623229461756374,0.0119198982835346,0.0078125,0.0233653194449399,0.0131168019987508,0.0299068767908309,0.0205273069679849,0.045556821834546,0.0123250470022979,0.0143540669856459,0.0243326458015724,0.0496811847051737
"Col9a2",0.0737462282056022,0.0241813055736283,0.0236677582613873,0.0380101318397785,0.0587874324987727,0.0297665499788178,0.04249857387336,0.0422641509433962,0.00245700245700246,0.0075,0.0403543307086614,0.0135396518375242,0.0320937801350048,0.0176848874598071,0.0244845360824742,0.0370995217191902,0.0396420732736789,0.00537634408602151,0.0274002872610761,0.0518069134078212,0.0440955044095504,0.0317764006155638,0.0303427915368214,0.0607142857142857,0.0384615384615385,0.0522421668918484,0.0380952380952381,0.0318612110780786,0.0377489578508569,0.0278833967046895,0.0280777537796976,0.0303664921465969,0.0396600566572238,0.0219326128417038,0.03125,0.0503692077194735,0.0199875078076202,0.0527606347806921,0.0338983050847458,0.0658075450746618,0.0438688113641111,0.0589272223621254,0.0557797506950049,0.0954265063243816
"Col9a3",0.0535327947597116,0.0319887226198222,0.0153319440309616,0.0298606085396935,0.0274914089347079,0.0260652411425004,0.0205362236166572,0.0328553459119497,0.0614250614250614,0.0075,0.0108267716535433,0.0145067698259188,0.0305568948891032,0.00160771704180064,0.00902061855670103,0.0273701107252834,0.0343069390511565,0.0376344086021505,0.02032924538725,0.0309590316573557,0.0377859037785904,0.0251216570311525,0.0224700672461867,0.0414021164021164,0.0197505197505198,0.031814964935984,0.021808143547274,0.0234705053982162,0.0229272811486799,0.0171102661596958,0.0292558413508737,0.0198952879581152,0.0084985835694051,0.027177368086459,0.015625,0.0352798487496879,0.0262336039975016,0.0454595547718757,0.0282485875706215,0.0433944069431051,0.010653854188427,0.0319818685469655,0.0552416823603264,0.0714997819178765
"Coro1b",0.158390631630743,0.0689112990674474,0.0454004167907115,0.0574242471917183,0.0412371134020619,0.0302124908024705,0.0618938961779806,0.0858867924528302,0.0147420147420147,0.065,0.0177165354330709,0.0174081237911025,0.0421588717454195,0.0578778135048231,0.0567010309278351,0.0882853960558213,0.0602059767009961,0.010752688172043,0.10319301734615,0.0860102420856611,0.126335412633541,0.0840577299005948,0.0465802853862555,0.0395502645502646,0.0145530145530146,0.102457697999099,0.102691511387164,0.0733062118604287,0.0597498842056508,0.0703422053231939,0.0830551737679168,0.0534031413612565,0.0198300283286119,0.0559440559440559,0,0.0889309028644811,0.0387257963772642,0.102008485783557,0.035969868173258,0.0474270184974139,0.0246500940045958,0.0750440695039033,0.0801721818670971,0.234043657964151
"Cotl1",0.200311897131223,0.154955541097376,0.124590651979756,0.0838551335703722,0.13046146293569,0.0682735401012286,0.152025099828865,0.278943396226415,0.147420147420147,0.0625,0.0324803149606299,0.102514506769826,0.068466730954677,0.228295819935691,0.507731958762887,0.139520408831815,0.221779503629917,0.0698924731182796,0.469450889404486,0.244413407821229,0.192729619272962,0.162084598427817,0.0720026242414302,0.103703703703704,0.111226611226611,0.277809946599755,0.557902001380262,0.209806759505555,0.16975451597962,0.165399239543726,0.615747103868054,0.229319371727749,0.0934844192634561,0.0448188175460903,0.1171875,0.322762458531017,0.0918176139912555,0.132190875027551,0.15743879472693,0.0593787440460536,0.0965113850010445,0.28834046839587,0.205870923385048,0.316354082289655
"Cpa3",0.0499139549233144,0.0139882888744307,0.0124292944328669,0.0174632642144678,0.0247913598429062,0.0198666636937278,0.0322304620650314,0.0199748427672956,0.176904176904177,0.0725,0.00590551181102362,0.00580270793036751,0.0154592574734812,0.00964630225080386,0.0128865979381443,0.0304330734455874,0.0248860374810062,0.021505376344086,0.0176776046845652,0.0281802839851024,0.0347745034774503,0.0200890071954415,0.0306708217155978,0.0268518518518519,0.00727650727650728,0.035771730039246,0.0209109730848861,0.0190306681270537,0.0280222325150533,0.0152091254752852,0.0172786177105832,0.0209424083769634,0.028328611898017,0.0155753337571519,0.0078125,0.027503299682517,0.0256089943785134,0.0257604143707296,0.0271186440677966,0.0279068408287309,0.0108627532901609,0.0198942331906321,0.0660628344244164,0.0646457723222631
"Cpb1",0.0698462123243626,0.016590761223162,0.0224025007442691,0.021302035807558,0.0384143348060874,0.0225646056768267,0.0310895607529949,0.0302389937106918,0.0663390663390663,0.01,0.0078740157480315,0.0174081237911025,0.0178700578592093,0.022508038585209,0.0257731958762887,0.0411452532267575,0.0240081040013507,0.00537634408602151,0.0237542812948845,0.047820647113594,0.0488277048827705,0.0280331073493324,0.0342791536821388,0.0318783068783069,0.0384615384615385,0.0338416007205816,0.0304347826086957,0.0241550618056642,0.0250115794349236,0.0285171102661597,0.0214019242096996,0.0130890052356021,0.0056657223796034,0.0168467895740623,0,0.0306424571041273,0.0212367270455965,0.0430488208067005,0.0284369114877589,0.0183805265772479,0.0160852308335074,0.0269453538151599,0.055749858009745,0.0902133050865059
"Crip1",0.29321454513266,0.24029494686619,0.147737421851742,0.22277461376294,0.0729013254786451,0.0739369885616179,0.230462065031375,0.230238993710692,0.316953316953317,0.27,0.167322834645669,0.126692456479691,0.194069431051109,0.204180064308682,0.17139175257732,0.304871257288868,0.158163093027182,0.0806451612903226,0.273892387581483,0.183339152700186,0.318491431849143,0.180468327579753,0.0662620961128424,0.0907407407407407,0.053014553014553,0.16975487357653,0.237267080745342,0.270204193396964,0.196387216303844,0.127376425855513,0.558217160808953,0.142408376963351,0.127478753541076,0.0459313413858868,0.0546875,0.176791638426141,0.0936914428482199,0.178862684593344,0.099623352165725,0.0793372490575962,0.0453311050762482,0.115084361621758,0.225809344453412,0.50846366336428
"Crp",0.0373938104821388,0.011602689221427,0.0212860970526943,0.0223718573990749,0.0382916053019146,0.0142478093157038,0.0259555048488306,0.0209811320754717,0.00491400491400491,0.04,0.015748031496063,0.0125725338491296,0.0142538572806172,0.00964630225080386,0.029639175257732,0.0220140208346983,0.0246834374472396,0.032258064516129,0.0163517843332228,0.0272491852886406,0.0267441026744103,0.0194651249844029,0.0265704444808922,0.0324074074074074,0.0114345114345114,0.0256063822942804,0.0217391304347826,0.0168205288687216,0.0240852246410375,0.0126742712294043,0.015511486353819,0.0361256544502618,0.0198300283286119,0.0103305785123967,0.0546875,0.0256840152677202,0.00811992504684572,0.0319732201895526,0.0160075329566855,0.0297478156687414,0.0254856904115312,0.0221606648199446,0.0327025976743491,0.0492346355951565
"Cryab",0.155675200012497,0.0895684233355021,0.091024114319738,0.101695981875964,0.0672557682866961,1.40502575308257,0.0547632629777524,0.0715471698113208,0.0982800982800983,0.0325,0.077755905511811,0.138297872340426,0.351102941176471,0.0337620578778135,0.0257731958762887,0.0605057983358449,0.0675333445888908,0.123655913978495,0.0659595624792841,0.0736877327746741,0.097942209794221,0.198352950962858,0.0592094472691488,0.0642857142857143,0.0207900207900208,0.0739561217268224,0.0542443064182195,0.0736778281959005,0.0771190365910144,0.0487959442332066,0.114667190261143,0.0465968586387435,0.0368271954674221,0.117132867132867,0,0.0795134305996504,0.0356027482823235,0.0974074278157373,0.0378531073446328,0.197218082463984,0.0518069772299979,0.062200956937799,0.0769138791737662,0.196678920805035
"Csf1",0.0989921921577918,0.0306332682715246,0.032003572491813,0.042572606274189,0.0433235149729995,0.0270463109545363,0.0636052481460354,0.0312955974842767,0.0663390663390663,0.025,0.0255905511811024,0.0193423597678917,0.0669901157184185,0.00482315112540193,0.0244845360824742,0.0483358448535674,0.0393381732230289,0.010752688172043,0.0428681913600707,0.0457693202979516,0.100738510073851,0.0524061057272387,0.020501886173528,0.0575396825396825,0.0051975051975052,0.0556520620214888,0.0514147688060732,0.0476060084493819,0.0222325150532654,0.0291508238276299,0.0386805419202827,0.0277486910994764,0.0084985835694051,0.0417991099809282,0.03125,0.040880390967788,0.014366021236727,0.0631336786422746,0.0922787193973635,0.0403845591888022,0.0210988092751201,0.0483505414253337,0.0462439840970914,0.134618979375662
"Csf1r",0.0557145125891367,0.0164281067013663,0.0355760643048526,0.0337308454737107,0.0391507118311242,0.0164440678721934,0.0219623502567028,0.0809056603773585,0.0122850122850123,0.01,0.00984251968503937,0.0125725338491296,0.0252531340405014,0.022508038585209,0.0283505154639175,0.0276485618816746,0.0540942090157015,0.00537634408602151,0.130372334548669,0.116780144320298,0.0352047035204704,0.0294888325084224,0.0410037723470559,0.101455026455026,0.0239085239085239,0.035771730039246,0.131469979296066,0.0504615866061649,0.032422417786012,0.0570342205323194,0.12153936775967,0.0240837696335079,0.0254957507082153,0.0163699936427209,0.015625,0.138122926550851,0.0249843847595253,0.0509560282124752,0.047834274952919,0.0306244703544607,0.0248589931063296,0.0382775119617225,0.0745224643529728,0.0787484163083889
"Csf2",0.0578077120340744,0.0131750162654522,0.0107174754391188,0.018186967055788,0.0229504172803142,0.0201342281879195,0.0148317170564746,0.0203270440251572,0.0147420147420147,0.0025,0.0147637795275591,0.0135396518375242,0.0221492285438766,0.00321543408360129,0.00644329896907216,0.0237502456921968,0.0219483369913895,0.00537634408602151,0.0129267484255883,0.0316428072625698,0.0316197031619703,0.0188412427733644,0.0275545350172216,0.014021164021164,0.0280665280665281,0.0441034549314804,0.0202208419599724,0.0185612580190893,0.0206113941639648,0.00887198986058302,0.0141370508541135,0.0151832460732984,0.0113314447592068,0.0122377622377622,0.0078125,0.0281097278207826,0.0274828232354778,0.0343701785320696,0.0148775894538606,0.0346570819087695,0.0204721119699185,0.0266935280785696,0.0360804711087197,0.074449083016595
"Csf2ra",0.0562117776314042,0.0344285404467578,0.0603602262578148,0.0430445863880935,0.116347569955817,0.0281054204107115,0.0387906446092413,0.342289308176101,0.0442260442260442,0.0275,0.0383858267716535,0.02321083172147,0.0427314368370299,0.0514469453376206,0.112113402061856,0.0349865688265741,0.109876751646125,0.00537634408602151,0.234559717158325,0.299551908752328,0.0359934035993404,0.0536954622967184,0.0401836969001148,0.0943121693121693,0.0353430353430353,0.0963456218233288,0.214285714285714,0.105323892974495,0.094488188976378,0.103929024081115,0.377577066561948,0.0617801047120419,0.0396600566572238,0.0286077558804832,0.015625,0.203010737345272,0.0524672079950031,0.0674041216662993,0.102448210922787,0.0700154875661144,0.0509713808230625,0.046839587005792,0.112725316115147,0.090784472552807
"Csf2rb",0.0502576145336773,0.0236933420082412,0.0387019946412623,0.0709858091312419,0.0657830142366225,0.0217842092354345,0.0273816314888762,0.0904654088050314,0.0221130221130221,0.0225,0.0108267716535433,0.00870406189555126,0.0258859691417551,0.022508038585209,0.0231958762886598,0.0285330537902116,0.0608475434745906,0.0161290322580645,0.0784443707877583,0.0860684357541899,0.0371406037140604,0.0352701409973797,0.0523208135148434,0.0432539682539683,0.0363825363825364,0.0491539599819855,0.0869565217391304,0.0486817399468002,0.032422417786012,0.0335868187579214,0.0803063027685058,0.0287958115183246,0.0708215297450425,0.0220915448188175,0.015625,0.0721292762101809,0.0349781386633354,0.0502259202115936,0.0583804143126177,0.0452938254288303,0.0338416544808857,0.0277008310249307,0.0624458195079664,0.0704820653415581
"Csf3",0.122949432571121,0.015506397744524,0.0247097350401905,0.0297347471759857,0.0342415316642121,0.0183727619344913,0.0484883057615516,0.0307924528301887,0.0122850122850123,0.0125,0.0137795275590551,0.0251450676982592,0.0216972034715526,0.0257234726688103,0.0115979381443299,0.0570333486208478,0.0322471720411953,0.0268817204301075,0.0336979339299525,0.0392952746741155,0.105614110561411,0.0484132595765919,0.0296867311792685,0.0234126984126984,0.027027027027027,0.0321366531557614,0.0318840579710145,0.0337779690189329,0.0252431681333951,0.0164765525982256,0.0239544472805812,0.0319371727748691,0.0113314447592068,0.0219326128417038,0.046875,0.0361003103485178,0.0218613366645846,0.0731761075600617,0.0291902071563089,0.0300692557201718,0.0298725715479423,0.027952656761521,0.0454966669655935,0.184995949903421
"Csf3r",0.0497369181543396,0.0429950119279983,0.0195742780589461,0.0235046096724458,0.0633284241531664,0.0167562264487503,0.026811180832858,0.0399496855345912,0.0122850122850123,0.0075,0.0078740157480315,0.00580270793036751,0.0201904532304725,0.0176848874598071,0.0206185567010309,0.019262268230361,0.0293770048961675,0.0268817204301075,0.0370124848083085,0.0596921554934823,0.0271026027102603,0.0226261281869983,0.0159094636706577,0.0531746031746032,0.0103950103950104,0.0338094318986039,0.0372670807453416,0.0247809419496166,0.0321908290875405,0.0259822560202788,0.0339681916355782,0.0329842931937173,0.0254957507082153,0.0136681500317864,0.03125,0.0453037491527842,0.0224859462835728,0.0585326206744545,0.0455743879472693,0.0244002220858537,0.0336327553791519,0.0259380508687988,0.0304008609093355,0.0660581136934804
"Csk",0.24259765009724,0.182661027976578,0.099732063114022,0.080079292659136,0.0721649484536082,0.0532676313853152,0.115231032515687,0.132427672955975,0.058968058968059,0.0425,0.0807086614173228,0.0773694390715667,0.0649710703953713,0.218649517684887,0.253865979381443,0.160404245561161,0.10839101806517,0.0752688172043011,0.190365705446912,0.149252211359404,0.202480820248082,0.135382439795367,0.0844677710349352,0.0654761904761905,0.0311850311850312,0.154346007849193,0.174741200828157,0.119914723830386,0.166280685502547,0.138149556400507,0.174356960534066,0.0942408376963351,0.0991501416430595,0.103782581055308,0.0234375,0.133128812471016,0.114303560274828,0.154135441921975,0.0664783427495292,0.0713889132404079,0.152914142469187,0.124653739612188,0.160284578363674,0.348702930608345
"Cst7",0.0660581461646806,0.0358924311429191,0.0755433164632331,0.0440514772977565,0.0699558173784978,0.0657205288858169,0.0667427267541358,0.061937106918239,0.100737100737101,0.0575,0.030511811023622,0.0145067698259188,0.038120781099325,0.0353697749196141,0.0257731958762887,0.0589006093166481,0.0464967077494513,0.00537634408602151,0.0411004308916142,0.0621217411545624,0.0572166057216606,0.0458345464376326,0.0616696736099721,0.0537037037037037,0.0582120582120582,0.103905294988098,0.0645272601794341,0.0499921764982006,0.094951366373321,0.0532319391634981,0.0532102886314549,0.0575916230366492,0.0311614730878187,0.034965034965035,0.0859375,0.0779081796454179,0.042473454091193,0.0493442803614723,0.0429378531073446,0.0766196195318664,0.025903488614999,0.0652228657768824,0.131497922458374,0.0904313872100027
"Ctla4",0.0464669448920987,0.0165365430492301,0.0242631735635606,0.0219313426260974,0.0300687285223368,0.0254855180717519,0.120365088419852,0.0467924528301887,0.00982800982800983,0.0175,0.0236220472440945,0.00483558994197292,0.0188042430086789,0.00643086816720257,0.0322164948453608,0.0269114852912271,0.0294107715684619,0.032258064516129,0.0232018561484919,0.0616707402234637,0.0228723022872302,0.0145156594434971,0.0350992291290799,0.0542328042328042,0.0280665280665281,0.11326642218362,0.0353347135955832,0.0314700359881083,0.054886521537749,0.0316856780735108,0.0300412330649912,0.0544502617801047,0.0028328611898017,0.0104895104895105,0.0078125,0.0523311811079799,0.111180512179888,0.0326344500771435,0.0171374764595104,0.0402384500745156,0.0236055984959265,0.0493578443716948,0.0471706573401489,0.0611356886202671
"Ctnnb1",0.278887584255183,0.304923010193017,0.0897588568026198,0.13536389666782,0.0715513009327442,0.0856875292648666,0.134341129492299,0.107018867924528,0.0245700245700246,0.08,0.15255905511811,0.169245647969052,0.0895913693346191,0.0546623794212219,0.123711340206186,0.257452663303413,0.136856322809387,0.145161290322581,0.235775052480389,0.112575651769088,0.400444540044454,0.255043047872562,0.0690503526324422,0.0585978835978836,0.0582120582120582,0.0877243775332947,0.211939268461008,0.150993584728524,0.0697081982399259,0.0697084917617237,0.141959552326723,0.0680628272251309,0.0481586402266289,0.162269548633185,0.0078125,0.141190739485606,0.0505933791380387,0.219721181397399,0.115065913370998,0.0690219455889658,0.054731564654272,0.07202216066482,0.126386273278929,0.517488109331838
"Ctsg",0.0501664926672932,0.0225005421817393,0.0855165227746353,0.0336049841100028,0.0565783014236622,0.0310932239291846,0.0436394751853965,0.0367295597484277,0.00737100737100737,0.0025,0.0078740157480315,0.0125725338491296,0.0283269045323047,0.0466237942122186,0.0412371134020619,0.0304822118849505,0.0386290731048455,0.032258064516129,0.0301624129930394,0.0522724627560521,0.0366387036638704,0.02362433972466,0.0544530096768903,0.0611111111111111,0.0322245322245322,0.0433314032040147,0.0366459627329193,0.0315482710061023,0.0442334414080593,0.017743979721166,0.0292558413508737,0.0361256544502618,0.107648725212465,0.0200254291163382,0.015625,0.0461955552384689,0.0137414116177389,0.0379242891778708,0.0231638418079096,0.0496770988574267,0.0543137664508043,0.040543943591035,0.0649568050697994,0.0676469977360999
"Ctsw",0.0883830034287857,0.0119279982650184,0.020244120273891,0.0218054812623895,0.0262641138929799,0.0248723494392294,0.0228180262407302,0.0262138364779874,0.00737100737100737,0.0075,0.00885826771653543,0.00290135396518375,0.0170262777242044,0.0257234726688103,0.0180412371134021,0.0389831618947782,0.0309978051663009,0.0268817204301075,0.0193348801237432,0.0343924581005587,0.0412275041227504,0.0210872187331032,0.0188617352796457,0.0242063492063492,0.0488565488565489,0.0938364537090652,0.0220841959972395,0.0252307933030825,0.0296433534043539,0.0247148288973384,0.0119772236402906,0.0172774869109948,0.028328611898017,0.00937698664971392,0.015625,0.0325687582492063,0.0137414116177389,0.0472917125854089,0.0195856873822976,0.0203383887086876,0.0271568832254021,0.0878871820700075,0.0594565509819747,0.110619560927991
"Cuzd1",0.0629678131533112,0.0137171980047712,0.0166716284608514,0.0268084704697775,0.0391507118311242,0.0175143258489598,0.0162578436965203,0.0256100628930818,0.00737100737100737,0.0125,0.00492125984251968,0.00773694390715667,0.0196781581485053,0.0192926045016077,0.00902061855670103,0.0276158029220992,0.0288367381394564,0.00537634408602151,0.0246381615291128,0.035963687150838,0.0400086040008604,0.0228340889240111,0.0180416598327046,0.0358465608465608,0.0332640332640333,0.0331017178150936,0.0280193236714976,0.023881239242685,0.0268642890226957,0.0310519645120406,0.019438444924406,0.0350785340314136,0.0453257790368272,0.0128734901462174,0,0.0272179217350979,0.0231105559025609,0.0391916464624201,0.027683615819209,0.0365272785716373,0.0327971589722164,0.0264417023419793,0.0511762771649777,0.0791222713772405
"Cx3cl1",0.175086761034207,0.0321513771416179,0.0281333730276868,0.0588716528743589,0.0498281786941581,0.039532654016812,0.0527666856816885,0.0490566037735849,0.0245700245700246,0.0375,0.0177165354330709,0.00483558994197292,0.0345648505303761,0.0128617363344051,0.0167525773195876,0.0618816746380135,0.0489954414992402,0.021505376344086,0.0488343829411115,0.0602158985102421,0.117444611744461,0.0739092459343676,0.0434639986878793,0.0218253968253968,0.025987525987526,0.0483819082545197,0.0468599033816425,0.0531411359724613,0.0405280222325151,0.0380228136882129,0.0335754957785195,0.0146596858638743,0.0226628895184136,0.0249523204068659,0.046875,0.0578960510826526,0.051842598376015,0.0995288737050915,0.0344632768361582,0.05800531837176,0.0225611029872572,0.057668093679174,0.0587391265357367,0.226680790080379
"Cx3cr1",0.114391787576705,0.0268922142702234,0.0433164632331051,0.0377269437714358,0.0532646048109966,0.0353073647127026,0.0450656018254421,0.0656100628930818,0.0171990171990172,0.0075,0.0196850393700787,0.0212765957446809,0.0443888621022179,0.0112540192926045,0.0141752577319588,0.0464522046779794,0.045112274185379,0.0161290322580645,0.0959010054137664,0.0894000232774674,0.0743529074352907,0.039595724327247,0.0592094472691488,0.115079365079365,0.0249480249480249,0.0859229235025413,0.0525879917184265,0.048407917383821,0.0345067160722557,0.0291508238276299,0.0596897702729236,0.0335078534031414,0.0141643059490085,0.0233630006357279,0.015625,0.055184960582171,0.0306058713304185,0.0667153405333921,0.0301318267419962,0.0554045761374595,0.0315437643618132,0.07202216066482,0.0667204735001345,0.147475439798949
"Cxcl1",0.168906095011468,0.0278681414009976,0.0299196189342066,0.0397407255907618,0.0564555719194894,0.0220294766884434,0.0501996577296064,0.037685534591195,0.0294840294840295,0.0125,0.00885826771653543,0.0222437137330754,0.0446902121504339,0.0176848874598071,0.0115979381443299,0.0507436283823626,0.0544656424109404,0.00537634408602151,0.0553529996685449,0.059401187150838,0.131999713199971,0.0693341097200848,0.0419878628833853,0.0388888888888889,0.0103950103950104,0.0331982242810268,0.0593512767425811,0.0504811453606634,0.0277906438165818,0.0272496831432193,0.0351462792067544,0.0361256544502618,0.056657223796034,0.0192307692307692,0,0.0543288267399137,0.00999375390381012,0.0957819043420763,0.0578154425612053,0.0521025101545834,0.0442866095675789,0.0365147318055905,0.0584401996831375,0.214208569588967
"Cxcl10",0.107896100244467,0.0190305790500976,0.0329711223578446,0.0593436329882634,0.0482326951399116,0.0647171620325983,0.0995436394751854,0.0886037735849057,0.00737100737100737,0.035,0.015748031496063,0.0415860735009671,0.0386933461909354,0.0209003215434084,0.0567010309278351,0.060145449780515,0.0491980415330069,0.032258064516129,0.109490664015026,0.0590229283054004,0.125259912525991,0.465915235203594,0.0349352140396917,0.0338624338624339,0.0384615384615385,0.077945055652062,0.0757073844030366,0.0977350962290721,0.023853635942566,0.0310519645120406,0.0740231690555665,0.0256544502617801,0.0254957507082153,0.0216147488874762,0.0078125,0.0734491492169943,0.0381011867582761,0.0764271545073837,0.0431261770244821,0.0637912392975074,0.0188009191560476,0.0486023671619239,0.0595163363524945,0.183593993395227
"Cxcl12",0.0665476007612581,0.0241270873996964,0.0369157487347425,0.124728611434505,0.0784241531664212,0.0384289504782715,0.0173987450085568,0.0405534591194969,0.0171990171990172,0.02,0.00885826771653543,0.0251450676982592,0.275012054001929,0.0385852090032154,0.0180412371134021,0.031104632116884,0.0520682086780348,0.021505376344086,0.0248591315876699,0.0568697625698324,0.0326952032695203,0.0333569022168615,0.0979170083647696,0.0355820105820106,0.0124740124740125,0.0341311201183813,0.0443754313319531,0.0602605226099202,0.0490968040759611,0.0494296577946768,0.0435892401335166,0.0162303664921466,0.0141643059490085,0.0184361093452003,0.0234375,0.0804052366853351,0.0512179887570269,0.0459003746969363,0.0352165725047081,0.0551123579088864,0.0421976185502402,0.0176278015613196,0.0579320240337189,0.0827154339834258
"Cxcl14",0.0525616960122468,0.034320104098894,0.0241143197380173,0.0376640130895818,0.0549828178694158,0.0244821512185333,0.0205362236166572,0.0376352201257862,0.0196560196560197,0.0225,0.00885826771653543,0.0299806576402321,0.0968539054966249,0.0176848874598071,0.0167525773195876,0.0281890847146695,0.0530812088468681,0.00537634408602151,0.0311567782565462,0.0564478584729981,0.0349179034917904,0.0309029655201098,0.045432179760538,0.0437830687830688,0.0561330561330561,0.0424950138325935,0.0472739820565908,0.123063683304647,0.0280222325150533,0.0278833967046895,0.0378951502061653,0.0366492146596859,0.0084985835694051,0.0216147488874762,0.015625,0.0491920236863696,0.0181136789506558,0.0400870619351995,0.0288135593220339,0.0498816516174279,0.0336327553791519,0.023419793502896,0.0492033599378232,0.0714270878767109
"Cxcl16",0.118200681591561,0.0247777054868792,0.04443286692468,0.052704446052673,0.0628375061364752,0.0257976766483088,0.051625784369652,0.18062893081761,0.0147420147420147,0.0175,0.0354330708661417,0.0280464216634429,0.029893924783028,0.0209003215434084,0.0824742268041237,0.0572135228985127,0.11294951882492,0.0161290322580645,0.157330681692631,0.154809706703911,0.0740661074066107,0.0719960071538494,0.0496965720846318,0.115608465608466,0.0176715176715177,0.0994659975551695,0.242443064182195,0.118076200907526,0.0736452061139416,0.0760456273764259,0.159827213822894,0.0450261780104712,0.0453257790368272,0.0228862047043865,0.046875,0.15699354332394,0.0687070580886946,0.0784246197928146,0.0696798493408663,0.0554337979603168,0.0678922080635053,0.10853689247041,0.105551071652767,0.161089995222963
"Cxcl17",0.0879247906149685,0.0230427239210583,0.0295474843703483,0.0338567068374186,0.0440598919980363,0.0230216950210707,0.0296634341129492,0.0383899371069182,0.0491400491400491,0.01,0.0147637795275591,0.00676982591876209,0.024077868852459,0.0128617363344051,0.0270618556701031,0.0363296861691673,0.032449772074962,0.0268817204301075,0.030272898022318,0.0496537476722533,0.0547788054778805,0.0380984070207545,0.0275545350172216,0.0346560846560847,0.0332640332640333,0.0369941452744001,0.0307108350586611,0.0283015177593491,0.0335803612783696,0.032319391634981,0.0231690555664638,0.0198952879581152,0.0254957507082153,0.019389701207883,0.0234375,0.0435201369814148,0.0293566520924422,0.0859323341415032,0.0205273069679849,0.0329329943601882,0.0511802799247963,0.0319818685469655,0.0450183840014348,0.118553596278065
"Cxcl2",0.0992447299017706,0.0246150509650835,0.0313337302768681,0.0411252005915484,0.0787923416789396,0.0610381502374635,0.0410724472333143,0.0470943396226415,0.0122850122850123,0.025,0.0265748031496063,0.0154738878143133,0.0423698167791707,0.0209003215434084,0.0141752577319588,0.0357072659372338,0.0515279419213237,0.0161290322580645,0.0275107722903547,0.0565787942271881,0.0520542052054205,0.0433806097408809,0.0485484664589142,0.0433862433862434,0.0103950103950104,0.0359004053271569,0.0467908902691511,0.0345407604443749,0.0252431681333951,0.017743979721166,0.0430001963479285,0.0167539267015707,0.0396600566572238,0.0273363000635728,0.015625,0.0514750472657225,0.0156152404747033,0.0613015208287415,0.170998116760829,0.0595832968060548,0.045540004177982,0.053135230420549,0.0596359070935342,0.12160674600702
"Cxcl3",0.13314727116045,0.0289525048796357,0.0393718368562072,0.0387653000220257,0.0784241531664212,0.0242145867243417,0.0713063320022818,0.0553459119496855,0.0466830466830467,0.02,0.00492125984251968,0.0135396518375242,0.0383317261330762,0.0337620578778135,0.0231958762886598,0.052954858153705,0.0816140469356745,0.0268817204301075,0.04894486797039,0.0807728119180633,0.0759303075930308,0.0551511874558083,0.0442840741348204,0.053968253968254,0.0197505197505198,0.042302000900727,0.091304347826087,0.0476646847128775,0.0335803612783696,0.0430925221799747,0.0581189868446888,0.0178010471204188,0.0481586402266289,0.0230451366815003,0.015625,0.0663147005315164,0.0312304809494066,0.0815792373815296,0.124670433145009,0.0708921422518337,0.0520158763317318,0.0352556031226391,0.0796341135324186,0.163322740773049
"Cxcl5",0.0935352941023325,0.0227174148774669,0.0227746353081274,0.027311915924609,0.0483554246440844,0.0178822270284733,0.0347974900171135,0.0375849056603774,0.0221130221130221,0.01,0.0127952755905512,0.00676982591876209,0.039778206364513,0.0112540192926045,0.0103092783505155,0.0292046124615082,0.0387303731217289,0.0268817204301075,0.0268478621146835,0.0444454143389199,0.0576468057646806,0.0374745248097159,0.0300147613580449,0.0425925925925926,0.0145530145530146,0.02689313517339,0.0436853002070393,0.0322915036770458,0.0226956924502084,0.0215462610899873,0.0400549774199882,0.0340314136125654,0.0028328611898017,0.0166878575969485,0.0703125,0.0516177362394321,0.0430980637101811,0.0489447873043862,0.024105461393597,0.0222085853715555,0.0524336745351995,0.0249307479224377,0.0459450572444923,0.115749683261678
"Cxcl9",0.071439543245136,0.0126870527000651,0.0281333730276868,0.0597212170793871,0.0432007854688267,0.0193426832259359,0.0347974900171135,0.090314465408805,0.00737100737100737,0.01,0.0167322834645669,0.00773694390715667,0.0203712632594021,0.0562700964630225,0.140463917525773,0.0370340038000393,0.0340368056728009,0.0161290322580645,0.0469561374433764,0.055429469273743,0.0557109055710906,0.107307740298632,0.0342791536821388,0.0366402116402116,0.025987525987526,0.038731261661198,0.0518978605935128,0.0825770614927241,0.0567392311255211,0.105196451204056,0.0806989986255645,0.0518324607329843,0.0198300283286119,0.0114431023521933,0,0.0583597902472086,0.0474703310430981,0.0530499228565131,0.0222222222222222,0.0183805265772479,0.0369751410068937,0.0334928229665072,0.0416704032523242,0.104565185785199
"Cxcr1",0.0845767128958269,0.0158859249620473,0.0325245608812146,0.0315912022906768,0.0576828669612175,0.0162879885839149,0.0570450656018254,0.0385408805031447,0.00982800982800983,0.01,0.0187007874015748,0.0251450676982592,0.0206424783027965,0.0273311897106109,0.0167525773195876,0.0310227347179454,0.0363329393888232,0.0483870967741935,0.0378963650425367,0.0650314245810056,0.0476805047680505,0.027201264401281,0.029358701000492,0.0243386243386243,0.0467775467775468,0.0508589075468056,0.0351966873706004,0.0316851822875919,0.0409911996294581,0.0342205323193916,0.0280777537796976,0.0476439790575916,0.0028328611898017,0.0144628099173554,0.0078125,0.042164591731174,0.028107432854466,0.0650347145690985,0.0367231638418079,0.0370824932059262,0.0236055984959265,0.0465877612692017,0.0635518488625833,0.106081375786653
"Cxcr3",0.151496611568311,0.0284103231403166,0.0552247692765704,0.0500298920738806,0.0657830142366225,0.0391981983990724,0.122361665715916,0.0789433962264151,0.0221130221130221,0.045,0.0580708661417323,0.0338491295938104,0.0368852459016393,0.0852090032154341,0.150773195876289,0.0781956365065846,0.0811750801958467,0.021505376344086,0.0521489338194675,0.0825913640595903,0.107478310747831,0.0559830304038598,0.0818435296047236,0.0784391534391534,0.0467775467775468,0.177893585536898,0.0669427191166322,0.0610233140353622,0.115562760537286,0.131178707224335,0.0461417632043982,0.0858638743455497,0,0.0284488239033694,0.078125,0.0923197659900831,0.0112429731417864,0.0883568437293366,0.0393596986817326,0.0635574647146489,0.0223522038855233,0.0455804583228406,0.0938630317161391,0.196969696969697
"Cxcr4",0.0227492248132653,0.00851225330730861,0.0183090205418279,0.0186274818287656,0.023073146784487,0.0140248389038775,0.0154021677124929,0.0289811320754717,0.00491400491400491,0.015,0.0078740157480315,0.00676982591876209,0.0125060270009643,0.0289389067524116,0.0154639175257732,0.0163631003079342,0.0202262367043728,0,0.0195558501823003,0.0460893854748603,0.0144834014483401,0.0138501850850559,0.0121371166147286,0.0113756613756614,0.00727650727650728,0.0270539792832786,0.0300207039337474,0.0149820059458614,0.0340435386753126,0.0278833967046895,0.0310229727076379,0.0120418848167539,0.0084985835694051,0.0128734901462174,0.0625,0.0317839688938037,0.033104309806371,0.0190792373815296,0.024105461393597,0.0215364834458374,0.0137873407144349,0.0206497104004029,0.0279795534032822,0.031611523044011
"Cxcr5",0.0903876844892359,0.0282476686185209,0.0336409645727895,0.0464743085491331,0.0616102110947472,0.0322749671118643,0.0353679406731318,0.0556981132075472,0.0466830466830467,0.0075,0.0285433070866142,0.0203094777562863,0.0370057859209257,0.0369774919614148,0.0567010309278351,0.0430288934023455,0.0568968428161405,0.021505376344086,0.0422052811843995,0.0881634078212291,0.0531297053129705,0.0290729110343967,0.0539609644087256,0.0498677248677249,0.0218295218295218,0.06758669497523,0.0452726017943409,0.0434986700046941,0.0530338119499768,0.0361216730038023,0.0408403691341056,0.109424083769634,0.0169971671388102,0.0274952320406866,0,0.0717012092890522,0.0743285446595878,0.0511351113070311,0.0387947269303201,0.056778001811753,0.0505535826195947,0.0682447746159657,0.0588586972767764,0.113724634972065
"Cxcr6",0.156063118815103,0.0263500325309044,0.0480797856504912,0.0539945250306787,0.0959744722631321,0.0528105420410711,0.0867084997147747,0.112201257861635,0.0122850122850123,0.035,0.0226377952755906,0.0106382978723404,0.0377591610414658,0.0819935691318328,0.0682989690721649,0.109644237699011,0.116495019415837,0.0913978494623656,0.0677273229477406,0.157515712290503,0.0859683085968309,0.0485796281662022,0.0552730851238314,0.062037037037037,0.0332640332640333,0.3890175641768,0.0875776397515528,0.0837114692536379,0.109773043075498,0.0893536121673004,0.0555664637738072,0.0706806282722513,0.0198300283286119,0.0265416401780038,0.140625,0.122462811686227,0.0455965021861337,0.0941839321137315,0.0429378531073446,0.0735513281318489,0.0662210152496344,0.149584487534626,0.138522703494455,0.202930608345276
"Cyp1b1",0.0706611021580261,0.0239102147039688,0.0134712712116701,0.0335105880872219,0.0525282277859597,0.0199447033378671,0.0236737022247576,0.0323522012578616,0.027027027027027,0.005,0.0147637795275591,0.00773694390715667,0.0524951783992285,0.00964630225080386,0.0193298969072165,0.0262563060997183,0.0401148066858011,0.0268817204301075,0.0182300298309579,0.042292248603352,0.0523410052341005,0.0235827475772574,0.0390355912743972,0.0201058201058201,0.0218295218295218,0.0362864311908898,0.0271911663216011,0.0313918009701142,0.0317276516905975,0.0247148288973384,0.0202238366385235,0.0230366492146597,0.0396600566572238,0.0170057215511761,0.0078125,0.0344950593942853,0.0306058713304185,0.0432830063918889,0.0259887005649717,0.0473101312059846,0.0225611029872572,0.0138504155124654,0.0431351448300601,0.088395954057366
"Cyp2u1",0.109656054006628,0.0308501409672522,0.0375111640369157,0.0439256159340486,0.0652920962199313,0.0532341858235412,0.0678836280661723,0.0530817610062893,0.0761670761670762,0.0475,0.0255905511811024,0.0319148936170213,0.0489693828351013,0.045016077170418,0.0670103092783505,0.0463047893598899,0.056559176093196,0.00537634408602151,0.0369019997790299,0.0663989757914339,0.0841041084104108,0.04579295429023,0.035919304576021,0.0477513227513228,0.0187110187110187,0.0503442063951618,0.0447895100069013,0.0403301517759349,0.0428439092172302,0.0430925221799747,0.0433928922049872,0.0455497382198953,0.0084985835694051,0.0327399872854418,0.0078125,0.0557557164770092,0.0368519675202998,0.0677760634780692,0.0357815442561205,0.0805937874404605,0.0522247754334656,0.0493578443716948,0.0676770394284519,0.137962905269279
"Cystm1",0.14023915584703,0.0270548687920191,0.04398630544805,0.0516031591202291,0.0504418262150221,0.11465138576111,0.0718767826583001,0.0608301886792453,0.0294840294840295,0.0425,0.0275590551181102,0.0725338491295938,0.0448710221793635,0.0289389067524116,0.0554123711340206,0.0892190264037214,0.0620293770048962,0.010752688172043,0.0857363827201414,0.070719855679702,0.110418011041801,0.0786507507382606,0.0224700672461867,0.0345238095238095,0.0426195426195426,0.0521134916039375,0.0740510697032436,0.0553512752307933,0.0433070866141732,0.0640050697084918,0.0331827999214608,0.0455497382198953,0.0113314447592068,0.195168467895741,0.0703125,0.0779081796454179,0.0512179887570269,0.0947625082653736,0.0613935969868173,0.0736389936004208,0.0747858784207228,0.0483505414253337,0.0721310495321795,0.20595260348516
"Dcn",0.0884298661029261,0.0644111906310995,0.0312593033640965,0.0656052358327302,0.0914334806087383,0.0739592856028005,0.0233884768967484,0.0507672955974843,0.0196560196560197,0.005,0.172244094488189,0.0328820116054159,0.847245660559306,0.0112540192926045,0.0219072164948454,0.0353960558212671,0.0936012156002026,0.0645161290322581,0.0336979339299525,0.0496973929236499,0.0671829067182907,0.0689597803934617,0.0470723306544202,0.0757936507936508,0.0457380457380457,0.0368654699864891,0.0532091097308489,0.122163980597716,0.0384437239462714,0.0373891001267427,0.10956214411938,0.0240837696335079,0.0651558073654391,0.0506993006993007,0.0390625,0.0948168230300004,0.0618363522798251,0.0538213577253692,0.0489642184557439,0.0912597527833786,0.0522247754334656,0.012591286829514,0.034167339252085,0.107587180925084
"Ddc",0.0550089689951341,0.0292235957492952,0.0274635308127419,0.0379472011579245,0.0402552773686794,0.0323418582354122,0.0185396463205933,0.0343647798742138,0.0737100737100737,0.0125,0.0246062992125984,0.011605415860735,0.0421588717454195,0.0144694533762058,0.00902061855670103,0.0397693769245889,0.0575721762620294,0.032258064516129,0.0223179759142636,0.0421904096834264,0.0378576037857604,0.0277003701701119,0.0428079383303264,0.0400793650793651,0.0145530145530146,0.0382808981535096,0.0324361628709455,0.0313135659521202,0.0328855951829551,0.0190114068441065,0.0270960141370509,0.0246073298429319,0.0084985835694051,0.0241576605212969,0,0.0378125780330325,0.0243597751405372,0.0402110425391228,0.0306967984934087,0.0367318313316385,0.0323793607687487,0.0506169730546462,0.0619974292290676,0.0700251313685172
"Ddit3",0.0885496262701737,0.0261873780091087,0.0422744864543019,0.0558509801453699,0.047373588610702,0.12430600459319,0.0362236166571592,0.0393459119496855,0.00737100737100737,0.02,0.0374015748031496,0.0183752417794971,0.0620178399228544,0.0176848874598071,0.0167525773195876,0.0370995217191902,0.0521695086949181,0.0537634408602151,0.0351342393105734,0.0611615456238361,0.0624507062450706,0.0529468036434721,0.0457602099393144,0.033994708994709,0.053014553014553,0.0664607862060091,0.0452035886818496,0.0397433891409795,0.0345067160722557,0.0297845373891001,0.0365207147064598,0.0261780104712042,0.0538243626062323,0.0351239669421488,0.0546875,0.045375093639639,0.0437226733291693,0.0633954154727794,0.0408662900188324,0.107565529937758,0.0630875287236265,0.0596826995718962,0.0528203748542732,0.114981203397927
"Ddr1",0.0921997078893312,0.0984059856864021,0.0242631735635606,0.0311821528586262,0.0251595483554246,0.0485072130928226,0.0356531660011409,0.0447295597484277,0.00491400491400491,0.015,0.0915354330708661,0.0125725338491296,0.0360414657666345,0.00482315112540193,0.00902061855670103,0.0360839939723514,0.0468343744723957,0.021505376344086,0.025301071704784,0.039397113594041,0.0732057073205707,0.0395125400324419,0.0175496145645399,0.0294973544973545,0.0145530145530146,0.04169079328315,0.0256038647342995,0.0310201846346425,0.0226956924502084,0.0190114068441065,0.0212055762811702,0.0392670157068063,0.0311614730878187,0.0847107438016529,0.0078125,0.0319623301109407,0.0443472829481574,0.0547718756887811,0.0212806026365348,0.04725168756027,0.0146229371213704,0.0256862251322085,0.0353331539772218,0.123600639707562
"Ddr2",0.0280004477988862,0.0105725439167209,0.0090800833581423,0.0125861363707876,0.0147275405007364,0.0118508773885705,0.0128351397604107,0.0176100628930818,0.0171990171990172,0.0075,0.0078740157480315,0.00967117988394584,0.0375482160077146,0.00643086816720257,0.0128865979381443,0.0148561881674638,0.0137768022961337,0,0.0125952933377527,0.0149557728119181,0.0243063024306302,0.0162209374870025,0.0111530260783992,0.0112433862433862,0.0135135135135135,0.0146368139998713,0.0132505175983437,0.0140627444844312,0.0136637332098194,0.0152091254752852,0.0106027881405851,0.0141361256544503,0.0084985835694051,0.00985378258105531,0.0234375,0.0149823422395034,0.0224859462835728,0.0177430019836897,0.0137476459510358,0.021127377925835,0.0110716523918947,0.0103248552002015,0.0180252892117299,0.0384032234614825
"Dhrs2",0.0521529493544667,0.0238559965300369,0.0541083655849955,0.0412825272961833,0.0515463917525773,0.0522531160115053,0.0282373074729036,0.0387924528301887,0.00737100737100737,0.0075,0.0246062992125984,0.0125725338491296,0.0438162970106075,0.0112540192926045,0.0128865979381443,0.0287623665072397,0.0448759074793179,0.00537634408602151,0.0340293890177881,0.0503811685288641,0.0336273033627303,0.0282826602337479,0.0852878464818763,0.0424603174603175,0.0207900207900208,0.0484140770764975,0.0365769496204279,0.0277929901423877,0.0282538212135248,0.0342205323193916,0.0363243667779305,0.0209424083769634,0.0084985835694051,0.02638270820089,0,0.0422716084614561,0.0174890693316677,0.0398115494820366,0.0288135593220339,0.0541480377545951,0.0538959682473365,0.0339964744396877,0.0529997309658327,0.0683116289696139
"Dll1",0.121173857917579,0.0335068314899154,0.0323012801428997,0.0584940687832353,0.0549828178694158,0.0466008160717073,0.0410724472333143,0.0327547169811321,0.00737100737100737,0,0.0738188976377953,0.0280464216634429,0.0349867405978785,0.022508038585209,0.0154639175257732,0.0433237240385245,0.0499409083234847,0.032258064516129,0.0292785327588112,0.043572509310987,0.0688320068832007,0.0446699663103606,0.0414958176152206,0.0167989417989418,0.025987525987526,0.0393746381007527,0.032712215320911,0.0356751682052887,0.0328855951829551,0.0354879594423321,0.028863145493815,0.0240837696335079,0.0141643059490085,0.0244755244755245,0.0078125,0.0438411871722613,0.0343535290443473,0.0632576592461979,0.0318267419962335,0.0656906577832325,0.0353039481930228,0.0269453538151599,0.0436732131647386,0.148036222402227
"Dll4",0.0704059609321507,0.0106267620906528,0.0201696933611194,0.0477958528680658,0.0157093765341188,0.0142143637539299,0.0173987450085568,0.0241006289308176,0.00982800982800983,0.0075,0.0137795275590551,0.0145067698259188,0.0113006268081003,0.0112540192926045,0.00902061855670103,0.0259614754635393,0.0225561370926895,0.0161290322580645,0.0227599160313777,0.0315409683426443,0.0416577041657704,0.0205049286694672,0.0250943086763982,0.0124338624338624,0.0114345114345114,0.0276973557228334,0.0167701863354037,0.0199499295884838,0.0182955071792497,0.0190114068441065,0.0141370508541135,0.0157068062827225,0,0.0138270820089002,0.03125,0.0243641422609068,0.0274828232354778,0.0385855190654618,0.0259887005649717,0.0255106513544315,0.0361395445999582,0.0269453538151599,0.0388007054673721,0.0892371279622822
"Dmbt1",0.0601065865488504,0.0166991975710258,0.0230723429592141,0.0328498159277556,0.0449189985272459,0.0574706236482419,0.0231032515687393,0.0460377358490566,0.0196560196560197,0.005,0.0216535433070866,0.0154738878143133,0.0317321600771456,0.0868167202572347,0.0283505154639175,0.0292701303806591,0.0273172378862063,0.0161290322580645,0.021986520826428,0.0453037709497207,0.0505485050548505,0.0227093124818034,0.059373462358537,0.0387566137566138,0.0291060291060291,0.0366402882326449,0.0263630089717046,0.0271279924894383,0.0298749421028254,0.023447401774398,0.0341645395641076,0.0397905759162304,0.0339943342776204,7.66115702479339,0.0546875,0.032354724788642,0.00437226733291693,0.0773638968481375,0.0271186440677966,0.0397709009087987,0.158554418216002,0.0186351045076807,0.0486951842884046,0.146862732880553
"Dnmt1",0.16318103832065,0.0878876599436131,0.0659422447156892,0.0606022466253422,0.0645557191948945,0.0663671430801133,0.0647461494580719,0.0649056603773585,0.0638820638820639,0.0425,0.0757874015748032,0.0986460348162476,0.0646998553519769,0.0723472668810289,0.0708762886597938,0.11029941689052,0.0631099105183184,0.0806451612903226,0.0817589216661142,0.0676646880819367,0.118018211801821,0.0783180135590401,0.0506806626209611,0.0623015873015873,0.0405405405405405,0.0745994981663771,0.0652864044168392,0.0794085432639649,0.0599814729041223,0.0405576679340938,0.0610642057726291,0.0706806282722513,0.0028328611898017,0.0743801652892562,0.03125,0.0733778047301395,0.0399750156152405,0.104185034163544,0.0459510357815443,0.0766196195318664,0.0645498224357635,0.0757995467136741,0.0932950706962006,0.239703408312044
"Dnmt3a",0.0432906969781386,0.0232595966167859,0.0224769276570408,0.029420093766716,0.029945999018164,0.0312158576556891,0.0228180262407302,0.0472452830188679,0.0196560196560197,0.0075,0.0374015748031496,0.0145067698259188,0.0302254098360656,0.00321543408360129,0.0180412371134021,0.025388193670969,0.0301874050312342,0.00537634408602151,0.0322616285493316,0.0375058193668529,0.0353481035348104,0.0239986690512831,0.0275545350172216,0.030952380952381,0.0197505197505198,0.0348066653799138,0.0364389233954451,0.0259935847285245,0.0210745715609078,0.0152091254752852,0.0428038484193992,0.0267015706806283,0.0056657223796034,0.0343293070565798,0.0078125,0.0444476153105269,0.0193628981886321,0.0331992506061274,0.0143126177024482,0.036118173051635,0.0419887194485064,0.03601108033241,0.051086599109198,0.0601387417699961
"Dpp4",0.0589766754056876,0.0336694860117111,0.0316314379279547,0.0244485699002549,0.0412371134020619,0.0207585453410332,0.0231032515687393,0.0527798742138365,0.105651105651106,0.0325,0.0177165354330709,0.011605415860735,0.0398384763741562,0.0128617363344051,0.0115979381443299,0.0318580881871192,0.0324160054026676,0.0376344086021505,0.0299414429344824,0.0339851024208566,0.0459597045959705,0.0200474150480389,0.0436280137772675,0.0306878306878307,0.0197505197505198,0.0457440648523451,0.0282263630089717,0.0338170865279299,0.0294117647058824,0.0247148288973384,0.0243471431376399,0.0151832460732984,0.0028328611898017,0.0478385251112524,0.0546875,0.040238290586095,0.0449718925671455,0.0345217103813092,0.0186440677966102,0.051401186406008,0.0284102778358053,0.0274490052883405,0.0642094879383015,0.0758510395247887
"Dst",0.0820825772387992,0.121774018651052,0.0299196189342066,0.0674931562883484,0.0393961708394698,0.100827220227876,0.0467769537934969,0.0376352201257862,0.0171990171990172,0.0225,0.179133858267717,0.02321083172147,0.0742827868852459,0.0241157556270096,0.0128865979381443,0.0383935006224202,0.0675671112611852,0.021505376344086,0.0360181195448017,0.0357891061452514,0.0716283071628307,0.0823108597096868,0.0559291454813843,0.0441798941798942,0.0145530145530146,0.02959531621952,0.0342995169082126,0.0384916288530746,0.0215377489578509,0.0240811153358682,0.0398586294914589,0.0403141361256545,0.0028328611898017,0.0514939605848697,0,0.0496200906074983,0.0249843847595253,0.0713990522371611,0.027683615819209,0.0626515882060723,0.015249634426572,0.0146058927222362,0.0364391833318387,0.115303134151661
"Dusp1",0.114865621281902,0.140641943179354,0.0318547186662697,0.091155092665429,0.0618556701030928,0.0774710695890655,0.0747290359383913,0.0721006289308176,0.0147420147420147,0.01,0.0255905511811024,0.0241779497098646,0.084468418514947,0.0160771704180064,0.0322164948453608,0.0422426783725349,0.0770555461759244,0.0376344086021505,0.0606562810739145,0.10103875698324,0.0704811070481107,0.0517406313687976,0.076267016565524,0.0567460317460317,0.0114345114345114,0.0837032747860773,0.0552104899930987,0.0522609920200282,0.0488652153774896,0.0329531051964512,0.0520322010602788,0.0371727748691099,0.0056657223796034,0.0688175460902734,0.0703125,0.0910712374701245,0.0287320424734541,0.0695944456689442,0.0774011299435028,0.0458782618859764,0.0871109254230207,0.0503651473180559,0.0738349325919947,0.14557500986562
"Dusp2",0.0632281613429801,0.0255367599219258,0.037883298600774,0.0599100091249489,0.0417280314187531,0.0389863765078374,0.0453508271534512,0.0625408805031447,0.00982800982800983,0.01,0.0167322834645669,0.0222437137330754,0.0263078592092575,0.0498392282958199,0.0837628865979381,0.0466978968747953,0.0384264730710788,0.010752688172043,0.0348027842227378,0.0841916899441341,0.0442389044238904,0.0291145031817993,0.0592094472691488,0.0302910052910053,0.0654885654885655,0.141317634948208,0.0401656314699793,0.0409560319198873,0.0875405280222325,0.0621039290240811,0.0327901040644021,0.0858638743455497,0.0311614730878187,0.0206611570247934,0.0078125,0.0566831948061214,0.0368519675202998,0.0706000661229888,0.0301318267419962,0.0672101925718126,0.0369751410068937,0.0798287584991186,0.0754491375960303,0.0895486738529919
"Dusp4",0.125183220038479,0.0183799609629148,0.02917534980649,0.0347377363833737,0.0416053019145803,0.0268344890633013,0.127780946948089,0.0343647798742138,0.00737100737100737,0.0075,0.0196850393700787,0.0396518375241779,0.022269768563163,0.0192926045016077,0.0502577319587629,0.0686627792701304,0.062468343744724,0,0.0458512871505911,0.0433979283054004,0.109916110991611,0.0512415255999667,0.0372314252911268,0.0325396825396825,0.0176715176715177,0.0592228012610178,0.0451345755693582,0.0500899702706932,0.0449282075034738,0.0481622306717364,0.0292558413508737,0.0471204188481675,0.0141643059490085,0.0511760966306421,0.0390625,0.0417008525666179,0.0493441599000625,0.085147123649989,0.0322033898305085,0.0540311504631659,0.0248589931063296,0.0579199194157643,0.0459749499297522,0.175628803456082
"Dusp5",0.153647087614976,0.0812188245499892,0.0401905328966954,0.053648406280482,0.0587874324987727,0.0378380788869317,0.101540216771249,0.0634465408805031,0.0196560196560197,0.025,0.0275590551181102,0.00870406189555126,0.0322444551591128,0.0498392282958199,0.0283505154639175,0.0626515101880364,0.0562215093702516,0.00537634408602151,0.0409899458623357,0.0863303072625698,0.0823116082311608,0.0528220272012644,0.0273905199278334,0.0216931216931217,0.0550935550935551,0.11326642218362,0.0522429261559696,0.0583242059145674,0.0632237146827235,0.0405576679340938,0.0280777537796976,0.0712041884816754,0.0226628895184136,0.0602352193261284,0,0.0614632754253915,0.0487195502810743,0.0973247740797884,0.0630885122410546,0.0523655065602992,0.0651765197409651,0.0760513724502644,0.101276417660598,0.198163956217418
"Dusp6",0.354091762322931,0.0560615918455866,0.132033343256922,0.108649822220824,0.0661512027491409,0.0680171241276283,0.263548203080434,0.12,0.027027027027027,0.0175,0.0403543307086614,0.117021276595745,0.0528266634522662,0.0353697749196141,0.0592783505154639,0.288229705824543,0.144690190781698,0.010752688172043,0.410230913711192,0.170798417132216,0.530364953036495,0.289148608742669,0.0811874692471707,0.115873015873016,0.0353430353430353,0.170687769413884,0.259558316080055,0.174053356282272,0.107225567392311,0.0779467680608365,0.166306695464363,0.0712041884816754,0.0254957507082153,0.154799745708837,0.0234375,0.156565476402811,0.0343535290443473,0.27405223716112,0.129566854990584,0.0540895941088805,0.153958637977857,0.115336187358348,0.152482587510836,0.649562797266704
"Efna1",0.197992194761274,0.0734656256777272,0.0495683239059244,0.0733457097007646,0.0541237113402062,0.0332448884033089,0.101825442099258,0.0473459119496855,0.0196560196560197,0.0175,0.015748031496063,0.0164410058027079,0.0355593056894889,0.0434083601286174,0.0541237113402062,0.0782120159863723,0.0569306094884349,0.0268817204301075,0.0568997900784444,0.0702543063314711,0.131928013192801,0.0774861706109886,0.0362473347547974,0.0419312169312169,0.0228690228690229,0.0656887344785434,0.0498274672187716,0.0493467375997496,0.0609078276980083,0.0399239543726236,0.0337718437070489,0.0403141361256545,0.0339943342776204,0.0451366815003179,0.0390625,0.0571826062141048,0.0393504059962523,0.0946247520387922,0.0572504708097928,0.0552584670231729,0.0459578023814498,0.0501133215814656,0.0772725913968852,0.245705859139718
"Efna4",0.176883163542922,0.0815983517675125,0.0427210479309318,0.0443661307070262,0.0393961708394698,0.0194430199112578,0.0658870507701084,0.0546415094339623,0.0245700245700246,0.03,0.046259842519685,0.0522243713733075,0.0343237704918033,0.0209003215434084,0.0257731958762887,0.0763611347703597,0.0644268107378018,0.0268817204301075,0.0501602032924539,0.0597212523277467,0.133075213307521,0.0538202387389261,0.0406757421682795,0.051984126984127,0.0353430353430353,0.0568423084346651,0.0542443064182195,0.0494054138632452,0.0537285780453914,0.0361216730038023,0.034949931278225,0.0392670157068063,0.0169971671388102,0.0292434837889383,0.03125,0.0582884457603539,0.0118675827607745,0.140621556094335,0.0531073446327684,0.0481575640688466,0.110298725715479,0.0377738604885419,0.100319851732281,0.233960579059962
"Efna5",0.039624994467601,0.0300368683582737,0.00841024114319738,0.0113589880746358,0.0203730976926853,0.0107248768088475,0.00884198516828294,0.0138867924528302,0.00245700245700246,0.01,0.0147637795275591,0.00676982591876209,0.0120238669238187,0.00964630225080386,0.00902061855670103,0.0182467404835222,0.0136079689346615,0.0161290322580645,0.0116009280742459,0.0193057495344507,0.0342009034200903,0.0197978621636235,0.00918484500574053,0.0125661375661376,0.00415800415800416,0.0105192047867207,0.0122843340234645,0.0133390705679862,0.0122742010189903,0.0101394169835234,0.0139407029255841,0.00785340314136126,0.0339943342776204,0.0112841703750795,0,0.0158028038383334,0.0149906308557152,0.0275925721842627,0.016195856873823,0.0185558575143917,0.00981825778149154,0.00805842357088894,0.0135712791080023,0.0537312812843999
"Efnb1",0.081189582948235,0.0714595532422468,0.0192021434950878,0.0468833579811837,0.0459008345606284,0.0288077772079645,0.0347974900171135,0.0389433962264151,0.00491400491400491,0.0075,0.047244094488189,0.00483558994197292,0.0340224204435873,0.0755627009646302,0.0244845360824742,0.0447159798204809,0.0509876751646125,0.010752688172043,0.0401060656281074,0.0468459031657356,0.0780813078081308,0.0467495736804891,0.0273905199278334,0.0376984126984127,0.0187110187110187,0.0437495978897253,0.0337474120082816,0.0389023626975434,0.031032885595183,0.0272496831432193,0.0341645395641076,0.0193717277486911,0.0084985835694051,0.0300381436745073,0,0.0469446723504441,0.0293566520924422,0.0699801631033723,0.0342749529190207,0.0467549165716957,0.0384374347190307,0.023419793502896,0.047140764654889,0.114482729972792
"Efnb2",0.0658004014569085,0.0377358490566038,0.0173414706757964,0.0337623108146377,0.0319096710849288,0.0156748199513925,0.0245293782087849,0.0222389937106918,0.00737100737100737,0.0075,0.0246062992125984,0.00773694390715667,0.0184426229508197,0.00803858520900321,0.0115979381443299,0.0242416300858285,0.0211041701840284,0.0268817204301075,0.0152469340404375,0.0221281424581006,0.0462465046246505,0.0237907083142703,0.0121371166147286,0.021031746031746,0.00207900207900208,0.0200733449141092,0.0231193926846101,0.0195978720075106,0.015748031496063,0.0152091254752852,0.015511486353819,0.00680628272251309,0.0396600566572238,0.0143038779402416,0.0546875,0.0220454464381265,0.0156152404747033,0.0373043861582544,0.0145009416195857,0.0253645422401449,0.0229789011907249,0.0173759758247293,0.0325232415627896,0.0854985772737658
"Egf",0.0467377070093543,0.0200065061808718,0.0203185471866627,0.0162990466001699,0.038046146293569,0.0216504269883386,0.0276668568168853,0.0250566037735849,0.0245700245700246,0.0175,0.00688976377952756,0.00676982591876209,0.0185631629701061,0.0241157556270096,0.0154639175257732,0.0263545829784446,0.0258652709775452,0.00537634408602151,0.021765550767871,0.0302025139664804,0.0291819029181903,0.0192987563947927,0.0137772675086108,0.0165343915343915,0.00311850311850312,0.0234510712217719,0.0206349206349206,0.0187959630730715,0.0298749421028254,0.0158428390367554,0.0172786177105832,0.0240837696335079,0.0226628895184136,0.0692943420216147,0.0078125,0.0266114935968323,0.0224859462835728,0.0354033502314305,0.0195856873822976,0.0297478156687414,0.0296636724462085,0.025182573659028,0.0327922757301288,0.0600141234137122
"Egfr",0.0383883405666739,0.0436456300151811,0.0184578743673712,0.0204524716025298,0.0278595974472263,0.042063368191041,0.0162578436965203,0.0218867924528302,0.0122850122850123,0.005,0.0226377952755906,0.00773694390715667,0.0393563162970106,0.00964630225080386,0.0141752577319588,0.0160518901919675,0.0251561708593618,0.00537634408602151,0.0104960777814606,0.0177636173184358,0.0203628020362802,0.0170527804350539,0.0141052976873872,0.026984126984127,0.0280665280665281,0.0188830985009329,0.0135265700483092,0.0182287591926146,0.0113478462251042,0.0133079847908745,0.016100530139407,0.00890052356020942,0.0198300283286119,0.0155753337571519,0.015625,0.0191916669639354,0.00811992504684572,0.0273032841084417,0.0154425612052731,0.0290757137430233,0.0144140380196365,0.0211533618735835,0.0195797088452456,0.0478638336760338
"Eif5a",0.417515184808162,0.740566037735849,0.202738910389997,0.132815204052736,0.10027000490918,0.20265780730897,0.27438676554478,0.168704402515723,0.127764127764128,0.29,0.198818897637795,0.615087040618955,0.128887415621986,0.127009646302251,0.525773195876289,0.470795387538492,0.184703697450616,0.150537634408602,0.380399955805988,0.171656773743017,0.472503047250305,0.307199600715385,0.077743152370018,0.0779100529100529,0.116424116424116,0.218104613009072,0.262732919254658,0.306798623063683,0.248031496062992,0.159062103929024,0.273905360298449,0.256544502617801,0.0424929178470255,0.346630642085188,0.09375,0.168158955516712,0.0712054965646471,0.330780251267357,0.122033898305085,0.0696356038689693,0.105702945477334,0.125409216821959,0.23379069141781,0.805533055019004
"Elane",0.106380873780594,0.0254825417479939,0.139624888359631,0.0454359522985432,0.0625920471281296,0.0308925505585409,0.0442099258414147,0.0632955974842767,0.00737100737100737,0.0225,0.00590551181102362,0.00967117988394584,0.0371564609450337,0.0257234726688103,0.0154639175257732,0.0438642468715194,0.0577072429512072,0.032258064516129,0.0424262512429566,0.092804352886406,0.0564279056427906,0.0383895520525725,0.0441200590454322,0.0592592592592593,0.0135135135135135,0.062278839348903,0.0570738440303658,0.0415427945548427,0.0546549328392774,0.023447401774398,0.0459454152758688,0.0293193717277487,0.0141643059490085,0.0257469802924348,0.03125,0.0728070488353013,0.0574640849469082,0.0680240246859158,0.0461393596986817,0.0471640220916981,0.0459578023814498,0.0503651473180559,0.0718620153648402,0.129115001973124
"Emp3",0.12680258577822,0.0281392322706571,0.0541083655849955,0.0529876341210157,0.0495827196858125,0.0323418582354122,0.0476326297775242,0.0851823899371069,0.027027027027027,0.0275,0.0078740157480315,0.0164410058027079,0.064157425265188,0.0369774919614148,0.0876288659793814,0.0633066893795453,0.0497720749620125,0.032258064516129,0.0803226162854933,0.111499068901304,0.0558543055854306,0.0561909911408726,0.0659340659340659,0.0596560846560847,0.0384615384615385,0.0830277295245448,0.0923395445134576,0.0622555155687686,0.0914775358962483,0.0525982256020279,0.129589632829374,0.0329842931937173,0.0708215297450425,0.0270184361093452,0.109375,0.0902151036278672,0.0899437851342911,0.0827088384394975,0.0435028248587571,0.038105257005932,0.0336327553791519,0.0800805842357089,0.105162466744388,0.165742413857561
"Eng",0.166909224396708,0.0270006506180872,0.0349806490026794,0.189987728517038,0.0509327442317133,0.036656335704252,0.0559041642897889,0.0556981132075472,0.00982800982800983,0.04,0.0118110236220472,0.0212765957446809,0.0608124397299904,0.0144694533762058,0.0257731958762887,0.0765576885278124,0.0450785075130846,0.010752688172043,0.060545796044636,0.0673882681564246,0.108840610884061,0.0690013725408643,0.0482204362801378,0.0433862433862434,0.0374220374220374,0.0522099980698707,0.0652173913043478,0.0581481771240807,0.0493283927744326,0.0475285171102662,0.0581189868446888,0.0151832460732984,0.0169971671388102,0.0246344564526383,0,0.0659579780972425,0.0149906308557152,0.122052016751157,0.0412429378531073,0.0553169106688875,0.0405264257363693,0.0722739864014102,0.0813977819627537,0.222973393980933
"Eno1/b",0.342844720529236,0.351930166991976,0.118264364394165,0.0854913312985746,0.0825969563082965,0.078786595018841,0.304620650313748,0.126138364779874,0.0810810810810811,0.205,0.0905511811023622,0.318181818181818,0.0640670202507232,0.0819935691318328,0.237113402061856,0.445145122190919,0.165051494175249,0.0913978494623656,0.377306374986189,0.115921787709497,0.528859252885925,0.388720209624423,0.0569132360177136,0.062037037037037,0.0925155925155925,0.132117351862575,0.301035196687371,0.253481458300735,0.112088930060213,0.0849176172370089,0.241900647948164,0.13979057591623,0.0509915014164306,0.080737444373808,0.1171875,0.119930082402882,0.0530918176139913,0.272509367423408,0.165913370998117,0.0625347009146431,0.0662210152496344,0.104255854948376,0.127312946521986,0.719182918977299
"Entpd1",0.0612469116196001,0.0504229017566688,0.0337898183983328,0.0663918693559045,0.0492145311732941,0.0255635577158911,0.0370792926411865,0.0479496855345912,0,0.01,0.0206692913385827,0.0174081237911025,0.0370057859209257,0.00964630225080386,0.029639175257732,0.0266657930944113,0.0397771399628567,0.00537634408602151,0.0382278201303723,0.0587174115456238,0.0374274037427404,0.027783554464917,0.0311628669837625,0.035978835978836,0.0415800415800416,0.0633404104741684,0.051207729468599,0.0325848849945235,0.0421491431218157,0.0544993662864385,0.0461417632043982,0.037696335078534,0.0198300283286119,0.0286077558804832,0.0234375,0.0603574358791424,0.0499687695190506,0.0471264051135111,0.0401129943502825,0.0461412582916922,0.0444955086693127,0.0511206245278267,0.0524616626311542,0.081739256859202
"Eomes",0.044766871213561,0.0178377792235957,0.0189788627567728,0.0209244517164343,0.0327687776141384,0.0242034382037504,0.0231032515687393,0.0217861635220126,0.0515970515970516,0,0.0187007874015748,0.00773694390715667,0.0254942140790743,0.0128617363344051,0.0283505154639175,0.0290899561029942,0.0308965051494175,0.010752688172043,0.0212131256214783,0.0315991620111732,0.0295404029540403,0.0222517988603752,0.0354272593078563,0.0141534391534392,0.0457380457380457,0.0408865727337065,0.0211870255348516,0.0219253637928337,0.0180639184807781,0.0126742712294043,0.0178676614961712,0.025130890052356,0.0084985835694051,0.0184361093452003,0.03125,0.0322833803017872,0.0168644597126796,0.0326482256998016,0.0156308851224105,0.0327576634230443,0.0409442239398371,0.038781163434903,0.0408633007503064,0.0583110058778325
"Epcam",0.0735041043892101,0.0296031229668185,0.0224025007442691,0.0131839778484,0.0186548846342661,0.0151285424424179,0.0675984027381631,0.0195723270440252,0.00491400491400491,0.135,0.0570866141732283,0.0357833655705996,0.0121142719382835,0.0112540192926045,0.00257731958762887,0.0800465177225971,0.0212392368732061,0,0.0479505027068832,0.0190147811918063,0.224421022442102,0.0625961818408684,0.0180416598327046,0.0133597883597884,0.0155925155925156,0.0107765553625426,0.0240165631469979,0.0324088562040369,0.0145900880037054,0.0120405576679341,0.019438444924406,0.0136125654450262,0.0028328611898017,0.0843928798474253,0.015625,0.0138051582063996,0.00687070580886946,0.0508733744765263,0.0205273069679849,0.0167733263200958,0.0083559640693545,0.00956937799043062,0.0200579918094042,0.246256256879972
"Epha2",0.116906751088906,0.0794296248102364,0.0424977671926169,0.0429816557062396,0.0276141384388807,0.0177595933019688,0.0370792926411865,0.0301383647798742,0.00491400491400491,0.015,0.015748031496063,0.0174081237911025,0.0205219382835101,0.00643086816720257,0.00644329896907216,0.0488763676865623,0.0322134053689009,0.00537634408602151,0.0350237542812949,0.0444745111731844,0.095002509500251,0.0468327579752943,0.0137772675086108,0.0373015873015873,0.0228690228690229,0.0275365116129447,0.0323671497584541,0.0366335471757158,0.0208429828624363,0.0114068441064639,0.0184567052817593,0.0104712041884817,0.0311614730878187,0.0282898919262556,0.015625,0.0375628723290408,0.0274828232354778,0.0668530967599736,0.0188323917137476,0.0274685134858712,0.028828076039273,0.0256862251322085,0.0396377006546498,0.16281388248489
"Epha3",0.0507574830578416,0.0192474517458252,0.0182345936290563,0.0285075988798339,0.0520373097692685,0.036199246360008,0.0222475755847119,0.0292830188679245,0.0147420147420147,0.0025,0.0334645669291339,0.0270793036750484,0.0445696721311475,0.0160771704180064,0.0128865979381443,0.0283201205529712,0.0379537396589566,0.0161290322580645,0.0182300298309579,0.0336795856610801,0.0442389044238904,0.0205465208168698,0.0178776447433164,0.0226190476190476,0.0384615384615385,0.0250273434986811,0.0236714975845411,0.0254459396025661,0.0192218619731357,0.0253485424588086,0.0231690555664638,0.00628272251308901,0.0623229461756374,0.0163699936427209,0.03125,0.0277886776299361,0.0181136789506558,0.0359819263830725,0.0301318267419962,0.0625931445603577,0.0139962398161688,0.0332409972299169,0.0326727049890892,0.0643238415685297
"Epha4",0.0349829862458051,0.034320104098894,0.0130991366478118,0.0241024511500582,0.038659793814433,0.016432919351602,0.0145464917284655,0.0199245283018868,0.0171990171990172,0,0.0078740157480315,0.00580270793036751,0.0225409836065574,0.00643086816720257,0.0154639175257732,0.0178863919281924,0.0237379706229951,0.00537634408602151,0.0128162633963098,0.0259834729981378,0.0275328027532803,0.015971384602587,0.0239462030506807,0.0357142857142857,0.0197505197505198,0.0173389950460014,0.0146307798481712,0.0160186199342826,0.0187586845761927,0.00697084917617237,0.012762615354408,0.0141361256544503,0.0056657223796034,0.0171646535282899,0.0078125,0.0205115399707488,0.0168644597126796,0.0266007273528764,0.0156308851224105,0.0244878875544256,0.00856486317108836,0.0146058927222362,0.0243625384868323,0.0467422684694789
"Epha7",0.0434416989281465,0.0244523964432878,0.026570407859482,0.0306787074037947,0.0443053510063819,0.0301901937612879,0.0228180262407302,0.0383899371069182,0.027027027027027,0.02,0.0196850393700787,0.0251450676982592,0.0367345708775313,0.0273311897106109,0.0167525773195876,0.0303675555264365,0.0328549721424954,0.032258064516129,0.0274002872610761,0.0412011173184358,0.0377142037714204,0.0225013517447906,0.0413318025258324,0.0375661375661376,0.0457380457380457,0.0333590683909155,0.03567977915804,0.0273626975434204,0.0294117647058824,0.0139416983523447,0.0310229727076379,0.0298429319371728,0.0084985835694051,0.0932930705657978,0.015625,0.0453037491527842,0.0162398500936914,0.0612050914701344,0.0365348399246704,0.0455276000116887,0.0217255065803217,0.025182573659028,0.0275909484949033,0.0611045340311961
"Ephb2",0.0806688865688972,0.0177835610496638,0.0394462637689789,0.0288851829709575,0.0353460972017673,0.0190974157729269,0.0282373074729036,0.0312452830188679,0.0245700245700246,0.0225,0.0206692913385827,0.0222437137330754,0.0325458052073288,0.0128617363344051,0.0270618556701031,0.0365098604468322,0.0357251392875232,0.0161290322580645,0.0301624129930394,0.0294896415270019,0.0542052054205205,0.0259119078318014,0.0436280137772675,0.0317460317460317,0.0145530145530146,0.034034613652448,0.0241545893719807,0.0336019402284463,0.023853635942566,0.0158428390367554,0.0192420969958767,0.0361256544502618,0.0084985835694051,0.0146217418944692,0.03125,0.0327114472229159,0.00562148657089319,0.0527055322900595,0.0207156308851224,0.0324362233716139,0.0156674326300397,0.012591286829514,0.0655247660897378,0.104741728456602
"Ephb3",0.0610907027057987,0.0777488614183474,0.0154063709437333,0.0249205500141594,0.0298232695139912,0.0198109210907713,0.0211066742726754,0.0277735849056604,0.00245700245700246,0.025,0.0147637795275591,0.011605415860735,0.0338717454194793,0.00643086816720257,0.0103092783505155,0.0231933433794143,0.0281614046935674,0.00537634408602151,0.0190034250359076,0.0296496741154562,0.0359217035921704,0.0229588653662189,0.0242742332294571,0.0273809523809524,0.0124740124740125,0.0226468506723284,0.0198757763975155,0.0236660929432014,0.0280222325150533,0.0202788339670469,0.0202238366385235,0.0178010471204188,0.0368271954674221,0.0456134774316592,0,0.0279670388470731,0.00874453466583385,0.0423738152964514,0.0199623352165725,0.0269132988515824,0.0165030290369751,0.0186351045076807,0.0327922757301288,0.0764222069910898
"Ephb4",0.211873960234418,0.0396334851442203,0.0352039297409943,0.0855542619804286,0.0401325478645066,0.0324533434413253,0.0727324586423274,0.0360251572327044,0.00737100737100737,0.0325,0.0265748031496063,0.0241779497098646,0.0408027965284474,0.0257234726688103,0.0283505154639175,0.0838301775535609,0.0437616072936012,0.010752688172043,0.0565683349906088,0.0531744646182495,0.185846418584642,0.0826020047415048,0.0321469575200918,0.0363756613756614,0.0114345114345114,0.0452293637007013,0.0391994478951001,0.0507940854326396,0.0437702640111163,0.032319391634981,0.0290594934223444,0.0230366492146597,0.0339943342776204,0.0429116338207247,0.015625,0.0433774480077052,0.042473454091193,0.1322735287635,0.0370998116760829,0.0405306683030887,0.0286191769375392,0.0324855200201461,0.060443009595552,0.283620994039089
"Ephb6",0.0639779641292264,0.147148124051182,0.0207651086632926,0.0235675403542997,0.0424644084437899,0.0215723873441994,0.0347974900171135,0.0324528301886792,0,0.005,0.0295275590551181,0.0125725338491296,0.0334197203471553,0.0128617363344051,0.0219072164948454,0.0457642665268951,0.0299848049974675,0.0591397849462366,0.0307148381394321,0.0374185288640596,0.0458163045816305,0.0380152227259493,0.0395276365425619,0.0392857142857143,0.0239085239085239,0.0402431962941517,0.0265700483091787,0.0264043185729933,0.0259379342288096,0.0278833967046895,0.0280777537796976,0.0162303664921466,0.0056657223796034,0.0332167832167832,0,0.0422716084614561,0.0256089943785134,0.0541795239144809,0.024105461393597,0.057157885508898,0.120116983496971,0.059430873835306,0.0454966669655935,0.0882090265229402
"Epor",0.0768730099635252,0.0180004337453915,0.0186067281929146,0.035429973883767,0.0348551791850761,0.0163883252692368,0.0205362236166572,0.0309433962264151,0.027027027027027,0.01,0.00885826771653543,0.00386847195357834,0.0190453230472517,0.0128617363344051,0.0128865979381443,0.0295485815370504,0.0317406719567787,0.0161290322580645,0.0249696166169484,0.0367638500931099,0.0403671040367104,0.0225429438921932,0.0242742332294571,0.0165343915343915,0.0114345114345114,0.0475455188830985,0.0240855762594893,0.0252699108120795,0.0342751273737842,0.0215462610899873,0.0182603573532299,0.0293193717277487,0.0056657223796034,0.0136681500317864,0,0.0450540434487925,0.0231105559025609,0.0356513114392771,0.0182674199623352,0.0328453288916163,0.0396908293294339,0.0274490052883405,0.0537470480973306,0.0927368268012545
"Erbb2",0.124618264466898,0.149262632834526,0.0306638880619232,0.0396148642270539,0.0382916053019146,0.03012330263774,0.0367940673131774,0.0313962264150943,0.0122850122850123,0.0325,0.0324803149606299,0.0183752417794971,0.0374879459980714,0.0112540192926045,0.0244845360824742,0.0430125139225578,0.036771906128651,0.032258064516129,0.0291680477295326,0.0435434124767225,0.0848211084821108,0.0424655824980244,0.0518287682466787,0.0161375661375661,0.0228690228690229,0.0469343112655215,0.0296066252587992,0.0349710530433422,0.040064844835572,0.0513307984790875,0.0196347928529354,0.0392670157068063,0.0226628895184136,0.0356007628734901,0,0.0408447187243606,0.0318550905683948,0.0803394313422967,0.0258003766478343,0.0404430028345168,0.0419887194485064,0.0307227398640141,0.0615789316354288,0.164485845431699
"Erbb3",0.110593307489436,0.0946107135111689,0.0346829413515927,0.0365941914980649,0.0451644575355916,0.0320074026176726,0.0439247005134056,0.0448805031446541,0.00491400491400491,0.01,0.0511811023622047,0.00967117988394584,0.0369756509161041,0.0273311897106109,0.0257731958762887,0.0519884688462294,0.0546682424447071,0.010752688172043,0.0422052811843995,0.0655115223463687,0.0690471069047107,0.0446699663103606,0.0341151385927505,0.0538359788359788,0.0228690228690229,0.0497651675995625,0.0512767425810904,0.0407995618838992,0.0433070866141732,0.0304182509505703,0.0345572354211663,0.0602094240837696,0.0084985835694051,0.0554672600127146,0.0390625,0.0550779438518888,0.0524672079950031,0.0719500771434869,0.0444444444444444,0.0582098711317612,0.0361395445999582,0.0292117854444724,0.0668400442411742,0.14259455417783
"Esam",0.108265794673797,0.0141509433962264,0.0238910389997023,0.212170793870552,0.0487236131566028,0.0344489286271712,0.0282373074729036,0.0381383647798742,0.0171990171990172,0.01,0.0118110236220472,0.0174081237911025,0.0255544840887175,0.0144694533762058,0.0283505154639175,0.0372633165170674,0.0317744386290731,0.00537634408602151,0.0265164070268479,0.0372584962756052,0.0547788054778805,0.0291145031817993,0.0364113498441857,0.0208994708994709,0.0353430353430353,0.0347423277359583,0.0231884057971014,0.0285166640588327,0.0240852246410375,0.0221799746514575,0.0210092283526409,0.0450261780104712,0.0113314447592068,0.0176414494596313,0,0.0300717012092891,0.0293566520924422,0.0658750275512453,0.0273069679849341,0.0419625376230969,0.0275746814288699,0.0412994208008058,0.0415209398260246,0.139437555818639
"Esr1",0.0324367809508437,0.0132292344393841,0.0177136052396547,0.0196658380793556,0.0240549828178694,0.0232892595152623,0.0139760410724472,0.0193710691823899,0.0147420147420147,0.0025,0.00688976377952756,0.00676982591876209,0.0244997589199614,0.00160771704180064,0.0103092783505155,0.0159372338334535,0.0168158028026338,0.010752688172043,0.0159098442161087,0.0204841713221601,0.0254535025453503,0.0143492908538868,0.016893554206987,0.028968253968254,0.0207900207900208,0.0165991121405134,0.0169082125603865,0.0155687685808168,0.00972672533580361,0.00950570342205323,0.0212055762811702,0.0198952879581152,0.0396600566572238,0.0160521296884933,0.0078125,0.0199051118324831,0.00936914428482199,0.0264905223716112,0.0112994350282486,0.0207767160515473,0.00960935867975768,0.0153613699320071,0.0180252892117299,0.0443641348370615
"Ets1",0.191782890437671,0.0157774886141835,0.0511312890741292,0.0831314307290519,0.0470054000981836,0.0336908292269616,0.0912721049629207,0.0328050314465409,0.00982800982800983,0.035,0.030511811023622,0.0541586073500967,0.0314308100289296,0.0803858520900322,0.103092783505155,0.100258795780646,0.0474421745736958,0.010752688172043,0.0425367362722351,0.0515450418994413,0.120240912024091,0.050825604125941,0.0615056585205839,0.0279100529100529,0.0353430353430353,0.107443865405649,0.042512077294686,0.0515959943670787,0.0743399722093562,0.0551330798479087,0.0253288827802867,0.0863874345549738,0.13314447592068,0.0163699936427209,0.0625,0.0387043841187172,0.100562148657089,0.0901338990522372,0.0301318267419962,0.0523655065602992,0.0956757885941091,0.0745404180307227,0.0821749917795116,0.25616341620454
"Etv4",0.0692396010424342,0.0232595966167859,0.015034236379875,0.0229067681948334,0.0260186548846343,0.0217396151530692,0.0233884768967484,0.0201761006289308,0.00245700245700246,0.01,0.0255905511811024,0.0174081237911025,0.0188042430086789,0.00643086816720257,0.0103092783505155,0.0275502850029483,0.0278912713152119,0.00537634408602151,0.0216550657385924,0.0262162476722533,0.0416577041657704,0.0240818533460883,0.0134492373298343,0.0189153439153439,0.00311850311850312,0.0195586437624654,0.0206349206349206,0.0257588796745423,0.0187586845761927,0.0196451204055767,0.0178676614961712,0.00942408376963351,0.0113314447592068,0.0150985378258106,0.0078125,0.0195840616416366,0.0337289194253592,0.0376350011020498,0.0139359698681733,0.0288711609830221,0.0169208272404429,0.0193905817174515,0.0341075538815652,0.0964026834486053
"Etv5",0.120869250535666,0.0322055953155498,0.0438374516225067,0.0411252005915484,0.0454099165439372,0.0389194853842895,0.0507701083856246,0.0716981132075472,0.00491400491400491,0.0125,0.0255905511811024,0.0812379110251451,0.0356195756991321,0.0273311897106109,0.0335051546391753,0.0844198388259189,0.0723957453992909,0.00537634408602151,0.0833057120760137,0.0809037476722533,0.0911307091130709,0.0513663020421744,0.0303427915368214,0.0567460317460317,0.0155925155925156,0.0573248407643312,0.108902691511387,0.0530433421999687,0.0465493283927744,0.0564005069708492,0.0697035146279207,0.0219895287958115,0.0028328611898017,0.0646853146853147,0.0078125,0.0714515035850605,0.0274828232354778,0.0963191536257439,0.0416195856873823,0.0466088074574092,0.0419887194485064,0.0163686728783682,0.0571249215317012,0.174403389619291
"Ezh2",0.0569537699719605,0.0367057037518976,0.0351295028282227,0.0337308454737107,0.0387825233186058,0.0491426787665277,0.0253850541928123,0.033559748427673,0.00491400491400491,0.01,0.031496062992126,0.0135396518375242,0.0355291706846673,0.0321543408360129,0.0322164948453608,0.0334796566861036,0.0455850075975013,0.0645161290322581,0.0287261076124185,0.0434997672253259,0.0377142037714204,0.0329409807428358,0.0188617352796457,0.0224867724867725,0.0218295218295218,0.0348710030238693,0.031055900621118,0.0297879831012361,0.0331171838814266,0.0247148288973384,0.0237580993520518,0.0340314136125654,0.0254957507082153,0.0321042593769866,0.0234375,0.0371704776513395,0.0262336039975016,0.0415197266916465,0.0150659133709981,0.0588819730574793,0.0323793607687487,0.0400402921178544,0.0535377993005112,0.0812303985710428
"Ezr",0.272902179374696,0.224246367382347,0.0870794879428401,0.0428243290016047,0.0434462444771723,0.0370576824455395,0.209640616086709,0.0630440251572327,0.027027027027027,0.1775,0.0728346456692913,0.148936170212766,0.0337512054001929,0.0627009646302251,0.11340206185567,0.27322610233899,0.0933986155664359,0.0591397849462366,0.188376974919898,0.0795070996275605,0.382376138237614,0.201347585575843,0.0495325569952436,0.0263227513227513,0.0446985446985447,0.0962491153573956,0.0986887508626639,0.110819902988578,0.0699397869383974,0.0608365019011407,0.0852150009817396,0.0670157068062827,0.0651558073654391,0.0610298792116974,0.0234375,0.0580387400563621,0.0318550905683948,0.169261075600617,0.12015065913371,0.0619502644574969,0.0693545017756424,0.0931755225384034,0.107434310824141,0.500591937192348
"Fabp4",0.0694739144131361,0.0689112990674474,0.040934802024412,0.590226865108083,0.0957290132547865,0.100715735021963,0.0385054192812322,0.0485031446540881,0.0737100737100737,0.025,0.0226377952755906,0.0261121856866538,0.0681653809064609,0.0241157556270096,0.0270618556701031,0.0367227936840726,0.0429512071585345,0.0376344086021505,0.0363495746326373,0.0833478817504655,0.0443106044310604,0.0336480472486795,0.0818435296047236,0.0417989417989418,0.0207900207900208,0.0509232451907611,0.0570738440303658,0.0401932404944453,0.0704029643353404,0.0538656527249683,0.037698802277636,0.0282722513089005,0.0141643059490085,0.0340114431023522,0.0859375,0.0572539507009596,0.0193628981886321,0.0529948203658805,0.0380414312617702,0.0822009876976126,0.0524336745351995,0.0380256862251322,0.0467820524317699,0.0909194757721146
"Fabp5",0.0997654262811083,2.32861635220126,0.0430931824947901,0.0566061483276171,0.0589101620029455,0.0234787843653147,0.0496292070735881,0.0793459119496855,0.0393120393120393,0.0225,0.119094488188976,0.02321083172147,0.0236559787849566,0.0369774919614148,0.0721649484536082,0.0527910633558278,0.214688502448084,0.0967741935483871,0.155673406253453,0.100500465549348,0.0586506058650606,0.0873435095453978,0.0347711989503034,0.0556878306878307,0.0280665280665281,0.0679083831950074,0.532091097308489,0.0875449851353466,0.0590551181102362,0.0760456273764259,0.15197329668172,0.0638743455497382,0.0056657223796034,0.0187539732994278,0.0078125,0.150786572967574,0.0462211118051218,0.0617423407538021,0.121280602636535,0.045644487303118,0.0240233966993942,0.0707630319818685,0.0842076943771859,0.154277525079444
"Fas",0.0657431248551813,0.0125786163522013,0.0138434057755284,0.030364053994525,0.029945999018164,0.0165109589957413,0.0242441528807758,0.0271194968553459,0.0122850122850123,0.005,0.0078740157480315,0.00773694390715667,0.0192864030858245,0.0273311897106109,0.0347938144329897,0.0257649217060866,0.0314367719061287,0,0.0209921555629212,0.0402700186219739,0.0356349035634904,0.023042049661024,0.0229621125143513,0.0150793650793651,0.0103950103950104,0.0351605224216689,0.0309868875086266,0.0248005007041152,0.0301065308012969,0.014575411913815,0.0200274887099941,0.0303664921465969,0.0141643059490085,0.0116020343293071,0,0.034281025933721,0.0362273579013117,0.0402523694070972,0.0224105461393597,0.0336635399316209,0.0327971589722164,0.0299672626542433,0.0358413296266404,0.0811888591189482
"Fasl",0.0399243948857202,0.0178377792235957,0.0162994938969932,0.0231899562631761,0.0351006381934217,0.0350509487391023,0.038220193953223,0.0309937106918239,0,0.005,0.0108267716535433,0.0135396518375242,0.0260969141755063,0.0209003215434084,0.0206185567010309,0.0222269540719387,0.020698970116495,0.00537634408602151,0.0148049939233234,0.030915386405959,0.0274611027461103,0.0178430312357027,0.0283746104641627,0.0488095238095238,0.051975051975052,0.109438332368269,0.0207729468599034,0.0248982944766077,0.0261695229272811,0.0240811153358682,0.0229727076379344,0.0366492146596859,0.0226628895184136,0.0187539732994278,0.015625,0.0330324974137624,0.0243597751405372,0.0207047608551907,0.019774011299435,0.0390403553373659,0.0200543137664508,0.017124150088139,0.0867784653095388,0.0537208964213762
"Fasn",0.0621477163558543,0.05644111906311,0.0247841619529622,0.0206727289890186,0.0235640648011782,0.0165444045575152,0.0250998288648032,0.0245534591194969,0.0221130221130221,0,0.0236220472440945,0.0241779497098646,0.0246202989392478,0.00321543408360129,0.0219072164948454,0.0419314682565682,0.0255276042546007,0.021505376344086,0.0245276764998343,0.0224045623836127,0.0498315049831505,0.0274508172856965,0.0216499917992455,0.0167989417989418,0.0124740124740125,0.0253812005404362,0.0213250517598344,0.026736817399468,0.0134321445113478,0.00887198986058302,0.0202238366385235,0.031413612565445,0.0084985835694051,0.0344882390336936,0,0.025113259372882,0.00624609618988132,0.0409135992946881,0.0146892655367232,0.0234066801087052,0.0171297263421767,0.0146058927222362,0.0279197680327624,0.0980850312584377
"Fau",0.445213628707033,0.506614617219692,0.25223280738315,0.135017777917624,0.134388807069219,0.15823095275257,0.34312606959498,0.245182389937107,0.0761670761670762,0.195,0.15748031496063,0.349129593810445,0.114603423336548,0.344051446945338,0.646907216494845,0.497149970516936,0.236299172716529,0.150537634408602,0.527345044746437,0.2074604283054,0.762314476231448,0.430894647090629,0.0749548958504182,0.0866402116402116,0.137214137214137,0.3241330502477,0.394064872325742,0.347735096229072,0.317739694302918,0.210392902408112,0.384645591989004,0.227748691099476,0.0594900849858357,0.23410680228862,0.109375,0.213462704669497,0.127420362273579,0.370054551465726,0.167231638418079,0.0749831974518571,0.11301441403802,0.20700075547721,0.210265148118255,0.862992502128897
"Fcer1g",0.0969250275318211,0.0464107568857081,0.0963084251265258,0.0589031182152859,0.115856651939126,0.0544828201297688,0.0841414717626925,0.246389937106918,0.0786240786240786,0.03,0.0187007874015748,0.0522243713733075,0.0580098842815815,0.0337620578778135,0.0811855670103093,0.0698421018148464,0.188316731386122,0.0161290322580645,0.464700033145509,0.318712174115456,0.0896250089625009,0.141288524726532,0.037395440380515,0.137566137566138,0.153846153846154,0.114295824486907,0.534368530020704,0.154396808011266,0.0833719314497453,0.134347275031686,0.517573139603377,0.0528795811518325,0.0481586402266289,0.0433884297520661,0,0.362501337709129,0.0249843847595253,0.0935640290941151,0.165725047080979,0.0710382513661202,0.0215166074785878,0.0619491312012088,0.102382447015215,0.160435748852473
"Fcgbp",0.0419212655004803,0.012144870960746,0.00974992557308723,0.0125546710298606,0.0192685321551301,0.0106802827264822,0.0139760410724472,0.0133836477987421,0.00737100737100737,0.005,0.0177165354330709,0.0106382978723404,0.00970347155255545,0.022508038585209,0.00902061855670103,0.0157570595557885,0.0182002363667061,0.0161290322580645,0.0123743232791957,0.0199022346368715,0.0330537033053703,0.0149315809175228,0.013941282597999,0.0121693121693122,0.00831600831600832,0.0173389950460014,0.0142857142857143,0.0140823032389297,0.0136637332098194,0.00887198986058302,0.012762615354408,0.0167539267015707,0.0056657223796034,0.0451366815003179,0.015625,0.0155530981343417,0.0118675827607745,0.0286532951289398,0.016195856873823,0.0213611525086935,0.0200543137664508,0.0123394610929237,0.0234956506142947,0.0560055662865807
"Fcgr4",0.243061069874851,0.0329646497505964,0.0745013396844299,0.0674616909474214,0.113279332351497,0.1213404981159,0.156303479749002,0.108880503144654,0.0319410319410319,0.04,0.0708661417322835,0.0483558994197292,0.0663271456123433,0.0466237942122186,0.0747422680412371,0.0853043307344559,0.0940064156677359,0.00537634408602151,0.161087172688101,0.269378491620112,0.142181114218111,0.156012144907042,0.0592094472691488,0.0726190476190476,0.0540540540540541,0.0790709644212829,0.175224292615597,0.0971483335941167,0.0928670680870774,0.103295310519645,0.182603573532299,0.0450261780104712,0.0623229461756374,0.0383026064844247,0.0078125,0.135411836050369,0.0418488444722049,0.137067445448534,0.120715630885122,0.106484322492037,0.0783371631501985,0.0881390078065978,0.127880907541924,0.311691278792033
"Fcrla",0.117115029640641,0.02765126870527,0.0730872283417684,0.034454548315031,0.0602601865488463,0.0257753796071261,0.0590416428978893,0.0770817610062893,0.0221130221130221,0.005,0.031496062992126,0.00967117988394584,0.0294720347155256,0.0514469453376206,0.0811855670103093,0.0444375286640896,0.0747256457876076,0.0161290322580645,0.0561263948734946,0.120577281191806,0.0709830070983007,0.044628374162958,0.123503362309332,0.0854497354497355,0.0311850311850312,0.052660361577559,0.0770876466528641,0.0563487717102175,0.0924038906901343,0.064638783269962,0.0406440212055763,0.0795811518324607,0.0056657223796034,0.0244755244755245,0.0703125,0.0912852709306888,0.066208619612742,0.0671286092131364,0.0465160075329567,0.0679115163203881,0.0457489032797159,0.0569126164694032,0.0897079484650106,0.144567678152325
"Fes",0.161725691940401,0.0306874864454565,0.0666865138434058,0.0853025392530128,0.0897152675503191,0.0276706281076501,0.049343981745579,0.158238993710692,0.00245700245700246,0.01,0.00688976377952756,0.011605415860735,0.0417068466730955,0.0707395498392283,0.0592783505154639,0.0648463604795912,0.0866452811075469,0.0161290322580645,0.181416418075351,0.165459148044693,0.114361511436151,0.0774861706109886,0.0742988354928653,0.0810846560846561,0.0717255717255717,0.091391623238757,0.149689440993789,0.0879948364888124,0.0914775358962483,0.0608365019011407,0.157667386609071,0.0366492146596859,0.0226628895184136,0.0770820089001907,0.0703125,0.144508258124353,0.0412242348532167,0.119999448975094,0.0854990583804143,0.0482452295374185,0.0342594526843535,0.0448249811130698,0.145965982124174,0.226203086381291
"Ffar2",0.0547798625882255,0.0364346128822381,0.0264959809467103,0.0365941914980649,0.0781786941580756,0.0309594416820888,0.0262407301768397,0.0822641509433962,0.0491400491400491,0.0025,0.00688976377952756,0.00676982591876209,0.0350168756027001,0.0305466237942122,0.047680412371134,0.0238485225709231,0.0557150092858349,0.021505376344086,0.0309358081979892,0.0674028165735568,0.0311178031117803,0.0261614607162168,0.0539609644087256,0.0375661375661376,0.00935550935550936,0.0606060606060606,0.0425810904071774,0.0294359255202629,0.0338119499768411,0.0310519645120406,0.0341645395641076,0.00942408376963351,0.0084985835694051,0.0225683407501589,0,0.056005422181001,0.0299812617114304,0.0475534494159136,0.0252354048964218,0.0610151661260629,0.031961562565281,0.0219088390833543,0.124024751143395,0.0714270878767109
"Ffar3",0.0547043616132215,0.0206571242680547,0.0246353081274189,0.0251722727415752,0.0501963672066765,0.0186514749492742,0.0213918996006845,0.0508679245283019,0.0319410319410319,0,0.0127952755905512,0.00773694390715667,0.0176892478302797,0.0498392282958199,0.038659793814433,0.0261088907816288,0.0298159716359953,0.021505376344086,0.0297204728759253,0.0635183891992551,0.0316197031619703,0.021586324501934,0.0452681646711497,0.0543650793650794,0.00415800415800416,0.0524351798237149,0.0407867494824017,0.0249765294946018,0.0421491431218157,0.0405576679340938,0.0204201845670528,0.00942408376963351,0.0311614730878187,0.0157342657342657,0.03125,0.0456961438304855,0.00999375390381012,0.0451427154507384,0.0355932203389831,0.0461704801145495,0.042615416753708,0.0246789221858474,0.0618180731175081,0.0705236047936528
"Ffar4",0.0849333899156732,0.0153979613966602,0.0241887466507889,0.0226550454674176,0.0397643593519882,0.0165332560369239,0.0253850541928123,0.0462893081761006,0.0245700245700246,0.01,0.030511811023622,0.011605415860735,0.0222999035679846,0.0112540192926045,0.0219072164948454,0.0319563650658455,0.0362654060442343,0.010752688172043,0.0264059219975693,0.0409392458100559,0.0418011041801104,0.0254543942103731,0.0257503690339511,0.016005291005291,0.0124740124740125,0.0368976388084668,0.0260869565217391,0.0299835706462212,0.031032885595183,0.0114068441064639,0.0217946200667583,0.0267015706806283,0.0311614730878187,0.0122377622377622,0.046875,0.034102664716584,0.033104309806371,0.0492616266255235,0.0184557438794727,0.0403845591888022,0.0536870691456027,0.040543943591035,0.0555705018981855,0.107067937773901
"Fgf1",0.0452302909911716,0.01881370635437,0.0260494194700804,0.0439256159340486,0.0321551300932744,0.0402461593346563,0.0276668568168853,0.0309937106918239,0.0171990171990172,0.0075,0.0285433070866142,0.0203094777562863,0.0356497107039537,0.00964630225080386,0.0244845360824742,0.0237011072528336,0.0369745061624177,0.010752688172043,0.0198873052701359,0.0327484869646182,0.0266724026672403,0.0269933036642682,0.040347711989503,0.0231481481481481,0.0228690228690229,0.0310107443865406,0.0222912353347136,0.0264629948364888,0.0338119499768411,0.0285171102661597,0.022187315923817,0.0151832460732984,0.0226628895184136,0.0367132867132867,0.0390625,0.039417828987265,0.0124921923797626,0.0322487326427155,0.0327683615819209,0.0261535314572923,0.0526425736369334,0.023419793502896,0.0408633007503064,0.0577086838224604
"Fgf12",0.0228247257882692,0.0101387985252657,0.0109407561774338,0.0119882948931752,0.0203730976926853,0.0111596691119088,0.0105533371363377,0.0151949685534591,0.00737100737100737,0.0075,0.0078740157480315,0.00483558994197292,0.0112102217936355,0.00964630225080386,0.0128865979381443,0.014315665334469,0.013270302211717,0,0.0120428681913601,0.014141061452514,0.0172797017279702,0.0138501850850559,0.0129571920616697,0.0137566137566138,0.0166320166320166,0.0123206588174741,0.0111801242236025,0.0121851040525739,0.0113478462251042,0.0101394169835234,0.0104064402120558,0.00261780104712042,0.0056657223796034,0.00969485060394151,0.015625,0.01448293083152,0.023735165521549,0.01796341194622,0.011864406779661,0.0139388095029368,0.0102360559849593,0.0120876353563334,0.0216721968134398,0.0299810995492969
"Fgf13",0.0355583557449733,0.045922793320321,0.0465168204822864,0.0429501903653126,0.0450417280314188,0.0582621686102254,0.0308043354249857,0.0449308176100629,0.0196560196560197,0.055,0.0679133858267717,0.0203094777562863,0.0471914175506268,0.0192926045016077,0.0167525773195876,0.0362969272095918,0.0362316393719399,0.134408602150538,0.0357971494862446,0.042364990689013,0.0314763031476303,0.0364347211246517,0.0516647531572905,0.0425925925925926,0.0207900207900208,0.0368333011645114,0.0320220841959972,0.0336019402284463,0.0301065308012969,0.026615969581749,0.037698802277636,0.0350785340314136,0.0141643059490085,0.0387794024157661,0.0234375,0.0471943780544358,0.0449718925671455,0.0385992946881199,0.0406779661016949,0.0473977966745566,0.0526425736369334,0.0465877612692017,0.0504588527187397,0.0477392153197499
"Fgf18",0.0851000127570613,0.0239644328779007,0.0376600178624591,0.0438626852521947,0.0581737849779087,0.0301455996789226,0.0376497432972048,0.0499119496855346,0.0343980343980344,0.0225,0.0285433070866142,0.0125725338491296,0.0464681774349084,0.0385852090032154,0.0347938144329897,0.0420625040948699,0.0498396083066014,0.0376344086021505,0.035465694398409,0.0564915037243948,0.0541335054133505,0.0361851682402362,0.0432999835984911,0.0436507936507936,0.025987525987526,0.053400244483047,0.0407177363699103,0.0466867469879518,0.0423807318202872,0.0367553865652725,0.0422148046338111,0.0366492146596859,0.0311614730878187,0.0224094087730451,0.0390625,0.0486569400349588,0.0287320424734541,0.0615770332819043,0.0340866290018832,0.0504660880745741,0.0457489032797159,0.0470914127423823,0.0623262487669267,0.111741126134546
"Fgf2",0.0817389176284363,0.0190305790500976,0.0239654659124739,0.0377584091123627,0.0418507609229259,0.0298668866641397,0.0387906446092413,0.0374339622641509,0.0122850122850123,0.035,0.0177165354330709,0.0154738878143133,0.0951964802314368,0.0257234726688103,0.0077319587628866,0.0362314092904409,0.0515954752659125,0.0161290322580645,0.0362390896033587,0.0356872672253259,0.0486843048684305,0.0321923220895895,0.052812858783008,0.0288359788359788,0.0145530145530146,0.0400180145403075,0.0380262249827467,0.0365161946487248,0.0252431681333951,0.0335868187579214,0.0333791478499902,0.0366492146596859,0.0679886685552408,0.0197075651621106,0.015625,0.041522491349481,0.0324797001873829,0.0504876570420983,0.0282485875706215,0.043949621577394,0.0451222059745143,0.0370183832787711,0.0589184826472962,0.100473549753879
"Fgf7",0.0757222709651888,0.0305790500975927,0.0387764215540339,0.0427928636606778,0.0613647520864016,0.0548618698298736,0.0365088419851683,0.047748427672956,0.0343980343980344,0.0275,0.0364173228346457,0.02321083172147,0.0906460945033751,0.0369774919614148,0.0231958762886598,0.0441426980279106,0.0501772750295458,0.043010752688172,0.0384487901889294,0.0577135707635009,0.0602280060228006,0.044046084099322,0.0464162702968673,0.0444444444444444,0.0426195426195426,0.0362864311908898,0.0412008281573499,0.047038804568925,0.0389069013432145,0.0240811153358682,0.044374631847634,0.0863874345549738,0.0396600566572238,0.0383026064844247,0.0546875,0.0535083651410837,0.0749531542785759,0.0554744324443465,0.0391713747645951,0.0674439671546711,0.0703989972843117,0.0496096701082851,0.055032433563507,0.0963715288595343
"Fgf9",0.0103045813470936,0.00845803513337671,0.00699612980053587,0.0102577011421919,0.0130093274423171,0.0130772146536155,0.00342270393610953,0.00945911949685535,0.00737100737100737,0,0.00196850393700787,0.00580270793036751,0.0121142719382835,0.00803858520900321,0.00128865979381443,0.00705955578850816,0.00938713489785582,0.00537634408602151,0.00651861672743343,0.0108822160148976,0.00788700078870008,0.00811046874350123,0.0131212071510579,0.00965608465608466,0.0051975051975052,0.00865341311201184,0.00973084886128364,0.00688468158347676,0.00648448355720241,0.00570342205323194,0.0125662674258787,0.00418848167539267,0.0084985835694051,0.0109663064208519,0,0.0118075125744658,0.00374765771392879,0.00922966718095658,0.00847457627118644,0.0121270564857836,0.00919156047628995,0.00579199194157643,0.0104624398409709,0.0128772301493343
"Fgfr1",0.132113688847465,0.0487963565387118,0.0343852337005061,0.0603819892388534,0.0477417771232204,0.0636246070146492,0.0422133485453508,0.0502138364779874,0.0245700245700246,0.045,0.0344488188976378,0.0193423597678917,0.135758196721311,0.0160771704180064,0.0257731958762887,0.0476642861822709,0.0592942765490461,0.010752688172043,0.033587448900674,0.0523015595903166,0.0701943070194307,0.0527388429064593,0.0485484664589142,0.0384920634920635,0.027027027027027,0.0598983465225503,0.0478951000690131,0.0719370990455328,0.0511811023622047,0.0380228136882129,0.0830551737679168,0.0157068062827225,0.0623229461756374,0.0437062937062937,0.078125,0.063710626761317,0.0306058713304185,0.0830394533832929,0.0348399246704331,0.049326436983139,0.031961562565281,0.0445731553764795,0.0664514393327953,0.162751573306748
"Fgfr2",0.17778136479728,0.126057254391672,0.0340875260494195,0.0250149460369403,0.0239322533136966,0.0253628843452474,0.0758699372504278,0.0256100628930818,0.00491400491400491,0.03,0.0757874015748032,0.0174081237911025,0.0261873191899711,0.0176848874598071,0.0206185567010309,0.135474677324248,0.0660813776802296,0.0376344086021505,0.104960777814606,0.0315409683426443,0.312181831218183,0.13866821944017,0.0259143841233393,0.025,0.0145530145530146,0.0244483047030818,0.0389233954451346,0.0637810984196526,0.0213061602593793,0.017743979721166,0.0308266247791086,0.0225130890052356,0.0056657223796034,0.0497457088366179,0,0.0248992259123176,0.033104309806371,0.128058188230108,0.0480225988700565,0.0328161070687589,0.0221433047837894,0.0201460589272224,0.033091202582728,0.306021143581116
"Fgfr3",0.0846964730630746,0.0883756235090002,0.026570407859482,0.0417859727510148,0.0321551300932744,0.0494213917813106,0.0193953223046207,0.0269182389937107,0.0122850122850123,0.0125,0.0324803149606299,0.00870406189555126,0.0314308100289296,0.00321543408360129,0.0128865979381443,0.0275339055231606,0.0378186729697788,0.021505376344086,0.0202187603579715,0.0255615689013035,0.0432351043235104,0.0355196938817951,0.0401836969001148,0.0212962962962963,0.0103950103950104,0.0305603808788522,0.0224292615596963,0.0246635894226256,0.0118110236220472,0.0171102661596958,0.018849401138818,0.0235602094240838,0.0169971671388102,0.0171646535282899,0.0390625,0.0328541361966254,0.0124921923797626,0.0449774079788406,0.0299435028248588,0.0582098711317612,0.0315437643618132,0.0241752707126668,0.0409230861208262,0.106621388663884
"Fgg",0.0240379483521261,0.014367816091954,0.0128014289967252,0.0191938579654511,0.0241777123220422,0.0182612767285781,0.0125499144324016,0.0172075471698113,0.0122850122850123,0.0125,0.00885826771653543,0.0135396518375242,0.0201904532304725,0.0176848874598071,0.0103092783505155,0.0159863722728166,0.0178963363160561,0.010752688172043,0.0119323831620815,0.0201786545623836,0.0172080017208002,0.0152643180967433,0.02493029358701,0.0333333333333333,0.0135135135135135,0.0146368139998713,0.0155969634230504,0.0140431857299327,0.01528485409912,0.00633713561470215,0.0125662674258787,0.0198952879581152,0.0169971671388102,0.0192307692307692,0.0078125,0.0205115399707488,0.028107432854466,0.0164894203217985,0.0210922787193974,0.0209520469886912,0.0102360559849593,0.0103248552002015,0.0218216602397393,0.0311545890709702
"Fgr",0.0664929276414276,0.0152895250487964,0.0340875260494195,0.0361222113841604,0.0353460972017673,0.0446721220094093,0.0433542498573873,0.051874213836478,0.00491400491400491,0.005,0.0127952755905512,0.011605415860735,0.0255846190935391,0.022508038585209,0.0360824742268041,0.0256502653475726,0.0323822387303731,0.021505376344086,0.0391117003646006,0.0694686918063315,0.0316197031619703,0.0314020712889406,0.0342791536821388,0.0420634920634921,0.0176715176715177,0.0580003860258637,0.0406487232574189,0.0301595994367079,0.0442334414080593,0.0570342205323194,0.0284704496367563,0.0387434554973822,0.028328611898017,0.0170057215511761,0.0078125,0.0452680769093568,0.0224859462835728,0.0435722944677099,0.0370998116760829,0.0571286636860407,0.0236055984959265,0.0460841097960212,0.0404448031566676,0.0837954597378861
"Fhit",0.0101613898427757,0.0133918889611798,0.0102709139624888,0.0116736414839055,0.0187776141384389,0.0178933755490646,0.00827153451226469,0.0114213836477987,0.00491400491400491,0.01,0.00984251968503937,0.00386847195357834,0.0150072324011572,0.00643086816720257,0.0154639175257732,0.00763283758107842,0.0113118352186392,0.00537634408602151,0.00773395204949729,0.0119006052141527,0.00817380081738008,0.00806887659609866,0.0142693127767755,0.0119047619047619,0.0114345114345114,0.00958630894936627,0.00952380952380952,0.00801908934439055,0.0129689671144048,0.0126742712294043,0.0111918319261732,0.00523560209424084,0.0113314447592068,0.0195486331849968,0.015625,0.0132700745549888,0.00874453466583385,0.00998732642715451,0.00941619585687382,0.016597995382952,0.00940045957802381,0.0085620750440695,0.0117777179924073,0.0130745425467838
"Fkbp11",0.0702731833554195,0.0213077423552375,0.0315570110151831,0.0436424278657059,0.0420962199312715,0.0167004838457937,0.0239589275527667,0.034062893081761,0.00245700245700246,0.0025,0.0118110236220472,0.00870406189555126,0.0282063645130183,0.0273311897106109,0.0270618556701031,0.0274192491646465,0.0284653047442175,0.00537634408602151,0.0282841674953044,0.0477333566108007,0.0362802036280204,0.0243729983779063,0.0209939314416926,0.0424603174603175,0.0343035343035343,0.0623753458148363,0.0360938578329883,0.0391957440150211,0.0708661417322835,0.0899873257287706,0.0223836638523464,0.0324607329842932,0.0396600566572238,0.132867132867133,0.015625,0.0410230799414975,0.0131168019987508,0.0540417676878995,0.0214689265536723,0.0244586657315683,0.0467933987883852,0.0438176781667086,0.0461244133560518,0.0924045111844975
"Fkbp5",0.0933061876954239,0.0326935588809369,0.0186067281929146,0.0492747238916334,0.0309278350515464,0.032932729826752,0.0365088419851683,0.0465408805031447,0.0368550368550369,0.05,0.031496062992126,0.0251450676982592,0.0408630665380906,0.0289389067524116,0.0489690721649485,0.0482048090152657,0.0384264730710788,0.0161290322580645,0.0401060656281074,0.0403718575418994,0.0659640065964007,0.0451690720791914,0.0259143841233393,0.0226190476190476,0.0166320166320166,0.046130090716078,0.025327812284334,0.0366531059302144,0.0298749421028254,0.041191381495564,0.0386805419202827,0.0214659685863874,0,0.0136681500317864,0.0078125,0.047301394784718,0.014366021236727,0.0622382631694953,0.0190207156308851,0.0291049355658806,0.0340505535826196,0.0264417023419793,0.059336980240935,0.130589652522483
"Flt1",0.111197315289468,0.0177835610496638,0.0338642453111045,0.0980774676693622,0.0544918998527246,0.0343708889830319,0.0510553337136338,0.0418616352201258,0.0368550368550369,0.005,0.031496062992126,0.0212765957446809,0.0299240597878496,0.0369774919614148,0.0270618556701031,0.0459280613247723,0.0414992402498734,0.010752688172043,0.038780245276765,0.050643040037244,0.0580770058077006,0.0456681778480223,0.0493685419058553,0.0478835978835979,0.0135135135135135,0.0380878852216432,0.0411318150448585,0.0332303238929745,0.0377489578508569,0.0272496831432193,0.028863145493815,0.0214659685863874,0.0509915014164306,0.0205022250476796,0.0078125,0.045375093639639,0.0430980637101811,0.0712750716332378,0.0372881355932203,0.0227930218287017,0.0290369751410069,0.0203978846638126,0.0576928825516396,0.14066296965543
"Flt3l",0.0914212668022213,0.0331273042723921,0.0279100922893718,0.0438941505931217,0.0310505645557192,0.0293429061963477,0.0456360524814604,0.0470440251572327,0.00982800982800983,0.01,0.0108267716535433,0.00967117988394584,0.0528869334619094,0.0466237942122186,0.0167525773195876,0.0370176243202516,0.0411278068546345,0.00537634408602151,0.038780245276765,0.05737895716946,0.0499749049974905,0.0302790833090712,0.0273905199278334,0.0263227513227513,0.0332640332640333,0.0843788200476099,0.0388543823326432,0.0321350336410577,0.0428439092172302,0.0335868187579214,0.0292558413508737,0.0183246073298429,0.0141643059490085,0.0155753337571519,0.0546875,0.0531159704633824,0.0249843847595253,0.0512866431562707,0.0214689265536723,0.0279652844744455,0.065385418842699,0.0637119113573407,0.0671389710937734,0.116819324153114
"Fn1",0.12366539009271,0.00878334417696812,0.0304406073236082,0.0548755545766338,0.0260186548846343,0.0214051595353297,0.0496292070735881,0.0330566037735849,0.0245700245700246,0.07,0.0196850393700787,0.0377176015473888,0.200337512054002,0.00643086816720257,0.00128865979381443,0.0925113018410535,0.0807361134560189,0.010752688172043,0.253673627223511,0.0379131750465549,0.437943643794364,0.139874391714844,0.0178776447433164,0.0285714285714286,0.0395010395010395,0.0263784340217461,0.410144927536232,0.168439993741199,0.0132005558128763,0.0120405576679341,0.235421166306695,0.0256544502617801,0.0084985835694051,0.013986013986014,0,0.0601790746620055,0.00749531542785759,0.100865109102931,0.0928436911487759,0.0279068408287309,0.0129517443074995,0.0193905817174515,0.034167339252085,0.24105344050512
"Fos",0.117234789807889,0.0461938841899805,0.0373623102113724,0.058745791510651,0.0732695139911635,0.0370799794867221,0.0616086708499715,0.0816100628930818,0.0393120393120393,0.04,0.0275590551181102,0.0328820116054159,0.0353483606557377,0.0112540192926045,0.0528350515463918,0.0413254275044225,0.0818841803140301,0.0537634408602151,0.0617611313666998,0.0941428072625698,0.0874023087402309,0.0540281994759389,0.0360833196654092,0.0662698412698413,0.025987525987526,0.0583542430676189,0.0438233264320221,0.0539039273979033,0.071560907827698,0.05893536121673,0.0610642057726291,0.037696335078534,0.0651558073654391,0.0303560076287349,0.109375,0.0769807013163058,0.0605871330418488,0.0655444126074499,0.0416195856873823,0.0512842991145788,0.0357217463964905,0.0370183832787711,0.0770035572295459,0.150102810143934
"Foxf1",0.0804319697162986,0.0199522880069399,0.0230723429592141,0.0412825272961833,0.0476190476190476,0.0510044817052777,0.0308043354249857,0.0239496855345912,0.00737100737100737,0.01,0.0374015748031496,0.00870406189555126,0.0518924783027965,0.0144694533762058,0.0231958762886598,0.0290080587040556,0.0315718385953064,0.00537634408602151,0.0240857363827201,0.0380150139664804,0.0425898042589804,0.0346462587863411,0.0323109726094801,0.021031746031746,0.0114345114345114,0.0375731840699994,0.0263630089717046,0.0271279924894383,0.032422417786012,0.0285171102661597,0.0276850579226389,0.00628272251308901,0.0056657223796034,0.0184361093452003,0.0078125,0.0338886312560197,0.0199875078076202,0.0534631915362574,0.0216572504708098,0.0588235294117647,0.0267390850219344,0.0440695039032989,0.0432248228858398,0.0987912019440464
"Foxp3",0.0507809143949118,0.0214703968770332,0.0273146769871986,0.0311192221767723,0.0470054000981836,0.0254297754687953,0.0770108385624644,0.0329559748427673,0.00491400491400491,0.0225,0.0216535433070866,0.0183752417794971,0.0287789296046287,0.0128617363344051,0.0180412371134021,0.0265838956954727,0.029647138274523,0.00537634408602151,0.0272898022317976,0.0394553072625698,0.0367821036782104,0.0243729983779063,0.046908315565032,0.021031746031746,0.0197505197505198,0.0417551309271054,0.0320910973084886,0.0270888749804412,0.0321908290875405,0.0348542458808618,0.0257215786373454,0.0643979057591623,0.0113314447592068,0.0219326128417038,0,0.0486926122783862,0.226108682073704,0.0390538902358387,0.0229755178907721,0.0471348002688408,0.0373929392103614,0.0415512465373961,0.051445311332317,0.065372712733919
"Fpr1",0.0715514929666936,0.0126870527000651,0.0284310806787734,0.0186274818287656,0.0552282768777614,0.0122856696916319,0.0282373074729036,0.0536352201257862,0.0442260442260442,0.0075,0.0078740157480315,0.0174081237911025,0.01750843780135,0.0192926045016077,0.0180412371134021,0.0291063355827819,0.03987843997974,0.010752688172043,0.0357971494862446,0.0773684823091248,0.0369972036997204,0.0284074366759556,0.0188617352796457,0.0419312169312169,0.0176715176715177,0.032812198417294,0.0451345755693582,0.0302573932092004,0.0229272811486799,0.0190114068441065,0.0335754957785195,0.0136125654450262,0.0113314447592068,0.0108073744437381,0.0078125,0.07159419255877,0.014366021236727,0.0508871500991845,0.0365348399246704,0.0335466526401917,0.0405264257363693,0.0483505414253337,0.0636116342331032,0.0908571665939726
"Frmd8",0.161725691940401,0.0598568640208198,0.0441351592735933,0.0546238318492181,0.0520373097692685,0.034303997859484,0.0658870507701084,0.0601761006289308,0.027027027027027,0.045,0.0423228346456693,0.0193423597678917,0.0462873674059788,0.0257234726688103,0.0425257731958763,0.0794404769704514,0.0590916765152794,0.00537634408602151,0.0714838139432107,0.0822131052141527,0.105399010539901,0.073867653786965,0.0457602099393144,0.0281746031746032,0.0301455301455301,0.0876600398893393,0.0599723947550035,0.0591261148490064,0.0648448355720241,0.0595690747782003,0.0616532495582172,0.0612565445026178,0.0396600566572238,0.0363954227590591,0.0625,0.0668141119394999,0.0574640849469082,0.101622768349129,0.0393596986817326,0.0586774202974782,0.0839774388970127,0.0833543188113825,0.109078408513437,0.224063804598417
"Fyb",0.0669511404552448,0.0132292344393841,0.0329711223578446,0.0247317579685976,0.0450417280314188,0.0289192624138777,0.047062179121506,0.0997735849056604,0.0491400491400491,0.0325,0.0187007874015748,0.0174081237911025,0.0217273384763742,0.0369774919614148,0.0798969072164948,0.045534953809867,0.0356238392706399,0.021505376344086,0.0866202629543697,0.102057146182495,0.0363519036351904,0.0334816786590692,0.0533049040511727,0.0424603174603175,0.0239085239085239,0.109470501190246,0.089648033126294,0.0574440619621343,0.0653080129689671,0.096958174904943,0.0964068329079128,0.0361256544502618,0.0878186968838527,0.0174825174825175,0.0234375,0.103271144722292,0.0955652717051843,0.0495922415693189,0.0414312617702448,0.0446509453259694,0.0572383538750783,0.0823470158650214,0.0612202194123098,0.0939207011859514
"Fyn",0.0896691234857498,0.0886467143786597,0.0510568621613575,0.106698971083352,0.0694648993618066,0.0456977859038106,0.0601825442099258,0.0904150943396226,0.0122850122850123,0.015,0.0137795275590551,0.0241779497098646,0.108335342333655,0.0578778135048231,0.0914948453608247,0.0659274061455808,0.0713489785581631,0.0268817204301075,0.055794939785659,0.0891817970204842,0.0511938051193805,0.0541113837707441,0.0385435460062326,0.0441798941798942,0.0758835758835759,0.131956507752686,0.0868184955141477,0.0747340009388202,0.0794349235757295,0.0684410646387833,0.069310818770862,0.0942408376963351,0.0679886685552408,0.0495867768595041,0.015625,0.093496950023187,0.0512179887570269,0.0614943795459555,0.0286252354048964,0.0442126179831098,0.121788176310842,0.104507680684966,0.0883328849430544,0.121212121212121
"Fzd1",0.0731005646952234,0.0664172630665799,0.0407859481988687,0.0442402693433183,0.0580510554737359,0.0426096457000156,0.0316600114090131,0.065559748427673,0.0884520884520884,0.0275,0.0492125984251969,0.0193423597678917,0.0585221793635487,0.0353697749196141,0.0219072164948454,0.0457151280875319,0.0526760087793348,0.0860215053763441,0.0490553529996685,0.0627618715083799,0.0644583064458306,0.0630952876096993,0.052812858783008,0.0638888888888889,0.0249480249480249,0.062407514636814,0.0462387853692202,0.065052417462056,0.0252431681333951,0.0291508238276299,0.0424111525623405,0.0445026178010471,0.0226628895184136,0.0335346471710108,0.0625,0.0602860913922877,0.0405996252342286,0.068230659025788,0.0397363465160075,0.0671225271032407,0.0317526634635471,0.0682447746159657,0.0498908916988013,0.0983446528340291
"Fzd3",0.120122051231317,0.0228258512253307,0.0248585888657339,0.0266826091060697,0.0353460972017673,0.03714687061027,0.0345122646891044,0.0220880503144654,0.00491400491400491,0.04,0.0285433070866142,0.0164410058027079,0.0269105593056895,0.0321543408360129,0.00644329896907216,0.0389340234554151,0.0303900050650008,0.00537634408602151,0.0251905866755055,0.0360800744878957,0.0813078081307808,0.0323586906791998,0.0262424143021158,0.0186507936507937,0.0176715176715177,0.0336485877887152,0.0243616287094548,0.0271475512439368,0.0252431681333951,0.0164765525982256,0.0206165324955822,0.0178010471204188,0.0339943342776204,0.0185950413223141,0.015625,0.0287161559590483,0.0368519675202998,0.0668117698919991,0.0210922787193974,0.0421378685602408,0.0336327553791519,0.0314782170737849,0.0391295250052312,0.15511869898436
"Fzd4",0.050770500467325,0.0177835610496638,0.0236677582613873,0.070922878449388,0.0298232695139912,0.0725322749671119,0.0165430690245294,0.0287798742138365,0.027027027027027,0.0075,0.031496062992126,0.00773694390715667,0.0685270009643202,0.00964630225080386,0.0193298969072165,0.0247002555198847,0.0301198716866453,0.00537634408602151,0.0240857363827201,0.0378695297951583,0.0327669032766903,0.0242482219356985,0.0460882401180909,0.0345238095238095,0.0166320166320166,0.0315897831821399,0.0293305728088337,0.020986543576905,0.0273274664196387,0.0297845373891001,0.0278814058511683,0.0193717277486911,0.0028328611898017,0.0314685314685315,0,0.0320693468412228,0.0131168019987508,0.0353757989861142,0.0205273069679849,0.0249554367201426,0.0185920200543138,0.0153613699320071,0.0405045885271874,0.066431968762332
"Fzd5",0.0998799794845626,0.0308501409672522,0.0367668949091992,0.0417859727510148,0.0474963181148748,0.032475640482508,0.0541928123217342,0.0392955974842767,0.00982800982800983,0.035,0.047244094488189,0.011605415860735,0.0370660559305689,0.0401929260450161,0.0193298969072165,0.0390650592937168,0.050413641735607,0.0591397849462366,0.0374544249254226,0.0691195297951583,0.0587223058722306,0.0347294430811463,0.0186977201902575,0.055952380952381,0.0311850311850312,0.0622145017049476,0.0432712215320911,0.0420513221718041,0.0595182955071792,0.041191381495564,0.0331827999214608,0.0418848167539267,0.0623229461756374,0.045772409408773,0.0078125,0.0530089537331003,0.0324797001873829,0.0697873043861583,0.0384180790960452,0.0556091288974606,0.0447044077710466,0.0554016620498615,0.0681852150778704,0.131430826427399
"Fzd6",0.119098882845918,0.0850140967252223,0.0299196189342066,0.0510053176426167,0.0432007854688267,0.0215166447412428,0.0362236166571592,0.0249559748427673,0.00982800982800983,0.02,0.0187007874015748,0.0145067698259188,0.0268201542912247,0.0257234726688103,0.029639175257732,0.04465046190133,0.0404524734087456,0,0.0288365926416971,0.0345815875232775,0.0888363088836309,0.0385975127895853,0.0167295391175988,0.0191798941798942,0.0114345114345114,0.029112783889854,0.0224292615596963,0.0323697386950399,0.0354330708661417,0.0278833967046895,0.0278814058511683,0.0230366492146597,0.0084985835694051,0.0290845518118245,0.03125,0.0298576677487247,0.0449718925671455,0.0880813312761737,0.0267419962335217,0.0490926624002805,0.0233966993941926,0.0158650214051876,0.0563477117149434,0.160466903441544
"Fzd7",0.126846844970464,0.0413142485361093,0.0309615957130098,0.0432963091155093,0.0443053510063819,0.0562219893420143,0.0661722760981175,0.056251572327044,0.0171990171990172,0.045,0.031496062992126,0.02321083172147,0.0518623432979749,0.0160771704180064,0.0244845360824742,0.0394254078490467,0.0544656424109404,0.0376344086021505,0.047287592531212,0.0880470204841713,0.0789417078941708,0.0547352659817826,0.0262424143021158,0.0791005291005291,0.0363825363825364,0.051920478672071,0.0634230503795721,0.0473517446409013,0.047707271885132,0.0443599493029151,0.0469271549185156,0.0267015706806283,0.0623229461756374,0.0524475524475524,0.015625,0.0616416366425284,0.0299812617114304,0.0889905223716112,0.0340866290018832,0.0694602729318255,0.0185920200543138,0.0292117854444724,0.0764654888948674,0.16451700002077
"Fzd8",0.0428871572841518,0.0286814140099761,0.0172670437630247,0.0463484471854253,0.0526509572901325,0.028016232245981,0.0219623502567028,0.0288805031446541,0.0147420147420147,0.01,0.0118110236220472,0.0193423597678917,0.0395973963355834,0.00803858520900321,0.0103092783505155,0.0235209329751687,0.0356238392706399,0.0376344086021505,0.0243067064412772,0.0402118249534451,0.0281781028178103,0.0250384727363474,0.0431359685091028,0.0453703703703704,0.0540540540540541,0.0258315640481246,0.031608005521049,0.0271866687529338,0.0215377489578509,0.0247148288973384,0.0270960141370509,0.0214659685863874,0.0028328611898017,0.0427527018436109,0,0.041344130132344,0.00936914428482199,0.0415610535596209,0.0267419962335217,0.0499693170859998,0.0566116565698767,0.0211533618735835,0.0458852718739724,0.0565144245747399
"G6pd2",0.0387840698149705,0.0185426154847105,0.0222536469187258,0.0203895409206759,0.0515463917525773,0.0268010435015273,0.0222475755847119,0.0251069182389937,0.0171990171990172,0.035,0.0127952755905512,0.02321083172147,0.0228423336547734,0.00803858520900321,0.0167525773195876,0.0203269344165629,0.0280263380043897,0.010752688172043,0.0161308142746658,0.0291259310986965,0.0263139026313903,0.0217111009441417,0.0347711989503034,0.030952380952381,0.0187110187110187,0.0193012931866435,0.0211870255348516,0.0168987638867157,0.0201482167670218,0.0152091254752852,0.0215982721382289,0.00994764397905759,0.0339943342776204,0.0206611570247934,0.0234375,0.0280027110905005,0.018738288569644,0.0306094335463963,0.0248587570621469,0.0302153648344584,0.0133695425109672,0.0186351045076807,0.0275909484949033,0.0482999979230274
"Gadd45b",0.288327809612576,0.11716547386684,0.0905775528431081,0.0783801642490796,0.11426116838488,0.0611942295257419,0.175984027381631,0.125383647798742,0.00491400491400491,0.0775,0.0492125984251969,0.074468085106383,0.0664175506268081,0.160771704180064,0.0876288659793814,0.105483849832929,0.143879790646632,0.0161290322580645,0.0931388796818031,0.168427025139665,0.155947515594752,0.100777773156428,0.115466622929309,0.080952380952381,0.0582120582120582,0.181110467734672,0.113664596273292,0.126232201533406,0.179018063918481,0.143852978453739,0.0649911643432162,0.184293193717277,0.0084985835694051,0.0459313413858868,0.0234375,0.120001426889737,0.112429731417864,0.130028102270223,0.156497175141243,0.0840711843604804,0.162314602047211,0.0941828254847645,0.143096284339222,0.34584709327684
"Gas6",0.079968549938688,0.0838755150726524,0.0221047930931825,0.06488153299141,0.047987236131566,0.0734464536555999,0.0305191100969766,0.0382893081761006,0.0294840294840295,0.0075,0.0433070866141732,0.0106382978723404,0.101404291224687,0.0144694533762058,0.0244845360824742,0.0325624058179912,0.0509876751646125,0.032258064516129,0.0445254667992487,0.0497410381750466,0.0559260055926006,0.0375993012519236,0.0423158930621617,0.053042328042328,0.00831600831600832,0.0369298076304446,0.0725327812284334,0.0335237052104522,0.0257063455303381,0.0316856780735108,0.0494796779893972,0.0246073298429319,0.0028328611898017,0.0562619198982835,0.0078125,0.091392287660971,0.00999375390381012,0.0611224377341856,0.0192090395480226,0.0449723853773998,0.0179653227491122,0.029715436917653,0.0351239051804024,0.103973248592851
"Gata3",0.0816139504973952,0.00975927130774236,0.0102709139624888,0.0132783738711809,0.0203730976926853,0.0169123057370287,0.0490587564175699,0.0161006289308176,0.0196560196560197,0.09,0.0226377952755906,0.0174081237911025,0.0122046769527483,0.00643086816720257,0.0154639175257732,0.0609152853305379,0.0171872361978727,0.010752688172043,0.0276212573196332,0.0146502560521415,0.104610310461031,0.046375244353866,0.0121371166147286,0.0141534391534392,0.00623700623700624,0.0247056552789037,0.0181504485852312,0.0234900641527148,0.0113478462251042,0.0101394169835234,0.0145297467111722,0.00994764397905759,0.0056657223796034,0.0141449459631278,0,0.016587593193736,0.0112429731417864,0.0443850562045404,0.0207156308851224,0.017445428245814,0.0286191769375392,0.0224124905565349,0.0370968224075569,0.135449768417555
"Gc",0.0478832390438973,0.0264042507048363,0.0325989877939863,0.0318429250180926,0.0411143838978891,0.0339472452005619,0.0293782087849401,0.0345157232704403,0.0171990171990172,0.0425,0.0187007874015748,0.0357833655705996,0.0359510607521697,0.022508038585209,0.00902061855670103,0.0277959771997641,0.0353874725645788,0.032258064516129,0.0283946525245829,0.0404445996275605,0.0383595038359504,0.0284490288233582,0.0431359685091028,0.021031746031746,0.0363825363825364,0.0320079778678505,0.027536231884058,0.0272649037709279,0.0203798054654933,0.00760456273764259,0.028863145493815,0.0293193717277487,0.028328611898017,0.0321042593769866,0.0078125,0.034102664716584,0.0780762023735165,0.0478840643597091,0.031638418079096,0.0441249525145379,0.0219344056820556,0.0465877612692017,0.0319253878575912,0.0624026419091532
"Gcg",0.0235432867917553,0.00948818043808284,0.0116850253051503,0.0118309681885403,0.0173048600883652,0.0118954714709358,0.0131203650884199,0.0157987421383648,0.00491400491400491,0.005,0.0078740157480315,0.00967117988394584,0.0129580520732883,0.00964630225080386,0.0193298969072165,0.0114820153311931,0.0150599358433226,0.0161290322580645,0.0110485029278533,0.0194075884543762,0.0145551014555101,0.0109803269142786,0.0177136296539282,0.0227513227513228,0.0103950103950104,0.0146368139998713,0.0113181504485852,0.011500547645126,0.0187586845761927,0.0152091254752852,0.00962104849793835,0.00680628272251309,0.0113314447592068,0.00826446280991736,0,0.0161595262726073,0.0149906308557152,0.0180736169274851,0.0116760828625235,0.0224131381315566,0.0139962398161688,0.012591286829514,0.0160822646698353,0.0308430431802605
"Gdf15",0.19323823681792,0.0358924311429191,0.0419767788032152,0.066863849469809,0.0559646539027982,0.0351066913420589,0.0613234455219624,0.088,0.0491400491400491,0.03,0.0167322834645669,0.0125725338491296,0.0458353423336548,0.0562700964630225,0.0670103092783505,0.0668446570136932,0.0720580786763464,0.032258064516129,0.0536957242293669,0.0860247905027933,0.112353911235391,0.0675456473817743,0.0416598327046088,0.0496031746031746,0.0426195426195426,0.105095541401274,0.0614906832298137,0.0580308245970897,0.0889300602130616,0.082382762991128,0.0392695857058708,0.0581151832460733,0.0141643059490085,0.0367132867132867,0.03125,0.103948917347412,0.0293566520924422,0.123167842186467,0.0691148775894539,0.0606937260746325,0.0724879883016503,0.105766809367917,0.0921591486563238,0.241219598313498
"Gh",0.0893228603934903,0.0166449793970939,0.0282822268532301,0.0325666278594129,0.0401325478645066,0.0174251376842293,0.0231032515687393,0.0395974842767296,0.00982800982800983,0,0.015748031496063,0.0174081237911025,0.0220286885245902,0.0482315112540193,0.0193298969072165,0.0275994234423115,0.0333952388992065,0.032258064516129,0.0260744669097337,0.0474860335195531,0.0430200043020004,0.024206629788296,0.0749548958504182,0.0447089947089947,0.0135135135135135,0.0460979218941002,0.0325741890959282,0.0281646064778595,0.0428439092172302,0.0335868187579214,0.0206165324955822,0.0167539267015707,0.0169971671388102,0.0133502860775588,0,0.0375985445724682,0.014366021236727,0.0587943575049592,0.0244821092278719,0.0264165278630081,0.034886149989555,0.0246789221858474,0.0508175649418587,0.109051446611419
"Glud1",0.140947302922929,0.140099761440035,0.0801577850550759,0.10100374437557,0.0711831124202258,0.096902940979732,0.10125499144324,0.103194968553459,0.0687960687960688,0.0525,0.0767716535433071,0.0851063829787234,0.0965224204435873,0.0964630225080386,0.0798969072164948,0.12453318482605,0.0985649164274861,0.102150537634409,0.165617058888521,0.117507565176909,0.147702014770201,0.116000499105769,0.0624897490569132,0.0818783068783069,0.0311850311850312,0.0995625040211027,0.116494133885438,0.117156939446096,0.087772116720704,0.105196451204056,0.157078342823483,0.112041884816754,0.084985835694051,0.093928798474253,0.0078125,0.11900260407377,0.0630855715178014,0.123250495922416,0.0661016949152542,0.0739604336518512,0.0528514727386672,0.0609418282548476,0.0998714614533824,0.233088250565975
"Glul",0.120082999002866,0.178919973975277,0.0607323608216731,0.133633302916837,0.141016200294551,0.250864010345827,0.0715915573302909,0.12422641509434,0.0638820638820639,0.07,0.062007874015748,0.0415860735009671,0.179303278688525,0.0916398713826367,0.0760309278350515,0.0744447356351962,0.106061117676853,0.010752688172043,0.0901557838912827,0.134180051210428,0.0801606080160608,0.0752817867986524,0.0769230769230769,0.129100529100529,0.053014553014553,0.112655214566043,0.149551414768806,0.0830855891096855,0.0986567855488652,0.0754119138149556,0.146082858825839,0.0612565445026178,0.0679886685552408,0.254132231404959,0.0078125,0.231263154139764,0.0737039350405996,0.138761847035486,0.052165725047081,0.142281055492242,0.0806350532692709,0.0956937799043062,0.11138014527845,0.174901863044426
"Gm13889",0.0526736457338044,0.0159401431359792,0.0235933313486157,0.0804883420911866,0.0344869906725577,0.0278935985194765,0.0168282943525385,0.0287295597484277,0.0171990171990172,0.0075,0.030511811023622,0.0299806576402321,0.0284474445515911,0.0337620578778135,0.0270618556701031,0.0260433728624779,0.0217457369576228,0.00537634408602151,0.0277317423489117,0.0304498370577281,0.0283932028393203,0.0289065424447864,0.0432999835984911,0.0285714285714286,0.0249480249480249,0.0325226790194943,0.0267080745341615,0.0285557815678298,0.0229272811486799,0.0247148288973384,0.0186530532102886,0.0130890052356021,0.0028328611898017,0.0178003814367451,0.015625,0.034281025933721,0.0162398500936914,0.0328273087943575,0.0310734463276836,0.043949621577394,0.028828076039273,0.0428103752203475,0.0355125100887813,0.0658504164330073
"Gpbar1",0.0898930229288651,0.0296573411407504,0.0395206906817505,0.0434221704792171,0.0430780559646539,0.0320519967000379,0.0644609241300628,0.0600251572327044,0.0122850122850123,0.015,0.0354330708661417,0.0145067698259188,0.0347456605593057,0.0160771704180064,0.0322164948453608,0.0369848653606761,0.0466317744386291,0.0376344086021505,0.0394431554524362,0.0650750698324022,0.0532731053273105,0.0394293557376367,0.02493029358701,0.0673280423280423,0.0509355509355509,0.0821591713311458,0.0455486542443064,0.0411125019558755,0.0453913849004169,0.023447401774398,0.0414294129196937,0.0361256544502618,0.0169971671388102,0.0278130959949142,0.03125,0.0586094959512004,0.023735165521549,0.075972558959665,0.0412429378531073,0.0640834575260805,0.0762481721328598,0.0425585494837572,0.0954473440349147,0.11294577024529
"Gper1",0.105573794392621,0.0176209065278681,0.032003572491813,0.0378528051351436,0.0422189494354443,0.0227764275680617,0.0365088419851683,0.0416100628930818,0.00982800982800983,0.025,0.0118110236220472,0.0106382978723404,0.0266694792671167,0.0273311897106109,0.0128865979381443,0.0317106728690297,0.0299172716528786,0.010752688172043,0.0314882333443818,0.0507012337057728,0.0706245070624507,0.0318595849103689,0.0170575692963753,0.033994708994709,0.0103950103950104,0.0317827961140063,0.0333333333333333,0.0306094507901737,0.0222325150532654,0.026615969581749,0.0274887099941096,0.0193717277486911,0.0169971671388102,0.0182771773680865,0.0546875,0.0448400099882282,0.0487195502810743,0.0555570861802953,0.0271186440677966,0.0523655065602992,0.0238144975976603,0.0105766809367917,0.0592174094998954,0.131046586495524
"Gpnmb",0.0463628056162311,0.0162112340056387,0.0210628163143793,0.0191938579654511,0.023073146784487,0.0183393163727173,0.0239589275527667,0.0278238993710692,0.0319410319410319,0.0025,0.00688976377952756,0.00967117988394584,0.0281460945033751,0.022508038585209,0.0167525773195876,0.0221941951123632,0.0262704710450785,0.021505376344086,0.017014694508894,0.0348725558659218,0.0311895031189503,0.0215447323545315,0.0346071838609152,0.0293650793650794,0.0176715176715177,0.0348388342018915,0.0271911663216011,0.023118447817243,0.0625289485873089,0.0386565272496831,0.0170822697820538,0.0308900523560209,0.0028328611898017,0.012396694214876,0.015625,0.0265758213534049,0.0293566520924422,0.0327722063037249,0.02015065913371,0.0398585663773706,0.0327971589722164,0.0256862251322085,0.0348249783278032,0.0603360541674455
"Gpr183",0.0456650724679186,0.0317176317501627,0.0483774933015779,0.0474811994587961,0.0565783014236622,0.0551628798858392,0.0387906446092413,0.073559748427673,0.0491400491400491,0.005,0.046259842519685,0.0145067698259188,0.0443285920925747,0.0176848874598071,0.0463917525773196,0.0456332306885933,0.0620969103494851,0.043010752688172,0.0443044967406916,0.0628637104283054,0.0341292034129203,0.0368506425986774,0.0816795145153354,0.0533068783068783,0.0343035343035343,0.0885929357266937,0.0515527950310559,0.0434399937411986,0.0655396016674386,0.0418250950570342,0.0347535833496957,0.0696335078534031,0.056657223796034,0.041958041958042,0.0390625,0.0590018906289017,0.0580886945658963,0.0426355521269561,0.048210922787194,0.0525992811431577,0.0731146856068519,0.0463359355326114,0.0671987564642932,0.0609903005379359
"Gpx1",0.582310381904759,0.286543049230102,0.237719559392676,0.164500802366194,0.129725085910653,0.112221008272202,0.282943525385054,0.28674213836478,0.203931203931204,0.225,0.078740157480315,0.235009671179884,0.12726012536162,0.218649517684887,0.438144329896907,0.577376662517198,0.220496370082728,0.0645161290322581,0.603579714948625,0.326495577281192,0.757438875743888,0.40015805016013,0.101689355420699,0.0900793650793651,0.106029106029106,0.202727916103712,0.460386473429952,0.333867939289626,0.308476146364057,0.233206590621039,0.493029648537208,0.138219895287958,0.0736543909348442,0.298474253019708,0.0625,0.262012627974173,0.109931292941911,0.442459224156932,0.219962335216572,0.0923994038748137,0.089617714643827,0.152606396373709,0.285923534511105,1.06515463061042
"Gpx3",0.0377791258028487,0.0135545434829755,0.0139922596010717,0.0262735596740191,0.024914089347079,0.0253071417422908,0.0159726183685111,0.0225408805031447,0.00737100737100737,0.0225,0.0236220472440945,0.011605415860735,0.0495419479267117,0.0112540192926045,0.0077319587628866,0.0190329555133329,0.026304237717373,0,0.0211026405921998,0.0282384776536313,0.0205779020577902,0.0205881129642723,0.0221420370674102,0.0167989417989418,0.0135135135135135,0.0215209419031075,0.025879917184265,0.0298857768737287,0.0194534506716072,0.0158428390367554,0.0200274887099941,0.00942408376963351,0.0226628895184136,0.0103305785123967,0.046875,0.0372774943816217,0.00562148657089319,0.0280471677319815,0.0141242937853107,0.0364103912802081,0.0394819302277,0.0289599597078821,0.0252593190446298,0.048009221758365
"Gsn",0.371808456629897,0.343092604641076,0.112980053587377,0.126679462571977,0.102724594992636,0.155967803072532,0.194238448374216,0.198289308176101,0.0540540540540541,0.04,0.0206692913385827,0.207930367504836,2.04637777242044,0.0546623794212219,0.104381443298969,0.389045403917972,0.175654229275705,0.021505376344086,0.332449453099105,0.118438663873371,0.469563346956335,0.325333776982906,0.062325733967525,0.0981481481481482,0.0498960498960499,0.0793283149971048,0.249137336093858,0.275152558285088,0.0882352941176471,0.0513307984790875,0.364225407421952,0.0570680628272251,0.0141643059490085,0.127940241576605,0,0.179502728926622,0.018738288569644,0.221029865549923,0.229755178907721,0.140089418777943,0.142469187382494,0.121631830773105,0.109616476848115,0.671973331671755
"Gstp1/2",0.395015894256979,0.344285404467578,0.133521881512355,0.147792706333973,0.125429553264605,0.241822560146269,0.187963491158015,0.168,0.0712530712530713,0.13,0.123031496062992,0.205996131528046,0.164838476374156,0.109324758842444,0.20360824742268,0.234357596802726,0.179267263211211,0.0860215053763441,0.204286819136007,0.207693202979516,0.323653832365383,0.201222809133636,0.116614728555027,0.131746031746032,0.0966735966735967,0.202727916103712,0.180952380952381,0.178669222343921,0.214219546086151,0.179974651457541,0.16100530139407,0.149738219895288,0.0934844192634561,0.126668785759695,0.09375,0.223308243855456,0.104934415990006,0.258595988538682,0.103954802259887,0.13719645831507,0.134322122414874,0.146058927222362,0.213463665441067,0.5805969219266
"Gzma",0.0505544114698998,0.0176209065278681,0.0146621018160167,0.0278782920612945,0.0495827196858125,0.0670694998773663,0.0616086708499715,0.0300377358490566,0.0171990171990172,0.03,0.0236220472440945,0.058027079303675,0.022420443587271,0.0144694533762058,0.0309278350515464,0.0478772194195112,0.0263380043896674,0,0.0206607004750856,0.0370111731843575,0.0387180038718004,0.0219606538285572,0.0195177956371986,0.0314814814814815,0.543659043659044,0.0826095348388342,0.0306418219461698,0.0309223908621499,0.0500231588698472,0.0221799746514575,0.0265069703514628,0.0429319371727749,0.0226628895184136,0.0154164017800381,0.0078125,0.0309278350515464,0.0131168019987508,0.0310364778487988,0.0214689265536723,0.0333420998801905,0.0148318362231042,0.0236716192394863,0.0579918094042388,0.070637838286913
"Gzmb",0.074717326953067,0.0288982867057038,0.0271658231616553,0.041502784682672,0.0756013745704467,0.144752391357667,0.533086138049059,0.0488553459119497,0.0122850122850123,0.0125,0.00688976377952756,0.0541586073500967,0.0377290260366442,0.0112540192926045,0.0283505154639175,0.0569514512219092,0.0506162417693736,0.021505376344086,0.0479505027068832,0.0721456005586592,0.0577902057790206,0.0365594975668594,0.0377234705592915,0.0468253968253968,0.445945945945946,0.354918612880396,0.0581090407177364,0.0741472383038648,0.0416859657248726,0.0342205323193916,0.0465344590614569,0.221465968586387,0.0141643059490085,0.0306738715829625,0.1171875,0.0679556237291763,0.0199875078076202,0.0405829843508927,0.0384180790960452,0.0630899155489319,0.0384374347190307,0.0934273482749937,0.161121573550952,0.122582923131244
"Gzmf",0.0426007742755161,0.0181088700932553,0.020690681750521,0.0280041534250024,0.0349779086892489,0.0691988673103079,0.113234455219623,0.0242012578616352,0.0245700245700246,0.01,0.0147637795275591,0.00676982591876209,0.0229930086788814,0.00643086816720257,0.0231958762886598,0.027157177488043,0.0358264393044066,0.00537634408602151,0.021986520826428,0.0388006284916201,0.0288951028895103,0.0185500977415464,0.0191897654584222,0.0392857142857143,0.121621621621622,0.0708679148169594,0.0243616287094548,0.0274018150524175,0.031032885595183,0.0209125475285171,0.0225800117808757,0.0335078534031414,0.0084985835694051,0.0163699936427209,0.015625,0.0293225840973139,0.0137414116177389,0.0284466607890677,0.0254237288135593,0.038952689868794,0.0246500940045958,0.046839587005792,0.0506083161450393,0.0639292167736308
"Gzmg",0.0327752335974132,0.0201691607026675,0.0187555820184579,0.0266196784242157,0.0347324496809033,0.104695756873063,0.232743867655448,0.0291320754716981,0.00982800982800983,0.0275,0.00984251968503937,0.00967117988394584,0.0266393442622951,0.0128617363344051,0.0244845360824742,0.0168708641813536,0.033361472226912,0.021505376344086,0.0220970058557066,0.0268563780260708,0.0248082024808202,0.0228340889240111,0.056421190749549,0.0406084656084656,0.106029106029106,0.0373480023161552,0.0220841959972395,0.0257393209200438,0.0176007410838351,0.0158428390367554,0.0304339289220499,0.0575916230366492,0,0.0214558169103624,0.0078125,0.0323190525452146,0.0337289194253592,0.0297002424509588,0.0269303201506591,0.0407644428859472,0.021307708376854,0.0259380508687988,0.0611305413565301,0.0597960412902154
"Gzmk",0.0850948057932679,0.0177293428757319,0.0303661804108366,0.0366885875208458,0.0401325478645066,0.0258088251689001,0.0593268682258985,0.0354213836477987,0.0319410319410319,0.04,0.015748031496063,0.0125725338491296,0.0212150433944069,0.00321543408360129,0.0373711340206186,0.0447978772194195,0.0374134729022455,0.00537634408602151,0.0313777483151033,0.0444890595903166,0.0594393059439306,0.0363515368298465,0.041823847793997,0.0489417989417989,0.0405405405405405,0.0886251045486714,0.0346445824706694,0.0382569237990925,0.0412227883279296,0.0361216730038023,0.0235617514235225,0.0769633507853403,0.0084985835694051,0.0185950413223141,0.0703125,0.0348874540719866,0.0487195502810743,0.0571137315406656,0.0248587570621469,0.0532129394231612,0.0346772508878212,0.0831024930747922,0.0707858786954832,0.107909111678817
"H2-Aa",0.0801429832257661,0.0343743222728259,0.0580529919618934,0.035492904565621,0.0494599901816397,0.0263551026778746,0.0216771249286937,0.509635220125786,0.0147420147420147,0.005,0.0137795275590551,0.0183752417794971,0.0264886692381871,0.186495176848875,0.353092783505155,0.0349538098669986,0.0643255107209185,0.043010752688172,0.0616506463374213,0.104588570763501,0.0654621065462107,0.0922929750863037,0.0660980810234542,0.055026455026455,0.027027027027027,0.0926462072958888,0.0908902691511387,0.166327648255359,0.106762389995368,0.154626108998733,0.827802866679757,0.0408376963350785,0.0113314447592068,0.0300381436745073,0.015625,0.124460457318161,0.0224859462835728,0.0641806259642936,0.0436911487758945,0.0454399345431168,0.0582828493837476,0.0528834046839587,0.070158132305025,0.121118657444908
"H2-Ab1",0.0951963155524198,0.0524289741921492,0.05924382256624,0.0527359113935999,0.0748649975454099,0.0428103190706593,0.0322304620650314,0.756025157232704,0.00245700245700246,0.005,0.0187007874015748,0.00967117988394584,0.0445998071359691,0.266881028938907,0.385309278350515,0.0481392910961148,0.101266250211042,0.0806451612903226,0.113026184951939,0.137526187150838,0.0754284075428407,0.109096202636942,0.09234049532557,0.0486772486772487,0.0738045738045738,0.106092774882584,0.131538992408558,0.243995462368956,0.115562760537286,0.178707224334601,1.34792852935402,0.0287958115183246,0.0113314447592068,0.0438652256834075,0,0.154175436093176,0.066208619612742,0.0724046726912056,0.0470809792843691,0.0491218842231378,0.0409442239398371,0.0599345253084865,0.0832511284488686,0.149157787608781
"H2-D1",0.446182123972601,0.142160052049447,0.155477820779994,0.192001510336365,0.0931516936671576,0.0870810943387812,0.34626354820308,0.276930817610063,0.0810810810810811,0.0775,0.046259842519685,0.0638297872340425,0.0738608968177435,0.186495176848875,0.391752577319588,0.379234095525126,0.21428330238055,0.0161290322580645,0.474975140868412,0.300177490689013,0.751917975191797,0.511541820904213,0.12005904543218,0.10026455026455,0.077962577962578,0.32184906388728,0.484817115251898,0.333515881708653,0.304075961093099,0.290240811153359,0.436285097192225,0.18586387434555,0.0906515580736544,0.150031786395423,0.234375,0.32996825170335,0.146158650843223,0.349597751818382,0.221468926553672,0.0673563016860992,0.0998537706287863,0.233442457819189,0.157086061040863,0.787899557604835
"H2-DMa",0.123363386192694,0.030416395575797,0.070779994045847,0.0572983858280104,0.056087383406971,0.0657316774064082,0.0390758699372504,0.20040251572327,0.00737100737100737,0.0175,0.0295275590551181,0.0154738878143133,0.0446902121504339,0.0916398713826367,0.189432989690722,0.053544519426063,0.0714840452473409,0.021505376344086,0.138437741686002,0.129917364990689,0.0705528070552807,0.0946221353408477,0.0979170083647696,0.0687830687830688,0.0218295218295218,0.0955092324519076,0.147135955831608,0.101118760757315,0.0986567855488652,0.105196451204056,0.259571961515806,0.037696335078534,0.0254957507082153,0.0343293070565798,0.015625,0.123889701423323,0.0343535290443473,0.0994186687238263,0.0453860640301318,0.0764735104175799,0.0482556925005222,0.0692520775623269,0.10797237915882,0.170758302697987
"H2-DMb1",0.0823507358741581,0.0164823248752982,0.041604644239357,0.0275951039929518,0.0385370643102602,0.0215612388236081,0.026811180832858,0.156729559748428,0.00737100737100737,0.01,0.0177165354330709,0.00870406189555126,0.0216369334619094,0.0707395498392283,0.118556701030928,0.0339546615999476,0.058450109741685,0.00537634408602151,0.0559054248149376,0.0818348463687151,0.0470352047035205,0.0591440336064551,0.0447761194029851,0.0439153439153439,0.0124740124740125,0.0562954384610436,0.0587991718426501,0.063565952120169,0.0493283927744326,0.0544993662864385,0.223443942666405,0.0450261780104712,0.0368271954674221,0.0179593134138589,0.03125,0.0700602860913923,0.0181136789506558,0.0684097421203438,0.0459510357815443,0.0313257941030361,0.0240233966993942,0.0407957693276253,0.0642094879383015,0.107659874966249
"H2-DMb2",0.113438913202517,0.0217957059206246,0.0579785650491218,0.0376325477486549,0.0551055473735886,0.0222190015384958,0.0242441528807758,0.133735849056604,0.0442260442260442,0.0025,0.0206692913385827,0.00773694390715667,0.023173818707811,0.0691318327974277,0.197164948453608,0.0374762497543078,0.0568293094715516,0.0376344086021505,0.0608772511324715,0.0998021415270019,0.0534165053416505,0.0426735432350372,0.0797113334426767,0.0357142857142857,0.0218295218295218,0.0655278903686547,0.0698412698412698,0.0634485995931779,0.0824455766558592,0.0614702154626109,0.0789318672688003,0.0319371727748691,0.0113314447592068,0.0135092180546726,0.0546875,0.0762315842043306,0.0712054965646471,0.07511847035486,0.0440677966101695,0.0371409368516408,0.0616252350114894,0.0589272223621254,0.0829820942815293,0.136955573555985
"H2-Eb1",0.0813405848982429,0.0435371936673173,0.0819440309615957,0.0451212988892735,0.0702012763868434,0.0402796048964302,0.0288077581289218,1.0342641509434,0.00982800982800983,0.0275,0.0177165354330709,0.02321083172147,0.0405617164898746,0.209003215434084,0.668814432989691,0.04889274716635,0.102853283808881,0.0161290322580645,0.107391448458734,0.187790968342644,0.0757152075715208,0.130349789959656,0.133344267672626,0.0552910052910053,0.0363825363825364,0.152222865598662,0.169220151828847,0.322152245345016,0.151459008800371,0.244613434727503,1.38700176713136,0.0664921465968586,0.0594900849858357,0.0376668785759695,0.0078125,0.2366496628973,0.0405996252342286,0.0737271324663875,0.0559322033898305,0.0568364454574676,0.0256945895132651,0.113825232938806,0.0894389142976714,0.146011174112613
"H2-K1",0.468056578868579,0.246963782259813,0.170660910985412,0.318114596771656,0.101865488463427,0.119356061450645,0.445521962350257,0.368452830188679,0.0884520884520884,0.145,0.062007874015748,0.0570599613152805,0.127953230472517,0.194533762057878,0.393041237113402,0.367588285396056,0.309100118183353,0.0161290322580645,0.407579273008507,0.290822858472998,0.691618269161827,0.507133053279541,0.115302607839921,0.120238095238095,0.134095634095634,0.404458598726115,0.480262249827467,0.379126897199186,0.304770727188513,0.341571609632446,0.46809346161398,0.206282722513089,0.201133144475921,0.504132231404959,0.2421875,0.398173581136518,0.329169269206746,0.459293035045184,0.141619585687382,0.0638789047660793,0.104658449968665,0.215059179048099,0.164559232355843,0.83471452011548
"H2-M3",0.153813710456364,0.0245608327911516,0.0781482584102411,0.0590604449199207,0.0597692685321551,0.035742157015764,0.0832857957786651,0.134490566037736,0.0319410319410319,0.0275,0.015748031496063,0.0145067698259188,0.0375482160077146,0.115755627009646,0.177835051546392,0.0796206512481164,0.0856322809387135,0.0645161290322581,0.0911501491547895,0.130673882681564,0.109557610955761,0.0849727571434513,0.0954567820239462,0.0645502645502646,0.0415800415800416,0.173711638679792,0.10904071773637,0.0867430762009075,0.141732283464567,0.124207858048162,0.0842332613390929,0.0947643979057592,0.056657223796034,0.020979020979021,0.0859375,0.135340491563514,0.0787008119925047,0.113084086400705,0.0664783427495292,0.0719441278746968,0.139126801754752,0.133467640392848,0.110871969629032,0.210179242735788
"H2-Ob",0.0456546585403318,0.0195727607894166,0.0403393867222388,0.0214278971712659,0.0333824251350025,0.0182947222903521,0.0154021677124929,0.0828679245283019,0.00982800982800983,0.0075,0.00984251968503937,0.00580270793036751,0.01600168756027,0.0836012861736334,0.0747422680412371,0.0211786673655245,0.0248860374810062,0.00537634408602151,0.0229808860899348,0.0497119413407821,0.0227289022728902,0.0222102067129726,0.0536329342299492,0.0231481481481481,0.0145530145530146,0.0359325741491347,0.0292615596963423,0.0336410577374433,0.0363594256600278,0.0361216730038023,0.0618495974867465,0.0219895287958115,0.0056657223796034,0.0154164017800381,0.0078125,0.036671066243356,0.0224859462835728,0.0341222173242231,0.0141242937853107,0.0180298647029602,0.0317526634635471,0.0153613699320071,0.0450781693719547,0.0587679398508734
"H2-Pa",0.07980973754299,0.019355888093689,0.0331199761833879,0.0331644693370253,0.0465144820814924,0.023066289103436,0.033656588705077,0.0519748427672956,0.0319410319410319,0.015,0.0187007874015748,0.0125725338491296,0.024981918997107,0.022508038585209,0.0283505154639175,0.0355926095787198,0.0401485733580956,0.021505376344086,0.0385592752182079,0.0624854515828678,0.0433785043378504,0.0295720168032276,0.0408397572576677,0.0341269841269841,0.0291060291060291,0.0599305153445281,0.0445824706694272,0.0358511969957753,0.0428439092172302,0.0348542458808618,0.0357353229923424,0.0366492146596859,0.0141643059490085,0.0173235855054037,0.0234375,0.0537223986016481,0.0349781386633354,0.0545514657262508,0.027683615819209,0.042342421320242,0.0442866095675789,0.0433140266935281,0.0637312049741428,0.0979604129021538
"H2-Q1",0.108299639938454,0.0376816308826719,0.0433164632331051,0.0527988420754539,0.0498281786941581,0.0294432428816696,0.0507701083856246,0.0722012578616352,0.0245700245700246,0.02,0.0246062992125984,0.0174081237911025,0.0333895853423337,0.045016077170418,0.11340206185567,0.0538557295420297,0.0557150092858349,0.0268817204301075,0.0641918020108275,0.0710690176908752,0.0805191080519108,0.0628457347252839,0.0410037723470559,0.0484126984126984,0.0374220374220374,0.0894936627420704,0.0717736369910283,0.0563487717102175,0.095414543770264,0.0861850443599493,0.0679363832711565,0.0586387434554974,0.0396600566572238,0.0313095994914177,0.0390625,0.0687760853280063,0.0480949406620862,0.0758485783557417,0.0372881355932203,0.0405306683030887,0.0451222059745143,0.0601863510450768,0.0742235375003737,0.152626331858683
"H2-Q10",0.0875394752942585,0.034265885924962,0.0505358737719559,0.0621125829898367,0.0591556210112911,0.140627438738879,0.0405019965772961,0.0471949685534591,0.0245700245700246,0.035,0.0541338582677165,0.0193423597678917,0.062047974927676,0.0594855305466238,0.038659793814433,0.0375581471532464,0.0592267432044572,0.010752688172043,0.0297204728759253,0.0621362895716946,0.0448842044884204,0.046666389385684,0.0474003608331967,0.0585978835978836,0.0374220374220374,0.060316541208261,0.0445824706694272,0.0363401658582381,0.0528022232515053,0.0525982256020279,0.0414294129196937,0.056544502617801,0.0084985835694051,0.0383026064844247,0.0078125,0.0581457567866443,0.0799500312304809,0.0573892439938285,0.0570621468926554,0.107302533532042,0.0566116565698767,0.0377738604885419,0.0769138791737662,0.106476000581552
"H2-Q2",0.0502914597983343,0.0364346128822381,0.0277612384638285,0.0384191812718291,0.0482326951399116,0.0361880978394167,0.0242441528807758,0.0530817610062893,0.0122850122850123,0.0075,0.0364173228346457,0.0570599613152805,0.0402905014464802,0.022508038585209,0.038659793814433,0.0453875384917775,0.0393381732230289,0.139784946236559,0.0359076345155231,0.055094855679702,0.0407973040797304,0.0363515368298465,0.0208299163523044,0.0337301587301587,0.00831600831600832,0.0475133500611208,0.0361628709454796,0.0344429666718823,0.0266327003242242,0.0329531051964512,0.0384841939917534,0.0277486910994764,0.0028328611898017,0.0548315321042594,0.015625,0.0447686655013734,0.0224859462835728,0.0397426713687459,0.0333333333333333,0.0572163291546127,0.0609985377062879,0.0397884663812642,0.0412817983439452,0.0679793133528569
"H2-T23",0.25248827782276,0.0445673389720234,0.067281929145579,0.0783801642490796,0.0688512518409426,0.0351735824656068,0.104392470051341,0.150943396226415,0.0122850122850123,0.05,0.0147637795275591,0.0280464216634429,0.0457750723240116,0.0980707395498392,0.155927835051546,0.155179191508878,0.0929258821543137,0.010752688172043,0.197547232350017,0.134354632216015,0.371119237111924,0.246849394834255,0.0795473183532885,0.0671957671957672,0.0748440748440748,0.171974522292994,0.162732919254658,0.153321076513848,0.122742010189903,0.122306717363752,0.129982328686432,0.109947643979058,0.056657223796034,0.0580101716465353,0.09375,0.135447508293797,0.0787008119925047,0.198134780692087,0.0915254237288136,0.0570117763946115,0.115312304157092,0.138504155124654,0.0944608854213374,0.415394520946269
"H2az1",0.294669891512909,0.19128171763175,0.130991366478118,0.102073565967087,0.115611192930781,0.074048473767531,0.188248716486024,0.178616352201258,0.152334152334152,0.1375,0.116141732283465,0.159574468085106,0.0711487463837994,0.136655948553055,0.181701030927835,0.182876891829915,0.115954752659125,0.145161290322581,0.152579825433654,0.161298300744879,0.192873019287302,0.125109179386932,0.0772511071018534,0.0801587301587302,0.079002079002079,0.191726178987325,0.124292615596963,0.157995618838992,0.194534506716072,0.0779467680608365,0.132731199685843,0.212041884816754,0.0453257790368272,0.119993642720915,0.015625,0.131559233760211,0.133041848844472,0.182761185805598,0.0694915254237288,0.091581192834809,0.105911844579068,0.150339964744397,0.203270259767435,0.42925831308285
"Havcr2",0.0275656663221392,0.0109520711342442,0.0131735635605835,0.011170196029074,0.0245459008345606,0.0168454146134808,0.0168282943525385,0.0339622641509434,0,0,0.00688976377952756,0.00580270793036751,0.0123252169720347,0.0192926045016077,0.0154639175257732,0.0152492956823691,0.0189431031571839,0.0161290322580645,0.0226494310020992,0.0383059823091248,0.0149136014913601,0.0134342636110302,0.0178776447433164,0.0112433862433862,0.0197505197505198,0.0389564434150421,0.0238095238095238,0.0174464090126741,0.0166743862899491,0.0196451204055767,0.0159041822108777,0.0267015706806283,0.0169971671388102,0.00842339478703115,0.0078125,0.024934898155745,0.00687070580886946,0.0212833370068327,0.0167608286252354,0.0252184331258584,0.0210988092751201,0.0294636111810627,0.0301019340567363,0.0374582009263298
"Hba-a1/2",0.16273323943442,0.0354586857514639,0.0597648109556416,0.0760517290204839,0.0957290132547865,0.0340364333652924,0.0590416428978893,0.0762767295597484,0.0515970515970516,0.02,0.0393700787401575,0.0174081237911025,0.0500843780135005,0.090032154340836,0.0309278350515464,0.0639618685710542,0.069221678203613,0.0376344086021505,0.0556844547563805,0.0927461592178771,0.0851079085107909,0.0511999334525642,0.0772511071018534,0.0752645502645503,0.0384615384615385,0.0818053142893907,0.0601104209799862,0.0640158034736348,0.0655396016674386,0.0487959442332066,0.0459454152758688,0.0654450261780105,0.0538243626062323,0.0203432930705658,0.1953125,0.0763742731780402,0.075577763897564,0.106595768128719,0.0538606403013183,0.0792788054118816,0.0718612909964487,0.0644673885671116,0.103906973963471,0.204342949716493
"Hbb",0.0844777805837527,0.0275428323574062,0.040711521286097,0.0522324659387684,0.07793323514973,0.0318959174117595,0.0379349686252139,0.0596729559748428,0.027027027027027,0.025,0.0196850393700787,0.02321083172147,0.0365838958534233,0.0739549839228296,0.0270618556701031,0.0456987486077442,0.0459902076650346,0.032258064516129,0.043752071594299,0.0684066573556797,0.0546354054635405,0.0379320384311442,0.0644579301295719,0.0498677248677249,0.0332640332640333,0.0567458019687319,0.0470669427191166,0.0392739790330152,0.0534969893469199,0.0456273764258555,0.0365207147064598,0.0324607329842932,0.0141643059490085,0.0289256198347107,0.140625,0.0538650875753576,0.0618363522798251,0.0633954154727794,0.0508474576271186,0.0594664095146255,0.056193858366409,0.0402921178544447,0.0684243565599498,0.108366045651858
"Hcar2",0.118273579084668,0.0825742788982867,0.0562667460553736,0.0612315534438816,0.0888561610211095,0.0288300742491471,0.0547632629777524,0.106666666666667,0.0737100737100737,0.0275,0.0295275590551181,0.0367504835589942,0.0422492767598843,0.0627009646302251,0.0541237113402062,0.0530531350324314,0.0943778490629748,0.0268817204301075,0.0794387360512651,0.134267341713222,0.0653187065318706,0.0605165744707399,0.0705264884369362,0.0739417989417989,0.0374220374220374,0.0793604838190825,0.109868875086266,0.063565952120169,0.0838351088466883,0.0830164765525982,0.0622422933438052,0.0356020942408377,0.0028328611898017,0.0362364907819453,0.046875,0.134413013234402,0.0805746408494691,0.0999972448754684,0.146892655367232,0.0603430642003448,0.0770837685397953,0.105766809367917,0.119271814187068,0.145336158016076
"Hck",0.0529287869596799,0.0200065061808718,0.0279845192021435,0.0271545892199742,0.0559646539027982,0.0208254364645812,0.0216771249286937,0.0802012578616352,0.0122850122850123,0.0125,0.0196850393700787,0.00967117988394584,0.0252531340405014,0.0257234726688103,0.0373711340206186,0.024503701762432,0.0456525409420902,0.0268817204301075,0.0626450116009281,0.0861702746741155,0.0387897038789704,0.0335648629538743,0.0444480892242086,0.0371693121693122,0.0124740124740125,0.0450363507688348,0.0571428571428571,0.0417188233453294,0.0245484020379805,0.0348542458808618,0.0569408992735127,0.0413612565445026,0.0169971671388102,0.0192307692307692,0.0078125,0.0708094032033675,0.0224859462835728,0.0389987877452061,0.0325800376647834,0.0491803278688525,0.0219344056820556,0.0259380508687988,0.065106268496099,0.0733379026730637
"Hcst",0.0311766957128464,0.0225005421817393,0.0193509973206311,0.0234416789905919,0.0385370643102602,0.0314499765881068,0.0139760410724472,0.0394465408805031,0.0196560196560197,0.0125,0.0078740157480315,0.00967117988394584,0.0237463837994214,0.0482315112540193,0.0167525773195876,0.024683876040097,0.0319095053182509,0.043010752688172,0.0261849519390123,0.0555022113594041,0.0237327023732702,0.0198394543110261,0.0188617352796457,0.0505291005291005,0.0301455301455301,0.073505758219134,0.0330572808833678,0.0255241746205602,0.0264011116257527,0.0247148288973384,0.031612016493226,0.0418848167539267,0.0198300283286119,0.0247933884297521,0.0078125,0.0443762708236721,0.0262336039975016,0.0283226801851444,0.0246704331450094,0.0363519476344934,0.0240233966993942,0.0412994208008058,0.0448988132603952,0.0423287016844248
"Hdac1",0.259715543567968,0.10176751247018,0.107174754391188,0.0963154085774519,0.0983063328424153,0.0494659858636759,0.123787792355961,0.129308176100629,0.0761670761670762,0.0825,0.0728346456692913,0.103481624758221,0.0707569913211186,0.114147909967846,0.17139175257732,0.161960296140995,0.11872361978727,0.0806451612903226,0.151033035023754,0.176370460893855,0.216964221696422,0.116250051990184,0.117434804001968,0.092989417989418,0.0821205821205821,0.192723412468635,0.135265700483092,0.141135972461274,0.151459008800371,0.0849176172370089,0.0967995287649715,0.151832460732984,0.056657223796034,0.0694532739987285,0.046875,0.14415153569008,0.156152404747033,0.183697928146352,0.0772128060263653,0.107477864469186,0.167954877794025,0.183832787710904,0.2015065913371,0.382194113859638
"Hdac11",0.0628220181670967,0.0240186510518326,0.0242631735635606,0.0381674585444133,0.0408689248895434,0.0582733171308167,0.0350827153451226,0.0298364779874214,0.0294840294840295,0.0225,0.0324803149606299,0.0193423597678917,0.0415260366441659,0.0112540192926045,0.0206185567010309,0.0296632378955644,0.027215937869323,0.043010752688172,0.0212131256214783,0.0302607076350093,0.0434502043450204,0.03252505926881,0.0390355912743972,0.0205026455026455,0.00727650727650728,0.0401145210062408,0.0293995859213251,0.0270106399624472,0.0229272811486799,0.0183776932826362,0.0268996662085215,0.0219895287958115,0.0254957507082153,0.0789891926255563,0,0.032996825170335,0.0193628981886321,0.0581744544853427,0.0212806026365348,0.0620379299260688,0.0148318362231042,0.0412994208008058,0.042447613069082,0.0811992439819719
"Hdac3",0.111803926571397,0.0832791151594014,0.0553736231021137,0.0650703250369718,0.0628375061364752,0.0577716337042075,0.0462065031374786,0.062440251572327,0.0221130221130221,0.0175,0.062992125984252,0.0483558994197292,0.0586125843780135,0.0514469453376206,0.0592783505154639,0.0628316844657014,0.0649670774945129,0.032258064516129,0.0594409457518506,0.0789688081936685,0.098372409837241,0.0598095079648962,0.0711825487944891,0.0578042328042328,0.0696465696465697,0.0806794055201698,0.0632850241545894,0.0551556876858082,0.0660027790643817,0.0494296577946768,0.0528175927743962,0.0596858638743456,0.0056657223796034,0.190877304513668,0.0390625,0.0627474761887775,0.0437226733291693,0.0874614282565572,0.0423728813559322,0.0623885918003565,0.0635053269270942,0.0516242760010073,0.0925477535647027,0.163748520157019
"Hdac4",0.0764850911609186,0.0977011494252874,0.0291009228937184,0.0449954375255656,0.0440598919980363,0.0937479096523891,0.0524814603536794,0.0380880503144654,0.0343980343980344,0.025,0.173228346456693,0.011605415860735,0.0745540019286403,0.00803858520900321,0.0115979381443299,0.0398021358841643,0.0434914739152457,0.00537634408602151,0.0380068500718153,0.048155260707635,0.0595110059511006,0.0426735432350372,0.0432999835984911,0.0362433862433862,0.0124740124740125,0.0429132085183041,0.0432712215320911,0.0406039743389141,0.0354330708661417,0.0304182509505703,0.0430001963479285,0.0151832460732984,0.0198300283286119,0.0532422123331214,0.015625,0.0458745050476224,0.0324797001873829,0.0557223936521931,0.0352165725047081,0.0630606937260746,0.0373929392103614,0.0347519516494586,0.0486652916031447,0.107659874966249
"Hdac5",0.0779638688782378,0.0402298850574713,0.023518904435844,0.0378528051351436,0.0309278350515464,0.0434234877031818,0.0151169423844837,0.0355723270440252,0.0221130221130221,0.005,0.0177165354330709,0.00870406189555126,0.040983606557377,0.0273311897106109,0.0115979381443299,0.0275994234423115,0.042377173729529,0.0161290322580645,0.0249696166169484,0.0461184823091248,0.0405822040582204,0.0280331073493324,0.019025750369034,0.0386243386243386,0.00831600831600832,0.0329408737052049,0.0337474120082816,0.0266390236269754,0.0291801760074108,0.014575411913815,0.0363243667779305,0.0392670157068063,0.0028328611898017,0.027972027972028,0,0.0379909392501694,0.0262336039975016,0.0528983910072735,0.0256120527306968,0.0245463312001403,0.0154585335283058,0.0196424074540418,0.0557797506950049,0.100961638315991
"Hey1",0.0788100004946616,0.0413142485361093,0.0462191128311998,0.0645354142412133,0.0679921453117329,0.0401346741287431,0.047062179121506,0.0569559748427673,0.0515970515970516,0.0375,0.0374015748031496,0.0454545454545455,0.0453833172613308,0.045016077170418,0.0283505154639175,0.0479754962982376,0.0652372108728685,0.032258064516129,0.042315766213678,0.0588483472998138,0.0615903061590306,0.0440876762467246,0.0841397408561588,0.0419312169312169,0.0311850311850312,0.0574535160522422,0.0380262249827467,0.0408386793928963,0.0402964335340435,0.0494296577946768,0.0422148046338111,0.0356020942408377,0.0254957507082153,0.0445009535918627,0.0078125,0.0586808404380552,0.0243597751405372,0.0574718977297774,0.0355932203389831,0.0540603722860232,0.0816795487779403,0.053135230420549,0.071204376289122,0.101615884686481
"Hgf",0.0512599550639025,0.019355888093689,0.0231467698719857,0.0342657562694692,0.0609965635738832,0.0445606368034962,0.0279520821448945,0.0422138364779874,0.00245700245700246,0.005,0.00984251968503937,0.0212765957446809,0.0445395371263259,0.0209003215434084,0.0115979381443299,0.0287132280678766,0.0434577072429512,0.00537634408602151,0.0390012153353221,0.0641439711359404,0.0379293037929304,0.0294056482136173,0.0411677874364442,0.0345238095238095,0.0249480249480249,0.0272791610371228,0.0410628019323672,0.0334259114379596,0.0270958777211672,0.0297845373891001,0.0375024543491066,0.0151832460732984,0.0453257790368272,0.0206611570247934,0,0.044554632040809,0.0387257963772642,0.0558601498787745,0.0367231638418079,0.0563688962917507,0.0154585335283058,0.0312263913371947,0.0569455654201417,0.0682908592435666
"Hif1a",0.0372063597855772,0.0711884623725873,0.018085739803513,0.030426984676379,0.0265095729013255,0.0301344511583313,0.031374786081004,0.0307421383647799,0.00737100737100737,0.0225,0.0492125984251969,0.0145067698259188,0.0264886692381871,0.0112540192926045,0.0257731958762887,0.0285821922295748,0.0339692723282121,0.010752688172043,0.0381173351010938,0.0296496741154562,0.0402237040223704,0.0389302499688059,0.0173855994751517,0.0293650793650794,0.0114345114345114,0.0337450942546484,0.0423050379572119,0.0308441558441558,0.0213061602593793,0.014575411913815,0.0433928922049872,0.0507853403141361,0.0028328611898017,0.0314685314685315,0,0.032354724788642,0.0156152404747033,0.031532400264492,0.0291902071563089,0.0189065193886795,0.0357217463964905,0.0284563082347016,0.0290556900726392,0.0585706274534239
"Hilpda",0.126185560568705,0.0300368683582737,0.0515034236379875,0.051666089802083,0.0510554737358861,0.0351066913420589,0.0804335424985739,0.0563018867924528,0.0122850122850123,0.03,0.0196850393700787,0.0154738878143133,0.0433944069431051,0.0192926045016077,0.0244845360824742,0.0551169494856843,0.0827621137936856,0.021505376344086,0.0570102751077229,0.0747206703910615,0.0800172080017208,0.0564821361726906,0.0534689191405609,0.0164021164021164,0.0239085239085239,0.0767548092388857,0.0985507246376812,0.0535714285714286,0.0537285780453914,0.0525982256020279,0.0373061064205773,0.0486910994764398,0.0084985835694051,0.0359186268277177,0.046875,0.063710626761317,0.0124921923797626,0.0901890015428697,0.0681732580037665,0.0675900762689577,0.0568205556716106,0.0725258121380005,0.0925477535647027,0.165212785843355
"Hmgb2",0.835905139533612,0.351604857948384,0.432569217028878,0.151285359176867,0.238217967599411,0.120560101674508,0.422703936109527,0.24,0.164619164619165,1.0625,0.178149606299213,0.876208897485493,0.0671407907425265,0.882636655948553,1.30154639175258,0.875024569219682,0.198446733074456,0.688172043010753,0.534968511766656,0.26050395716946,0.613823761382376,0.466455933119827,0.06741020173856,0.113888888888889,0.211018711018711,0.63176349482082,0.258178053830228,0.562451103113754,0.786706808707735,0.368187579214195,0.187119575888474,0.521989528795812,0.135977337110482,0.0684996821360458,0.0390625,0.211786109228409,0.066208619612742,0.570269451179193,0.135969868173258,0.123754419800707,0.12763735115939,0.542432636615462,0.470630436732132,1.59112717303259
"Hpgds",0.0477738928042364,0.0194101062676209,0.0256772849062221,0.0275636386520248,0.0474963181148748,0.0209369216704943,0.0333713633770679,0.0449308176100629,0.0122850122850123,0.01,0.00590551181102362,0.0270793036750484,0.0228423336547734,0.0594855305466238,0.0270618556701031,0.0252899167922427,0.0382576397096066,0.043010752688172,0.0367915147497514,0.0569861499068901,0.0395784039578404,0.029239279624007,0.0360833196654092,0.0662698412698413,0.0239085239085239,0.0383130669754874,0.0438233264320221,0.0309028321076514,0.0340435386753126,0.0291508238276299,0.0259179265658747,0.0287958115183246,0.0169971671388102,0.0160521296884933,0.0078125,0.0687047408411515,0.0368519675202998,0.0485452942473,0.0271186440677966,0.04149498845738,0.0265301859202005,0.0460841097960212,0.0535079066152512,0.0658296467069599
"Hsd17b2",0.0494921908560509,0.0412058121882455,0.0154063709437333,0.0254554608099179,0.0366961217476681,0.0201788222702847,0.0239589275527667,0.0253081761006289,0.0294840294840295,0.005,0.0226377952755906,0.0106382978723404,0.0213054484088717,0.00643086816720257,0.0219072164948454,0.0273209722859202,0.0305926050987675,0.0268817204301075,0.018671969948072,0.0311918063314711,0.0354198035419804,0.0205049286694672,0.0203378710841397,0.0308201058201058,0.0103950103950104,0.0224538377404619,0.0225672877846791,0.0177006728211547,0.0308012968967114,0.0209125475285171,0.0215982721382289,0.0361256544502618,0.0028328611898017,0.0166878575969485,0,0.0295722898013056,0.0362273579013117,0.036505400044082,0.0225988700564972,0.0304199175944595,0.0204721119699185,0.0350037773860489,0.0281589095148417,0.0637630589652523
"Hsp90aa1",0.278924033001737,0.155660377358491,0.103006847275975,0.0710487398130959,0.0656602847324497,0.0470244598541774,0.209355390758699,0.0777861635220126,0.0982800982800983,0.1425,0.106299212598425,0.321083172147002,0.0532485535197686,0.0610932475884244,0.242268041237113,0.259942344231147,0.0999155833192639,0.0376344086021505,0.180090597724008,0.101795274674115,0.300638130063813,0.186124859626503,0.0459242250287026,0.057010582010582,0.0571725571725572,0.0973428553046388,0.117805383022774,0.163100453763104,0.14983788791107,0.0760456273764259,0.0869821323385038,0.137696335078534,0.0169971671388102,0.0826446280991736,0.0234375,0.0827239325081154,0.0162398500936914,0.197693960767027,0.0890772128060264,0.0570994418631834,0.0649676206392313,0.0692520775623269,0.152034197231937,0.484869254574532
"Hsp90ab1",0.514174657186521,0.801941010626762,0.280663888061923,0.174034800667065,0.0794059891998036,0.31730919307008,0.44124358243012,0.181685534591195,0.319410319410319,0.7875,0.518700787401575,1.36557059961315,0.161824975891996,0.295819935691318,0.810567010309278,0.732162746511171,0.228161404693567,0.279569892473118,0.537178212352226,0.155027932960894,0.96393489639349,0.575676912198977,0.0662620961128424,0.0784391534391534,0.130977130977131,0.186579167470887,0.279365079365079,0.412415897355656,0.3073182028717,0.211660329531052,0.304142941291969,0.436125654450262,0.0934844192634561,0.299904640813732,0.1171875,0.176470588235294,0.0949406620861961,0.513899603262067,0.129566854990584,0.0895648870576547,0.112596615834552,0.145555275749182,0.283263085522973,1.13378819033377
"Hsp90b1",0.153930867141715,0.160160485794838,0.114394164930039,0.0718353733362701,0.04860088365243,0.0600459319048362,0.0921277809469481,0.0817106918238994,0.0417690417690418,0.08,0.122047244094488,0.0531914893617021,0.0895009643201543,0.0562700964630225,0.356958762886598,0.164908602502785,0.0845179807529968,0.010752688172043,0.171914705557397,0.0796816806331471,0.247293324729332,0.167533169737554,0.0815154994259472,0.0466931216931217,0.0446985446985447,0.0833815865662999,0.136576949620428,0.153692692849319,0.572950440018527,0.750316856780735,0.150795209110544,0.0869109947643979,0.0368271954674221,0.314685314685315,0.0234375,0.104162950807976,0.0412242348532167,0.116541767687899,0.0623352165725047,0.0444756143888256,0.0401086275329016,0.0501133215814656,0.0742235375003737,0.293216607472947
"Hspa1a",0.135295143725218,0.0490674474083713,0.0253051503423638,0.0451212988892735,0.0385370643102602,0.0233450021182189,0.0456360524814604,0.0457861635220126,0.00737100737100737,0,0.0285433070866142,0.0125725338491296,0.0328772902603664,0.0160771704180064,0.0231958762886598,0.0380495315468781,0.0615228769204795,0.010752688172043,0.0396641255109933,0.0862284683426443,0.0542052054205205,0.0367674583038722,0.0393636214531737,0.0351851851851852,0.0280665280665281,0.06018786592035,0.0399585921325052,0.0502855578156783,0.0511811023622047,0.0456273764258555,0.0237580993520518,0.0607329842931937,0.0453257790368272,0.02177368086459,0.0234375,0.0565405058324118,0.0368519675202998,0.0634642935860701,0.0295668549905838,0.0402384500745156,0.0279924796323376,0.0198942331906321,0.0722805129584791,0.159501111180344
"Hspa1b",0.171345557548666,0.104098893949252,0.0528431080678773,0.0578962273056229,0.0638193421698576,0.0325536801266472,0.0678836280661723,0.0766289308176101,0.0294840294840295,0.03,0.0403543307086614,0.02321083172147,0.0423396817743491,0.0610932475884244,0.0695876288659794,0.0695800301382428,0.0714840452473409,0.021505376344086,0.060766766103193,0.0981727188081937,0.099376209937621,0.0743251674083933,0.0675742168279482,0.0585978835978836,0.0311850311850312,0.0913594544167793,0.0697032436162871,0.0642113910186199,0.0822139879573877,0.0747782002534854,0.0455527194188101,0.0717277486910995,0.0453257790368272,0.0300381436745073,0.046875,0.080940320336746,0.0555902560899438,0.113607560061715,0.0538606403013183,0.058852751234622,0.0716523918947149,0.0642155628305213,0.105969569246405,0.218912912538684
"Hspb1",0.178140645299023,1.80833875515073,0.0820184578743674,0.131021679619899,0.0956062837506136,0.264866552208522,0.0616086708499715,0.0757232704402516,0.0221130221130221,0.025,0.202755905511811,0.149903288201161,0.114965043394407,0.0176848874598071,0.0631443298969072,0.0591299220336762,0.120715853452642,0.0967741935483871,0.053916694287924,0.098332751396648,0.0846060084606008,0.14790167616354,0.0693783828112186,0.0501322751322751,0.0301455301455301,0.0751785369619764,0.0608005521048999,0.0624902206227507,0.0609078276980083,0.0532319391634981,0.0638130767720401,0.0675392670157068,0.0424929178470255,0.0835982199618563,0.0546875,0.0745906610066707,0.0131168019987508,0.111444787304386,0.0510357815442561,0.110049384880629,0.072905786505118,0.0554016620498615,0.106178818043225,0.222142604939041
"Htt",0.113251462505955,0.0599110821947517,0.0288032152426317,0.0409678738869136,0.0402552773686794,0.0231666257887578,0.0379349686252139,0.0480503144654088,0.0343980343980344,0.0125,0.0127952755905512,0.0135396518375242,0.0329978302796528,0.0369774919614148,0.0347938144329897,0.0480410142173885,0.0533175755529293,0.00537634408602151,0.0429786763893492,0.0553858240223464,0.0686169068616907,0.0435885704778938,0.0226340823355749,0.0342592592592593,0.0135135135135135,0.0414977803512835,0.046031746031746,0.0445744015021123,0.0377489578508569,0.0304182509505703,0.0351462792067544,0.0277486910994764,0.0339943342776204,0.0390972663699936,0.015625,0.0519031141868512,0.0212367270455965,0.0754766365439718,0.0303201506591337,0.0266210806230093,0.0401086275329016,0.0324855200201461,0.0552715750455863,0.153425966311504
"Iapp",0.0316869781645973,0.0130123617436565,0.0174903245013397,0.0156382744407036,0.0344869906725577,0.0173693950812727,0.0225328009127211,0.0203270440251572,0,0.005,0.0177165354330709,0.0183752417794971,0.0177796528447445,0.0209003215434084,0.00644329896907216,0.013431173425932,0.021002870167145,0.00537634408602151,0.0106065628107391,0.0161487430167598,0.0181401018140102,0.0158466081603793,0.0182056749220928,0.0156084656084656,0.00831600831600832,0.0177250209097343,0.0132505175983437,0.0129674542325145,0.0113478462251042,0.00887198986058302,0.0180640094247006,0.00890052356020942,0.0113314447592068,0.0152574698029243,0,0.0186922555559519,0.0112429731417864,0.0232532510469473,0.0193973634651601,0.0297770374915987,0.0233966993941926,0.0176278015613196,0.0238543628374137,0.040386732299001
"Ica1",0.0565111780495234,0.0270548687920191,0.0299196189342066,0.0505962682105661,0.0526509572901325,0.0327432049766996,0.0376497432972048,0.043874213836478,0.0196560196560197,0.01,0.0196850393700787,0.0222437137330754,0.0340826904532305,0.0482315112540193,0.0347938144329897,0.0363133066893795,0.0350160391693399,0.010752688172043,0.0355761794276876,0.0403136638733706,0.0473220047322005,0.0310277419623175,0.0452681646711497,0.0246031746031746,0.0415800415800416,0.0413047674194171,0.0386473429951691,0.0315482710061023,0.0504863362667902,0.0424588086185044,0.0447673277046927,0.0246073298429319,0.0226628895184136,0.299268912905277,0.015625,0.0469803445938715,0.00624609618988132,0.0571826096539564,0.0327683615819209,0.0445048362116829,0.0327971589722164,0.0246789221858474,0.0531491943921322,0.0846366336428022
"Icam1",0.140400571724625,0.0523747560182173,0.0445817207502233,0.0894874295962997,0.0524054982817869,0.034125621530023,0.0730176839703366,0.109685534591195,0.0442260442260442,0.035,0.0354330708661417,0.0193423597678917,0.0643985053037608,0.067524115755627,0.0747422680412371,0.057672148332569,0.0619280769880128,0.00537634408602151,0.080875041431886,0.10963687150838,0.0781530078153008,0.0554007403402238,0.0590454321797605,0.0690476190476191,0.0405405405405405,0.106736151322139,0.0864044168391994,0.0697074010327022,0.0775822139879574,0.0640050697084918,0.0710779501276261,0.0267015706806283,0.0169971671388102,0.019389701207883,0,0.117825420040666,0.0499687695190506,0.0829016971567115,0.0602636534839925,0.0535051576517343,0.0505535826195947,0.0815915386552506,0.088841060592473,0.178588489417825
"Icam2",0.0923845551039961,0.0200065061808718,0.0323012801428997,0.0802051540228438,0.0482326951399116,0.0269459742692145,0.0328009127210496,0.0460377358490566,0.0221130221130221,0.0175,0.015748031496063,0.0145067698259188,0.0249517839922854,0.0466237942122186,0.0412371134020619,0.0423900936906244,0.0420395070065845,0.043010752688172,0.0293890177880897,0.067955656424581,0.0474654047465405,0.0270348958116708,0.0603575528948663,0.0236772486772487,0.0197505197505198,0.0650453580389886,0.0491373360938578,0.0371616335471757,0.0592867068087077,0.0462610899873257,0.0259179265658747,0.0345549738219895,0.0396600566572238,0.0163699936427209,0.1171875,0.0478364784361289,0.0768269831355403,0.0638775622658144,0.0214689265536723,0.0547324742117413,0.0453311050762482,0.042306723747167,0.0695602785998266,0.118252435250379
"Icos",0.0516452703846124,0.0176209065278681,0.0240398928252456,0.0277209653566596,0.0397643593519882,0.0221075163325827,0.0644609241300628,0.0347169811320755,0.00245700245700246,0.0075,0.00590551181102362,0.00870406189555126,0.0289597396335583,0.0192926045016077,0.0154639175257732,0.0325132673786281,0.0262367043727841,0.0268817204301075,0.0229808860899348,0.047616969273743,0.0344160034416003,0.0230004575136214,0.0357552894866328,0.0431216931216931,0.0135135135135135,0.0935791031332433,0.03216011042098,0.0341300265999061,0.0345067160722557,0.0240811153358682,0.0214019242096996,0.0617801047120419,0.028328611898017,0.0190718372536554,0,0.040238290586095,0.0231105559025609,0.0368222393652193,0.0199623352165725,0.0429560796002455,0.0476289951953207,0.0629564341475699,0.048575613547365,0.0673873761605084
"Icosl",0.0936160020411298,0.037031012795489,0.0414557904138136,0.0485510210503131,0.0764604810996564,0.0342705522977101,0.0376497432972048,0.0940377358490566,0.0245700245700246,0.0125,0.0344488188976378,0.0193423597678917,0.069069431051109,0.0659163987138264,0.0347938144329897,0.0448961540981458,0.075130845855141,0.0268817204301075,0.0507126284388465,0.0780231610800745,0.0556392055639206,0.0369338268934825,0.0647859603083484,0.0752645502645503,0.0363825363825364,0.0840249630058547,0.0578329882677709,0.0552925989672978,0.0569708198239926,0.055766793409379,0.0616532495582172,0.0513089005235602,0.0113314447592068,0.0306738715829625,0.0078125,0.0749473834409446,0.0381011867582761,0.0623346925281023,0.0467043314500942,0.0476900149031297,0.0564027574681429,0.042306723747167,0.0760469913012286,0.118678214634349
"Ido1",0.112144982699863,0.0166449793970939,0.0177136052396547,0.0361222113841604,0.0246686303387334,0.0236014180918192,0.0413576725613234,0.0274716981132075,0.00245700245700246,0.0175,0.015748031496063,0.00580270793036751,0.0244997589199614,0.0128617363344051,0.0206185567010309,0.0361822708510778,0.0289718048286341,0.00537634408602151,0.0277317423489117,0.0323702281191806,0.0613752061375206,0.046084099322048,0.0383795309168444,0.0350529100529101,0.0353430353430353,0.0277616933667889,0.0273291925465838,0.0271671099984353,0.0347383047707272,0.0240811153358682,0.0217946200667583,0.0219895287958115,0.0084985835694051,0.0184361093452003,0.0078125,0.0255056540505832,0.00749531542785759,0.0587117037690104,0.0224105461393597,0.0284328336401625,0.0204721119699185,0.0183832787710904,0.036678324813918,0.142044156437577
"Ier3",0.326237109510259,0.201420516157016,0.0765108663292647,0.130832887574337,0.115365733922435,0.0901134919396196,0.126640045636052,0.164528301886792,0.0835380835380835,0.095,0.0452755905511811,0.0367504835589942,0.0923035197685632,0.0434083601286174,0.0734536082474227,0.137866081373256,0.179436096572683,0,0.155452436194896,0.19813489292365,0.267584426758443,0.182423158507674,0.0569132360177136,0.115873015873016,0.0446985446985447,0.18596795985331,0.28895790200138,0.144480519480519,0.117415470125058,0.0747782002534854,0.114470842332613,0.0910994764397906,0.0028328611898017,0.120152574698029,0.0546875,0.175222059715335,0.0968144909431605,0.235618249944898,0.27608286252354,0.077525496040443,0.0852308335074159,0.113825232938806,0.277463904582549,0.447670675223794
"Ifi27",0.219569852721029,0.0652244632400781,0.0595415302173266,0.0674302256064944,0.0654148257241041,0.0593993177105398,0.133770678836281,0.0753207547169811,0.0909090909090909,0.1,0.0600393700787402,0.0541586073500967,0.105683461909354,0.0739549839228296,0.0554123711340206,0.15372141780777,0.0763802127300355,0.0376344086021505,0.0994365263506795,0.0892836359404097,0.274324227432423,0.122031360479142,0.0798753485320649,0.0534391534391534,0.0415800415800416,0.0950588689442193,0.0974465148378192,0.0932170239399155,0.0766558591940713,0.0754119138149556,0.0636167288435107,0.056020942408377,0.0906515580736544,0.221710108073744,0.0546875,0.0847572503834766,0.0649594003747658,0.152151752259202,0.0429378531073446,0.0553461324917448,0.0797994568623355,0.0818433643918408,0.129226078378621,0.355349242943486
"Ifi44l",0.0695285875329666,0.0123075254825417,0.0311848764513248,0.0342972216103961,0.0416053019145803,0.0154518495395661,0.03593839132915,0.0615849056603774,0.0196560196560197,0.0275,0.0196850393700787,0.00483558994197292,0.014193587270974,0.022508038585209,0.0335051546391753,0.0369029679617375,0.0430862738477123,0.010752688172043,0.0765661252900232,0.0662243947858473,0.0587223058722306,0.0686686353616437,0.0180416598327046,0.0335978835978836,0.0301455301455301,0.0307533938107187,0.0736369910282954,0.0460021905805038,0.0301065308012969,0.0380228136882129,0.0498723738464559,0.0382198952879581,0.0169971671388102,0.0111252383979657,0.03125,0.0664930617486534,0.0306058713304185,0.0536836014987877,0.028060263653484,0.0306244703544607,0.0317526634635471,0.0236716192394863,0.0362299345350193,0.0972542422165452
"Ifih1",0.0578806095271817,0.0216330513988289,0.0187555820184579,0.0308989647902835,0.0304369170348552,0.0195990991995362,0.0356531660011409,0.0409056603773585,0.00491400491400491,0.015,0.0187007874015748,0.00967117988394584,0.0263379942140791,0.00643086816720257,0.0244845360824742,0.034167594837188,0.0366706061117677,0.00537634408602151,0.0515965086730748,0.0386114990689013,0.0617337061733706,0.0710809799109928,0.0277185501066098,0.0116402116402116,0.0197505197505198,0.0345814836260696,0.0427191166321601,0.0390197152245345,0.0259379342288096,0.023447401774398,0.0320047123502847,0.0225130890052356,0.0028328611898017,0.0214558169103624,0.0234375,0.0444832875539543,0.0199875078076202,0.0493029534934979,0.0261770244821092,0.0419333158002396,0.0363484437016921,0.0269453538151599,0.0365587540728784,0.0898809894697489
"Ifit1",0.0926969729315987,0.0136087616569074,0.023742185174159,0.0276895000157327,0.0406234658811978,0.0180048607549778,0.0462065031374786,0.0428176100628931,0.0122850122850123,0.0325,0.00885826771653543,0.0338491295938104,0.0203712632594021,0.00803858520900321,0.0270618556701031,0.0650756731966193,0.0450109741684957,0,0.0715942989724892,0.0440380586592179,0.108410410841041,0.179636484631702,0.0196818107265868,0.0136243386243386,0.0415800415800416,0.0517274657402046,0.0583160800552105,0.0540995149428884,0.0437702640111163,0.0380228136882129,0.0390732377773415,0.050261780104712,0.0056657223796034,0.00921805467260013,0.015625,0.0429850533300039,0.0362273579013117,0.068616376460216,0.0457627118644068,0.0242833347944245,0.0595362439941508,0.0579199194157643,0.0472603353959286,0.152345940557044
"Ifit3/b",0.0975915188973733,0.0164281067013663,0.0372134563858291,0.0388596960448066,0.0397643593519882,0.0279270440812504,0.051625784369652,0.0528301886792453,0.0122850122850123,0.0275,0.0236220472440945,0.0377176015473888,0.0373975409836066,0.0305466237942122,0.0231958762886598,0.0676800104828671,0.0453148742191457,0.043010752688172,0.0766766103193017,0.0615979981378026,0.120384312038431,0.162209374870025,0.0383795309168444,0.0414021164021164,0.0405405405405405,0.0682300714147848,0.0632850241545894,0.0607886089813801,0.0305697081982399,0.0335868187579214,0.0516395052032201,0.0450261780104712,0.0198300283286119,0.0211379529561348,0.03125,0.0660649948275247,0.0318550905683948,0.0811521930791272,0.0435028248587571,0.0390111335145086,0.0355128472947566,0.0536388818937295,0.0581711655157983,0.155492554053212
"Ifitm1",0.276057599433482,0.0444589026241596,0.0674307829711224,0.0950253295994462,0.148748159057437,0.0499788178108765,0.129207073588135,0.156528301886792,0.0687960687960688,0.0175,0.0167322834645669,0.0357833655705996,0.0744937319189971,0.0353697749196141,0.0902061855670103,0.0924130249623272,0.118993753165626,0.021505376344086,0.126173903436084,0.189289455307263,0.155015415501542,0.0896726697999418,0.0677382319173364,0.104761904761905,0.0758835758835759,0.175223573312745,0.129468599033816,0.114184008762322,0.115562760537286,0.0944233206590621,0.104849793834675,0.103141361256545,0.028328611898017,0.0332167832167832,0.0390625,0.132879106767025,0.100562148657089,0.246197928146352,0.153107344632768,0.105958329680605,0.086693127219553,0.100226643162931,0.267659103817296,0.352597254242217
"Ifitm2",0.507988784199989,0.086261114725656,0.138806192319143,0.219722475693024,0.218703976435935,0.0783406541951883,0.216486023958928,0.263949685534591,0.125307125307125,0.16,0.0649606299212598,0.109284332688588,0.193376325940212,0.118971061093248,0.155927835051546,0.230426521653672,0.179672463278744,0.043010752688172,0.386145177328472,0.425439362197393,0.481608948160895,0.211038555920642,0.139248810890602,0.144179894179894,0.109147609147609,0.259570224538377,0.355141476880607,0.247398685651698,0.229967577582214,0.164765525982256,0.287257019438445,0.142408376963351,0.0481586402266289,0.116179275270184,0.1484375,0.311133307173688,0.103060587133042,0.410417125854089,0.24030131826742,0.146781216212267,0.135366617923543,0.156131956685973,0.488297013720743,0.739069931667601
"Ifitm3",0.267585869341658,0.0344285404467578,0.0534385233700506,0.123123879047229,0.0662739322533137,0.0363776226894691,0.129492298916144,0.0974591194968553,0.00491400491400491,0.04,0.0324803149606299,0.0715667311411992,0.108666827386692,0.0289389067524116,0.0322164948453608,0.268951058114394,0.072024312004052,0.0268817204301075,0.427024638161529,0.120111731843575,0.585717358571736,0.353990766543277,0.0390355912743972,0.0302910052910053,0.0332640332640333,0.0702567071993824,0.174051069703244,0.190208887498044,0.0393700787401575,0.0278833967046895,0.187315923817004,0.0633507853403141,0.0113314447592068,0.0812142403051494,0.015625,0.10205828844576,0.0118675827607745,0.256405664536037,0.0853107344632768,0.0272639607258701,0.0342594526843535,0.046839587005792,0.101904164051057,0.545537624358735
"Ifna",0.175904254349767,0.037085230969421,0.0762875855909497,0.0678078096976181,0.0930289641629848,0.0682066489776807,0.0790074158585282,0.0900125786163522,0.0368550368550369,0.0275,0.0354330708661417,0.0280464216634429,0.0568044840887175,0.0610932475884244,0.0618556701030928,0.081291358186464,0.0813439135573189,0.0376344086021505,0.070710418738261,0.114117783985102,0.112138811213881,0.0704570976999542,0.081351484336559,0.0902116402116402,0.0498960498960499,0.106382294280383,0.0837129054520359,0.0730323892974495,0.0852246410375174,0.073510773130545,0.0673473394855684,0.0795811518324607,0.0368271954674221,0.0297202797202797,0.0390625,0.10369921164342,0.0574640849469082,0.12217599735508,0.0681732580037665,0.0949417024633997,0.0902444119490286,0.0788214555527575,0.126266702537889,0.228196980081833
"Ifnar1",0.155219590680576,0.0383864671437866,0.0811997618338791,0.0661401466284887,0.069833087874325,0.0352070280273808,0.07843696520251,0.0986666666666667,0.0147420147420147,0.025,0.0255905511811024,0.0241779497098646,0.0471311475409836,0.0289389067524116,0.0412371134020619,0.0871552119504685,0.0693905115650853,0.0376344086021505,0.0846315324273561,0.117114757914339,0.107478310747831,0.056731689057106,0.0915204198786288,0.0711640211640212,0.0571725571725572,0.103680113234253,0.0926846100759144,0.0695118134877171,0.0836035201482168,0.0728770595690748,0.0702925584135087,0.0575916230366492,0.0878186968838527,0.0417991099809282,0.0546875,0.0958156458459673,0.0724547158026234,0.105741679523914,0.0666666666666667,0.0665380906460945,0.0800083559640694,0.063963737093931,0.10070845664066,0.202847529441087
"Ifnar2",0.0810880471542641,0.0222836694860117,0.0396695445072938,0.0475126647997231,0.0465144820814924,0.0187964057169614,0.0367940673131774,0.0635471698113208,0.0122850122850123,0.0075,0.0118110236220472,0.0212765957446809,0.0341429604628737,0.0128617363344051,0.0180412371134021,0.0467306558343707,0.0403511733918622,0.00537634408602151,0.0613191912495857,0.0707344040968343,0.0672546067254607,0.0427983196772449,0.0436280137772675,0.0472222222222222,0.0155925155925156,0.0566492955027987,0.0710835058661146,0.0465889532154592,0.0643816581750811,0.0640050697084918,0.0547810720596898,0.0350785340314136,0.0056657223796034,0.0541958041958042,0.0546875,0.0800841864944886,0.0368519675202998,0.065268900154287,0.0342749529190207,0.0464626983431226,0.0162941299352413,0.0526315789473684,0.0624757121932263,0.113620786341828
"Ifng",0.0319499298361629,0.0120364346128822,0.0133968442988985,0.0164563733048048,0.0278595974472263,0.0235345269682713,0.0253850541928123,0.024503144654088,0.00982800982800983,0.0025,0.0196850393700787,0.00870406189555126,0.016905737704918,0.0112540192926045,0.0115979381443299,0.0204907292144401,0.0224210704035117,0.010752688172043,0.0135896586012595,0.0272491852886406,0.0211515021151502,0.0118953541571351,0.0280465802853863,0.030952380952381,0.0207900207900208,0.060799073537927,0.0210489993098689,0.0203411046784541,0.023390458545623,0.00760456273764259,0.015511486353819,0.0445026178010471,0.0056657223796034,0.00778766687857597,0.0078125,0.0248992259123176,0.0168644597126796,0.0235425391227683,0.0173258003766478,0.0318517869144677,0.0125339461040318,0.0667338201964241,0.033449914805847,0.0433256485346958
"Ifngr1",0.0668574151069641,0.0307417046193884,0.0315570110151831,0.0464743085491331,0.0501963672066765,0.0307476197908538,0.0479178551055334,0.0648553459119497,0.00737100737100737,0.0375,0.030511811023622,0.0145067698259188,0.0706364513018322,0.0160771704180064,0.0206185567010309,0.0433564829981,0.0436940739490123,0.010752688172043,0.0508231134681251,0.0617289338919925,0.0477522047752205,0.0297799775402404,0.054288994587502,0.0371693121693122,0.0488565488565489,0.0733770829312231,0.0403726708074534,0.033973556563918,0.0389069013432145,0.0316856780735108,0.059886118201453,0.0445026178010471,0.0198300283286119,0.0287666878575969,0.0078125,0.0549709271216067,0.00749531542785759,0.0476498787745206,0.0344632768361582,0.0495894333888548,0.0194276164612492,0.0201460589272224,0.047828296415867,0.0920514258416932
"Ifngr2",0.135602354589027,0.0520494469746259,0.0959362905626675,0.0686259085617193,0.0794059891998036,0.0612165265669246,0.0567598402738163,0.119798742138365,0.0196560196560197,0.03,0.0433070866141732,0.051257253384913,0.0618671648987464,0.0434083601286174,0.0579896907216495,0.091069907619734,0.0836062806010468,0.0645161290322581,0.13777483151033,0.138806447858473,0.136086613608661,0.0853470864700745,0.0665901262916188,0.0722222222222222,0.0207900207900208,0.0710287589268481,0.127260179434092,0.08447426067908,0.0752663270032422,0.0665399239543726,0.0969958766935009,0.0298429319371728,0.0651558073654391,0.0688175460902734,0.1328125,0.127135875575215,0.0643347907557776,0.114034604364117,0.0532956685499058,0.104029689372023,0.137246709839148,0.068496600352556,0.0837294114130272,0.190676469977361
"Ifnl2/3",0.108351709576387,0.0213619605291694,0.0343852337005061,0.0373808250212391,0.0514236622484045,0.0216504269883386,0.0462065031374786,0.0449811320754717,0.027027027027027,0.0125,0.0236220472440945,0.0222437137330754,0.0232943587270974,0.0192926045016077,0.0373711340206186,0.0415711197012383,0.042984973830829,0.032258064516129,0.0395536404817147,0.0686830772811918,0.0625224062522406,0.0333569022168615,0.0452681646711497,0.0472222222222222,0.0176715176715177,0.0638551116258123,0.0442374051069703,0.0391175089970271,0.0507179249652617,0.0380228136882129,0.0294521892794031,0.0345549738219895,0.0169971671388102,0.0119198982835346,0.0546875,0.0540791210359219,0.0306058713304185,0.0700214899713467,0.0329566854990584,0.0451184944916864,0.04867349070399,0.0523797532107781,0.0783487280662422,0.137256734583671
"Igf1",0.0784689443661954,0.0158859249620473,0.0221792200059542,0.0270601931971933,0.0646784486990673,0.0181720885638476,0.0242441528807758,0.0382389937106918,0.027027027027027,0.01,0.00492125984251968,0.0309477756286267,0.0436957569913211,0.0144694533762058,0.0206185567010309,0.0312029089956103,0.0278575046429174,0.0537634408602151,0.0309358081979892,0.045260125698324,0.0473937047393705,0.0291560953292018,0.0285386255535509,0.0248677248677249,0.0166320166320166,0.0408544039117288,0.044168391994479,0.0326826787670161,0.0305697081982399,0.0380228136882129,0.024936186923228,0.0350785340314136,0.0311614730878187,0.0163699936427209,0.03125,0.052438197838262,0.0262336039975016,0.0458452722063037,0.0207156308851224,0.0336343181087636,0.0330060580739503,0.0229161420297154,0.0524616626311542,0.100276237356429
"Igf1r",0.0726085066167492,0.0383322489698547,0.0201696933611194,0.0431075170699475,0.0446735395189003,0.0313384913821936,0.0328009127210496,0.0372830188679245,0.0221130221130221,0.005,0.0236220472440945,0.0106382978723404,0.045594262295082,0.0176848874598071,0.0231958762886598,0.0444047697045142,0.0491980415330069,0.0161290322580645,0.0447464368578058,0.0510940409683426,0.0737076073707607,0.0455434014058146,0.0306708217155978,0.0298941798941799,0.0166320166320166,0.0442321302193914,0.0518978605935128,0.0351275230793303,0.0375173691523854,0.026615969581749,0.0325937561358728,0.0167539267015707,0.0198300283286119,0.0910680228862047,0.03125,0.0510113081011665,0.0343535290443473,0.0632852104915142,0.0425612052730697,0.0297478156687414,0.0357217463964905,0.034248300176278,0.062953995157385,0.108833364487922
"Igf2",0.0854228445122507,0.0272717414877467,0.0410092289371837,0.048613951732167,0.0532646048109966,0.0420522196704497,0.0333713633770679,0.043874213836478,0.00982800982800983,0.0275,0.0216535433070866,0.034816247582205,0.0406521215043394,0.0305466237942122,0.0154639175257732,0.035756404376597,0.0406550734425122,0.0376344086021505,0.0281736824660259,0.0527525605214153,0.0547071054707105,0.0361851682402362,0.0467443004756438,0.0357142857142857,0.0405405405405405,0.0435244161358811,0.0427881297446515,0.0301400406822094,0.0458545622973599,0.0335868187579214,0.0353426271352837,0.0366492146596859,0.0113314447592068,0.0257469802924348,0.046875,0.0506545856668926,0.0387257963772642,0.0569208728234516,0.0207156308851224,0.0656906577832325,0.0409442239398371,0.0470914127423823,0.0532687651331719,0.106891395102499
"Igf2r",0.116044998581102,0.040392539579267,0.023518904435844,0.0492747238916334,0.0425871379479627,0.0356529688510335,0.0365088419851683,0.0282767295597484,0.0147420147420147,0.04,0.0344488188976378,0.02321083172147,0.0448710221793635,0.0273311897106109,0.0231958762886598,0.0594575116294307,0.0486577747762958,0.043010752688172,0.037122969837587,0.0483298417132216,0.108553810855381,0.0445451898681529,0.0321469575200918,0.0174603174603175,0.0395010395010395,0.054140127388535,0.0357487922705314,0.0442223439211391,0.0379805465493284,0.0285171102661597,0.0270960141370509,0.0277486910994764,0.0764872521246459,0.0727908455181182,0.0078125,0.0427353476260122,0.0905683947532792,0.074539894203218,0.0410546139359699,0.0248093276058561,0.0327971589722164,0.0627046084109796,0.0513855259617972,0.162948885704198
"Igfbp3",0.0487475950335979,0.0870201691607027,0.0213605239654659,0.137660866555489,0.0373097692685322,0.0230997346652099,0.0208214489446663,0.027874213836478,0.0221130221130221,0.02,0.0649606299212598,0.0386847195357834,0.0348963355834137,0.0128617363344051,0.00644329896907216,0.0258304396252375,0.0401485733580956,0.0161290322580645,0.0315987183736604,0.0324720670391061,0.0301857030185703,0.0313188869941355,0.0267344595702805,0.019047619047619,0.0301455301455301,0.0267322910635013,0.031608005521049,0.0557033328117665,0.0259379342288096,0.0158428390367554,0.025525230708816,0.0204188481675393,0.0169971671388102,0.0354418308963763,0.015625,0.0286804837156209,0.00811992504684572,0.0399630813312762,0.0212806026365348,0.050641419011718,0.0296636724462085,0.0113321581465626,0.0340178758257854,0.06679543896816
"Igfbp5",0.0151730924939013,0.031500759054435,0.0136945519499851,0.040495893773009,0.0244231713303878,0.147361145176035,0.00713063320022818,0.0174088050314465,0.0171990171990172,0.0025,0.0580708661417323,0.0473887814313346,0.162005785920926,0.0209003215434084,0.00902061855670103,0.00964751359496822,0.0168495694749282,0.010752688172043,0.00740249696166169,0.0115077979515829,0.0118305011830501,0.0279915152019299,0.0223060521567984,0.0208994708994709,0.0051975051975052,0.0105513736086985,0.0113871635610766,0.0127131904240338,0.00856878184344604,0.0082382762991128,0.034949931278225,0.0104712041884817,0.0169971671388102,0.0243165924984107,0.0078125,0.015125031213213,0.00999375390381012,0.0136378664315627,0.0103578154425612,0.0227638000058444,0.00940045957802381,0.00679929488793755,0.0133620303111829,0.0213408935136146
"Igfbp7",0.177021148083447,0.0718390804597701,0.0729383745162251,0.779899940215852,0.130093274423171,0.0859662422796495,0.0892755276668568,0.0869937106918239,0.0565110565110565,0.135,0.062992125984252,0.176982591876209,0.303429363548698,0.022508038585209,0.0438144329896907,0.113968420362969,0.130744555124093,0.0645161290322581,0.119986741796487,0.0937063547486034,0.170215817021582,0.131431185792122,0.108413974085616,0.0697089947089947,0.0644490644490645,0.0932574149134659,0.106901311249137,0.316421530276952,0.0880037054191755,0.091254752851711,0.105046141763204,0.0842931937172775,0.0084985835694051,0.0435473617291799,0.0078125,0.109406770591803,0.075577763897564,0.111003967379326,0.0934086629001883,0.104029689372023,0.0453311050762482,0.0627046084109796,0.0980480076525274,0.260047354975388
"Igha",0.0290626684127352,0.0118737800910865,0.0153319440309616,0.0171486108051981,0.0247913598429062,0.017625811054873,0.015687393040502,0.0172075471698113,0.0122850122850123,0.005,0.00688976377952756,0.00676982591876209,0.0163633076181292,0.0192926045016077,0.0154639175257732,0.0154294699600341,0.0178625696437616,0,0.0108275328692962,0.0213861731843575,0.0236610023661002,0.0133094871688225,0.0211579465310809,0.0157407407407407,0.00727650727650728,0.0207810589976195,0.0151828847481021,0.0142974495384134,0.0502547475683187,0.0297845373891001,0.0135480070685254,0.0157068062827225,0.0113314447592068,0.0149396058486968,0,0.02090393464845,0.0168644597126796,0.0199608772316509,0.0128060263653484,0.0222378071944128,0.0177564236473783,0.0141022412490557,0.0238842555226736,0.0387770785303342
"Ighd",0.0337124870802211,0.0121990891346779,0.0291009228937184,0.019225323306378,0.0294550810014728,0.0201007826261455,0.0219623502567028,0.0243018867924528,0.0147420147420147,0.0125,0.0118110236220472,0.00870406189555126,0.0179303278688525,0.0401929260450161,0.0721649484536082,0.019147611871847,0.0207665034610839,0,0.0199977902994144,0.0276856378026071,0.0266007026600703,0.0165952668136256,0.0277185501066098,0.0177248677248677,0.0176715176715177,0.0267322910635013,0.0178743961352657,0.0185416992645908,0.031959240389069,0.0329531051964512,0.0147260946397016,0.0214659685863874,0.0113314447592068,0.0143038779402416,0.015625,0.026219098919131,0.0206121174266084,0.0250854088604805,0.0175141242937853,0.0252184331258584,0.0231878002924587,0.0173759758247293,0.0311182853555735,0.0430971815481754
"Ighg1",0.0450558577040935,0.0203318152244632,0.141708841917237,0.0251093420597212,0.0429553264604811,0.0216169814265647,0.0330861380490588,0.0351194968553459,0.0147420147420147,0.025,0.0236220472440945,0.02321083172147,0.023173818707811,0.35048231511254,0.954896907216495,0.0274683876040097,0.0304237717372953,0.0268817204301075,0.0249696166169484,0.0407937616387337,0.0357783035778304,0.0233747868402446,0.0501886173527965,0.0322751322751323,0.0280665280665281,0.0656243968345879,0.0256728778467909,0.030355186981693,2.32167670217693,1.7382762991128,0.0276850579226389,0.0345549738219895,0.0339943342776204,0.0178003814367451,0.0234375,0.0357435879142439,0.0343535290443473,0.0356099845713026,0.0229755178907721,0.0338096490459075,0.0307081679548778,0.0332409972299169,0.0423579350133022,0.0591937192348433
"Ighm",0.0655608811224131,0.0267837779223596,0.217028877642155,0.0255183914917718,0.0609965635738832,0.020713951258668,0.0345122646891044,0.0748176100628931,0.0417690417690418,0.0175,0.0206692913385827,0.02321083172147,0.0217574734811958,0.204180064308682,0.48840206185567,0.0374271113149446,0.0295796049299342,0.0537634408602151,0.0497182631753397,0.0673446229050279,0.0586506058650606,0.0225013517447906,0.564867967853042,0.0669312169312169,0.0291060291060291,0.0956379077398186,0.041407867494824,0.0528281959004851,3.92566002779064,3.41888466413181,0.0492833300608679,0.0392670157068063,0.0453257790368272,0.0155753337571519,0.0625,0.0668141119394999,0.084946908182386,0.0465202777165528,0.0271186440677966,0.055550685251746,0.0171297263421767,0.0214051876101738,0.08633007503064,0.090815627141878
"Igkc",0.0680888620440978,0.0275970505313381,0.552768681155106,0.0411881312734023,0.0709376534118802,0.0256861914423956,0.0350827153451226,0.0542389937106918,0.0245700245700246,0.015,0.0216535433070866,0.0290135396518375,0.0279652844744455,1.17041800643087,3.20231958762887,0.0319727445456332,0.0474084079014013,0.021505376344086,0.0278422273781903,0.0621362895716946,0.0479673047967305,0.0289065424447864,0.167623421354765,0.0421957671957672,0.0176715176715177,0.217171717171717,0.0439613526570048,0.078802221874511,7.9219546086151,6.70025348542459,0.0367170626349892,0.0465968586387435,0.0651558073654391,0.0252701843610935,0.0234375,0.0574679841615239,0.0693316677076827,0.043103923297333,0.0261770244821092,0.0499108734402852,0.0472111969918529,0.0526315789473684,0.0362897199055391,0.0905352358402393
"Ikzf3",0.032993926076735,0.00981348948167426,0.011982732956237,0.0126176017117145,0.0158321060382916,0.0178487814666994,0.0173987450085568,0.0155974842767296,0.00491400491400491,0.005,0.00492125984251968,0.0154738878143133,0.0124758919961427,0.0176848874598071,0.0219072164948454,0.0165596540653869,0.0177950362991727,0.021505376344086,0.00972268257651088,0.0178800046554935,0.0172080017208002,0.0109803269142786,0.0203378710841397,0.0136243386243386,0.0114345114345114,0.0518883098500933,0.0126293995859213,0.0139845094664372,0.0217693376563224,0.00887198986058302,0.0125662674258787,0.0209424083769634,0.0368271954674221,0.0133502860775588,0,0.0182285163913959,0.0181136789506558,0.0219170156491073,0.0133709981167608,0.02650419333158,0.0236055984959265,0.0345001259128683,0.030580217020895,0.0428790994246786
"Il10",0.202446752286508,0.0303621774018651,0.0669842214944924,0.0492432585507064,0.0762150220913108,0.0368793061160784,0.60467769537935,0.0890566037735849,0.0515970515970516,0.075,0.030511811023622,0.0174081237911025,0.0351072806171649,0.0578778135048231,0.0592783505154639,0.0853698486536068,0.105419550903258,0.021505376344086,0.0838581372224064,0.151754539106145,0.120025812002581,0.0901717755687726,0.0918484500574053,0.0898148148148148,0.051975051975052,0.11197966930451,0.0951690821256039,0.0763769363166954,0.138721630384437,0.100760456273764,0.0647948164146868,0.138743455497382,0.084985835694051,0.0265416401780038,0.0390625,0.119573359968608,0.0530918176139913,0.116362684593344,0.0685499058380414,0.0668887525203822,0.0722790891999164,0.0554016620498615,0.127402624577766,0.254418759216566
"Il10ra",0.0491589451732747,0.0230427239210583,0.0358737719559393,0.0303011233126711,0.0526509572901325,0.0547949787063257,0.04249857387336,0.107622641509434,0.0393120393120393,0.02,0.0482283464566929,0.00580270793036751,0.0308582449373192,0.0418006430868167,0.0425257731958763,0.0329063748935334,0.043592773932129,0.021505376344086,0.0819798917246713,0.106174348230912,0.0286800028680003,0.0299463461298507,0.0308348368049861,0.05,0.0426195426195426,0.0892363121662485,0.0697722567287785,0.0457088092630261,0.0352014821676702,0.0310519645120406,0.0763793441979187,0.0586387434554974,0.0056657223796034,0.0211379529561348,0.0546875,0.0974922412870545,0.0131168019987508,0.0393294026890015,0.0389830508474576,0.0549370269717425,0.0670566116565699,0.040543943591035,0.101694915254237,0.0691112634224355
"Il10rb",0.0845662989682401,0.0433745391455216,0.0602857993450432,0.0484566250275322,0.0508100147275405,0.024894646480412,0.0519110096976612,0.0883522012578616,0.00491400491400491,0.0225,0.0196850393700787,0.011605415860735,0.0258558341369335,0.0273311897106109,0.0695876288659794,0.0522014020834698,0.0452811075468513,0.0537634408602151,0.0803226162854933,0.101809823091248,0.0673263067326307,0.0435885704778938,0.0772511071018534,0.0621693121693122,0.0249480249480249,0.0857942482146304,0.106142167011732,0.049092473791269,0.0669291338582677,0.0633713561470216,0.0730414294129197,0.037696335078534,0.0254957507082153,0.0387794024157661,0.109375,0.100274676274391,0.0468457214241099,0.0753251046947322,0.0470809792843691,0.0440080652231086,0.0541048673490704,0.0564089649962226,0.0583206289420979,0.11731779757825
"Il11",0.12166070903226,0.0260789416612448,0.0418279249776719,0.042604071615116,0.0509327442317133,0.0272692813663627,0.0536223616657159,0.0597232704402516,0.00737100737100737,0.0075,0.00885826771653543,0.0135396518375242,0.0400494214079074,0.022508038585209,0.0231958762886598,0.050661730983424,0.0490292081715347,0.0268817204301075,0.042094796155121,0.0772811918063315,0.0635979063597906,0.0457097699954249,0.0331310480564212,0.0417989417989418,0.0187110187110187,0.0620536575950589,0.0497584541062802,0.0454545454545455,0.0502547475683187,0.0538656527249683,0.0337718437070489,0.0287958115183246,0.0113314447592068,0.0192307692307692,0.015625,0.0615702921556737,0.0462211118051218,0.0817445448534274,0.0365348399246704,0.0442418398059671,0.0390641320242323,0.0365147318055905,0.096045197740113,0.150694747336283
"Il11ra1/2",0.138447960302108,0.0449468661895467,0.0551503423637988,0.0807085994776753,0.0844378988708886,0.069589065531004,0.0715915573302909,0.0807044025157233,0.0638820638820639,0.035,0.0482283464566929,0.0270793036750484,0.227760366441659,0.0498392282958199,0.0515463917525773,0.0640110070104173,0.0831335471889245,0.0483870967741935,0.0628659816594851,0.0962232309124767,0.0866136086613609,0.0598926922597014,0.0706905035263244,0.0843915343915344,0.0353430353430353,0.0881104033970276,0.0808833678398896,0.0803669222343921,0.0789717461787865,0.064638783269962,0.0624386412723346,0.0696335078534031,0.0396600566572238,0.0670692943420216,0.03125,0.090750187279278,0.0487195502810743,0.100520718536478,0.0519774011299435,0.0869933666462114,0.0693545017756424,0.0740367665575422,0.102681373867815,0.176314204415644
"Il12a",0.0530459436450309,0.0156148340923878,0.0364691872581125,0.0238821937635694,0.0418507609229259,0.0193649802671186,0.0288077581289218,0.0265157232704403,0.0122850122850123,0.005,0.00885826771653543,0.011605415860735,0.0226012536162006,0.0128617363344051,0.0141752577319588,0.0240450763283758,0.0340368056728009,0.021505376344086,0.0211026405921998,0.0310754189944134,0.0390765039076504,0.0203801522272595,0.0164015089388224,0.023015873015873,0.0124740124740125,0.0348388342018915,0.0258109040717736,0.0221796276013143,0.0247799907364521,0.0164765525982256,0.024936186923228,0.0157068062827225,0.0113314447592068,0.0141449459631278,0.0859375,0.0334248920914636,0.0118675827607745,0.0373043861582544,0.0291902071563089,0.0297185938458841,0.0321704616670148,0.0163686728783682,0.0405344812124473,0.0684258624628741
"Il12b",0.0294271558782716,0.0148557796573411,0.0189044358440012,0.0219313426260974,0.0357142857142857,0.0216169814265647,0.0125499144324016,0.0315471698113208,0.0221130221130221,0.0025,0.00885826771653543,0.00580270793036751,0.0274228543876567,0.0176848874598071,0.0154639175257732,0.0156751621568499,0.0232652372108729,0.00537634408602151,0.0205502154458071,0.0395135009310987,0.0210798021079802,0.0126440128103814,0.019025750369034,0.0394179894179894,0.0249480249480249,0.0212635913272856,0.0217391304347826,0.018854639336567,0.0169059749884206,0.0183776932826362,0.0235617514235225,0.0151832460732984,0.0113314447592068,0.0166878575969485,0.0078125,0.0346734206114222,0.0131168019987508,0.0288737050914701,0.0129943502824859,0.0257152041144327,0.0242322958011281,0.0259380508687988,0.0279795534032822,0.0383305294203169
"Il12rb1",0.156864991239283,0.0217957059206246,0.0337153914855612,0.0549070199175608,0.0564555719194894,0.0341590670917969,0.0727324586423274,0.0677735849056604,0.00491400491400491,0.0275,0.0177165354330709,0.00483558994197292,0.0336306653809065,0.0401929260450161,0.0335051546391753,0.0624221974710083,0.0719230119871687,0.032258064516129,0.0524803889073031,0.0811074255121043,0.0855381085538109,0.0539450151811338,0.0475643759225849,0.0616402116402116,0.0353430353430353,0.117866563726436,0.053968253968254,0.0500508527616961,0.0609078276980083,0.0614702154626109,0.0392695857058708,0.0382198952879581,0.0113314447592068,0.027177368086459,0.046875,0.0742696108158242,0.033104309806371,0.111582543530968,0.0297551789077213,0.0368194968002104,0.0367662419051598,0.0498614958448753,0.0961348757958927,0.201082102727065
"Il12rb2",0.0483752971223715,0.0264584688787682,0.0207651086632926,0.0240080551272773,0.0417280314187531,0.0221075163325827,0.0242441528807758,0.0394968553459119,0.127764127764128,0.0475,0.015748031496063,0.0154738878143133,0.0264283992285439,0.00482315112540193,0.0141752577319588,0.0272063159274061,0.0334627722437954,0.043010752688172,0.0251905866755055,0.0338541666666667,0.0320499032049903,0.0278667387597222,0.0186977201902575,0.042989417989418,0.0145530145530146,0.0546548285401789,0.0276742581090407,0.0236660929432014,0.031032885595183,0.026615969581749,0.0245434910661693,0.0659685863874346,0.0028328611898017,0.019389701207883,0.0078125,0.0385260229015803,0.0168644597126796,0.0365605025347146,0.0291902071563089,0.0299523684287426,0.0210988092751201,0.040543943591035,0.074821391205572,0.0624545662242715
"Il13ra1",0.0448788209351186,0.0339405768813706,0.0222536469187258,0.0267455397879236,0.0342415316642121,0.0206136145733461,0.0356531660011409,0.0277232704402516,0.0171990171990172,0.0325,0.0187007874015748,0.00773694390715667,0.0253736740597879,0.00643086816720257,0.00902061855670103,0.0321365393435104,0.0274860712476785,0.010752688172043,0.0363495746326373,0.0368074953445065,0.0588657058865706,0.0418832924343884,0.0191897654584222,0.030026455026455,0.00831600831600832,0.0183040597053336,0.0274672187715666,0.027460491315913,0.016211208893006,0.0202788339670469,0.0237580993520518,0.0204188481675393,0.0141643059490085,0.0155753337571519,0.015625,0.0265401491099775,0.0162398500936914,0.0320558739255014,0.0256120527306968,0.0227053563601297,0.0384374347190307,0.0141022412490557,0.0261262069171674,0.0683323986956612
"Il15",0.0762351568988365,0.0388202125352418,0.0186811551056862,0.0366256568389918,0.0366961217476681,0.0259314588954046,0.0293782087849401,0.0421635220125786,0.0221130221130221,0.0175,0.00688976377952756,0.0145067698259188,0.0302856798457088,0.0144694533762058,0.0193298969072165,0.0360348555329883,0.0424447070741178,0.010752688172043,0.0334769638713954,0.0420449255121043,0.0481107048110705,0.0495778397038639,0.0378874856486797,0.0342592592592593,0.0322245322245322,0.0304317055909413,0.0369220151828848,0.0337584102644344,0.0257063455303381,0.0361216730038023,0.034360887492637,0.0261780104712042,0.0141643059490085,0.0328989192625556,0.03125,0.0428423643562944,0.0162398500936914,0.0661918668723826,0.0312617702448211,0.029893924783028,0.0137873407144349,0.0151095441954168,0.044241174184677,0.102259746193948
"Il15ra",0.580329132181379,0.0771524615050965,0.10144388210777,0.163021931342626,0.280068728522337,0.0892773528952708,0.173702224757558,0.189433962264151,0.0565110565110565,0.065,0.0561023622047244,0.0735009671179884,0.105532786885246,0.0819935691318328,0.0579896907216495,0.189772652820546,0.222454837075806,0.0645161290322581,0.17467683128936,0.299799231843575,0.326378432637843,0.226801979786216,0.12005904543218,0.19510582010582,0.112266112266112,0.24274593064402,0.213112491373361,0.204369425754968,0.129689671144048,0.128010139416984,0.100137443549971,0.184293193717277,0.192634560906516,0.0886840432294978,0.015625,0.257517925302322,0.0787008119925047,0.362657042098303,0.140489642184557,0.194208234709681,0.203258825987048,0.131453034500126,0.264819298717604,0.725330757887304
"Il16",0.0448944418264988,0.0208197787898504,0.0422744864543019,0.0342972216103961,0.0644329896907216,0.0253071417422908,0.0236737022247576,0.0635974842767296,0.0221130221130221,0.01,0.0118110236220472,0.0154738878143133,0.0343539054966249,0.0482315112540193,0.0798969072164948,0.0298434121732294,0.0378862063143677,0.00537634408602151,0.0363495746326373,0.0812092644320298,0.0237327023732702,0.03252505926881,0.0595374774479252,0.0349206349206349,0.0374220374220374,0.0678118767290742,0.0438233264320221,0.0337388515099359,0.0741083835108847,0.0602027883396705,0.0439819359905753,0.037696335078534,0.0368271954674221,0.0187539732994278,0.0859375,0.06517318874184,0.0680824484697064,0.0403074718977298,0.0374764595103578,0.0482160077145612,0.0459578023814498,0.0518761017375976,0.0698890981376857,0.0600141234137122
"Il17a",0.0466023259507265,0.0118737800910865,0.0260494194700804,0.0177779176237375,0.0297005400098184,0.012954580927111,0.0407872219053052,0.0233459119496855,0.00737100737100737,0.0025,0.00885826771653543,0.0261121856866538,0.0125964320154291,0.022508038585209,0.0141752577319588,0.0220631592740615,0.0371095728515955,0.0161290322580645,0.0190034250359076,0.0294750931098696,0.0394350039435004,0.0158050160129767,0.0145973429555519,0.0232804232804233,0.00831600831600832,0.028372900984366,0.0207729468599034,0.0229033015177594,0.0289485873089393,0.0228136882129278,0.0133516591399961,0.0120418848167539,0.028328611898017,0.00715193897012079,0.015625,0.0251489316163094,0.0181136789506558,0.0359405995150981,0.0148775894538606,0.0268840770287251,0.0188009191560476,0.0178796272979098,0.0462439840970914,0.0622260992377511
"Il17b",0.0394687855537997,0.026566905226632,0.0221792200059542,0.0331644693370253,0.0337506136475209,0.0273027269281366,0.0279520821448945,0.0302893081761006,0.0393120393120393,0.005,0.0137795275590551,0.0164410058027079,0.0312801350048216,0.0112540192926045,0.0103092783505155,0.0191312323920592,0.0295796049299342,0,0.0164622693625014,0.0388151769087523,0.0251667025166703,0.0174687019090796,0.0488764966376907,0.023015873015873,0.00727650727650728,0.0284694074502992,0.0244996549344375,0.0215733062118604,0.0185270958777212,0.023447401774398,0.0263106224229334,0.0335078534031414,0.0084985835694051,0.0206611570247934,0,0.0314629187029572,0.0368519675202998,0.0302788186026008,0.0214689265536723,0.0390403553373659,0.0261123877167328,0.0277008310249307,0.0313574268376528,0.0499096516916942
"Il17d",0.0886719899193181,0.03762741270874,0.0489729086037511,0.0474811994587961,0.0628375061364752,0.0373140984191398,0.0521962350256703,0.0581132075471698,0.0294840294840295,0.0225,0.047244094488189,0.0357833655705996,0.0537005785920926,0.0385852090032154,0.0347938144329897,0.0496462032365852,0.0611514435252406,0.021505376344086,0.0519279637609104,0.0798417132216015,0.0618054061805406,0.0422576217610115,0.0687223224536657,0.0485449735449735,0.0280665280665281,0.0814192884256578,0.0502415458937198,0.0505202628696605,0.0463177396943029,0.0405576679340938,0.0500687217749853,0.037696335078534,0.0311614730878187,0.0373490146217419,0.0546875,0.0758391895266293,0.0643347907557776,0.0691260744985673,0.0435028248587571,0.0552000233774583,0.0536870691456027,0.0438176781667086,0.0822945625205512,0.115791222713772
"Il17ra",0.106339218070247,0.0433203209715897,0.0516522774635308,0.0393002108177842,0.0632056946489936,0.0233004080358536,0.0407872219053052,0.0708427672955975,0.0319410319410319,0.0075,0.0285433070866142,0.00967117988394584,0.0532485535197686,0.0610932475884244,0.0644329896907216,0.0544617702941755,0.0509539084923181,0.032258064516129,0.0731410893823887,0.095772229981378,0.0825267082526708,0.0513663020421744,0.0508446777103494,0.0576719576719577,0.0135135135135135,0.0622466705269253,0.0685300207039337,0.0523196682835237,0.0745715609078277,0.055766793409379,0.057137247202042,0.0706806282722513,0.0396600566572238,0.0265416401780038,0.015625,0.0637819712481718,0.0412242348532167,0.0893211373154067,0.0608286252354049,0.0533006048917331,0.045540004177982,0.0790732812893478,0.0952679879233552,0.147008120962884
"Il17rb",0.0368028200915905,0.0208739969637823,0.020467401012206,0.0212076397847771,0.0301914580265096,0.0149390175923655,0.0239589275527667,0.0238490566037736,0.0393120393120393,0.03,0.0246062992125984,0.00773694390715667,0.0174783027965284,0.00803858520900321,0.0103092783505155,0.0211295289261613,0.0203275367212561,0.00537634408602151,0.0176776046845652,0.0337814245810056,0.0233025023302502,0.0181341762675207,0.0326390027882565,0.0243386243386243,0.0114345114345114,0.0381843916875764,0.0245686680469289,0.0206149272414333,0.0217693376563224,0.0291508238276299,0.0196347928529354,0.00680628272251309,0.0084985835694051,0.0150985378258106,0.0078125,0.0312132129989655,0.0231105559025609,0.0265594004849019,0.012241054613936,0.0265334151544373,0.0353039481930228,0.0158650214051876,0.0453770962245539,0.0474795937441585
"Il17re",0.0832202988276521,0.0492843201040989,0.0314825841024114,0.0371920329756773,0.0470054000981836,0.0223750808267743,0.03593839132915,0.0439245283018868,0.0147420147420147,0.0075,0.0374015748031496,0.00290135396518375,0.0307075699132112,0.0273311897106109,0.0347938144329897,0.0349865688265741,0.0448759074793179,0.0268817204301075,0.0281736824660259,0.0558659217877095,0.0447408044740805,0.0321507299421869,0.0167295391175988,0.0351851851851852,0.00831600831600832,0.0366402882326449,0.0329882677708765,0.0294359255202629,0.0402964335340435,0.0367553865652725,0.0290594934223444,0.0345549738219895,0.0396600566572238,0.0548315321042594,0.03125,0.0418792137837549,0.0393504059962523,0.0591662993167291,0.0269303201506591,0.0451477163145437,0.0495090871109254,0.0498614958448753,0.0691716736914477,0.107140631815066
"Il18",0.139163917823697,0.0890804597701149,0.0340130991366478,0.0387338346810988,0.0883652430044183,0.0342817008183014,0.0610382201939532,0.0837735849056604,0.00982800982800983,0.0375,0.0521653543307087,0.0154738878143133,0.0405617164898746,0.0305466237942122,0.0515463917525773,0.0593264757911289,0.0559176093196016,0.0268817204301075,0.0652966523036129,0.0969506517690875,0.0843909084390908,0.0617227467454145,0.0569132360177136,0.0612433862433862,0.0239085239085239,0.0649810203950331,0.0694271911663216,0.0521436394930371,0.0666975451597962,0.05893536121673,0.0490869821323385,0.0371727748691099,0.0141643059490085,0.0225683407501589,0.0234375,0.103663539399993,0.0455965021861337,0.107918227903901,0.0527306967984934,0.0366149440402092,0.0651765197409651,0.051372450264417,0.0856425432696619,0.181953185037489
"Il18r1",0.125761193019544,0.0236391238343093,0.0423489133670735,0.0286963909253957,0.0602601865488463,0.0366451871836607,0.0929834569309755,0.0649559748427673,0.0147420147420147,0.01,0.015748031496063,0.0261121856866538,0.0269708293153327,0.0273311897106109,0.0579896907216495,0.0692851995020638,0.0759074793179132,0.0376344086021505,0.0426472213015136,0.0886435055865922,0.0627375062737506,0.0455849935532171,0.0685583073642775,0.0458994708994709,0.100831600831601,0.165669433185357,0.0518288474810214,0.0506571741511501,0.0632237146827235,0.0418250950570342,0.0445709797761634,0.0617801047120419,0.0169971671388102,0.0232040686586141,0.015625,0.0677059180251846,0.0774515927545284,0.0884394974652854,0.0429378531073446,0.0587650857660501,0.0451222059745143,0.0803324099722992,0.118345140944011,0.156063721519513
"Il1a",0.0798331688800602,0.0280850140967252,0.0308871688002382,0.0254869261508448,0.0368188512518409,0.01692345425762,0.0413576725613234,0.0494591194968553,0.0196560196560197,0.005,0.00984251968503937,0.0174081237911025,0.0165139826422372,0.022508038585209,0.0231958762886598,0.0289097818253292,0.0379537396589566,0.010752688172043,0.0333664788421169,0.0586883147113594,0.0380010038001004,0.0307365969304995,0.0375594554699032,0.0308201058201058,0.0114345114345114,0.0354178729974908,0.0423050379572119,0.0289665154122985,0.0301065308012969,0.0367553865652725,0.0333791478499902,0.0282722513089005,0.0141643059490085,0.014780673871583,0.0078125,0.047301394784718,0.0299812617114304,0.0549096319153626,0.0367231638418079,0.0341018672744806,0.0434510131606434,0.0357592545958197,0.0547932920814277,0.0978669491349409
"Il1b",0.0913926285013577,0.020440251572327,0.0290264959809467,0.0255813221736258,0.109229258713795,0.0158531962808535,0.0405019965772961,0.0808050314465409,0.0196560196560197,0.0075,0.0177165354330709,0.0135396518375242,0.0162427675988428,0.0144694533762058,0.0309278350515464,0.0329555133328965,0.046395407732568,0.0161290322580645,0.0606562810739145,0.0817766527001862,0.0557109055710906,0.0358524310610157,0.0472363457438084,0.0288359788359788,0.0228690228690229,0.0270861481052564,0.0616287094547964,0.0442810201846346,0.0282538212135248,0.0316856780735108,0.0494796779893972,0.0130890052356021,0.0651558073654391,0.00969485060394151,0.0234375,0.061784325616238,0.0256089943785134,0.0572514877672471,0.141996233521657,0.0445340580345402,0.0190098182577815,0.0256862251322085,0.0672286491495531,0.118158971483166
"Il1r1",0.0622492521498252,0.0395250487963565,0.0302173265852932,0.0460337937761556,0.0444280805105547,0.0324310464001427,0.0439247005134056,0.0381383647798742,0.0122850122850123,0.0175,0.031496062992126,0.0164410058027079,0.0467092574734812,0.00482315112540193,0.0077319587628866,0.0409486994693049,0.0538578423096404,0.0161290322580645,0.0310462932272677,0.0478642923649907,0.0483975048397505,0.0372249719253005,0.0428079383303264,0.0333333333333333,0.0187110187110187,0.0331660554590491,0.0376811594202899,0.0464716006884682,0.0171375636868921,0.0158428390367554,0.0378951502061653,0.0287958115183246,0.0141643059490085,0.0332167832167832,0.03125,0.0506189134234652,0.0149906308557152,0.0598688560722945,0.0338983050847458,0.0397416790859414,0.0309170670566117,0.0254343993956182,0.0647176635877201,0.0848754854923464
"Il1r2",0.0482216916904668,0.0330730860984602,0.0285055075915451,0.0245429659230358,0.0493372606774669,0.0198443666525452,0.0302338847689675,0.0391446540880503,0.0122850122850123,0.0075,0.0226377952755906,0.011605415860735,0.0252531340405014,0.0128617363344051,0.0180412371134021,0.0258795780646007,0.03896673982779,0.0268817204301075,0.0223179759142636,0.036909334264432,0.0306159030615903,0.0268685272220605,0.0267344595702805,0.0310846560846561,0.0249480249480249,0.032812198417294,0.0256038647342995,0.0263847598184948,0.0270958777211672,0.0228136882129278,0.0286667975652857,0.0445026178010471,0,0.0166878575969485,0.0234375,0.0303570791567082,0.0274828232354778,0.0350865109102931,0.0519774011299435,0.0368194968002104,0.0210988092751201,0.0221606648199446,0.0405344812124473,0.0606476000581552
"Il1rap",0.0995857860302368,0.0296573411407504,0.0304406073236082,0.0246058966048897,0.0494599901816397,0.0194207228700751,0.0439247005134056,0.035874213836478,0.0147420147420147,0.0075,0.0127952755905512,0.0154738878143133,0.0302254098360656,0.00964630225080386,0.0257731958762887,0.0450108104566599,0.0356913726152288,0.021505376344086,0.0344713291349022,0.0435579608938547,0.0729906072990607,0.0376824855467288,0.0152534033131048,0.0191798941798942,0.0124740124740125,0.0356108859293573,0.0343685300207039,0.036066343295259,0.0247799907364521,0.0221799746514575,0.028274101708227,0.0104712041884817,0.056657223796034,0.0232040686586141,0.0390625,0.0330324974137624,0.018738288569644,0.05752700022041,0.0531073446327684,0.0387481371087928,0.0336327553791519,0.0312263913371947,0.0469614085433294,0.132801628346522
"Il1rl1",0.108028877821198,0.0174582520060724,0.0245608812146472,0.0211132437619962,0.0366961217476681,0.01878525719637,0.125784369652025,0.0349685534591195,0.0294840294840295,0.025,0.00393700787401575,0.0183752417794971,0.0246202989392478,0.0176848874598071,0.0154639175257732,0.0340038000393107,0.03957453992909,0,0.025301071704784,0.0524324953445065,0.0584355058435506,0.0356860624714054,0.035919304576021,0.0268518518518519,0.027027027027027,0.0554268802676446,0.0383712905452036,0.0405648568299171,0.0282538212135248,0.0082382762991128,0.0357353229923424,0.043979057591623,0.0198300283286119,0.00969485060394151,0.0234375,0.0382049727107338,0.0499687695190506,0.0630372492836676,0.0342749529190207,0.0371409368516408,0.0413620221433048,0.0365147318055905,0.0726093324963381,0.132012378756724
"Il1rn",0.0602263467160981,0.0570917371502928,0.0374367371241441,0.032440766495705,0.0735149729995091,0.0507257686904948,0.0316600114090131,0.0607295597484277,0.0393120393120393,0.01,0.0127952755905512,0.011605415860735,0.0341128254580521,0.0498392282958199,0.0206185567010309,0.0355926095787198,0.0658450109741685,0.010752688172043,0.0524803889073031,0.0805254888268156,0.0400086040008604,0.0403859751278959,0.0396916516319501,0.0793650793650794,0.0124740124740125,0.0444573119732355,0.0832298136645963,0.0368486934751995,0.0416859657248726,0.0278833967046895,0.0551737679167485,0.0507853403141361,0.0141643059490085,0.0185950413223141,0,0.0639246602218814,0.0337289194253592,0.0530774741018294,0.106779661016949,0.0576546564974723,0.0470022978901191,0.0312263913371947,0.0784981914925418,0.0795480507612105
"Il2",0.0667793106500634,0.0249945781826068,0.0256028579934504,0.0237877977407885,0.0424644084437899,0.0201007826261455,0.0242441528807758,0.0317987421383648,0.0122850122850123,0.02,0.0108267716535433,0.0203094777562863,0.0230532786885246,0.0289389067524116,0.0128865979381443,0.0359201991744742,0.0344082390680398,0.00537634408602151,0.0298309579052038,0.0516759776536313,0.0404388040438804,0.0255375785051782,0.0355912743972445,0.0277777777777778,0.0135135135135135,0.0347101589139806,0.0385093167701863,0.0288491628853075,0.0254747568318666,0.0285171102661597,0.0263106224229334,0.0701570680628272,0.0056657223796034,0.0227272727272727,0,0.0438055149288339,0.0124921923797626,0.0429937183160679,0.0209039548022599,0.0411151047602349,0.015249634426572,0.0302190883908335,0.0489642184557439,0.0844497061083764
"Il20",0.11858599691227,0.0242355237475602,0.0331199761833879,0.0279412227431484,0.0387825233186058,0.0223081897032264,0.0907016543069025,0.0360251572327044,0.0319410319410319,0.02,0.0177165354330709,0.0164410058027079,0.022721793635487,0.0257234726688103,0.0128865979381443,0.0404245561160977,0.0336991389498565,0.010752688172043,0.0276212573196332,0.0482134543761639,0.0691905069190507,0.0380152227259493,0.0300147613580449,0.0362433862433862,0.0239085239085239,0.0357395612172682,0.0375431331953071,0.0273235800344234,0.0370541917554423,0.0240811153358682,0.0261142744944041,0.0424083769633508,0.0368271954674221,0.013191354100445,0.0078125,0.0370277886776299,0.0356027482823235,0.0690158695173022,0.0384180790960452,0.0456152654802607,0.0277835805306037,0.0375220347519516,0.0536872627268107,0.146063098427732
"Il20ra",0.0620227492248133,0.022121014964216,0.0282822268532301,0.0256127875145527,0.0432007854688267,0.0224085263885482,0.0353679406731318,0.0345157232704403,0.00491400491400491,0.005,0.0452755905511811,0.0183752417794971,0.0280556894889103,0.0546623794212219,0.0167525773195876,0.0349865688265741,0.044808374134729,0,0.0241962214119987,0.0449255121042831,0.0399369039936904,0.0271180801064759,0.0611776283418074,0.035978835978836,0.0207900207900208,0.0389564434150421,0.0336093857832988,0.0279690189328744,0.0291801760074108,0.0114068441064639,0.0300412330649912,0.0193717277486911,0.0141643059490085,0.0184361093452003,0.0078125,0.0417008525666179,0.023735165521549,0.0422222834472118,0.0338983050847458,0.0436866251716782,0.0298725715479423,0.0239234449760766,0.0716527665680208,0.0798180571998255
"Il22ra1",0.0388569673080778,0.0279765777488614,0.0142155403393867,0.0179352443283723,0.0251595483554246,0.0145822649334433,0.0128351397604107,0.0207295597484277,0.0122850122850123,0,0.015748031496063,0.00580270793036751,0.0123854869816779,0.00482315112540193,0.0154639175257732,0.0151018803642796,0.0216782036130339,0,0.0142525687769307,0.0231610800744879,0.0202911020291102,0.0136422243480431,0.0157454485812695,0.0259259259259259,0.0124740124740125,0.0215209419031075,0.0143547273982057,0.0139845094664372,0.0136637332098194,0.0342205323193916,0.012762615354408,0.00942408376963351,0.0056657223796034,0.0101716465352829,0,0.0208325901615953,0.0106183635227983,0.0263389905223716,0.00998116760828625,0.0222378071944128,0.0254856904115312,0.0246789221858474,0.028069231459062,0.048341537375122
"Il23a",0.154753567421069,0.0287898503578399,0.0500148853825543,0.0488971398005097,0.0584192439862543,0.0264442908426052,0.0727324586423274,0.061937106918239,0.0614250614250614,0.0475,0.030511811023622,0.0338491295938104,0.0351072806171649,0.0369774919614148,0.0335051546391753,0.060849767411387,0.0616579436096573,0.021505376344086,0.053916694287924,0.0843808193668529,0.108123610812361,0.058187414216196,0.0493685419058553,0.0514550264550265,0.0415800415800416,0.0672971755774304,0.0636991028295376,0.0536887810984197,0.0609078276980083,0.0430925221799747,0.044374631847634,0.0554973821989529,0.0453257790368272,0.0239987285441831,0.0546875,0.069846252630828,0.0537164272329794,0.0990329512893983,0.052165725047081,0.0521901756231554,0.054731564654272,0.0541425333669101,0.0866290018832392,0.1986831993686
"Il24",0.314388663398429,0.0374105400130124,0.0721941053885085,0.0384191812718291,0.0516691212567501,0.0274365091752324,0.29749001711352,0.0437735849056604,0.0319410319410319,0.0925,0.0324803149606299,0.104448742746615,0.030797974927676,0.0192926045016077,0.0347938144329897,0.225365262399266,0.0716866452811075,0.0483870967741935,0.15512098110706,0.054891177839851,0.266437226643723,0.219356985401156,0.0349352140396917,0.0412698412698413,0.0415800415800416,0.0469986489094769,0.088543823326432,0.0863127836019402,0.0345067160722557,0.0190114068441065,0.0428038484193992,0.0471204188481675,0.0198300283286119,0.0205022250476796,0.046875,0.0457318160739129,0.0412242348532167,0.180309124972449,0.0964218455743879,0.0458782618859764,0.0484645916022561,0.040543943591035,0.0807401428870355,0.507944420213097
"Il27ra",0.0833166276578296,0.0206029060941227,0.026793688597797,0.0352097164972782,0.0474963181148748,0.031494570670472,0.0456360524814604,0.0432704402515723,0.0221130221130221,0.0175,0.0108267716535433,0.0154738878143133,0.0316417550626808,0.0160771704180064,0.0657216494845361,0.0415219812618751,0.0395070065845011,0.0268817204301075,0.0228704010606563,0.0545565642458101,0.0510504051050405,0.0291560953292018,0.0495325569952436,0.0255291005291005,0.0405405405405405,0.0960239336035514,0.0363699102829538,0.0310593021436395,0.0433070866141732,0.0285171102661597,0.0322010602788141,0.043979057591623,0.0651558073654391,0.0189129052765416,0.0234375,0.0408447187243606,0.0712054965646471,0.0483662111527441,0.0274952919020716,0.0335174308173344,0.0386463338207646,0.0745404180307227,0.0532986578184318,0.103640932976094
"Il2ra",0.0181540792656098,0.0122533073086098,0.00974992557308723,0.0124602750070797,0.024914089347079,0.0150727998394613,0.0151169423844837,0.0161509433962264,0.0515970515970516,0.0225,0.0246062992125984,0.00773694390715667,0.0157304725168756,0.0112540192926045,0.0128865979381443,0.0115802922099194,0.0144859024143171,0.00537634408602151,0.00950171251795382,0.0144902234636872,0.0129777012977701,0.0104396289980452,0.0149253731343284,0.0133597883597884,0.0207900207900208,0.0167599562504021,0.0140786749482402,0.0119503989985918,0.0120426123205188,0.0114068441064639,0.0131553112114667,0.0209424083769634,0.0084985835694051,0.0138270820089002,0.015625,0.0143402418578104,0.0368519675202998,0.0138307251487767,0.00809792843691149,0.0181467519943894,0.00689367035721746,0.00931755225384034,0.0176067916180911,0.0237605665981266
"Il2rb",0.11218663841021,0.0159943613099111,0.0225513545698124,0.0333532613825871,0.0362052037309769,0.0377377422016098,0.0881346263548203,0.0411572327044025,0,0.015,0.00590551181102362,0.0212765957446809,0.0230834136933462,0.0176848874598071,0.029639175257732,0.0672869029679617,0.0453824075637346,0,0.0317092034029389,0.0616707402234637,0.0549939054993906,0.0341471530175103,0.0313268820731507,0.0235449735449735,0.112266112266112,0.204272019558644,0.0381642512077295,0.0523392270380222,0.0616025937934229,0.05893536121673,0.0245434910661693,0.116230366492147,0.0056657223796034,0.0128734901462174,0.0078125,0.0478008061927015,0.0949406620861961,0.0575958783337007,0.0286252354048964,0.0371701586744981,0.0538959682473365,0.0831024930747922,0.0984366125609063,0.145128460755603
"Il2rg",0.0423534434953307,0.0180004337453915,0.023742185174159,0.0424467449104811,0.0312960235640648,0.0297999955405918,0.0402167712492869,0.0506163522012579,0.0196560196560197,0.01,0.0127952755905512,0.0106382978723404,0.0201904532304725,0.0289389067524116,0.0657216494845361,0.02933564829981,0.0368056728009455,0,0.0341398740470666,0.05724802141527,0.0283215028321503,0.0249552884415422,0.0237821879612924,0.0242063492063492,0.0280665280665281,0.0762401080872418,0.0575569358178054,0.0345407604443749,0.0412227883279296,0.041191381495564,0.037698802277636,0.0361256544502618,0.0793201133144476,0.0184361093452003,0.0625,0.0542218100096315,0.0368519675202998,0.0316012783777827,0.0222222222222222,0.0446217235031121,0.0396908293294339,0.051372450264417,0.0478880817863869,0.0590275614264648
"Il33",0.0469017263688457,0.0545977011494253,0.012206013694552,0.0168024920550014,0.0192685321551301,0.0186960690316395,0.0191100969766115,0.0189182389937107,0.0368550368550369,0.0025,0.00984251968503937,0.00773694390715667,0.0430930568948891,0.00643086816720257,0.00515463917525773,0.0177389766101029,0.026304237717373,0.010752688172043,0.0141420837476522,0.0214589152700186,0.0312612031261203,0.0154722788337562,0.0150893882237166,0.0220899470899471,0.0114345114345114,0.0200411760921315,0.0158730158730159,0.0185221405100923,0.0180639184807781,0.0133079847908745,0.0164932259964657,0.0219895287958115,0.0056657223796034,0.00890019071837254,0.015625,0.0237933863660686,0.0118675827607745,0.0235838659907428,0.0150659133709981,0.0301569211887438,0.0139962398161688,0.00906572651725006,0.0288165485905599,0.0586433214945895
"Il34",0.113962213063751,0.0645738451528953,0.0234444775230723,0.0396777949089078,0.031786941580756,0.0238801311066022,0.0476326297775242,0.0296352201257862,0,0.015,0.0433070866141732,0.011605415860735,0.0312198649951784,0.0257234726688103,0.0141752577319588,0.0369684858808884,0.030626371771062,0.0161290322580645,0.0289470776709756,0.0365310754189944,0.0733491073349107,0.0470407187123071,0.0144333278661637,0.037037037037037,0.00935550935550936,0.0386990928392202,0.0248447204968944,0.0338757627914254,0.0287169986104678,0.014575411913815,0.018849401138818,0.0366492146596859,0.0028328611898017,0.0239987285441831,0.0234375,0.0316769521635216,0.0349781386633354,0.0652275732863125,0.023728813559322,0.0492679933374244,0.0252767913097974,0.0287081339712919,0.0425073984396018,0.147215818223358
"Il36g",0.053186531667452,0.216167859466493,0.0258261387317654,0.0241653818319121,0.0576828669612175,0.0176146625342817,0.0262407301768397,0.0350691823899371,0.0221130221130221,0.01,0.0265748031496063,0.011605415860735,0.0246202989392478,0.00964630225080386,0.0257731958762887,0.0269933826901658,0.04018234003039,0.0268817204301075,0.0311567782565462,0.0435143156424581,0.0375708037570804,0.0247473277045294,0.0326390027882565,0.0346560846560847,0.025987525987526,0.0330695489931159,0.0315389924085576,0.0253090283210765,0.0257063455303381,0.0285171102661597,0.0223836638523464,0.0167539267015707,0.0113314447592068,0.0149396058486968,0.0078125,0.0385973673884351,0.0287320424734541,0.0401146131805158,0.0389830508474576,0.0372870459659274,0.0292458742427408,0.0309745656006044,0.0446297790930559,0.0701809043138721
"Il3ra",0.0357666342967084,0.019898069833008,0.023295623697529,0.0398036562726157,0.0438144329896907,0.023278110994671,0.0193953223046207,0.041811320754717,0.0171990171990172,0.015,0.00885826771653543,0.0145067698259188,0.0371263259402122,0.00964630225080386,0.0399484536082474,0.0272390748869816,0.0344082390680398,0.0161290322580645,0.0317092034029389,0.0424231843575419,0.0263139026313903,0.0174687019090796,0.0372314252911268,0.0236772486772487,0.0218295218295218,0.0551695296918227,0.0329882677708765,0.0307854795806603,0.0303381194997684,0.0291508238276299,0.0347535833496957,0.0230366492146597,0.0396600566572238,0.0267005721551176,0.0234375,0.0468019833767346,0.0149906308557152,0.0255262287855411,0.0308851224105461,0.0388358025773648,0.0154585335283058,0.0352556031226391,0.0615490389501689,0.0486946227179264
"Il4ra",0.102525117091598,0.069128171763175,0.0538850848466806,0.0537742676441899,0.0568237604320079,0.0257307855247609,0.0752994865944096,0.0921761006289308,0.0196560196560197,0.0175,0.00885826771653543,0.0203094777562863,0.0535499035679846,0.0643086816720257,0.0528350515463918,0.0608006289720238,0.144960324160054,0.010752688172043,0.222848304054801,0.161589269087523,0.098229009822901,0.0696668468993054,0.0518287682466787,0.0760582010582011,0.0280665280665281,0.0645628257093225,0.423464458247067,0.090341887028634,0.0521074571560908,0.0525982256020279,0.177302179462007,0.0460732984293194,0.056657223796034,0.0200254291163382,0.0234375,0.279813077444441,0.0512179887570269,0.0918971787524796,0.114877589453861,0.0606352824289179,0.0846041362022143,0.0611936539914379,0.10797237915882,0.156094876108584
"Il6",0.0891223922874452,0.0216330513988289,0.0258261387317654,0.042604071615116,0.0425871379479627,0.0209926642734509,0.0293782087849401,0.0429182389937107,0.027027027027027,0.0025,0.0206692913385827,0.00773694390715667,0.0374578109932498,0.0192926045016077,0.0231958762886598,0.0334305182467405,0.0453148742191457,0.032258064516129,0.030272898022318,0.0535090782122905,0.0454578045457805,0.0378072619889365,0.0277185501066098,0.0588624338624339,0.0218295218295218,0.0419481438589719,0.0563146997929607,0.0341691441089031,0.0284854099119963,0.0202788339670469,0.024936186923228,0.0209424083769634,0.0538243626062323,0.019389701207883,0.015625,0.0497627795812079,0.0124921923797626,0.0599515098082433,0.0331450094161959,0.0584436457146197,0.0296636724462085,0.0193905817174515,0.0565270678265029,0.109331837913058
"Il6ra",0.118906225185563,0.0419648666232921,0.0333432569217029,0.0304899153582329,0.0308051055473736,0.0210595553969988,0.053907586993725,0.044377358490566,0.00245700245700246,0.0125,0.0226377952755906,0.0135396518375242,0.0291405496624879,0.0112540192926045,0.0412371134020619,0.0401788639192819,0.0392031065338511,0.010752688172043,0.042315766213678,0.051923300744879,0.0738510073851007,0.0466247972382814,0.0260783992127276,0.0293650793650794,0.0197505197505198,0.0346779900920028,0.0376121463077985,0.0285753403223283,0.0555812876331635,0.050063371356147,0.0412330649911643,0.0282722513089005,0.0651558073654391,0.0158931977113795,0.015625,0.0370991331644847,0.0599625234228607,0.0616872382631695,0.0299435028248588,0.02150726162298,0.0279924796323376,0.0292117854444724,0.0454966669655935,0.147890834319895
"Il6st",0.0553916808339473,0.0356755584471915,0.0254540041679071,0.073975016519304,0.0364506627393225,0.0339249481593792,0.0430690245293782,0.0415094339622641,0.0171990171990172,0.0125,0.0364173228346457,0.0299806576402321,0.0693406460945034,0.0209003215434084,0.0167525773195876,0.0370995217191902,0.0293770048961675,0,0.0434206165064634,0.0405173417132216,0.0660357066035707,0.0360603917980285,0.0182056749220928,0.033994708994709,0.0103950103950104,0.0265714469536126,0.0400966183574879,0.0328587075575027,0.0354330708661417,0.0253485424588086,0.0335754957785195,0.0277486910994764,0.0113314447592068,0.0500635727908455,0.0078125,0.0396318624478293,0.023735165521549,0.0438478069208728,0.0346516007532957,0.0280529499430174,0.0363484437016921,0.0282044824981113,0.037066929722297,0.0790807319251459
"Il7",0.068112293381168,0.0141509433962264,0.0255284310806788,0.0250778767187942,0.04553264604811,0.0213717139735557,0.0333713633770679,0.0286289308176101,0.0294840294840295,0.005,0.0206692913385827,0.02321083172147,0.0210945033751205,0.00803858520900321,0.0373711340206186,0.0276649413614624,0.0367043727840621,0.0268817204301075,0.0266268920561264,0.0289368016759777,0.0505485050548505,0.0309445576675124,0.0268984746596687,0.0198412698412698,0.0135135135135135,0.0283407321623882,0.0282263630089717,0.0273822562979189,0.0166743862899491,0.0202788339670469,0.0223836638523464,0.0329842931937173,0.0113314447592068,0.0163699936427209,0,0.0340313202297292,0.0199875078076202,0.0455422085078246,0.0248587570621469,0.0397709009087987,0.0256945895132651,0.0176278015613196,0.0362598272202792,0.0899952229630091
"Il7r",0.0678519451914991,0.0170245066146172,0.0458469782673415,0.0236619363770806,0.0384143348060874,0.0229436553769315,0.0416428978893326,0.0455849056603774,0.0368550368550369,0.0175,0.0167322834645669,0.00870406189555126,0.0223300385728062,0.0241157556270096,0.0309278350515464,0.0426849243268034,0.0512578085429681,0.0376344086021505,0.0255220417633411,0.0480534217877095,0.0415860041586004,0.024497774820114,0.0342791536821388,0.0281746031746032,0.0166320166320166,0.0815479637135688,0.0432712215320911,0.036105460804256,0.0500231588698472,0.0386565272496831,0.0329864519929315,0.0418848167539267,0.0396600566572238,0.0165289256198347,0.015625,0.0471230335675811,0.051842598376015,0.0378967379325546,0.0273069679849341,0.0415534321030946,0.038019636515563,0.0463359355326114,0.059725585149314,0.0900056078260328
"Inha",0.0754176635832763,0.0299284320104099,0.026123846382852,0.0390799534312954,0.0537555228276878,0.0326205712501951,0.0499144324015973,0.0373836477987421,0.00982800982800983,0.025,0.0285433070866142,0.0328820116054159,0.0431231918997107,0.0241157556270096,0.0283505154639175,0.0333322413680142,0.0462941077156846,0.043010752688172,0.0299414429344824,0.0489117783985102,0.0479673047967305,0.0278667387597222,0.0449401344923733,0.0502645502645503,0.027027027027027,0.0488644405841858,0.0317460317460317,0.0336997340009388,0.0363594256600278,0.0228136882129278,0.028274101708227,0.0204188481675393,0.0056657223796034,0.132231404958678,0.03125,0.0374558555987586,0.0349781386633354,0.0521407317610756,0.0220338983050847,0.051868735571725,0.0353039481930228,0.0274490052883405,0.0424177203838221,0.0967557687914096
"Inhba",0.0725043673408817,0.0144220342658859,0.0187555820184579,0.0201692835341871,0.0411143838978891,0.014325848959843,0.0279520821448945,0.0295849056603774,0.00245700245700246,0.005,0.0108267716535433,0.0154738878143133,0.0219081485053038,0.0128617363344051,0.0154639175257732,0.0361495118915023,0.0390342731723789,0.010752688172043,0.0280631974367473,0.0275547020484171,0.0591525059152506,0.0346462587863411,0.0126291618828932,0.0252645502645503,0.0176715176715177,0.0262819275558129,0.0268461007591442,0.0421686746987952,0.0169059749884206,0.0120405576679341,0.0265069703514628,0.0183246073298429,0.0623229461756374,0.0116020343293071,0.03125,0.0246138479648985,0.00999375390381012,0.0417676878994931,0.0286252354048964,0.0305368048858888,0.0265301859202005,0.012591286829514,0.0343168026783846,0.0978981037240119
"Inhbb",0.0284248153480465,0.0159943613099111,0.0152575171181899,0.0330071426323904,0.0357142857142857,0.0222412985796785,0.0176839703365659,0.0207798742138365,0.00982800982800983,0.0075,0.015748031496063,0.0145067698259188,0.0270913693346191,0.0321543408360129,0.0077319587628866,0.0155441263185481,0.025628904271484,0.0161290322580645,0.0145840238647663,0.0226664338919926,0.0191439019143902,0.0177598469408976,0.0273905199278334,0.0398148148148148,0.0228690228690229,0.0173389950460014,0.0173222912353347,0.0185025817555938,0.0108846688281612,0.0139416983523447,0.0182603573532299,0.0115183246073298,0.0056657223796034,0.0203432930705658,0.03125,0.0210109513787322,0.0199875078076202,0.0230466167070752,0.0188323917137476,0.0212734870401216,0.0277835805306037,0.0133467640392848,0.0169790452276328,0.0367727999667684
"Ins1",0.0472323685697252,0.0197896334851442,0.0253051503423638,0.0256442528554797,0.0488463426607757,0.0242703293272983,0.0253850541928123,0.0303899371069182,0.027027027027027,0.01,0.0118110236220472,0.0222437137330754,0.0261873191899711,0.0321543408360129,0.0180412371134021,0.0294339251785363,0.0355900725983454,0.0376344086021505,0.0257430118218981,0.0335195530726257,0.0386463038646304,0.0281162916441376,0.0321469575200918,0.0203703703703704,0.0291060291060291,0.0294344721096313,0.0291235334713596,0.0268737286809576,0.0266327003242242,0.0171102661596958,0.0253288827802867,0.0130890052356021,0.0368271954674221,0.0260648442466624,0.015625,0.0333178753611815,0.0118675827607745,0.0419880978620234,0.0282485875706215,0.0495309897431402,0.0396908293294339,0.0138504155124654,0.0376348907422354,0.061893783620994
"Insr",0.0445013160600988,0.0191390153979614,0.0142155403393867,0.0362166074069413,0.024300441826215,0.0261655778278222,0.0142612664004564,0.0198238993710692,0.00982800982800983,0.005,0.0078740157480315,0.0106382978723404,0.023023143683703,0.00482315112540193,0.0115979381443299,0.0195898578261154,0.0197197366199561,0.00537634408602151,0.0156888741575517,0.0199749767225326,0.0361368036136804,0.0206712972590775,0.0226340823355749,0.025,0.0176715176715177,0.0153123592614038,0.0148378191856453,0.0140236269754342,0.0115794349235757,0.0082382762991128,0.0184567052817593,0.00732984293193717,0,0.0492689129052765,0.0234375,0.020440195483894,0.00811992504684572,0.0257328631254133,0.0131826741996234,0.0205137196458315,0.0158763317317736,0.0100730294636112,0.0210743431082414,0.0617276258126155
"Irf3",0.129525827842156,0.0891888961179787,0.049642750818696,0.0656367011736572,0.0434462444771723,0.055051394679926,0.0661722760981175,0.075874213836478,0.00982800982800983,0.015,0.0570866141732283,0.0319148936170213,0.0664175506268081,0.0369774919614148,0.0824742268041237,0.0612101159667169,0.0690866115144353,0.021505376344086,0.0631974367473207,0.0805836824953445,0.099304509930451,0.0677536081187872,0.0585533869115959,0.0398148148148148,0.0332640332640333,0.0829955607025671,0.0611456176673568,0.055566421530277,0.0687818434460398,0.0678073510773131,0.0498723738464559,0.0570680628272251,0.0169971671388102,0.103464717101081,0.0859375,0.0763742731780402,0.0480949406620862,0.0982890676658585,0.0408662900188324,0.0561351217088922,0.0476289951953207,0.0647192143037018,0.0868980360505784,0.180977007913266
"Irf4",0.0593724046539842,0.0170787247885491,0.0341619529621911,0.0264308863786539,0.03240058910162,0.0258645677718567,0.0370792926411865,0.0413081761006289,0.0171990171990172,0.0025,0.0118110236220472,0.00967117988394584,0.0314609450337512,0.0112540192926045,0.0502577319587629,0.0248968092773374,0.0315043052507175,0.010752688172043,0.0267373770854049,0.0469186452513966,0.0450993045099305,0.0216695087967392,0.0301787764474332,0.0593915343915344,0.0145530145530146,0.0681013961268738,0.0282953761214631,0.0265999061179784,0.0625289485873089,0.0690747782002535,0.0386805419202827,0.0759162303664921,0.0141643059490085,0.0165289256198347,0.046875,0.0346377483679949,0.028107432854466,0.035362023363456,0.0214689265536723,0.0305075830630315,0.0518069772299979,0.0224124905565349,0.0427764326069411,0.0744283132905477
"Itga1",0.0326424560206821,0.0140425070483626,0.0161506400714498,0.0359019539976716,0.0322778595974472,0.0372695043367745,0.015687393040502,0.0208301886792453,0.0245700245700246,0.0075,0.00688976377952756,0.00967117988394584,0.0266996142719383,0.0176848874598071,0.00902061855670103,0.0162156849898447,0.0188080364680061,0.021505376344086,0.0161308142746658,0.0220408519553073,0.0281064028106403,0.0151811338019382,0.0152534033131048,0.0164021164021164,0.0114345114345114,0.0235475776877051,0.014975845410628,0.0189719918635581,0.015748031496063,0.0158428390367554,0.0186530532102886,0.0109947643979058,0.0198300283286119,0.0200254291163382,0,0.0213676738130061,0.0256089943785134,0.0262150099184483,0.0175141242937853,0.0374039332573566,0.00752036766241905,0.0115839838831529,0.0256778166382686,0.0425156292188506
"Itga2",0.0408147856943877,0.0266211234005639,0.018085739803513,0.0239765897863503,0.0325233186057928,0.0194987625142144,0.0276668568168853,0.0176100628930818,0.00982800982800983,0.0325,0.00984251968503937,0.00870406189555126,0.0226012536162006,0.022508038585209,0.00515463917525773,0.0237174867326214,0.0174236029039338,0,0.015136449011159,0.0205278165735568,0.0350613035061303,0.0232084182506343,0.0173855994751517,0.0373015873015873,0.0301455301455301,0.0263140963777906,0.0210489993098689,0.0174268502581756,0.0180639184807781,0.014575411913815,0.018849401138818,0.0130890052356021,0.0056657223796034,0.0108073744437381,0.0078125,0.0204045232404666,0.0168644597126796,0.0326757769451179,0.0224105461393597,0.0292802665030245,0.0265301859202005,0.0115839838831529,0.0264550264550265,0.0558705630672731
"Itga3",0.174172938888469,0.059206245933637,0.0343852337005061,0.0379786664988515,0.0316642120765832,0.0225646056768267,0.0755847119224187,0.0316477987421384,0.0319410319410319,0.0425,0.0580708661417323,0.0396518375241779,0.0188645130183221,0.0241157556270096,0.0244845360824742,0.128644434252768,0.0440317406719568,0,0.0647442271572202,0.0321810986964618,0.246863124686312,0.123403901343426,0.0216499917992455,0.017989417989418,0.027027027027027,0.0467091295116773,0.0391994478951001,0.0639571272101393,0.0194534506716072,0.0335868187579214,0.0268996662085215,0.0267015706806283,0.0453257790368272,0.0306738715829625,0.0078125,0.0310348517818286,0.0299812617114304,0.12714899713467,0.0453860640301318,0.0285204991087344,0.0135784416127011,0.0284563082347016,0.0344662661046842,0.289249589797911
"Itga5",0.0666777748560925,0.0229885057471264,0.0253795772551355,0.0554419307133193,0.0501963672066765,0.0241253985596111,0.033656588705077,0.0482012578616352,0.0221130221130221,0.015,0.0118110236220472,0.0106382978723404,0.0444189971070395,0.00803858520900321,0.0206185567010309,0.0325132673786281,0.0428161404693567,0.010752688172043,0.0461827422384267,0.0576117318435754,0.0507636050763605,0.0338560079856923,0.0428079383303264,0.0462962962962963,0.0280665280665281,0.0370263140963778,0.0488612836438923,0.0505984978876545,0.031959240389069,0.0107731305449937,0.0469271549185156,0.018848167539267,0.0169971671388102,0.0149396058486968,0.03125,0.0506545856668926,0.0149906308557152,0.0506667401366542,0.0333333333333333,0.0378130387773589,0.0353039481930228,0.0355074288592294,0.0464532328939109,0.0939830103640933
"Itga6",0.115539923093145,0.132780307959228,0.0415302173265853,0.0752021648154558,0.0563328424153166,0.0356195232892595,0.0798630918425556,0.0509685534591195,0.0122850122850123,0.05,0.0403543307086614,0.0290135396518375,0.0430026518804243,0.0305466237942122,0.0270618556701031,0.0845344951844329,0.0677359446226574,0.0698924731182796,0.0678378079770191,0.056709729981378,0.117803111780311,0.0858046000915027,0.0452681646711497,0.0621693121693122,0.0395010395010395,0.0465161165798108,0.0605935127674258,0.0551165701768111,0.0416859657248726,0.0348542458808618,0.044374631847634,0.043979057591623,0.0651558073654391,0.11474888747616,0.0234375,0.0560410944244284,0.0680824484697064,0.10362023363456,0.0416195856873823,0.0834867479033342,0.0386463338207646,0.04507680684966,0.047140764654889,0.183209753463352
"Itga8",0.140403175206521,0.034862285838213,0.0500148853825543,0.0741952739057928,0.0864015709376534,0.0392985350843943,0.044780376497433,0.0828679245283019,0.0368550368550369,0.0325,0.0196850393700787,0.0483558994197292,0.0515308582449373,0.0273311897106109,0.0322164948453608,0.0609808032496888,0.0723619787269965,0.00537634408602151,0.0697160534747542,0.0935026769087523,0.101455510145551,0.0578130848895728,0.0782351976381827,0.0626984126984127,0.0665280665280665,0.0624718522807695,0.0547964113181504,0.0510874667501174,0.0463177396943029,0.0424588086185044,0.0541920282741017,0.0350785340314136,0.028328611898017,0.041163382072473,0.015625,0.0718795705061891,0.0337289194253592,0.0932334141503196,0.0527306967984934,0.0641419011717951,0.0992270733235847,0.0554016620498615,0.0670492930379936,0.181579329968638
"Itga9",0.0356052184191137,0.0126328345261332,0.01481095564156,0.0257386488782606,0.0332596956308297,0.0175923654930991,0.0148317170564746,0.0226918238993711,0.0147420147420147,0.005,0.00984251968503937,0.0241779497098646,0.0280556894889103,0.0160771704180064,0.0038659793814433,0.019966585861233,0.0235353705892284,0,0.0172356645674511,0.0250378258845438,0.0246648024664802,0.0145156594434971,0.0159094636706577,0.0338624338624339,0.00207900207900208,0.0183362285273113,0.0291925465838509,0.0192262556720388,0.0122742010189903,0.0152091254752852,0.0202238366385235,0.00837696335078534,0.0028328611898017,0.0170057215511761,0,0.0307851460778368,0.0118675827607745,0.0251267357284549,0.0163841807909605,0.0296309283773122,0.00981825778149154,0.0271971795517502,0.0346157295309838,0.0484453860053586
"Itgae",0.0665267729060846,0.0180004337453915,0.0244120273891039,0.0305213806991599,0.0451644575355916,0.02166157550893,0.0407872219053052,0.0611320754716981,0.00982800982800983,0.025,0.0177165354330709,0.0145067698259188,0.0203712632594021,0.0128617363344051,0.0244845360824742,0.0375090087138832,0.0342731723788621,0.010752688172043,0.030272898022318,0.0604486731843575,0.0355632035563204,0.0198810464584286,0.0173855994751517,0.0484126984126984,0.025987525987526,0.0495399858457183,0.0434782608695652,0.0338366452824284,0.0421491431218157,0.0348542458808618,0.0296485372079325,0.0261780104712042,0.0169971671388102,0.0170057215511761,0.03125,0.0514037027788678,0.0318550905683948,0.0456110866211153,0.0214689265536723,0.031968674205897,0.0221433047837894,0.0979602115336187,0.0693510298030072,0.0835566078883419
"Itgal",0.0500857847284959,0.0148015614834092,0.0219559392676392,0.019225323306378,0.0341188021600393,0.0190751187317443,0.0265259555048488,0.0395471698113208,0.0196560196560197,0.0075,0.00393700787401575,0.00483558994197292,0.014796287367406,0.0112540192926045,0.0244845360824742,0.0240450763283758,0.0246834374472396,0.010752688172043,0.0370124848083085,0.065933426443203,0.0292536029253603,0.015971384602587,0.0131212071510579,0.0240740740740741,0.0301455301455301,0.0737952776169337,0.027536231884058,0.0257393209200438,0.054886521537749,0.0367553865652725,0.0270960141370509,0.0350785340314136,0.0169971671388102,0.00905912269548633,0,0.0397745514215389,0.0274828232354778,0.0307609653956359,0.015819209039548,0.0313257941030361,0.0432421140589095,0.0478468899521531,0.0584999850536574,0.0666812054748998
"Itgam",0.0782632692963569,0.0277597050531338,0.0425721941053885,0.0357131619521098,0.0843151693667158,0.0356306718098508,0.0416428978893326,0.091874213836478,0.00491400491400491,0.0075,0.0334645669291339,0.0261121856866538,0.032455400192864,0.0176848874598071,0.0309278350515464,0.0352486405031776,0.0612527435421239,0,0.0934703347696387,0.125494646182495,0.0463182046318205,0.0383479599051699,0.041823847793997,0.0793650793650794,0.0280665280665281,0.073505758219134,0.145617667356798,0.0488186512282898,0.0511811023622047,0.0525982256020279,0.147260946397016,0.0429319371727749,0.0311614730878187,0.0235219326128417,0,0.0832233439160989,0.018738288569644,0.0659163544192198,0.0721280602636535,0.0578007656117589,0.0311259661583455,0.0397884663812642,0.0986458613577258,0.105001350032193
"Itgav",0.0434390954462498,0.0361635220125786,0.0135456981244418,0.0188162738743274,0.0144820814923908,0.0184842471404045,0.0399315459212778,0.0212327044025157,0.0171990171990172,0.0125,0.015748031496063,0.00870406189555126,0.0227820636451302,0.0160771704180064,0.0128865979381443,0.0281399462753063,0.0279588046598008,0.00537634408602151,0.033587448900674,0.0220554003724395,0.0564279056427906,0.0349789959655617,0.0242742332294571,0.0166666666666667,0.0207900207900208,0.0240301100173712,0.021808143547274,0.0218862462838366,0.0136637332098194,0.014575411913815,0.0174749656391125,0.0120418848167539,0,0.0260648442466624,0.015625,0.0197267506153462,0.0106183635227983,0.0279094115054,0.0143126177024482,0.0282867245258759,0.0102360559849593,0.0173759758247293,0.02516964098885,0.0661723471867406
"Itgax",0.0666387226276422,0.0187594881804381,0.0459958320928848,0.0336364494509298,0.0565783014236622,0.0312716002586457,0.0299486594409584,0.127094339622642,0.00737100737100737,0.005,0.0167322834645669,0.0212765957446809,0.0256448891031823,0.00803858520900321,0.0425257731958763,0.0348063945489091,0.0482525747087625,0.032258064516129,0.0596619158104077,0.120504539106145,0.0367104036710404,0.0332321257746537,0.0597014925373134,0.0419312169312169,0.0343035343035343,0.0938686225310429,0.0758454106280193,0.0478798310123611,0.047244094488189,0.0386565272496831,0.066561947771451,0.0403141361256545,0.0169971671388102,0.0184361093452003,0,0.0727713765918739,0.0462211118051218,0.0547167731981486,0.0470809792843691,0.0485374477659916,0.0647587215374974,0.0425585494837572,0.0995127492302633,0.0892163582362349
"Itgb1",0.0690130981174222,0.0172413793103448,0.0160017862459065,0.0287907869481766,0.0202503681885125,0.0200784855849629,0.0373645179691957,0.0199748427672956,0.00737100737100737,0.0175,0.0147637795275591,0.02321083172147,0.0224807135969142,0.00803858520900321,0.0154639175257732,0.0451090873353862,0.0260341043390174,0.00537634408602151,0.0357971494862446,0.0229719506517691,0.098085609808561,0.0495778397038639,0.0104969657208463,0.0218253968253968,0.0124740124740125,0.0211992536833301,0.0307108350586611,0.0394891253324988,0.0108846688281612,0.0139416983523447,0.0308266247791086,0.00837696335078534,0.0056657223796034,0.0214558169103624,0,0.0216887240038526,0.00624609618988132,0.0449911836014988,0.0180790960451977,0.0189941848572514,0.0156674326300397,0.0203978846638126,0.0261262069171674,0.11217729038154
"Itgb2",0.136667178684773,0.0297657774886142,0.0567877344447752,0.0342342909285422,0.0695876288659794,0.0318736203705768,0.0504848830576155,0.106264150943396,0.0368550368550369,0.0275,0.0285433070866142,0.02321083172147,0.0398384763741562,0.0337620578778135,0.0554123711340206,0.0630446177029418,0.0721593786932298,0.0376344086021505,0.0924759695061319,0.135562150837989,0.0692622069262207,0.0642598677369713,0.0416598327046088,0.0443121693121693,0.0322245322245322,0.115646915009972,0.101587301587302,0.0651697699890471,0.0576655859194071,0.0716096324461343,0.1397997251129,0.108900523560209,0.0594900849858357,0.0235219326128417,0,0.0920700602860914,0.023735165521549,0.088012453162883,0.0693032015065913,0.0569533327488969,0.116774597869229,0.0909090909090909,0.0772725913968852,0.171672170644069
"Itgb4",0.202972655629639,0.243602255476036,0.0442840130991366,0.0640948994682357,0.0321551300932744,0.0329773239091173,0.0601825442099258,0.0472452830188679,0.0245700245700246,0.0425,0.510826771653543,0.0270793036750484,0.0452326422372228,0.0337620578778135,0.0180412371134021,0.129315992924065,0.0818841803140301,0.0537634408602151,0.0818694066953928,0.0443290270018622,0.339427833942783,0.133926714636277,0.0400196818107266,0.037962962962963,0.0207900207900208,0.0403397027600849,0.0465148378191856,0.0537865748709122,0.0354330708661417,0.0304182509505703,0.0284704496367563,0.025130890052356,0.0339943342776204,0.115225683407502,0.015625,0.0425926586523026,0.0124921923797626,0.150195613841746,0.0453860640301318,0.0338973145144794,0.0369751410068937,0.0332409972299169,0.0631632439542044,0.333447566826594
"Itgb5",0.105761245089182,0.0792127521145088,0.0331944030961596,0.0463484471854253,0.0525282277859597,0.0475595888425606,0.0473474044495151,0.0636981132075472,0.0466830466830467,0.005,0.031496062992126,0.034816247582205,0.069521456123433,0.0289389067524116,0.0180412371134021,0.0509074231802398,0.075434745905791,0.0161290322580645,0.0971163407358303,0.0963687150837989,0.100021510002151,0.0661731065174895,0.0350992291290799,0.107142857142857,0.00935550935550936,0.0424628450106157,0.0867494824016563,0.0761031137537162,0.0368226030569708,0.0544993662864385,0.078735519340271,0.0329842931937173,0.0056657223796034,0.0373490146217419,0.0078125,0.0893946420290372,0.018738288569644,0.104033502314305,0.0391713747645951,0.0619210426346396,0.0332149571756841,0.0334928229665072,0.0475293695632679,0.147963528361061
"Itgb6",0.0764434354505716,0.0245608327911516,0.0218070854420959,0.0248576193323055,0.0320324005891016,0.0297331044170439,0.0242441528807758,0.0228427672955975,0.0638820638820639,0.005,0.0078740157480315,0.0106382978723404,0.0257654291224687,0.0176848874598071,0.0128865979381443,0.028745987027452,0.0275536045922674,0.0645161290322581,0.0206607004750856,0.0360509776536313,0.0445974044597404,0.0299463461298507,0.0232901426931278,0.0252645502645503,0.0114345114345114,0.0240622788393489,0.0222912353347136,0.0244288843686434,0.0210745715609078,0.0152091254752852,0.0196347928529354,0.0308900523560209,0.0113314447592068,0.0146217418944692,0.015625,0.0282167445510648,0.0137414116177389,0.0398115494820366,0.0209039548022599,0.038192922474504,0.0116983496970963,0.0161168471417779,0.0372761785191164,0.093962240638046
"Itgb8",0.0552094371011791,0.0130123617436565,0.0168204822863948,0.0211761744438501,0.0408689248895434,0.0152957702512877,0.0345122646891044,0.0250062893081761,0.0147420147420147,0.0125,0.00688976377952756,0.0241779497098646,0.0304664898746384,0.0241157556270096,0.0193298969072165,0.030220140208347,0.0245146040857673,0.010752688172043,0.0293890177880897,0.0403864059590317,0.0419445041944504,0.0248721041467371,0.0567492209283254,0.0272486772486772,0.0280665280665281,0.0244483047030818,0.0241545893719807,0.0258762322015334,0.0254747568318666,0.0215462610899873,0.0206165324955822,0.0193717277486911,0.0056657223796034,0.0214558169103624,0.0078125,0.0331751863874719,0.0368519675202998,0.0383788847255896,0.0218455743879473,0.0385143625259344,0.0292458742427408,0.0259380508687988,0.0442710668699369,0.0729017384260702
"Itk",0.040770526502144,0.0126328345261332,0.0215093777910092,0.0169283534187093,0.037432498772705,0.0246382305068117,0.0305191100969766,0.033559748427673,0.0368550368550369,0.015,0.0127952755905512,0.0164410058027079,0.0164838476374156,0.0128617363344051,0.038659793814433,0.0403426587171591,0.0317406719567787,0.010752688172043,0.0174566346260082,0.0379568202979516,0.0312612031261203,0.0165952668136256,0.0346071838609152,0.0218253968253968,0.0207900207900208,0.0906839091552467,0.0274672187715666,0.0289860741667971,0.0694766095414544,0.0551330798479087,0.0219909679952877,0.0335078534031414,0.0623229461756374,0.013986013986014,0.0859375,0.0342096814468662,0.0256089943785134,0.0334747630592903,0.0143126177024482,0.05300838666316,0.0643409233340297,0.0773105011332158,0.0479478671569067,0.057417907657798
"Itm2a",0.0114110611531863,0.00791585339405769,0.00885680261982733,0.01214562159781,0.0144820814923908,0.0149613146335481,0.00998288648031945,0.0106163522012579,0.00982800982800983,0.0025,0.00590551181102362,0.00676982591876209,0.0331485053037609,0.00803858520900321,0.0038659793814433,0.00868112428749263,0.0107378017896336,0,0.00773395204949729,0.0120606378026071,0.00860400086040009,0.00902549598635778,0.00869279973757586,0.0103174603174603,0.0103950103950104,0.0124171652834073,0.0082815734989648,0.0146690658738852,0.0078740157480315,0.00443599493029151,0.0102100922835264,0.0120418848167539,0.0056657223796034,0.00651621106166561,0,0.0117004958441836,0.0124921923797626,0.0105521269561384,0.00922787193973635,0.014903129657228,0.0112805514936286,0.0123394610929237,0.0124951424386453,0.0148918935759237
"Jag1",0.0882059666598108,0.136304489264802,0.0269425424233403,0.071961234699978,0.0462690230731468,0.0460433900421414,0.0245293782087849,0.0402012578616352,0.0245700245700246,0.0125,0.047244094488189,0.0309477756286267,0.0551470588235294,0.0160771704180064,0.0128865979381443,0.0468616916726725,0.0619280769880128,0.0161290322580645,0.0274002872610761,0.0422777001862197,0.0789417078941708,0.0502849062097076,0.0369033951123503,0.0358465608465608,0.0187110187110187,0.0318471337579618,0.0412698412698413,0.0390588327335315,0.0261695229272811,0.0126742712294043,0.0322010602788141,0.0324607329842932,0.0028328611898017,0.0290845518118245,0.015625,0.0389184175792816,0.0106183635227983,0.0546754463301741,0.0354048964218456,0.0822886531661845,0.0438688113641111,0.0141022412490557,0.047110871969629,0.11936361559391
"Jak1",0.0424523758074048,0.0339405768813706,0.0180113128907413,0.0366256568389918,0.0266323024054983,0.0256415973600303,0.029092983456931,0.0368805031446541,0.0122850122850123,0.0075,0.0118110236220472,0.0241779497098646,0.0285679845708775,0.045016077170418,0.0270618556701031,0.0359857170936251,0.0302887050481175,0.00537634408602151,0.0377858800132582,0.0318610335195531,0.0479673047967305,0.0280331073493324,0.0119731015253403,0.0322751322751323,0.0395010395010395,0.0498938428874735,0.0369910282953761,0.0352253168518229,0.0261695229272811,0.017743979721166,0.0361280188494011,0.0282722513089005,0,0.0324221233312142,0.0234375,0.0487996290086684,0.0224859462835728,0.0397977738593784,0.0137476459510358,0.0336343181087636,0.028828076039273,0.0294636111810627,0.0420590081607031,0.0680520073940225
"Jak2",0.145526827579204,0.0528627195836044,0.0264215540339387,0.0447437147981498,0.0466372115856652,0.0316840955205244,0.0961209355390759,0.0661132075471698,0.0319410319410319,0.0225,0.0275590551181102,0.0280464216634429,0.0344141755062681,0.0369774919614148,0.0231958762886598,0.0773275240778353,0.0598683099780517,0,0.0664015025963982,0.0572043761638734,0.151932315193232,0.0753649710934576,0.0339511235033623,0.0333333333333333,0.0176715176715177,0.0530142186193142,0.0691511387163561,0.0533758410264434,0.0379805465493284,0.0278833967046895,0.044374631847634,0.0345549738219895,0.0368271954674221,0.0344882390336936,0.0078125,0.0520458031605608,0.0387257963772642,0.0860700903680846,0.0523540489642185,0.0499400952631425,0.0415709212450386,0.0412994208008058,0.0609511852449706,0.217635574386774
"Jchain",0.0382217177252858,0.0188679245283019,0.0369901756475141,0.0210817784210692,0.0331369661266568,0.0205244264086156,0.0205362236166572,0.0230943396226415,0.0393120393120393,0.005,0.0285433070866142,0.0164410058027079,0.0154893924783028,0.106109324758842,0.206185567010309,0.0181976020441591,0.022893803815634,0,0.0176776046845652,0.0253287942271881,0.0278196027819603,0.0164704903714179,0.0496965720846318,0.021031746031746,0.0145530145530146,0.0337772630766261,0.020703933747412,0.0192066969175403,0.878647522000926,0.6191381495564,0.0139407029255841,0.0193717277486911,0.0396600566572238,0.0133502860775588,0.0078125,0.0295722898013056,0.0212367270455965,0.0229639629711263,0.0192090395480226,0.0199585050115426,0.0110716523918947,0.0219088390833543,0.0246913580246914,0.0480507612104596
"Jun",0.163782442638785,0.094014313597918,0.0663143792795475,0.0796073125452314,0.0676239567992145,0.0538362059354724,0.114090131203651,0.0813584905660377,0.0663390663390663,0.0675,0.0324803149606299,0.0377176015473888,0.0654230954676953,0.0144694533762058,0.0811855670103093,0.0831094804429011,0.121424953570826,0.0161290322580645,0.105181747873163,0.115194366852886,0.175521617552162,0.100736181009025,0.114154502214204,0.114550264550265,0.0322245322245322,0.0922280126101782,0.0840579710144927,0.0850805820685339,0.0896248263084762,0.0633713561470216,0.0602788140585117,0.056020942408377,0.0226628895184136,0.0540368722186904,0.0234375,0.0997395926229801,0.0418488444722049,0.104667180956579,0.0709981167608286,0.077145612343298,0.0321704616670148,0.0591790480987157,0.0861806116043404,0.239101086256672
"Junb",0.264516364185462,0.169702884406853,0.0589461149151533,0.0799848966363551,0.0763377515954836,0.0648174987179201,0.321163719338277,0.0948427672955975,0.0245700245700246,0.0375,0.0551181102362205,0.140232108317215,0.0669599807135969,0.0530546623794212,0.0760309278350515,0.175866474480771,0.149147391524565,0.032258064516129,0.192906861120318,0.105112313780261,0.362802036280204,0.215988021461548,0.066754141381007,0.0580687830687831,0.0478170478170478,0.135109052306505,0.121670117322291,0.120345016429354,0.0840666975451598,0.0576679340937896,0.0901236991949735,0.107329842931937,0.0226628895184136,0.041163382072473,0.0546875,0.0921770770163736,0.0524672079950031,0.146118029534935,0.131638418079096,0.0540895941088805,0.0601629412993524,0.070259380508688,0.0987654320987654,0.429517934658442
"Kdr",0.0511506088242415,0.0126328345261332,0.0218070854420959,0.0817469557282653,0.0445508100147275,0.0180940489197084,0.0162578436965203,0.0362264150943396,0.0196560196560197,0.0125,0.0167322834645669,0.0145067698259188,0.0188042430086789,0.0305466237942122,0.0128865979381443,0.0237830046517723,0.0311666385277731,0.0376344086021505,0.030493868080875,0.0405318901303538,0.0333405033340503,0.0190076113629747,0.0170575692963753,0.035978835978836,0.0218295218295218,0.0331338866370713,0.0377501725327812,0.0279690189328744,0.023390458545623,0.014575411913815,0.0223836638523464,0.0109947643979058,0.0141643059490085,0.00874125874125874,0.0390625,0.0376342168158956,0.014366021236727,0.0372906105355962,0.0220338983050847,0.0332836562344759,0.0256945895132651,0.0407957693276253,0.0462738767823514,0.0682285500654246
"Kir3dl1/2",0.0268965714746902,0.00965083495987855,0.0177880321524263,0.0197287687612095,0.0303141875306824,0.0137572744096858,0.0171135196805476,0.0213333333333333,0.00982800982800983,0.005,0.00688976377952756,0.00773694390715667,0.0138621022179364,0.0176848874598071,0.0115979381443299,0.0181320841250082,0.0195509032584839,0.0161290322580645,0.0157993591868302,0.0262598929236499,0.0187854018785402,0.0136422243480431,0.0173855994751517,0.0224867724867725,0.0145530145530146,0.0231293830019945,0.0187025534851622,0.0159403849162885,0.0182955071792497,0.0209125475285171,0.0145297467111722,0.00890052356020942,0.0141643059490085,0.00985378258105531,0.015625,0.0246138479648985,0.0206121174266084,0.0228124311218867,0.0182674199623352,0.0238157856287075,0.0192187173595154,0.0183832787710904,0.0274414850686037,0.0353604585955511
"Kit",0.0293178096386107,0.0173498156582086,0.0134712712116701,0.0349265284289355,0.0331369661266568,0.0238801311066022,0.0205362236166572,0.0360754716981132,0.0147420147420147,0.0275,0.00885826771653543,0.00773694390715667,0.0218780135004822,0.00964630225080386,0.0141752577319588,0.0172639716962589,0.0219821036636839,0.021505376344086,0.0138106286598166,0.0244413407821229,0.0187137018713702,0.0161793453395999,0.0267344595702805,0.019973544973545,0.0155925155925156,0.0261532522679019,0.0191856452726018,0.015236269754342,0.0145900880037054,0.0120405576679341,0.019438444924406,0.0115183246073298,0.0028328611898017,0.0273363000635728,0.046875,0.0253272928334463,0.0199875078076202,0.0302099404893101,0.0160075329566855,0.0314426813944654,0.0146229371213704,0.0214051876101738,0.0316264610049921,0.0393482459966353
"Kitl",0.0690625642734593,0.0245608327911516,0.0268681155105686,0.0480790409364085,0.0368188512518409,0.0231554772681665,0.0279520821448945,0.0246540880503145,0.00491400491400491,0.0175,0.0127952755905512,0.0222437137330754,0.0319431051108968,0.0176848874598071,0.0115979381443299,0.0324805084190526,0.0329900388316731,0.0161290322580645,0.0265164070268479,0.0316137104283054,0.0628809062880906,0.0291145031817993,0.0260783992127276,0.0187830687830688,0.0166320166320166,0.0225181753844174,0.0215320910973085,0.0253481458300735,0.0236220472440945,0.0259822560202788,0.0206165324955822,0.0120418848167539,0.0311614730878187,0.0343293070565798,0.0234375,0.0273962829522349,0.0287320424734541,0.0466580339431342,0.0288135593220339,0.0334882089944771,0.0133695425109672,0.010828506673382,0.0400561982482886,0.094959187488317
"Klf2",0.149413826050961,0.029332032097159,0.0614766299493897,0.131021679619899,0.0663966617574865,0.0646837164708243,0.0576155162578437,0.0804025157232704,0.00491400491400491,0.01,0.0118110236220472,0.0212765957446809,0.0726856316297011,0.0466237942122186,0.095360824742268,0.0772947651182598,0.0799594799932467,0.0376344086021505,0.0693845983869186,0.116285498137803,0.100308310030831,0.0667969887285281,0.117762834180745,0.0513227513227513,0.0311850311850312,0.0714791224345364,0.0739820565907522,0.0609841965263652,0.080129689671144,0.0532319391634981,0.0816807382682113,0.0869109947643979,0.0793201133144476,0.0233630006357279,0.03125,0.0982413583990297,0.0930668332292317,0.0927650429799427,0.0672316384180791,0.065456883200374,0.0703989972843117,0.0757995467136741,0.0804711087196963,0.187477932166075
"Klra17",0.0332464638207138,0.0176751247018,0.0196487049717178,0.0231899562631761,0.0506872852233677,0.0231666257887578,0.0176839703365659,0.0362767295597484,0.0196560196560197,0.0125,0.0206692913385827,0.00967117988394584,0.023173818707811,0.00803858520900321,0.0167525773195876,0.0250278451156391,0.0260678710113118,0.021505376344086,0.0166832394210584,0.0319046787709497,0.0285366028536603,0.0227093124818034,0.0380515007380679,0.0162698412698413,0.0207900207900208,0.0413691050633726,0.0260869565217391,0.0224534501642935,0.0215377489578509,0.0202788339670469,0.0180640094247006,0.0366492146596859,0.0311614730878187,0.0200254291163382,0.03125,0.0324617415189241,0.0318550905683948,0.0270002204099625,0.036346516007533,0.0246924403144268,0.0154585335283058,0.0236716192394863,0.0390398469494515,0.0443225953849669
"Klrb1",0.0522102259561938,0.0308501409672522,0.0443584400119083,0.0553475346905384,0.0742513500245459,0.146870610270017,0.0231032515687393,0.0424654088050314,0.00245700245700246,0,0.0265748031496063,0.0154738878143133,0.0707569913211186,0.0755627009646302,0.0180412371134021,0.0318417087073315,0.0591929765321628,0.043010752688172,0.0369019997790299,0.054352886405959,0.0354198035419804,0.0441292683941272,0.0823355748728883,0.05,0.0852390852390852,0.0440069484655472,0.0363008971704624,0.0290838679392896,0.039138490041686,0.0506970849176172,0.0445709797761634,0.0350785340314136,0.0056657223796034,0.0443420216147489,0.03125,0.0517247529697143,0.0393504059962523,0.042911064580119,0.044256120527307,0.116507407732094,0.0313348652600794,0.0322336942835558,0.0711146982333423,0.0700043616424699
"Klrb1c",0.0273235425057472,0.0158317067881154,0.0133968442988985,0.0170856801233441,0.0303141875306824,0.0198443666525452,0.0122646891043925,0.0224905660377358,0,0.005,0.0127952755905512,0.0135396518375242,0.0190754580520733,0.0112540192926045,0.00644329896907216,0.018557950599489,0.0215431369238562,0.010752688172043,0.0117114131035245,0.0235975325884544,0.0188571018857102,0.0127271971051865,0.0410037723470559,0.0243386243386243,0.0135135135135135,0.0241266164833044,0.0164251207729469,0.015881708652793,0.0169059749884206,0.0120405576679341,0.0186530532102886,0.0219895287958115,0.0084985835694051,0.0157342657342657,0.015625,0.0245425034780437,0.0106183635227983,0.0214486444787304,0.023728813559322,0.0205137196458315,0.0185920200543138,0.0196424074540418,0.0283083729411413,0.0358070077055684
"Klrk1",0.0343711680000833,0.00910865322055953,0.0214349508782376,0.0166451653503666,0.0343642611683849,0.0277040736694241,0.0185396463205933,0.0444276729559748,0.00982800982800983,0.0225,0.0147637795275591,0.0125725338491296,0.0134402121504339,0.0273311897106109,0.0231958762886598,0.0251425014741532,0.0323484720580787,0.0483870967741935,0.0265164070268479,0.0427723463687151,0.0251667025166703,0.0173439254668719,0.0213219616204691,0.0138888888888889,0.025987525987526,0.0891076368783375,0.0232574189095928,0.0256219683930527,0.0231588698471515,0.0247148288973384,0.0308266247791086,0.0287958115183246,0.028328611898017,0.00858232676414495,0,0.0329611529269076,0.00999375390381012,0.0268486885607229,0.0212806026365348,0.0317641214458958,0.0196365155629831,0.0355074288592294,0.0549128628224673,0.0463061042224853
"Kras",0.127159262798066,0.0757427889828671,0.0459958320928848,0.0593121676473365,0.04553264604811,0.0356752658922161,0.0872789503707929,0.0634968553459119,0.0737100737100737,0.0375,0.046259842519685,0.0357833655705996,0.0512596432015429,0.0369774919614148,0.0528350515463918,0.0721843674244906,0.0563565760594293,0.0752688172043011,0.0654071373328914,0.0867522113594041,0.0876891087689109,0.0571060183837292,0.0287026406429392,0.0533068783068783,0.027027027027027,0.0703210448433378,0.0636300897170462,0.0567790643091848,0.0620657711903659,0.0456273764258555,0.0589043785588062,0.0691099476439791,0.0708215297450425,0.0545136681500318,0.03125,0.0721649484536082,0.0874453466583385,0.088880317390346,0.0700564971751412,0.0509628590631484,0.0756214748276582,0.0659783429866532,0.113502525931904,0.175296487839325
"Krt1",0.0352980075553045,0.159889394925179,0.0229234891336707,0.0236304710361537,0.0294550810014728,0.0153961069366095,0.0205362236166572,0.0277735849056604,0.0122850122850123,0.0075,0.0433070866141732,0.0125725338491296,0.0198288331726133,0.0209003215434084,0.0257731958762887,0.019966585861233,0.0255613709268952,0.134408602150538,0.013479173571981,0.0336213919925512,0.0212949021294902,0.0138501850850559,0.0160734787600459,0.0218253968253968,0.0228690228690229,0.0302065238370971,0.0231193926846101,0.0171334689406979,0.0217693376563224,0.023447401774398,0.0176713135676419,0.00942408376963351,0.0396600566572238,0.0160521296884933,0.015625,0.0252916205900189,0.0524672079950031,0.03689111747851,0.0239171374764595,0.0477776803717016,0.0158763317317736,0.0163686728783682,0.0234059725585149,0.0469707354559993
"Krt10",0.0757144605194988,0.68472131858599,0.0212860970526943,0.0236619363770806,0.0246686303387334,0.0160873152132712,0.0219623502567028,0.0250062893081761,0.0122850122850123,0.0125,0.046259842519685,0.0106382978723404,0.0229628736740598,0.00321543408360129,0.0180412371134021,0.0264692393369587,0.0287016714502786,0.10752688172043,0.0188929400066291,0.0365601722532588,0.0349896034989604,0.0245393669675165,0.0496965720846318,0.0231481481481481,0.0145530145530146,0.034774496557936,0.0248447204968944,0.0245071193866375,0.0308012968967114,0.0202788339670469,0.0170822697820538,0.0146596858638743,0.0509915014164306,0.0141449459631278,0,0.0368850997039204,0.0268582136164897,0.0520718536477849,0.0103578154425612,0.0651062213260863,0.0330060580739503,0.0266935280785696,0.0434938570531791,0.094294556254803
"Krt13",0.0605023157971471,9.219746258946,0.0235933313486157,0.0200434221704792,0.0381688757977418,0.0285402127137729,0.015687393040502,0.0614842767295598,0.0417690417690418,0.0225,0.359251968503937,0.00386847195357834,0.0354387656702025,0.0160771704180064,0.0103092783505155,0.018377776321824,0.56741516123586,0.188172043010753,0.0120428681913601,0.0152467411545624,0.0273894027389403,0.0522397371376284,0.0134492373298343,0.0291005291005291,0.00935550935550936,0.0202020202020202,0.0129054520358868,0.0138671569394461,0.0203798054654933,0.0164765525982256,0.034360887492637,0.025130890052356,0.0056657223796034,0.0211379529561348,0.046875,0.0212963293261513,0.0268582136164897,0.0490136654176769,0.0145009416195857,0.0254522077087169,0.0367662419051598,0.0100730294636112,0.0289660120168595,0.0886867302220284
"Krt14",0.13904415765645,6.53914552157883,0.099955343852337,0.0380415971807055,0.0810014727540501,0.0424535664117372,0.0747290359383913,0.0577610062893082,0.058968058968059,0.005,1.41141732283465,0.0764023210831721,0.0408027965284474,0.0241157556270096,0.0193298969072165,0.0718403983489484,0.283640047273341,0.580645161290323,0.04894486797039,0.0488390363128492,0.0745680074568007,0.210539450151811,0.0357552894866328,0.0277777777777778,0.0374220374220374,0.0451971948787235,0.0347826086956522,0.0358707557502738,0.0289485873089393,0.0190114068441065,0.0612605537011585,0.0670157068062827,0.0141643059490085,0.110616656071202,0,0.0423786251917383,0.0299812617114304,0.137205201675116,0.0429378531073446,0.0538265977031647,0.0327971589722164,0.0236716192394863,0.078767225659881,0.22725195754668
"Krt15",0.088815181423636,0.347701149425287,0.0429443286692468,0.0267455397879236,0.0352233676975945,0.0244264086155767,0.0293782087849401,0.0366289308176101,0.0319410319410319,0.0275,0.550196850393701,0.0164410058027079,0.0262777242044359,0.0144694533762058,0.0115979381443299,0.0321529188232982,0.182103663683944,0.139784946236559,0.0247486465583913,0.0342469739292365,0.0538467053846705,0.102649419789544,0.0272265048384451,0.0304232804232804,0.0239085239085239,0.0337772630766261,0.0258109040717736,0.0270693162259427,0.0196850393700787,0.0196451204055767,0.0302375809935205,0.025130890052356,0.0339943342776204,0.0173235855054037,0.03125,0.0308564905646916,0.0287320424734541,0.0638500110204981,0.0225988700564972,0.036877940445925,0.0315437643618132,0.0229161420297154,0.0423878276985622,0.114700812096288
"Krt16",0.147823098612084,6.21128822381262,0.0412325096754987,0.0353355778609861,0.1173294059892,0.0323864523177774,0.0410724472333143,0.0526792452830189,0.058968058968059,0.0075,0.106299212598425,0.0280464216634429,0.0357702507232401,0.0144694533762058,0.0244845360824742,0.0457806460066828,0.0592942765490461,0.182795698924731,0.0297204728759253,0.0559241154562384,0.0583638058363806,0.0608493116499605,0.0583893718222076,0.0373015873015873,0.0228690228690229,0.0504728816830728,0.0369220151828848,0.0345994367078704,0.0470125057897175,0.0304182509505703,0.0347535833496957,0.0455497382198953,0.0538243626062323,0.02177368086459,0.0390625,0.0455534548567759,0.0374765771392879,0.0760138858276394,0.0290018832391714,0.0545279214517402,0.0549404637560059,0.0435658524301184,0.0601739754282127,0.196606226763869
"Krt17",0.10313693533732,1.84135762307525,0.0362459065197976,0.0300808659261823,0.0719194894452626,0.0289081138932864,0.0402167712492869,0.0382389937106918,0.0245700245700246,0,0.122047244094488,0.02321083172147,0.0301651398264224,0.00643086816720257,0.0167525773195876,0.0323330931009631,0.0391693398615566,0.182795698924731,0.0246381615291128,0.0376222067039106,0.0483258048325805,0.051407894189577,0.0526488436936198,0.0547619047619048,0.0301455301455301,0.0406613909798623,0.0276052449965493,0.025289469566578,0.031032885595183,0.026615969581749,0.0337718437070489,0.0350785340314136,0.0708215297450425,0.0475206611570248,0.0078125,0.0377769057896051,0.0137414116177389,0.070627617368305,0.0297551789077213,0.0324946670173285,0.0135784416127011,0.0370183832787711,0.0578423459779392,0.133372795812823
"Krt18",0.271548368788418,0.0146931251355454,0.0494938969931527,0.0209873823982883,0.0262641138929799,0.0236571606947758,0.167142042213349,0.0283270440251572,0.00491400491400491,0.1,0.0078740157480315,0.144100580270793,0.0157304725168756,0.022508038585209,0.00902061855670103,0.354058835091398,0.047003207833868,0,0.19047619047619,0.0335486499068901,0.463397146339715,0.220188828349208,0.0188617352796457,0.0202380952380952,0.0176715176715177,0.0276973557228334,0.0592822636300897,0.122985448286653,0.0180639184807781,0.0107731305449937,0.0431965442764579,0.0193717277486911,0.0084985835694051,0.293706293706294,0,0.0265758213534049,0.0118675827607745,0.269285871721402,0.063653483992467,0.0255106513544315,0.0194276164612492,0.0198942331906321,0.0406241592682271,1.04738612997695
"Krt19",0.134800482164847,0.0260247234873129,0.0302917534980649,0.0265567477423618,0.0468826705940108,0.0266003701308836,0.0507701083856246,0.0309937106918239,0.0417690417690418,0.0225,0.0255905511811024,0.0164410058027079,0.0300747348119576,0.00964630225080386,0.029639175257732,0.0839939723514381,0.0438291406381901,0.0376344086021505,0.0447464368578058,0.0325593575418994,0.146124614612461,0.0754897475356653,0.023454157782516,0.0235449735449735,0.0145530145530146,0.0321688219777392,0.0307108350586611,0.0328195900485057,0.0222325150532654,0.0329531051964512,0.0229727076379344,0.0204188481675393,0.0028328611898017,0.0327399872854418,0,0.0313202297292477,0.033104309806371,0.0895966497685695,0.0406779661016949,0.0343648636801964,0.0340505535826196,0.0141022412490557,0.0529399455953128,0.373657756454192
"Krt20",0.0717207192899784,0.0211450878334418,0.0249330157785055,0.0360592807023064,0.0465144820814924,0.0196102477201275,0.0308043354249857,0.024503144654088,0.0196560196560197,0.0125,0.0236220472440945,0.0280464216634429,0.0250421890067502,0.0353697749196141,0.0141752577319588,0.0321856777828736,0.0407226067871011,0.032258064516129,0.0258534968511767,0.0468459031657356,0.0372840037284004,0.0231668261032317,0.0455961948499262,0.046031746031746,0.0207900207900208,0.0432348967380815,0.0337474120082816,0.0270888749804412,0.0333487725798981,0.0310519645120406,0.0231690555664638,0.0387434554973822,0.0084985835694051,0.0163699936427209,0.0234375,0.0373488388684764,0.023735165521549,0.0422773859378444,0.0299435028248588,0.0296309283773122,0.0386463338207646,0.0266935280785696,0.0511762771649777,0.0893513614555424
"Krt23",0.0638634109257721,0.293916720884841,0.0156296516820482,0.0194455806928668,0.030559646539028,0.0153961069366095,0.0282373074729036,0.0193207547169811,0.0442260442260442,0.0125,0.0167322834645669,0.0164410058027079,0.0159112825458052,0.0289389067524116,0.0167525773195876,0.020146760138898,0.0478136079689347,0.00537634408602151,0.0171251795381726,0.0298242551210428,0.0342009034200903,0.0209208501434929,0.0200098409053633,0.0154761904761905,0.00831600831600832,0.0252525252525253,0.0231884057971014,0.0201650758879675,0.0236220472440945,0.017743979721166,0.0121735715688199,0.0219895287958115,0.0254957507082153,0.186109345200254,0,0.0224378411158278,0.0149906308557152,0.0435860700903681,0.019774011299435,0.0269425206744397,0.0284102778358053,0.018886930244271,0.0343168026783846,0.083193137682514
"Krt4",0.0598123930945246,11.4824333116461,0.0299196189342066,0.039489002863346,0.0501963672066765,0.0358201966599032,0.0328009127210496,0.113911949685535,0.0663390663390663,0.0475,0.154527559055118,0.0251450676982592,0.0468900675024108,0.0257234726688103,0.0206185567010309,0.0393271309703204,1.0978558163093,0.102150537634409,0.030272898022318,0.0421467644320298,0.0423030042303004,0.0628873268726864,0.0560931605707725,0.0334656084656085,0.0114345114345114,0.0405005468699736,0.0367149758454106,0.0358707557502738,0.0365910143584993,0.023447401774398,0.0481052424896917,0.031413612565445,0.028328611898017,0.0367132867132867,0,0.0492990404166518,0.0624609618988132,0.0940186246418338,0.0248587570621469,0.0535636012974489,0.0202632128681847,0.040543943591035,0.0412220129734254,0.105395974827092
"Krt6a",0.0277140647902505,3.46275211450878,0.0218070854420959,0.0184701551241308,0.0425871379479627,0.0169903453811679,0.00998288648031945,0.0238490566037736,0.0171990171990172,0.0025,0.21751968503937,0.0164410058027079,0.0159112825458052,0.0128617363344051,0.0193298969072165,0.015609644237699,0.0499746749957792,0.0698924731182796,0.0119323831620815,0.0229283054003724,0.0155589015558902,0.0335232708064717,0.0157454485812695,0.019047619047619,0.0187110187110187,0.0203950331338866,0.0155969634230504,0.0141018619934283,0.0125057897174618,0.0221799746514575,0.0180640094247006,0.0178010471204188,0.0028328611898017,0.0135092180546726,0,0.0193343559376449,0.018738288569644,0.0264216442583205,0.0186440677966102,0.0200169486572572,0.0248589931063296,0.0274490052883405,0.0267539533076256,0.0467941927845972
"Krt6b",0.0393542323503454,2.16363044892648,0.0154063709437333,0.018186967055788,0.053632793323515,0.0179156725902473,0.0165430690245294,0.0246540880503145,0.0319410319410319,0.01,0.0265748031496063,0.00870406189555126,0.0177495178399229,0.022508038585209,0.0167525773195876,0.0202122780580489,0.0276886712814452,0.021505376344086,0.0164622693625014,0.0321374534450652,0.0202911020291102,0.0173023333194693,0.0227980974249631,0.0235449735449735,0.0145530145530146,0.0310107443865406,0.0204278812974465,0.0180722891566265,0.0259379342288096,0.0215462610899873,0.016100530139407,0.0272251308900524,0.0169971671388102,0.012396694214876,0,0.0274319551956623,0.0112429731417864,0.0294247299977959,0.0152542372881356,0.0279068408287309,0.0179653227491122,0.0176278015613196,0.0320748512838908,0.0579579205350281
"Krt7",0.10830224342035,0.033723704185643,0.0432420363203334,0.0300179352443284,0.0436917034855179,0.0278044103547459,0.0638904734740445,0.038440251572327,0.0147420147420147,0.055,0.0383858267716535,0.0696324951644101,0.0313705400192864,0.0128617363344051,0.0154639175257732,0.0975398021358842,0.0424109404018234,0.0161290322580645,0.0665119876256767,0.0420885707635009,0.112569011256901,0.084806388553841,0.0301787764474332,0.0392857142857143,0.0301455301455301,0.040822235089751,0.0379572118702554,0.0538061336254107,0.0199166280685503,0.0190114068441065,0.0353426271352837,0.0267015706806283,0.0056657223796034,0.0352828989192626,0.0078125,0.0349944708022688,0.0262336039975016,0.118952501653075,0.0380414312617702,0.0263873060401508,0.0217255065803217,0.0284563082347016,0.0403252324156279,0.206035682389349
"Krt8",0.575887592065629,0.0479830839297332,0.164334623399821,0.0803624807274787,0.105670103092784,0.0633904880822315,0.478608100399315,0.0989182389937107,0.113022113022113,0.4025,0.0551181102362205,0.452611218568665,0.0598481195756991,0.0369774919614148,0.0425257731958763,0.78156325755094,0.127334121222354,0.0752688172043011,0.464368578057673,0.117914920856611,0.928515092851509,0.452938485213992,0.0767590618336887,0.0828042328042328,0.0987525987525988,0.109341825902335,0.175569358178054,0.283015177593491,0.0622973598888374,0.0570342205323194,0.120950323974082,0.113089005235602,0.0538243626062323,0.270343293070566,0.078125,0.104555345485678,0.0724547158026234,0.422966718095658,0.162146892655367,0.0852400572747728,0.0992270733235847,0.100478468899522,0.164619017726362,1.94862608262197
"Krt80",0.0570709266573115,0.603339839514205,0.0257517118189937,0.0227179761492716,0.0564555719194894,0.0193649802671186,0.0188248716486024,0.0394465408805031,0.0319410319410319,0.01,0.0413385826771654,0.00967117988394584,0.0266996142719383,0.0305466237942122,0.0219072164948454,0.0214898774814912,0.0414992402498734,0.102150537634409,0.0293890177880897,0.0609724162011173,0.0354198035419804,0.0309445576675124,0.0311628669837625,0.0310846560846561,0.0176715176715177,0.0263140963777906,0.0377501725327812,0.0260913785010171,0.023853635942566,0.0158428390367554,0.0481052424896917,0.0246073298429319,0.0254957507082153,0.0197075651621106,0.0234375,0.0308564905646916,0.00936914428482199,0.0514795018734847,0.0242937853107345,0.0322901142573274,0.0250678922080635,0.0302190883908335,0.0401757689893283,0.078686107130247
"Krt86",0.0226528959830878,0.325688570808935,0.0124292944328669,0.0135930272804506,0.0185321551300933,0.00799348926397467,0.0136908157444381,0.0140880503144654,0.00245700245700246,0.005,0.00590551181102362,0.00290135396518375,0.0104568466730955,0.00160771704180064,0.00902061855670103,0.0131691017493284,0.0164443694073949,0.021505376344086,0.00817589216661142,0.0165415502793296,0.0135513013551301,0.00707066505843697,0.0188617352796457,0.0132275132275132,0.0176715176715177,0.0167921250723799,0.0117322291235335,0.0112071663276483,0.0125057897174618,0.00760456273764259,0.00942470056940899,0.0141361256544503,0.0056657223796034,0.00985378258105531,0.0078125,0.0149466699960761,0.00999375390381012,0.0163516640952171,0.00998116760828625,0.0196662867829695,0.0083559640693545,0.0115839838831529,0.0184138941201088,0.0300018692753443
"Lag3",0.142295906545414,0.0385491216655823,0.0466656743078297,0.0561970988955665,0.0665193912616593,0.0636023099734665,0.193097547062179,0.107723270440252,0.0368550368550369,0.02,0.0108267716535433,0.0299806576402321,0.0492104628736741,0.0594855305466238,0.0631443298969072,0.0690231278254603,0.0711801451966909,0.0483870967741935,0.0651861672743343,0.0958304236499069,0.0940704094070409,0.0657987771908664,0.0457602099393144,0.10542328042328,0.0571725571725572,0.1855497651676,0.0725327812284334,0.083789704271632,0.0896248263084762,0.0925221799746515,0.0592970744158649,0.568062827225131,0.0028328611898017,0.0390972663699936,0.0234375,0.114971640566475,0.0730793254216115,0.104777385937844,0.0463276836158192,0.0729376698518454,0.0154585335283058,0.164442205993453,0.184946043703106,0.186626373398135
"Lair1",0.0771932382368179,0.0180004337453915,0.0336409645727895,0.0262735596740191,0.0552282768777614,0.0260429441013178,0.0328009127210496,0.0772327044025157,0.0565110565110565,0.0275,0.00492125984251968,0.0241779497098646,0.0217273384763742,0.0369774919614148,0.0193298969072165,0.0349701893467863,0.0422758737126456,0.00537634408602151,0.087725113247155,0.110946229050279,0.0537033053703305,0.0339807844279,0.0613416434311957,0.0624338624338624,0.0301455301455301,0.0517918033841601,0.0722567287784679,0.0478407135033641,0.0419175544233441,0.0443599493029151,0.0567445513449833,0.0214659685863874,0.028328611898017,0.0187539732994278,0,0.0769450290728784,0.0393504059962523,0.0613841745646903,0.0450094161958569,0.0483621168288478,0.0342594526843535,0.0496096701082851,0.0818162795563925,0.106964089143664
"Lamp2",0.0843788482716785,0.116514855779657,0.0427954748437035,0.0450583682074195,0.0436917034855179,0.0623648241878303,0.049343981745579,0.0488050314465409,0.0171990171990172,0.025,0.0531496062992126,0.0135396518375242,0.0633739151398264,0.00803858520900321,0.0206185567010309,0.0533807246281858,0.0496370082728347,0.0752688172043011,0.081096011490443,0.0616561918063315,0.111206711120671,0.0844736513746205,0.0291946859111038,0.0556878306878307,0.0197505197505198,0.0366724570546227,0.0928916494133885,0.0529064309184791,0.0363594256600278,0.0399239543726236,0.0755939524838013,0.0282722513089005,0.0113314447592068,0.139542275905912,0.015625,0.0644240716298648,0.0168644597126796,0.0681204540445228,0.0483992467043314,0.0479530113088454,0.0444955086693127,0.0221606648199446,0.0573341703285206,0.129405778137786
"Lamp3",0.0598670662143551,0.020440251572327,0.0359481988687109,0.0304899153582329,0.0585419734904271,0.026544627527927,0.0293782087849401,0.0389937106918239,0.00982800982800983,0.035,0.0226377952755906,0.0241779497098646,0.0244093539054966,0.0289389067524116,0.0193298969072165,0.0340693179584616,0.046699307783218,0.0268817204301075,0.0278422273781903,0.0453183193668529,0.0373557037355704,0.0260366842740091,0.0334590782351976,0.0489417989417989,0.00727650727650728,0.0364472753007785,0.0479641131815045,0.0273040212799249,0.0354330708661417,0.0329531051964512,0.0280777537796976,0.043979057591623,0.0056657223796034,0.0184361093452003,0.046875,0.0536510541147933,0.0462211118051218,0.0509147013445008,0.0271186440677966,0.0332252125887613,0.0451222059745143,0.0214051876101738,0.0542851164320091,0.0780214758967329
"Lcn2",0.152702023686478,0.0277054868792019,0.0511312890741292,0.0563229602592744,0.166543937162494,0.0450065776271489,0.0573302909298346,0.0676729559748428,0.0294840294840295,0.045,0.0442913385826772,0.0183752417794971,0.0449011571841852,0.0241157556270096,0.0180412371134021,0.0665989648168774,0.0429512071585345,0.010752688172043,0.0683902331234118,0.0728148277467412,0.296909729690973,0.113213825229797,0.0459242250287026,0.0461640211640212,0.0176715176715177,0.0677475390851187,0.0576259489302968,0.0685534345172899,0.0486336266790181,0.0253485424588086,0.0481052424896917,0.0397905759162304,0.0056657223796034,0.0306738715829625,0.0546875,0.0646737773338565,0.0430980637101811,0.1195035265594,0.0659133709981168,0.0615703807603518,0.0388552329224984,0.04507680684966,0.0796042208471587,0.218497518017737
"Ldb2",0.0564799362667632,0.0151810887009326,0.0224769276570408,0.0619552562852018,0.04553264604811,0.0224419719503222,0.031374786081004,0.0264150943396226,0.0122850122850123,0.0125,0.0127952755905512,0.0164410058027079,0.0455038572806172,0.00643086816720257,0.0180412371134021,0.0271080390486798,0.0283302380550397,0,0.018450999889515,0.0301006750465549,0.0426615042661504,0.0249968805889448,0.0203378710841397,0.0343915343915344,0.0218295218295218,0.0270539792832786,0.0230503795721187,0.0212603661398842,0.0266327003242242,0.0209125475285171,0.0212055762811702,0.0230366492146597,0.0169971671388102,0.0178003814367451,0.0703125,0.0305711126172725,0.0131168019987508,0.0386681728014106,0.0248587570621469,0.0383974752345051,0.0190098182577815,0.0521279274741879,0.0400561982482886,0.0726109622614078
"Ldha",0.404281686327294,0.597104749512036,0.191798154212563,0.14294704383122,0.121134020618557,0.310241031015184,0.453793496862521,0.192805031446541,0.167076167076167,0.17,0.214566929133858,0.89458413926499,0.136903326904532,0.12540192926045,0.400773195876289,0.468191050252244,0.271889245314874,0.112903225806452,0.438846536294332,0.180822276536313,0.475442747544275,0.484798070124361,0.0657700508446777,0.0994708994708995,0.0862785862785863,0.209901563404748,0.471083505866115,0.322484744171491,0.197545159796202,0.103929024081115,0.366974278421363,0.556544502617801,0.0509915014164306,0.102670057215512,0.046875,0.17871793957122,0.0699562773266708,0.336304275953273,0.235593220338983,0.112591683469215,0.104449550866931,0.152354570637119,0.218007353600574,0.762955116622012
"Ldlr",0.190626944475542,0.118629364563002,0.0338642453111045,0.0393946068405651,0.031786941580756,0.024682824589177,0.0847119224187108,0.0463899371069182,0.0368550368550369,0.05,0.046259842519685,0.0280464216634429,0.0335402603664417,0.0273311897106109,0.0231958762886598,0.0857465766887244,0.050717541786257,0.00537634408602151,0.0793282510219865,0.064114874301676,0.126478812647881,0.0725782972174853,0.0529768738723963,0.026984126984127,0.0176715176715177,0.0523708421797594,0.0519668737060041,0.0569159755906744,0.0467809170912459,0.0335868187579214,0.037698802277636,0.0261780104712042,0.028328611898017,0.0484742530197076,0.015625,0.051974458673706,0.0437226733291693,0.111706524134891,0.0337099811676083,0.0359720639373484,0.0131606434092333,0.0176278015613196,0.0595761217230144,0.274690011838744
"Lefty1",0.208046841846285,0.0551398828887443,0.082092884787139,0.0637173153771121,0.10027000490918,0.0401123770875605,0.126925270964062,0.0907672955974843,0.058968058968059,0.0375,0.0521653543307087,0.0222437137330754,0.0555388138862102,0.15112540192926,0.0695876288659794,0.0767051038459019,0.0804322134053689,0.032258064516129,0.0756822450557949,0.13589676443203,0.106187710618771,0.067670423823982,0.103821551582746,0.141137566137566,0.0405405405405405,0.108087241845204,0.0879227053140097,0.0809145673603505,0.0981936081519222,0.0678073510773131,0.0496760259179266,0.0602094240837696,0.0594900849858357,0.0449777495232041,0,0.111868155388292,0.0193628981886321,0.134890897068548,0.0595103578154426,0.0717980187604103,0.0601629412993524,0.0818433643918408,0.109676262218635,0.249859804349181
"Lep",0.0648240957456502,0.0297115593146823,0.0264215540339387,0.0447751801390768,0.0574374079528719,0.0521527793261834,0.031374786081004,0.0335094339622641,0.0221130221130221,0.0225,0.0236220472440945,0.0241779497098646,0.0352880906460945,0.00964630225080386,0.0206185567010309,0.0311373910764594,0.0412291068715178,0.0161290322580645,0.0259639818804552,0.0389897579143389,0.0390048039004804,0.0264110136006322,0.037395440380515,0.0404761904761905,0.00935550935550936,0.0330052113491604,0.0336093857832988,0.0266781411359725,0.031496062992126,0.0335868187579214,0.0263106224229334,0.0272251308900524,0.056657223796034,0.0182771773680865,0.015625,0.0409160632112154,0.0368519675202998,0.0469748732642715,0.0261770244821092,0.0582390929546185,0.0294547733444746,0.0365147318055905,0.0503990673482199,0.0832139074085613
"Lgals1",1.18710703695122,0.0279223595749295,0.365733849359929,0.116327365407004,0.0689739813451154,0.178956052531829,1.01511694238448,0.161157232704403,0.105651105651106,1.9125,0.0452755905511811,1.25628626692456,0.168153326904532,0.0819935691318328,0.0579896907216495,2.06279892550613,0.203275367212561,0.112903225806452,1.195558501823,0.15099802141527,2.04703520470352,0.959073326955871,0.0303427915368214,0.0604497354497354,0.195426195426195,0.192273048960947,0.556107660455487,0.860350492880613,0.0727188513200556,0.0880861850443599,0.396819163557824,0.220942408376963,0.0198300283286119,0.081532104259377,0.078125,0.218956230157315,0.0630855715178014,0.671038130923518,0.234839924670433,0.0748078665147132,0.0503446835178609,0.160412994208008,0.257525483514184,2.79364238685692
"Lgals3",0.0870474172157844,0.263066579917588,0.0331199761833879,0.0292313017211541,0.0333824251350025,0.0284844701108163,0.0932686822589846,0.0999245283018868,0.0122850122850123,0.0475,0.0374015748031496,0.0125725338491296,0.0242888138862102,0.00803858520900321,0.0360824742268041,0.0910862870995217,0.109268951544825,0.0806451612903226,0.241630759032151,0.0782413873370577,0.112282211228221,0.148941479848605,0.0290306708217156,0.0257936507936508,0.025987525987526,0.0652062021488773,0.294616977225673,0.0777069316225943,0.032422417786012,0.032319391634981,0.232083251521696,0.0335078534031414,0.0056657223796034,0.00969485060394151,0,0.071772553775907,0.0149906308557152,0.0732587612960106,0.103389830508475,0.027731509891587,0.0233966993941926,0.0274490052883405,0.0511762771649777,0.163094273786529
"Lgals3bp",0.145982436911125,0.0228258512253307,0.0386275677284906,0.0696957301532362,0.0517918507609229,0.0327432049766996,0.0499144324015973,0.101735849056604,0.0171990171990172,0.015,0.0255905511811024,0.0261121856866538,0.0577085342333655,0.0241157556270096,0.0438144329896907,0.0999967241040425,0.074826945804491,0,0.178764777372666,0.0920623836126629,0.193805119380512,0.169945514286903,0.0611776283418074,0.0556878306878307,0.0332640332640333,0.0995625040211027,0.239130434782609,0.121381630417775,0.0426123205187587,0.0627376425855513,0.156881994894954,0.0596858638743456,0.0113314447592068,0.0398919262555626,0.015625,0.163699925088289,0.0356027482823235,0.121377011240908,0.0493408662900188,0.0350661874287718,0.0587006475872154,0.0883908335431881,0.0911726900427465,0.24224769975284
"Lgals9",0.137692950552068,0.0340490132292344,0.0627418874665079,0.0896762216418615,0.0654148257241041,0.0413498628731967,0.0653166001140901,0.0624905660377358,0.0565110565110565,0.1225,0.0344488188976378,0.062862669245648,0.0573469141755063,0.0241157556270096,0.0579896907216495,0.0959346131166874,0.065203444200574,0.00537634408602151,0.124185172909071,0.0696141759776536,0.135513013551301,0.149856507091461,0.0470723306544202,0.0619047619047619,0.0249480249480249,0.074374316412533,0.112284334023464,0.0844547019245814,0.0474756831866605,0.0405576679340938,0.0840369134105635,0.0465968586387435,0.0594900849858357,0.0276541640178004,0.0703125,0.0861841401205722,0.061211742660837,0.115288186026008,0.0623352165725047,0.0728792262061307,0.0706078963860455,0.062200956937799,0.0909634412459271,0.21654516376929
"Lgr5",0.0448996487902921,0.0104641075688571,0.0168204822863948,0.0195085113747207,0.0326460481099656,0.0141251755891993,0.0145464917284655,0.025559748427673,0.0196560196560197,0.0175,0.0118110236220472,0.00676982591876209,0.0196480231436837,0.0337620578778135,0.0244845360824742,0.0199993448208085,0.0355900725983454,0.00537634408602151,0.0132582035134239,0.0249650837988827,0.0280347028034703,0.0179262155305078,0.0295227160898803,0.0222222222222222,0.0155925155925156,0.0227433571382616,0.0214630779848171,0.0209278673134095,0.0264011116257527,0.0126742712294043,0.0153151384252896,0.0115183246073298,0.0113314447592068,0.0154164017800381,0.0078125,0.0213676738130061,0.0124921923797626,0.0276752259202116,0.0163841807909605,0.0274100698401566,0.0135784416127011,0.0219088390833543,0.027351807012824,0.0543855276548902
"Lif",0.122944225607327,0.019898069833008,0.0262727002083954,0.0245115005821088,0.0294550810014728,0.0181386430020736,0.0362236166571592,0.0360754716981132,0.0221130221130221,0.0175,0.0137795275590551,0.0319148936170213,0.0306171648987464,0.00643086816720257,0.0141752577319588,0.0374271113149446,0.0401148066858011,0.021505376344086,0.0259639818804552,0.0416084729981378,0.0711264071126407,0.049661023998669,0.0287026406429392,0.0271164021164021,0.0249480249480249,0.0397606639644856,0.0249137336093858,0.0336606164919418,0.0308012968967114,0.0209125475285171,0.0174749656391125,0.0926701570680628,0.0368271954674221,0.0178003814367451,0,0.0332465308743267,0.0118675827607745,0.0741955036367644,0.0278719397363465,0.0224131381315566,0.0194276164612492,0.0236716192394863,0.0486055062326249,0.155409475149023
"Lifr",0.0712937482589215,0.0232595966167859,0.0355760643048526,0.0707026210628992,0.0441826215022091,0.0358313451804946,0.0245293782087849,0.0499622641509434,0.00982800982800983,0.015,0.0127952755905512,0.0241779497098646,0.0458052073288332,0.0160771704180064,0.0128865979381443,0.0290244381838433,0.0308627384771231,0.0268817204301075,0.0345818141641808,0.0538582402234637,0.0442389044238904,0.024206629788296,0.0316549122519272,0.0555555555555556,0.00935550935550936,0.0352570288876021,0.0439613526570048,0.0391175089970271,0.0236220472440945,0.0291508238276299,0.0752012566267426,0.0130890052356021,0.0424929178470255,0.161951684678957,0,0.0765883066386045,0.023735165521549,0.0426493277496143,0.0263653483992467,0.0461120364688349,0.0240233966993942,0.0345001259128683,0.0440319253878576,0.0932249153633664
"Lmna",1.10600336890557,0.980698330080243,0.204748437034832,0.243604669456594,0.103215513009327,0.149813819706125,1.68910439247005,0.142238993710692,0.0442260442260442,0.315,0.191929133858268,0.697292069632495,0.218328109932498,0.0385852090032154,0.0322164948453608,1.33971041079735,0.334593955765659,0.193548387096774,0.637609103966413,0.144349394785847,1.22284362228436,1.08825853678825,0.0552730851238314,0.100661375661376,0.103950103950104,0.0890111304124043,0.340579710144928,0.526736817399468,0.0836035201482168,0.0443599493029151,0.382289416846652,0.116230366492147,0.0878186968838527,0.103782581055308,0,0.203866871187529,0.0737039350405996,0.552292263610315,0.325612052730697,0.109231173840624,0.175057447252977,0.101989423319063,0.190207156308851,2.17109061831474
"Lpar5",0.111527957490348,0.0972674040338321,0.0721941053885085,0.0951826563040811,0.0996563573883162,0.14646926352873,0.060467769537935,0.0969559748427673,0.0393120393120393,0.015,0.047244094488189,0.0473887814313346,0.0981497107039537,0.0530546623794212,0.0811855670103093,0.0622420231933434,0.0945466824244471,0.032258064516129,0.0761241851729091,0.107454608938547,0.0703377070337707,0.0762384061889115,0.111858290962769,0.117857142857143,0.0665280665280665,0.101299620407901,0.0786749482401656,0.065013299953059,0.079203334877258,0.0785804816223067,0.0832515216964461,0.0727748691099476,0.138810198300283,0.0508582326764145,0.0859375,0.107409124959869,0.0655840099937539,0.111293255455147,0.0736346516007533,0.160661582069489,0.114685606851891,0.0886426592797784,0.113323169820345,0.151130911583276
"Ltb",0.0460660086800086,0.0136629798308393,0.0244864543018756,0.0190679966017432,0.0295778105056456,0.0257642310865348,0.0276668568168853,0.0410062893081761,0.0171990171990172,0.01,0.00295275590551181,0.00386847195357834,0.0145853423336548,0.0610932475884244,0.128865979381443,0.0264364803773832,0.0261691710281952,0.00537634408602151,0.0137001436305381,0.04431447858473,0.0234459023445902,0.0153059102441459,0.0526488436936198,0.0239417989417989,0.0353430353430353,0.105449398443029,0.022360248447205,0.0262087310280081,0.0576655859194071,0.050063371356147,0.0186530532102886,0.0267015706806283,0.0793201133144476,0.0104895104895105,0.0078125,0.0305354403738451,0.0718301061836352,0.0306920872823452,0.016195856873823,0.0147570205429415,0.0378107374138291,0.0750440695039033,0.0530595163363525,0.0578644567678152
"Ltbr",0.0644439873887337,0.0416395575797007,0.0400416790711521,0.068877631289135,0.0640648011782032,0.12193136970724,0.0305191100969766,0.0484025157232704,0.0343980343980344,0,0.0354330708661417,0.00967117988394584,0.0714500964320154,0.022508038585209,0.0103092783505155,0.0335124156456791,0.0569643761607294,0.021505376344086,0.0533642691415313,0.0568843109869646,0.0620205062020506,0.0494946554090588,0.0598655076267017,0.0314814814814815,0.027027027027027,0.032072315511806,0.0483781918564527,0.0389805977155375,0.0282538212135248,0.032319391634981,0.0475161987041037,0.0209424083769634,0.0198300283286119,0.0487921169739352,0,0.0562908001284201,0.0137414116177389,0.0621969363015208,0.0504708097928437,0.0952923643376874,0.0231878002924587,0.0345001259128683,0.0466923743759902,0.0924979749517104
"Ltf",0.0804267627525052,0.0191390153979614,0.0285799345043168,0.0309618954721374,0.124815905743741,0.0251510624540124,0.0333713633770679,0.0442264150943396,0.0122850122850123,0,0.0108267716535433,0.0222437137330754,0.0231135486981678,0.0305466237942122,0.0219072164948454,0.0368046910830112,0.03927063987844,0,0.0348027842227378,0.0682611731843575,0.0539901053990105,0.0309445576675124,0.0324749876988683,0.0423280423280423,0.00831600831600832,0.0621179952390143,0.0383712905452036,0.0334063526834611,0.047244094488189,0.0386565272496831,0.0396622815629295,0.031413612565445,0.0254957507082153,0.0689764780673872,0,0.0480861841401206,0.0231105559025609,0.0494682609653956,0.024105461393597,0.0400338973145145,0.0538959682473365,0.0176278015613196,0.0558096433802648,0.10448210688101
"Lum",0.100221035613029,0.0221752331381479,0.0278356653766002,0.0376010824077279,0.0609965635738832,0.0259314588954046,0.0490587564175699,0.0281761006289308,0.00982800982800983,0.0275,0.0246062992125984,0.0222437137330754,0.142297492767599,0.0144694533762058,0.0115979381443299,0.0413254275044225,0.0490967415161236,0.010752688172043,0.032151143520053,0.0510649441340782,0.0700509070050907,0.0426735432350372,0.0715105789732655,0.0305555555555556,0.0103950103950104,0.0352891977095799,0.035127674258109,0.0605734626818964,0.0384437239462714,0.0354879594423321,0.0375024543491066,0.0293193717277487,0.0339943342776204,0.0230451366815003,0.0859375,0.0464809331858881,0.0249843847595253,0.0556948424068768,0.0502824858757062,0.0536512667660209,0.0541048673490704,0.0352556031226391,0.0443906376109766,0.118584750867136
"Ly6d",0.0690677712372527,1.20028193450445,0.0753200357249181,0.0350209244517164,0.0533873343151694,0.0254074784276127,0.0208214489446663,0.0405031446540881,0.0614250614250614,0.035,0.113188976377953,0.0164410058027079,0.0298637897782064,0.0144694533762058,0.0309278350515464,0.0308589399200681,0.0949518824919804,0.0967741935483871,0.0258534968511767,0.0537854981378026,0.0407973040797304,0.0422576217610115,0.100377234705593,0.0380952380952381,0.0155925155925156,0.0597696712346394,0.0342995169082126,0.0374354561101549,0.0479388605836035,0.0354879594423321,0.0233654034949931,0.0303664921465969,0,0.0257469802924348,0.0390625,0.0456604715870581,0.0537164272329794,0.0531050253471457,0.0286252354048964,0.0355337365944888,0.050135784416127,0.0322336942835558,0.0513855259617972,0.0941387833094482
"Ly75",0.0747407582901372,0.0301995228800694,0.0405626674605537,0.0607281079890501,0.0722876779577811,0.128932640638587,0.03593839132915,0.0514716981132075,0.0245700245700246,0.0075,0.0374015748031496,0.0212765957446809,0.0632232401157184,0.022508038585209,0.0567010309278351,0.0435857957151281,0.0497383082897181,0.0161290322580645,0.0298309579052038,0.054280144320298,0.0517674051767405,0.0551511874558083,0.037395440380515,0.051984126984127,0.0228690228690229,0.04539020781059,0.0436853002070393,0.048407917383821,0.0433070866141732,0.0519645120405577,0.038287846063224,0.0345549738219895,0.0056657223796034,0.0340114431023522,0.046875,0.0533656761673742,0.0349781386633354,0.0550336125192859,0.0531073446327684,0.116682738669238,0.0595362439941508,0.0453286325862503,0.059366872926195,0.0990612083826614
"Lyn",0.0484950572896191,0.011602689221427,0.0211372432271509,0.0170227494414902,0.0227049582719686,0.0128319472006065,0.0208214489446663,0.0342641509433962,0.00491400491400491,0.0025,0.0127952755905512,0.0106382978723404,0.0134402121504339,0.00482315112540193,0.0193298969072165,0.0211622878857367,0.0267094377849063,0.00537634408602151,0.0375649099547011,0.0360946229050279,0.0379293037929304,0.019173979952585,0.0150893882237166,0.0276455026455026,0.00103950103950104,0.0202985266679534,0.0258109040717736,0.0207322797684243,0.0166743862899491,0.0240811153358682,0.0302375809935205,0.00523560209424084,0.0113314447592068,0.020979020979021,0,0.0330681696571897,0.0112429731417864,0.0310089266034825,0.0163841807909605,0.0297478156687414,0.0233966993941926,0.0103248552002015,0.0256479239530087,0.0668058238311837
"Lyz3",0.0950140718196516,0.030958577315116,0.0395206906817505,0.0447751801390768,0.0540009818360334,0.029387500278713,0.0487735310895607,0.0545408805031447,0.0343980343980344,0.045,0.0255905511811024,0.0319148936170213,0.0374276759884282,0.0434083601286174,0.0528350515463918,0.0462884098801022,0.0500759750126625,0.032258064516129,0.0434206165064634,0.0653514897579143,0.0635262063526206,0.044919519194776,0.0457602099393144,0.0482804232804233,0.025987525987526,0.0517596345621823,0.0465148378191856,0.0443005789391332,0.054886521537749,0.0405576679340938,0.0430001963479285,0.0418848167539267,0.0311614730878187,0.0235219326128417,0.046875,0.0600720579317233,0.0387257963772642,0.0679826978179414,0.0455743879472693,0.0471055784459835,0.0490912889074577,0.0475950642155628,0.0674677906316324,0.123289093816853
"Maf",0.0633192832093642,0.141346779440468,0.0180113128907413,0.0336364494509298,0.037432498772705,0.0321300363441771,0.0550484883057616,0.0522264150943396,0.0122850122850123,0.005,0.0324803149606299,0.0164410058027079,0.0384824011571842,0.0289389067524116,0.0206185567010309,0.0436185546747035,0.0850920141820024,0.010752688172043,0.0897138437741686,0.0703125,0.0524127052412705,0.0469991265649045,0.0362473347547974,0.060978835978836,0.0239085239085239,0.054140127388535,0.161628709454796,0.0449851353465811,0.0280222325150533,0.0304182509505703,0.0962104849793835,0.0869109947643979,0.028328611898017,0.0101716465352829,0.03125,0.148360860414511,0.00811992504684572,0.0482422305488208,0.0395480225988701,0.034803191023056,0.0123250470022979,0.0256862251322085,0.0561683556033839,0.0867551456996282
"Maml2",0.165276841247484,0.0302537410540013,0.0455492706162548,0.04858248639124,0.0634511536573392,0.0403353474993868,0.0533371363377068,0.0486037735849057,0.0196560196560197,0.01,0.0137795275590551,0.02321083172147,0.0424903567984571,0.0418006430868167,0.0219072164948454,0.070333486208478,0.0573695762282627,0,0.050602143409568,0.0615689013035382,0.116225711622571,0.0494946554090588,0.0395276365425619,0.0457671957671958,0.0623700623700624,0.0571639966544425,0.0534851621808144,0.0435964637771867,0.0507179249652617,0.0449936628643853,0.0424111525623405,0.0230366492146597,0.0481586402266289,0.0348061029879212,0.1015625,0.0619270145899476,0.00624609618988132,0.099101829402689,0.0468926553672316,0.0674731889775284,0.0908711092542302,0.0627046084109796,0.0720413714763997,0.21569360500135
"Map1lc3b",0.252175859995158,0.118792019084797,0.0753944626376898,0.106698971083352,0.087874324987727,0.117683783361948,0.116371933827724,0.0912201257861635,0.0393120393120393,0.0625,0.0639763779527559,0.0551257253384913,0.109480472516876,0.0594855305466238,0.0682989690721649,0.127399593788901,0.103326017221003,0,0.124185172909071,0.121406540968343,0.210009321000932,0.134758557584328,0.0749548958504182,0.0723544973544974,0.025987525987526,0.106060606060606,0.127329192546584,0.0973048036301048,0.095877721167207,0.0899873257287706,0.0991557039073238,0.0727748691099476,0.0708215297450425,0.154799745708837,0.09375,0.116505547033853,0.0543410368519675,0.175391227683491,0.068361581920904,0.101224394377721,0.0739502820137873,0.0710148577184588,0.12241054613936,0.350457972459343
"Mapk13",0.105258773083121,0.300910865322056,0.0284310806787734,0.0347377363833737,0.0567010309278351,0.0267675979397534,0.0296634341129492,0.0517735849056604,0.0147420147420147,0.01,0.0295275590551181,0.0299806576402321,0.0310089199614272,0.00964630225080386,0.0283505154639175,0.0412271506256961,0.0592942765490461,0.00537634408602151,0.0414318859794498,0.0666026536312849,0.0800172080017208,0.039013434263611,0.0288666557323274,0.0518518518518519,0.0103950103950104,0.0407257286238178,0.038440303657695,0.0350492880613363,0.0352014821676702,0.0310519645120406,0.0327901040644021,0.0178010471204188,0.0198300283286119,0.0363954227590591,0.0078125,0.0483358898441123,0.0174890693316677,0.0694291381970465,0.035969868173258,0.0427515268402443,0.0353039481930228,0.0254343993956182,0.0677368247989717,0.144079589590213
"Mapk14",0.0496093475414019,0.0936890045543266,0.0244120273891039,0.0333847267235141,0.0294550810014728,0.0398336640727775,0.0176839703365659,0.0520754716981132,0.027027027027027,0.005,0.0226377952755906,0.0280464216634429,0.0336005303760849,0.0128617363344051,0.0347938144329897,0.025273537312455,0.0333952388992065,0.010752688172043,0.0339189039885096,0.0374621741154562,0.0311895031189503,0.0290729110343967,0.0160734787600459,0.0169312169312169,0.0124740124740125,0.0273434986810783,0.0328502415458937,0.0275387263339071,0.0236220472440945,0.023447401774398,0.037698802277636,0.00785340314136126,0.0368271954674221,0.0537190082644628,0.015625,0.0436984981985517,0.0106183635227983,0.0435447432223936,0.0224105461393597,0.0320855614973262,0.0144140380196365,0.0294636111810627,0.0346755149015036,0.0739921490435541
"Marco",0.0490443919698204,0.0374105400130124,0.0224769276570408,0.0268714011516315,0.047987236131566,0.021839951838391,0.047062179121506,0.0326037735849057,0.00491400491400491,0.04,0.0167322834645669,0.0222437137330754,0.0276639344262295,0.0241157556270096,0.0154639175257732,0.0293847867391732,0.0374472395745399,0.0483870967741935,0.0225389459728207,0.0391352420856611,0.0380010038001004,0.0291145031817993,0.0164015089388224,0.0366402116402116,0.025987525987526,0.0333268995689378,0.0398205659075224,0.0252307933030825,0.031496062992126,0.0291508238276299,0.0265069703514628,0.0209424083769634,0.0113314447592068,0.02177368086459,0.0078125,0.036849427460493,0.014366021236727,0.0431452501653075,0.0282485875706215,0.0353584056573449,0.0417798203467725,0.0289599597078821,0.0480674378979464,0.0663385049951191
"Mb",0.0620123352972265,0.0280307959227933,0.125334921107472,0.164217614297851,0.0408689248895434,3.85232669624741,0.0211066742726754,0.0599748427672956,0.085995085995086,0.0175,0.104330708661417,0.157640232108317,0.766242767598843,0.00803858520900321,0.0193298969072165,0.0302856581274979,0.0351511058585176,0.0161290322580645,0.0237542812948845,0.0389170158286778,0.0324801032480103,0.0740756145239779,0.0711825487944891,0.0575396825396825,0.0187110187110187,0.0325870166634498,0.0274672187715666,0.0257784384290408,0.0259379342288096,0.023447401774398,0.285882583938739,0.0387434554973822,0.0141643059490085,0.101398601398601,0.03125,0.0511183248314487,0.0106183635227983,0.0435447432223936,0.0301318267419962,0.303147190321732,0.0392730311259662,0.0085620750440695,0.0395480225988701,0.0967038444762914
"Mcpt8",0.0392214547736142,0.0284645413142485,0.0260494194700804,0.0330700733142444,0.0562101129111438,0.0275702914223283,0.0273816314888762,0.0363270440251572,0.00491400491400491,0.0275,0.0324803149606299,0.0212765957446809,0.031852700096432,0.0241157556270096,0.0180412371134021,0.0258140601454498,0.0367381394563566,0.010752688172043,0.0331455087835598,0.0395862430167598,0.0263139026313903,0.0262030528636193,0.020501886173528,0.0466931216931217,0.0467775467775468,0.0393103004567973,0.0331262939958592,0.0306876858081677,0.0287169986104678,0.0202788339670469,0.0329864519929315,0.0267015706806283,0.0113314447592068,0.0265416401780038,0,0.0456604715870581,0.0206121174266084,0.0289425832047609,0.0291902071563089,0.0398585663773706,0.0175475245456445,0.0355074288592294,0.0447194571488357,0.0521735518308514
"Mecom",0.0743085802952869,0.0156148340923878,0.0175647514141113,0.0596582863975331,0.0387825233186058,0.0348837209302326,0.0296634341129492,0.0214842767295597,0.0294840294840295,0.01,0.00590551181102362,0.0106382978723404,0.0226615236258438,0.0241157556270096,0.0141752577319588,0.0268951058114394,0.0322809387134898,0.0268817204301075,0.0249696166169484,0.032661196461825,0.0461031046103105,0.0278667387597222,0.0385435460062326,0.0308201058201058,0.0114345114345114,0.0269574728173454,0.0265700483091787,0.0243702081051479,0.0194534506716072,0.017743979721166,0.0231690555664638,0.00890052356020942,0.0056657223796034,0.0294024157660521,0.0078125,0.0279670388470731,0.0181136789506558,0.0551851443685255,0.0224105461393597,0.0504076444288595,0.0296636724462085,0.0176278015613196,0.0342570173078648,0.0970569298190957
"Meg3",0.0735978297374909,0.026566905226632,0.0355760643048526,0.0836663415248104,0.0693421698576338,0.123380677384111,0.0285225328009127,0.0411572327044025,0.027027027027027,0.0575,0.0226377952755906,0.0551257253384913,0.361740597878496,0.0289389067524116,0.0335051546391753,0.0397693769245889,0.0864089144014857,0.0376344086021505,0.0369019997790299,0.0520687849162011,0.0449559044955904,0.0465832050908788,0.04986058717402,0.0653439153439153,0.0311850311850312,0.0415299491732613,0.0369910282953761,0.196154748865592,0.0266327003242242,0.0247148288973384,0.0451600235617514,0.0356020942408377,0.0311614730878187,0.0398919262555626,0.0234375,0.0490136624692327,0.0256089943785134,0.0887701124090809,0.0327683615819209,0.0856491627947751,0.0484645916022561,0.0382775119617225,0.0572145995874809,0.0886036513178391
"Mertk",0.0600623273566067,0.0220125786163522,0.0314081571896398,0.044586388093515,0.0501963672066765,0.0260763896630917,0.031374786081004,0.0594213836477987,0.0122850122850123,0.03,0.0118110236220472,0.00386847195357834,0.0300144648023144,0.0144694533762058,0.0451030927835052,0.031104632116884,0.0426473071078845,0.0376344086021505,0.0466246823555408,0.0642749068901304,0.0367104036710404,0.039304579295429,0.0477283910119731,0.0568783068783069,0.0301455301455301,0.0397928327864634,0.0759834368530021,0.0347167892348615,0.0296433534043539,0.0583016476552598,0.0585116827017475,0.0219895287958115,0.0113314447592068,0.0573744437380801,0.0078125,0.100274676274391,0.018738288569644,0.0459554771875689,0.0374764595103578,0.0450600508459718,0.0282013787340714,0.0264417023419793,0.0477386183600873,0.078654952541176
"Met",0.0475473898792245,0.0213619605291694,0.020690681750521,0.0256757181964067,0.0206185567010309,0.0250618742892818,0.0231032515687393,0.0244528301886792,0.0245700245700246,0.0175,0.015748031496063,0.00870406189555126,0.0222396335583414,0.0176848874598071,0.0141752577319588,0.0199502063814453,0.0190444031740672,0,0.0227599160313777,0.0267981843575419,0.0346311034631103,0.0250800648837499,0.0241102181400689,0.021031746031746,0.00727650727650728,0.0158592292350254,0.0202208419599724,0.0179353778751369,0.0169059749884206,0.0139416983523447,0.0202238366385235,0.0157068062827225,0.0028328611898017,0.0292434837889383,0.0546875,0.0240074198266329,0.00811992504684572,0.0327997575490412,0.02015065913371,0.0458198182402618,0.0100271568832254,0.0115839838831529,0.0256778166382686,0.0646250025962158
"Mfap5",0.148679644156094,0.0220667967902841,0.05879726108961,0.0555363267361002,0.105547373588611,0.0346050079154496,0.0573302909298346,0.0677232704402516,0.0368550368550369,0.025,0.0226377952755906,0.0541586073500967,0.234239392478303,0.0273311897106109,0.086340206185567,0.0658946471860054,0.115785919297653,0.032258064516129,0.0584465804883438,0.096848812849162,0.107980210798021,0.0708314270265774,0.0698704280793833,0.0455026455026455,0.0374220374220374,0.090651740333269,0.0835058661145618,0.136735252699108,0.0926354793886058,0.0684410646387833,0.0685254270567446,0.062303664921466,0.0056657223796034,0.0214558169103624,0,0.0941033781614526,0.051842598376015,0.0975589596649769,0.0593220338983051,0.117559393354957,0.0983914769166493,0.0775623268698061,0.113113921023526,0.185587887095769
"Mgp",0.0584117198341061,0.0170787247885491,0.0203929740994344,0.150561656335546,0.038046146293569,0.0569577917010413,0.0330861380490588,0.0332578616352201,0.0122850122850123,0.0125,0.0167322834645669,0.00773694390715667,0.23023143683703,0.00964630225080386,0.0180412371134021,0.036051235012776,0.0260003376667229,0.032258064516129,0.0339189039885096,0.032733938547486,0.0539184053918405,0.0486212203136048,0.0136132524192226,0.0235449735449735,0.0135135135135135,0.0290162774239207,0.0257418909592823,0.0363401658582381,0.0215377489578509,0.026615969581749,0.0408403691341056,0.0157068062827225,0.0028328611898017,0.0398919262555626,0,0.0312845574858203,0.0256089943785134,0.0390125633678642,0.0329566854990584,0.0515765173431519,0.0300814706496762,0.0264417023419793,0.0287268705347801,0.086308596589611
"Mif",0.583010718534969,0.396714378659727,0.259675498660316,0.175985651804537,0.179921453117329,0.206258779459966,0.371363377067884,0.219169811320755,0.117936117936118,0.2075,0.312007874015748,0.351063829787234,0.136933461909354,0.0932475884244373,0.420103092783505,0.425915612920134,0.337126456187743,0.139784946236559,0.338747099767981,0.266032355679702,0.460744246074425,0.384935324210789,0.160078727242906,0.209126984126984,0.136174636174636,0.306086341118188,0.42263630089717,0.311610076670318,0.278832792959704,0.192648922686946,0.261731788729629,0.404188481675393,0.0509915014164306,0.153846153846154,0.234375,0.251596332893376,0.0793254216114928,0.456248622437734,0.283804143126177,0.177844013909588,0.231251305619386,0.273986401410224,0.376319014737094,0.877977859472034
"Mki67",0.110936967099799,0.0745499891563652,0.0569365882703185,0.0361222113841604,0.0444280805105547,0.0224085263885482,0.0530519110096977,0.0572578616352201,0.00982800982800983,0.035,0.0265748031496063,0.0406189555125725,0.0244696239151398,0.0996784565916399,0.0889175257731959,0.069154163663762,0.0427148404524734,0.0752688172043011,0.0719257540603248,0.0730621508379888,0.0797304079730408,0.0610156802395708,0.0162374938494341,0.0436507936507936,0.0291060291060291,0.0663642797400759,0.0552104899930987,0.0568181818181818,0.0889300602130616,0.0525982256020279,0.0398586294914589,0.0612565445026178,0.0056657223796034,0.0397329942784488,0,0.0685263796240146,0.0462211118051218,0.0693327088384395,0.0282485875706215,0.034803191023056,0.0340505535826196,0.0679929488793755,0.0767644157474666,0.17630381955262
"Mlh1",0.0611688071626994,0.043699848189113,0.0244864543018756,0.0291998363802272,0.0341188021600393,0.0287074405226426,0.0293782087849401,0.0337610062893082,0.0368550368550369,0.0225,0.030511811023622,0.0106382978723404,0.0290501446480231,0.0289389067524116,0.0322164948453608,0.0309899757583699,0.0365693060948843,0.0483870967741935,0.0271793172025191,0.0371130121042831,0.0441672044167204,0.0274092251382939,0.052812858783008,0.0235449735449735,0.0155925155925156,0.0351605224216689,0.027536231884058,0.0280863714598654,0.0326540064844836,0.0285171102661597,0.0292558413508737,0.0282722513089005,0.0169971671388102,0.0505403687221869,0.0078125,0.0352798487496879,0.0231105559025609,0.0469335463962971,0.0169491525423729,0.0420502030916689,0.0313348652600794,0.0226643162931252,0.0419693301049233,0.0843666272041872
"Mmp12",0.0859982140114189,0.0153979613966602,0.0226257814825841,0.0217425505805355,0.0385370643102602,0.0210484068764075,0.0399315459212778,0.0706918238993711,0.00491400491400491,0.015,0.015748031496063,0.0328820116054159,0.0213355834136933,0.0192926045016077,0.0206185567010309,0.0336434514839809,0.0862400810400135,0.043010752688172,0.0602143409568004,0.0520105912476723,0.0577185057718506,0.0403859751278959,0.0273905199278334,0.0242063492063492,0.0176715176715177,0.0322974972656501,0.208695652173913,0.0344820841808794,0.0250115794349236,0.0247148288973384,0.0626349892008639,0.0246073298429319,0.0594900849858357,0.0144628099173554,0.0234375,0.0357792601576713,0.00811992504684572,0.0575683270883844,0.0939736346516008,0.0420209812688115,0.0236055984959265,0.0193905817174515,0.0418796520491436,0.11356886202671
"Mmp14",0.143027484958383,0.0667967902841032,0.0500148853825543,0.0854913312985746,0.0508100147275405,0.0324533434413253,0.0875641756988021,0.104553459119497,0.0417690417690418,0.0375,0.0295275590551181,0.0290135396518375,0.0991140308582449,0.0305466237942122,0.0309278350515464,0.103960558212671,0.0982272497045416,0.032258064516129,0.144735388354878,0.111731843575419,0.193303219330322,0.0940814374246142,0.0285386255535509,0.0835978835978836,0.051975051975052,0.0690021231422505,0.187715665976536,0.139258332029416,0.0442334414080593,0.0361216730038023,0.102886314549382,0.0575916230366492,0.0084985835694051,0.0548315321042594,0.03125,0.115007312809903,0.014366021236727,0.0922002424509588,0.0578154425612053,0.071681131468981,0.0292458742427408,0.04507680684966,0.0662122978507159,0.221696055829024
"Mmp19",0.124147034243597,0.0202775970505313,0.0456981244417982,0.0436738932066329,0.0575601374570447,0.0218622488795737,0.0427837992013691,0.0682264150943396,0.00491400491400491,0.015,0.0127952755905512,0.0290135396518375,0.0491803278688525,0.0466237942122186,0.0360824742268041,0.0460754766428618,0.0843491473915246,0.00537634408602151,0.0630869517180422,0.0962668761638734,0.0623073062307306,0.0536122780019132,0.0336230933245859,0.0445767195767196,0.0291060291060291,0.0631795663642797,0.106349206349206,0.0640940384916289,0.0616025937934229,0.0468948035487959,0.069310818770862,0.0340314136125654,0.0169971671388102,0.0178003814367451,0.0234375,0.0919987157992366,0.0318550905683948,0.0763996032620674,0.0811676082862524,0.0382513661202186,0.054731564654272,0.0790732812893478,0.0774818401937046,0.154859077408769
"Mmp1a",0.123436283685801,0.0226089785296031,0.0330455492706163,0.0345174789968849,0.0613647520864016,0.0269125287074405,0.0459212778094695,0.0411069182389937,0.0491400491400491,0.015,0.0236220472440945,0.02321083172147,0.0323951301832208,0.0369774919614148,0.0244845360824742,0.0511039769376925,0.0485564747594125,0.010752688172043,0.0393326704231577,0.0491300046554935,0.0777945077794508,0.0434637940356861,0.0414958176152206,0.0386243386243386,0.0343035343035343,0.0418194685710609,0.0435472739820566,0.0417188233453294,0.0342751273737842,0.0221799746514575,0.0384841939917534,0.0345549738219895,0.0424929178470255,0.0254291163382072,0.0078125,0.0456961438304855,0.0287320424734541,0.0735618249944898,0.036346516007533,0.0461704801145495,0.0367662419051598,0.0339964744396877,0.0560786775476041,0.158940328577066
"Mmp2",0.120856233126183,0.0362719583604424,0.026123846382852,0.0477014568452849,0.0733922434953363,0.0281723115342594,0.0376497432972048,0.065559748427673,0.00737100737100737,0.015,0.0354330708661417,0.0251450676982592,0.366381388621022,0.00964630225080386,0.0335051546391753,0.0479099783790867,0.0758399459733243,0.00537634408602151,0.0531432990829743,0.0825477188081937,0.0841041084104108,0.0572723869733394,0.0769230769230769,0.083994708994709,0.0634095634095634,0.0430097149842373,0.0708764665286404,0.139962447191363,0.032422417786012,0.0329531051964512,0.0683290791282152,0.0277486910994764,0.0113314447592068,0.0317863954227591,0.0078125,0.092676488424357,0.0162398500936914,0.129435750495922,0.0493408662900188,0.0819672131147541,0.0146229371213704,0.0365147318055905,0.0612202194123098,0.159833426797101
"Mmp7",0.0541341990778467,0.0180546519193234,0.0215838047037809,0.0201378181932601,0.0423416789396171,0.0182278311668042,0.0305191100969766,0.0258616352201258,0.0221130221130221,0.0225,0.0118110236220472,0.0135396518375242,0.0180207328833173,0.00643086816720257,0.0154639175257732,0.0236028303741073,0.0348809724801621,0.0376344086021505,0.0218760357971495,0.0299406424581006,0.0369972036997204,0.0184253212993387,0.0180416598327046,0.0259259259259259,0.025987525987526,0.0277295245448112,0.0221532091097308,0.0211821311218902,0.0240852246410375,0.0114068441064639,0.0172786177105832,0.0214659685863874,0.0113314447592068,0.0127145581691036,0.03125,0.0342453536902936,0.014366021236727,0.0373319374035706,0.0199623352165725,0.0324070015487566,0.025903488614999,0.021657013346764,0.032732490359609,0.068851641846844
"Mmp9",0.0927880947979828,0.0371936673172848,0.052694254242334,0.0639061074226739,0.0995336278841433,0.142043300853977,0.0781517398745009,0.0559496855345912,0.0221130221130221,0.025,0.0659448818897638,0.0299806576402321,0.0731376567020251,0.0112540192926045,0.0257731958762887,0.0533479656686104,0.0998818166469694,0.0376344086021505,0.058888520605458,0.0721892458100559,0.097225209722521,0.0668801730233332,0.0642939150401837,0.0388888888888889,0.0343035343035343,0.0652383709708551,0.141062801932367,0.0526912846189955,0.0340435386753126,0.0310519645120406,0.0614569016296878,0.0460732984293194,0.0679886685552408,0.040368722186904,0.0234375,0.0725573431313095,0.0349781386633354,0.0693602600837558,0.185875706214689,0.112562461646357,0.0515980781282641,0.051372450264417,0.0743431082414133,0.121575591417949
"Mpo",0.0475656142525013,0.0175124701800043,0.0739803512950283,0.0230955602403952,0.0402552773686794,0.0178933755490646,0.0216771249286937,0.0370817610062893,0.00245700245700246,0.0025,0.00885826771653543,0.00870406189555126,0.0210342333654773,0.00482315112540193,0.0206185567010309,0.0200484832601717,0.0322809387134898,0,0.0249696166169484,0.0387715316573557,0.0285366028536603,0.0161793453395999,0.0318189273413154,0.0279100529100529,0.0124740124740125,0.0349675094898025,0.0284334023464458,0.0250547645125958,0.0442334414080593,0.0133079847908745,0.0192420969958767,0.0178010471204188,0.0028328611898017,0.0212968849332486,0,0.0336032533086006,0.0343535290443473,0.0374696936301521,0.0175141242937853,0.0288711609830221,0.0108627532901609,0.034248300176278,0.0867485726242788,0.063981141088749
"Mrc1",0.068789198674307,0.0153979613966602,0.0521732658529324,0.0339511028601995,0.0514236622484045,0.0243929630538028,0.0379349686252139,0.105761006289308,0.0393120393120393,0.03,0.0196850393700787,0.00870406189555126,0.0363126808100289,0.0128617363344051,0.0283505154639175,0.041882329817205,0.190241431706905,0.010752688172043,0.26958347143962,0.134398277467412,0.0584355058435506,0.0781932371168323,0.048384451369526,0.0726190476190476,0.025987525987526,0.0385704175513093,0.73968253968254,0.0757901736817399,0.0409911996294581,0.0861850443599493,0.408796387198115,0.0486910994764398,0.028328611898017,0.0227272727272727,0.0234375,0.62030464095887,0.0256089943785134,0.0660678862684593,0.131638418079096,0.0483621168288478,0.0357217463964905,0.0438176781667086,0.0730876154604968,0.113101543190645
"Mrc2",0.0940638009273602,0.0355129039253958,0.0272402500744269,0.0439256159340486,0.0579283259695631,0.0329773239091173,0.0213918996006845,0.0467421383647799,0.00491400491400491,0.0025,0.0442913385826772,0.00870406189555126,0.11143924783028,0.00643086816720257,0.0128865979381443,0.037640044552185,0.0661489110248185,0.0483870967741935,0.0256325267926196,0.0519669459962756,0.0390048039004804,0.0349374038181591,0.0367393800229621,0.0801587301587302,0.0280665280665281,0.0429775461622595,0.0335403726708075,0.0643874198091066,0.0273274664196387,0.0278833967046895,0.025525230708816,0.0445026178010471,0.0084985835694051,0.025588048315321,0.015625,0.0419505582706096,0.0312304809494066,0.0582433325986335,0.0233521657250471,0.0382221442973613,0.0488823898057238,0.0209015361369932,0.0499805697545811,0.114254262986271
"Ms4a1",0.0846417999432441,0.0387659943613099,0.0784459660613278,0.0446807841162959,0.0586647029945999,0.033177997279761,0.0236737022247576,0.0751698113207547,0.00737100737100737,0.0275,0.0285433070866142,0.0251450676982592,0.0362524108003857,0.172025723472669,0.204896907216495,0.0444047697045142,0.0670268445044741,0.032258064516129,0.058888520605458,0.103177374301676,0.0554241055424106,0.0382231834629622,0.138592750533049,0.0917989417989418,0.0239085239085239,0.0888824551244933,0.0793650793650794,0.0657956501329995,0.0738767948124132,0.055766793409379,0.0422148046338111,0.0549738219895288,0.0708215297450425,0.027972027972028,0.0078125,0.107480469446724,0.0324797001873829,0.0620454044522812,0.0468926553672316,0.0661874287718068,0.0576561520785461,0.0763031981868547,0.0840283382656264,0.107919496541841
"Ms4a4b",0.127700787032577,0.0564953372370419,0.0445072938374516,0.0473868034360152,0.0790378006872852,0.0549176124328302,0.0664575014261266,0.0877987421383648,0.0515970515970516,0.0275,0.0285433070866142,0.0328820116054159,0.0419177917068467,0.0385852090032154,0.0876288659793814,0.0814223940247658,0.0787438797906466,0.010752688172043,0.0626450116009281,0.113012104283054,0.0847494084749408,0.0531131722330824,0.0959488272921109,0.0666666666666667,0.0810810810810811,0.167503056038088,0.0769496204278813,0.0715068064465655,0.0951829550717925,0.0652724968314322,0.0628313371293933,0.093717277486911,0.135977337110482,0.0332167832167832,0.125,0.107694502907288,0.135540287320425,0.0725424289177871,0.0662900188323917,0.0787820344233073,0.077501566743263,0.18005540166205,0.113502525931904,0.167455916256465
"Ms4a6b",0.111103589941187,0.0300368683582737,0.064900267936886,0.0497152386646109,0.0986745213549337,0.0701910856429352,0.0909868796349116,0.185006289308176,0.0491400491400491,0.0575,0.0344488188976378,0.0686653771760155,0.0580098842815815,0.138263665594855,0.128865979381443,0.108055428159602,0.113996285666048,0.043010752688172,0.261518064302287,0.201553770949721,0.0824550082455008,0.0686686353616437,0.154502214203707,0.13452380952381,0.0561330561330561,0.273016792125072,0.214285714285714,0.122437803160695,0.151227420101899,0.128643852978454,0.170430001963479,0.240837696335079,0.181303116147309,0.0379847425301971,0.171875,0.230514037027789,0.278575890068707,0.0812623980603923,0.0668549905838041,0.0927792875719587,0.0998537706287863,0.229916897506925,0.160015544196335,0.164485845431699
"Msh2",0.0847146974363514,0.031500759054435,0.0288776421554034,0.0412510619552563,0.0439371624938635,0.0600124863430623,0.0356531660011409,0.0395471698113208,0.0614250614250614,0.02,0.047244094488189,0.0338491295938104,0.0420986017357763,0.0434083601286174,0.0360824742268041,0.0448961540981458,0.0458551409758568,0.021505376344086,0.031930173461496,0.0494646182495345,0.0542769054276905,0.0356860624714054,0.0383795309168444,0.0214285714285714,0.0322245322245322,0.0364794441227562,0.0358868184955141,0.03618369582225,0.0398332561371005,0.0430925221799747,0.0369134105635186,0.0471204188481675,0,0.0278130959949142,0.0625,0.0363143438090822,0.0137414116177389,0.0643872603041657,0.0207156308851224,0.0677654072061015,0.0317526634635471,0.0536388818937295,0.0655845514602577,0.117795501277338
"Msmb",0.0672271095362938,0.0175666883539362,0.0291009228937184,0.0398980522953966,0.0490918016691213,0.0209034761087204,0.0316600114090131,0.0435723270440252,0.0245700245700246,0.0075,0.0167322834645669,0.0251450676982592,0.0265489392478303,0.0112540192926045,0.0309278350515464,0.0310063552381576,0.0356238392706399,0.00537634408602151,0.0280631974367473,0.058862895716946,0.0346311034631103,0.0217111009441417,0.026406429391504,0.0416666666666667,0.027027027027027,0.0519526474940488,0.0352657004830918,0.0326826787670161,0.0453913849004169,0.0297845373891001,0.0237580993520518,0.0225130890052356,0.0254957507082153,0.0171646535282899,0.015625,0.0550779438518888,0.0168644597126796,0.0435585188450518,0.0290018832391714,0.0376377078402151,0.0342594526843535,0.04507680684966,0.0591875168146355,0.0846366336428022
"Msr1",0.0227231899942984,0.00780741704619388,0.0135456981244418,0.0123658789842988,0.021845851742759,0.0121295904033535,0.0142612664004564,0.0371823899371069,0.00737100737100737,0.015,0.0118110236220472,0.00290135396518375,0.0111800867888139,0.0192926045016077,0.0219072164948454,0.0146432549302234,0.0350160391693399,0.00537634408602151,0.0879460833057121,0.0428159916201117,0.0231591023159102,0.0234995632824523,0.0221420370674102,0.019047619047619,0.00935550935550936,0.0175641767998456,0.0897170462387854,0.0257002034110468,0.0182955071792497,0.0209125475285171,0.066561947771451,0.0151832460732984,0.0056657223796034,0.00905912269548633,0.0546875,0.0485499233046766,0.00749531542785759,0.0218205862905003,0.0205273069679849,0.0232897928172759,0.0144140380196365,0.00956937799043062,0.0255881385824889,0.0360043201030178
"Mst1r",0.0327830440431032,0.0285729776621123,0.0114617445668354,0.0125861363707876,0.0185321551300933,0.0114829762090571,0.0114090131203651,0.0140377358490566,0.0196560196560197,0.0025,0.0246062992125984,0.00580270793036751,0.0195877531340405,0.00964630225080386,0.0077319587628866,0.0129397890323003,0.0202600033766672,0.0268817204301075,0.0119323831620815,0.0168616154562384,0.0167061016706102,0.0127687892525891,0.0201738559947515,0.0100529100529101,0.00207900207900208,0.01479765810976,0.013871635610766,0.0114809888906274,0.0148216767021769,0.0126742712294043,0.0113881798547025,0.0183246073298429,0.0028328611898017,0.0100127145581691,0.046875,0.0192630114507901,0.00874453466583385,0.0184180074939387,0.0105461393596987,0.0155752315829461,0.0223522038855233,0.00956937799043062,0.0201775625504439,0.0418717677113839
"Mt1",0.500480342409939,1.02933203209716,0.224248288181006,0.167395613731475,0.244968090328915,0.268199959865326,0.299771819737593,0.180930817610063,0.176904176904177,0.0875,0.425196850393701,0.363636363636364,0.52220949855352,0.0771704180064309,0.119845360824742,0.278516674310424,0.537329056221509,0.150537634408602,0.380399955805988,0.202775837988827,0.879615687961569,1.71879549141122,0.129407905527309,0.146957671957672,0.159043659043659,0.196808852859808,0.758040027605245,0.353876545141605,0.342751273737842,0.172370088719899,0.407618299626939,0.201570680628272,0.0113314447592068,0.288143674507311,0.2109375,0.38529590125923,0.0911930043722673,0.375110204981265,0.388323917137476,0.174249729698139,0.127428452057656,0.146058927222362,0.152273338714017,0.746474339003468
"Mt2",0.356455723885124,1.09141184124919,0.1158082762727,0.128221264277398,0.237113402061856,0.118865526544628,0.207929264118654,0.117333333333333,0.0982800982800983,0.15,0.46751968503937,0.234042553191489,0.490507473481196,0.0627009646302251,0.0412371134020619,0.201942606302824,0.469626878271146,0.182795698924731,0.196994807203624,0.12972823556797,0.600415860041586,1.17514453271222,0.0915204198786288,0.124867724867725,0.0987525987525988,0.117191018464904,0.3648033126294,0.252210139258332,0.203798054654933,0.0728770595690748,0.20047123502847,0.182722513089005,0.056657223796034,0.047361729179911,0.0234375,0.21478257767631,0.0605871330418488,0.299537139078686,0.251035781544256,0.165716957423804,0.0958846876958429,0.0951901284311257,0.12214151197202,0.52535983550377
"Mthfd1l",0.0336083478043535,0.0239644328779007,0.0155552247692766,0.0157326704634845,0.0153411880216004,0.0116056099355616,0.0196805476326298,0.0179119496855346,0.0245700245700246,0.01,0.0127952755905512,0.0241779497098646,0.0163331726133076,0.0289389067524116,0.0309278350515464,0.021735569678307,0.018267769711295,0.010752688172043,0.0182300298309579,0.0170798417132216,0.0241629024162902,0.0171775568772616,0.0090208299163523,0.0148148148148148,0.0051975051975052,0.0205880460657531,0.0165631469979296,0.0179353778751369,0.0203798054654933,0.014575411913815,0.0129589632829374,0.0136125654450262,0.0084985835694051,0.0158931977113795,0,0.0175864160097029,0.00499687695190506,0.0228813092351774,0.0150659133709981,0.0198123958972561,0.0100271568832254,0.0269453538151599,0.0198786356978447,0.0497538787463393
"Mtor",0.118520909864853,0.0439709390587725,0.0504614468591843,0.0718353733362701,0.0640648011782032,0.129434324065197,0.0430690245293782,0.051874213836478,0.00982800982800983,0.0125,0.0541338582677165,0.0338491295938104,0.0720226615236258,0.0385852090032154,0.0322164948453608,0.0534134835877613,0.0673645112274185,0.00537634408602151,0.0413214009501712,0.0567242783985102,0.0865419086541909,0.0563157675830803,0.0723306544202067,0.0615079365079365,0.0322245322245322,0.0517918033841601,0.046583850931677,0.0452589579095603,0.047244094488189,0.0443599493029151,0.0386805419202827,0.0513089005235602,0.0226628895184136,0.0540368722186904,0.0234375,0.0615346199122463,0.042473454091193,0.0914012563367864,0.0491525423728814,0.119721808246398,0.0373929392103614,0.0402921178544447,0.0607120437628912,0.154173676449208
"Muc1",0.0984350470319005,0.012144870960746,0.0203929740994344,0.0239451244454234,0.0231958762886598,0.0172133157929943,0.053907586993725,0.0257106918238994,0.00245700245700246,0.01,0.00885826771653543,0.00967117988394584,0.0170262777242044,0.0257234726688103,0.0309278350515464,0.0333486208478019,0.0372108728684788,0.0161290322580645,0.0240857363827201,0.0483880353817505,0.0464616046461605,0.0309029655201098,0.0242742332294571,0.0349206349206349,0.0239085239085239,0.0491217911600077,0.0302277432712215,0.0285166640588327,0.0446966188050023,0.0272496831432193,0.018849401138818,0.0408376963350785,0.0028328611898017,0.0150985378258106,0.015625,0.0331038419006171,0.0312304809494066,0.0482973330394534,0.0305084745762712,0.0359720639373484,0.0300814706496762,0.0463359355326114,0.0515947747586166,0.117494340249652
"Mx1",0.129343584109388,0.0241813055736283,0.0366180410836559,0.0358390233158176,0.0541237113402062,0.031528016232246,0.0504848830576155,0.0766792452830189,0.0221130221130221,0.0025,0.015748031496063,0.0174081237911025,0.031702025072324,0.0241157556270096,0.0206185567010309,0.0575574919740549,0.0569643761607294,0.0268817204301075,0.0777814606120871,0.0725529562383613,0.100666810066681,0.138418666555754,0.0687223224536657,0.053042328042328,0.0384615384615385,0.0836067683201441,0.0752933057280883,0.0622946330777656,0.0514126910606762,0.032319391634981,0.0490869821323385,0.0481675392670157,0.0084985835694051,0.0243165924984107,0.03125,0.0732351157564299,0.0368519675202998,0.0675418778928808,0.0235404896421846,0.0515472955202946,0.0240233966993942,0.0697557290355074,0.0766747376916868,0.169096724614202
"Mxra8",0.0878414791942744,0.0301453047061375,0.0436885977969634,0.0583682074195274,0.0492145311732941,0.0424647149323285,0.0362236166571592,0.0484025157232704,0.0319410319410319,0.04,0.0177165354330709,0.0251450676982592,0.120660559305689,0.0337620578778135,0.0309278350515464,0.0408176636310031,0.0545669424278237,0.032258064516129,0.0353552093691305,0.0609433193668529,0.0551373055137305,0.0431310568564655,0.0659340659340659,0.0567460317460317,0.0311850311850312,0.0713504471466255,0.0400276052449966,0.0620012517602879,0.0537285780453914,0.0367553865652725,0.0433928922049872,0.0706806282722513,0.0084985835694051,0.0301970756516211,0.0234375,0.0556486997467271,0.0574640849469082,0.0681066784218647,0.0306967984934087,0.0459659273545484,0.0238144975976603,0.0846134474943339,0.0581113801452785,0.107774108459509
"Myc",0.168880060192501,0.0860984602038603,0.0568621613575469,0.0519807432113527,0.0434462444771723,0.059510802916453,0.0821448944666286,0.0599748427672956,0.027027027027027,0.035,0.0964566929133858,0.0831721470019342,0.0490899228543877,0.0112540192926045,0.0412371134020619,0.0984734324837843,0.0660813776802296,0.043010752688172,0.0675063528891835,0.05199604283054,0.147702014770201,0.0906708813376035,0.0436280137772675,0.0568783068783069,0.0644490644490645,0.0633725792961462,0.0633540372670807,0.0639180097011422,0.0433070866141732,0.0291508238276299,0.0608678578440997,0.0418848167539267,0.0056657223796034,0.0672282263191354,0,0.0577890343523704,0.0874453466583385,0.120095878333701,0.043879472693032,0.0644925630460828,0.0355128472947566,0.0624527826743893,0.0941619585687382,0.249350946061021
"Myh11",0.0434599233014233,0.0148557796573411,0.023295623697529,0.0776564614077594,0.0391507118311242,0.0260429441013178,0.0196805476326298,0.0294842767295597,0.0122850122850123,0.005,0.0452755905511811,0.0319148936170213,0.0282666345226615,0.0128617363344051,0.0141752577319588,0.0194424425080259,0.0220158703359784,0.010752688172043,0.018671969948072,0.0330540037243948,0.0281781028178103,0.0157218317181716,0.0200098409053633,0.0148148148148148,0.0135135135135135,0.0265392781316348,0.0218771566597654,0.0222187451103114,0.0266327003242242,0.0196451204055767,0.0243471431376399,0.00994764397905759,0.0084985835694051,0.173235855054037,0,0.0279313666036457,0.0268582136164897,0.0316839321137315,0.0192090395480226,0.0437158469945355,0.0449133068727804,0.0372702090153614,0.0287866559053,0.0559432571084387
"Myh6",0.0604242113402464,0.0214161787031013,0.0314081571896398,0.0347692017243007,0.0396416298478154,0.0215612388236081,0.0316600114090131,0.0379874213836478,0.0810810810810811,0.0275,0.00984251968503937,0.0183752417794971,0.0280556894889103,0.0337620578778135,0.029639175257732,0.0361495118915023,0.0371095728515955,0.043010752688172,0.0314882333443818,0.0472678072625698,0.0372123037212304,0.02362433972466,0.0385435460062326,0.0505291005291005,0.0155925155925156,0.0435565849578588,0.0427881297446515,0.0303356282271945,0.031959240389069,0.0342205323193916,0.025525230708816,0.0335078534031414,0.056657223796034,0.0170057215511761,0,0.0451610601790747,0.0437226733291693,0.0448121005069429,0.0293785310734463,0.0476023494345577,0.033423856277418,0.0166204986149584,0.0516545601291364,0.0808253889131202
"Myl12a",0.282246075901911,0.166124484927348,0.111417088419172,0.144740568264057,0.102479135984291,0.139568329282704,0.170279520821449,0.134238993710692,0.0761670761670762,0.1625,0.0541338582677165,0.195357833655706,0.104839681774349,0.0916398713826367,0.177835051546392,0.254438839022473,0.148674658112443,0.112903225806452,0.233123411777704,0.170347416201117,0.308740230874023,0.210165120825188,0.0918484500574053,0.0691798941798942,0.0956340956340956,0.186000128675288,0.183298826777088,0.204623689563449,0.1544696618805,0.134347275031686,0.15511486353819,0.164397905759162,0.0594900849858357,0.0785123966942149,0.1015625,0.140084899939357,0.0593379138038726,0.212654286973771,0.0949152542372881,0.102071827240583,0.0946312930854397,0.136993200705112,0.158580695303859,0.470745840862359
"Myl12b",0.0916217349082663,0.0593689004554327,0.0436885977969634,0.0422894182058463,0.0417280314187531,0.0297888470200004,0.0459212778094695,0.0641006289308176,0.0368550368550369,0.0325,0.0364173228346457,0.0309477756286267,0.0342032304725169,0.0144694533762058,0.0554123711340206,0.0569514512219092,0.0531825088637515,0.0537634408602151,0.0714838139432107,0.0716364059590317,0.0828135082813508,0.0467495736804891,0.0457602099393144,0.0353174603174603,0.0291060291060291,0.0682944090587403,0.0551414768806073,0.0499921764982006,0.0509495136637332,0.0386565272496831,0.0539956803455724,0.043979057591623,0.0254957507082153,0.04815638906548,0.0078125,0.0566831948061214,0.0349781386633354,0.0764960326206744,0.0312617702448211,0.0216825925601239,0.0361395445999582,0.0596826995718962,0.0624757121932263,0.136893264377843
"Myl4",0.0292969817834372,0.0163738885274344,0.0151830902054183,0.0169598187596363,0.0169366715758468,0.0262770630337354,0.0131203650884199,0.012125786163522,0.0196560196560197,0,0.0118110236220472,0.0125725338491296,0.0168153326904532,0.0176848874598071,0.0154639175257732,0.0130053069514512,0.0136755022792504,0.0161290322580645,0.0104960777814606,0.0173417132216015,0.0176382017638202,0.0116873934201223,0.0119731015253403,0.0100529100529101,0.0103950103950104,0.0195586437624654,0.01256038647343,0.0117156939446096,0.0254747568318666,0.0114068441064639,0.0115845277832319,0.0193717277486911,0.0198300283286119,0.0111252383979657,0.0078125,0.0139121749366818,0.0112429731417864,0.0178118800969804,0.00809792843691149,0.0202215014172584,0.00877376227282223,0.0098212037270209,0.0214928407018803,0.0393897854487299
"Myl7",0.07427473503063,0.02765126870527,0.017415897588568,0.0309618954721374,0.0319096710849288,0.0175923654930991,0.0308043354249857,0.0332578616352201,0.0196560196560197,0.0075,0.0216535433070866,0.0183752417794971,0.0262777242044359,0.0144694533762058,0.0154639175257732,0.0294666841381118,0.0422083403680567,0.0161290322580645,0.0251905866755055,0.037040270018622,0.0399369039936904,0.0262030528636193,0.0188617352796457,0.0350529100529101,0.0135135135135135,0.0408544039117288,0.0283643892339544,0.0287904866218119,0.0354330708661417,0.0310519645120406,0.0192420969958767,0.0146596858638743,0.0056657223796034,0.0166878575969485,0,0.037313166625049,0.0112429731417864,0.0508182719858938,0.0133709981167608,0.0366733876859238,0.0254856904115312,0.0314782170737849,0.0441216034436373,0.0926641327600889
"Myl9",0.0924912978617603,0.0164281067013663,0.0278356653766002,0.13111607564268,0.0331369661266568,0.0282169056166247,0.0211066742726754,0.0284779874213836,0.0122850122850123,0.0175,0.0206692913385827,0.0135396518375242,0.0536403085824494,0.00482315112540193,0.0115979381443299,0.031694293389242,0.0226574371095729,0,0.025301071704784,0.0389461126629423,0.0536316053631605,0.0309445576675124,0.0365753649335739,0.0353174603174603,0.00831600831600832,0.0340989512964035,0.0296756383712905,0.0545102487873572,0.0358962482630848,0.0354879594423321,0.019438444924406,0.0261780104712042,0.0028328611898017,0.191195168467896,0,0.034102664716584,0.00687070580886946,0.0492891778708398,0.0250470809792844,0.0450308290231145,0.0217255065803217,0.0412994208008058,0.0483962574358055,0.117837040729433
"Mzb1",0.0422467007375664,0.015506397744524,0.0387764215540339,0.0282244108114911,0.0276141384388807,0.0167339294075676,0.0116942384483742,0.0241509433962264,0.0122850122850123,0.02,0.015748031496063,0.00483558994197292,0.0185932979749277,0.0546623794212219,0.172680412371134,0.0174277664941361,0.0251224041870674,0.010752688172043,0.0137001436305381,0.0309299348230912,0.0209364020936402,0.0136422243480431,0.0590454321797605,0.0193121693121693,0.00415800415800416,0.0425271826545712,0.0193236714975845,0.0224143326552965,0.321676702176934,0.403041825095057,0.0172786177105832,0.0130890052356021,0.0141643059490085,0.0171646535282899,0.046875,0.0287161559590483,0.014366021236727,0.0301548379986775,0.0116760828625235,0.0275561789544432,0.0246500940045958,0.017124150088139,0.0329118464711685,0.0518620059401416
"Mzt2",0.0501638891853965,0.0239644328779007,0.0238910389997023,0.0264623517195809,0.0336278841433481,0.0266338156926576,0.0185396463205933,0.0366792452830189,0.0147420147420147,0.0075,0.0216535433070866,0.0154738878143133,0.0299843297974928,0.0176848874598071,0.0141752577319588,0.0275339055231606,0.033361472226912,0.0161290322580645,0.0196663352115788,0.0439507681564246,0.0324801032480103,0.0238323004616728,0.0457602099393144,0.0361111111111111,0.0135135135135135,0.0390207810589976,0.0385093167701863,0.0259153497105304,0.031496062992126,0.0304182509505703,0.0261142744944041,0.0204188481675393,0.0084985835694051,0.0220915448188175,0.0078125,0.0400242571255306,0.0206121174266084,0.0415610535596209,0.0180790960451977,0.0232605709944186,0.0392730311259662,0.0299672626542433,0.0407736226945266,0.0667746692421127
"Naca",0.42627590139052,0.538061158100195,0.184578743673712,0.127591957458859,0.0945017182130584,0.29886954001204,0.284654877353109,0.152352201257862,0.12039312039312,0.215,0.220472440944882,0.411025145067698,0.128525795564127,0.178456591639871,0.390463917525773,0.479427373386621,0.187641397940233,0.0967741935483871,0.389791183294664,0.134354632216015,0.646662364666236,0.385975127895853,0.0833196654092176,0.0900793650793651,0.117463617463617,0.181882519462137,0.253485162180814,0.270966984822406,0.212830013895322,0.148922686945501,0.21892794031023,0.228795811518325,0.0878186968838527,0.403369357914812,0.109375,0.144508258124353,0.0999375390381012,0.367450958783337,0.135028248587571,0.109114286549195,0.113223313139753,0.119869050616973,0.206737811257585,0.815242901946123
"Nanog",0.100812026003577,0.0196811971372804,0.0450282822268532,0.0404014977502281,0.0741286205203731,0.0298334411023657,0.0573302909298346,0.0589685534591195,0.027027027027027,0.0225,0.0206692913385827,0.0203094777562863,0.0305870298939248,0.0289389067524116,0.0309278350515464,0.0442082159470615,0.0461590410265068,0.0376344086021505,0.0475085625897691,0.0797107774674116,0.0562845056284506,0.0399284615064676,0.0764310316549122,0.0753968253968254,0.0311850311850312,0.0746316669883549,0.0546583850931677,0.0421099984352996,0.063918480778138,0.0481622306717364,0.0345572354211663,0.0575916230366492,0.0311614730878187,0.020184361093452,0.0234375,0.0621767202939393,0.0737039350405996,0.0766751157152303,0.0421845574387947,0.0531252739545893,0.0618341341132233,0.0546461848400907,0.0954772367201746,0.127349575259102
"Ncr1",0.0488673552008456,0.0213077423552375,0.023742185174159,0.0258645102419685,0.039887088856161,0.0282837967401726,0.0282373074729036,0.0429685534591195,0.0515970515970516,0.025,0.0275590551181102,0.0125725338491296,0.0282364995178399,0.00964630225080386,0.0115979381443299,0.0317106728690297,0.0354887725814621,0.0268817204301075,0.0333664788421169,0.0454347067039106,0.0362802036280204,0.0200890071954415,0.0214859767098573,0.0231481481481481,0.227650727650728,0.0321688219777392,0.0304347826086957,0.0257002034110468,0.0273274664196387,0.0152091254752852,0.0263106224229334,0.0204188481675393,0.0056657223796034,0.0197075651621106,0.0078125,0.0441622373631078,0.0149906308557152,0.0361472338549702,0.0295668549905838,0.0447678326173987,0.0175475245456445,0.0284563082347016,0.0487250769736645,0.0646250025962158
"Ndrg1",0.371326812479009,0.102363912383431,0.0598392378684132,0.111041188131273,0.0891016200294551,0.0409596646525006,0.214489446662864,0.102238993710692,0.0245700245700246,0.2125,0.0905511811023622,0.0638297872340425,0.0984811957569913,0.0337620578778135,0.0438144329896907,0.190870077966324,0.157318926219821,0.0537634408602151,0.233344381836261,0.093211708566108,0.454649745464975,0.459052530882169,0.0590454321797605,0.0724867724867725,0.0696465696465697,0.0714469536125587,0.223809523809524,0.125938820215929,0.0495599814729041,0.0532319391634981,0.116041625760848,0.0387434554973822,0.0056657223796034,0.0282898919262556,0.0078125,0.096065351549959,0.0737039350405996,0.351980934538241,0.212429378531073,0.0849478390461997,0.116983496970963,0.112062452782674,0.13666935700834,0.561499158826095
"Neat1",1.88851890518379,4.12323790934721,0.447231318844894,0.584877757150499,0.34499263622975,1.42695489308569,0.938106103822019,0.534943396226415,0.314496314496314,0.2925,1.26673228346457,0.311411992263056,0.913813886210222,0.202572347266881,0.277061855670103,0.671722466094477,1.02502110417018,0.446236559139785,0.781460612087062,0.582445879888268,1.67261776726178,1.56299130724119,0.29637526652452,0.327910052910053,0.234927234927235,0.368043492247314,1.11994478951001,0.546510718197465,0.55048633626679,0.532319391634981,0.789318672688003,0.384293193717277,0.246458923512748,3.33200890019072,0.15625,0.841615239182392,0.271080574640849,1.19146737932555,0.640112994350282,0.5074953975629,0.357844161270107,0.277008310249307,0.489462828445879,2.69999169210958
"Nell2",0.0233896813598507,0.0194643244415528,0.0180113128907413,0.0171486108051981,0.0268777614138439,0.0181386430020736,0.00855675984027382,0.020125786163522,0.0245700245700246,0.0025,0.0078740157480315,0.0183752417794971,0.0157606075216972,0.0241157556270096,0.0193298969072165,0.0162484439494202,0.0212392368732061,0.021505376344086,0.0142525687769307,0.0252124068901304,0.0170646017064602,0.0163457139292102,0.0191897654584222,0.0116402116402116,0.0135135135135135,0.0226146818503506,0.0146307798481712,0.0177202315756533,0.0125057897174618,0.0126742712294043,0.0131553112114667,0.0157068062827225,0.0169971671388102,0.0166878575969485,0.0078125,0.0196910783719188,0.00999375390381012,0.0231843729336566,0.0178907721280603,0.026591858800152,0.0240233966993942,0.0105766809367917,0.0227483334827968,0.0313519014684196
"Nfkb1",0.143665338023072,0.0593146822815008,0.0395206906817505,0.0487712784368019,0.0408689248895434,0.0416731699703449,0.106103822019395,0.0700377358490566,0.0442260442260442,0.025,0.0127952755905512,0.051257253384913,0.0434848119575699,0.0707395498392283,0.0399484536082474,0.111822708510778,0.0582812763802127,0.010752688172043,0.0971163407358303,0.0602449953445065,0.140030114003011,0.0887576425570852,0.0547810398556667,0.0351851851851852,0.0426195426195426,0.0629543846104356,0.0671497584541063,0.0649546236895635,0.0511811023622047,0.0259822560202788,0.0492833300608679,0.0350785340314136,0.0254957507082153,0.0427527018436109,0.03125,0.0586451681946278,0.0124921923797626,0.0924757549041217,0.0612052730696798,0.040647555594518,0.0538959682473365,0.0664819944598338,0.08274295279945,0.233451720771803
"Nfkbia",0.146117817969753,0.182877900672305,0.0648258410241143,0.16931499952802,0.0887334315169367,0.0662779549153827,0.142612664004564,0.142591194968553,0.0565110565110565,0.0425,0.0393700787401575,0.0493230174081238,0.103483606557377,0.045016077170418,0.154639175257732,0.0917578457708183,0.119837919972987,0.0268817204301075,0.123853717821235,0.142981843575419,0.118806911880691,0.120991556794077,0.0788912579957356,0.0493386243386243,0.0644490644490645,0.140706427330631,0.168737060041408,0.102566108590205,0.120657711903659,0.0830164765525982,0.123306499116434,0.0926701570680628,0.0226628895184136,0.0948823903369358,0.1015625,0.134020618556701,0.075577763897564,0.0987574388362354,0.126553672316384,0.0693433856403962,0.0839774388970127,0.0858725761772853,0.0875855678115565,0.212733919039608
"Ngfr",0.0963444510688595,0.038169594448059,0.0316314379279547,0.0453415562757622,0.0457781050564556,0.0546834935004125,0.0213918996006845,0.0473459119496855,0.0442260442260442,0.0225,0.0600393700787402,0.00773694390715667,0.0491200578592093,0.00482315112540193,0.0167525773195876,0.0343969075542161,0.0472395745399291,0.0537634408602151,0.0308253231687106,0.047951582867784,0.0486126048612605,0.0319011770577715,0.0287026406429392,0.025,0.027027027027027,0.0437174290677475,0.0342305037957212,0.0330151775934908,0.039138490041686,0.0240811153358682,0.0335754957785195,0.0178010471204188,0.0084985835694051,0.0273363000635728,0.0234375,0.0482645453572575,0.0199875078076202,0.0659714569098523,0.0295668549905838,0.06300225008036,0.0382285356172968,0.0425585494837572,0.0556601799539653,0.121087502855837
"Nkg7",0.0884611078856863,0.0254825417479939,0.04443286692468,0.038545042635537,0.0580510554737359,0.111552097036723,0.127780946948089,0.0815094339622641,0.0319410319410319,0.0175,0.00984251968503937,0.0183752417794971,0.0262777242044359,0.0385852090032154,0.0786082474226804,0.0984734324837843,0.0443356407226068,0,0.0467351673848194,0.10116969273743,0.0577185057718506,0.0337728236908872,0.0510086927997376,0.0482804232804233,0.30977130977131,0.461558257736602,0.0576949620427881,0.0764942888436864,0.108383510884669,0.0430925221799747,0.0418221087767524,0.166492146596859,0.0028328611898017,0.014780673871583,0.15625,0.0783005743231192,0.0306058713304185,0.0751322459775182,0.039924670433145,0.0436574033488209,0.018174221850846,0.326366154621002,0.238992018653036,0.128107670259829
"Nlrc4",0.0151887133852815,0.0081327260897853,0.00848466805596904,0.0104150278468267,0.0154639175257732,0.0114272336061005,0.00684540787221905,0.0164025157232704,0.00982800982800983,0.0025,0.0078740157480315,0.00580270793036751,0.0121444069431051,0.00643086816720257,0.0077319587628866,0.00792766821725742,0.0108728684788114,0.00537634408602151,0.00894928737156115,0.0144465782122905,0.00932100093210009,0.00823524518570894,0.0106609808102345,0.00925925925925926,0.00623700623700624,0.00977932188123271,0.0121463077984817,0.00835158817086528,0.00463177396943029,0.00760456273764259,0.0106027881405851,0.00837696335078534,0.0056657223796034,0.0127145581691036,0,0.0147326365355117,0.00874453466583385,0.0112684593343619,0.00734463276836158,0.0130329329943602,0.00752036766241905,0.0103248552002015,0.0131228888291035,0.0201258645398467
"Nlrc5",0.165992798769074,0.0325309043591412,0.0410092289371837,0.0494635159371952,0.0454099165439372,0.0296104706905394,0.0596120935539076,0.0662641509433962,0.00245700245700246,0.01,0.0137795275590551,0.0135396518375242,0.0235957087753134,0.0321543408360129,0.0463917525773196,0.0687119177094935,0.0561877426979571,0.00537634408602151,0.0546900894928737,0.0690176908752328,0.125618412561841,0.0891319718837084,0.0306708217155978,0.0324074074074074,0.0249480249480249,0.075725406935598,0.0554175293305728,0.0544320137693632,0.0616025937934229,0.0392902408111534,0.0431965442764579,0.0392670157068063,0.0226628895184136,0.025588048315321,0.03125,0.0649591552812756,0.0480949406620862,0.104047277936963,0.0306967984934087,0.0430729668916747,0.045540004177982,0.0951901284311257,0.0546438286551281,0.233389411593661
"Nlrp1a",0.0245456273219804,0.0127954890479289,0.0220303661804108,0.0190994619426701,0.0277368679430535,0.0181497915226649,0.0142612664004564,0.0316981132075472,0.0221130221130221,0.0175,0.00688976377952756,0.00580270793036751,0.0198589681774349,0.0305466237942122,0.0206185567010309,0.0154622289196095,0.0220496370082728,0.00537634408602151,0.0204397304165286,0.0285003491620112,0.0176382017638202,0.0134342636110302,0.0216499917992455,0.0328042328042328,0.0249480249480249,0.020105513736087,0.0213940648723257,0.0152167109998435,0.0185270958777212,0.0190114068441065,0.018849401138818,0.00890052356020942,0.0113314447592068,0.0195486331849968,0,0.0250775871294546,0.0106183635227983,0.0256777606347807,0.0137476459510358,0.0334882089944771,0.0256945895132651,0.0299672626542433,0.0341075538815652,0.0339585020873575
"Nlrp2",0.0231631784348388,0.0111689438299718,0.00989877939863055,0.0114533840974167,0.0186548846342661,0.0116947981002921,0.0116942384483742,0.0111194968553459,0.0147420147420147,0.0025,0.00984251968503937,0.00483558994197292,0.00937198649951784,0.00803858520900321,0.00644329896907216,0.0115966716897071,0.0112443018740503,0.00537634408602151,0.0111589879571318,0.0144029329608939,0.0147702014770201,0.0113962483883043,0.0101689355420699,0.0116402116402116,0.00311850311850312,0.013317892298784,0.0118702553485162,0.00989672977624785,0.0132005558128763,0.00887198986058302,0.00863930885529158,0.0109947643979058,0.0056657223796034,0.0100127145581691,0.03125,0.0139835194235365,0.00874453466583385,0.0160348247740798,0.00903954802259887,0.0141141404400807,0.0116983496970963,0.010828506673382,0.0155143036498969,0.0310922798928282
"Nlrp3",0.0781981822489397,0.0501518108870093,0.0528431080678773,0.0477014568452849,0.0697103583701522,0.0402796048964302,0.0342270393610953,0.102792452830189,0.0687960687960688,0.0425,0.0334645669291339,0.0319148936170213,0.040983606557377,0.0321543408360129,0.0322164948453608,0.0415547402214506,0.0740840790140132,0.0483870967741935,0.0772290354656944,0.110378840782123,0.0479673047967305,0.0533627251174978,0.0229621125143513,0.102116402116402,0.0384615384615385,0.0591906324390401,0.0703933747412008,0.053473634798936,0.0428439092172302,0.0392902408111534,0.0600824661299823,0.0465968586387435,0.0169971671388102,0.0346471710108074,0,0.089465986515892,0.0599625234228607,0.0655444126074499,0.0644067796610169,0.0639373484117939,0.0290369751410069,0.0478468899521531,0.0759573132454488,0.102758219619083
"Nod2",0.113722692729256,0.0473866840164823,0.038553140815719,0.0543406437808754,0.0717967599410898,0.0334678588151352,0.058185966913862,0.0977106918238994,0.0221130221130221,0.03,0.0501968503937008,0.0183752417794971,0.0353483606557377,0.112540192926045,0.0554123711340206,0.0552152263644107,0.0829984804997467,0.032258064516129,0.0645232570986631,0.125960195530726,0.0793719079371908,0.0522397371376284,0.0656060357552895,0.0349206349206349,0.025987525987526,0.0898153509618478,0.0633540372670807,0.0494836488812392,0.0935618341824919,0.0633713561470216,0.0579226389161594,0.0445026178010471,0.0396600566572238,0.0230451366815003,0.015625,0.0919630435558092,0.00999375390381012,0.080366982587613,0.0566854990583804,0.0583852020689051,0.0524336745351995,0.057668093679174,0.0965832660747915,0.143809583151598
"Nosip",0.0537853325036904,0.0325851225330731,0.0145132479904734,0.0244171045593279,0.0258959253804615,0.0285736582755468,0.0211066742726754,0.0252075471698113,0.00982800982800983,0.01,0.0324803149606299,0.00967117988394584,0.0244093539054966,0.0241157556270096,0.0257731958762887,0.0295649610168381,0.0233665372277562,0.010752688172043,0.0243067064412772,0.0342760707635009,0.0385746038574604,0.0280331073493324,0.0144333278661637,0.0132275132275132,0.0166320166320166,0.0390207810589976,0.0293995859213251,0.0246244719136285,0.0240852246410375,0.0228136882129278,0.0259179265658747,0.0319371727748691,0.0141643059490085,0.0247933884297521,0,0.0305354403738451,0.014366021236727,0.0382686797443244,0.0152542372881356,0.026124309634435,0.0190098182577815,0.0236716192394863,0.0378142468537949,0.0750721747980144
"Notch1",0.0843970726449554,0.112285838212969,0.053364096457279,0.0798275699317202,0.0494599901816397,0.0377154451604272,0.0436394751853965,0.0573081761006289,0.0245700245700246,0.04,0.138779527559055,0.034816247582205,0.0395371263259402,0.022508038585209,0.0270618556701031,0.0484668806918692,0.0650346108391018,0.010752688172043,0.0473980775604906,0.0753171554934823,0.0658206065820607,0.0492866946720459,0.0659340659340659,0.0619047619047619,0.0218295218295218,0.0637907739818568,0.0647342995169082,0.0496010014082303,0.0511811023622047,0.0240811153358682,0.051050461417632,0.037696335078534,0.0424929178470255,0.0499046408137317,0.0234375,0.0767666678557414,0.0312304809494066,0.0700628168393211,0.0493408662900188,0.051401186406008,0.0639231251305619,0.0463359355326114,0.106148925357965,0.111201113257316
"Notch2",0.139291488436635,0.15820863153329,0.0421256326287586,0.0308360341084296,0.0567010309278351,0.0242703293272983,0.0550484883057616,0.0719496855345912,0.0122850122850123,0.015,0.047244094488189,0.0328820116054159,0.0596371745419479,0.0353697749196141,0.0373711340206186,0.0695472711786674,0.0498396083066014,0.00537634408602151,0.0815379516075572,0.0757827048417132,0.142826414282641,0.0696668468993054,0.0360833196654092,0.0403439153439153,0.0301455301455301,0.0623431769928585,0.0625948930296756,0.0546667188233453,0.0398332561371005,0.0335868187579214,0.0848223051246809,0.0272251308900524,0.028328611898017,0.034170375079466,0.0546875,0.0803338921984804,0.0193628981886321,0.0923242230548821,0.0485875706214689,0.0496186552117121,0.0221433047837894,0.0304709141274238,0.0602337607987325,0.199939767794463
"Notch3",0.0371308588105733,0.0711342441986554,0.0126525751711819,0.032409301154778,0.0176730486008837,0.0203126045173805,0.0114090131203651,0.0171572327044025,0.0221130221130221,0.0075,0.0492125984251969,0.00676982591876209,0.0185028929604629,0.0160771704180064,0.00644329896907216,0.0157243005962131,0.0277899712983285,0,0.0150259639818805,0.0240630819366853,0.0195024019502402,0.0134758557584328,0.0175496145645399,0.0170634920634921,0.0103950103950104,0.0198803319822428,0.0158730158730159,0.0150602409638554,0.0141269106067624,0.0164765525982256,0.0133516591399961,0.0115183246073298,0.0113314447592068,0.0173235855054037,0,0.0192986836942175,0.0174890693316677,0.0255262287855411,0.00979284369114878,0.0324362233716139,0.0210988092751201,0.0141022412490557,0.023376079873255,0.0473861299769456
"Nppc",0.0576358822288929,0.0205486879201908,0.029845192021435,0.0327239545640477,0.0428325969563083,0.037637405516288,0.0262407301768397,0.0270188679245283,0.0245700245700246,0.0125,0.0246062992125984,0.00773694390715667,0.0348662005785921,0.00321543408360129,0.00902061855670103,0.0238812815304986,0.0325173054195509,0.00537634408602151,0.0204397304165286,0.0422631517690875,0.0276045027604503,0.0235827475772574,0.0260783992127276,0.0297619047619048,0.0301455301455301,0.033552081322782,0.0241545893719807,0.0228250664997653,0.0254747568318666,0.0202788339670469,0.0229727076379344,0.0204188481675393,0,0.0171646535282899,0.015625,0.0326044304926337,0.0368519675202998,0.0372079567996473,0.0171374764595104,0.0489757751088513,0.0282013787340714,0.0289599597078821,0.0476788329895675,0.0732028994537562
"Npr1",0.149273238028539,0.051995228800694,0.0777016969336112,0.149019854630125,0.121134020618557,0.162723806550871,0.094124358243012,0.0830691823899371,0.0147420147420147,0.03,0.107283464566929,0.0367504835589942,0.115296528447445,0.0498392282958199,0.0489690721649485,0.0765085500884492,0.0892790815465136,0,0.0738039995580599,0.111513617318436,0.0901269090126909,0.0749490496194319,0.119731015253403,0.112169312169312,0.0498960498960499,0.0819661583992794,0.0897860593512767,0.0617469879518072,0.0759610930986568,0.0785804816223067,0.0687217749852739,0.0926701570680628,0.0679886685552408,0.0514939605848697,0,0.126957514358078,0.0836976889444097,0.101595217103813,0.0873822975517891,0.12372519797785,0.0710256945895133,0.0750440695039033,0.105760320449586,0.186927534425821
"Npr2",0.049984248934525,0.0201149425287356,0.0189044358440012,0.0466945659356219,0.0432007854688267,0.0495440255078151,0.0242441528807758,0.0315471698113208,0.00737100737100737,0.01,0.0324803149606299,0.00967117988394584,0.072384281581485,0.0112540192926045,0.0077319587628866,0.0199502063814453,0.0310315718385953,0.032258064516129,0.0202187603579715,0.0334904562383613,0.0339141033914103,0.021877469533752,0.0226340823355749,0.0398148148148148,0.0322245322245322,0.0322009907997169,0.0254658385093168,0.0247809419496166,0.032422417786012,0.0196451204055767,0.0245434910661693,0.043979057591623,0.0169971671388102,0.020979020979021,0.0390625,0.0324260692754967,0.0149906308557152,0.036119682609654,0.0146892655367232,0.0498816516174279,0.0200543137664508,0.0282044824981113,0.0334200221205871,0.0649053938978545
"Npr3",0.0424315479522313,0.0166991975710258,0.0192021434950878,0.0270916585381203,0.0336278841433481,0.0235345269682713,0.0182544209925841,0.0179119496855346,0.0196560196560197,0.0025,0.0108267716535433,0.00967117988394584,0.0235053037608486,0.0160771704180064,0.0231958762886598,0.0203433138963507,0.0195171365861894,0.010752688172043,0.0109380178985747,0.0232192737430168,0.0267441026744103,0.018882834920767,0.0159094636706577,0.0272486772486772,0.0176715176715177,0.017145982114135,0.0163561076604555,0.0178375841026443,0.0187586845761927,0.0101394169835234,0.0184567052817593,0.0146596858638743,0,0.0165289256198347,0.015625,0.0220097741946991,0.00936914428482199,0.0289150319594446,0.0145009416195857,0.0231729055258467,0.0194276164612492,0.0168723243515487,0.0233162945027352,0.0549463102581677
"Nr1h2",0.149031114212147,0.087399696378226,0.0515778505507592,0.0682168591296687,0.06173294059892,0.0497558473990501,0.0576155162578437,0.0887547169811321,0.00491400491400491,0.05,0.0334645669291339,0.0280464216634429,0.0602097396335583,0.0627009646302251,0.0824742268041237,0.0760826836139684,0.0660476110079352,0.010752688172043,0.0806540713733289,0.0960631983240224,0.123108912310891,0.0781932371168323,0.0647859603083484,0.0448412698412698,0.0322245322245322,0.0979862317441935,0.0773636991028295,0.0613362541073384,0.0704029643353404,0.0722433460076046,0.0661692519143923,0.0732984293193717,0.0708215297450425,0.0874125874125874,0.109375,0.0761245674740484,0.0530918176139913,0.116335133348027,0.0416195856873823,0.0672686362175273,0.0551493628577397,0.0725258121380005,0.08991719726183,0.210532328078593
"Nr1h3",0.114886449137076,0.0311212318369117,0.0558946114915153,0.0594065636701174,0.0681148748159057,0.0406140605141698,0.0519110096976612,0.0874465408805031,0.058968058968059,0.015,0.0295275590551181,0.0338491295938104,0.0530376084860174,0.045016077170418,0.047680412371134,0.0554445390814388,0.0646969441161574,0.032258064516129,0.0556844547563805,0.113506750465549,0.0682584068258407,0.0562741754356777,0.0590454321797605,0.0518518518518519,0.025987525987526,0.102393360355144,0.0763975155279503,0.0558989203567517,0.0613710050949514,0.122940430925222,0.0473198507755743,0.0727748691099476,0.0481586402266289,0.0405276541640178,0.125,0.118645881639496,0.0393504059962523,0.0730659025787966,0.051789077212806,0.0969872300634114,0.0532692709421349,0.0760513724502644,0.0955669147759543,0.143653810206243
"Nr3c1",0.026230080109138,0.0171871611364129,0.011759452217922,0.0266511437651427,0.0245459008345606,0.0253517358246561,0.0208214489446663,0.0257610062893082,0.00982800982800983,0.0275,0.0137795275590551,0.0125725338491296,0.0267900192864031,0.00643086816720257,0.0167525773195876,0.0186889864377907,0.0227587371264562,0.010752688172043,0.0196663352115788,0.0214589152700186,0.0255252025525203,0.0178430312357027,0.0223060521567984,0.0306878306878307,0.0135135135135135,0.0250595123206588,0.0235334713595583,0.0187568455640745,0.0206113941639648,0.014575411913815,0.0247398389946986,0.00890052356020942,0.0113314447592068,0.027972027972028,0.0078125,0.0250419148860272,0.0149906308557152,0.0218343619131585,0.0178907721280603,0.0247508839601414,0.0206810110716524,0.0123394610929237,0.0193405673631662,0.0381539867489148
"Nrg1",0.0523794522794786,0.0419648666232921,0.0269425424233403,0.0162990466001699,0.0270004909180167,0.0163214341456889,0.0248146035367941,0.0223899371069182,0.0294840294840295,0.01,0.0295275590551181,0.0212765957446809,0.0182015429122469,0.0144694533762058,0.029639175257732,0.0248476708379742,0.0294445382407564,0.010752688172043,0.0255220417633411,0.0378113361266294,0.0291819029181903,0.022459759597388,0.0247662784976218,0.0231481481481481,0.00831600831600832,0.0165347744965579,0.0319530710835059,0.0251916757940854,0.0155164427975915,0.014575411913815,0.0170822697820538,0.0115183246073298,0,0.0230451366815003,0.0078125,0.0337459422823101,0.00999375390381012,0.0377176548379987,0.0178907721280603,0.0158090061658046,0.0192187173595154,0.023419793502896,0.0241233970047529,0.0677196917772655
"Nrxn1",0.0263602542039724,0.0148557796573411,0.0159273593331349,0.0212076397847771,0.0332596956308297,0.0314834221498807,0.0193953223046207,0.0202264150943396,0.0221130221130221,0.0175,0.0137795275590551,0.00870406189555126,0.0228121986499518,0.0160771704180064,0.0180412371134021,0.0186234685186398,0.0214418369069728,0.00537634408602151,0.0181195448016794,0.0238739525139665,0.0197892019789202,0.0157634238655742,0.034443168771527,0.0394179894179894,0.0166320166320166,0.0204272019558644,0.0180814354727398,0.016566265060241,0.0173691523853636,0.0120405576679341,0.0168859218535244,0.0109947643979058,0.0141643059490085,0.0130324221233312,0.015625,0.0223308243855456,0.0131168019987508,0.0297415693189332,0.0133709981167608,0.0317056778001812,0.0194276164612492,0.0166204986149584,0.0274115923833438,0.0350800672939124
"Nrxn3",0.0259463005823989,0.0158317067881154,0.0179368859779696,0.0161417198955351,0.0279823269513991,0.0154295524983835,0.0193953223046207,0.0185660377358491,0.0122850122850123,0.01,0.0236220472440945,0.00483558994197292,0.014946962391514,0.0289389067524116,0.0077319587628866,0.0150527419249165,0.0198210366368394,0,0.018450999889515,0.0188692970204842,0.0237327023732702,0.0151395416545356,0.0116450713465639,0.0240740740740741,0.027027027027027,0.0156983851251367,0.0186335403726708,0.0132608355499922,0.0150532654006484,0.00760456273764259,0.0170822697820538,0.018848167539267,0.0198300283286119,0.0165289256198347,0.0234375,0.0174437270359933,0.0162398500936914,0.0232670266696055,0.0224105461393597,0.0265334151544373,0.00772926676415291,0.0130949383026945,0.0209547723672017,0.0341454296217833
"Nt5c3",0.0791901088515781,0.141238343092605,0.0451027091396249,0.0560712375318587,0.0930289641629848,0.0771923565742826,0.0541928123217342,0.0607798742138365,0.00737100737100737,0.01,0.0324803149606299,0.034816247582205,0.0604809546769527,0.0562700964630225,0.0283505154639175,0.0510057000589661,0.0751983791997299,0.0537634408602151,0.0619821014252569,0.0725238594040968,0.0678999067899907,0.0808551345505968,0.0934886009512875,0.0546296296296296,0.0467775467775468,0.0662677732741427,0.0568668046928916,0.0575418557346268,0.0446966188050023,0.041191381495564,0.0624386412723346,0.0476439790575916,0.0453257790368272,0.0638906547997457,0.0234375,0.0784075910534014,0.0306058713304185,0.073589376239806,0.0404896421845574,0.0733467753718477,0.050135784416127,0.0750440695039033,0.0676471467431919,0.111730741271523
"Ntrk2",0.08336349033197,0.101171112556929,0.04398630544805,0.0529876341210157,0.0806332842415317,0.0331222546768044,0.0316600114090131,0.0512704402515723,0.125307125307125,0.0175,0.110236220472441,0.0241779497098646,0.112373432979749,0.00803858520900321,0.0231958762886598,0.045534953809867,0.0749957791659632,0.032258064516129,0.0395536404817147,0.0684212057728119,0.0569298056929806,0.0429646882668552,0.0605215679842546,0.0592592592592593,0.0582120582120582,0.0403718715820627,0.0515527950310559,0.0449264590830856,0.0521074571560908,0.0304182509505703,0.0424111525623405,0.0261780104712042,0.084985835694051,0.0359186268277177,0.0546875,0.0511896693183034,0.0393504059962523,0.0639877672470796,0.0495291902071563,0.069606382046112,0.0321704616670148,0.0652228657768824,0.0584401996831375,0.107753338733462
"Nusap1",0.123709649284954,0.0696161353285621,0.0507591545102709,0.040527359113936,0.0444280805105547,0.0292537180316172,0.0561893896177981,0.0472452830188679,0.0171990171990172,0.06,0.0196850393700787,0.0609284332688588,0.0280255544840887,0.0530546623794212,0.0670103092783505,0.0793585795715128,0.0422083403680567,0.0752688172043011,0.0577836703126726,0.0512249767225326,0.0849645084964508,0.0690429646882669,0.0177136296539282,0.0376984126984127,0.0384615384615385,0.073634433507045,0.0494133885438233,0.0689250508527617,0.0671607225567392,0.0430925221799747,0.0329864519929315,0.0429319371727749,0.0084985835694051,0.0239987285441831,0.03125,0.0531873149502372,0.00562148657089319,0.0765098082433326,0.0367231638418079,0.0436866251716782,0.0405264257363693,0.0808360614454797,0.0726093324963381,0.194903109227989
"Oas1a/g",0.396604018213959,0.0447299934938191,0.0867073533789818,0.0771530159529279,0.0870152184585174,0.0468795290864902,0.193097547062179,0.149283018867925,0.0466830466830467,0.1025,0.0354330708661417,0.102514506769826,0.04649831243973,0.0659163987138264,0.0515463917525773,0.243071480049794,0.128279588046598,0.032258064516129,0.293558722793062,0.155624418063315,0.464472646447265,0.41779312065882,0.0757749712973594,0.0898148148148148,0.077962577962578,0.120214887730811,0.220841959972395,0.191812705366922,0.0666975451597962,0.0513307984790875,0.175535048105242,0.0963350785340314,0.0821529745042493,0.0303560076287349,0.09375,0.164306353226554,0.0649594003747658,0.27806094335464,0.110922787193974,0.0717103532918383,0.0779193649467307,0.101233946109292,0.150240636116342,0.658545703782167
"Oas2",0.1750138635411,0.0371394491433528,0.0506103006847276,0.04962084264183,0.061119293078056,0.0265111819661531,0.0507701083856246,0.0965534591194969,0.0171990171990172,0.005,0.0108267716535433,0.0106382978723404,0.0395371263259402,0.0192926045016077,0.0399484536082474,0.0688429535477953,0.0681749113624852,0,0.123411777704121,0.0956412942271881,0.120671112067111,0.141288524726532,0.0754469411185829,0.0506613756613757,0.027027027027027,0.0719616547642025,0.100069013112491,0.0697269597872008,0.0525706345530338,0.0481622306717364,0.0753976045552719,0.0450261780104712,0.0538243626062323,0.0205022250476796,0.0390625,0.126279741732958,0.0374765771392879,0.130165858496804,0.0694915254237288,0.0345986382630548,0.0701900981825778,0.0977083857970285,0.120258272800646,0.243379649822419
"Oas3",0.208036427918698,0.021036651485578,0.0388508484668056,0.0311821528586262,0.0613647520864016,0.0247943097950902,0.0747290359383913,0.0724025157232704,0.0368550368550369,0.015,0.0118110236220472,0.0222437137330754,0.0205520732883317,0.0144694533762058,0.029639175257732,0.101700190001966,0.052844842140807,0.00537634408602151,0.119102861562258,0.0858647579143389,0.149996414999642,0.159797030320675,0.0603575528948663,0.0416666666666667,0.0405405405405405,0.0963456218233288,0.0832988267770877,0.0706853387576279,0.0460861509958314,0.0380228136882129,0.0539956803455724,0.11413612565445,0.0226628895184136,0.0119198982835346,0.0546875,0.0657439446366782,0.0405996252342286,0.134587833370068,0.0591337099811676,0.0338680926916221,0.0515980781282641,0.100478468899522,0.0986159686724658,0.298492117888965
"Oasl1",0.110908328798936,0.0280850140967252,0.0404138136350104,0.0448695761618577,0.062960235640648,0.0272023902428148,0.0444951511694238,0.0890566037735849,0.0221130221130221,0.045,0.0236220472440945,0.0125725338491296,0.029291224686596,0.0176848874598071,0.029639175257732,0.0553626416825002,0.0603072767178795,0,0.0994365263506795,0.0687558193668529,0.0760020076002008,0.148109636900553,0.0516647531572905,0.0623015873015873,0.0280665280665281,0.056359776104999,0.111801242236025,0.0603387576279143,0.0412227883279296,0.0361216730038023,0.0649911643432162,0.0146596858638743,0.0736543909348442,0.0244755244755245,0,0.0885741804302073,0.0224859462835728,0.076358276394093,0.0542372881355932,0.0459074837088338,0.0589095466889492,0.0518761017375976,0.0793650793650794,0.159968430016408
"Olfm4",0.0389090369460116,0.00910865322055953,0.0151086632926466,0.0159529278499733,0.0363279332351497,0.0164775134339673,0.0193953223046207,0.0134339622641509,0.0171990171990172,0,0.0118110236220472,0.0203094777562863,0.0133498071359691,0.0128617363344051,0.0154639175257732,0.0188691607154557,0.0156339692723282,0.00537634408602151,0.0197768202408574,0.0207023975791434,0.0339858033985803,0.015389094538951,0.0203378710841397,0.0116402116402116,0.00311850311850312,0.0202341890239979,0.0173222912353347,0.0170356751682053,0.0182955071792497,0.0107731305449937,0.0139407029255841,0.0178010471204188,0.0141643059490085,0.0100127145581691,0,0.022366496628973,0.00437226733291693,0.0263665417676879,0.0180790960451977,0.0324654451944712,0.0112805514936286,0.0120876353563334,0.0237945774668939,0.0502315824454275
"Olr1",0.0390105727399825,0.0110062893081761,0.0268681155105686,0.0230640948994682,0.0432007854688267,0.0184842471404045,0.0233884768967484,0.0377358490566038,0.00737100737100737,0.02,0.0118110236220472,0.0290135396518375,0.0191357280617165,0.0241157556270096,0.0128865979381443,0.0196226167856909,0.035860205976701,0,0.0249696166169484,0.0503229748603352,0.0296838029683803,0.022459759597388,0.0218140068886338,0.0162698412698413,0.0249480249480249,0.0359969117930901,0.0307108350586611,0.0225512439367861,0.0224641037517369,0.0285171102661597,0.0237580993520518,0.0350785340314136,0.0113314447592068,0.0152574698029243,0,0.0423072807048835,0.0137414116177389,0.0342186466828301,0.0248587570621469,0.0242541129715672,0.0357217463964905,0.0385293376983128,0.0472005500254088,0.0523293247762062
"Osm",0.133196737316487,0.0329646497505964,0.0491217624292944,0.0510053176426167,0.0938880706921944,0.0405248723494392,0.0573302909298346,0.0910691823899371,0.0737100737100737,0.015,0.0177165354330709,0.0164410058027079,0.0399590163934426,0.0530546623794212,0.0528350515463918,0.0684007075935268,0.0750633125105521,0.032258064516129,0.0667329576842338,0.126469390130354,0.0628092062809206,0.0493698789668511,0.0767590618336887,0.0984126984126984,0.0665280665280665,0.111400630508911,0.10703933747412,0.0567203880456892,0.0736452061139416,0.0475285171102662,0.0543883762026311,0.119371727748691,0.0651558073654391,0.0225683407501589,0.0078125,0.114400884671637,0.134915677701437,0.113042759532731,0.0662900188323917,0.0775547178633003,0.0940045957802381,0.0866280533870562,0.128688010043942,0.171350239890336
"Osmr",0.0512261097992455,0.0178377792235957,0.0196487049717178,0.0302381926308172,0.0309278350515464,0.0178933755490646,0.0131203650884199,0.0212327044025157,0.00491400491400491,0.0025,0.0167322834645669,0.0154738878143133,0.0328170202507232,0.00964630225080386,0.0115979381443299,0.0219812618751228,0.0201249366874894,0.010752688172043,0.0207711855043642,0.0198731378026071,0.0498315049831505,0.0296967932454353,0.0165655240282106,0.0152116402116402,0.0166320166320166,0.0202341890239979,0.0147688060731539,0.0253677045845721,0.0155164427975915,0.0133079847908745,0.0147260946397016,0.0146596858638743,0.0084985835694051,0.0138270820089002,0,0.0242214532871972,0.0156152404747033,0.0343013004187789,0.0137476459510358,0.025276876771573,0.0238144975976603,0.0105766809367917,0.0202074552357038,0.0699524373273517
"P2rx5",0.0466491886248669,0.0325309043591412,0.0168204822863948,0.0254239954689909,0.0267550319096711,0.0293986487993043,0.0231032515687393,0.0322012578616352,0.0122850122850123,0.015,0.0216535433070866,0.0154738878143133,0.0223601735776278,0.0209003215434084,0.0180412371134021,0.0210967699665859,0.0280938713489786,0,0.0177880897138438,0.033068552141527,0.0274611027461103,0.0186332820363515,0.0231261276037395,0.028042328042328,0.0197505197505198,0.0285659139162324,0.0208419599723948,0.019460960726021,0.0250115794349236,0.0228136882129278,0.018849401138818,0.00837696335078534,0,0.0185950413223141,0.015625,0.0348161095851318,0.0181136789506558,0.0349212034383954,0.0156308851224105,0.0357675111773472,0.0252767913097974,0.0211533618735835,0.0334200221205871,0.0616341620454026
"Parp1",0.0554880096641248,0.0403383214053351,0.0593926763917833,0.0395519335452,0.0499509081983309,0.0645722312649111,0.0270964061608671,0.0465911949685535,0.0196560196560197,0.05,0.0275590551181102,0.0309477756286267,0.0420081967213115,0.0273311897106109,0.0335051546391753,0.0360348555329883,0.0516967752827959,0,0.0465141973262623,0.0591247672253259,0.0461748046174805,0.0368506425986774,0.0332950631458094,0.0376984126984127,0.0239085239085239,0.0309785755645628,0.0457556935817805,0.0381004537631044,0.0342751273737842,0.0373891001267427,0.0414294129196937,0.043455497382199,0.0084985835694051,0.0556261919898284,0.046875,0.0525095423251168,0.0293566520924422,0.0477463081331276,0.0222222222222222,0.0592034131089097,0.0359306454982244,0.0453286325862503,0.0487848623441844,0.0800880636384406
"Pcna",0.293802932041312,0.14622641509434,0.143718368562072,0.109499386425852,0.099779086892489,0.0926107605520747,0.145179691956646,0.137006289308176,0.16953316953317,0.0925,0.159448818897638,0.178916827852998,0.0869093539054966,0.128617363344051,0.221649484536082,0.205644368734849,0.128178288029715,0.306451612903226,0.167605789415534,0.155086126629423,0.226500322650032,0.163706692176517,0.0626537641463015,0.126587301587302,0.0852390852390852,0.205623110081709,0.145272601794341,0.160029729306838,0.195460861509958,0.131812420785805,0.114667190261143,0.216230366492147,0.0963172804532578,0.0936109345200254,0.0234375,0.148824599579068,0.070580886945659,0.196770994048931,0.0879472693032015,0.111189035972064,0.119908084395237,0.180810878871821,0.217230143783816,0.444856377344383
"Pdcd1",0.0770552536962934,0.0149642160052049,0.0174903245013397,0.021270570466631,0.0316642120765832,0.0279604896430244,0.0767256132344552,0.0366289308176101,0.00491400491400491,0.01,0.0177165354330709,0.0125725338491296,0.0238066538090646,0.0160771704180064,0.0193298969072165,0.0523160584419839,0.0265406044234341,0.00537634408602151,0.0246381615291128,0.0399790502793296,0.0467484046748405,0.0286153974129684,0.0375594554699032,0.0321428571428571,0.0114345114345114,0.101267451585923,0.0241545893719807,0.029592395556251,0.0222325150532654,0.0209125475285171,0.0290594934223444,0.0335078534031414,0.0056657223796034,0.0179593134138589,0.0078125,0.0373845111119038,0.0193628981886321,0.0353482477407979,0.0186440677966102,0.043949621577394,0.0292458742427408,0.0322336942835558,0.071234268974382,0.0996843001640808
"Pdcd1lg2",0.0592552479686332,0.016048579483843,0.0199464126228044,0.028413202857053,0.0368188512518409,0.0174808802871859,0.026811180832858,0.0609811320754717,0.00982800982800983,0.0025,0.0108267716535433,0.0154738878143133,0.0199795081967213,0.0289389067524116,0.0219072164948454,0.0329718928126843,0.0420732736788789,0,0.0468456524140979,0.0909712523277467,0.0342726034272603,0.0245393669675165,0.0398556667213384,0.0408730158730159,0.027027027027027,0.0705783954191598,0.0793650793650794,0.0378657487091222,0.0370541917554423,0.0329531051964512,0.057137247202042,0.0225130890052356,0.0084985835694051,0.012396694214876,0,0.0613919309385367,0.0399750156152405,0.0571550584086401,0.0448210922787194,0.0283743899944479,0.0419887194485064,0.0418030722739864,0.0449287059456551,0.0805865370635761
"Pdgfa",0.0939596616514927,0.0299826501843418,0.0282822268532301,0.0359963500204525,0.0422189494354443,0.030580391981984,0.0319452367370223,0.0331069182389937,0.00491400491400491,0.015,0.0492125984251969,0.034816247582205,0.0271817743490839,0.0128617363344051,0.0128865979381443,0.0398512743235275,0.0278575046429174,0.010752688172043,0.0306043531101536,0.0316428072625698,0.0691905069190507,0.0425903589402321,0.0149253731343284,0.0374338624338624,0.0114345114345114,0.0264427716657016,0.0339544513457557,0.03039430449069,0.0201482167670218,0.0133079847908745,0.025525230708816,0.0157068062827225,0,0.0437062937062937,0.03125,0.031712624406949,0.0156152404747033,0.0524162442142385,0.0256120527306968,0.0346863037316268,0.0133695425109672,0.017124150088139,0.0347353002720234,0.131140050262737
"Pdgfb",0.0722101738865559,0.0390913034049013,0.020690681750521,0.102388219376357,0.0487236131566028,0.0401681196905171,0.0390758699372504,0.0550440251572327,0.0343980343980344,0.0175,0.0137795275590551,0.0145067698259188,0.0320636451301832,0.0144694533762058,0.0193298969072165,0.0376072855926096,0.043896673982779,0.0268817204301075,0.0402165506573859,0.0733094739292365,0.0403671040367104,0.0322755063843946,0.043956043956044,0.0582010582010582,0.0717255717255717,0.0711896030367368,0.0477570738440304,0.0362228133312471,0.0333487725798981,0.0291508238276299,0.0408403691341056,0.037696335078534,0.0056657223796034,0.0316274634456453,0.0078125,0.0602860913922877,0.0249843847595253,0.0571412827859819,0.0322033898305085,0.053096052131732,0.0185920200543138,0.0601863510450768,0.0519235942964757,0.0962780650923214
"Pdgfc",0.0218327991856309,0.00715679895901106,0.00930336409645728,0.00836978068657374,0.0130093274423171,0.0115052732502397,0.00912721049629207,0.0120754716981132,0.00245700245700246,0.005,0.0137795275590551,0.011605415860735,0.0106979267116683,0.00803858520900321,0.0077319587628866,0.0132837581078425,0.0127300354550059,0.00537634408602151,0.0165727543917799,0.0141701582867784,0.0298989029898903,0.0170527804350539,0.00836476955879941,0.00965608465608466,0.00935550935550936,0.0100366724570546,0.0153209109730849,0.0124980441245501,0.00486336266790181,0.00506970849176172,0.0137443549970548,0.00575916230366492,0.0169971671388102,0.0130324221233312,0.015625,0.0227945635501017,0.0118675827607745,0.0158832929248402,0.0105461393596987,0.0203091668858303,0.00689367035721746,0.0128431125661043,0.0107314740083102,0.0344362057864457
"Pdgfd",0.0382659769175295,0.0111147256560399,0.01436439416493,0.0505018721877852,0.0331369661266568,0.0225088630738701,0.0182544209925841,0.017559748427673,0.00245700245700246,0.005,0.0147637795275591,0.00967117988394584,0.0276940694310511,0.0112540192926045,0.0128865979381443,0.0194915809473891,0.0240756373459396,0.00537634408602151,0.0146945088940449,0.0229719506517691,0.0246648024664802,0.0137254086428482,0.0262424143021158,0.0259259259259259,0.00935550935550936,0.0198481631602651,0.0187025534851622,0.0193631669535284,0.0189902732746642,0.0209125475285171,0.0141370508541135,0.0136125654450262,0.0028328611898017,0.0143038779402416,0.0078125,0.0214033460564335,0.0212367270455965,0.0279094115054,0.0199623352165725,0.0362350603430642,0.0146229371213704,0.0193905817174515,0.025916958120348,0.0485700043616425
"Pdgfra",0.0754150601013796,0.0224463240078074,0.0276123846382852,0.0369088449073346,0.0544918998527246,0.0557871970389529,0.0299486594409584,0.0364779874213836,0.0245700245700246,0.0125,0.0265748031496063,0.0154738878143133,0.139283992285439,0.00803858520900321,0.0128865979381443,0.0372469370372797,0.0447070741178457,0.0268817204301075,0.0283946525245829,0.0338250698324022,0.0570015057001506,0.0362683525350414,0.0311628669837625,0.0322751322751323,0.0280665280665281,0.0341311201183813,0.0285024154589372,0.0547840713503364,0.0226956924502084,0.0329531051964512,0.0333791478499902,0.0308900523560209,0.0226628895184136,0.027972027972028,0.0078125,0.0385973673884351,0.0206121174266084,0.0478565131143928,0.031638418079096,0.0587358639431928,0.0217255065803217,0.0241752707126668,0.0402355543598481,0.0944710989262052
"Pdgfrb",0.0533505510269434,0.0185426154847105,0.0251562965168205,0.0701047795852868,0.0443053510063819,0.0338580570358313,0.0165430690245294,0.0467421383647799,0.0294840294840295,0.0125,0.0167322834645669,0.00580270793036751,0.0893502892960463,0.00643086816720257,0.0141752577319588,0.0258140601454498,0.0604423434070572,0.021505376344086,0.0348027842227378,0.0682611731843575,0.0311178031117803,0.0244561826727114,0.0369033951123503,0.0273809523809524,0.0187110187110187,0.0325870166634498,0.0458937198067633,0.076631200125176,0.0430754979157017,0.0304182509505703,0.0396622815629295,0.00785340314136126,0.0056657223796034,0.0176414494596313,0.0078125,0.0598223522277316,0.014366021236727,0.0466993608111087,0.0314500941619586,0.0577131001431869,0.0359306454982244,0.034248300176278,0.10444504229815,0.0692358817787193
"Pds5a",0.108716197041924,0.0805139882888744,0.0384787139029473,0.0481419716182625,0.0449189985272459,0.056244286383197,0.0405019965772961,0.0494088050314465,0.00982800982800983,0.035,0.0413385826771654,0.034816247582205,0.0470106075216972,0.0466237942122186,0.0425257731958763,0.0638799711721156,0.0489616748269458,0.0268817204301075,0.0449674069163628,0.0519378491620112,0.0813795081379508,0.0581458220687934,0.0364113498441857,0.0371693121693122,0.0291060291060291,0.0467091295116773,0.0435472739820566,0.049816147707714,0.0444650301065308,0.0253485424588086,0.0465344590614569,0.0329842931937173,0.0339943342776204,0.0788302606484425,0.0078125,0.053900759818785,0.0249843847595253,0.0756419440158695,0.0325800376647834,0.0575669910289004,0.0294547733444746,0.0453286325862503,0.0681254297073506,0.155523708642283
"Pecam1",0.049432310772427,0.0151810887009326,0.029398630544805,0.136119064850068,0.03240058910162,0.028930410934469,0.020250998288648,0.0375849056603774,0.0417690417690418,0.0175,0.00590551181102362,0.00967117988394584,0.022872468659595,0.0160771704180064,0.0244845360824742,0.0285494332699993,0.0364004727334121,0.010752688172043,0.0303833830515965,0.0452310288640596,0.0282498028249803,0.0202137836376492,0.0260783992127276,0.0239417989417989,0.0249480249480249,0.0448433378369684,0.0454106280193237,0.0275582850884056,0.0287169986104678,0.0190114068441065,0.0280777537796976,0.0214659685863874,0.0028328611898017,0.0154164017800381,0.0234375,0.041522491349481,0.0131168019987508,0.0356099845713026,0.02015065913371,0.0270301861430116,0.0123250470022979,0.0209015361369932,0.0480674378979464,0.0659854196523148
"Pf4",0.0920304815660464,0.0178377792235957,0.0291009228937184,0.0421950221830654,0.0679921453117329,0.0232223683917144,0.0399315459212778,0.0765786163522013,0.0368550368550369,0.01,0.0137795275590551,0.00676982591876209,0.0367948408871745,0.0562700964630225,0.0180412371134021,0.038409880102208,0.094918115819686,0.010752688172043,0.0968953706772732,0.114699720670391,0.0576468057646806,0.0476646009233457,0.0605215679842546,0.071957671957672,0.025987525987526,0.0450041819468571,0.424154589371981,0.0504811453606634,0.0217693376563224,0.026615969581749,0.204005497741999,0.0361256544502618,0.0708215297450425,0.0203432930705658,0.0078125,0.281204294938109,0.0362273579013117,0.0700903680846374,0.0627118644067797,0.0353876274802022,0.0135784416127011,0.0241752707126668,0.0581711655157983,0.123434481899184
"Pfn1",0.383365312769298,0.636141834743006,0.255433164632331,0.232308612063812,0.195630829651448,0.224553501750318,0.389903023388477,0.498415094339623,0.13022113022113,0.3075,0.191929133858268,0.500967117988395,0.161342815814851,0.323151125401929,1.03994845360825,0.517935530367556,0.326422421070404,0.145161290322581,0.635730858468677,0.383278049348231,0.483688248368825,0.359855259327039,0.144333278661637,0.177910052910053,0.312889812889813,0.612912565141865,0.672601794340925,0.496303395399781,0.325150532654007,0.288973384030418,0.81759277439623,0.524083769633508,0.201133144475921,0.294342021614749,0.1640625,0.467377733385653,0.227982510930668,0.328025126735728,0.233145009416196,0.143742146635107,0.264884060998538,0.47771342231176,0.308821331420201,0.797952105011735
"Pgf",0.0644049351602834,0.0208197787898504,0.0307383149746948,0.0459393977533747,0.0336278841433481,0.0222078530179045,0.0191100969766115,0.0361761006289308,0.0245700245700246,0.01,0.0147637795275591,0.0193423597678917,0.0324855351976856,0.0192926045016077,0.0219072164948454,0.0221450566730001,0.0476447746074624,0.0161290322580645,0.0330350237542813,0.0395135009310987,0.0410841041084104,0.0321091377947843,0.0211579465310809,0.0325396825396825,0.0187110187110187,0.031203757318407,0.0519668737060041,0.0354404631513065,0.0194534506716072,0.0228136882129278,0.0292558413508737,0.0303664921465969,0.0141643059490085,0.020184361093452,0,0.0445189597973817,0.0374765771392879,0.0451013885827639,0.0510357815442561,0.0376961514859297,0.0160852308335074,0.0221606648199446,0.0524317699458942,0.0790807319251459
"Pgr",0.0463159429420908,0.030958577315116,0.0325245608812146,0.031370944904188,0.0591556210112911,0.0391090102343419,0.0171135196805476,0.0367798742138365,0.00982800982800983,0.0025,0.0659448818897638,0.0377176015473888,0.0468297974927676,0.0160771704180064,0.0167525773195876,0.026567516215685,0.0268445044740841,0.032258064516129,0.02861562258314,0.0320210661080075,0.0299706029970603,0.0248721041467371,0.0518287682466787,0.0375661375661376,0.0478170478170478,0.0277295245448112,0.0249827467218772,0.025250352057581,0.0187586845761927,0.023447401774398,0.0341645395641076,0.00680628272251309,0.084985835694051,0.0422759059122695,0.0234375,0.0352085042628331,0.0474703310430981,0.0368084637425612,0.0186440677966102,0.0673855235089565,0.0188009191560476,0.0219088390833543,0.0490837891967836,0.0608449124556047
"Phlda2",0.215625577647546,0.0729776621123401,0.0490473355165228,0.0572039898052295,0.0538782523318606,0.0317955807264376,0.0798630918425556,0.0568553459119497,0.027027027027027,0.035,0.015748031496063,0.0309477756286267,0.0404713114754098,0.0241157556270096,0.0695876288659794,0.0793422000917251,0.0586189431031572,0.043010752688172,0.0563473649320517,0.0721892458100559,0.129346812934681,0.0727862579544982,0.0434639986878793,0.0243386243386243,0.0322245322245322,0.0755002251817538,0.0526570048309179,0.0529259896729776,0.0569708198239926,0.0583016476552598,0.038287846063224,0.0324607329842932,0.0396600566572238,0.0437062937062937,0.0234375,0.0718438982627617,0.0599625234228607,0.164467158915583,0.0519774011299435,0.0760059612518629,0.0643409233340297,0.04507680684966,0.0641198098825217,0.276652750950215
"Pigr",0.0393776636874155,0.00981348948167426,0.0183834474545996,0.0147887102356754,0.023073146784487,0.0120292537180316,0.0285225328009127,0.0151446540880503,0.0171990171990172,0.005,0.00688976377952756,0.00580270793036751,0.0126868370298939,0.0160771704180064,0.0206185567010309,0.0159536133132412,0.021610670268445,0.010752688172043,0.0135896586012595,0.0275256052141527,0.0262422026242203,0.0142661065590816,0.0413318025258324,0.0251322751322751,0.025987525987526,0.0225181753844174,0.0186335403726708,0.0153927397903302,0.0220009263547939,0.0101394169835234,0.0129589632829374,0.0115183246073298,0.0368271954674221,0.0855054036872219,0.0625,0.0181571719045411,0.00624609618988132,0.0253333700683271,0.0169491525423729,0.0213611525086935,0.0313348652600794,0.0183832787710904,0.0180252892117299,0.050460049431948
"Plac8",0.0997367879802448,0.0206029060941227,0.0963828520392974,0.0345804096787389,0.0843151693667158,0.0328658387032041,0.0504848830576155,0.114817610062893,0.14987714987715,0.085,0.00492125984251968,0.0367504835589942,0.0522540983606557,0.0707395498392283,0.179123711340206,0.0486306754897464,0.0728684788114131,0.00537634408602151,0.208264280190034,0.116343691806331,0.0789417078941708,0.0771950255791707,0.0624897490569132,0.0535714285714286,0.0415800415800416,0.122949237598919,0.0956521739130435,0.133019089344391,0.0880037054191755,0.0602027883396705,0.0655802081288042,0.0476439790575916,0.0113314447592068,0.013986013986014,0.0234375,0.0937109834837513,0.0168644597126796,0.0810282124752039,0.072316384180791,0.0251015458344292,0.0127428452057656,0.087383530596827,0.135294293486384,0.145356927742123
"Plac9",0.0610334261040716,0.0577965734114075,0.0271658231616553,0.0635285233315503,0.0358370152184585,0.0376262569956967,0.0319452367370223,0.0341132075471698,0.0319410319410319,0.0225,0.0295275590551181,0.00773694390715667,0.119063404050145,0.022508038585209,0.0193298969072165,0.0290735766232064,0.0364004727334121,0.043010752688172,0.0244171914705557,0.0407210195530726,0.0370689037068904,0.0310277419623175,0.0311628669837625,0.0316137566137566,0.0311850311850312,0.0375088464260439,0.0294685990338164,0.0314309184791113,0.0280222325150533,0.0373891001267427,0.0331827999214608,0.0219895287958115,0.0254957507082153,0.0238397965670693,0.0234375,0.0399172403952485,0.0256089943785134,0.044150870619352,0.024105461393597,0.0439788434002513,0.0330060580739503,0.0277008310249307,0.0446895644635758,0.0764325918541134
"Plekhg2",0.169059700443373,0.0467902841032314,0.0445817207502233,0.103615367672509,0.0589101620029455,0.0379049700104796,0.0630347974900171,0.0708427672955975,0.00491400491400491,0.025,0.0541338582677165,0.0319148936170213,0.0644286403085824,0.0594855305466238,0.0734536082474227,0.0823068859333028,0.0598683099780517,0.032258064516129,0.0637498618937134,0.0986819134078212,0.099017709901771,0.061764338892817,0.0624897490569132,0.0526455026455026,0.0426195426195426,0.0845396641574986,0.0696342305037957,0.0768267876701612,0.0775822139879574,0.0424588086185044,0.0459454152758688,0.074869109947644,0.0141643059490085,0.0376668785759695,0.09375,0.0733421324867121,0.0412242348532167,0.104667180956579,0.0453860640301318,0.0848309517547705,0.11196991852935,0.0934273482749937,0.0866290018832392,0.217427877126301
"Pnoc",0.229478704819826,0.0408805031446541,0.0584995534385234,0.0524841886661842,0.0758468335787923,0.0337688688711008,0.0878494010268112,0.0573584905660377,0.0565110565110565,0.0325,0.0364173228346457,0.0319148936170213,0.0440875120540019,0.0369774919614148,0.0360824742268041,0.0845344951844329,0.0648320108053351,0.0268817204301075,0.058888520605458,0.0767719972067039,0.158170215817022,0.0761552218941064,0.066754141381007,0.0593915343915344,0.0311850311850312,0.0730875635334234,0.0567977915804003,0.0593217023939916,0.0697081982399259,0.0449936628643853,0.034949931278225,0.0523560209424084,0.0396600566572238,0.0314685314685315,0.03125,0.0678486069988942,0.0455965021861337,0.128994930570862,0.0564971751412429,0.0715934660004091,0.0712345936912471,0.0589272223621254,0.100379637102801,0.292375433568031
"Pou5f1",0.0972556697327005,0.0258078507915853,0.0323757070556713,0.0424782102514081,0.0391507118311242,0.0228767642533836,0.0444951511694238,0.0446792452830189,0.00737100737100737,0.0025,0.00885826771653543,0.0251450676982592,0.0294117647058824,0.0498392282958199,0.0141752577319588,0.039998689641617,0.0415330069221678,0.032258064516129,0.0291680477295326,0.0580772811918063,0.0520542052054205,0.0287817660025787,0.0288666557323274,0.0414021164021164,0.0239085239085239,0.0807115743421476,0.0320220841959972,0.0326044437490221,0.039138490041686,0.0430925221799747,0.0259179265658747,0.0371727748691099,0.0198300283286119,0.0251112523839797,0.0078125,0.0439482039025434,0.0368519675202998,0.0567142384835795,0.0263653483992467,0.0248385494287134,0.0359306454982244,0.0473432384789726,0.0623262487669267,0.11913514860739
"Ppara",0.049817626093137,0.0346454131424854,0.0288032152426317,0.036468330134357,0.0408689248895434,0.0457423799861758,0.0308043354249857,0.0356729559748428,0.0171990171990172,0.025,0.0226377952755906,0.011605415860735,0.0349867405978785,0.045016077170418,0.0154639175257732,0.0281235667955186,0.0456525409420902,0.00537634408602151,0.0254115567340625,0.0453474162011173,0.0400803040080304,0.0297799775402404,0.0318189273413154,0.055026455026455,0.0176715176715177,0.0407257286238178,0.0302967563837129,0.0294359255202629,0.0296433534043539,0.026615969581749,0.0217946200667583,0.025130890052356,0.0113314447592068,0.0322631913541004,0.0625,0.0407733742375058,0.0743285446595878,0.0442197487326427,0.0323917137476459,0.0412319920516642,0.0476289951953207,0.027952656761521,0.041371476399725,0.067158909173988
"Ppard",0.133050942330273,0.102960312296682,0.0398183983328372,0.0499984267329537,0.0381688757977418,0.0550402461593347,0.0442099258414147,0.0601761006289308,0.0245700245700246,0.0225,0.0374015748031496,0.0164410058027079,0.0446299421407907,0.0289389067524116,0.0373711340206186,0.0638472122125401,0.0682424447070741,0.0376344086021505,0.0616506463374213,0.0755499301675978,0.096508209650821,0.055858253961652,0.0321469575200918,0.0476190476190476,0.0166320166320166,0.0591262947950846,0.0639061421670117,0.0517720231575653,0.0500231588698472,0.0228136882129278,0.0437855880620459,0.0246073298429319,0.0311614730878187,0.046567069294342,0.015625,0.0601434024185781,0.0412242348532167,0.0811659687017853,0.0414312617702448,0.0680576254346746,0.0752036766241905,0.0370183832787711,0.0700983469345051,0.17823540407502
"Pparg",0.0703382704028368,0.0186510518325743,0.0201696933611194,0.040558824454863,0.0338733431516937,0.0261098352248657,0.0339418140330861,0.0295345911949686,0.0171990171990172,0.01,0.0078740157480315,0.02321083172147,0.0274831243972999,0.0257234726688103,0.0115979381443299,0.0278942540784905,0.0284653047442175,0,0.0193348801237432,0.0483298417132216,0.0359934035993404,0.0294888325084224,0.0328030178776447,0.0285714285714286,0.0124740124740125,0.0326191854854275,0.0247066942719117,0.0228250664997653,0.0287169986104678,0.0392902408111534,0.0229727076379344,0.0282722513089005,0.0056657223796034,0.0187539732994278,0.0078125,0.0383833339278707,0.023735165521549,0.0454044522812431,0.0229755178907721,0.0370240495602116,0.015249634426572,0.0350037773860489,0.0451080620572146,0.0894759798118263
"Ppia",2.57868893858647,1.88207547169811,1.44246799642751,0.775683584531638,0.714162984781541,0.367209971236817,1.75784369652025,0.969911949685535,1.16216216216216,2.1725,1.23622047244094,2.65377176015474,0.480261571841851,1.35209003215434,2.19072164948454,2.78313568761056,1.00638190106365,1.41397849462366,1.96685449121644,1.1067999301676,3.12497311249731,1.65549224306451,0.449729375102509,0.562566137566138,0.742203742203742,1.28215273756675,1.38385093167702,1.70110311375372,1.3740157480315,0.865652724968314,1.10445709797762,1.53455497382199,1.06232294617564,0.851557533375715,0.9375,1.04459030428424,0.960024984384759,2.29315902578797,0.597175141242938,0.672774027643844,1.18299561311886,1.34349030470914,1.62693928795624,4.79482626124161
"Prf1",0.0941991819859881,0.0285187594881804,0.0323757070556713,0.0403071017274472,0.0483554246440844,0.0756873062944547,0.0670279520821449,0.0388427672955975,0.0147420147420147,0.0125,0.0334645669291339,0.0135396518375242,0.0377290260366442,0.0401929260450161,0.0154639175257732,0.0426194064076525,0.0468006078001013,0.0161290322580645,0.0270688321732405,0.0504975558659218,0.0465333046533305,0.0350205881129643,0.0309988518943743,0.0361111111111111,0.152806652806653,0.102200347423277,0.0331262939958592,0.038315600062588,0.0504863362667902,0.0386565272496831,0.0365207147064598,0.0586387434554974,0.0368271954674221,0.0149396058486968,0.046875,0.0507259301537474,0.0118675827607745,0.0551851443685255,0.0233521657250471,0.0684375091318196,0.0327971589722164,0.0851170989675145,0.0686336053567692,0.115822377302843
"Prss2",0.073605640183181,0.0214703968770332,0.0258261387317654,0.0213964318303389,0.0465144820814924,0.0277486677517893,0.0325156873930405,0.0346163522012579,0.0245700245700246,0.005,0.00984251968503937,0.0183752417794971,0.0251627290260366,0.0112540192926045,0.0219072164948454,0.0325951647775667,0.0375147729191288,0.00537634408602151,0.0325930836371672,0.040473696461825,0.0473937047393705,0.0305286361934867,0.0316549122519272,0.0310846560846561,0.0457380457380457,0.0234832400437496,0.03567977915804,0.0304920982631826,0.0254747568318666,0.0196451204055767,0.0333791478499902,0.0115183246073298,0,0.0206611570247934,0.0078125,0.0417721970534727,0.0193628981886321,0.0412579898611417,0.0310734463276836,0.0600508459717717,0.0538959682473365,0.0705112062452783,0.122769258362479,0.096350759133487
"Prss34",0.0570032361279976,0.0185426154847105,0.0279100922893718,0.0256442528554797,0.0339960726558665,0.022609199759192,0.0305191100969766,0.0291823899371069,0.0417690417690418,0.0075,0.015748031496063,0.0154738878143133,0.0244997589199614,0.00643086816720257,0.0103092783505155,0.024798532398611,0.0222184703697451,0.021505376344086,0.0214340956800354,0.0379131750465549,0.0317631031763103,0.0246641434097242,0.0180416598327046,0.0345238095238095,0.0051975051975052,0.037862703467799,0.0265700483091787,0.0234509466437177,0.0358962482630848,0.0133079847908745,0.0217946200667583,0.0219895287958115,0.0198300283286119,0.0168467895740623,0.0078125,0.0324974137623515,0.0387257963772642,0.0403625743883624,0.0254237288135593,0.034423307325911,0.0315437643618132,0.0211533618735835,0.0329118464711685,0.073420981577253
"Prtn3",0.118333459168292,0.0354586857514639,0.114989580232212,0.0504389415059312,0.070446735395189,0.0325648286472385,0.0536223616657159,0.0867421383647799,0.0147420147420147,0.025,0.0187007874015748,0.0135396518375242,0.0420986017357763,0.0707395498392283,0.0360824742268041,0.0519393304068663,0.0771568461928077,0.0537634408602151,0.0651861672743343,0.105956121973929,0.0634545063454506,0.0542361602129518,0.0746268656716418,0.0690476190476191,0.051975051975052,0.0906839091552467,0.0819875776397515,0.0619425754967924,0.0734136174154701,0.0443599493029151,0.0488906342038092,0.0507853403141361,0.0453257790368272,0.0259059122695486,0.03125,0.0811900260407377,0.0293566520924422,0.12017853206965,0.0504708097928437,0.059700184097484,0.0649676206392313,0.0402921178544447,0.0684542492452097,0.147745446237564
"Psap",0.243839510961961,0.21920407720668,0.238166120869306,0.178754601806111,0.136843397152676,0.276416419541127,0.139189960068454,0.97348427672956,0.0786240786240786,0.0975,0.123031496062992,0.118955512572534,0.239060993249759,0.117363344051447,0.61340206185567,0.225250606040752,0.346074624345771,0.0806451612903226,1.2151143520053,0.710093691806331,0.422241342224134,0.446574886661398,0.138100705264884,0.270634920634921,0.118503118503119,0.324486907289455,1.11242236024845,0.485761226725082,0.306855025474757,0.640050697084918,1.55507559395248,0.140314136125654,0.0736543909348442,0.267959313413859,0.1171875,0.971676238718653,0.0930668332292317,0.221484461097642,0.334839924670433,0.225767803395576,0.0879465218299561,0.196424074540418,0.180970316563537,0.469624275655804
"Psca",0.0567194566012585,0.0499891563652136,0.0308871688002382,0.0473868034360152,0.0575601374570447,0.0558317911213182,0.0302338847689675,0.0455345911949686,0.0245700245700246,0.0275,0.0196850393700787,0.0106382978723404,0.0411041465766635,0.00964630225080386,0.0219072164948454,0.0346753587106074,0.0479486746581124,0.0483870967741935,0.0318196884322174,0.0456965782122905,0.0395067039506704,0.0339391922804974,0.0395276365425619,0.0432539682539683,0.0374220374220374,0.0531107250852474,0.037336093857833,0.0355773744327961,0.0382121352477999,0.0304182509505703,0.0412330649911643,0.0471204188481675,0.0113314447592068,0.0413223140495868,0.0078125,0.0439482039025434,0.0381011867582761,0.0485728454926163,0.0305084745762712,0.0825808713947576,0.0415709212450386,0.0289599597078821,0.0552715750455863,0.0758614243878123
"Psd3",0.0297551945972544,0.0308501409672522,0.0201696933611194,0.0174632642144678,0.0270004909180167,0.0201453767085108,0.0199657729606389,0.0166037735849057,0.00737100737100737,0.015,0.0236220472440945,0.00676982591876209,0.0258256991321119,0.00482315112540193,0.0077319587628866,0.0178700124484046,0.0257977376329563,0.010752688172043,0.0159098442161087,0.0259689245810056,0.0234459023445902,0.0170943725824564,0.0244382483188453,0.0185185185185185,0.025987525987526,0.0150228398636042,0.0220841959972395,0.016605382569238,0.0127373784159333,0.0164765525982256,0.0235617514235225,0.0115183246073298,0.0028328611898017,0.0168467895740623,0.0078125,0.0288945171761852,0.0112429731417864,0.0273032841084417,0.0128060263653484,0.0237281201601356,0.0175475245456445,0.0128431125661043,0.0194003527336861,0.039992107504102
"Ptgdr2",0.0253474997461605,0.00932552591628714,0.0106430485263471,0.0117995028476134,0.0159548355424644,0.0121072933621708,0.0094124358243012,0.0161006289308176,0.0196560196560197,0.0025,0.00295275590551181,0.00870406189555126,0.0135004821600771,0.00803858520900321,0.00515463917525773,0.0117113280482212,0.013574202262367,0.010752688172043,0.0112694729864103,0.0198149441340782,0.0157740015774002,0.0108971426194734,0.013941282597999,0.0133597883597884,0.0103950103950104,0.0170816444701795,0.0133195307108351,0.0115592239086215,0.0108846688281612,0.0101394169835234,0.0113881798547025,0.0115183246073298,0.0113314447592068,0.0111252383979657,0.0078125,0.0169086433845825,0.0174890693316677,0.0176327970024245,0.00941619585687382,0.0157213406972327,0.0133695425109672,0.0168723243515487,0.0195797088452456,0.0321826905103122
"Ptgds",0.124610454021208,0.0233680329646497,0.0360970526942542,0.0341398949057613,0.0549828178694158,0.0247385671921336,0.0387906446092413,0.0509182389937107,0.0319410319410319,0.015,0.0127952755905512,0.00870406189555126,0.0265188042430087,0.0337620578778135,0.0438144329896907,0.0431435497608596,0.0424109404018234,0.00537634408602151,0.0365705446911943,0.0595903165735568,0.0648885064888507,0.0389302499688059,0.0298507462686567,0.0240740740740741,0.0145530145530146,0.0867271440519848,0.0418219461697723,0.0344429666718823,0.0495599814729041,0.0443599493029151,0.0247398389946986,0.050261780104712,0.0481586402266289,0.0200254291163382,0.0078125,0.0507972746406021,0.0543410368519675,0.0980273308353538,0.0229755178907721,0.0382221442973613,0.0229789011907249,0.0591790480987157,0.0653155172929184,0.154412528298752
"Ptger4",0.0728558373969347,0.0303079592279332,0.0299196189342066,0.0387967653629527,0.0614874815905744,0.0259091618542219,0.0422133485453508,0.0649559748427673,0.085995085995086,0.0225,0.0187007874015748,0.0125725338491296,0.0315814850530376,0.0369774919614148,0.0347938144329897,0.0420461246150822,0.0492318082053014,0,0.040437520715943,0.0711999534450652,0.0447408044740805,0.0274508172856965,0.046908315565032,0.0666666666666667,0.0540540540540541,0.113813292157241,0.0529330572808834,0.0415036770458457,0.0646132468735526,0.0354879594423321,0.0363243667779305,0.0345549738219895,0.0311614730878187,0.0200254291163382,0,0.080119858737916,0.0393504059962523,0.0546203438395415,0.0178907721280603,0.0578007656117589,0.069981199080844,0.0428103752203475,0.0813977819627537,0.0969738509149064
"Ptges",0.186969052410694,0.0632183908045977,0.0359481988687109,0.0537742676441899,0.0670103092783505,0.0326986108943343,0.0501996577296064,0.0614842767295598,0.0294840294840295,0.0125,0.0452755905511811,0.0154738878143133,0.063705400192864,0.0466237942122186,0.0231958762886598,0.0670903492105091,0.087793347965558,0.0752688172043011,0.0576731852833941,0.071796438547486,0.126407112640711,0.0650917106850227,0.0660980810234542,0.0588624338624339,0.0478170478170478,0.0622466705269253,0.054520358868185,0.0559575966202472,0.0528022232515053,0.0399239543726236,0.034360887492637,0.0607329842931937,0.0339943342776204,0.0689764780673872,0.046875,0.0595726465237399,0.0387257963772642,0.116665748291823,0.0457627118644068,0.0743695391718535,0.0568205556716106,0.042306723747167,0.0727289032373778,0.233140174881093
"Ptges2",0.105329067094332,0.0399587941878118,0.0489729086037511,0.0399609829772506,0.0535100638193422,0.0385627327253673,0.0390758699372504,0.0485031446540881,0.00982800982800983,0.02,0.0501968503937008,0.034816247582205,0.0389042912246866,0.0176848874598071,0.0231958762886598,0.0506289720238485,0.0419719736619956,0.010752688172043,0.0405480057452215,0.0611033519553073,0.0525561052556105,0.0465832050908788,0.0291946859111038,0.0558201058201058,0.0467775467775468,0.0560380878852216,0.0513457556935818,0.0413080895008606,0.0463177396943029,0.0443599493029151,0.0384841939917534,0.031413612565445,0.0056657223796034,0.0373490146217419,0.0234375,0.0516890807262869,0.0343535290443473,0.0778735948864889,0.0305084745762712,0.0570994418631834,0.0133695425109672,0.063963737093931,0.0673781125758527,0.132323924647434
"Ptges3",0.199418902840659,0.0695076989806983,0.0756921702887764,0.0814323023189956,0.0576828669612175,0.0748623157706972,0.0849971477467199,0.0803018867924528,0.0515970515970516,0.0375,0.0551181102362205,0.0996131528046422,0.0602097396335583,0.0385852090032154,0.0824742268041237,0.105565747231868,0.0832686138781023,0.0752688172043011,0.0896033587448901,0.107963803538175,0.135799813579981,0.0889240111466955,0.0729867147777596,0.0596560846560847,0.0384615384615385,0.104259152029853,0.0794340924775707,0.0835941167266468,0.110467809170912,0.0779467680608365,0.0614569016296878,0.0654450261780105,0.0113314447592068,0.0503814367450731,0.0625,0.0815110762315842,0.061211742660837,0.130978620233635,0.0525423728813559,0.0737266590689927,0.0601629412993524,0.0888944850163687,0.106657101007383,0.275468876565518
"Ptgis",0.052743939745015,0.0292778139232271,0.0278356653766002,0.0302067272898902,0.0321551300932744,0.0355526321657116,0.0259555048488306,0.0361761006289308,0.027027027027027,0.04,0.0285433070866142,0.0290135396518375,0.0572263741562199,0.0241157556270096,0.0128865979381443,0.0282218436742449,0.0348134391355732,0.0268817204301075,0.023643796265606,0.0391352420856611,0.0362802036280204,0.0286153974129684,0.0267344595702805,0.0399470899470899,0.00831600831600832,0.0283085633404105,0.0338854382332643,0.030276951963699,0.0224641037517369,0.0196451204055767,0.0306302768505792,0.0214659685863874,0.0056657223796034,0.0282898919262556,0.03125,0.0425569864088753,0.0287320424734541,0.0366431562706634,0.0225988700564972,0.0509628590631484,0.0263212868184667,0.0302190883908335,0.0400860909335486,0.0642199929382931
"Ptgs1",0.109408723226443,0.0968878768163088,0.0343852337005061,0.0568893363959598,0.0574374079528719,0.0304243126937055,0.0735881346263548,0.0632452830188679,0.0245700245700246,0.0425,0.0442913385826772,0.0193423597678917,0.0522239633558341,0.00643086816720257,0.0219072164948454,0.0520376072855926,0.0605098767516461,0.0698924731182796,0.0886089934813833,0.072465665735568,0.0860400086040009,0.0586033356902217,0.0585533869115959,0.0670634920634921,0.0145530145530146,0.0575821913401531,0.0916494133885438,0.0517915819120638,0.0345067160722557,0.0481622306717364,0.0681327311996858,0.043979057591623,0.0339943342776204,0.0247933884297521,0.0078125,0.0924624549637927,0.042473454091193,0.0913186026008376,0.0453860640301318,0.0578592092574735,0.0695634008773762,0.0415512465373961,0.0557797506950049,0.141857228903151
"Ptgs2",0.0636655463016238,0.024343960095424,0.0191277165823162,0.0136559579623045,0.0310505645557192,0.0134897099154942,0.0467769537934969,0.0247547169811321,0.00491400491400491,0.0175,0.0108267716535433,0.0164410058027079,0.0197986981677917,0.00803858520900321,0.0038659793814433,0.025273537312455,0.0254938375823063,0.010752688172043,0.0218760357971495,0.0345233938547486,0.0407256040725604,0.0304870440460841,0.0239462030506807,0.0302910052910053,0.0176715176715177,0.0190117737888439,0.0207729468599034,0.0276365201063996,0.00926354793886058,0.014575411913815,0.0164932259964657,0.00680628272251309,0.0113314447592068,0.0119198982835346,0.0234375,0.0236150251489316,0.00874453466583385,0.0362436632135773,0.0335216572504708,0.0339265363373367,0.0165030290369751,0.0261898766053891,0.0306997877619347,0.0810019315845224
"Ptk2",0.118812499837282,0.0290609412274995,0.0272402500744269,0.0400868443409584,0.0260186548846343,0.0250284287275079,0.0347974900171135,0.0286289308176101,0.00245700245700246,0.0075,0.0265748031496063,0.0338491295938104,0.0301350048216008,0.0257234726688103,0.029639175257732,0.0563617899495512,0.0339692723282121,0.043010752688172,0.0279527124074688,0.0214880121042831,0.0836739083673908,0.0445035977207503,0.0196818107265868,0.0141534391534392,0.0155925155925156,0.0250916811426366,0.0244306418219462,0.0320372398685652,0.0150532654006484,0.0209125475285171,0.0241507952091105,0.0272251308900524,0.0084985835694051,0.0476795931341386,0.03125,0.0301430456961438,0.0124921923797626,0.0738373374476526,0.0231638418079096,0.0333420998801905,0.0355128472947566,0.0120876353563334,0.0350641198098825,0.165192016117307
"Ptk6",0.0751390910203306,0.0910865322055953,0.0341619529621911,0.0379786664988515,0.0402552773686794,0.0291979754286606,0.0256702795208214,0.0440754716981132,0.0294840294840295,0.045,0.0383858267716535,0.0261121856866538,0.0329978302796528,0.0337620578778135,0.0270618556701031,0.0380822905064535,0.0379199729866622,0.010752688172043,0.0283946525245829,0.0656715549348231,0.0529146052914605,0.0314020712889406,0.0428079383303264,0.0365079365079365,0.0228690228690229,0.0535610885929357,0.0365079365079365,0.0341300265999061,0.0569708198239926,0.0424588086185044,0.0263106224229334,0.0465968586387435,0.0368271954674221,0.0243165924984107,0.015625,0.0393464845004102,0.0480949406620862,0.0497575490412167,0.0355932203389831,0.0499693170859998,0.045540004177982,0.0196424074540418,0.0603533315397722,0.0961742164620849
"Ptprc",0.0346393266354422,0.0153979613966602,0.0230723429592141,0.0190365312608162,0.046759941089838,0.0305915405025753,0.0402167712492869,0.08,0.0122850122850123,0.0025,0.0127952755905512,0.0174081237911025,0.0219382835101254,0.0610932475884244,0.0902061855670103,0.0325460263382035,0.0341718723619787,0.032258064516129,0.0688321732405259,0.0591538640595903,0.0260988026098803,0.0253712099155679,0.052812858783008,0.0313492063492063,0.0738045738045738,0.0718973171202471,0.0704623878536922,0.0403301517759349,0.0560444650301065,0.0621039290240811,0.0938543098370312,0.0471204188481675,0.0481586402266289,0.0200254291163382,0.0390625,0.0599293689580138,0.042473454091193,0.0271793035045184,0.0350282485875706,0.0284620554630198,0.0424065176519741,0.0501133215814656,0.0480973305832063,0.0527239495711052
"Ptprcap",0.185039872325248,0.0280307959227933,0.0722685323012801,0.0517290204839369,0.0532646048109966,0.0432116658119468,0.0872789503707929,0.0791949685534591,0.0491400491400491,0.0275,0.0078740157480315,0.0299806576402321,0.03275675024108,0.130225080385852,0.237113402061856,0.0756240581799122,0.0629410771568462,0.010752688172043,0.0599933708982433,0.10451582867784,0.0808059080805908,0.050243314062305,0.0659340659340659,0.0624338624338624,0.0810810810810811,0.247281734542881,0.053968253968254,0.0617274291973087,0.17739694302918,0.124841571609632,0.0373061064205773,0.108376963350785,0.0368271954674221,0.0251112523839797,0.1328125,0.0754824670923554,0.116177389131793,0.1043641172581,0.04030131826742,0.046404254697408,0.101316064340923,0.17980357592546,0.146474157773593,0.231073587139386
"Pttg1",0.119546681732149,0.049772283669486,0.0518011312890741,0.0573613165098644,0.0549828178694158,0.112923365069455,0.0607529948659441,0.0563018867924528,0.0466830466830467,0.0475,0.0551181102362205,0.0667311411992263,0.0705460462873674,0.0530546623794212,0.0760309278350515,0.0873353862281334,0.0489279081546514,0.00537634408602151,0.0631974367473207,0.0667917830540037,0.0710547071054707,0.0801064758973506,0.0437920288666557,0.0415343915343915,0.0218295218295218,0.104966866113363,0.0429261559696342,0.0640940384916289,0.0734136174154701,0.0595690747782003,0.0437855880620459,0.0759162303664921,0.028328611898017,0.0400508582326764,0.015625,0.0563978168587022,0.0593379138038726,0.0850231430460657,0.0342749529190207,0.0395079045030829,0.0340505535826196,0.0788214555527575,0.0830717723373091,0.191486489293206
"Qrfpr",0.121442016552938,0.0252114508783344,0.0268681155105686,0.028318806834272,0.0425871379479627,0.0212602287676425,0.0573302909298346,0.0312452830188679,0.0294840294840295,0.015,0.0118110236220472,0.0106382978723404,0.0267598842815815,0.0128617363344051,0.0283505154639175,0.0457970254864705,0.0332264055377343,0.0376344086021505,0.031930173461496,0.0425250232774674,0.0696924069692407,0.0407187123071164,0.0231261276037395,0.0215608465608466,0.0176715176715177,0.0324905101975166,0.0273291925465838,0.0311766546706306,0.0301065308012969,0.0209125475285171,0.0223836638523464,0.0225130890052356,0.0368271954674221,0.0208200890019072,0.0390625,0.0351371597759783,0.042473454091193,0.0595244655058409,0.0267419962335217,0.0319102305601823,0.0417798203467725,0.0345001259128683,0.0465429109496906,0.14943817891042
"Rac1",0.337229010078078,0.256668835393624,0.102485858886573,0.136433718259337,0.0957290132547865,0.115699346696693,0.217056474614946,0.176150943396226,0.0614250614250614,0.0625,0.101377952755906,0.287234042553192,0.118942864030858,0.0932475884244373,0.212628865979381,0.280285658127498,0.171264561877427,0.145161290322581,0.285161860567893,0.191719040968343,0.299060729906073,0.253961652040095,0.102673445957028,0.104497354497354,0.0883575883575884,0.180370584829184,0.219737750172533,0.18091847911125,0.14682723483094,0.14575411913815,0.22501472609464,0.156020942408377,0.104815864022663,0.120947234583598,0.0234375,0.194877465843827,0.121174266083698,0.279521159356403,0.133709981167608,0.0974840010519856,0.086693127219553,0.121380005036515,0.167219681343975,0.553544353749974
"Rac2",0.095737839786931,0.0384949034916504,0.10010419767788,0.0594065636701174,0.121624938635248,0.0611830810051506,0.0778665145464917,0.11577358490566,0.0663390663390663,0.04,0.0374015748031496,0.0357833655705996,0.0437258919961427,0.090032154340836,0.17139175257732,0.0855500229312717,0.0773932128988688,0.0483870967741935,0.0967848856479947,0.141206936685289,0.0561411056141106,0.0467911658278917,0.109726094800722,0.0701058201058201,0.0914760914760915,0.255581290613138,0.102553485162181,0.0858238147394774,0.14520611394164,0.0836501901140684,0.0934616139799725,0.141884816753927,0.084985835694051,0.0379847425301971,0.0546875,0.115364035244177,0.173641474078701,0.0856154948203659,0.0627118644067797,0.0850939481604863,0.102151660747859,0.175018886930244,0.15457507547903,0.135179761978939
"Rack1",0.338606252001427,0.967414877466927,0.199910687704674,0.117082533589251,0.0633284241531664,0.208700305469464,0.294352538505419,0.170314465408805,0.14987714987715,0.2525,0.427165354330709,0.465183752417795,0.136029411764706,0.361736334405145,0.65979381443299,0.489156784380528,0.220901570150262,0.220430107526882,0.451220859573528,0.113099394785847,0.656126765612677,0.420621386682194,0.0626537641463015,0.0682539682539682,0.117463617463617,0.183523129383002,0.251069703243616,0.299014238773275,0.301065308012969,0.211660329531052,0.306499116434322,0.277486910994764,0.0906515580736544,0.614113159567705,0.0859375,0.12856276531231,0.0961898813241724,0.377755124531629,0.102448210922787,0.0628561409660735,0.0785460622519323,0.132208511709897,0.160404149104714,0.769497580326916
"Rag1",0.0552250579925593,0.0215246150509651,0.0536618041083656,0.0288851829709575,0.039887088856161,0.0425762001382417,0.0282373074729036,0.0388427672955975,0.00737100737100737,0.005,0.0423228346456693,0.0338491295938104,0.0343237704918033,0.0273311897106109,0.0128865979381443,0.0279106335582782,0.0288367381394564,0.010752688172043,0.0276212573196332,0.0442853817504655,0.0504051050405105,0.0305286361934867,0.0180416598327046,0.0251322751322751,0.00831600831600832,0.0361255870810011,0.0378191856452726,0.0286340165858238,0.0382121352477999,0.0304182509505703,0.0339681916355782,0.031413612565445,0.0113314447592068,0.027972027972028,0,0.0429493810865765,0.0218613366645846,0.0397839982367203,0.0325800376647834,0.235674001344204,0.010653854188427,0.0347519516494586,0.0365587540728784,0.0788834195276964
"Ramp1",0.0766126617738564,0.0328019952288007,0.0457725513545698,0.0367515182026997,0.0509327442317133,0.0606591005373587,0.0339418140330861,0.0620377358490566,0.0147420147420147,0.0075,0.0127952755905512,0.0183752417794971,0.0426108968177435,0.00803858520900321,0.0360824742268041,0.0435366572757649,0.0368732061455344,0.010752688172043,0.0355761794276876,0.0596921554934823,0.0443106044310604,0.0326498357110178,0.0580613416434312,0.0400793650793651,0.0384615384615385,0.0885285980827382,0.0348516218081435,0.0410929432013769,0.0595182955071792,0.0215462610899873,0.0414294129196937,0.043979057591623,0.028328611898017,0.0414812460267006,0.0390625,0.0510113081011665,0.0312304809494066,0.0641392990963192,0.0252354048964218,0.0415826539259519,0.0447044077710466,0.070259380508688,0.0891399874450722,0.104035557770993
"Ramp2",0.109070270579874,0.022121014964216,0.0380321524263174,0.134105283030742,0.0489690721649485,0.0309148475997235,0.0225328009127211,0.0465408805031447,0.0196560196560197,0.025,0.0147637795275591,0.02321083172147,0.0875120540019286,0.0273311897106109,0.0180412371134021,0.0353141584223285,0.0521019753503292,0.00537634408602151,0.0375649099547011,0.0711563081936685,0.0591525059152506,0.0316932163207586,0.0583893718222076,0.0374338624338624,0.0228690228690229,0.066106929164254,0.0406487232574189,0.0420122046628071,0.0680870773506253,0.0462610899873257,0.0278814058511683,0.0382198952879581,0.0509915014164306,0.0130324221233312,0.015625,0.0542931544964863,0.0374765771392879,0.070531188009698,0.0254237288135593,0.0498232079717133,0.0511802799247963,0.0440695039032989,0.0761366693570083,0.135802853760359
"Ramp3",0.0900986979987035,0.0267837779223596,0.0338642453111045,0.0642207608319436,0.0652920962199313,0.0310820754085933,0.0305191100969766,0.0581635220125786,0.027027027027027,0.0075,0.0324803149606299,0.0125725338491296,0.0369153809064609,0.0434083601286174,0.0438144329896907,0.0446996003406932,0.0547695424615904,0.0161290322580645,0.0281736824660259,0.0662389432029795,0.0490428049042805,0.0315268477311484,0.0239462030506807,0.0276455026455026,0.0155925155925156,0.0887859486585601,0.0428571428571429,0.0425402910342669,0.0442334414080593,0.0430925221799747,0.0506577655605733,0.0534031413612565,0.138810198300283,0.0243165924984107,0,0.0543288267399137,0.0249843847595253,0.0586566012783778,0.032015065913371,0.0494433242745682,0.0507624817213286,0.0382775119617225,0.0672884345200729,0.115053897439093
"Rara",0.0303123397231457,0.0123075254825417,0.00952664483477225,0.0165822346685126,0.0128865979381443,0.0147940868246784,0.0125499144324016,0.0166037735849057,0.00245700245700246,0.005,0.00590551181102362,0.00676982591876209,0.015851012536162,0.00964630225080386,0.00902061855670103,0.0150855008844919,0.016072936012156,0.00537634408602151,0.0159098442161087,0.0207314944134078,0.0235176023517602,0.0154306866863536,0.010989010989011,0.00965608465608466,0.0124740124740125,0.0160522421668918,0.0143547273982057,0.0121851040525739,0.0106530801296897,0.0101394169835234,0.0176713135676419,0.00837696335078534,0.0198300283286119,0.0155753337571519,0,0.0142688973709557,0.00999375390381012,0.0249201013885828,0.0101694915254237,0.0201922795944011,0.0114894505953624,0.0098212037270209,0.0177263623591307,0.0424325503146614
"Rarb",0.0530147018622706,0.0338863587074387,0.0277612384638285,0.0359648846795255,0.0562101129111438,0.0382617226694018,0.0233884768967484,0.0432704402515723,0.0122850122850123,0.0025,0.0275590551181102,0.0135396518375242,0.0397179363548698,0.0176848874598071,0.0309278350515464,0.0274847670837974,0.0420057403342901,0.021505376344086,0.0261849519390123,0.0437470903165736,0.0331971033197103,0.0260366842740091,0.0544530096768903,0.0396825396825397,0.0457380457380457,0.0503442063951618,0.0387853692201518,0.0308832733531529,0.054886521537749,0.0544993662864385,0.0435892401335166,0.0240837696335079,0.0254957507082153,0.0243165924984107,0.0078125,0.0471230335675811,0.0524672079950031,0.0396875688781133,0.0348399246704331,0.0556675725431752,0.0296636724462085,0.027952656761521,0.0579619167189789,0.0675846885579579
"Rarg",0.0736186575926644,0.124376490999783,0.0210628163143793,0.0520436738932066,0.0370643102601865,0.0318513233293942,0.0282373074729036,0.056,0.0368550368550369,0.0175,0.0423228346456693,0.0319148936170213,0.0610233847637416,0.00803858520900321,0.0270618556701031,0.053839350062242,0.0594293432382239,0,0.0426472213015136,0.0535963687150838,0.0692622069262207,0.0462920600590608,0.0283746104641627,0.0461640211640212,0.0426195426195426,0.0469021424435437,0.0432022084195997,0.0400367704584572,0.0386753126447429,0.0221799746514575,0.0508541134891027,0.0387434554973822,0.0226628895184136,0.027972027972028,0.03125,0.0452680769093568,0.0393504059962523,0.0607504959224157,0.0225988700564972,0.0399754536687999,0.0215166074785878,0.0692520775623269,0.0601739754282127,0.115541986001205
"Rarres1",0.0850245117820573,0.0377358490566038,0.0224025007442691,0.0322834397910701,0.0520373097692685,0.027068607995719,0.0365088419851683,0.0303396226415094,0.00982800982800983,0.02,0.00984251968503937,0.0106382978723404,0.0281460945033751,0.0337620578778135,0.0103092783505155,0.0368046910830112,0.0294783049130508,0.0537634408602151,0.0287261076124185,0.0409392458100559,0.0513372051337205,0.0310277419623175,0.0700344431687715,0.0279100529100529,0.0124740124740125,0.032072315511806,0.0334713595583161,0.0320176811140667,0.0342751273737842,0.0228136882129278,0.0212055762811702,0.0167539267015707,0.0198300283286119,0.0187539732994278,0,0.037313166625049,0.0199875078076202,0.0440819925060613,0.0291902071563089,0.0322901142573274,0.0342594526843535,0.0317300428103752,0.0486951842884046,0.103599393523999
"Rarres2",0.113269686879232,0.0513446107135112,0.0747990473355165,0.104905446650514,0.132302405498282,0.0576712970188856,0.0713063320022818,0.087748427672956,0.0515970515970516,0.0425,0.0374015748031496,0.0493230174081238,0.33980231436837,0.0385852090032154,0.0631443298969072,0.0683515691541637,0.223028870504812,0.0752688172043011,0.0919235443597393,0.123661545623836,0.0871872087187209,0.0939566609824065,0.145153354108578,0.136772486772487,0.104989604989605,0.102618542108988,0.143616287094548,0.264551713346894,0.11162575266327,0.0811153358681876,0.0922835264087964,0.100523560209424,0.0821529745042493,0.0513350286077559,0.1953125,0.159633289337566,0.0393504059962523,0.083907317610756,0.12241054613936,0.149528067560854,0.0731146856068519,0.115336187358348,0.103906973963471,0.138897542941409
"Rb1",0.173597569389301,0.135870743873346,0.0655701101518309,0.0767754318618042,0.0650466372115857,0.0602577537960713,0.0889903023388477,0.0913710691823899,0.0368550368550369,0.015,0.0649606299212598,0.0290135396518375,0.0613548698167792,0.0401929260450161,0.0682989690721649,0.0768688986437791,0.083471213911869,0.0860215053763441,0.0866202629543697,0.122614059590317,0.128486412848641,0.0817701617934534,0.0870920124651468,0.0726190476190476,0.0145530145530146,0.102554204465032,0.102415458937198,0.070841808793616,0.104678091709125,0.0621039290240811,0.0834478696249755,0.0596858638743456,0.0991501416430595,0.0429116338207247,0.0078125,0.0988121142938679,0.109931292941911,0.0955752700022041,0.0568738229755179,0.0972210046462698,0.141842490077293,0.0642155628305213,0.106447852210564,0.227511579122271
"Rbpj",0.35721333711706,0.0488505747126437,0.0817951771360524,0.0554104653723923,0.0660284732449681,0.0514838680907044,0.210211066742727,0.105559748427673,0.0687960687960688,0.2025,0.0226377952755906,0.147969052224371,0.0609631147540984,0.0466237942122186,0.0373711340206186,0.243595623403001,0.100219483369914,0.0591397849462366,0.224726549552536,0.111469972067039,0.529863052986305,0.260657987771909,0.0685583073642775,0.0698412698412698,0.0446985446985447,0.121437302965965,0.174810213940649,0.146045219840401,0.063918480778138,0.0570342205323194,0.171215393677597,0.0806282722513089,0.0396600566572238,0.0435473617291799,0.1015625,0.121963400278243,0.0893191755153029,0.274024685915803,0.132768361581921,0.089126559714795,0.0777104658449969,0.082850667338202,0.161091680865692,0.601678193864623
"Reg1",0.0291485833153259,0.035946649316851,0.0276868115510569,0.0302696579717441,0.0487236131566028,0.0490534906017971,0.0208214489446663,0.0268679245283019,0.0540540540540541,0.0425,0.030511811023622,0.0125725338491296,0.037819431051109,0.0144694533762058,0.0206185567010309,0.0250442245954269,0.0310653385108898,0.0268817204301075,0.0255220417633411,0.0302025139664804,0.0316197031619703,0.0280331073493324,0.0588814170903723,0.0332010582010582,0.0561330561330561,0.0272148233931673,0.026984126984127,0.0232749178532311,0.0261695229272811,0.0202788339670469,0.0312193206361673,0.0204188481675393,0.0821529745042493,0.0332167832167832,0.015625,0.0345307316377127,0.00999375390381012,0.0339018073616928,0.0254237288135593,0.0475731276117004,0.0307081679548778,0.0176278015613196,0.0230771530206558,0.0407917419569236
"Rela",0.212032772630116,0.073574062025591,0.0689937481393272,0.0861835687989679,0.0740058910162003,0.045887310753863,0.0875641756988021,0.0973081761006289,0.0171990171990172,0.03,0.0403543307086614,0.0396518375241779,0.0715405014464802,0.0578778135048231,0.0721649484536082,0.103764004455219,0.0860037143339524,0.0376344086021505,0.0901557838912827,0.125887453445065,0.134796013479601,0.0865116665973464,0.0660980810234542,0.0706349206349206,0.0717255717255717,0.126841665058226,0.0925465838509317,0.0770223752151463,0.0898564150069477,0.0614702154626109,0.0685254270567446,0.068586387434555,0.0594900849858357,0.0588048315321043,0.046875,0.101701566011486,0.0730793254216115,0.13457405774741,0.0589453860640301,0.0782852634347331,0.0818884478796741,0.0662301687232435,0.121005589932144,0.28453486198517
"Relt",0.102441805670904,0.0186510518325743,0.0403393867222388,0.0428243290016047,0.0501963672066765,0.0298668866641397,0.0367940673131774,0.0719496855345912,0.0221130221130221,0.015,0.0108267716535433,0.00967117988394584,0.0235655737704918,0.0434083601286174,0.0244845360824742,0.0405228329948241,0.0480162080027013,0.0161290322580645,0.062424041542371,0.105694250465549,0.0542769054276905,0.0307365969304995,0.0480564211907496,0.0378306878306878,0.0405405405405405,0.0702567071993824,0.0559696342305038,0.0421686746987952,0.0497915701713756,0.0304182509505703,0.0508541134891027,0.0465968586387435,0.0623229461756374,0.0143038779402416,0,0.0646381050904291,0.0630855715178014,0.0663985012122548,0.0376647834274953,0.0600216241489144,0.0522247754334656,0.0518761017375976,0.0869877141063582,0.128460755602634
"Rgcc",0.118703153597621,0.0609954456733897,0.0503870199464126,0.0967559233504295,0.0689739813451154,0.0622756360230997,0.0524814603536794,0.0486037735849057,0.0221130221130221,0.1525,0.0836614173228346,0.0560928433268859,0.0468900675024108,0.0916398713826367,0.0231958762886598,0.0921837122452991,0.0840114806685801,0.043010752688172,0.050602143409568,0.0696287243947858,0.0879759087975909,0.107640477477852,0.0496965720846318,0.0375661375661376,0.0582120582120582,0.0672328379334749,0.0633540372670807,0.0665975590674386,0.0856878184344604,0.0544993662864385,0.0467308069899863,0.0298429319371728,0.0821529745042493,0.0417991099809282,0.0078125,0.0612849142082546,0.0231105559025609,0.0710133348027331,0.0542372881355932,0.0807691183776044,0.0603718404010863,0.140518761017376,0.079843362329238,0.174579932290693
"Rgs1",0.079098986985194,0.0118737800910865,0.0258261387317654,0.0175576602372487,0.0342415316642121,0.0212156346852773,0.122361665715916,0.0630943396226415,0.0294840294840295,0.0175,0.00688976377952756,0.0106382978723404,0.0162126325940212,0.0144694533762058,0.0605670103092784,0.0398676538033152,0.0468006078001013,0.00537634408602151,0.0412109159208927,0.061016061452514,0.0640281064028106,0.0366010897142619,0.0411677874364442,0.0291005291005291,0.0374220374220374,0.13247120890433,0.0505175983436853,0.0496401189172274,0.0539601667438629,0.0437262357414449,0.0270960141370509,0.0732984293193717,0.0254957507082153,0.0133502860775588,0.0234375,0.0618913423465202,0.108057464084947,0.0502259202115936,0.0372881355932203,0.0445632798573975,0.0325882598704826,0.0543943591035004,0.0912623680985263,0.104970195443122
"Rgs2",0.073806108289226,0.0204944697462589,0.0325989877939863,0.0299864699034014,0.0564555719194894,0.02682334054271,0.0638904734740445,0.0694842767295597,0.0417690417690418,0.0175,0.00590551181102362,0.0290135396518375,0.0298035197685632,0.0305466237942122,0.0541237113402062,0.0342494922361266,0.0430525071754179,0,0.0535852392000884,0.086475791433892,0.0526278052627805,0.0341055608701077,0.0844677710349352,0.0457671957671958,0.0363825363825364,0.057839541915975,0.044168391994479,0.0391370677515256,0.0440018527095878,0.0253485424588086,0.0359316709208718,0.0308900523560209,0.0056657223796034,0.0220915448188175,0.015625,0.0612492419648272,0.0256089943785134,0.0542759532730879,0.0367231638418079,0.0478653458402735,0.0290369751410069,0.0244270964492571,0.0953875586643948,0.0966103807090784
"Rgs5",0.0311923166042265,0.0139340707004988,0.0210628163143793,0.152732764859507,0.046759941089838,0.0500234118932418,0.0131203650884199,0.0247547169811321,0.0442260442260442,0.0175,0.0334645669291339,0.0241779497098646,0.0485173577627772,0.0112540192926045,0.0154639175257732,0.0178044945292538,0.0191457031909505,0.0161290322580645,0.0145840238647663,0.0256488594040968,0.0268158026815803,0.0164704903714179,0.0252583237657865,0.0198412698412698,0.0145530145530146,0.0143794634240494,0.0155969634230504,0.0239790330151776,0.0206113941639648,0.0120405576679341,0.0239544472805812,0.00837696335078534,0.0028328611898017,0.0162110616656071,0,0.021546035030143,0.0131168019987508,0.0251818382190875,0.0177024482109228,0.0342771982116244,0.0127428452057656,0.0239234449760766,0.0225988700564972,0.0418613828483602
"Rigi",0.0458212813817199,0.020440251572327,0.0227002083953558,0.0272804505836821,0.0308051055473736,0.022330486744409,0.0288077581289218,0.0298867924528302,0.0122850122850123,0.02,0.0177165354330709,0.00870406189555126,0.0274228543876567,0.0144694533762058,0.0141752577319588,0.028745987027452,0.0242107040351173,0.010752688172043,0.0270688321732405,0.0312209031657356,0.0430200043020004,0.0315268477311484,0.0223060521567984,0.0297619047619048,0.0166320166320166,0.0282763945184327,0.0262249827467219,0.0265216710999844,0.0229272811486799,0.0253485424588086,0.0294521892794031,0.0219895287958115,0.0141643059490085,0.0243165924984107,0.03125,0.032818463953198,0.0137414116177389,0.035265594004849,0.0210922787193974,0.0281406154115894,0.0215166074785878,0.0209015361369932,0.0297133291483574,0.0664008141732611
"Rnf43",0.0749802786246326,0.0527000650618087,0.0314825841024114,0.0313394795632611,0.039887088856161,0.0294989854846262,0.0356531660011409,0.0561509433962264,0.00737100737100737,0.0375,0.0324803149606299,0.00967117988394584,0.0305267598842816,0.0321543408360129,0.0412371134020619,0.0398021358841643,0.0626371771061962,0.0161290322580645,0.0300519279637609,0.0628782588454376,0.0450993045099305,0.0285738052655659,0.0731507298671478,0.0473544973544974,0.0395010395010395,0.0897188444959146,0.0447204968944099,0.0395869191049914,0.0546549328392774,0.032319391634981,0.0298448851364618,0.0507853403141361,0.056657223796034,0.054354736172918,0.046875,0.0513680305354404,0.0668332292317302,0.0619076482256998,0.0224105461393597,0.0601092896174863,0.0584917484854815,0.0946864769579451,0.0725495471258183,0.0981265707105323
"Ror1",0.0991041418793494,0.0242897419214921,0.0319291455790414,0.0331330039960983,0.0445508100147275,0.0489977479988406,0.044780376497433,0.0364779874213836,0.0245700245700246,0.02,0.0275590551181102,0.0174081237911025,0.0535499035679846,0.0144694533762058,0.0167525773195876,0.0374107318351569,0.0419719736619956,0.0376344086021505,0.0355761794276876,0.0428741852886406,0.0739227073922707,0.0429646882668552,0.0490405117270789,0.037037037037037,0.0207900207900208,0.0397284951425079,0.0407867494824017,0.0379635424816148,0.0236220472440945,0.0291508238276299,0.0347535833496957,0.0282722513089005,0.0169971671388102,0.0348061029879212,0.0078125,0.0429137088431491,0.0343535290443473,0.0956854749834693,0.0348399246704331,0.0672394143946699,0.0336327553791519,0.0312263913371947,0.0360206857381999,0.128554219369847
"Rora",0.0634286294490251,0.0368141400997614,0.0163739208097648,0.0316541329725308,0.0303141875306824,0.0225088630738701,0.0393610952652596,0.024,0.00245700245700246,0.0125,0.0147637795275591,0.0106382978723404,0.032304725168756,0.0128617363344051,0.0399484536082474,0.0320546419445718,0.042681073780179,0.0161290322580645,0.0226494310020992,0.0377240456238361,0.0392199039219904,0.021004034438298,0.0346071838609152,0.0157407407407407,0.0155925155925156,0.0538506079907354,0.0237405106970324,0.0280472539508684,0.0301065308012969,0.0272496831432193,0.0196347928529354,0.0209424083769634,0.0198300283286119,0.0205022250476796,0.0078125,0.0337102700388827,0.00936914428482199,0.0408309455587393,0.0177024482109228,0.04149498845738,0.0248589931063296,0.0498614958448753,0.040295339730368,0.0828815917918043
"Rspo3",0.00899242647116253,0.00693992626328345,0.00543316463233105,0.00887322614140524,0.0115365733922435,0.0113603424825526,0.00484883057615516,0.0069937106918239,0.00491400491400491,0.005,0.0108267716535433,0.00870406189555126,0.0106376567020251,0.00482315112540193,0.00644329896907216,0.00612592544060801,0.00725983454330576,0.010752688172043,0.00386697602474865,0.00779795158286778,0.00803040080304008,0.00615563781558042,0.00869279973757586,0.00912698412698413,0.00727650727650728,0.00694846554719166,0.00565907522429262,0.00539821624158974,0.00555812876331635,0.00950570342205323,0.00805026506970351,0.00628272251308901,0,0.0108073744437381,0.0078125,0.00934612777797596,0.00624609618988132,0.00779700242450959,0.00828625235404896,0.0108120744572046,0.00940045957802381,0.00831024930747922,0.00798134696439781,0.0115895071344009
"Runx3",0.12681039622391,0.0342116677510301,0.0605090800833581,0.0500613574148076,0.0845606283750614,0.0424870119735111,0.0624643468339989,0.155421383647799,0.0294840294840295,0.0175,0.00688976377952756,0.00870406189555126,0.0412246865959499,0.0482315112540193,0.0979381443298969,0.0845181157046452,0.10200911700152,0.0161290322580645,0.124406142967628,0.132434241154562,0.0680433068043307,0.0516574470739924,0.0949647367557815,0.0652116402116402,0.053014553014553,0.141832336099852,0.142926155969634,0.0793107494914724,0.107920333487726,0.0785804816223067,0.0865894364814451,0.104188481675393,0.0311614730878187,0.0274952320406866,0.109375,0.129811293832269,0.033104309806371,0.110659576812872,0.0480225988700565,0.0514888518745799,0.0396908293294339,0.164694031730043,0.186500463336622,0.167092446050637
"Rxra",0.133962160994114,0.134677944046844,0.0373623102113724,0.0649759290141909,0.0605056455571919,0.0648620928002854,0.0407872219053052,0.0618867924528302,0.00737100737100737,0.0125,0.046259842519685,0.0367504835589942,0.072384281581485,0.0289389067524116,0.0425257731958763,0.0655342986306755,0.0715515785919298,0.021505376344086,0.0650756822450558,0.0777758379888268,0.103463110346311,0.0660067379278792,0.0618336886993603,0.064021164021164,0.0249480249480249,0.0612172682236376,0.0825396825396825,0.0528086371459865,0.0375173691523854,0.0424588086185044,0.0657765560573336,0.0235602094240838,0.0084985835694051,0.0346471710108074,0,0.105447151571362,0.0443472829481574,0.0969528322680185,0.0589453860640301,0.0743695391718535,0.0290369751410069,0.0317300428103752,0.0885122410546139,0.181568945105614
"Rxrb",0.0672895931018144,0.032097158967686,0.0177136052396547,0.0266826091060697,0.0201276386843397,0.0243595174920288,0.0242441528807758,0.0345660377358491,0.00245700245700246,0.005,0.0344488188976378,0.0106382978723404,0.0254942140790743,0.0128617363344051,0.0322164948453608,0.0276977003210378,0.0257977376329563,0.0161290322580645,0.0267373770854049,0.0386842411545624,0.0405822040582204,0.0261614607162168,0.0209939314416926,0.0130952380952381,0.0228690228690229,0.0409830791996397,0.0237405106970324,0.0280863714598654,0.0226956924502084,0.0196451204055767,0.016100530139407,0.00942408376963351,0.0056657223796034,0.0292434837889383,0.0078125,0.0338886312560197,0.00936914428482199,0.0432967820145471,0.0177024482109228,0.0309459104058911,0.0282013787340714,0.018886930244271,0.0541057603204496,0.0909298606351382
"Ryk",0.0556442185779261,0.0399045760138799,0.0276123846382852,0.0371920329756773,0.0400098183603338,0.0615286851434815,0.0330861380490588,0.0256603773584906,0.0147420147420147,0.0125,0.0196850393700787,0.0135396518375242,0.0486680327868852,0.0257234726688103,0.0167525773195876,0.0302528991679224,0.0376160729360122,0.0161290322580645,0.0271793172025191,0.0305516759776536,0.0401520040152004,0.0345214823441334,0.0533049040511727,0.0321428571428571,0.0228690228690229,0.0214887730811298,0.0233954451345756,0.0249569707401033,0.0220009263547939,0.0139416983523447,0.0310229727076379,0.0157068062827225,0.0113314447592068,0.0383026064844247,0.0078125,0.034923126315414,0.0243597751405372,0.0363814194401587,0.0259887005649717,0.0542649250460244,0.0177564236473783,0.0173759758247293,0.0251995336741099,0.0763806675389952
"Ryr2",0.0220202498821924,0.00786163522012579,0.0085590949687407,0.0140650073943551,0.0196367206676485,0.0138576110950077,0.00713063320022818,0.0121761006289308,0.00737100737100737,0,0.0078740157480315,0.011605415860735,0.0130785920925747,0.0112540192926045,0.0077319587628866,0.0117440870077966,0.0150261691710282,0.010752688172043,0.0100541376643465,0.0166288407821229,0.0162042016204202,0.0108971426194734,0.0141052976873872,0.0227513227513228,0.0114345114345114,0.0147011516438268,0.0132505175983437,0.0114223126271319,0.00903195924038907,0.0133079847908745,0.0131553112114667,0.00418848167539267,0.0339943342776204,0.0111252383979657,0.015625,0.0150180144829308,0.0199875078076202,0.0189139299096319,0.0169491525423729,0.0213319306858362,0.0110716523918947,0.0130949383026945,0.0183242160643291,0.0290360770141442
"S100a10",0.64088351761646,0.227065712426805,0.168800238166121,0.119977344954533,0.0852970054000982,0.109121719547816,0.6406160867085,0.136754716981132,0.0737100737100737,0.3175,0.0501968503937008,0.395551257253385,0.142387897782064,0.0128617363344051,0.131443298969072,1.05899888619537,0.181630930271822,0.0591397849462366,0.606231355651309,0.115121624767225,1.03936330393633,0.567691219897683,0.0536329342299492,0.0686507936507937,0.11018711018711,0.257382744643891,0.280331262939959,0.399722265686121,0.0863825845298749,0.0456273764258555,0.379147849990183,0.114659685863874,0.0509915014164306,0.0406865861411316,0.1875,0.162023329647202,0.0886945658963148,0.394864447873044,0.167796610169492,0.0676485199146723,0.0511802799247963,0.177033492822967,0.236241891609123,1.4401208798056
"S100a2",0.213938521378492,0.0369225764476252,0.0615510568621614,0.0644095528775054,0.079160530191458,0.0648063501973288,0.119224187107815,0.0694842767295597,0.0245700245700246,0.0325,0.0442913385826772,0.0377176015473888,0.054122468659595,0.0514469453376206,0.0515463917525773,0.0843379414269803,0.0690190781698464,0.0268817204301075,0.0593304607225721,0.0904329608938547,0.121173012117301,0.0762799983363141,0.0585533869115959,0.0587301587301587,0.0696465696465697,0.121437302965965,0.0610075914423741,0.0645047723360976,0.0597498842056508,0.0443599493029151,0.0428038484193992,0.0884816753926702,0.0368271954674221,0.0235219326128417,0.078125,0.0676345735383298,0.0624609618988132,0.123305598413048,0.0662900188323917,0.0752754156804301,0.0745769793189889,0.089146310752959,0.118315248258751,0.262300870251521
"S100a4",0.579855298476182,0.0349165040121449,0.113054480500149,0.0545294358264372,0.0538782523318606,0.0772592476978305,0.58185966913862,0.117836477987421,0.0147420147420147,0.195,0.0196850393700787,0.357833655705996,0.0613850048216008,0.0128617363344051,0.0399484536082474,0.916481032562406,0.102211717035286,0.021505376344086,0.569108385813722,0.0936190642458101,0.778160177816018,0.324002828266023,0.0295227160898803,0.0402116402116402,0.0436590436590437,0.202920929035579,0.134506556245687,0.296471600688468,0.0532654006484484,0.023447401774398,0.193599057529943,0.0942408376963351,0.028328611898017,0.013986013986014,0,0.0667427674526451,0.0224859462835728,0.283571192417897,0.106967984934087,0.0535928231203062,0.0447044077710466,0.0629564341475699,0.179116970077422,1.19226535401998
"S100a6",2.72794655572362,0.965408805031447,0.795028282226853,0.287467354708788,0.200049091801669,0.251254208566523,3.1186537364518,0.285132075471698,0.058968058968059,0.8,0.111220472440945,2.04642166344294,0.369334619093539,0.0321543408360129,0.0554123711340206,4.90490074035249,0.422758737126456,0.112903225806452,3.38117335101094,0.272448207635009,4.67691976769198,1.85812918520983,0.07479088076103,0.0858465608465609,0.252598752598753,0.309528405069806,0.711387163561077,1.57459708965733,0.101667438628995,0.0494296577946768,0.778715884547418,0.176439790575916,0.0368271954674221,0.0681818181818182,0.015625,0.185174615631577,0.0387257963772642,1.55703107780472,1.29679849340866,0.101049063440577,0.0532692709421349,0.0526315789473684,0.393088811167907,6.33082019648161
"S100a8",0.092376744658306,0.0670136629798308,0.038106579339089,0.0437368238884868,1.42157584683358,0.0312716002586457,0.0430690245293782,0.0606792452830189,0.0294840294840295,0.02,0.0216535433070866,0.0251450676982592,0.0313102700096432,0.0289389067524116,0.0180412371134021,0.0364115835681059,0.0560864426810738,0.021505376344086,0.0433101314771848,0.0789251629422719,0.0686886068688607,0.0405107515701036,0.0488764966376907,0.0424603174603175,0.0280665280665281,0.0445538184391688,0.0610075914423741,0.0416992645908309,0.056276053728578,0.0209125475285171,0.0506577655605733,0.0340314136125654,0.0368271954674221,0.0211379529561348,0.0546875,0.072236292940463,0.028107432854466,0.0624862243773419,0.623917137476459,0.0524531720288712,0.0192187173595154,0.0198942331906321,0.062953995157385,0.120796726691175
"S100a9",0.081983644926725,0.0381153762741271,0.0267192616850253,0.0364053994525031,1.17623956799215,0.0224977145532788,0.038220193953223,0.0494591194968553,0.0786240786240786,0.045,0.0246062992125984,0.0193423597678917,0.0316718900675024,0.0241157556270096,0.0257731958762887,0.03487191246806,0.0419382069897012,0.021505376344086,0.0344713291349022,0.0576408286778399,0.0539901053990105,0.030403859751279,0.060849598163031,0.0366402116402116,0.0155925155925156,0.040211027472174,0.0472049689440994,0.0346385542168675,0.0604446503010653,0.026615969581749,0.0406440212055763,0.0513089005235602,0.0226628895184136,0.0185950413223141,0.046875,0.0528305925159633,0.014366021236727,0.056094335463963,0.593973634651601,0.038192922474504,0.0490912889074577,0.0264417023419793,0.0548530774519475,0.104804037634744
"S100b",0.0292084633989498,0.0249945781826068,0.0203185471866627,0.0247946886504515,0.0319096710849288,0.0285736582755468,0.0248146035367941,0.0231446540880503,0.0466830466830467,0.0275,0.0393700787401575,0.0145067698259188,0.0277543394406943,0.00321543408360129,0.0193298969072165,0.0206381445325296,0.0203613033935506,0,0.017014694508894,0.0221281424581006,0.0227289022728902,0.0208792579960903,0.0242742332294571,0.0298941798941799,0.0187110187110187,0.019365630830599,0.0174603174603175,0.0171530276951964,0.0196850393700787,0.0164765525982256,0.0212055762811702,0.0230366492146597,0.0368271954674221,0.0252701843610935,0,0.0243641422609068,0.0149906308557152,0.0221925281022702,0.0141242937853107,0.0239034510972794,0.0179653227491122,0.0211533618735835,0.0212835919050608,0.0386524601740503
"Saa1/2",0.114818758607762,0.0313923227065712,0.0401905328966954,0.0449639721846386,0.0575601374570447,0.0253294387834734,0.0396463205932687,0.0687798742138365,0.0368550368550369,0.0275,0.0255905511811024,0.0135396518375242,0.078200337512054,0.0337620578778135,0.0399484536082474,0.0480573936971762,0.0592605098767516,0.010752688172043,0.0533642691415313,0.0925133845437616,0.0707679070767907,0.0500769454726948,0.0495325569952436,0.0546296296296296,0.027027027027027,0.0652383709708551,0.0705314009661836,0.052749960882491,0.0421491431218157,0.0449936628643853,0.0479088945611624,0.043979057591623,0.028328611898017,0.0181182453909727,0.046875,0.0830806549423893,0.0499687695190506,0.0786037028873705,0.0474576271186441,0.056778001811753,0.04867349070399,0.0569126164694032,0.0825635966878905,0.149500488088562
"Sat1",0.158575478845408,0.0987312947299935,0.0527686811551057,0.129228155187061,0.0902061855670103,0.0773372873419697,0.120079863091843,0.161006289308176,0.0319410319410319,0.045,0.0541338582677165,0.058027079303675,0.0913090646094503,0.0868167202572347,0.0747422680412371,0.107318351569154,0.142461590410265,0.032258064516129,0.289028836592642,0.177141527001862,0.145049114504911,0.168157051948592,0.0908643595210759,0.0899470899470899,0.0467775467775468,0.108473267708937,0.215527950310559,0.142133468940698,0.0660027790643817,0.11787072243346,0.168270174749656,0.0816753926701571,0.028328611898017,0.108073744437381,0.0078125,0.194271037705561,0.0474703310430981,0.118663213577254,0.109981167608286,0.0870810321147833,0.0891999164403593,0.062200956937799,0.0886019191103937,0.236816416391468
"Scg5",0.0450298228851266,0.011602689221427,0.0217326585293242,0.019225323306378,0.0217231222385862,0.0154407010189748,0.0171135196805476,0.0227924528301887,0.0368550368550369,0.0025,0.0236220472440945,0.00580270793036751,0.0176289778206365,0.0128617363344051,0.0077319587628866,0.0206217650527419,0.023197703866284,0.043010752688172,0.0137001436305381,0.0274528631284916,0.0306159030615903,0.0177598469408976,0.0360833196654092,0.0111111111111111,0.00727650727650728,0.0195586437624654,0.0169772256728778,0.0170943514317008,0.0189902732746642,0.0126742712294043,0.0149224425682309,0.0214659685863874,0.0254957507082153,0.0141449459631278,0.0078125,0.0226518745763921,0.00999375390381012,0.0256777606347807,0.0139359698681733,0.0248385494287134,0.0160852308335074,0.023419793502896,0.0353630466624817,0.0568986645066152
"Scgb3a1",0.0782346309954934,0.0256994144437215,0.0408603751116404,0.0454674176394701,0.054246440844379,0.0293652032375304,0.0333713633770679,0.0533836477987421,0.0565110565110565,0.015,0.0078740157480315,0.0135396518375242,0.0316718900675024,0.022508038585209,0.0283505154639175,0.0420461246150822,0.0442343407057234,0.00537634408602151,0.035244724339852,0.0480679702048417,0.0500466050046605,0.0315268477311484,0.0437920288666557,0.0362433862433862,0.0291060291060291,0.0730875635334234,0.0356107660455487,0.0349710530433422,0.0660027790643817,0.0595690747782003,0.0233654034949931,0.0287958115183246,0.0169971671388102,0.0265416401780038,0.0078125,0.0501551742589091,0.0443472829481574,0.0871032620674455,0.02015065913371,0.055550685251746,0.0263212868184667,0.034248300176278,0.0519534869817356,0.104232870168442
"Sec23a",0.0679743088406435,0.0295489047928866,0.0245608812146472,0.0309618954721374,0.0417280314187531,0.0315949073557939,0.0256702795208214,0.0271698113207547,0.00737100737100737,0.0075,0.0265748031496063,0.0357833655705996,0.033058100289296,0.0160771704180064,0.0141752577319588,0.0412107711459084,0.0325848387641398,0.0268817204301075,0.0327035686664457,0.0325448091247672,0.0553524055352406,0.0326914278584203,0.0414958176152206,0.0335978835978836,0.0166320166320166,0.0342276265843145,0.029951690821256,0.0385503051165702,0.0328855951829551,0.0354879594423321,0.0276850579226389,0.0214659685863874,0.0056657223796034,0.0357596948506039,0.015625,0.0327827917097706,0.0112429731417864,0.0482835574167952,0.0167608286252354,0.0324362233716139,0.0392730311259662,0.0173759758247293,0.0389202762084118,0.098438116601242
"Sec61g",0.283563437741636,0.104098893949252,0.132331050908008,0.12944841257355,0.151570937653412,0.182802292135834,0.163148887621221,0.168050314465409,0.14987714987715,0.0875,0.116141732283465,0.0928433268858801,0.129580520732883,0.162379421221865,0.141752577319588,0.178143222171264,0.170589228431538,0.0645161290322581,0.161750082863772,0.191020716945996,0.191439019143902,0.140248721041467,0.102017385599475,0.128174603174603,0.0686070686070686,0.220581612301358,0.163285024154589,0.139903770927867,0.222093561834182,0.198352344740177,0.123502847044964,0.104188481675393,0.147308781869688,0.13652256834075,0.109375,0.185923732743552,0.0918176139912555,0.217296671809566,0.110922787193974,0.225241810584144,0.115312304157092,0.171996978091161,0.1944220249305,0.390564313456706
"Selenop",0.0522154329199872,0.0168076339188896,0.0316314379279547,0.06384317674082,0.0430780559646539,0.0533345225088631,0.0265259555048488,0.0697861635220126,0.0221130221130221,0.0075,0.00984251968503937,0.0164410058027079,0.110595467695275,0.0434083601286174,0.029639175257732,0.0351831225840267,0.0670606111767685,0.00537634408602151,0.155783891282731,0.0802054236499069,0.0498315049831505,0.0515742627791873,0.0259143841233393,0.104761904761905,0.0145530145530146,0.0385060799073538,0.283712905452036,0.0475473321858864,0.0308012968967114,0.0709759188846641,0.23090516395052,0.0267015706806283,0.0509915014164306,0.07453909726637,0.0703125,0.376377840402383,0.0324797001873829,0.0482009036808464,0.0312617702448211,0.0535928231203062,0.0309170670566117,0.029715436917653,0.052162735778555,0.0860178204249486
"Sell",0.0668261733242038,0.0206571242680547,0.0768085739803513,0.0393946068405651,0.10640648011782,0.0300787085553747,0.0436394751853965,0.0574591194968553,0.0909090909090909,0.0525,0.0078740157480315,0.0174081237911025,0.0284173095467695,0.0209003215434084,0.132731958762887,0.0498755159536133,0.0417693736282289,0.010752688172043,0.0507126284388465,0.0743278631284916,0.0491145049114505,0.0268685272220605,0.0687223224536657,0.0425925925925926,0.0914760914760915,0.0531750627292029,0.0444444444444444,0.0422469097167892,0.108383510884669,0.0532319391634981,0.0312193206361673,0.0664921465968586,0.124645892351275,0.0244755244755245,0.2109375,0.063710626761317,0.162398500936914,0.0417814635221512,0.0677966101694915,0.04649192016598,0.0204721119699185,0.0345001259128683,0.136340537470481,0.0887905788522649
"Selplg",0.145602328554208,0.0351333767078725,0.079711223578446,0.0579276926465498,0.12567501227295,0.0594216147517224,0.0892755276668568,0.15662893081761,0.0835380835380835,0.0575,0.0246062992125984,0.0396518375241779,0.0428821118611379,0.0643086816720257,0.130154639175258,0.0906768001048287,0.0847205807867635,0.032258064516129,0.110264059219976,0.144160265363128,0.0856098085609809,0.0668801730233332,0.10250943086764,0.161111111111111,0.130977130977131,0.237084217975938,0.13768115942029,0.0950946643717728,0.160954145437703,0.121039290240811,0.12153936775967,0.147120418848168,0.0481586402266289,0.025588048315321,0.078125,0.114614918132201,0.124297314178638,0.104171258540886,0.108851224105461,0.0739896554747085,0.0603718404010863,0.152102744900529,0.17968493109736,0.194747336282634
"Serpina1a",0.128992114053335,0.0251030145304706,0.0456981244417982,0.0431704477518014,0.0640648011782032,0.0211264465205467,0.0593268682258985,0.0509685534591195,0.0442260442260442,0.01,0.0236220472440945,0.0290135396518375,0.0374578109932498,0.0305466237942122,0.0554123711340206,0.0580161174081111,0.0506162417693736,0.0161290322580645,0.0464037122969838,0.0675192039106145,0.0918477091847709,0.0453770328162043,0.0493685419058553,0.046031746031746,0.0353430353430353,0.0656887344785434,0.0483091787439614,0.0468040995149429,0.0683186660490968,0.0595690747782003,0.0308266247791086,0.0549738219895288,0.0396600566572238,0.0154164017800381,0.03125,0.054721221417615,0.0399750156152405,0.0856981485563147,0.043879472693032,0.0513719645831507,0.0524336745351995,0.0480987156887434,0.079125937883,0.169169418655368
"Serpina3a",0.0172012048914218,0.0118195619171546,0.0104941947008038,0.0127749284163494,0.024914089347079,0.0118954714709358,0.00741585852823731,0.0146415094339623,0.00491400491400491,0.02,0.0246062992125984,0.00290135396518375,0.0141031822565092,0.00482315112540193,0.00644329896907216,0.0108104566598965,0.0164443694073949,0.00537634408602151,0.00917025743011822,0.0155377094972067,0.0124758012475801,0.010065299671422,0.0131212071510579,0.0132275132275132,0.0166320166320166,0.0119346329537412,0.012008281573499,0.0104052573932092,0.0148216767021769,0.00760456273764259,0.00746122128411545,0.00890052356020942,0.0028328611898017,0.0111252383979657,0,0.0150180144829308,0.0124921923797626,0.013665417676879,0.0101694915254237,0.0153122351772304,0.0135784416127011,0.0123394610929237,0.0183840014348489,0.0227843894739028
"Serpinb5",0.0675733726285534,0.185371936673173,0.0253795772551355,0.0301437966080362,0.0425871379479627,0.0218845459207563,0.0350827153451226,0.0431194968553459,0.0663390663390663,0.015,0.0610236220472441,0.0125725338491296,0.0290501446480231,0.0144694533762058,0.0103092783505155,0.0372141780777043,0.0442681073780179,0.010752688172043,0.0386697602474865,0.0534654329608939,0.0534165053416505,0.0377656698415339,0.0255863539445629,0.0287037037037037,0.0280665280665281,0.035514379463424,0.0379572118702554,0.0281254889688625,0.0280222325150533,0.0221799746514575,0.0298448851364618,0.118848167539267,0.0254957507082153,0.0179593134138589,0.0390625,0.0457674883173403,0.0249843847595253,0.0459141503195944,0.0199623352165725,0.0452061599602583,0.0626697305201588,0.0163686728783682,0.0513855259617972,0.0959872889276591
"Serpinh1",0.199814632088956,0.0479288657558013,0.0465168204822864,0.149617696107737,0.0607511045655376,0.0475261432807866,0.0755847119224187,0.0422641509433962,0.0515970515970516,0.0325,0.0354330708661417,0.0967117988394584,0.191598360655738,0.0209003215434084,0.029639175257732,0.137997117211557,0.0811413135235522,0.021505376344086,0.100099436526351,0.0616852886405959,0.262422026242203,0.114544773946679,0.0437920288666557,0.0611111111111111,0.0467775467775468,0.0410152480216174,0.0755003450655625,0.239262243780316,0.0407596109309866,0.0348542458808618,0.0508541134891027,0.0507853403141361,0.0368271954674221,0.0370311506675143,0.046875,0.0679556237291763,0.0199875078076202,0.110549371831607,0.0661016949152542,0.0554045761374595,0.0344683517860873,0.0412994208008058,0.0786177622335814,0.316873325440837
"Sfn",0.100463159429421,1.18011277380178,0.0356504912176243,0.0301752619489632,0.0316642120765832,0.019978148899641,0.0547632629777524,0.0342138364779874,0.00737100737100737,0.0175,0.0856299212598425,0.02321083172147,0.0215766634522662,0.00803858520900321,0.0309278350515464,0.0562798925506126,0.0616579436096573,0.0161290322580645,0.0309358081979892,0.0376367551210428,0.0715566071556607,0.0494946554090588,0.0254223388551747,0.0134920634920635,0.0114345114345114,0.0373480023161552,0.0292615596963423,0.0299444531372242,0.0298749421028254,0.0354879594423321,0.0219909679952877,0.0277486910994764,0.0509915014164306,0.0247933884297521,0.0234375,0.0334962365783184,0.00687070580886946,0.0678862684593344,0.0188323917137476,0.0214488179772654,0.0401086275329016,0.0304709141274238,0.0509371356828984,0.148212765073629
"Sh3bgrl3",0.0987006021853627,0.0856104966384732,0.0453259898779399,0.0632138699222806,0.0600147275405007,0.0599121496577404,0.0690245293782088,0.0966540880503145,0.00245700245700246,0.02,0.015748031496063,0.0386847195357834,0.040380906460945,0.0578778135048231,0.0876288659793814,0.0760007862150298,0.0655748775958129,0.043010752688172,0.091039664125511,0.0755935754189944,0.0777945077794508,0.0644678284739841,0.0318189273413154,0.0476190476190476,0.077962577962578,0.126359132728559,0.106004140786749,0.0837310280081364,0.0551181102362205,0.0709759188846641,0.180051050461418,0.049738219895288,0.0453257790368272,0.027972027972028,0.03125,0.0718438982627617,0.0374765771392879,0.0734240687679083,0.0461393596986817,0.0447093889716841,0.0284102778358053,0.0866280533870562,0.0797835769587182,0.154682534737367
"Sigirr",0.0809813043964999,0.0338863587074387,0.0359481988687109,0.047607060822504,0.0335051546391753,0.0514058284465651,0.0510553337136338,0.0481509433962264,0.00982800982800983,0,0.0226377952755906,0.00967117988394584,0.0345347155255545,0.0273311897106109,0.0128865979381443,0.0420952630544454,0.0412291068715178,0.0268817204301075,0.0297204728759253,0.0375058193668529,0.0562128056212806,0.0422576217610115,0.0341151385927505,0.025,0.0228690228690229,0.0579038795599305,0.035127674258109,0.0347950242528556,0.0352014821676702,0.0310519645120406,0.0325937561358728,0.043979057591623,0.0028328611898017,0.0464081373172282,0.03125,0.0441979096065352,0.0256089943785134,0.0646903240026449,0.035969868173258,0.0366441658630665,0.0405264257363693,0.0508687987912365,0.05036917466296,0.110276860448211
"Slc2a1",0.253560912364196,0.248644545651702,0.0828371539148556,0.0897391523237154,0.123588610702013,0.0403576445405695,0.161437535653166,0.11788679245283,0.0343980343980344,0.0625,0.113188976377953,0.0328820116054159,0.0613247348119576,0.0530546623794212,0.0605670103092784,0.118702090021621,0.186223197703866,0.0752688172043011,0.139653077008065,0.151288989757914,0.186635118663512,0.220771118412844,0.0587174020009841,0.0768518518518519,0.0769230769230769,0.126519976838448,0.212905452035887,0.113773274917853,0.0930986567855489,0.0576679340937896,0.144512075397605,0.123560209424084,0.0311614730878187,0.0568976478067387,0.09375,0.111582777440873,0.061211742660837,0.213742561163765,0.204519774011299,0.0782560416118757,0.0846041362022143,0.138504155124654,0.115445550473799,0.350665669719816
"Slc40a1",0.0341238372198979,0.0188679245283019,0.020467401012206,0.0204210062616028,0.0335051546391753,0.0187518116345961,0.0248146035367941,0.0234465408805031,0.0245700245700246,0.0075,0.0206692913385827,0.00967117988394584,0.024529893924783,0.0209003215434084,0.00257731958762887,0.0223579899102405,0.0216444369407395,0.0161290322580645,0.0162412993039443,0.0277874767225326,0.0248799024879902,0.0187996506259618,0.0301787764474332,0.0152116402116402,0.0103950103950104,0.0211027472173969,0.0179434092477571,0.0183069942106087,0.0127373784159333,0.0114068441064639,0.0196347928529354,0.0167539267015707,0.0368271954674221,0.0181182453909727,0.0078125,0.0443762708236721,0.0174890693316677,0.0262287855411065,0.0278719397363465,0.0321147833201835,0.0137873407144349,0.0181314530345001,0.0268436313634054,0.0461191766880595
"Slpi",0.169387739162356,1.6792995011928,0.094298898481691,0.023284352285957,0.0605056455571919,0.0274588062164151,0.0889903023388477,0.0494591194968553,0.0122850122850123,0.0275,0.0196850393700787,0.034816247582205,0.0192261330761813,0.0627009646302251,0.240979381443299,0.158569743824936,0.0555461759243627,0.032258064516129,0.139874047066622,0.0443435754189944,0.293181329318133,0.214199559123238,0.032967032967033,0.0149470899470899,0.0187110187110187,0.0595444894807952,0.0728088336783989,0.10092317321233,0.690365910143585,0.363751584283904,0.0361280188494011,0.0403141361256545,0.0226628895184136,0.0786713286713287,0.0078125,0.0504405522063283,0.0299812617114304,0.0961538461538462,0.0962335216572505,0.0400338973145145,0.0175475245456445,0.0347519516494586,0.0414013690849849,0.317839117702037
"Smad2",0.0494349142543237,0.0542723921058339,0.029845192021435,0.0394260721814921,0.04860088365243,0.031773283685255,0.0302338847689675,0.0451823899371069,0.0245700245700246,0.015,0.0570866141732283,0.0522243713733075,0.0336608003857281,0.0369774919614148,0.0180412371134021,0.0389012644958396,0.0399797399966233,0.021505376344086,0.0357971494862446,0.0447509310986965,0.0437370043737004,0.0359772075032234,0.0173855994751517,0.0313492063492063,0.0426195426195426,0.0406935598018401,0.03567977915804,0.0329173838209983,0.0257063455303381,0.0272496831432193,0.0365207147064598,0.0455497382198953,0.0169971671388102,0.0414812460267006,0.046875,0.0443405985802447,0.0487195502810743,0.0474845713026229,0.0239171374764595,0.0375792641945005,0.0478378942970545,0.0307227398640141,0.0454966669655935,0.0690177996552225
"Smad3",0.0790286929739834,0.025970505313381,0.0231467698719857,0.0315282716088229,0.0319096710849288,0.0362661374835559,0.0330861380490588,0.0286792452830189,0.00737100737100737,0.025,0.0196850393700787,0.011605415860735,0.0384824011571842,0.00643086816720257,0.0115979381443299,0.0462065124811636,0.0326523721087287,0.010752688172043,0.0322616285493316,0.0395571461824953,0.0793002079300208,0.0341471530175103,0.0424799081515499,0.0455026455026455,0.0374220374220374,0.0410795856655729,0.0304347826086957,0.0279494601783758,0.0247799907364521,0.0183776932826362,0.028863145493815,0.0204188481675393,0.0113314447592068,0.0267005721551176,0,0.0343523704205757,0.014366021236727,0.0539591139519506,0.0231638418079096,0.0458490400631191,0.0298725715479423,0.018886930244271,0.0415209398260246,0.11260306976551
"Smad4",0.0405752653598923,0.0306332682715246,0.0203185471866627,0.0372234983166043,0.0331369661266568,0.0552520680505697,0.0239589275527667,0.0311446540880503,0.0122850122850123,0.005,0.0118110236220472,0.0106382978723404,0.0400494214079074,0.0144694533762058,0.0270618556701031,0.0323167136211754,0.0340368056728009,0.043010752688172,0.0339189039885096,0.0351344273743017,0.0384312038431204,0.0316516241733561,0.0390355912743972,0.0244708994708995,0.0207900207900208,0.0299813420832529,0.0293305728088337,0.0292598967297762,0.0414543770264011,0.0240811153358682,0.0341645395641076,0.0130890052356021,0.0311614730878187,0.0519707565162111,0.0078125,0.0291798951236043,0.0231105559025609,0.0347558959664977,0.0150659133709981,0.0452938254288303,0.0376018383120953,0.0420548980105767,0.0362897199055391,0.060564521153966
"Smarcb1",0.126635962936832,0.0809477336803296,0.0480053587377196,0.0423523488877002,0.0411143838978891,0.0376931481192446,0.0536223616657159,0.0444276729559748,0.0196560196560197,0.0325,0.031496062992126,0.0386847195357834,0.0487283027965284,0.0369774919614148,0.047680412371134,0.0649446373583175,0.0562890427148405,0.00537634408602151,0.0500497182631753,0.0520105912476723,0.096006309600631,0.0568148733519112,0.0313268820731507,0.0462962962962963,0.0218295218295218,0.0553625426236891,0.0514147688060732,0.0606125801908934,0.0611394163964799,0.0475285171102662,0.0369134105635186,0.056544502617801,0.0198300283286119,0.0476795931341386,0.0078125,0.0515820639960047,0.0324797001873829,0.0855603923297333,0.031638418079096,0.0377838169545016,0.0398997284311677,0.051372450264417,0.0679161809105312,0.178588489417825
"Smo",0.053696814119203,0.0315549772283669,0.0144388210777017,0.018186967055788,0.0276141384388807,0.0179379696314299,0.013405590416429,0.0186666666666667,0.0221130221130221,0,0.0295275590551181,0.0203094777562863,0.024228543876567,0.00803858520900321,0.0154639175257732,0.0251588809539409,0.024109404018234,0.021505376344086,0.0198873052701359,0.0301152234636872,0.0456729045672905,0.0272428565486836,0.0131212071510579,0.0212962962962963,0.00623700623700624,0.0209419031075082,0.017184265010352,0.0202824284149585,0.0106530801296897,0.0171102661596958,0.0117808757117612,0.0198952879581152,0.0169971671388102,0.013191354100445,0.046875,0.0221524631684087,0.00999375390381012,0.0371941811769892,0.0154425612052731,0.0210981561029777,0.0277835805306037,0.0143540669856459,0.0289361193315996,0.0763287432238769
"Snai1",0.209564671792055,0.0410431576664498,0.0633373027686812,0.110443346653661,0.110947471772214,0.145075698454815,0.0810039931545921,0.0797987421383648,0.0368550368550369,0.0625,0.0649606299212598,0.0338491295938104,0.110836547733848,0.0562700964630225,0.0463917525773196,0.0946078752538819,0.0885362147560358,0.0645161290322581,0.0670644127720694,0.0906948324022346,0.154298415429842,0.0991140872603253,0.0610136132524192,0.101587301587302,0.0686070686070686,0.0915846361706234,0.0777087646652864,0.0818142700672821,0.0838351088466883,0.0551330798479087,0.0585116827017475,0.0900523560209424,0.0084985835694051,0.0505403687221869,0.03125,0.0852566617914601,0.0493441599000625,0.125509698038351,0.0804143126177024,0.148768300166564,0.0618341341132233,0.0790732812893478,0.10782291573252,0.268178702722911
"Snai2",0.0317963244042583,0.030416395575797,0.0173414706757964,0.0346748057015198,0.0343642611683849,0.0179714151932039,0.0125499144324016,0.0193207547169811,0.0147420147420147,0.015,0.0511811023622047,0.00967117988394584,0.022872468659595,0.00160771704180064,0.00644329896907216,0.018082945685645,0.0256964376160729,0.032258064516129,0.0133686885427025,0.0239903398510242,0.0192156019215602,0.0158466081603793,0.015417418402493,0.0149470899470899,0.0197505197505198,0.0198159943382873,0.019047619047619,0.0194805194805195,0.0229272811486799,0.0183776932826362,0.0151187904967603,0.0120418848167539,0.0141643059490085,0.0254291163382072,0.0078125,0.0219741019512717,0.0137414116177389,0.0284466607890677,0.0133709981167608,0.0374039332573566,0.0434510131606434,0.0148577184588265,0.027680626550683,0.0398674891478181
"Sod1",0.2907464442946,0.166720884840599,0.139624888359631,0.130675560869702,0.0819833087874325,0.176146625342817,0.197946377638334,0.14651572327044,0.0835380835380835,0.1825,0.146653543307087,0.253384912959381,0.129912005785921,0.120578778135048,0.23840206185567,0.301169494856843,0.124058754009792,0.0537634408602151,0.254005082311347,0.129393621973929,0.400157740015774,0.231626668884915,0.0552730851238314,0.0777777777777778,0.0873180873180873,0.179920221321495,0.142512077294686,0.191558441558442,0.183649837887911,0.108998732572877,0.150009817396426,0.162303664921466,0.084985835694051,0.256039415130324,0.0703125,0.139514144044519,0.0874453466583385,0.260400595106899,0.0794726930320151,0.113819000029222,0.086693127219553,0.110551498363133,0.143245747765522,0.53745820092633
"Sod2",0.122407908336609,0.105237475601822,0.0431676094075618,0.065856958560146,0.0563328424153166,0.172735178041874,0.051625784369652,0.0831698113207547,0.0221130221130221,0.0475,0.0344488188976378,0.0483558994197292,0.0893804243008679,0.067524115755627,0.0682989690721649,0.0624058179912206,0.0797906466317744,0.010752688172043,0.0686112031819688,0.0953794227188082,0.0806625080662508,0.0685854510668386,0.0583893718222076,0.0313492063492063,0.0218295218295218,0.077945055652062,0.0995169082125604,0.0702159286496636,0.0734136174154701,0.0456273764258555,0.0999410956214412,0.0518324607329843,0.0056657223796034,0.119516846789574,0.03125,0.101309171333785,0.0399750156152405,0.0902027771655279,0.047834274952919,0.0642880102860817,0.0434510131606434,0.0745404180307227,0.0869877141063582,0.17000020769726
"Sorbs1",0.107789357486703,0.154250704836261,0.0331944030961596,0.0836663415248104,0.0651693667157585,0.114930098775892,0.0533371363377068,0.0390943396226415,0.0393120393120393,0.005,0.015748031496063,0.0241779497098646,0.0660860655737705,0.0305466237942122,0.0270618556701031,0.0493841315599817,0.0570656761776127,0.021505376344086,0.0383383051596509,0.0550075651769088,0.0653187065318706,0.0432558332986732,0.0355912743972445,0.0444444444444444,0.0478170478170478,0.0542044650324905,0.0449275362318841,0.0383351588170865,0.0354330708661417,0.026615969581749,0.0365207147064598,0.0172774869109948,0.0254957507082153,0.075333757151939,0,0.0464809331858881,0.0449718925671455,0.0650622658144148,0.0446327683615819,0.0533298267145905,0.0603718404010863,0.0516242760010073,0.0604729022808119,0.141119903628471
"Sostdc1",0.0432698691229651,0.0428865755801345,0.0250818696040488,0.024322708536547,0.0366961217476681,0.0162879885839149,0.0185396463205933,0.0254591194968553,0.0245700245700246,0.025,0.030511811023622,0.0212765957446809,0.0209438283510125,0.0112540192926045,0.029639175257732,0.0225873026272686,0.0324160054026676,0.021505376344086,0.0163517843332228,0.0324138733705773,0.0322650032265003,0.0242482219356985,0.0172215843857635,0.0202380952380952,0.0187110187110187,0.0294023032876536,0.0216701173222912,0.0211234548583946,0.0433070866141732,0.0399239543726236,0.019438444924406,0.0162303664921466,0.0028328611898017,0.0252701843610935,0,0.0265758213534049,0.0212367270455965,0.034879876570421,0.0143126177024482,0.035270740188773,0.0282013787340714,0.0214051876101738,0.037395749260156,0.0573555984796561
"Sox2",0.0477843067318231,0.106647148124051,0.026793688597797,0.0264308863786539,0.0397643593519882,0.0245378938214899,0.0242441528807758,0.0326540880503145,0.00491400491400491,0.02,0.0541338582677165,0.0299806576402321,0.0267900192864031,0.00964630225080386,0.0154639175257732,0.0252080193933041,0.0388654398109066,0.0268817204301075,0.018450999889515,0.0275547020484171,0.0376425037642504,0.0314436634363432,0.0355912743972445,0.0376984126984127,0.0197505197505198,0.0256385511162581,0.0228433402346446,0.0230402127992489,0.0189902732746642,0.0221799746514575,0.0214019242096996,0.0324607329842932,0.0226628895184136,0.143992371265099,0.015625,0.0332108586308993,0.00999375390381012,0.0394809345382411,0.0216572504708098,0.0363811694573508,0.0409442239398371,0.0299672626542433,0.0438226765910382,0.0634203584854716
"Sox4",0.175883426494594,0.0581761006289308,0.0634861565942245,0.0732827790189107,0.0672557682866961,0.0668688265067226,0.0710211066742727,0.0591698113207547,0.0417690417690418,0.0675,0.0748031496062992,0.0657640232108317,0.068768081002893,0.0128617363344051,0.0309278350515464,0.140978182532923,0.0591929765321628,0.0268817204301075,0.0934703347696387,0.0631983240223464,0.280060228006023,0.122114544773947,0.0423158930621617,0.0716931216931217,0.0228690228690229,0.0436209226018143,0.08040027605245,0.0933734939759036,0.0528022232515053,0.0196451204055767,0.0647948164146868,0.0178010471204188,0.0538243626062323,0.0492689129052765,0.0390625,0.0697035636571184,0.0181136789506558,0.162869186687238,0.0662900188323917,0.0981561029777037,0.0793816586588678,0.0521279274741879,0.116701043254716,0.28697530479573
"Sox9",0.160361467426536,0.0380611581001952,0.0297707651086633,0.0251408074006482,0.0413598429062347,0.0238578340654195,0.0701654306902453,0.0291823899371069,0.0147420147420147,0.03,0.0265748031496063,0.0319148936170213,0.0367044358727097,0.0482315112540193,0.0206185567010309,0.102322610233899,0.0424784737464123,0.0376344086021505,0.0644127720693846,0.0390188547486034,0.175019717501972,0.0949964646674708,0.0455961948499262,0.028042328042328,0.0155925155925156,0.0272791610371228,0.0345755693581781,0.0506571741511501,0.031496062992126,0.0183776932826362,0.0278814058511683,0.0387434554973822,0.0254957507082153,0.273521932612842,0.03125,0.0324974137623515,0.0106183635227983,0.121487216222173,0.0395480225988701,0.0373747114344993,0.0403175266346355,0.0244270964492571,0.06833467850417,0.249610567636613
"Sparcl1",0.0701508197062752,0.0181630882671872,0.0219559392676392,0.0707655517447532,0.0321551300932744,0.0263105085955094,0.0171135196805476,0.0187672955974843,0.00982800982800983,0.0275,0.015748031496063,0.00676982591876209,0.0432437319189971,0.0160771704180064,0.0128865979381443,0.0250278451156391,0.0242444707074118,0.010752688172043,0.021765550767871,0.0235102420856611,0.0367104036710404,0.0236659318720626,0.0237821879612924,0.0292328042328042,0.00935550935550936,0.0211349160393746,0.0189786059351277,0.0227468314817712,0.015748031496063,0.0209125475285171,0.0210092283526409,0.0130890052356021,0.0028328611898017,0.0192307692307692,0.0390625,0.0235080084186494,0.00624609618988132,0.0350589596649769,0.0173258003766478,0.0314134595716081,0.0219344056820556,0.0115839838831529,0.0316264610049921,0.0861216690551852
"Spink1",0.0246081108875009,0.0213077423552375,0.0162250669842215,0.0194141153519398,0.0326460481099656,0.0206693571763027,0.0239589275527667,0.0211320754716981,0.00982800982800983,0,0.0147637795275591,0.00870406189555126,0.0300747348119576,0.0112540192926045,0.0154639175257732,0.0155441263185481,0.0364342394057066,0.0161290322580645,0.0149154789526019,0.024717760707635,0.0200760020076002,0.0150563573597305,0.0147613580449401,0.0119047619047619,0.0135135135135135,0.0211670848613524,0.016632160110421,0.0185808167735879,0.0201482167670218,0.0158428390367554,0.0172786177105832,0.0146596858638743,0.0028328611898017,0.0158931977113795,0,0.0258980487282845,0.0212367270455965,0.0201812871941812,0.0175141242937853,0.0346570819087695,0.0185920200543138,0.0178796272979098,0.0310584999850537,0.032037302427981
"Spock2",0.103678459571831,0.0211993060073737,0.038329860077404,0.0448695761618577,0.0460235640648012,0.020959218711677,0.0402167712492869,0.0365786163522013,0.0147420147420147,0.0075,0.0177165354330709,0.0193423597678917,0.0446902121504339,0.0192926045016077,0.0244845360824742,0.0453384000524143,0.0412966402161067,0.032258064516129,0.0232018561484919,0.0549493715083799,0.0514806051480605,0.0378488541363391,0.023454157782516,0.0431216931216931,0.0166320166320166,0.0557807373093997,0.0372670807453416,0.0356947269597872,0.0453913849004169,0.0437262357414449,0.0284704496367563,0.0183246073298429,0.0028328611898017,0.0243165924984107,0.0078125,0.0476581172189919,0.0156152404747033,0.0588770112409081,0.0322033898305085,0.0355629584173461,0.038019636515563,0.0289599597078821,0.0655247660897378,0.127100338546535
"Spp1",0.238843429202215,0.00975927130774236,0.0489729086037511,0.0215537585349737,0.0150957290132548,0.0478494503779348,0.125499144324016,0.0502641509433962,0.00245700245700246,0.185,0.0216535433070866,0.0754352030947776,0.0194973481195757,0.0128617363344051,0.00515463917525773,0.225578195636507,0.0654060442343407,0.00537634408602151,0.237653297978124,0.0429323789571695,0.780813078081308,0.458137503639313,0.0232901426931278,0.0243386243386243,0.0706860706860707,0.0586115936434408,0.326915113871636,0.208535440463151,0.0113478462251042,0.0133079847908745,0.201845670528176,0.0382198952879581,0.0084985835694051,0.0127145581691036,0.0234375,0.0367780829736382,0.0181136789506558,0.178008595988539,0.228625235404896,0.0169194354343824,0.00877376227282223,0.0390329891714933,0.0474994768780079,0.498120339792718
"Spry2",0.0523612279062018,0.0274886141834743,0.0226257814825841,0.0276580346748057,0.0366961217476681,0.0284287275078597,0.020250998288648,0.0217358490566038,0.0171990171990172,0.0025,0.0187007874015748,0.0241779497098646,0.0342032304725169,0.00482315112540193,0.0180412371134021,0.0320874009041473,0.0314367719061287,0,0.025301071704784,0.0303189013035382,0.0448125044812504,0.0250384727363474,0.0390355912743972,0.0313492063492063,0.0384615384615385,0.0303673679469858,0.0216701173222912,0.0229424190267564,0.0213061602593793,0.0158428390367554,0.0200274887099941,0.0151832460732984,0.0084985835694051,0.0335346471710108,0.0234375,0.0309991795384012,0.0243597751405372,0.0370150980824333,0.0256120527306968,0.0294848192630256,0.0294547733444746,0.0133467640392848,0.0387110274115924,0.0740544582216961
"Spry4",0.141684088299692,0.029332032097159,0.0392229830306639,0.108366634152481,0.0724104074619539,0.0421525563557716,0.067313177410154,0.0565534591194969,0.0196560196560197,0.015,0.031496062992126,0.0396518375241779,0.0543936837029894,0.022508038585209,0.0579896907216495,0.0753947454628841,0.0699983116663853,0.0161290322580645,0.0465141973262623,0.0734404096834264,0.0826701082670108,0.0456265857006197,0.0451041495817615,0.0638888888888889,0.053014553014553,0.0738274464389114,0.0518288474810214,0.0569746518541699,0.0620657711903659,0.0583016476552598,0.0398586294914589,0.0345549738219895,0.0169971671388102,0.0309917355371901,0.0078125,0.0617486533728106,0.0512179887570269,0.09805488208067,0.0367231638418079,0.0634113556003623,0.0398997284311677,0.0926718710652229,0.0812184258511942,0.181112011132573
"Sqstm1",0.265188062514807,0.0871286055085665,0.096680559690384,0.119190711431358,0.0646784486990673,0.235880398671096,0.175128351397604,0.111194968553459,0.0786240786240786,0.1425,0.105314960629921,0.180851063829787,0.152633799421408,0.0643086816720257,0.108247422680412,0.240827491318876,0.12692892115482,0.0591397849462366,0.211910286156226,0.118773277467412,0.395927439592744,0.330657571850435,0.0600295227160899,0.0494708994708995,0.0415800415800416,0.127517210319758,0.180469289164941,0.174190267563762,0.102362204724409,0.114702154626109,0.155703907323778,0.0895287958115183,0.0679886685552408,0.224729815638907,0.0859375,0.138693682445689,0.0836976889444097,0.233538130923518,0.177212806026365,0.116945735074954,0.110298725715479,0.0760513724502644,0.125399814665351,0.475252871414626
"Src",0.0836837186052627,0.0483626111472566,0.0236677582613873,0.0303325886535981,0.0357142857142857,0.019030524649379,0.0482030804335425,0.0374842767295597,0.0343980343980344,0.0275,0.0413385826771654,0.0203094777562863,0.0300144648023144,0.00803858520900321,0.0219072164948454,0.0535772783856385,0.0476447746074624,0.0161290322580645,0.0450778919456414,0.0403136638733706,0.0757869075786908,0.0445451898681529,0.0452681646711497,0.032010582010582,0.0197505197505198,0.036382937656823,0.0499654934437543,0.0405452980754186,0.0333487725798981,0.0202788339670469,0.0327901040644021,0.0403141361256545,0.0084985835694051,0.041163382072473,0.015625,0.0484785788178219,0.0343535290443473,0.0579953713907869,0.0337099811676083,0.0366149440402092,0.0325882598704826,0.0211533618735835,0.0486652916031447,0.122427150185889
"Srebf1",0.0515801833371952,0.0383322489698547,0.0181601667162846,0.023315817626884,0.0196367206676485,0.0203237530379719,0.0122646891043925,0.0206792452830189,0.0221130221130221,0.0225,0.00885826771653543,0.00870406189555126,0.0277242044358727,0.00643086816720257,0.0128865979381443,0.0262890650592937,0.025021104170184,0,0.0194453651530218,0.0290822858472998,0.0306159030615903,0.0255791706525808,0.0318189273413154,0.019973544973545,0.0103950103950104,0.0274078363250338,0.0214630779848171,0.0220231575653262,0.0178323297823066,0.0202788339670469,0.0174749656391125,0.0167539267015707,0.0084985835694051,0.0421169739351558,0,0.025755359754575,0.00936914428482199,0.0370150980824333,0.0116760828625235,0.0290757137430233,0.012116147900564,0.0163686728783682,0.0277404119212029,0.0718009429455626
"Srgn",0.152017307947649,0.0297657774886142,0.101741589758857,0.118057959157987,0.186180657830142,0.088441213850922,0.299201369081574,0.183245283018868,0.110565110565111,0.0675,0.015748031496063,0.0261121856866538,0.052917068466731,0.133440514469453,0.177835051546392,0.0983423966454825,0.427756204626034,0.010752688172043,0.535189481825213,0.269625814711359,0.128629812862981,0.170860541529759,0.0962768574708873,0.058994708994709,0.111226611226611,0.233770829312231,1.86287094547964,0.180722891566265,0.150301065308013,0.126742712294043,0.473394855684273,0.189528795811518,0.0368271954674221,0.0290845518118245,0.046875,0.190775157849677,0.0936914428482199,0.15536147233855,0.809227871939736,0.0562227871774641,0.0413620221433048,0.0979602115336187,0.179206648133202,0.254107213325856
"Sst",0.0542331313899209,0.0200607243548037,0.026793688597797,0.0272804505836821,0.046146293568974,0.0260652411425004,0.0256702795208214,0.0359245283018868,0.00982800982800983,0.0275,0.0147637795275591,0.00870406189555126,0.032606075216972,0.0305466237942122,0.0270618556701031,0.0262399266199306,0.0354887725814621,0.0268817204301075,0.0197768202408574,0.0381604981378026,0.0331971033197103,0.0245393669675165,0.0339511235033623,0.0335978835978836,0.051975051975052,0.0339059383645371,0.0303657694962043,0.0239007979971835,0.0254747568318666,0.0386565272496831,0.028274101708227,0.0287958115183246,0.0453257790368272,0.0176414494596313,0.0390625,0.0346734206114222,0.0312304809494066,0.0432692307692308,0.0278719397363465,0.0426930831945297,0.0248589931063296,0.0229161420297154,0.0368875736107375,0.0671069848588697
"St6gal1",0.15727634137896,0.0283561049663847,0.0960107174754391,0.0533966835530663,0.0576828669612175,0.0288077772079645,0.0561893896177981,0.0842767295597484,0.0196560196560197,0.01,0.0078740157480315,0.0454545454545455,0.0486680327868852,0.107717041800643,0.119845360824742,0.113067548974645,0.0658787776464629,0.032258064516129,0.060545796044636,0.094695647113594,0.110704811070481,0.0701243605207337,0.0723306544202067,0.0302910052910053,0.0218295218295218,0.0707714083510262,0.0768806073153899,0.0662650602409639,0.13756368689208,0.131178707224335,0.0534066365599843,0.0554973821989529,0.0084985835694051,0.0284488239033694,0.015625,0.101630221524632,0.0774515927545284,0.087351223275292,0.0472693032015066,0.0610736097717776,0.107165239189471,0.074792243767313,0.0726990105521179,0.206534155814485
"Stat1",0.164875905035394,0.0390913034049013,0.0658678178029175,0.0748875114061861,0.0596465390279823,0.0401792682111084,0.13719338277239,0.118490566037736,0.0466830466830467,0.045,0.0226377952755906,0.0522243713733075,0.0407726615236258,0.107717041800643,0.143041237113402,0.134819498132739,0.0770555461759244,0.010752688172043,0.178101867196995,0.111309939478585,0.201405320140532,0.248513080730358,0.0734787600459242,0.0444444444444444,0.0405405405405405,0.131795663642797,0.128364389233954,0.132491002972931,0.102130616025938,0.124207858048162,0.107205968977027,0.104712041884817,0.0906515580736544,0.0410044500953592,0.1953125,0.111868155388292,0.0749531542785759,0.141007273528763,0.0574387947269303,0.0422255340288127,0.0731146856068519,0.119617224880383,0.0772128060263653,0.288844580139988
"Stat3",0.196289517600839,0.114400346996313,0.0610300684727597,0.109688178471414,0.0771968581246932,0.0774822181096568,0.102966343411295,0.11325786163522,0.0933660933660934,0.07,0.0452755905511811,0.0415860735009671,0.111288572806172,0.0755627009646302,0.123711340206186,0.124975430780318,0.111227418537903,0.021505376344086,0.139542591978787,0.12808426443203,0.219115221911522,0.128935656947968,0.0480564211907496,0.0731481481481481,0.0415800415800416,0.142668725471273,0.146307798481712,0.125312940071976,0.0986567855488652,0.0944233206590621,0.120753976045553,0.0984293193717277,0.0339943342776204,0.119198982835346,0.03125,0.123747012449613,0.0743285446595878,0.157152303284108,0.0817325800376648,0.0699570439203998,0.054731564654272,0.105514983631327,0.114219950378142,0.304037634743598
"Stat4",0.036581524130372,0.0117653437432227,0.0183834474545996,0.0174317988735408,0.0277368679430535,0.0179825637137952,0.0270964061608671,0.0209308176100629,0.00245700245700246,0.0075,0.00590551181102362,0.011605415860735,0.0125662970106075,0.0128617363344051,0.0206185567010309,0.0183450173622486,0.0149248691541449,0.00537634408602151,0.0148049939233234,0.0265217644320298,0.0221553022155302,0.0145156594434971,0.0232901426931278,0.019047619047619,0.0103950103950104,0.0442642990413691,0.0169082125603865,0.0171334689406979,0.0338119499768411,0.014575411913815,0.0145297467111722,0.0319371727748691,0.0113314447592068,0.00937698664971392,0.0078125,0.0224021688724004,0.0343535290443473,0.0261599074278157,0.0116760828625235,0.0258905350515765,0.0236055984959265,0.0214051876101738,0.0400263055630287,0.0471784327164725
"Stat5a",0.133209754725971,0.0593689004554327,0.0486752009526645,0.0660772159466348,0.0759695630829651,0.0514615710495217,0.0618938961779806,0.088,0.0958230958230958,0.0225,0.0610236220472441,0.0396518375241779,0.0614754098360656,0.0530546623794212,0.0528350515463918,0.0653541243530106,0.0743204457200743,0.043010752688172,0.0634184068058778,0.0940409683426443,0.0889797088979709,0.0524892900220438,0.0651139904871248,0.0708994708994709,0.0384615384615385,0.0893649874541594,0.083367839889579,0.0610819902988578,0.0653080129689671,0.050063371356147,0.0628313371293933,0.0633507853403141,0.0509915014164306,0.0661157024793388,0.0390625,0.104733706702815,0.0512179887570269,0.0989365219307913,0.0435028248587571,0.0542064814003098,0.066847712554836,0.0961974313774868,0.102203090903656,0.179813903254616
"Stat5b",0.145667415601626,0.0448926480156148,0.0473355165227746,0.079009471067619,0.0537555228276878,0.0427657249882941,0.0613234455219624,0.0722012578616352,0.0565110565110565,0.0275,0.062007874015748,0.034816247582205,0.063705400192864,0.0514469453376206,0.0399484536082474,0.0628153049859136,0.0703359783893297,0.010752688172043,0.0627554966302066,0.110247905027933,0.0773643077364308,0.0517822235162001,0.0695423979006069,0.0474867724867725,0.0395010395010395,0.0999806987068134,0.0866804692891649,0.0593412611484901,0.0757295044001853,0.0621039290240811,0.0551737679167485,0.0858638743455497,0.0424929178470255,0.0532422123331214,0.0546875,0.0956729568722577,0.0480949406620862,0.107794247299978,0.0525423728813559,0.0796879109318839,0.109045331105076,0.0727776378745908,0.0973604758915493,0.195806592311047
"Stat6",0.086365304958852,0.0874539145521579,0.0386275677284906,0.0511311790063245,0.0465144820814924,0.0629111016968048,0.0422133485453508,0.0565031446540881,0.0614250614250614,0.035,0.0551181102362205,0.0241779497098646,0.0568948891031823,0.00964630225080386,0.0283505154639175,0.0558704055559195,0.0537903089650515,0.00537634408602151,0.0592199756932936,0.0607396415270019,0.0800889080088908,0.0593935864908705,0.0385435460062326,0.0441798941798942,0.0228690228690229,0.0573248407643312,0.0588681849551415,0.0494054138632452,0.0338119499768411,0.0259822560202788,0.0645984684861575,0.0366492146596859,0.0538243626062323,0.059758423394787,0.015625,0.0635679377876075,0.0493441599000625,0.0717021159356403,0.0504708097928437,0.0518395137488677,0.0432421140589095,0.0624527826743893,0.0556900726392252,0.127266496354913
"Stmn1",0.292891713377471,0.148991541964867,0.149077106281631,0.0928542210754854,0.0902061855670103,0.0583067626925907,0.137763833428408,0.103446540880503,0.0933660933660934,0.375,0.143700787401575,0.25531914893617,0.0585824493731919,0.194533762057878,0.270618556701031,0.297533250343969,0.0950531825088638,0.306451612903226,0.196221411998674,0.101766177839851,0.229941922994192,0.198020213783638,0.0429719534197146,0.0648148148148148,0.0550935550935551,0.197709579875185,0.104623878536922,0.207225003911751,0.18341824918944,0.0804816223067174,0.101511879049676,0.187434554973822,0.104815864022663,0.0810553083280356,0.0390625,0.0983840473727393,0.0299812617114304,0.250385717434428,0.0696798493408663,0.0732591099032758,0.0900355128472948,0.245278267438932,0.264998654829163,0.553876669366731
"Syk",0.0692682393432977,0.0256994144437215,0.0445072938374516,0.0320631824045814,0.0527736867943054,0.01878525719637,0.0259555048488306,0.0785911949685535,0.0221130221130221,0.015,0.0275590551181102,0.0125725338491296,0.0205219382835101,0.0723472668810289,0.131443298969072,0.0278123566795519,0.0454499409083235,0.010752688172043,0.0628659816594851,0.0804091014897579,0.0442389044238904,0.0344798901967309,0.0485484664589142,0.0333333333333333,0.0155925155925156,0.0431062214501705,0.0710835058661146,0.0417188233453294,0.0775822139879574,0.0595690747782003,0.0803063027685058,0.0256544502617801,0.0226628895184136,0.0289256198347107,0.0078125,0.0837584275675097,0.00624609618988132,0.05982752920432,0.0435028248587571,0.0313550159258935,0.0327971589722164,0.0181314530345001,0.0737153618509551,0.0922902776912373
"Tacstd2",0.0764850911609186,0.24685534591195,0.0215838047037809,0.0156382744407036,0.0553510063819342,0.0169680483399853,0.0245293782087849,0.0338616352201258,0.0122850122850123,0.03,0.0255905511811024,0.0135396518375242,0.0157304725168756,0.022508038585209,0.0283505154639175,0.0403098997575837,0.0392368732061455,0.010752688172043,0.031930173461496,0.0475733240223464,0.0600129060012906,0.0410930416337396,0.0160734787600459,0.0212962962962963,0.027027027027027,0.0433957408479701,0.0334713595583161,0.027460491315913,0.0199166280685503,0.0133079847908745,0.0253288827802867,0.0204188481675393,0.0141643059490085,0.0104895104895105,0.0078125,0.0336032533086006,0.0162398500936914,0.0701867974432444,0.0327683615819209,0.0374915987259285,0.0442866095675789,0.0264417023419793,0.057184706902221,0.109954929694477
"Tagln",0.0968677509300939,0.0197354153112123,0.0349062220899077,0.174160662030773,0.0525282277859597,0.0306361345849406,0.0393610952652596,0.0427169811320755,0.0196560196560197,0.035,0.0374015748031496,0.0657640232108317,0.0548457087753134,0.0144694533762058,0.038659793814433,0.0506453515036362,0.0586527097754516,0.043010752688172,0.0530328140536957,0.0756954143389199,0.0563562056356206,0.0408018966019216,0.0209939314416926,0.0529100529100529,0.0613305613305613,0.0598018400566171,0.0498274672187716,0.156606947269598,0.0627605372857805,0.0430925221799747,0.0298448851364618,0.0507853403141361,0.0878186968838527,0.246344564526383,0,0.0693825134662719,0.0193628981886321,0.0510662331937404,0.0354048964218456,0.0242541129715672,0.0731146856068519,0.0516242760010073,0.0640002391414821,0.125501069640891
"Tap1",0.304925006703966,0.0601279548904793,0.130991366478118,0.130549699505994,0.0911880216003927,0.0565787420009365,0.173987450085568,0.246943396226415,0.0417690417690418,0.025,0.0482283464566929,0.02321083172147,0.0532485535197686,0.204180064308682,0.320876288659794,0.164351700190002,0.133479655579943,0.021505376344086,0.235775052480389,0.219448324022346,0.266007026600703,0.262903963731647,0.122355256683615,0.0619047619047619,0.0675675675675676,0.307373093997298,0.206625258799172,0.207381473947739,0.256137100509495,0.237008871989861,0.161987041036717,0.204188481675393,0.0396600566572238,0.0445009535918627,0.203125,0.190311418685121,0.116801998750781,0.225837557857615,0.0890772128060264,0.0780222670290173,0.156256528096929,0.253084865273231,0.176755447941889,0.452676179201196
"Tap2",0.111179090916191,0.0323682498373455,0.0501637392080976,0.0657310971964381,0.0579283259695631,0.0394880599344467,0.060467769537935,0.0862389937106918,0.0319410319410319,0.035,0.0442913385826772,0.0145067698259188,0.048155737704918,0.0546623794212219,0.0670103092783505,0.057491974054904,0.0680736113456019,0.010752688172043,0.0608772511324715,0.0753462523277467,0.0884061088406109,0.0811046874350123,0.0603575528948663,0.0575396825396825,0.0384615384615385,0.11426365566493,0.0599723947550035,0.0634681583476764,0.079203334877258,0.0817490494296578,0.0547810720596898,0.0701570680628272,0.0254957507082153,0.0356007628734901,0.0546875,0.0674562123211929,0.0555902560899438,0.0942390346043641,0.031638418079096,0.0255690950001461,0.0839774388970127,0.0931755225384034,0.0840582309508863,0.157029513780713
"Tbx21",0.104727662776197,0.0260247234873129,0.037883298600774,0.0453415562757622,0.0547373588610702,0.0338692055564227,0.0541928123217342,0.059622641509434,0.0368550368550369,0.0125,0.0216535433070866,0.0319148936170213,0.0292610896817743,0.0305466237942122,0.077319587628866,0.0465832405162812,0.0554448759074793,0.0161290322580645,0.0370124848083085,0.0705016294227188,0.0524127052412705,0.0331489414798486,0.0711825487944891,0.0740740740740741,0.0540540540540541,0.144824036543782,0.0444444444444444,0.0417774996088249,0.0743399722093562,0.0456273764258555,0.0363243667779305,0.159162303664921,0.0198300283286119,0.0212968849332486,0,0.0544715157136232,0.0124921923797626,0.0685061714789508,0.035969868173258,0.0594664095146255,0.0538959682473365,0.0438176781667086,0.0778106597315637,0.132001993893701
"Tcap",0.113970023509442,0.0454348297549339,0.154063709437333,0.183631729649791,0.079160530191458,2.29419830988428,0.0467769537934969,0.0752704402515723,0.132678132678133,0.035,0.135826771653543,0.377176015473888,0.49153206364513,0.045016077170418,0.0257731958762887,0.054723841970779,0.0643930440655073,0.0268817204301075,0.038780245276765,0.0713599860335195,0.0634545063454506,0.11666597346421,0.100541249794981,0.0817460317460317,0.0665280665280665,0.0703532136653156,0.0484472049689441,0.0453763104365514,0.0479388605836035,0.0297845373891001,0.175535048105242,0.056020942408377,0.0538243626062323,0.0953591862682772,0.0625,0.0762315842043306,0.0462211118051218,0.082667511571523,0.0423728813559322,0.319599076590398,0.0641320242322958,0.0528834046839587,0.0782889426957224,0.145159615344674
"Tcf7",0.0218588340045977,0.0151268705270007,0.00647514141113427,0.00965985966457947,0.00969563082965145,0.00612053780463332,0.00770108385624643,0.00820125786163522,0,0.0175,0.0137795275590551,0.00870406189555126,0.00756388621022179,0.00643086816720257,0.0115979381443299,0.0102863133066894,0.00908323484720581,0.00537634408602151,0.00773395204949729,0.011114990689013,0.0154872015487202,0.00960778604999376,0.0104969657208463,0.00846560846560847,0.00415800415800416,0.0131892170108731,0.00841959972394755,0.0103465811297137,0.0132005558128763,0.00760456273764259,0.00667582956999804,0.0214659685863874,0.0113314447592068,0.00381436745073109,0.0078125,0.00973852245567724,0.0181136789506558,0.0139133788847256,0.00659133709981168,0.0125946056515005,0.0133695425109672,0.0148577184588265,0.0161420500403551,0.0282883668764409
"Tcl1",0.045394310350663,0.0123075254825417,0.0134712712116701,0.0160473238727542,0.0301914580265096,0.0114495306472831,0.0191100969766115,0.0179119496855346,0.0221130221130221,0.0125,0.0137795275590551,0.011605415860735,0.0144045323047252,0.00803858520900321,0.0219072164948454,0.0191803708314224,0.021306770217795,0.010752688172043,0.0160203292453872,0.0252996973929237,0.0310461031046103,0.015389094538951,0.0239462030506807,0.0276455026455026,0.0135135135135135,0.0216817860129962,0.0173222912353347,0.0169574401502112,0.0210745715609078,0.0171102661596958,0.015511486353819,0.00680628272251309,0.0424929178470255,0.00874125874125874,0.0078125,0.0208682624050227,0.0174890693316677,0.029438505620454,0.0146892655367232,0.0233190146401333,0.0139962398161688,0.0130949383026945,0.0324335635070098,0.0576982989594367
"Tek",0.0740846808521717,0.0310670136629798,0.0380321524263174,0.112803247223184,0.0807560137457045,0.0468795290864902,0.0521962350256703,0.0567044025157233,0.00982800982800983,0.0325,0.0196850393700787,0.0135396518375242,0.0722034715525555,0.0401929260450161,0.0309278350515464,0.0406211098735504,0.0507850751308459,0.0376344086021505,0.0331455087835598,0.0564333100558659,0.0524127052412705,0.0371001954830928,0.0475643759225849,0.0804232804232804,0.027027027027027,0.0469986489094769,0.0445824706694272,0.0372789860741668,0.0509495136637332,0.0297845373891001,0.0459454152758688,0.0397905759162304,0.0028328611898017,0.0317863954227591,0.0078125,0.0535797096279385,0.0199875078076202,0.0687816839321137,0.0531073446327684,0.0608398351889191,0.0367662419051598,0.0400402921178544,0.0515349893880967,0.0948034145429622
"Tert",0.0550558316692745,0.0169702884406853,0.0162250669842215,0.023347282967811,0.039887088856161,0.0172467613547682,0.0285225328009127,0.0249056603773585,0.0147420147420147,0.0225,0.0236220472440945,0.0164410058027079,0.0204315332690453,0.00964630225080386,0.0180412371134021,0.0242907685251916,0.0243795373965896,0.021505376344086,0.0199977902994144,0.0301297718808194,0.0390765039076504,0.0203385600798569,0.0175496145645399,0.0256613756613757,0.0207900207900208,0.0318471337579618,0.0216701173222912,0.0205171334689407,0.0252431681333951,0.0152091254752852,0.019438444924406,0.00785340314136126,0.0113314447592068,0.0141449459631278,0.0234375,0.0265044768665501,0.0224859462835728,0.043007493938726,0.0188323917137476,0.0272347389030128,0.0206810110716524,0.0261898766053891,0.0379039249095746,0.0713959332876399
"Tfeb",0.0283805561558028,0.0167534157449577,0.01481095564156,0.0238192630817155,0.0234413352970054,0.0306026890231666,0.0094124358243012,0.0253081761006289,0.0122850122850123,0.0075,0.0226377952755906,0.0203094777562863,0.0243490838958534,0.0192926045016077,0.0283505154639175,0.017788115049466,0.0209691034948506,0,0.0162412993039443,0.0255615689013035,0.0200043020004302,0.0166784511084307,0.0129571920616697,0.010978835978836,0.0145530145530146,0.0214244354371743,0.0187715665976536,0.0178571428571429,0.0141269106067624,0.0190114068441065,0.0204201845670528,0.025130890052356,0.0169971671388102,0.0146217418944692,0.0078125,0.0282880890379196,0.0131168019987508,0.0190516861362134,0.00885122410546139,0.021594927091552,0.0277835805306037,0.0307227398640141,0.0251995336741099,0.0395247886680375
"Tgfb1",0.131434180072429,0.03762741270874,0.0544805001488538,0.0725590761775904,0.0553510063819342,0.0417066155321189,0.0810039931545921,0.0981635220125786,0.0565110565110565,0.0175,0.0216535433070866,0.0261121856866538,0.0447504821600771,0.0852090032154341,0.0747422680412371,0.0687774356286444,0.074219145703191,0.0376344086021505,0.127168268699591,0.119457053072626,0.100236610023661,0.0645510127687893,0.065278005576513,0.080026455026455,0.0644490644490645,0.10799073537927,0.123809523809524,0.0761226725082147,0.0687818434460398,0.0690747782002535,0.104064402120558,0.0429319371727749,0.0169971671388102,0.0308328035600763,0.0390625,0.111689794171155,0.0530918176139913,0.0954788406435971,0.0655367231638418,0.0379299260687882,0.0839774388970127,0.0871317048602367,0.114100379637103,0.184881716410161
"Tgfb2",0.0870786589985447,0.025970505313381,0.0344596606132778,0.04858248639124,0.0446735395189003,0.0426542397823809,0.0467769537934969,0.0297861635220126,0.0221130221130221,0.005,0.0334645669291339,0.0106382978723404,0.0528869334619094,0.0209003215434084,0.0154639175257732,0.0323494725807508,0.0384264730710788,0.00537634408602151,0.0291680477295326,0.042830540037244,0.0547071054707105,0.0353949174395874,0.0370674102017386,0.0575396825396825,0.0197505197505198,0.032554847841472,0.0340924775707384,0.0350297293068377,0.0393700787401575,0.0285171102661597,0.0235617514235225,0.0329842931937173,0.0056657223796034,0.0484742530197076,0.0625,0.0317482966503763,0.0243597751405372,0.0527881860260084,0.0297551789077213,0.0508459717717191,0.0553582619594736,0.0264417023419793,0.0480375452126865,0.106195609279914
"Tgfb3",0.1004006758639,0.022663196703535,0.0286543614170884,0.0346118750196658,0.0416053019145803,0.0338692055564227,0.0456360524814604,0.0331572327044025,0.00982800982800983,0.0125,0.0078740157480315,0.0212765957446809,0.0526759884281581,0.0241157556270096,0.0115979381443299,0.0561652361920985,0.0387641397940233,0.00537634408602151,0.0417633410672854,0.0365601722532588,0.120886212088621,0.0479141538077611,0.0224700672461867,0.0388888888888889,0.0228690228690229,0.0385382487293315,0.0459627329192547,0.0401345642309498,0.0291801760074108,0.0329531051964512,0.0290594934223444,0.0240837696335079,0.0623229461756374,0.0343293070565798,0.0078125,0.0450183712053651,0.0218613366645846,0.0646352215120123,0.0325800376647834,0.0405306683030887,0.0148318362231042,0.0178796272979098,0.048187008638986,0.146821193428459
"Tgfbr1",0.100335588816483,0.0327477770548688,0.0240398928252456,0.0421006261602844,0.0433235149729995,0.0272135387634061,0.0393610952652596,0.0540880503144654,0.00245700245700246,0.0025,0.0285433070866142,0.034816247582205,0.0408027965284474,0.0321543408360129,0.0322164948453608,0.0493513726004062,0.0402498733749789,0.010752688172043,0.0554634846978234,0.0707489525139665,0.0843909084390908,0.0482468909869817,0.0383795309168444,0.0832010582010582,0.0135135135135135,0.0510197516566943,0.0467908902691511,0.0485448286653106,0.0409911996294581,0.0386565272496831,0.0357353229923424,0.0214659685863874,0.0028328611898017,0.0506993006993007,0.015625,0.0475511004887097,0.0231105559025609,0.0710684372933657,0.0306967984934087,0.0534174921831624,0.0484645916022561,0.0649710400402921,0.0657938002570771,0.137942135543232
"Tgfbr2",0.112410537853325,0.0576339188896118,0.04443286692468,0.0735659670872534,0.0565783014236622,0.068463064951281,0.0598973188819167,0.0632955974842767,0.0171990171990172,0.05,0.0206692913385827,0.0261121856866538,0.1400675024108,0.0337620578778135,0.0347938144329897,0.0859267509663893,0.0705723450953908,0.00537634408602151,0.0801016462269362,0.0804672951582868,0.119093711909371,0.0875514702824107,0.0575692963752665,0.0744708994708995,0.0322245322245322,0.0732162388213344,0.111870255348516,0.0878579252073228,0.0384437239462714,0.0443599493029151,0.0791282151973297,0.0371727748691099,0.113314447592068,0.0282898919262556,0.015625,0.120821888488567,0.0287320424734541,0.0817583204760855,0.0534839924670433,0.0642003448175097,0.0568205556716106,0.0521279274741879,0.0670492930379936,0.172253722973394
"Thbs1",0.0763288822471173,0.0164823248752982,0.0230723429592141,0.0649759290141909,0.0339960726558665,0.0215277932618342,0.0225328009127211,0.0367798742138365,0.0147420147420147,0.0175,0.0108267716535433,0.011605415860735,0.0584317743490839,0.0289389067524116,0.0141752577319588,0.0327098211360807,0.0360290393381732,0,0.0460722572091482,0.0401827281191806,0.0942138094213809,0.0462504679116583,0.0332950631458094,0.0363756613756614,0.0228690228690229,0.0286945892041433,0.0500345065562457,0.0711547488655922,0.0222325150532654,0.0240811153358682,0.0384841939917534,0.018848167539267,0.0198300283286119,0.027177368086459,0.015625,0.0384546784147255,0.0274828232354778,0.0534080890456249,0.0448210922787194,0.0514888518745799,0.0269479841236683,0.0231679677663057,0.0520132723522554,0.10854258832326
"Thbs2",0.064365882931833,0.0113858165256994,0.0177880321524263,0.0235360750133728,0.0246686303387334,0.0405694664318045,0.020250998288648,0.0170062893081761,0.0171990171990172,0.0175,0.0108267716535433,0.00580270793036751,0.0429725168756027,0.0144694533762058,0.00644329896907216,0.0188691607154557,0.0257639709606618,0,0.0176776046845652,0.0186074255121043,0.0440955044095504,0.0220022459759597,0.0137772675086108,0.0223544973544974,0.00727650727650728,0.0191082802547771,0.0173222912353347,0.0535518698169301,0.0127373784159333,0.00760456273764259,0.0139407029255841,0.0183246073298429,0.0113314447592068,0.0108073744437381,0.015625,0.0207255734313131,0.0174890693316677,0.0344252810227022,0.0165725047080979,0.0369071622687823,0.0162941299352413,0.0239234449760766,0.026245777658207,0.0812303985710428
"Thsd4",0.0715671138580738,0.0262958143569725,0.0221792200059542,0.0426355369560429,0.0500736377025037,0.0280608263283462,0.0259555048488306,0.0396477987421384,0.0147420147420147,0.0025,0.030511811023622,0.0270793036750484,0.0484269527483124,0.0385852090032154,0.0180412371134021,0.0326115442573544,0.0366706061117677,0,0.0271793172025191,0.0433106378026071,0.0423747042374704,0.0264526057480348,0.035919304576021,0.0335978835978836,0.0332640332640333,0.0376375217139548,0.0392684610075914,0.0300422469097168,0.031496062992126,0.023447401774398,0.0259179265658747,0.0198952879581152,0.0113314447592068,0.0254291163382072,0.0390625,0.0416651803231905,0.0443472829481574,0.0416988097862023,0.0282485875706215,0.0614242716460653,0.0388552329224984,0.0302190883908335,0.0489642184557439,0.0905248509772156
"Tie1",0.096682903715429,0.0357297766211234,0.0303661804108366,0.152197854063749,0.0643102601865488,0.0411268924613704,0.0467769537934969,0.0425157232704403,0.00982800982800983,0.025,0.00590551181102362,0.0164410058027079,0.0378797010607522,0.0160771704180064,0.0219072164948454,0.0384262595819957,0.0411953401992234,0.021505376344086,0.0380068500718153,0.0543383379888268,0.0595827059582706,0.0391382107058187,0.0432999835984911,0.0501322751322751,0.0426195426195426,0.052660361577559,0.0485162180814355,0.037591926146143,0.0393700787401575,0.0424588086185044,0.031612016493226,0.0403141361256545,0.0056657223796034,0.0273363000635728,0.0078125,0.0542218100096315,0.0605871330418488,0.0729419219748733,0.0502824858757062,0.0655737704918033,0.0513891790265302,0.0604381767816671,0.0420291154754432,0.123091781419403
"Tigit",0.123165521568546,0.0184341791368467,0.0401905328966954,0.0276580346748057,0.0425871379479627,0.0357198599745814,0.187678265830006,0.0520251572327044,0.0393120393120393,0.0125,0.00590551181102362,0.0270793036750484,0.0267900192864031,0.0546623794212219,0.0425257731958763,0.0618980541178012,0.0374134729022455,0.032258064516129,0.0475085625897691,0.0511813314711359,0.0742812074281207,0.0489955496402279,0.0493685419058553,0.0366402116402116,0.0498960498960499,0.117255356108859,0.0387163561076605,0.0459239555625098,0.0829087540528022,0.0773130544993663,0.0298448851364618,0.110994764397906,0.0056657223796034,0.0197075651621106,0.0078125,0.0403096350729497,0.0299812617114304,0.0695668944236279,0.0340866290018832,0.0544694778060255,0.034886149989555,0.0536388818937295,0.0568857800496219,0.161702702141359
"Timp1",0.0882814676348148,0.0146931251355454,0.0335665376600179,0.0414083886598911,0.046759941089838,0.047749113692613,0.0501996577296064,0.0365283018867925,0.00982800982800983,0.015,0.00885826771653543,0.0406189555125725,0.054273143683703,0.022508038585209,0.0219072164948454,0.0610135622092642,0.069525578254263,0.0268817204301075,0.0533642691415313,0.0501483938547486,0.0815946081594608,0.0609740880921682,0.0332950631458094,0.0310846560846561,0.025987525987526,0.0319114714019173,0.0774327122153209,0.0881513065248005,0.032422417786012,0.0215462610899873,0.047123502847045,0.0387434554973822,0.0028328611898017,0.0150985378258106,0.015625,0.0520814754039882,0.042473454091193,0.0545101388582764,0.0593220338983051,0.0556675725431752,0.022770002088991,0.0289599597078821,0.0423280423280423,0.130205412590608
"Tlr1",0.104334537009797,0.0198438516590761,0.0379577255135457,0.0381359932034864,0.0648011782032401,0.0275591429017369,0.0399315459212778,0.0801509433962264,0.0122850122850123,0.0025,0.0118110236220472,0.00967117988394584,0.023927193828351,0.0289389067524116,0.077319587628866,0.0604239009369062,0.0471382745230458,0.032258064516129,0.0530328140536957,0.0872759543761639,0.0567864056786406,0.0371001954830928,0.0505166475315729,0.0306878306878307,0.0353430353430353,0.0660425915202985,0.0541752933057281,0.0447113127836019,0.0456229735988884,0.0380228136882129,0.0378951502061653,0.0675392670157068,0.0793201133144476,0.0197075651621106,0.0625,0.0737345271644134,0.0880699562773267,0.0626102049812652,0.0416195856873823,0.0281698372344467,0.0271568832254021,0.0161168471417779,0.0758078498191493,0.131721602592062
"Tlr2",0.108804715426411,0.0712968987204511,0.0653468294135159,0.0667694534470281,0.0864015709376534,0.135487970746282,0.0664575014261266,0.0841761006289308,0.0417690417690418,0.0225,0.0590551181102362,0.0261121856866538,0.07774831243973,0.0466237942122186,0.0347938144329897,0.0538557295420297,0.0663515110585852,0.0645161290322581,0.0646337421279417,0.0944774208566108,0.0787266078726608,0.0831842948051408,0.0998851894374282,0.0804232804232804,0.0436590436590437,0.0556842308434665,0.0699102829537612,0.0563878892192145,0.0551181102362205,0.0519645120405577,0.0748085607696839,0.0382198952879581,0.0396600566572238,0.0510171646535283,0.03125,0.0981700139121749,0.028107432854466,0.0870757108221292,0.0966101694915254,0.11644896408638,0.0530603718404011,0.0382775119617225,0.0819358502974322,0.137859056639043
"Tlr3",0.0866803262683513,0.0168076339188896,0.0231467698719857,0.033447657405368,0.0337506136475209,0.0179714151932039,0.0248146035367941,0.0437735849056604,0.0122850122850123,0.015,0.00295275590551181,0.0125725338491296,0.0234450337512054,0.0160771704180064,0.0180412371134021,0.0458789228854092,0.0385615397602566,0.0161290322580645,0.0330350237542813,0.0292132216014898,0.0865419086541909,0.0529468036434721,0.0185337051008693,0.0411375661375661,0.0249480249480249,0.0249951746767033,0.0329882677708765,0.0324088562040369,0.0220009263547939,0.0190114068441065,0.0298448851364618,0.00994764397905759,0.0028328611898017,0.0321042593769866,0,0.0433774480077052,0.0356027482823235,0.0536284990081552,0.0205273069679849,0.0341018672744806,0.0183831209525799,0.0271971795517502,0.0390398469494515,0.12172097950028
"Tlr4",0.0601117935126438,0.0512903925395793,0.0436141708841917,0.0527988420754539,0.0598919980363279,0.0626992798055698,0.0533371363377068,0.0524276729559748,0.0442260442260442,0.0225,0.0147637795275591,0.0212765957446809,0.0621685149469624,0.0241157556270096,0.0347938144329897,0.0438806263513071,0.0609488434914739,0.0268817204301075,0.0551320296099878,0.0768738361266294,0.0656055065605507,0.0613068252713888,0.0675742168279482,0.058994708994709,0.0249480249480249,0.0349353406678247,0.0643892339544513,0.0465889532154592,0.0321908290875405,0.032319391634981,0.0642057726290988,0.0450261780104712,0.0169971671388102,0.0678639542275906,0.046875,0.0718082260193344,0.0399750156152405,0.0718811990301962,0.0595103578154426,0.0522193974460127,0.0472111969918529,0.0433140266935281,0.056467282455983,0.0826531248052838
"Tlr5",0.0745689284849558,0.0325851225330731,0.0347573682643644,0.0402127057046663,0.0667648502700049,0.0319739570558987,0.0376497432972048,0.0622893081761006,0.0442260442260442,0.0475,0.0226377952755906,0.0164410058027079,0.039928881388621,0.00643086816720257,0.0335051546391753,0.033692589923344,0.0488941414823569,0.043010752688172,0.0306043531101536,0.0583682495344507,0.0468918046891805,0.0380984070207545,0.0326390027882565,0.116269841269841,0.0291060291060291,0.0409187415556842,0.0491373360938578,0.0336997340009388,0.047707271885132,0.0405576679340938,0.0286667975652857,0.0298429319371728,0.0793201133144476,0.0305149396058487,0.0078125,0.0585024792209182,0.0468457214241099,0.0511902137976637,0.0306967984934087,0.0611320534174922,0.0526425736369334,0.0339964744396877,0.059008160703076,0.0930691424180115
"Tlr7",0.0424601862530949,0.0176751247018,0.0244120273891039,0.0223718573990749,0.0366961217476681,0.0170906820664898,0.0362236166571592,0.0364276729559748,0.00982800982800983,0.0075,0.0167322834645669,0.00580270793036751,0.0202507232401157,0.00643086816720257,0.0412371134020619,0.0233079997379283,0.0316731386121898,0.010752688172043,0.0402165506573859,0.0590811219739292,0.0349179034917904,0.0223349831551803,0.0224700672461867,0.0477513227513228,0.0187110187110187,0.0319114714019173,0.0358868184955141,0.0271475512439368,0.0333487725798981,0.0373891001267427,0.031612016493226,0.0246073298429319,0.0311614730878187,0.0141449459631278,0.0078125,0.0469090001070167,0.0562148657089319,0.0260497024465506,0.0306967984934087,0.0403261155430876,0.0269479841236683,0.0329891714933266,0.0493528233641228,0.0570336677259227
"Tlr8",0.038955899620152,0.022663196703535,0.02962191128312,0.0296088858122778,0.0483554246440844,0.0266672612544315,0.026811180832858,0.0502138364779874,0.0147420147420147,0.03,0.0078740157480315,0.0280464216634429,0.0276940694310511,0.0273311897106109,0.0219072164948454,0.0272063159274061,0.0387641397940233,0.0806451612903226,0.0450778919456414,0.0582227653631285,0.0397218039721804,0.0280331073493324,0.0319829424307036,0.0494708994708995,0.0228690228690229,0.0447790001930129,0.0518978605935128,0.0312940071976217,0.0250115794349236,0.023447401774398,0.0463381111329275,0.0235602094240838,0.0056657223796034,0.0246344564526383,0.015625,0.0610708807476902,0.0474703310430981,0.0347558959664977,0.0355932203389831,0.0354460711259168,0.0401086275329016,0.03601108033241,0.0487549696589245,0.0518100816250234
"Tm4sf1",0.103704494390798,0.0101387985252657,0.0165227746353081,0.0512255750291054,0.0197594501718213,0.017871078507882,0.0501996577296064,0.0133836477987421,0.00737100737100737,0.025,0.0118110236220472,0.0125725338491296,0.0224807135969142,0.0112540192926045,0.0077319587628866,0.0609644237699011,0.0181327030221172,0,0.0424262512429566,0.0147229981378026,0.105829210582921,0.0476646009233457,0.00918484500574053,0.0085978835978836,0.0155925155925156,0.0131892170108731,0.0173222912353347,0.0311570959161321,0.0104214914312182,0.00887198986058302,0.0149224425682309,0.00628272251308901,0.028328611898017,0.012396694214876,0.0234375,0.0146256198052296,0.0112429731417864,0.0541106458011902,0.0291902071563089,0.0139972531486514,0.0139962398161688,0.00881390078065978,0.0267539533076256,0.156136415560679
"Tnf",0.13199132519832,0.0204944697462589,0.0541827924977672,0.0453730216166892,0.0582965144820815,0.0333117795268568,0.0561893896177981,0.107119496855346,0.0417690417690418,0.0025,0.0275590551181102,0.00773694390715667,0.0272721793635487,0.0643086816720257,0.0811855670103093,0.0563781694293389,0.0832348472058079,0,0.0602143409568004,0.146182495344507,0.0615186061518606,0.0491203260824356,0.106281777923569,0.0968253968253968,0.0384615384615385,0.173389950460014,0.0752933057280883,0.0579330308245971,0.0861509958314034,0.0773130544993663,0.0431965442764579,0.0596858638743456,0.0141643059490085,0.0228862047043865,0.0078125,0.0802625477116256,0.133041848844472,0.0669081992506061,0.0664783427495292,0.0475146839659858,0.111761019427616,0.133215814656258,0.12955489791648,0.163208507279789
"Tnfaip6",0.1004006758639,0.030416395575797,0.0459958320928848,0.0468204272993298,0.0762150220913108,0.0337577203505095,0.0410724472333143,0.0413081761006289,0.0565110565110565,0.03,0.0442913385826772,0.0164410058027079,0.077296287367406,0.0401929260450161,0.0322164948453608,0.047893598899299,0.062164443694074,0.0376344086021505,0.0430891614186278,0.0678101722532588,0.0636696063669606,0.0479557459551637,0.0331310480564212,0.0763227513227513,0.0145530145530146,0.0497651675995625,0.0503105590062112,0.0548427476138319,0.0660027790643817,0.0519645120405577,0.0371097584920479,0.0638743455497382,0.0198300283286119,0.0230451366815003,0.1015625,0.0563621446152749,0.0530918176139913,0.0655857394754243,0.0485875706214689,0.061774933520353,0.0601629412993524,0.062200956937799,0.0752996741697307,0.125511454503915
"Tnfrsf10b",0.168242207127813,0.0280307959227933,0.0292497767192617,0.0535225449167742,0.0454099165439372,0.0241142500390198,0.0750142612664005,0.0379874213836478,0.00245700245700246,0.0175,0.0334645669291339,0.02321083172147,0.0258558341369335,0.00964630225080386,0.0219072164948454,0.0590644041145253,0.0372784062130677,0.0483870967741935,0.0444149817699702,0.0583391527001862,0.110848211084821,0.0511583413051616,0.0536329342299492,0.0211640211640212,0.0322245322245322,0.0491539599819855,0.0349206349206349,0.0407800031294007,0.0511811023622047,0.0361216730038023,0.0241507952091105,0.0277486910994764,0.0424929178470255,0.0198664971392244,0.015625,0.0424499696785931,0.0580886945658963,0.0981099845713026,0.0310734463276836,0.0475146839659858,0.0639231251305619,0.0407957693276253,0.0617881804322482,0.22242299624068
"Tnfrsf11a",0.0524393323631024,0.0195727607894166,0.020467401012206,0.035429973883767,0.0358370152184585,0.0237463488595063,0.0325156873930405,0.0421132075471698,0.0196560196560197,0.0225,0.0246062992125984,0.0145067698259188,0.0217876084860174,0.0192926045016077,0.0141752577319588,0.0246347376007338,0.0427823737970623,0.0161290322580645,0.0430891614186278,0.0445908985102421,0.0401520040152004,0.0229588653662189,0.0200098409053633,0.0529100529100529,0.0332640332640333,0.0280512127645886,0.0415458937198068,0.0304920982631826,0.0257063455303381,0.0190114068441065,0.0441782839191047,0.0198952879581152,0,0.0371900826446281,0.0078125,0.0486926122783862,0.0437226733291693,0.0312293365660128,0.0261770244821092,0.0398293445545133,0.0160852308335074,0.0274490052883405,0.0450183840014348,0.0686958689014892
"Tnfrsf11b",0.0683466067518699,0.0241270873996964,0.0211372432271509,0.0266196784242157,0.0420962199312715,0.0211933376440946,0.026811180832858,0.0241509433962264,0.0122850122850123,0.0175,0.0177165354330709,0.00386847195357834,0.0296227097396336,0.00964630225080386,0.0077319587628866,0.0269442442508026,0.0342394057065676,0.010752688172043,0.0197768202408574,0.0331267458100559,0.0438804043880404,0.0316932163207586,0.0462522552074791,0.0386243386243386,0.0176715176715177,0.0266679534195458,0.0262939958592132,0.0327217962760131,0.0215377489578509,0.0221799746514575,0.0190457490673473,0.0136125654450262,0.0368271954674221,0.0208200890019072,0.109375,0.0334248920914636,0.0212367270455965,0.0463274189993388,0.028060263653484,0.0371701586744981,0.0114894505953624,0.021657013346764,0.037784354168535,0.0868797640559121
"Tnfrsf12a",0.407968216693005,0.115430492301019,0.111863649895802,0.112614455177622,0.0983063328424153,0.163950143815916,0.195664575014261,0.117635220125786,0.0122850122850123,0.09,0.0679133858267717,0.134429400386847,0.105472516875603,0.067524115755627,0.0670103092783505,0.251998296534102,0.150633125105521,0.0268817204301075,0.170367915147498,0.178072625698324,0.369470136947014,0.249552884415422,0.090208299163523,0.0916666666666667,0.0893970893970894,0.144888374187737,0.122567287784679,0.162063839774683,0.107225567392311,0.0944233206590621,0.108187708619674,0.0670157068062827,0.135977337110482,0.0650031786395423,0.0078125,0.109157064887811,0.0818238600874453,0.255854639629711,0.130131826741996,0.147102656263698,0.137037810737414,0.0969529085872576,0.1581024123397,0.609799156749122
"Tnfrsf13b",0.0965761609576648,0.0264584688787682,0.0555969038404287,0.038482111953683,0.0558419243986254,0.0301344511583313,0.0308043354249857,0.0604276729559748,0.0565110565110565,0.0275,0.030511811023622,0.0222437137330754,0.0314308100289296,0.0369774919614148,0.0682989690721649,0.0364115835681059,0.0411278068546345,0.0537634408602151,0.0378963650425367,0.0782995810055866,0.0522693052269305,0.0317348084681612,0.0641298999507955,0.069973544973545,0.0415800415800416,0.0570031525445538,0.0568668046928916,0.0450829291190737,0.0861509958314034,0.0779467680608365,0.0398586294914589,0.0287958115183246,0.0311614730878187,0.0235219326128417,0.046875,0.0597510077408768,0.0762023735165522,0.07779094115054,0.0421845574387947,0.0675608544461004,0.0424065176519741,0.0672374716696046,0.0729680447194571,0.123071011693356
"Tnfrsf14",0.124633885358278,0.035946649316851,0.0749479011610598,0.0686573739026462,0.0742513500245459,0.0435572699502776,0.0713063320022818,0.144805031446541,0.0515970515970516,0.0375,0.0137795275590551,0.034816247582205,0.060842574734812,0.0932475884244373,0.127577319587629,0.0786051235012776,0.0747256457876076,0.021505376344086,0.125290023201856,0.137191573556797,0.111995411199541,0.0732437715759265,0.105789732655404,0.0849206349206349,0.0488565488565489,0.141478479058097,0.105935127674258,0.0914567360350493,0.115562760537286,0.0982256020278834,0.109954839976438,0.114659685863874,0.0963172804532578,0.0362364907819453,0.0859375,0.135162130346377,0.0993129294191131,0.0965946660789068,0.05969868173258,0.079132696297595,0.155420931689994,0.139763283807605,0.110871969629032,0.178806571541321
"Tnfrsf17",0.0597238747100372,0.0285187594881804,0.0320779994045847,0.0287907869481766,0.0441826215022091,0.0205021293674329,0.0282373074729036,0.046188679245283,0.0221130221130221,0.01,0.00688976377952756,0.0135396518375242,0.0238970588235294,0.0144694533762058,0.029639175257732,0.0300072069711066,0.0341381056896843,0.0268817204301075,0.0270688321732405,0.0540910148975791,0.0352047035204704,0.0260366842740091,0.0459242250287026,0.0350529100529101,0.0218295218295218,0.0436530914237921,0.03567977915804,0.0264238773274918,0.0528022232515053,0.0386565272496831,0.0274887099941096,0.0219895287958115,0.0396600566572238,0.0178003814367451,0.046875,0.0558984054507188,0.0137414116177389,0.0412579898611417,0.0265536723163842,0.0412904356973788,0.034886149989555,0.042306723747167,0.0500403551251009,0.0745321619207843
"Tnfrsf18",0.0837514091345766,0.0355671220993277,0.0372134563858291,0.0471350807085995,0.0476190476190476,0.0444714486387656,0.108100399315459,0.0672704402515723,0.00245700245700246,0.0225,0.0196850393700787,0.0174081237911025,0.0467393924783028,0.0385852090032154,0.0618556701030928,0.0497281006355238,0.051325341887557,0.00537634408602151,0.030493868080875,0.0629800977653631,0.0480390048039005,0.0341055608701077,0.0823355748728883,0.0490740740740741,0.0363825363825364,0.151000450363508,0.0411318150448585,0.0461195431074949,0.0597498842056508,0.0468948035487959,0.0498723738464559,0.145026178010471,0.0028328611898017,0.0292434837889383,0,0.0636036100310348,0.138663335415365,0.0648556314745427,0.0446327683615819,0.0776423833318722,0.0965113850010445,0.0757995467136741,0.0810091770543748,0.106777161609238
"Tnfrsf19",0.0313771638188914,0.0211993060073737,0.0171181899374814,0.0157641358044114,0.0182866961217477,0.0203014559967892,0.0114090131203651,0.0129308176100629,0.0245700245700246,0.0125,0.0226377952755906,0.0193423597678917,0.0132594021215043,0.0112540192926045,0.00644329896907216,0.0123992661993055,0.0189431031571839,0.010752688172043,0.011821898132803,0.0203532355679702,0.0217968021796802,0.0134342636110302,0.0118090864359521,0.0119047619047619,0.00935550935550936,0.0153766969053593,0.0126984126984127,0.0148450946643718,0.0169059749884206,0.00887198986058302,0.0107991360691145,0.0256544502617801,0.0113314447592068,0.00905912269548633,0,0.0173723825491385,0.0206121174266084,0.0221925281022702,0.00998116760828625,0.0212734870401216,0.0156674326300397,0.0141022412490557,0.021223806534541,0.0416640704509108
"Tnfrsf1a",0.202077057857178,0.248210800260247,0.0936290562667461,0.157798684748749,0.117083946980854,0.0713951258667975,0.114090131203651,0.147974842767296,0.0343980343980344,0.055,0.103346456692913,0.074468085106383,0.1400675024108,0.0594855305466238,0.0811855670103093,0.13028238223154,0.13634982272497,0.0376344086021505,0.198431112584245,0.207562267225326,0.213881121388112,0.148983071996007,0.109562079711333,0.15,0.08004158004158,0.15566492955028,0.185852311939268,0.134016585823815,0.108151922186197,0.115335868187579,0.181032790104064,0.13717277486911,0.0906515580736544,0.116973935155753,0.046875,0.180002140334606,0.0737039350405996,0.187307141282786,0.144632768361582,0.134566494257912,0.120743680802173,0.119113573407202,0.142916928227663,0.302417596111907
"Tnfrsf1b",0.09719318616718,0.0175124701800043,0.0311104495385531,0.0401183096818854,0.0349779086892489,0.0280385292871636,0.065031374786081,0.0578616352201258,0.00982800982800983,0.03,0.015748031496063,0.0183752417794971,0.0296227097396336,0.0144694533762058,0.0335051546391753,0.0491384393631658,0.0374472395745399,0,0.0701579935918683,0.0754771880819367,0.0932817093281709,0.0511583413051616,0.0496965720846318,0.0431216931216931,0.0280665280665281,0.0664607862060091,0.0595583160800552,0.0446917540291034,0.0335803612783696,0.0354879594423321,0.0536029844885136,0.0471204188481675,0.0084985835694051,0.0119198982835346,0,0.0653872222024043,0.0243597751405372,0.0644010359268239,0.0429378531073446,0.0411443265830922,0.0275746814288699,0.0619491312012088,0.0577526679221594,0.134691673416828
"Tnfrsf21",0.0354958721794528,0.023205378442854,0.0210628163143793,0.021270570466631,0.0362052037309769,0.0183058708109434,0.0159726183685111,0.038440251572327,0.0245700245700246,0.01,0.0334645669291339,0.0241779497098646,0.0192261330761813,0.0112540192926045,0.0141752577319588,0.01660879250475,0.0320108053351342,0.00537634408602151,0.040437520715943,0.0410410847299814,0.0291102029110203,0.0198394543110261,0.0337871084139741,0.0343915343915344,0.00831600831600832,0.0235475776877051,0.0427881297446515,0.0263456423094977,0.0185270958777212,0.0171102661596958,0.0361280188494011,0.00994764397905759,0.0084985835694051,0.0766052129688493,0.046875,0.0444832875539543,0.00687070580886946,0.0331028212475204,0.0192090395480226,0.021127377925835,0.0217255065803217,0.0135985897758751,0.0392490957462709,0.051519305460361
"Tnfrsf22",0.0995415268379931,0.0264042507048363,0.0231467698719857,0.0351782511563513,0.0368188512518409,0.0236906062565498,0.0405019965772961,0.0352201257861635,0.00982800982800983,0.01,0.0265748031496063,0.0135396518375242,0.0263681292189007,0.0321543408360129,0.0193298969072165,0.0428978575640438,0.037683606280601,0.010752688172043,0.0323721135786101,0.0477042597765363,0.0582921058292106,0.0441708605415298,0.0459242250287026,0.0227513227513228,0.0166320166320166,0.040211027472174,0.0378191856452726,0.0303747457361915,0.0252431681333951,0.0196451204055767,0.0270960141370509,0.0272251308900524,0.0226628895184136,0.0216147488874762,0.0546875,0.0335675810651732,0.0162398500936914,0.06383623539784,0.0333333333333333,0.0405306683030887,0.0315437643618132,0.034248300176278,0.0594565509819747,0.132666625127215
"Tnfrsf4",0.0742955628858035,0.0311754500108436,0.0331944030961596,0.0339196375192725,0.0401325478645066,0.0271577961604495,0.0838562464346834,0.0445283018867925,0.0122850122850123,0.005,0.0177165354330709,0.00870406189555126,0.0268502892960463,0.0112540192926045,0.0270618556701031,0.0322348162222368,0.0377173729528955,0.010752688172043,0.0296099878466468,0.0457402234636871,0.0401520040152004,0.0266605664850476,0.031490897162539,0.0456349206349206,0.0280665280665281,0.0879817281091166,0.0340924775707384,0.0412885307463621,0.0544233441408059,0.0247148288973384,0.0268996662085215,0.172774869109948,0.0254957507082153,0.0184361093452003,0.0078125,0.0448400099882282,0.104934415990006,0.0467957901697157,0.0344632768361582,0.0384559188802197,0.110298725715479,0.0382775119617225,0.0623262487669267,0.0941076287203772
"Tnfrsf9",0.12321759120648,0.0267837779223596,0.0232211967847574,0.106258456310374,0.0619783996072656,0.0580837922807643,0.318026240730177,0.0646540880503145,0.00737100737100737,0.0175,0.0216535433070866,0.0203094777562863,0.0296227097396336,0.0257234726688103,0.0231958762886598,0.0646006682827753,0.0841803140300523,0.00537634408602151,0.050602143409568,0.0707344040968343,0.0709113070911307,0.0487459967558125,0.0364113498441857,0.0543650793650794,0.0966735966735967,0.14897381457891,0.0939268461007591,0.0727976842434674,0.0583603520148217,0.0310519645120406,0.0451600235617514,0.238219895287958,0.0056657223796034,0.0179593134138589,0,0.0639960047087361,0.0968144909431605,0.068327088384395,0.0450094161958569,0.0448847199088279,0.149780655943179,0.103248552002015,0.124443248737034,0.159106486385445
"Tnfsf10",0.138789016430574,0.0303079592279332,0.0486752009526645,0.0685629778798653,0.0559646539027982,0.0395103569756293,0.103822019395322,0.0602767295597484,0.103194103194103,0.015,0.0177165354330709,0.0299806576402321,0.0342635004821601,0.0112540192926045,0.038659793814433,0.0766887243661141,0.053148742191457,0.021505376344086,0.047066622472655,0.0695559823091248,0.102100810210081,0.0869275880713721,0.0552730851238314,0.0395502645502646,0.0384615384615385,0.104516502605675,0.0566597653554175,0.0553512752307933,0.0683186660490968,0.05893536121673,0.0424111525623405,0.0596858638743456,0.0198300283286119,0.0343293070565798,0,0.0770520458031606,0.0405996252342286,0.0935227022261406,0.0497175141242938,0.0528914993717308,0.050135784416127,0.0783178040795769,0.0947299195886766,0.179803518391592
"Tnfsf12",0.190965397122111,0.032639340707005,0.061848764513248,0.0725276108366634,0.0684830633284242,0.0330776605944391,0.0733029092983457,0.0945911949685535,0.0515970515970516,0.05,0.0265748031496063,0.0241779497098646,0.0636451301832208,0.0353697749196141,0.0515463917525773,0.0679584616392583,0.0807361134560189,0.0268817204301075,0.0760137001436305,0.120679120111732,0.109916110991611,0.0714969013850185,0.0603575528948663,0.080026455026455,0.0426195426195426,0.0780093932960175,0.0970324361628709,0.0743428258488499,0.0606762389995368,0.0608365019011407,0.0708816021990968,0.0591623036649215,0.0396600566572238,0.0452956134774317,0.0078125,0.116469874790426,0.0455965021861337,0.126597972228345,0.0621468926553672,0.0681160690803892,0.0706078963860455,0.0662301687232435,0.110453472035393,0.242901946123331
"Tnfsf13b",0.0751130562013637,0.0215246150509651,0.0253795772551355,0.0336049841100028,0.0586647029945999,0.0180160092755691,0.0450656018254421,0.0570566037735849,0.027027027027027,0.0175,0.00590551181102362,0.0193423597678917,0.0253435390549662,0.0305466237942122,0.0283505154639175,0.034282251195702,0.0433901738983623,0.0483870967741935,0.0384487901889294,0.0697014664804469,0.0502617050261705,0.0298631618350455,0.0282105953747745,0.0316137566137566,0.0135135135135135,0.0518239722061378,0.0450655624568668,0.0386872163980598,0.0352014821676702,0.0468948035487959,0.0455527194188101,0.0256544502617801,0.056657223796034,0.0130324221233312,0,0.0518317696999964,0.0149906308557152,0.0522233854970245,0.0348399246704331,0.0479237894859881,0.028828076039273,0.0478468899521531,0.0562281409739037,0.098770432217999
"Tnfsf14",0.0489038039473993,0.0137171980047712,0.0193509973206311,0.0193197193291589,0.0508100147275405,0.0172244643135856,0.0216771249286937,0.052125786163522,0.0319410319410319,0.0025,0.00393700787401575,0.00870406189555126,0.0185330279652845,0.0466237942122186,0.0103092783505155,0.0291718535019328,0.0481512746918791,0.010752688172043,0.0345818141641808,0.0700069832402235,0.0300423030042303,0.0179262155305078,0.0319829424307036,0.0322751322751323,0.0384615384615385,0.0919063243904008,0.0476190476190476,0.0271279924894383,0.0303381194997684,0.0316856780735108,0.0341645395641076,0.0219895287958115,0.0113314447592068,0.0114431023521933,0.0078125,0.0538294153319302,0.0262336039975016,0.0444263830725149,0.0288135593220339,0.0346570819087695,0.027365782327136,0.0294636111810627,0.0601440827429528,0.0641369140341039
"Tnfsf15",0.0569537699719605,0.0163738885274344,0.0244864543018756,0.0247317579685976,0.0369415807560137,0.0168677116546634,0.029092983456931,0.0392452830188679,0.00491400491400491,0.015,0.015748031496063,0.0135396518375242,0.0238669238187078,0.0305466237942122,0.0231958762886598,0.0291063355827819,0.0338004389667398,0.0161290322580645,0.0283946525245829,0.0419139897579143,0.0401520040152004,0.0226677203344009,0.0144333278661637,0.0301587301587302,0.0187110187110187,0.0366724570546227,0.0297446514837819,0.0280863714598654,0.0321908290875405,0.0285171102661597,0.0202238366385235,0.0460732984293194,0.0141643059490085,0.0163699936427209,0,0.0406663575072236,0.0268582136164897,0.0501432664756447,0.0244821092278719,0.0357382893544899,0.0432421140589095,0.0334928229665072,0.0430155740890204,0.0719359461648701
"Tnfsf4",0.0644127456059734,0.0275428323574062,0.023518904435844,0.0308674994493565,0.0314187530682376,0.0211487435617294,0.0416428978893326,0.0353207547169811,0.027027027027027,0.065,0.0137795275590551,0.00870406189555126,0.0260667791706847,0.0112540192926045,0.0438144329896907,0.0286804691083011,0.0317406719567787,0.0161290322580645,0.0285051375538615,0.0543965316573557,0.0432351043235104,0.0254128020629705,0.0382155158274561,0.0437830687830688,0.0571725571725572,0.0500225181753844,0.0349896480331263,0.0307463620716633,0.031032885595183,0.023447401774398,0.0257215786373454,0.0528795811518325,0.0311614730878187,0.0152574698029243,0.0625,0.0458031605607677,0.0149906308557152,0.0391365439717875,0.0216572504708098,0.0380760351830747,0.031961562565281,0.0226643162931252,0.0609810779302305,0.0825596610380709
"Tnfsf8",0.0687397325182699,0.0270006506180872,0.0378088716880024,0.030395519335452,0.0450417280314188,0.0228767642533836,0.0282373074729036,0.0592704402515723,0.027027027027027,0.0075,0.0196850393700787,0.0183752417794971,0.0276639344262295,0.045016077170418,0.0244845360824742,0.0465832405162812,0.0437616072936012,0.0161290322580645,0.0399955805988289,0.0624272579143389,0.0443823044382304,0.0323170985317972,0.0531408889617845,0.0613756613756614,0.0176715176715177,0.0554912179116001,0.052311939268461,0.0424033797527773,0.0488652153774896,0.0329531051964512,0.0337718437070489,0.056020942408377,0.028328611898017,0.0152574698029243,0.015625,0.058573823707773,0.0830730793254216,0.06517247079568,0.036346516007533,0.0319978960287543,0.0398997284311677,0.0470914127423823,0.0713837324006815,0.0893409765925187
"Tnfsf9",0.133030114475099,0.0361635220125786,0.0570110151830902,0.0415971807054529,0.0555964653902798,0.0347276416419541,0.0593268682258985,0.0967547169811321,0.0958230958230958,0.045,0.0177165354330709,0.0154738878143133,0.0436656219864995,0.0337620578778135,0.108247422680412,0.0619144335975889,0.0940739490123248,0.0645161290322581,0.0520384487901889,0.120257216014898,0.0621639062163906,0.0515326706317847,0.023454157782516,0.0826719576719577,0.0613305613305613,0.148877308112977,0.0842650103519669,0.0668322641214208,0.0819823992589162,0.0887198986058302,0.0630276850579226,0.113612565445026,0.0141643059490085,0.0203432930705658,0.0078125,0.0858274176862983,0.0318550905683948,0.0803807582102711,0.0551789077212806,0.0579468747260454,0.0609985377062879,0.133467640392848,0.104833647206529,0.163291586183978
"Tnnc1",0.0883621755736121,0.0255367599219258,0.0414557904138136,0.0583996727604544,0.0549828178694158,0.0590091194898437,0.0413576725613234,0.0592201257861635,0.0171990171990172,0.015,0.0285433070866142,0.0183752417794971,0.0531581485053038,0.0257234726688103,0.0322164948453608,0.0431271702810719,0.0554448759074793,0.032258064516129,0.0441940117114131,0.0761318668528864,0.0548505054850505,0.0375577091045211,0.0529768738723963,0.0481481481481481,0.0322245322245322,0.0709322524609149,0.0575569358178054,0.046236895634486,0.0581287633163502,0.0532319391634981,0.0420184567052818,0.0455497382198953,0.0368271954674221,0.0224094087730451,0.03125,0.0687404130845789,0.0405996252342286,0.0644423627947983,0.0459510357815443,0.0679699599661027,0.0513891790265302,0.0503651473180559,0.0748811765760918,0.114690427233265
"Tnxa",0.0488751656465357,0.043699848189113,0.0232211967847574,0.0276265693338787,0.0376779577810506,0.0264888849249705,0.0236737022247576,0.0341635220125786,0.0221130221130221,0.01,0.0167322834645669,0.0145067698259188,0.0297131147540984,0.0144694533762058,0.0219072164948454,0.0254209526305445,0.0325848387641398,0.00537634408602151,0.0211026405921998,0.0415357309124767,0.0300423030042303,0.0217942852389469,0.0290306708217156,0.0335978835978836,0.0176715176715177,0.0321366531557614,0.0293305728088337,0.0240572680331716,0.0308012968967114,0.0228136882129278,0.0280777537796976,0.0198952879581152,0.0141643059490085,0.0197075651621106,0.03125,0.0380266114935968,0.0193628981886321,0.0351553890235839,0.024105461393597,0.0378422606002162,0.0321704616670148,0.0294636111810627,0.039219203061011,0.0615718528672607
"Tnxb",0.0700961465864447,0.0203860333983951,0.0171926168502531,0.0348006670652277,0.0308051055473736,0.0245267453008986,0.0188248716486024,0.0315974842767296,0.0245700245700246,0.02,0.0118110236220472,0.0125725338491296,0.137536162005786,0.00643086816720257,0.0128865979381443,0.0258795780646007,0.0346108391018065,0.0161290322580645,0.023643796265606,0.0447072858472998,0.0438804043880404,0.0263278293058271,0.0186977201902575,0.0347883597883598,0.0374220374220374,0.0359325741491347,0.0285024154589372,0.0315678297606008,0.0245484020379805,0.0164765525982256,0.0314156685646966,0.0115183246073298,0.0028328611898017,0.0214558169103624,0,0.0417008525666179,0.0256089943785134,0.0495095878333701,0.0261770244821092,0.0481867858917039,0.0202632128681847,0.0173759758247293,0.0342271246226048,0.0881778719338692
"Top2a",0.188377536116803,0.066905226631967,0.0769574278058946,0.0441144079796105,0.0532646048109966,0.0346718990389975,0.0750142612664005,0.0523270440251572,0.0221130221130221,0.14,0.0433070866141732,0.103481624758221,0.032606075216972,0.101286173633441,0.108247422680412,0.121273668348293,0.059665709944285,0.231182795698925,0.0669539277427909,0.0755499301675978,0.110418011041801,0.0898806305369546,0.0226340823355749,0.0224867724867725,0.0135135135135135,0.0862446117223187,0.0527950310559006,0.092434673759975,0.0981936081519222,0.0564005069708492,0.0449636756332221,0.0717277486910995,0.0056657223796034,0.0365543547361729,0.0234375,0.0601434024185781,0.0137414116177389,0.119379545955477,0.0354048964218456,0.0414365448116654,0.0587006475872154,0.10853689247041,0.108809374346098,0.299447525287141
"Tox",0.0275188036479988,0.0138798525265669,0.0131735635605835,0.0251093420597212,0.0229504172803142,0.0243706660126201,0.0279520821448945,0.0261635220125786,0.0565110565110565,0.0025,0.0078740157480315,0.0125725338491296,0.0317622950819672,0.0209003215434084,0.0283505154639175,0.0278451156391273,0.0274185379030897,0.010752688172043,0.0116009280742459,0.0252124068901304,0.0201477020147702,0.0163041217818076,0.0180416598327046,0.0130952380952381,0.0478170478170478,0.0408865727337065,0.0164941338854382,0.0200086058519793,0.0240852246410375,0.0196451204055767,0.0198311407814648,0.0130890052356021,0.0226628895184136,0.0219326128417038,0.015625,0.02814540006421,0.0262336039975016,0.0241624421423848,0.0192090395480226,0.0310920195201777,0.0290369751410069,0.0548980105766809,0.0489642184557439,0.0381228321598438
"Tpm1",0.351477866498655,0.245174582520061,0.159199166418577,0.420251093420597,0.0630829651448208,2.31505719191063,0.154877353108956,0.10188679245283,0.12039312039312,0.1675,0.176181102362205,1.72533849129594,0.555568948891032,0.0980707395498392,0.0644329896907216,0.304297975496298,0.127975687995948,0.0591397849462366,0.221301513644901,0.0969506517690875,0.393991539399154,0.34708647007445,0.118254879448909,0.0752645502645503,0.0977130977130977,0.0908125844431577,0.142581090407177,0.448971209513378,0.0773506252894859,0.0684410646387833,0.215000981739643,0.093717277486911,0.0651558073654391,0.425143038779402,0.0546875,0.132308350872186,0.0430980637101811,0.260001102049813,0.0792843691148776,0.320300400338973,0.0929601002715688,0.0682447746159657,0.12578841957373,0.593069142418011
"Tpm2",0.17310290782893,0.575471698113208,0.375558201845787,0.368994053050565,0.0877515954835542,4.52728042988695,0.047062179121506,0.105157232704403,0.0687960687960688,0.03,0.148622047244095,0.318181818181818,0.868581243972999,0.0337620578778135,0.0399484536082474,0.0625696127890978,0.102448083741347,0.021505376344086,0.0662910175671197,0.0885562150837989,0.0939987093998709,0.134550596847315,0.112514351320321,0.121296296296296,0.123700623700624,0.0763044457311973,0.0681849551414769,0.157115474886559,0.0588235294117647,0.0462610899873257,0.315138425289613,0.056020942408377,0.0538243626062323,0.565003178639542,0.0625,0.109264081618093,0.0387257963772642,0.131075049592242,0.0655367231638418,0.357090675316326,0.0549404637560059,0.0745404180307227,0.0811287477954145,0.238955698174341
"Tpsab1",0.0595572518686491,0.0134461071351117,0.0186811551056862,0.0228438375129795,0.0379234167893962,0.0132221454213026,0.0544780376497433,0.0243018867924528,0.0147420147420147,0.0125,0.00492125984251968,0.0174081237911025,0.0167249276759884,0.0192926045016077,0.0257731958762887,0.0268295878922885,0.0268782711463785,0.032258064516129,0.0185614849187935,0.0328503258845438,0.0319065031906503,0.0180925841201181,0.0378874856486797,0.0167989417989418,0.00831600831600832,0.0274721739689893,0.0249827467218772,0.0216906587388515,0.0294117647058824,0.0196451204055767,0.0192420969958767,0.0204188481675393,0.0198300283286119,0.0125556261919898,0.0078125,0.0293582563407413,0.00811992504684572,0.0380069429138197,0.0342749529190207,0.0315887905087519,0.0190098182577815,0.0249307479224377,0.0474396915074881,0.0735871393856315
"Tpsb2",0.056188346294334,0.0187052700065062,0.0170437630247097,0.0212076397847771,0.024914089347079,0.0178822270284733,0.0399315459212778,0.0284276729559748,0.0171990171990172,0.01,0.0393700787401575,0.0106382978723404,0.0208835583413693,0.00964630225080386,0.0115979381443299,0.0230786870209002,0.0246496707749451,0,0.0266268920561264,0.0349452979515829,0.0311895031189503,0.0214615480597263,0.0301787764474332,0.0203703703703704,0.0166320166320166,0.0325226790194943,0.022360248447205,0.0225316851822876,0.0291801760074108,0.0183776932826362,0.0147260946397016,0.0235602094240838,0.0084985835694051,0.0135092180546726,0.0078125,0.0291085506367495,0.0106183635227983,0.0349625303063698,0.0233521657250471,0.0323193360801847,0.0342594526843535,0.0261898766053891,0.0358413296266404,0.0700251313685172
"Tpt1",0.918828641425042,0.912600303621774,0.325989877939863,0.265315754696202,0.189003436426117,0.736304042453566,0.685396463205933,0.306314465408805,0.226044226044226,0.4375,0.43011811023622,0.634429400386847,0.323499276759884,0.405144694533762,0.543814432989691,1.07174212147022,0.392740165456694,0.247311827956989,0.951718042205281,0.255877560521415,1.86620778662078,0.93964979411887,0.0790552730851238,0.142592592592593,0.169438669438669,0.384513929099916,0.529054520358868,0.567203880456893,0.340898564150069,0.29277566539924,0.597486746514824,0.296858638743455,0.206798866855524,1.45931341385887,0.2734375,0.270110227232191,0.242348532167395,0.769575159797223,0.306026365348399,0.189211303001081,0.211614790056403,0.192143037018383,0.342779421875467,1.85989781294785
"Trmt5",0.0939492477239059,0.028735632183908,0.0295474843703483,0.038482111953683,0.039887088856161,0.0243149234096635,0.0436394751853965,0.0383899371069182,0.0319410319410319,0.005,0.0226377952755906,0.00967117988394584,0.0264886692381871,0.0209003215434084,0.0528350515463918,0.0434056214374631,0.0416343069390512,0.00537634408602151,0.0353552093691305,0.0476751629422719,0.0590808059080806,0.0364347211246517,0.0460882401180909,0.0165343915343915,0.0353430353430353,0.0493469729138519,0.0416149068322981,0.0343060553903927,0.0604446503010653,0.0342205323193916,0.0322010602788141,0.0455497382198953,0.0424929178470255,0.0340114431023522,0.03125,0.0458745050476224,0.0106183635227983,0.0567280141062376,0.0261770244821092,0.0422255340288127,0.0403175266346355,0.0327373457567363,0.0692015663767076,0.121648285459115
"Trp53",0.0775368978471808,0.0458685751463891,0.026793688597797,0.0347692017243007,0.0251595483554246,0.0199112577760931,0.0219623502567028,0.0369811320754717,0.0147420147420147,0.0075,0.0452755905511811,0.0203094777562863,0.0264585342333655,0.0369774919614148,0.0244845360824742,0.0368702090021621,0.0370420395070066,0.0268817204301075,0.0353552093691305,0.0419139897579143,0.0487560048756005,0.0363515368298465,0.0229621125143513,0.0272486772486772,0.0207900207900208,0.0405327156919514,0.0352657004830918,0.0328782663120013,0.0226956924502084,0.0285171102661597,0.0296485372079325,0.0157068062827225,0.0084985835694051,0.0249523204068659,0.0234375,0.0380979559804516,0.0118675827607745,0.0502947983248843,0.0216572504708098,0.020367610531545,0.031961562565281,0.0203978846638126,0.0559591068065644,0.105935987704322
"Tsc22d1",0.144412537327422,0.0997614400346996,0.0516522774635308,0.077971114817029,0.0441826215022091,0.059722624807688,0.0544780376497433,0.0533333333333333,0.0147420147420147,0.015,0.030511811023622,0.0328820116054159,0.0648203953712633,0.0112540192926045,0.0219072164948454,0.0824543012513923,0.0514604085767348,0.0161290322580645,0.0581151254005082,0.0504975558659218,0.152721015272102,0.0793994093915069,0.0429719534197146,0.0332010582010582,0.0187110187110187,0.0311394196744515,0.0463077984817115,0.0567986230636833,0.0264011116257527,0.0202788339670469,0.0396622815629295,0.0382198952879581,0.0113314447592068,0.0769230769230769,0,0.051974458673706,0.0218613366645846,0.101512563367864,0.0327683615819209,0.0396540136173694,0.0353039481930228,0.0259380508687988,0.0691118883209279,0.205287972251646
"Tshz2",0.0286252834540915,0.0145846887876816,0.0161506400714498,0.0396148642270539,0.0396416298478154,0.0217730607148431,0.0145464917284655,0.0199748427672956,0.00982800982800983,0.0225,0.0226377952755906,0.011605415860735,0.032455400192864,0.0257234726688103,0.0141752577319588,0.0178044945292538,0.0334290055715009,0.00537634408602151,0.0182300298309579,0.0273946694599628,0.0241629024162902,0.0175934783512873,0.0177136296539282,0.0411375661375661,0.0280665280665281,0.0236440841536383,0.0172532781228433,0.0184047879831012,0.0203798054654933,0.0259822560202788,0.0192420969958767,0.0146596858638743,0.0169971671388102,0.121900826446281,0.015625,0.0236863696357864,0.0399750156152405,0.0258568437293366,0.0146892655367232,0.0213319306858362,0.0357217463964905,0.0241752707126668,0.0328819537859086,0.0393897854487299
"Ttn",0.042827277200528,0.0185968336586424,0.0379577255135457,0.0507221295742739,0.0444280805105547,0.689435661887667,0.0293782087849401,0.033811320754717,0.0368550368550369,0.035,0.0708661417322835,0.136363636363636,0.127290260366442,0.0112540192926045,0.0115979381443299,0.0236519688134705,0.0243795373965896,0,0.0207711855043642,0.0279766061452514,0.0326235032623503,0.0487044046084099,0.0557651303919961,0.0402116402116402,0.00415800415800416,0.0269253039953677,0.024223602484472,0.020184634642466,0.01528485409912,0.0202788339670469,0.0494796779893972,0.0214659685863874,0.0764872521246459,0.0410044500953592,0.0078125,0.0330681696571897,0.0124921923797626,0.0401697156711483,0.0139359698681733,0.0840419625376231,0.0480467933987884,0.0226643162931252,0.0290257973873793,0.0577398384115314
"Ttr",0.0705179106537083,0.0344827586206897,0.0391485561178922,0.0421320915012114,0.061119293078056,0.0277486677517893,0.0370792926411865,0.0608805031446541,0.0368550368550369,0.025,0.0255905511811024,0.0193423597678917,0.0315212150433944,0.0418006430868167,0.0244845360824742,0.0396711000458625,0.0539253756542293,0.0698924731182796,0.0461827422384267,0.0776739990689013,0.0494730049473005,0.0339807844279,0.0523208135148434,0.0502645502645503,0.0353430353430353,0.0613137746895709,0.0559006211180124,0.0448091065560945,0.0495599814729041,0.0424588086185044,0.0398586294914589,0.0455497382198953,0.0254957507082153,0.0367132867132867,0.03125,0.0719865872364713,0.0512179887570269,0.0575821027110425,0.0369114877589454,0.0519564010402969,0.0524336745351995,0.051372450264417,0.0739843960182943,0.0902756142646478
"Tubb4b",0.292014339978287,0.393244415528085,0.119306341172968,0.106573109719644,0.0802650957290133,0.11372605855203,0.123217341699943,0.0967547169811321,0.115479115479115,0.1375,0.062992125984252,0.256286266924565,0.0736198167791707,0.120578778135048,0.237113402061856,0.218731573085239,0.118858686476448,0.139784946236559,0.142083747652193,0.11823498603352,0.215601921560192,0.157966975834962,0.0416598327046088,0.0843915343915344,0.0540540540540541,0.155986617770057,0.115320910973085,0.147531685182288,0.180639184807781,0.126108998732573,0.0822697820537993,0.101570680628272,0.056657223796034,0.159885568976478,0.0859375,0.113651767559662,0.0861961274203623,0.203989420321799,0.0655367231638418,0.0807691183776044,0.0891999164403593,0.145303450012591,0.174154784324276,0.481193013064158
"Tubb5",0.245060543971508,0.164606376057254,0.124739505805299,0.0886378653912715,0.0430780559646539,0.0556088207094919,0.134341129492299,0.100477987421384,0.0712530712530713,0.315,0.0866141732283465,0.32495164410058,0.0652121504339441,0.12540192926045,0.253865979381443,0.287541767673459,0.0802296133716022,0.198924731182796,0.186609214451442,0.0909567039106145,0.304223130422313,0.183296593603128,0.027882565195998,0.0448412698412698,0.0738045738045738,0.14926333397671,0.117874396135266,0.20802691284619,0.130152848540991,0.0792141951837769,0.120950323974082,0.184816753926702,0.028328611898017,0.0553083280356008,0.0234375,0.0902864481147219,0.0162398500936914,0.206317500551025,0.0664783427495292,0.0570702200403261,0.0624608314184249,0.165197683203223,0.131707171255194,0.490092840675432
"Twist1",0.120879664463253,0.0156690522663197,0.032226853230128,0.0370032409301155,0.0450417280314188,0.0185845838257263,0.0587564175698802,0.0331572327044025,0.0417690417690418,0.015,0.0177165354330709,0.0261121856866538,0.0651217454194793,0.0176848874598071,0.0244845360824742,0.0674834567254144,0.0416680736113456,0.0268817204301075,0.0468456524140979,0.0396735335195531,0.101814010181401,0.0635528012311276,0.0382155158274561,0.0312169312169312,0.0197505197505198,0.0323940037315833,0.0364389233954451,0.0564270067282115,0.0226956924502084,0.017743979721166,0.0294521892794031,0.0277486910994764,0.0084985835694051,0.0127145581691036,0.015625,0.0384903506581529,0.0212367270455965,0.0793613621335684,0.0361581920903955,0.0385435843487917,0.033423856277418,0.0289599597078821,0.0495022867904224,0.176137661744242
"Twist2",0.10231163157607,0.0228258512253307,0.0349806490026794,0.0389540920675875,0.0646784486990673,0.0222078530179045,0.0530519110096977,0.0356729559748428,0.0221130221130221,0.01,0.031496062992126,0.0193423597678917,0.0685872709739634,0.0401929260450161,0.0154639175257732,0.0359529581340497,0.0411278068546345,0,0.0329245387250028,0.0601577048417132,0.0549939054993906,0.032816204300628,0.0693783828112186,0.0354497354497354,0.0176715176715177,0.0511162581226276,0.0387163561076605,0.0599280237834455,0.039138490041686,0.026615969581749,0.0290594934223444,0.0293193717277487,0.0594900849858357,0.0203432930705658,0.0078125,0.0398458959083937,0.0499687695190506,0.0700628168393211,0.0340866290018832,0.0538265977031647,0.0317526634635471,0.0606900025182574,0.0673183272053329,0.123434481899184
"Txk",0.077359861078206,0.0223921058338755,0.0189788627567728,0.0271231238790472,0.0423416789396171,0.027982786684207,0.0302338847689675,0.0359245283018868,0.00982800982800983,0.0075,0.0324803149606299,0.011605415860735,0.0226313886210222,0.0112540192926045,0.0231958762886598,0.0405555919543995,0.0395407732567955,0.0161290322580645,0.0279527124074688,0.044110800744879,0.0394350039435004,0.0290313188869941,0.0503526324421847,0.0402116402116402,0.0582120582120582,0.0629865534324133,0.0325741890959282,0.0269715224534502,0.0490968040759611,0.0247148288973384,0.0267033182799921,0.0287958115183246,0.0141643059490085,0.0144628099173554,0.015625,0.0429137088431491,0.0118675827607745,0.0484764161340093,0.0338983050847458,0.0414657666345227,0.050135784416127,0.038781163434903,0.0573640630137805,0.100265852493406
"Tyk2",0.163641854616364,0.0416395575797007,0.0342363798749628,0.0488971398005097,0.0476190476190476,0.0324087493589601,0.0598973188819167,0.0780880503144654,0.0196560196560197,0.015,0.0374015748031496,0.0174081237911025,0.0407123915139826,0.0530546623794212,0.0605670103092784,0.0699403786935727,0.0638865439810907,0.00537634408602151,0.070710418738261,0.0768883845437616,0.097440309744031,0.0556087010772366,0.054288994587502,0.0566137566137566,0.0239085239085239,0.0772695103905295,0.0616977225672878,0.052710843373494,0.0643816581750811,0.0741444866920152,0.0718633418417436,0.0361256544502618,0.0254957507082153,0.0451366815003179,0.0703125,0.0774087682374344,0.0543410368519675,0.0932058629050033,0.0308851224105461,0.043482072411677,0.066847712554836,0.0488541928985142,0.085612650584402,0.213087004382412
"Tyms",0.486796441560944,0.0527542832357406,0.190979458172075,0.150561656335546,0.284364261168385,0.0447613101741399,0.182544209925841,0.17685534591195,0.346437346437346,0.2025,0.0885826771653543,0.0822050290135397,0.069973481195757,0.154340836012862,0.229381443298969,0.181484636047959,0.202093533682256,0.360215053763441,0.136890951276102,0.247395833333333,0.276977127697713,0.140082352451857,0.105625717566016,0.192328042328042,0.079002079002079,0.249051019751657,0.182263630089717,0.168576905022688,0.255673923112552,0.169835234474018,0.0830551737679168,0.267539267015707,0.0963172804532578,0.0351239669421488,0.0703125,0.210394891734741,0.0986883198001249,0.324691426052458,0.152165725047081,0.205604745624032,0.174430749947775,0.278519264668849,0.394703016171943,0.606195609279914
"Tyrobp",0.120197552206321,0.0235849056603774,0.104420958618636,0.0528932380982348,0.164212076583211,0.0447278646123659,0.0752994865944096,0.314767295597484,0.0761670761670762,0.0125,0.0118110236220472,0.0454545454545455,0.033208775313404,0.0691318327974277,0.14819587628866,0.0719550547074625,0.137329056221509,0.032258064516129,0.418627775936361,0.375567388268156,0.0942138094213809,0.110468743501227,0.073314744956536,0.211772486772487,0.206860706860707,0.200636942675159,0.486542443064182,0.166797058363323,0.138953219082909,0.157794676806084,0.441979187119576,0.0612565445026178,0.0679886685552408,0.0238397965670693,0.0546875,0.315306959654693,0.066208619612742,0.0940599515098082,0.166101694915254,0.0550246924403144,0.0910800083559641,0.0949383026945354,0.307864765491884,0.185535962780651
"Uba52",1.03274919877845,1.23590327477771,0.433462339982138,0.297882382555615,0.212935689739813,0.474001649981047,0.644609241300627,0.355723270440252,0.147420147420147,0.445,0.551181102362205,0.673114119922631,0.244214079074253,0.601286173633441,0.983247422680412,1.09695014086353,0.470133378355563,0.688172043010753,0.937575958457629,0.360218808193669,1.62242776224278,0.88333402653579,0.245202558635394,0.165740740740741,0.288981288981289,0.540661390979862,0.632712215320911,0.626486465341887,0.556044465030107,0.480354879594423,0.533084625957196,0.358115183246073,0.240793201133144,1.05435473617292,0.1328125,0.324724431919523,0.285446595877577,0.943533722724267,0.282674199623352,0.225621694281289,0.215374973887612,0.303701838327877,0.451977401129944,1.93523999418448
"Ube2c",0.207893236414381,0.105833875515073,0.117743376004763,0.0662030773103427,0.0738831615120275,0.0335793440210484,0.0821448944666286,0.073559748427673,0.0171990171990172,0.1825,0.062992125984252,0.126692456479691,0.0360414657666345,0.107717041800643,0.115979381443299,0.131428945816681,0.0601046766841128,0.0483870967741935,0.094575185062424,0.0947974860335195,0.129490212949021,0.119743792372,0.0423158930621617,0.0353174603174603,0.00831600831600832,0.11468185035064,0.0786059351276743,0.112482397120951,0.132005558128763,0.064638783269962,0.0475161987041037,0.0801047120418848,0.0028328611898017,0.0386204704386523,0,0.0949951842471373,0.033104309806371,0.136915913599295,0.0493408662900188,0.0771748341661553,0.0505535826195947,0.16192394862755,0.124204107254955,0.320964961472158
"Upk3a",0.0532568256786626,0.0395792669702884,0.0270913962488836,0.0348006670652277,0.038046146293569,0.0280496778077549,0.0302338847689675,0.0416603773584906,0.0221130221130221,0.01,0.0167322834645669,0.0135396518375242,0.0356195756991321,0.022508038585209,0.0206185567010309,0.0312848063945489,0.035252405875401,0.032258064516129,0.0281736824660259,0.0470204841713222,0.0357783035778304,0.0289065424447864,0.0346071838609152,0.035978835978836,0.0249480249480249,0.0420768191468828,0.036231884057971,0.0329369425754968,0.0379805465493284,0.0310519645120406,0.0292558413508737,0.0246073298429319,0.0226628895184136,0.027177368086459,0.0078125,0.0471230335675811,0.0306058713304185,0.040803394313423,0.0250470809792844,0.0405598901259461,0.0338416544808857,0.0382775119617225,0.0463635548381311,0.0687270234905602
"Vcam1",0.0686824559165428,0.0158317067881154,0.0222536469187258,0.0431704477518014,0.0484781541482572,0.0287854801667819,0.0350827153451226,0.0412578616352201,0.00982800982800983,0.0125,0.0118110236220472,0.00773694390715667,0.0309185149469624,0.00643086816720257,0.0103092783505155,0.0298761711328048,0.0307614384602397,0.032258064516129,0.0357971494862446,0.0400517923649907,0.0580770058077006,0.0303206754564738,0.0259143841233393,0.0324074074074074,0.00831600831600832,0.0265392781316348,0.0385783298826777,0.0308245970896573,0.0120426123205188,0.0342205323193916,0.0322010602788141,0.0172774869109948,0.0113314447592068,0.019389701207883,0.015625,0.0890379195947633,0.00874453466583385,0.042718205862905,0.0340866290018832,0.0386896934630782,0.0231878002924587,0.0146058927222362,0.0411323349176457,0.0916256464577232
"Vcan",0.0495989336138151,0.0119822164389503,0.0236677582613873,0.0262420943330921,0.0319096710849288,0.0414836451202925,0.0213918996006845,0.0284276729559748,0.00737100737100737,0.035,0.0147637795275591,0.00870406189555126,0.0541526036644166,0.00160771704180064,0.0077319587628866,0.0239631789294372,0.0251224041870674,0.00537634408602151,0.0303833830515965,0.0317010009310987,0.0312612031261203,0.02216861456557,0.0309988518943743,0.0263227513227513,0.0218295218295218,0.019236955542688,0.0216701173222912,0.0341887028634017,0.024316813339509,0.0107731305449937,0.0253288827802867,0.0272251308900524,0.0113314447592068,0.00842339478703115,0,0.0242214532871972,0.0131168019987508,0.0329650650209389,0.023728813559322,0.0482452295374185,0.0405264257363693,0.0105766809367917,0.0365886467581383,0.0630049639645253
"Vegfa",0.137554966011544,0.0998698763825634,0.043763024709735,0.0590604449199207,0.0563328424153166,0.239447925260318,0.044780376497433,0.0603270440251572,0.0368550368550369,0.0475,0.0767716535433071,0.0125725338491296,0.135426711668274,0.0385852090032154,0.0219072164948454,0.0490401624844395,0.0917778152963026,0.00537634408602151,0.050602143409568,0.0683048184357542,0.104825410482541,0.0848479807012436,0.0772511071018534,0.0474867724867725,0.0405405405405405,0.0516631280962491,0.06783988957902,0.0832420591456736,0.0592867068087077,0.032319391634981,0.0451600235617514,0.0534031413612565,0.028328611898017,0.216783216783217,0.0078125,0.0571469339706774,0.0574640849469082,0.10109929468812,0.072316384180791,0.0762397358347214,0.0415709212450386,0.0350037773860489,0.0506681015155591,0.179097347705984
"Vegfb",0.266208627418309,0.0538928648883106,0.0861863649895802,0.0746043233378434,0.0703240058910162,0.166503155031327,0.0955504848830576,0.0928805031446541,0.00982800982800983,0.0575,0.0757874015748032,0.0812379110251451,0.0835643683702989,0.090032154340836,0.0798969072164948,0.125090087138832,0.0983285497214249,0.0537634408602151,0.0875041431885979,0.111993715083799,0.144117014411701,0.103647631327205,0.0802033787108414,0.055952380952381,0.0363825363825364,0.137007012803191,0.0937888198757764,0.0855108746675012,0.0963408985641501,0.0703422053231939,0.0606715099155704,0.0753926701570681,0.118980169971671,0.0896376350921805,0.0625,0.109014375914101,0.061211742660837,0.152151752259202,0.0500941619585687,0.105140118640601,0.0877376227282223,0.106522286577688,0.155591426777867,0.33869192265354
"Vegfc",0.0727074389288234,0.0165365430492301,0.0203185471866627,0.0315597369497499,0.0471281296023564,0.0255078151129345,0.0262407301768397,0.0282767295597484,0.0147420147420147,0.0125,0.015748031496063,0.00967117988394584,0.0318225650916104,0.00643086816720257,0.00902061855670103,0.0310718731573085,0.029343238223873,0.010752688172043,0.023643796265606,0.0353817504655493,0.0465333046533305,0.0315268477311484,0.0318189273413154,0.037962962962963,0.0291060291060291,0.0267322910635013,0.0208419599723948,0.0293381317477703,0.015748031496063,0.0139416983523447,0.028863145493815,0.0235602094240838,0.0113314447592068,0.0130324221233312,0,0.0288945171761852,0.014366021236727,0.053711152744104,0.0150659133709981,0.0280237281201601,0.0190098182577815,0.0211533618735835,0.0293247242399785,0.0933599185826739
"Vegfd",0.0195078898518879,0.022121014964216,0.0123548675200953,0.0134357005758157,0.0235640648011782,0.0186180293875003,0.00770108385624643,0.0140880503144654,0.0221130221130221,0,0.0127952755905512,0.00967117988394584,0.0442984570877531,0.0241157556270096,0.00515463917525773,0.0130216864312389,0.0185379030896505,0,0.00872831731300409,0.0148684823091248,0.0129060012906001,0.0128103813999917,0.0123011317041168,0.0154761904761905,0.0176715176715177,0.0136717493405391,0.0101449275362319,0.0107573149741824,0.0141269106067624,0.0101394169835234,0.0129589632829374,0.0130890052356021,0.0028328611898017,0.00937698664971392,0,0.0140548639103913,0.0231105559025609,0.0156628829623099,0.0126177024482109,0.0185266356915344,0.0148318362231042,0.0161168471417779,0.0152751621678175,0.0255156084491246
"Vhl",0.148846266997482,0.0418564302754283,0.0678029175349806,0.0571410591233756,0.0803878252331861,0.0338692055564227,0.0701654306902453,0.10022641509434,0.027027027027027,0.0425,0.0393700787401575,0.0270793036750484,0.0418876567020251,0.0385852090032154,0.0579896907216495,0.0640273864902051,0.0746581124430187,0.0537634408602151,0.0745773947630096,0.12769145716946,0.0867570086757009,0.0631368797571019,0.0795473183532885,0.089021164021164,0.0207900207900208,0.0997555169529692,0.0834368530020704,0.0681035831638241,0.0761926817971283,0.0804816223067174,0.0606715099155704,0.0596858638743456,0.0113314447592068,0.0427527018436109,0.0078125,0.0980629971818928,0.0374765771392879,0.106210050694291,0.0574387947269303,0.0711551386575495,0.0584917484854815,0.104759506421556,0.128179834394524,0.191849959499034
"Vim",0.819266286731875,0.0324224680112774,0.272253646918726,0.472483559359366,0.140893470790378,0.114684831322883,1.0219623502567,0.233660377358491,0.0810810810810811,0.61,0.0324803149606299,0.723404255319149,0.419569672131148,0.0691318327974277,0.185567010309278,1.39756273340759,0.252169508694918,0.0161290322580645,1.28681913600707,0.168805283985102,1.28522262852226,1.33627251174978,0.0523208135148434,0.0665343915343915,0.211018711018711,0.128128417937335,0.505659075224293,0.698404005632921,0.138721630384437,0.110899873257288,0.685254270567445,0.117277486910995,0.0424929178470255,0.0694532739987285,0.0546875,0.178254200406664,0.0793254216114928,0.53206964954816,0.33954802259887,0.0923701820519564,0.148109463129309,0.261898766053891,0.240038262637133,1.83190022223607
"Vpreb3",0.0687553534096501,0.0196269789633485,0.0563411729681453,0.0259274409238224,0.0397643593519882,0.0231666257887578,0.0250998288648032,0.0251572327044025,0.0245700245700246,0.0025,0.00885826771653543,0.00967117988394584,0.0247107039537126,0.0530546623794212,0.0657216494845361,0.0300563454104698,0.0397771399628567,0.00537634408602151,0.0232018561484919,0.0406191806331471,0.0416577041657704,0.0247057355571268,0.0644579301295719,0.046031746031746,0.025987525987526,0.0477063629929872,0.0278122843340235,0.0308637145986544,0.0750347383047707,0.032319391634981,0.0214019242096996,0.0256544502617801,0.0198300283286119,0.0157342657342657,0.0390625,0.0344593871508579,0.0293566520924422,0.039274300198369,0.0188323917137476,0.0291926010344525,0.0421976185502402,0.0345001259128683,0.03957791528413,0.0838681537790517
"Vsir",0.139070192475417,0.0208197787898504,0.0550759154510271,0.0607281079890501,0.0731467844869907,0.0312716002586457,0.0704506560182544,0.0872955974842767,0.0343980343980344,0.0075,0.031496062992126,0.00870406189555126,0.046950337512054,0.022508038585209,0.047680412371134,0.0637161763742383,0.0711463785243964,0.00537634408602151,0.111700364600597,0.116620111731844,0.0876174087617409,0.0546104895395749,0.0601935378054781,0.0826719576719577,0.0332640332640333,0.104355658495786,0.118978605935128,0.0630183069942106,0.0951829550717925,0.0887198986058302,0.121146671902611,0.0764397905759162,0.0821529745042493,0.0267005721551176,0.0546875,0.11407983448079,0.0687070580886946,0.0886599074278157,0.05969868173258,0.0552584670231729,0.0967202841027784,0.0989675144799799,0.0900367680028697,0.175327642428396
"Vtn",0.081306739633586,0.0195185426154847,0.0219559392676392,0.0318429250180926,0.0321551300932744,0.0227652790474704,0.0322304620650314,0.0362264150943396,0.0122850122850123,0.0075,0.0118110236220472,0.00483558994197292,0.0347155255544841,0.0144694533762058,0.0244845360824742,0.027452008124222,0.0364004727334121,0.00537634408602151,0.0240857363827201,0.0485189711359404,0.0425898042589804,0.0260366842740091,0.0311628669837625,0.0285714285714286,0.0135135135135135,0.046869973621566,0.0314009661835749,0.0287122516038179,0.0312644742936545,0.0253485424588086,0.0259179265658747,0.0267015706806283,0,0.0181182453909727,0.03125,0.0390254343095637,0.0299812617114304,0.0498402027771655,0.0212806026365348,0.0429560796002455,0.0572383538750783,0.0475950642155628,0.0627746390458255,0.101293953932748
"Vwa1",0.102285596757103,0.0286271958360442,0.0244864543018756,0.0859318460715522,0.0288414334806087,0.0256527458806216,0.0427837992013691,0.0471446540880503,0.0171990171990172,0.02,0.031496062992126,0.0193423597678917,0.040079556412729,0.0241157556270096,0.0309278350515464,0.0367719321234358,0.0414992402498734,0.0376344086021505,0.0363495746326373,0.0539309823091248,0.0498315049831505,0.0371417876304954,0.0339511235033623,0.0703703703703704,0.0187110187110187,0.0512127645885608,0.0401656314699793,0.0394304490690033,0.047244094488189,0.0367553865652725,0.0214019242096996,0.0345549738219895,0.0084985835694051,0.0254291163382072,0.0390625,0.048121856383548,0.051842598376015,0.0629132686797443,0.0380414312617702,0.0405891119488034,0.0637142260288281,0.0486023671619239,0.0729680447194571,0.126975720190251
"Vwf",0.045560933192051,0.0148015614834092,0.0194998511461745,0.0795443818633775,0.0433235149729995,0.0147717897834957,0.0185396463205933,0.0313459119496855,0.0245700245700246,0.0025,0.0118110236220472,0.00483558994197292,0.016604387656702,0.00482315112540193,0.00515463917525773,0.0219976413549106,0.0267769711294952,0,0.0208816705336427,0.0405173417132216,0.0264573026457303,0.0192987563947927,0.0464162702968673,0.0297619047619048,0.00831600831600832,0.0317506272920286,0.0265700483091787,0.0222187451103114,0.0266327003242242,0.0316856780735108,0.0202238366385235,0.037696335078534,0.0198300283286119,0.0235219326128417,0.015625,0.0358506046445261,0.0231105559025609,0.0347972228344721,0.0254237288135593,0.027819175360159,0.0346772508878212,0.0214051876101738,0.0414611544555047,0.0595260348516003
"Wif1",0.0711427463089135,0.0225005421817393,0.0395951175945222,0.0358390233158176,0.0503190967108493,0.0232446654328971,0.0345122646891044,0.0425660377358491,0.0147420147420147,0.0075,0.0354330708661417,0.0309477756286267,0.0529773384763742,0.0160771704180064,0.0360824742268041,0.0390159208543537,0.0298835049805842,0.00537634408602151,0.0254115567340625,0.0394844040968343,0.0467484046748405,0.0327330200058229,0.0611776283418074,0.0554232804232804,0.0249480249480249,0.0338737695425593,0.0330572808833678,0.0343842904083868,0.0298749421028254,0.0272496831432193,0.0426075004908698,0.0272251308900524,0.0056657223796034,0.0249523204068659,0.0390625,0.0410230799414975,0.0474703310430981,0.0515897068547498,0.0391713747645951,0.0415534321030946,0.0373929392103614,0.0566607907328129,0.0449287059456551,0.092934139198704
"Wnt10b",0.0523143652320614,0.0149642160052049,0.0282822268532301,0.0255498568326988,0.0310505645557192,0.018573435305135,0.0225328009127211,0.039748427672956,0.00491400491400491,0.0175,0.0108267716535433,0.0135396518375242,0.0201301832208293,0.0192926045016077,0.0128865979381443,0.0246019786411584,0.0258990376498396,0.00537634408602151,0.0194453651530218,0.0388006284916201,0.0266007026600703,0.0154306866863536,0.0180416598327046,0.0228835978835979,0.0187110187110187,0.0737631087949559,0.0245686680469289,0.0229815365357534,0.0486336266790181,0.0335868187579214,0.0147260946397016,0.0230366492146597,0.0198300283286119,0.0181182453909727,0.0703125,0.0373845111119038,0.0162398500936914,0.0324278157372713,0.012241054613936,0.018292861108676,0.0444955086693127,0.0667338201964241,0.0588885899620363,0.0681662408872827
"Wnt11",0.0633973876662649,0.0301995228800694,0.026793688597797,0.0318743903590195,0.047373588610702,0.0355749292068942,0.0236737022247576,0.0345660377358491,0.0171990171990172,0.005,0.015748031496063,0.0280464216634429,0.0433642719382835,0.0209003215434084,0.0180412371134021,0.0303675555264365,0.0315718385953064,0.021505376344086,0.0206607004750856,0.039600791433892,0.0404388040438804,0.0259950921266065,0.020501886173528,0.0240740740740741,0.0103950103950104,0.0298204979733642,0.028088336783989,0.0288100453763104,0.0356646595646132,0.0348542458808618,0.0292558413508737,0.0219895287958115,0.0084985835694051,0.0243165924984107,0.046875,0.0390254343095637,0.0256089943785134,0.0337227242671369,0.0297551789077213,0.0397416790859414,0.0246500940045958,0.0324855200201461,0.0474994768780079,0.0788626498016491
"Wnt3",0.0544986865433831,0.0268379960962915,0.0153319440309616,0.0252352034234291,0.03240058910162,0.0136011951214074,0.0136908157444381,0.0215849056603774,0.0122850122850123,0.0025,0.015748031496063,0.0125725338491296,0.0169358727097396,0.0144694533762058,0.0128865979381443,0.0204252112952893,0.0236704372784062,0.010752688172043,0.0161308142746658,0.0291841247672253,0.0268875026887503,0.0187580584785592,0.0296867311792685,0.0263227513227513,0.0124740124740125,0.0265714469536126,0.0220841959972395,0.0209669848224065,0.0173691523853636,0.0190114068441065,0.0159041822108777,0.0151832460732984,0.0084985835694051,0.0136681500317864,0.0234375,0.0271465772482431,0.0499687695190506,0.0317528102270223,0.0163841807909605,0.0405306683030887,0.042615416753708,0.0120876353563334,0.0327623830448689,0.0677820009554074
"Wnt5a",0.0487189567327344,0.0775319887226198,0.0226257814825841,0.0364053994525031,0.0389052528227786,0.0411603380231443,0.0216771249286937,0.024503144654088,0.0122850122850123,0.0325,0.0688976377952756,0.0203094777562863,0.0531882835101254,0.0192926045016077,0.0206185567010309,0.0241597326868899,0.0400810400135067,0.0376344086021505,0.0228704010606563,0.0367783985102421,0.0352764035276404,0.0238323004616728,0.0360833196654092,0.0224867724867725,0.0301455301455301,0.0263784340217461,0.0267770876466529,0.0691401971522453,0.0201482167670218,0.0240811153358682,0.024936186923228,0.025130890052356,0.0141643059490085,0.0157342657342657,0.03125,0.0329611529269076,0.0262336039975016,0.0397977738593784,0.0303201506591337,0.0550246924403144,0.0261123877167328,0.0148577184588265,0.0433145009416196,0.0622260992377511
"Wnt5b",0.11653445317768,0.0264042507048363,0.0405626674605537,0.0458764670715207,0.0575601374570447,0.0279604896430244,0.047062179121506,0.0468930817610063,0.0171990171990172,0.035,0.0295275590551181,0.0135396518375242,0.0369756509161041,0.0369774919614148,0.0463917525773196,0.0412271506256961,0.0434239405706568,0.0483870967741935,0.0408794608330571,0.0580336359404097,0.0770775077077508,0.0470823108597097,0.0477283910119731,0.0431216931216931,0.00831600831600832,0.0572605031203757,0.0409937888198758,0.0424620560162729,0.0595182955071792,0.0595690747782003,0.0314156685646966,0.0418848167539267,0.0934844192634561,0.0265416401780038,0.0390625,0.0585024792209182,0.0505933791380387,0.116720850782455,0.0429378531073446,0.0521609538002981,0.0555671610612074,0.0375220347519516,0.0815173527037934,0.150123579869982
"Wnt7a",0.091816996050518,0.0195727607894166,0.0302173265852932,0.0237877977407885,0.0355915562101129,0.0191643068964748,0.0416428978893326,0.0275723270440252,0.00737100737100737,0.0275,0.015748031496063,0.00967117988394584,0.0228121986499518,0.00643086816720257,0.0167525773195876,0.034167594837188,0.021002870167145,0.010752688172043,0.0195558501823003,0.0287185754189944,0.0706245070624507,0.0347710352285489,0.0145973429555519,0.044973544973545,0.027027027027027,0.0251881876085698,0.0240855762594893,0.0250938820215929,0.0222325150532654,0.017743979721166,0.0198311407814648,0.0277486910994764,0.028328611898017,0.0150985378258106,0.015625,0.0288231726893304,0.0231105559025609,0.0584361913158475,0.0269303201506591,0.033575874463049,0.0304992688531439,0.0438176781667086,0.043882461961558,0.116196232371695
"Wnt7b",0.127669545249817,0.101930166991976,0.0315570110151831,0.0295774204713508,0.0368188512518409,0.0236794577359584,0.0393610952652596,0.0301383647798742,0.0245700245700246,0.0525,0.00984251968503937,0.0299806576402321,0.0233847637415622,0.0144694533762058,0.00644329896907216,0.0683188101945882,0.0354212392368732,0.0376344086021505,0.0485029278532759,0.0377676908752328,0.125188212518821,0.0609324959447656,0.0149253731343284,0.0281746031746032,0.00935550935550936,0.0382165605095541,0.0311939268461008,0.0440854326396495,0.0277906438165818,0.0253485424588086,0.0294521892794031,0.0104712041884817,0.0113314447592068,0.0138270820089002,0,0.0329611529269076,0.028107432854466,0.0806424950407758,0.0295668549905838,0.0319394523830397,0.0304992688531439,0.0198942331906321,0.0493528233641228,0.201331339439633
"Wnt9a",0.0776852963152921,0.0430492301019302,0.0250074426912772,0.0393946068405651,0.0498281786941581,0.0323864523177774,0.0265259555048488,0.044125786163522,0.058968058968059,0.005,0.0118110236220472,0.0106382978723404,0.0530376084860174,0.022508038585209,0.0322164948453608,0.0416857760597523,0.0526422421070404,0.0591397849462366,0.0401060656281074,0.0489990689013035,0.0493296049329605,0.0358108389136131,0.0252583237657865,0.0357142857142857,0.0374220374220374,0.0432027279161037,0.0350586611456177,0.0417383820998279,0.0382121352477999,0.0297845373891001,0.0286667975652857,0.018848167539267,0.0113314447592068,0.0306738715829625,0.0390625,0.0476224449755645,0.0274828232354778,0.0664122768349129,0.031638418079096,0.0566318926974665,0.0398997284311677,0.0337446487030975,0.0750007473171315,0.101595114960434
"Xbp1",0.0885027635960333,0.112502710908697,0.0460702590056564,0.076995689248293,0.0416053019145803,0.0671252424803229,0.03593839132915,0.061685534591195,0.00737100737100737,0.0275,0.0561023622047244,0.0164410058027079,0.0737403567984571,0.0691318327974277,0.106958762886598,0.0514807049728101,0.0660138443356407,0.021505376344086,0.0947961551209811,0.0719419227188082,0.0841041084104108,0.0533627251174978,0.0283746104641627,0.0412698412698413,0.0197505197505198,0.0499581805314289,0.0859213250517598,0.0662455014864653,0.253126447429365,0.299746514575412,0.0812880424111526,0.0581151832460733,0.0084985835694051,0.636045772409409,0.0078125,0.0738415438946955,0.0374765771392879,0.0716470134450077,0.0435028248587571,0.0573624382688992,0.0620430332149572,0.0302190883908335,0.0512659552207575,0.14043450266891
"Xcl1",0.0658498676129455,0.025428323574062,0.0309615957130098,0.0297032818350587,0.0449189985272459,0.0309928872438627,0.0504848830576155,0.0331069182389937,0.00491400491400491,0.01,0.0255905511811024,0.034816247582205,0.0303158148505304,0.0192926045016077,0.0360824742268041,0.043946144270458,0.0415667735944623,0,0.0327035686664457,0.0419285381750466,0.0435219043521904,0.028074699496735,0.0455961948499262,0.0247354497354497,0.0509355509355509,0.0614424499774818,0.0300897170462388,0.0336019402284463,0.0386753126447429,0.0291508238276299,0.0261142744944041,0.0319371727748691,0.0368271954674221,0.0241576605212969,0.0234375,0.0408447187243606,0.00874453466583385,0.0387508265373595,0.0391713747645951,0.047719236725987,0.0269479841236683,0.101737597582473,0.0523420918901145,0.0855920410409787
"Xkr4",0.0373443443261017,0.0322598134894817,0.018085739803513,0.0254554608099179,0.0435689739813451,0.0243372204508462,0.0168282943525385,0.0295849056603774,0.0393120393120393,0.0075,0.0433070866141732,0.0135396518375242,0.0373975409836066,0.00643086816720257,0.0115979381443299,0.0267968289327131,0.0393719398953233,0.021505376344086,0.0178985747431223,0.0319192271880819,0.0314046031404603,0.0234579711350497,0.0347711989503034,0.0345238095238095,0.0343035343035343,0.028244225696455,0.0282263630089717,0.0262282897825067,0.0217693376563224,0.00887198986058302,0.0280777537796976,0.00994764397905759,0.0056657223796034,0.0249523204068659,0.046875,0.0342453536902936,0.0405996252342286,0.0397977738593784,0.0193973634651601,0.0556091288974606,0.0302903697514101,0.0249307479224377,0.0336591636026664,0.0492242507321328
"Ybx3",0.0330069434862185,0.159780958577315,0.0192021434950878,0.0258959755828954,0.0131320569464899,0.154106000133782,0.0270964061608671,0.0142893081761006,0.00491400491400491,0.06,0.0364173228346457,0.0793036750483559,0.0537608486017358,0.00803858520900321,0.0373711340206186,0.040113346000131,0.0233665372277562,0.010752688172043,0.0300519279637609,0.0130935754189944,0.0378576037857604,0.0351869567025746,0.0162374938494341,0.0116402116402116,0.0114345114345114,0.0173068262240237,0.0164251207729469,0.028184165232358,0.0178323297823066,0.00887198986058302,0.0302375809935205,0.0172774869109948,0.0084985835694051,0.0589637635092181,0.0078125,0.0163022152463168,0.0162398500936914,0.028667070751598,0.0129943502824859,0.0187604102743929,0.0108627532901609,0.0158650214051876,0.0222401578333782,0.0654454067750846
"Yes1",0.108533953309156,0.045922793320321,0.0270913962488836,0.0576130392372801,0.0447962690230731,0.0419072889027626,0.0296634341129492,0.0360251572327044,0.0221130221130221,0.02,0.0285433070866142,0.0444874274661509,0.0394165863066538,0.0257234726688103,0.0193298969072165,0.0481065321365393,0.0360965726827621,0,0.0311567782565462,0.0401681797020484,0.0843909084390908,0.0445035977207503,0.0367393800229621,0.0294973544973545,0.027027027027027,0.035031847133758,0.0286404416839199,0.0320176811140667,0.0326540064844836,0.0202788339670469,0.0327901040644021,0.0214659685863874,0.0113314447592068,0.0534011443102352,0.015625,0.0401669460992402,0.0399750156152405,0.073589376239806,0.0335216572504708,0.0269425206744397,0.0275746814288699,0.038781163434903,0.0355125100887813,0.144702681371633
"Zfp36",0.196380639467223,0.0922251138581653,0.0594671033045549,0.0819986784556811,0.105792832596956,0.0593770206693572,0.0858528237307473,0.104603773584906,0.0147420147420147,0.015,0.0137795275590551,0.034816247582205,0.061143924783028,0.0627009646302251,0.0914948453608247,0.0762137194522702,0.085598514266419,0.0161290322580645,0.0890509335984974,0.13537302141527,0.105972610597261,0.0808967266979994,0.123995407577497,0.055952380952381,0.0571725571725572,0.132985910055974,0.0743961352657005,0.0709200438116101,0.124826308476146,0.100760456273764,0.0628313371293933,0.113612565445026,0.0169971671388102,0.060553083280356,0.0234375,0.0937823279706061,0.0799500312304809,0.117230548820807,0.080225988700565,0.0656906577832325,0.0839774388970127,0.112817929992445,0.116790721310495,0.247969759278875
