sample_id	dataset	fov	n_cells	mecr	med_nCount	med_nFeature	mean_propNeg	med_area	mecr_flag
sam0001	Mutter_01	97	668	0.048	66	57.5	0.00295089272778233	6458.5	FALSE
sam0001	Mutter_01	98	1787	0.045	76	64	0.00225410560370573	5460	FALSE
sam0001	Mutter_01	99	2458	0.042	91	74	0.00176107085620577	5373	FALSE
sam0001	Mutter_01	100	1883	0.045	96	80	0.00146010115440383	5351	FALSE
sam0001	Mutter_01	101	857	0.033	69	59	0.00198555762386564	4419	FALSE
sam0001	Mutter_01	102	194	0.05	77.5	69	0.00368891685889176	9586	FALSE
sam0001	Mutter_01	103	1447	0.044	71	63	0.00265153897999195	6059	FALSE
sam0001	Mutter_01	104	2871	0.039	73	63	0.0018968466549269	5015	FALSE
sam0001	Mutter_01	105	2796	0.047	116	88	0.00137514821919294	5709.5	FALSE
sam0001	Mutter_01	106	2864	0.057	168	120	0.00122681866912551	5768	FALSE
sam0001	Mutter_01	107	2981	0.056	148	109	0.00110349805823376	5443	FALSE
sam0001	Mutter_01	108	2475	0.046	106	82	0.00127629248381578	5113	FALSE
sam0001	Mutter_01	109	696	0.041	74	64	0.00156352395646525	5483	FALSE
sam0001	Mutter_01	111	129		31	28	0.00388845018681179	7006	FALSE
sam0001	Mutter_01	112	91	0.036	40	34	0.00149422932233081	8533	FALSE
sam0001	Mutter_01	113	70	0.065	58	52	0.00404449367383196	11633	FALSE
sam0001	Mutter_01	114	515	0.059	95	81	0.00256770300062872	9811	FALSE
sam0001	Mutter_01	115	2218	0.037	55	50	0.00191990373376492	4804	FALSE
sam0001	Mutter_01	116	2865	0.042	100	81	0.00145794297299096	5456	FALSE
sam0001	Mutter_01	117	2961	0.051	141	103	0.00104275340964779	5521	FALSE
sam0001	Mutter_01	118	2772	0.051	166	116	0.000914113928022222	5924.5	FALSE
sam0001	Mutter_01	119	2833	0.054	160	114	0.00103137315795411	5744	FALSE
sam0001	Mutter_01	120	3053	0.049	132	97	0.000905404164455339	5307	FALSE
sam0001	Mutter_01	121	2287	0.057	146	108	0.00104598339491901	5332	FALSE
sam0001	Mutter_01	122	1100	0.041	80	66	0.00146473906570905	5361	FALSE
sam0001	Mutter_01	123	223	0.025	38	32	0.00381535147933755	6824	FALSE
sam0001	Mutter_01	124	225	0.045	50	40	0.00473725081334132	9216	FALSE
sam0001	Mutter_01	125	191	0.039	63	54	0.0039052824082372	7147	FALSE
sam0001	Mutter_01	126	85	0.041	47	44	0.00643468252542144	8823	FALSE
sam0001	Mutter_01	127	627	0.061	82	71	0.00344007593876055	9652	FALSE
sam0001	Mutter_01	128	2270	0.04	64	56.5	0.00193327189162745	5405.5	FALSE
sam0001	Mutter_01	129	2764	0.049	128	98	0.00129996920493683	5885	FALSE
sam0001	Mutter_01	130	3040	0.048	151	107	0.00114683604455335	5401.5	FALSE
sam0001	Mutter_01	131	2879	0.05	165	113	0.00103106298132103	5649	FALSE
sam0001	Mutter_01	132	2989	0.052	161	113	0.000953190839141861	5559	FALSE
sam0001	Mutter_01	133	3013	0.047	135	99	0.00106471772969003	5425	FALSE
sam0001	Mutter_01	134	3002	0.053	129	98	0.00117639170455851	5327.5	FALSE
sam0001	Mutter_01	135	2339	0.05	110	87	0.00148423870807188	5351	FALSE
sam0001	Mutter_01	136	230	0.028	37	28	0.00448454894558468	6967	FALSE
sam0001	Mutter_01	137	294	0.04	46	35	0.00431772589481523	8245.5	FALSE
sam0001	Mutter_01	138	511	0.043	68	58	0.00464842308704089	8792	FALSE
sam0001	Mutter_01	139	376	0.034	44	37.5	0.00473200499694078	9029.5	FALSE
sam0001	Mutter_01	140	532	0.038	61	51.5	0.00377320234899342	8532	FALSE
sam0001	Mutter_01	141	2296	0.039	64	56	0.00214717280161958	5474.5	FALSE
sam0001	Mutter_01	142	2863	0.049	120	93	0.00136509391883804	5630	FALSE
sam0001	Mutter_01	143	2983	0.049	163	114	0.00108056908397622	5520	FALSE
sam0001	Mutter_01	144	3039	0.046	161	113	0.0010071676334336	5354	FALSE
sam0001	Mutter_01	145	3166	0.049	151	109	0.000941845967911422	5322.5	FALSE
sam0001	Mutter_01	146	3026	0.044	120	90	0.000993485252733367	5418.5	FALSE
sam0001	Mutter_01	147	3120	0.044	127	95	0.001167109000397	5209	FALSE
sam0001	Mutter_01	148	2264	0.038	74	62	0.00181596083166234	5591	FALSE
sam0001	Mutter_01	149	136	0.024	45	30.5	0.00350346563665142	7036.5	FALSE
sam0001	Mutter_01	150	242	0.031	48	33.5	0.00320876430557798	7942.5	FALSE
sam0001	Mutter_01	151	252	0.026	46	34.5	0.00314043171533933	8402.5	FALSE
sam0001	Mutter_01	152	221	0.027	37	30	0.00353728251378909	8569	FALSE
sam0001	Mutter_01	153	278	0.038	56	43	0.00286727608663929	9217	FALSE
sam0001	Mutter_01	154	1524	0.039	60.5	53.5	0.0022608521743563	5823	FALSE
sam0001	Mutter_01	155	2938	0.045	118	93	0.00130074968999209	5502	FALSE
sam0001	Mutter_01	156	2993	0.043	121	93	0.0011742663353649	5407	FALSE
sam0001	Mutter_01	157	3098	0.049	146	106	0.000942197797310148	5265	FALSE
sam0001	Mutter_01	158	3135	0.043	122	93	0.000912214159417208	5193	FALSE
sam0001	Mutter_01	159	2979	0.039	100	79	0.00105571948345607	5413	FALSE
sam0001	Mutter_01	160	2885	0.036	90	72	0.00129913095352218	5156	FALSE
sam0001	Mutter_01	161	608	0.032	59.5	48	0.00238240418682356	5975.5	FALSE
sam0001	Mutter_01	162	62		39	32.5	0.00360020539131733	8481.5	FALSE
sam0001	Mutter_01	163	195	0.039	50	36	0.00276000503086739	8837	FALSE
sam0001	Mutter_01	164	317	0.031	49	39	0.00395529446819907	8928	FALSE
sam0001	Mutter_01	165	134	0.024	41.5	36.5	0.00388246585724812	9513.5	FALSE
sam0001	Mutter_01	166	252	0.034	54	43	0.0042053499706203	9143	FALSE
sam0001	Mutter_01	167	235	0.039	63	56	0.00414731060805367	9031	FALSE
sam0001	Mutter_01	168	1868	0.034	71	61	0.00192560959170852	5450	FALSE
sam0001	Mutter_01	169	2911	0.035	89	73	0.00122595525549659	5208	FALSE
sam0001	Mutter_01	170	3099	0.035	99	76	0.00105615501026134	5214	FALSE
sam0001	Mutter_01	171	2395	0.035	97	74	0.00109929743091957	5706	FALSE
sam0001	Mutter_01	172	1199	0.025	49	42	0.00128273151716041	5726	FALSE
sam0001	Mutter_01	173	225	0.027	51	41	0.00278356581720207	7385	FALSE
sam0002	Mutter_01	1	67	0.051	47	41	0.0054266932661728	8385	FALSE
sam0002	Mutter_01	2	253	0.036	55	48	0.00532293618915703	8451	FALSE
sam0002	Mutter_01	3	322	0.039	47	41.5	0.00434819522685684	8223.5	FALSE
sam0002	Mutter_01	4	364	0.047	60	48	0.00516218287364601	7362	FALSE
sam0002	Mutter_01	5	515	0.059	81	65	0.00361878774949771	8184	FALSE
sam0002	Mutter_01	6	506	0.073	110	92	0.00278445224442964	7742	TRUE
sam0002	Mutter_01	8	81		36	29	0.00361247102673772	6784	FALSE
sam0002	Mutter_01	9	160	0.019	36	30	0.00438217165745371	6834	FALSE
sam0002	Mutter_01	10	174	0.02	35.5	31	0.00514069503803451	7844.5	FALSE
sam0002	Mutter_01	11	405	0.032	48	41	0.00285303740587552	6699	FALSE
sam0002	Mutter_01	12	779	0.032	57	47	0.00222441906957853	5927	FALSE
sam0002	Mutter_01	13	407	0.026	41	36	0.00320350193236593	6924	FALSE
sam0002	Mutter_01	14	373	0.034	49	43	0.00424790018533084	7191	FALSE
sam0002	Mutter_01	15	123	0.032	47	36	0.00267198580155913	7243	FALSE
sam0002	Mutter_01	16	174	0.012	47	36	0.00234135145491711	6505.5	FALSE
sam0002	Mutter_01	17	239	0.02	38	32	0.00246857296546516	7111	FALSE
sam0002	Mutter_01	18	1558	0.043	84	68	0.00212904593380992	5468.5	FALSE
sam0002	Mutter_01	19	2689	0.054	106	82	0.00151854077626526	5527	FALSE
sam0002	Mutter_01	20	2699	0.052	96	77	0.00165234099560911	5666	FALSE
sam0002	Mutter_01	21	1378	0.047	73	61	0.00251566973773813	6101	FALSE
sam0002	Mutter_01	22	459	0.038	48	41	0.00388272862589802	6713	FALSE
sam0002	Mutter_01	23	61		41	32	0.00333693905394679	9235	FALSE
sam0002	Mutter_01	24	117	0.039	50	37	0.00390771261309812	7541	FALSE
sam0002	Mutter_01	25	177	0.019	40	32	0.00292446315938788	7005	FALSE
sam0002	Mutter_01	26	432	0.042	48	41.5	0.00329880910467272	6431	FALSE
sam0002	Mutter_01	27	2582	0.054	100	79	0.00175304006139085	5421.5	FALSE
sam0002	Mutter_01	28	2786	0.059	114	87	0.0017300171892441	5638	FALSE
sam0002	Mutter_01	29	2666	0.057	102	79	0.00145301394373112	5771.5	FALSE
sam0002	Mutter_01	30	2593	0.052	103	79	0.00162937849307609	5604	FALSE
sam0002	Mutter_01	31	391	0.024	41	35	0.00280743007888408	6716	FALSE
sam0002	Mutter_01	32	76		50	36	0.00453998156991874	7980.5	FALSE
sam0002	Mutter_01	33	137	0.022	45	34	0.00231224285717632	7030	FALSE
sam0002	Mutter_01	34	167	0.015	40	31	0.00187641461219778	6725	FALSE
sam0002	Mutter_01	35	290	0.026	41	35	0.00281616922899117	7420	FALSE
sam0002	Mutter_01	36	2143	0.053	102	79	0.00202962251419344	5760	FALSE
sam0002	Mutter_01	37	2689	0.055	110	85	0.00184217717088696	5839	FALSE
sam0002	Mutter_01	38	2665	0.059	115	87	0.00137643791306736	5863	FALSE
sam0002	Mutter_01	39	1702	0.054	111	84	0.00150602246417744	5983	FALSE
sam0002	Mutter_01	40	260	0.022	36	30	0.00341578031760756	7140.5	FALSE
sam0002	Mutter_01	41	157	0.036	53	42	0.00454524484503547	7156	FALSE
sam0002	Mutter_01	42	160	0.019	39	30	0.0027967172008255	6200.5	FALSE
sam0002	Mutter_01	43	178		36	28	0.00310162552857837	7152	FALSE
sam0002	Mutter_01	44	280	0.021	49	36	0.00359960050796263	8267	FALSE
sam0002	Mutter_01	45	319	0.017	41	32	0.00368838799212104	7508	FALSE
sam0002	Mutter_01	46	946	0.039	60	50	0.00269229473757989	6010	FALSE
sam0002	Mutter_01	47	782	0.038	66	53	0.00196579637889933	6310.5	FALSE
sam0002	Mutter_01	48	290	0.026	39	32	0.00279256283801951	7571.5	FALSE
sam0002	Mutter_01	49	114	0.025	36.5	30.5	0.00591704909862218	7365	FALSE
sam0002	Mutter_01	50	115	0.036	48	39	0.00187675975498691	7528	FALSE
sam0002	Mutter_01	51	185	0.026	38	29	0.00240292333966007	6806	FALSE
sam0002	Mutter_01	52	175	0.022	42	33	0.00252714362676134	6459	FALSE
sam0002	Mutter_01	53	293	0.018	45	31	0.00370388732064831	7325	FALSE
sam0002	Mutter_01	54	219	0.019	41	28	0.00544134770636407	8532	FALSE
sam0002	Mutter_01	55	257	0.012	42	30	0.00387866429301526	8380	FALSE
sam0002	Mutter_01	56	252	0.014	47	31	0.00297022388103984	8038.5	FALSE
sam0002	Mutter_01	57	277	0.02	53	37	0.00394465320970609	7283	FALSE
sam0002	Mutter_01	58	122	0.031	42.5	30.5	0.00345726828051456	7019	FALSE
sam0002	Mutter_01	59	203	0.016	36	27	0.00295186702105426	7272	FALSE
sam0002	Mutter_01	60	207	0.014	36	25	0.00372968434826236	7154	FALSE
sam0002	Mutter_01	61	252	0.006	43.5	28	0.00309908381036387	7531.5	FALSE
sam0002	Mutter_01	62	166	0.008	37	26	0.00389109749835983	9034	FALSE
sam0002	Mutter_01	63	170	0.014	37	26	0.00315165618024471	9522.5	FALSE
sam0002	Mutter_01	64	281	0.012	41	28	0.00259404372665345	8036	FALSE
sam0002	Mutter_01	65	137		53	37	0.00386501380963787	7685	FALSE
sam0002	Mutter_01	67	144	0.035	54	39.5	0.00336594331232398	7413	FALSE
sam0002	Mutter_01	68	175	0.018	49	33	0.00241001882580667	7186	FALSE
sam0002	Mutter_01	69	232	0.015	47.5	29	0.00309355569116641	6454.5	FALSE
sam0002	Mutter_01	70	117		35	26	0.003350443849456	7572	FALSE
sam0002	Mutter_01	71	179		40	30	0.00329908705275584	7429	FALSE
sam0002	Mutter_01	72	89		30	24	0.00256763578241827	6826	FALSE
sam0003	Mutter_01	154	567	0.036	64	56	0.00301200196689178	6294	FALSE
sam0003	Mutter_01	155	816	0.038	63	53	0.00265486597822118	5982	FALSE
sam0003	Mutter_01	156	2021	0.051	95	78	0.00142558199432995	5212	FALSE
sam0003	Mutter_01	157	2697	0.048	94	76	0.00136748227533808	5284	FALSE
sam0003	Mutter_01	158	2537	0.048	94	77	0.00147009203761965	5312	FALSE
sam0003	Mutter_01	159	1477	0.043	67	59	0.00191432534862973	5896	FALSE
sam0003	Mutter_01	160	648	0.028	53	47	0.00254998648361113	5841.5	FALSE
sam0003	Mutter_01	161	1224	0.029	52	46	0.00204623394115558	5382.5	FALSE
sam0003	Mutter_01	162	2164	0.045	71	60	0.00138007666928339	5506.5	FALSE
sam0003	Mutter_01	163	2191	0.051	89	75	0.00145004244537232	5856	FALSE
sam0003	Mutter_01	164	2706	0.054	93	79	0.00140851769952021	5707.5	FALSE
sam0003	Mutter_01	165	2773	0.05	85	72	0.00130376866097794	5413	FALSE
sam0003	Mutter_01	166	2735	0.052	122	96	0.00100334649641447	5987	FALSE
sam0003	Mutter_01	167	2805	0.043	102	81	0.000880340977334589	5681	FALSE
sam0003	Mutter_01	168	2735	0.041	98	79	0.00114506352734824	5695	FALSE
sam0003	Mutter_01	169	2630	0.04	92	75	0.00126453817285537	5719	FALSE
sam0003	Mutter_01	170	2239	0.035	61	55	0.00183806216081833	5525	FALSE
sam0003	Mutter_01	171	781	0.029	56	49	0.00196371435047172	5429	FALSE
sam0003	Mutter_01	172	2701	0.046	87	70	0.00115374811212506	5502	FALSE
sam0003	Mutter_01	173	2219	0.049	97	78	0.00145017498285734	6714	FALSE
sam0003	Mutter_01	174	2358	0.045	87	73	0.00120017566891813	6330	FALSE
sam0003	Mutter_01	175	2036	0.047	88	74	0.00159320423955779	7201.5	FALSE
sam0003	Mutter_01	176	2113	0.053	102	83	0.00129127524035709	7062	FALSE
sam0003	Mutter_01	177	2706	0.042	95	79	0.00120446047348408	5846	FALSE
sam0003	Mutter_01	178	2742	0.037	92	75	0.00114834074491294	5728.5	FALSE
sam0003	Mutter_01	179	2897	0.04	107	84	0.00098331991826024	5604	FALSE
sam0003	Mutter_01	180	2816	0.041	100	79	0.00110914873804313	5601	FALSE
sam0003	Mutter_01	181	2577	0.037	83	69	0.0012879050833417	5913	FALSE
sam0003	Mutter_01	182	2028	0.034	63	54	0.00198963435112297	5835	FALSE
sam0003	Mutter_01	183	474	0.027	49	42	0.0018157052178079	5784.5	FALSE
sam0003	Mutter_01	184	1266	0.035	69	59	0.0014601312926146	5040.5	FALSE
sam0003	Mutter_01	185	2718	0.041	91	73	0.00114718203798535	5734.5	FALSE
sam0003	Mutter_01	186	2484	0.036	76.5	66	0.00105597251755721	5991.5	FALSE
sam0003	Mutter_01	187	2379	0.035	74	63	0.00145427998384666	6012	FALSE
sam0003	Mutter_01	188	1492	0.036	60	52	0.00200797359243329	7765	FALSE
sam0003	Mutter_01	189	1725	0.032	57	50	0.00193837335254095	6997	FALSE
sam0003	Mutter_01	190	2492	0.042	92	76	0.00120121911182042	6226	FALSE
sam0003	Mutter_01	191	2512	0.035	85	69	0.0010972744541549	6060	FALSE
sam0003	Mutter_01	192	2892	0.035	94	74	0.000889887317727731	5498	FALSE
sam0003	Mutter_01	193	2722	0.04	97	76	0.000959151581391171	5766.5	FALSE
sam0003	Mutter_01	194	2621	0.033	77	63	0.00134174489187571	5775	FALSE
sam0003	Mutter_01	195	2430	0.036	76	63	0.00154259076148191	5992	FALSE
sam0003	Mutter_01	196	199	0.021	41	37	0.00235616380397401	6997	FALSE
sam0003	Mutter_01	197	2205	0.042	92	71	0.00106325676306035	5333	FALSE
sam0003	Mutter_01	198	2520	0.039	85	70	0.0012593750601236	5922	FALSE
sam0003	Mutter_01	199	2336	0.034	71	59	0.00164876179028369	6058.5	FALSE
sam0003	Mutter_01	200	2122	0.039	75	63	0.00160472658939712	6477	FALSE
sam0003	Mutter_01	201	1743	0.031	51	45	0.00223009431698092	6918	FALSE
sam0003	Mutter_01	202	1662	0.03	53	48	0.00215713317683795	6961.5	FALSE
sam0003	Mutter_01	203	2057	0.037	66	57	0.00132448325531633	6714	FALSE
sam0003	Mutter_01	204	2248	0.028	61	53	0.00138759906347849	5904	FALSE
sam0003	Mutter_01	205	2639	0.03	76	59	0.00125941573055033	5505	FALSE
sam0003	Mutter_01	206	2760	0.034	82	68	0.00103371991710706	5522	FALSE
sam0003	Mutter_01	207	2525	0.028	64	55	0.00113283765168566	5691	FALSE
sam0003	Mutter_01	208	2297	0.03	63	50	0.00145173828713143	5808	FALSE
sam0003	Mutter_01	209	2338	0.04	74	60	0.00122285728161938	5434	FALSE
sam0003	Mutter_01	210	2549	0.038	84	68	0.00112815461611475	5923	FALSE
sam0003	Mutter_01	211	2158	0.035	66	56	0.00167266159263229	6499.5	FALSE
sam0003	Mutter_01	212	2054	0.033	68	56	0.00140213273947189	6644.5	FALSE
sam0003	Mutter_01	213	2144	0.053	95	75	0.00110106385001522	6908	FALSE
sam0003	Mutter_01	214	2103	0.049	86	70	0.00121207948927498	6932	FALSE
sam0003	Mutter_01	215	2340	0.035	74	63	0.00120211292427873	6099.5	FALSE
sam0003	Mutter_01	216	2507	0.032	68	59	0.0011963407712009	5705	FALSE
sam0003	Mutter_01	217	2521	0.029	63	54	0.000972811799360562	5358	FALSE
sam0003	Mutter_01	218	2497	0.032	72	61	0.00109841871030938	5819	FALSE
sam0003	Mutter_01	219	2379	0.03	63	55	0.00120531695550738	5817	FALSE
sam0003	Mutter_01	220	1005	0.022	42	39	0.00156946870512747	5196	FALSE
sam0003	Mutter_01	221	1270	0.029	53	46	0.00157338013652063	5014.5	FALSE
sam0003	Mutter_01	222	1891	0.029	58	47	0.00148079928435033	5166	FALSE
sam0003	Mutter_01	223	2314	0.039	85	66	0.00125258138457587	6568.5	FALSE
sam0003	Mutter_01	224	2387	0.032	60	51	0.00148939190576289	6021	FALSE
sam0003	Mutter_01	225	1750	0.025	44	37	0.00163344471926284	4902	FALSE
sam0003	Mutter_01	226	1837	0.029	53	44	0.0017988738948196	5263	FALSE
sam0003	Mutter_01	227	2635	0.032	61	52	0.00116319573241432	5164	FALSE
sam0003	Mutter_01	228	2679	0.034	61	54	0.00131918564491394	5266	FALSE
sam0003	Mutter_01	229	2267	0.031	58	51	0.00118119831714903	5599	FALSE
sam0003	Mutter_01	230	1897	0.028	50	44	0.00146985937331981	5336	FALSE
sam0003	Mutter_01	231	840	0.024	44	39	0.00240715177203357	5389	FALSE
sam0003	Mutter_01	232	457	0.019	35	31	0.00170050493486832	5876	FALSE
sam0003	Mutter_01	233	808	0.02	37	33	0.00171862691537932	5146	FALSE
sam0004	Mutter_01	104	487	0.047	83	68	0.00271077527562953	6923	FALSE
sam0004	Mutter_01	105	822	0.043	69	57	0.00230712645527402	5509	FALSE
sam0004	Mutter_01	106	1109	0.048	74	62	0.00264981698564555	5924	FALSE
sam0004	Mutter_01	107	1156	0.035	64	54	0.00196758385058133	5209.5	FALSE
sam0004	Mutter_01	108	1370	0.035	57	50	0.00235993135222124	4752	FALSE
sam0004	Mutter_01	109	1457	0.037	68	57	0.00204255647749699	4951	FALSE
sam0004	Mutter_01	110	659	0.038	65	57	0.00207498332099247	5246	FALSE
sam0004	Mutter_01	111	1023	0.044	68	57	0.0024948086034895	5886	FALSE
sam0004	Mutter_01	112	2389	0.043	69	58	0.00172356617986521	5152	FALSE
sam0004	Mutter_01	113	2623	0.04	97	74	0.00137838379350101	5435	FALSE
sam0004	Mutter_01	114	2659	0.036	62	53	0.00199073406760883	5073	FALSE
sam0004	Mutter_01	115	3066	0.042	90	71	0.0014095362748536	4921	FALSE
sam0004	Mutter_01	116	2422	0.037	79	64	0.001874209665271	6079	FALSE
sam0004	Mutter_01	117	2342	0.033	69	58	0.00184254198091854	6121.5	FALSE
sam0004	Mutter_01	118	2679	0.032	59	51	0.00230607303085996	5059	FALSE
sam0004	Mutter_01	119	1056	0.033	53	47	0.00282686744589541	5678.5	FALSE
sam0004	Mutter_01	120	1782	0.034	63	53	0.00210431472602155	5311	FALSE
sam0004	Mutter_01	121	2351	0.027	50	41	0.00360693350484114	5811	FALSE
sam0004	Mutter_01	122	2393	0.027	56	47	0.00332816005677216	6037	FALSE
sam0004	Mutter_01	123	2027	0.027	54	45	0.00392291688294734	6524	FALSE
sam0004	Mutter_01	124	2652	0.034	70	55	0.00172592266815939	4996	FALSE
sam0004	Mutter_01	125	2159	0.046	97	75	0.00159346875542648	7017	FALSE
sam0004	Mutter_01	126	2125	0.033	67	56	0.00157195003894898	6590	FALSE
sam0004	Mutter_01	127	1954	0.033	63	54	0.00184635611968695	6902.5	FALSE
sam0004	Mutter_01	128	2193	0.037	64	54	0.00179685647950153	5788	FALSE
sam0004	Mutter_01	129	2291	0.035	67	54	0.0019333256197578	5620	FALSE
sam0004	Mutter_01	130	2196	0.021	42	36	0.00378654439172087	5770.5	FALSE
sam0004	Mutter_01	131	2390	0.03	51	45	0.00372600125489155	5511.5	FALSE
sam0004	Mutter_01	132	2076	0.034	61	53	0.00402606102564434	6560.5	FALSE
sam0004	Mutter_01	133	2102	0.039	73	57	0.00209802204204544	6408	FALSE
sam0004	Mutter_01	134	1639	0.029	49	41	0.00282295498309531	7331	FALSE
sam0004	Mutter_01	135	1894	0.024	57	46	0.00207462221393206	6752	FALSE
sam0004	Mutter_01	136	1873	0.025	57	48	0.00158148870479109	6866	FALSE
sam0004	Mutter_01	137	2471	0.031	72	58	0.00145328006896071	5670	FALSE
sam0004	Mutter_01	138	2056	0.035	76	58	0.00173470918265913	6365	FALSE
sam0004	Mutter_01	139	2247	0.024	47	39	0.00328267040633055	5923	FALSE
sam0004	Mutter_01	140	1785	0.03	45	40	0.00341895521531671	6513	FALSE
sam0004	Mutter_01	141	1778	0.025	43	38	0.00323105167794147	6487.5	FALSE
sam0004	Mutter_01	142	1461	0.032	54	44	0.00304464520015576	7792	FALSE
sam0004	Mutter_01	143	1407	0.034	54	45	0.00339696555779468	8141	FALSE
sam0004	Mutter_01	144	957	0.029	54	45	0.00359813478737795	8244	FALSE
sam0004	Mutter_01	145	1443	0.029	54	44	0.00236857383753887	7531	FALSE
sam0004	Mutter_01	146	1879	0.035	68	57	0.00187829514712523	6859	FALSE
sam0004	Mutter_01	147	358	0.03	57	47	0.00401376965949015	9246	FALSE
sam0004	Mutter_01	148	1285	0.037	93	67	0.00190807643284678	7592	FALSE
sam0004	Mutter_01	149	2315	0.037	100	73	0.00130708760202477	6426	FALSE
sam0004	Mutter_01	150	1704	0.034	76	61	0.00201996161120158	6663	FALSE
sam0004	Mutter_01	151	413	0.04	63	54	0.00338331329919809	8073	FALSE
sam0004	Mutter_01	152	339	0.031	48	41	0.00330669449956196	7757	FALSE
sam0004	Mutter_01	153	589	0.045	70	56	0.00303260781552402	8341	FALSE
sam0004	Mutter_01	154	1135	0.037	74	60	0.00330541364616227	8517	FALSE
sam0004	Mutter_01	155	435	0.029	50	42	0.00469533040633572	9690	FALSE
sam0004	Mutter_01	156	802	0.033	54	49	0.0040173926492873	9623.5	FALSE
sam0004	Mutter_01	157	200	0.026	43	36.5	0.00547705698489287	9360	FALSE
sam0004	Mutter_01	158	484	0.037	86	66.5	0.00281837771096845	7849	FALSE
sam0004	Mutter_01	159	908	0.039	86.5	67	0.00245893497848546	8090	FALSE
sam0004	Mutter_01	160	131	0.023	54	45	0.00403922880039651	10274	FALSE
sam0004	Mutter_01	161	1100	0.041	69	55	0.00222282691964446	7412.5	FALSE
sam0004	Mutter_01	162	767	0.039	69	56	0.00304052313040988	8166	FALSE
sam0004	Mutter_01	163	542	0.038	63	53	0.00492222857232411	9262	FALSE
sam0004	Mutter_01	164	487	0.031	54	50	0.00371600859400553	9744	FALSE
sam0004	Mutter_01	165	398	0.031	53	45	0.00345700113323207	8921.5	FALSE
sam0004	Mutter_01	166	809	0.035	58	48	0.0026016645023307	7836	FALSE
sam0004	Mutter_01	167	611	0.039	71	59	0.00330617431907302	8134	FALSE
sam0004	Mutter_01	168	75	0.032	49	41	0.00599049665199321	10850	FALSE
sam0004	Mutter_01	169	571	0.034	58	52	0.00350465160279221	7958	FALSE
sam0004	Mutter_01	170	727	0.037	75	54	0.00252995957981953	7833	FALSE
sam0004	Mutter_01	171	470	0.04	63	51	0.00301582409625358	7701.5	FALSE
sam0004	Mutter_01	172	315	0.032	53	38	0.00186701974353577	7466	FALSE
sam0004	Mutter_01	173	348	0.039	63	53	0.00394958243445234	8648.5	FALSE
sam0004	Mutter_01	174	651	0.035	57	48	0.00345279568470634	8465	FALSE
sam0004	Mutter_01	175	1659	0.028	59	49	0.00228956939768358	7184	FALSE
sam0004	Mutter_01	176	2836	0.026	77	62	0.00129435254193795	5237.5	FALSE
sam0004	Mutter_01	177	2575	0.032	76	61	0.00141865945530807	5727	FALSE
sam0004	Mutter_01	178	450	0.029	47.5	42	0.00307040650137176	6751	FALSE
sam0004	Mutter_01	179	275	0.043	57	49	0.00318092841984786	10232	FALSE
sam0004	Mutter_01	180	1017	0.032	53	45	0.0038150996169358	8038	FALSE
sam0004	Mutter_01	181	1992	0.032	77	61	0.00155568664333582	6955.5	FALSE
sam0004	Mutter_01	182	2731	0.035	121	83	0.000965317212090179	5755	FALSE
sam0004	Mutter_01	183	2915	0.03	88	68	0.00110007895725829	5336	FALSE
sam0004	Mutter_01	184	1115	0.027	51	45	0.00220433783957528	6148	FALSE
sam0004	Mutter_01	185	116	0.029	57	50	0.00567426939197248	11238	FALSE
sam0004	Mutter_01	186	902	0.03	50	44	0.00375179600412502	7670	FALSE
sam0004	Mutter_01	187	2444	0.03	69	56	0.00141527756502187	5863	FALSE
sam0004	Mutter_01	188	2603	0.029	83	63	0.00118635040407875	5765	FALSE
sam0004	Mutter_01	189	2523	0.029	79	61	0.00113310280884224	5672	FALSE
sam0004	Mutter_01	190	560	0.028	41.5	38	0.00350894385744674	7496	FALSE
sam0004	Mutter_01	191	425	0.029	48	43	0.00398514198803053	7686	FALSE
sam0004	Mutter_01	192	1521	0.019	43	37	0.0024141063628118	6884	FALSE
sam0004	Mutter_01	193	1475	0.021	45	39	0.00215057104130884	6396	FALSE
sam0004	Mutter_01	194	718	0.023	45	39	0.00330932766859941	7622	FALSE
sam0004	Mutter_01	195	547	0.033	66	54	0.00358041860884755	7867	FALSE
sam0005	Mutter_01	1	903	0.041	68	59	0.00293762467470206	7184	FALSE
sam0005	Mutter_01	2	543	0.034	55	47	0.0031740031490764	9860	FALSE
sam0005	Mutter_01	3	167	0.039	53	48	0.00519478859346939	11428	FALSE
sam0005	Mutter_01	4	489	0.025	37	33	0.00527413090392668	7778	FALSE
sam0005	Mutter_01	5	181	0.044	48	44	0.00436474407365106	11379	FALSE
sam0005	Mutter_01	6	490	0.034	47	41.5	0.00501858970087231	8362.5	FALSE
sam0005	Mutter_01	7	319	0.029	52	42	0.00462673903138949	9211	FALSE
sam0005	Mutter_01	8	1550	0.033	48	43	0.00402142267115176	6934	FALSE
sam0005	Mutter_01	9	948	0.033	46	42	0.00459322503485635	7897	FALSE
sam0005	Mutter_01	10	682	0.034	49.5	44	0.00322964001712444	6836	FALSE
sam0005	Mutter_01	11	1604	0.027	43	38.5	0.00280949984238881	5624	FALSE
sam0005	Mutter_01	12	1933	0.034	54	48	0.00259467438073745	5673	FALSE
sam0005	Mutter_01	13	1142	0.031	52	46.5	0.00325293037809139	5864.5	FALSE
sam0005	Mutter_01	14	334	0.029	53	48	0.00438478864769624	7532.5	FALSE
sam0005	Mutter_01	15	1405	0.027	41	37	0.00495666072123216	7879	FALSE
sam0005	Mutter_01	16	637	0.029	43	39	0.00517790495447284	8128	FALSE
sam0005	Mutter_01	17	677	0.033	50	42	0.00375073388310106	6649	FALSE
sam0005	Mutter_01	18	2166	0.031	52	45	0.00208637032962753	5371	FALSE
sam0005	Mutter_01	19	2071	0.034	57	49	0.00288810650397919	6199	FALSE
sam0005	Mutter_01	20	2189	0.035	64	56	0.00317258832029379	6232	FALSE
sam0005	Mutter_01	21	2204	0.032	50	44.5	0.00359837204229514	5800.5	FALSE
sam0005	Mutter_01	22	1457	0.03	48	44	0.00344139981823841	6535	FALSE
sam0005	Mutter_01	23	546	0.028	49	43	0.00465022990078583	7645	FALSE
sam0005	Mutter_01	24	174	0.044	71	61.5	0.00478343752335228	11262.5	FALSE
sam0005	Mutter_01	25	226	0.032	47.5	42.5	0.00733306096202659	9877	FALSE
sam0005	Mutter_01	26	1652	0.034	56	47	0.00300485689244175	5757.5	FALSE
sam0005	Mutter_01	27	2117	0.036	59	51	0.00290349386219075	6181	FALSE
sam0005	Mutter_01	28	2354	0.025	42	35	0.00491890588637702	5240	FALSE
sam0005	Mutter_01	29	2238	0.02	36	32	0.00560495544687287	5120	FALSE
sam0005	Mutter_01	30	2381	0.021	36	32	0.00545057721086878	5064	FALSE
sam0005	Mutter_01	31	1870	0.029	41	37	0.00508882658518219	5985	FALSE
sam0005	Mutter_01	32	1495	0.023	42	38	0.00316013851047855	6339	FALSE
sam0005	Mutter_01	33	489	0.029	44	40	0.00394979986924001	7081	FALSE
sam0005	Mutter_01	34	180	0.039	72	63.5	0.00438818327427854	9864.5	FALSE
sam0005	Mutter_01	36	1893	0.034	53	47	0.00266445713285367	5568	FALSE
sam0005	Mutter_01	37	1967	0.044	76	65	0.00307509726220767	6769	FALSE
sam0005	Mutter_01	38	2248	0.024	44	38	0.00491005444819102	5624.5	FALSE
sam0005	Mutter_01	39	2183	0.024	44	39	0.00516004158866824	5658	FALSE
sam0005	Mutter_01	40	2111	0.029	45	40	0.00419022697122483	5768	FALSE
sam0005	Mutter_01	41	1839	0.031	54	49	0.00324993318940467	6835	FALSE
sam0005	Mutter_01	42	1148	0.027	41	38	0.00336092524219585	6465.5	FALSE
sam0005	Mutter_01	43	1026	0.031	47	42	0.00228516027117605	5808	FALSE
sam0005	Mutter_01	44	2121	0.039	64	57	0.00319404740910281	6277	FALSE
sam0005	Mutter_01	45	1921	0.027	41	36	0.00350813974778311	6062	FALSE
sam0005	Mutter_01	46	2061	0.024	52	45	0.00312996718200253	6314	FALSE
sam0005	Mutter_01	47	1912	0.025	53	46	0.00267578587472721	6668.5	FALSE
sam0005	Mutter_01	48	1711	0.024	40	37	0.00265094038791873	5857	FALSE
sam0005	Mutter_01	49	369	0.032	46	41	0.00458691356281838	6938	FALSE
sam0005	Mutter_01	50	825	0.032	46	42	0.00353337318535173	5827	FALSE
sam0005	Mutter_01	51	1729	0.023	37	34	0.00297507216668203	5541	FALSE
sam0005	Mutter_01	52	1783	0.024	42	38	0.00307783698280681	5820	FALSE
sam0005	Mutter_01	53	1249	0.027	39	34	0.00317648820578219	5993	FALSE
sam0005	Mutter_01	54	381	0.02	37	34	0.00352199126676873	6416	FALSE
sam0005	Mutter_01	55	84	0.035	51.5	42.5	0.0034602369074914	10361.5	FALSE
sam0005	Mutter_01	56	161		46	39	0.00453754584842054	8692	FALSE
sam0005	Mutter_01	57	346	0.027	40	34	0.00319656163532818	8069	FALSE
sam0005	Mutter_01	58	96	0.021	48.5	37.5	0.0041963732698887	8923	FALSE
sam0005	Mutter_01	59	376	0.053	62.5	51	0.00564092156141491	9158.5	FALSE
sam0005	Mutter_01	60	443	0.046	59	51	0.00510901315852534	10495	FALSE
sam0005	Mutter_01	61	563	0.037	63	55	0.00379060901782181	7545	FALSE
sam0005	Mutter_01	62	337	0.039	54	46	0.0046353376199985	8418	FALSE
sam0005	Mutter_01	63	274	0.038	52.5	47	0.00266854656159514	8544	FALSE
sam0005	Mutter_01	64	212	0.049	52	46	0.00468637691275602	8228.5	FALSE
sam0005	Mutter_01	65	450	0.046	61	55	0.00344216711038842	8135	FALSE
sam0005	Mutter_01	66	613	0.042	57	48	0.00385368346416081	8320	FALSE
sam0005	Mutter_01	67	430	0.033	48.5	43	0.00577729866499011	10124.5	FALSE
sam0005	Mutter_01	68	371	0.037	57	52	0.00462380859927481	9945	FALSE
sam0005	Mutter_01	69	332	0.043	65	58	0.00333610006181962	10131	FALSE
sam0005	Mutter_01	70	471	0.048	60	53	0.00405959669454329	8106	FALSE
sam0005	Mutter_01	71	126	0.043	52.5	45.5	0.00503935784805315	10936	FALSE
sam0005	Mutter_01	72	653	0.037	54	49	0.00331131055398188	7408	FALSE
sam0005	Mutter_01	73	609	0.032	56	46	0.00341940273395191	8593	FALSE
sam0005	Mutter_01	74	543	0.038	45	40	0.00530684083053909	10007	FALSE
sam0005	Mutter_01	75	630	0.037	54.5	49	0.00352113278855466	8744	FALSE
sam0005	Mutter_01	76	1368	0.037	61.5	55	0.00238186123087659	5299.5	FALSE
sam0005	Mutter_01	77	1697	0.037	64	56	0.00173762827413975	4668	FALSE
sam0005	Mutter_01	78	2129	0.037	71	60	0.00232377234408626	4729	FALSE
sam0005	Mutter_01	79	381	0.039	60	52	0.00430553546498132	7737	FALSE
sam0005	Mutter_01	80	536	0.034	49	41	0.00479862108460885	8523.5	FALSE
sam0005	Mutter_01	81	464	0.029	45	39	0.00432068867577978	10777	FALSE
sam0005	Mutter_01	82	466	0.032	47	42	0.00425097558789627	10719.5	FALSE
sam0005	Mutter_01	83	2095	0.036	61	54	0.00219558955454866	4692	FALSE
sam0005	Mutter_01	84	1347	0.021	36	32	0.00149465195466404	4610	FALSE
sam0005	Mutter_01	85	1609	0.021	40	35	0.00134568063633363	4416	FALSE
sam0005	Mutter_01	86	1794	0.03	56	49	0.00168810067900797	4565.5	FALSE
sam0005	Mutter_01	87	519	0.038	60	52	0.00399848685590036	7292	FALSE
sam0005	Mutter_01	88	376	0.029	55	48	0.00451486743023462	9325	FALSE
sam0005	Mutter_01	89	710	0.037	57	49	0.00381587820144554	8501.5	FALSE
sam0005	Mutter_01	90	2159	0.037	59	52	0.00259866991597538	4944	FALSE
sam0005	Mutter_01	91	2423	0.018	41	35	0.00114659155120293	3543	FALSE
sam0005	Mutter_01	92	1995	0.016	37	32	0.00125294743595763	3972	FALSE
sam0005	Mutter_01	93	1412	0.012	32	27	0.00116584602109291	4348	FALSE
sam0005	Mutter_01	94	751	0.031	60	51	0.00253566900864679	5752	FALSE
sam0005	Mutter_01	95	128	0.036	54	45	0.00707561045254461	11304.5	FALSE
sam0005	Mutter_01	96	1650	0.028	52	45	0.00280029840321008	4834.5	FALSE
sam0005	Mutter_01	97	1591	0.021	43	37	0.00235049414673926	5359	FALSE
sam0005	Mutter_01	98	2393	0.02	42	36	0.00153058467460894	3989	FALSE
sam0005	Mutter_01	99	1690	0.018	42	34	0.00189477100853747	4924.5	FALSE
sam0005	Mutter_01	100	575	0.033	63	53	0.00252871255462157	5308	FALSE
sam0005	Mutter_01	101	303	0.029	46	38	0.0058075888443588	7040	FALSE
sam0005	Mutter_01	102	688	0.03	57	47	0.00296913404916061	5076	FALSE
sam0005	Mutter_01	103	291	0.025	61	47	0.00210694268007218	5624	FALSE
sam0006	Mutter_01	73	1947	0.044	90	76	0.00149838081178039	5908	FALSE
sam0006	Mutter_01	74	2023	0.044	94	78	0.0015176682312359	5831	FALSE
sam0006	Mutter_01	75	2188	0.042	86	73	0.00187857246904743	6052	FALSE
sam0006	Mutter_01	76	1555	0.038	68	59	0.00236471677683941	6416	FALSE
sam0006	Mutter_01	77	1539	0.038	77	64	0.00190560450985769	5719	FALSE
sam0006	Mutter_01	78	3080	0.049	105	87	0.00140513671611556	5261.5	FALSE
sam0006	Mutter_01	79	3042	0.051	118	95	0.00134548096550718	5345	FALSE
sam0006	Mutter_01	80	2780	0.047	103	85	0.00155104664828911	5710.5	FALSE
sam0006	Mutter_01	81	2711	0.046	95	79	0.00149029195701113	5721	FALSE
sam0006	Mutter_01	82	1148	0.038	57	51	0.00283878092623351	6552.5	FALSE
sam0006	Mutter_01	83	306	0.029	47	43	0.00472392491545131	7148	FALSE
sam0006	Mutter_01	84	1349	0.036	64	55	0.00192012600468827	5600	FALSE
sam0006	Mutter_01	85	2842	0.039	84	69	0.00138707231899142	5444	FALSE
sam0006	Mutter_01	86	2908	0.048	110	89	0.00147180915319909	5585	FALSE
sam0006	Mutter_01	87	2892	0.046	113	89	0.00186818410292983	5667	FALSE
sam0006	Mutter_01	88	2810	0.048	111	90	0.0017380731698011	5719	FALSE
sam0006	Mutter_01	89	2929	0.045	92	77	0.00154904130177207	5478	FALSE
sam0006	Mutter_01	90	2275	0.041	75	65	0.0015509041841933	5911	FALSE
sam0006	Mutter_01	91	1021	0.039	60	54	0.00265136118445009	6978	FALSE
sam0006	Mutter_01	92	645	0.036	59	53	0.00209096428552479	5189	FALSE
sam0006	Mutter_01	93	2790	0.035	76	62	0.00133837784023703	5389	FALSE
sam0006	Mutter_01	94	2967	0.04	92	74	0.00151802796040631	5335	FALSE
sam0006	Mutter_01	95	2820	0.045	108	87	0.00164436492204944	5508.5	FALSE
sam0006	Mutter_01	96	2786	0.045	100	80	0.00155074366544668	5788.5	FALSE
sam0006	Mutter_01	97	2749	0.042	100	81	0.00199994566271325	5799	FALSE
sam0006	Mutter_01	98	2674	0.043	91	76	0.00179211010568016	5853	FALSE
sam0006	Mutter_01	99	2695	0.039	78	66	0.0014865288507639	5662	FALSE
sam0006	Mutter_01	100	1762	0.035	57	48	0.00182070862201962	6563	FALSE
sam0006	Mutter_01	101	1468	0.041	60	53	0.00225299363484985	5355.5	FALSE
sam0006	Mutter_01	102	2807	0.044	93	74	0.00116453029341389	5620	FALSE
sam0006	Mutter_01	103	2807	0.05	113	89	0.00132387724618268	5737	FALSE
sam0006	Mutter_01	104	2473	0.049	112	87	0.0014666566091632	6324	FALSE
sam0006	Mutter_01	105	2649	0.047	104	82	0.00144239010814583	6036	FALSE
sam0006	Mutter_01	106	2664	0.04	86	70	0.00170381992967982	5706.5	FALSE
sam0006	Mutter_01	107	2723	0.041	86	72	0.00181960409713485	5707	FALSE
sam0006	Mutter_01	108	2626	0.044	88	74	0.00144630855208828	5839	FALSE
sam0006	Mutter_01	109	2018	0.031	51	45	0.00199018240826478	5912	FALSE
sam0006	Mutter_01	110	2051	0.036	56	51	0.00211074653572467	5092	FALSE
sam0006	Mutter_01	111	2627	0.045	94	76	0.00143151877299602	5938	FALSE
sam0006	Mutter_01	112	2761	0.045	104	85	0.00157898484636338	5737	FALSE
sam0006	Mutter_01	113	2436	0.054	117	90	0.00138626886813602	6450	FALSE
sam0006	Mutter_01	114	2607	0.051	118	94	0.001475735390248	6243	FALSE
sam0006	Mutter_01	115	2584	0.041	95	77	0.00156358797326408	6032	FALSE
sam0006	Mutter_01	116	2789	0.044	98	81	0.0015196658144725	5734	FALSE
sam0006	Mutter_01	117	2661	0.038	76	64	0.0014883267966959	5616	FALSE
sam0006	Mutter_01	118	1779	0.034	51	45	0.00217020052269452	6081	FALSE
sam0006	Mutter_01	119	194	0.051	84.5	73.5	0.00412474548326091	8730	FALSE
sam0006	Mutter_01	120	2179	0.041	60	53	0.00184018701040231	5067	FALSE
sam0006	Mutter_01	121	2386	0.04	81	68	0.00156077840442045	6033	FALSE
sam0006	Mutter_01	122	2682	0.049	110	86	0.00151576679289503	5980.5	FALSE
sam0006	Mutter_01	123	2462	0.044	95	74	0.00158229804912988	6239.5	FALSE
sam0006	Mutter_01	124	2735	0.05	119	94	0.00165735483925986	5974	FALSE
sam0006	Mutter_01	125	2594	0.047	111	88	0.00152501854738833	6186.5	FALSE
sam0006	Mutter_01	126	2606	0.045	94.5	78	0.00150543604570753	5905.5	FALSE
sam0006	Mutter_01	127	2342	0.034	73	61	0.00139059377042505	5974	FALSE
sam0006	Mutter_01	128	1331	0.031	48	43	0.0029541785359587	6208	FALSE
sam0006	Mutter_01	129	301	0.043	58	49	0.00383018877048883	8350	FALSE
sam0006	Mutter_01	130	1439	0.038	55	49	0.00167676938520675	5662	FALSE
sam0006	Mutter_01	131	2316	0.044	85	71	0.00166124114283747	6335	FALSE
sam0006	Mutter_01	132	2252	0.042	77	64	0.0020739854916628	6449	FALSE
sam0006	Mutter_01	133	2172	0.038	73	60	0.00180966006729525	6460.5	FALSE
sam0006	Mutter_01	134	2719	0.046	101	82	0.00157395418545954	5849	FALSE
sam0006	Mutter_01	135	2619	0.044	97	80	0.0015965965578376	5960	FALSE
sam0006	Mutter_01	136	2361	0.037	70	61	0.00148562213960194	6026	FALSE
sam0006	Mutter_01	137	2115	0.033	56	49	0.00177315397863002	5732	FALSE
sam0006	Mutter_01	138	637	0.038	61	55	0.00493120903737356	7734	FALSE
sam0006	Mutter_01	139	385	0.039	67	60	0.00472927775178807	8397	FALSE
sam0006	Mutter_01	140	596	0.027	46	40	0.00255649426592129	5955.5	FALSE
sam0006	Mutter_01	141	2106	0.04	72	62	0.00146197517384227	5983.5	FALSE
sam0006	Mutter_01	142	2256	0.041	67	56	0.00164267200993024	5925.5	FALSE
sam0006	Mutter_01	143	1977	0.034	52	44	0.00221956671471242	5443	FALSE
sam0006	Mutter_01	144	2668	0.042	78	65	0.001526364290833	5592.5	FALSE
sam0006	Mutter_01	145	2485	0.038	71	60	0.00168275038109611	5693	FALSE
sam0006	Mutter_01	146	2011	0.032	56	49	0.00233500619537296	5695	FALSE
sam0006	Mutter_01	147	1036	0.037	60	53.5	0.00368951826551516	7133	FALSE
sam0006	Mutter_01	148	117	0.035	55	51	0.00311081899779608	8980	FALSE
sam0006	Mutter_01	149	135	0.037	44	41	0.00468083942736618	8929	FALSE
sam0006	Mutter_01	150	152	0.041	58	52	0.00480334457876199	9440.5	FALSE
sam0006	Mutter_01	151	422	0.027	42.5	36.5	0.00219771264725283	6653.5	FALSE
sam0006	Mutter_01	152	916	0.035	53	47	0.00300905962842663	6086.5	FALSE
sam0006	Mutter_01	153	696	0.034	52	46	0.00348825973924912	6032	FALSE
sam0007	Mutter_01	174	122	0.048	64	56	0.00244077020377847	9336	FALSE
sam0007	Mutter_01	175	417	0.037	65	56	0.00300582566404445	9276	FALSE
sam0007	Mutter_01	176	546	0.042	60.5	52.5	0.00340266035024673	9188.5	FALSE
sam0007	Mutter_01	177	439	0.041	71	61	0.00302679330656678	9223	FALSE
sam0007	Mutter_01	178	287	0.048	68	58	0.00199250663139016	8143	FALSE
sam0007	Mutter_01	179	222	0.054	79.5	72	0.00387303428335456	9502	FALSE
sam0007	Mutter_01	180	473	0.041	67	60	0.00339439694751797	10675	FALSE
sam0007	Mutter_01	181	1137	0.034	57	49	0.00260509231078002	8709	FALSE
sam0007	Mutter_01	182	1066	0.045	73	61	0.00345003660161129	9403	FALSE
sam0007	Mutter_01	183	934	0.05	75	64	0.00227218572148201	9063	FALSE
sam0007	Mutter_01	184	396	0.051	90	78	0.00267004401086385	11694	FALSE
sam0007	Mutter_01	185	290	0.025	46	42	0.00414975526505356	7666.5	FALSE
sam0007	Mutter_01	186	648	0.037	67	58	0.0030967821719563	7509.5	FALSE
sam0007	Mutter_01	187	439	0.041	64	53	0.00316767799444784	8074	FALSE
sam0007	Mutter_01	188	591	0.027	53	45	0.0020608634091408	7206	FALSE
sam0007	Mutter_01	189	1100	0.041	58.5	51	0.00169744481652706	7542.5	FALSE
sam0007	Mutter_01	190	1445	0.035	58	52	0.00202713713632168	7273	FALSE
sam0007	Mutter_01	191	833	0.032	47	42	0.00400880346115313	9865	FALSE
sam0007	Mutter_01	192	1025	0.031	48	42	0.00301325715263336	9871	FALSE
sam0007	Mutter_01	193	942	0.033	52	45	0.00304533812144294	9372.5	FALSE
sam0007	Mutter_01	194	654	0.043	62	56	0.00285171191498699	9767.5	FALSE
sam0007	Mutter_01	195	321	0.039	69	60	0.00357877618791982	11671	FALSE
sam0007	Mutter_01	196	768	0.025	53	48	0.00242148734795711	6825	FALSE
sam0007	Mutter_01	197	2626	0.029	83	65	0.00128649639493935	5616.5	FALSE
sam0007	Mutter_01	198	2411	0.027	72	59	0.00142163091890385	5981	FALSE
sam0007	Mutter_01	199	1744	0.025	57	49	0.00262334071629509	7678	FALSE
sam0007	Mutter_01	200	2009	0.032	78	64	0.00170295305910493	7034	FALSE
sam0007	Mutter_01	201	1624	0.033	79	64	0.00172112909379888	8166.5	FALSE
sam0007	Mutter_01	202	1611	0.038	77	64	0.00162580094878746	7923	FALSE
sam0007	Mutter_01	203	1131	0.037	77	61	0.00160600363876466	9716	FALSE
sam0007	Mutter_01	204	970	0.028	42	37	0.00343103951760277	8886.5	FALSE
sam0007	Mutter_01	205	625	0.037	59	50	0.00464131994229462	9694	FALSE
sam0007	Mutter_01	206	571	0.038	66	59	0.00326631271854453	10093	FALSE
sam0007	Mutter_01	207	303	0.035	65	56	0.00208654042678128	11821	FALSE
sam0007	Mutter_01	208	1762	0.024	51	45	0.00232626494070339	6573	FALSE
sam0007	Mutter_01	209	2942	0.022	78	60	0.00111975854423031	5130	FALSE
sam0007	Mutter_01	210	2170	0.017	46.5	40	0.00227474744233688	5857.5	FALSE
sam0007	Mutter_01	211	2092	0.02	59	48	0.00221157109523594	6623	FALSE
sam0007	Mutter_01	212	2218	0.03	85	66.5	0.00161849071460029	6759.5	FALSE
sam0007	Mutter_01	213	1798	0.028	83	66	0.00142985770841415	7701	FALSE
sam0007	Mutter_01	214	1802	0.035	85	68	0.00141639895813296	7614	FALSE
sam0007	Mutter_01	215	1473	0.035	80	63	0.00134807350898598	8548	FALSE
sam0007	Mutter_01	216	989	0.03	46	40	0.00281677605954512	7963	FALSE
sam0007	Mutter_01	217	453	0.044	78	67	0.00401153972759384	11294	FALSE
sam0007	Mutter_01	218	684	0.037	66	57	0.0032301875619374	9899.5	FALSE
sam0007	Mutter_01	219	88		59.5	55.5	0.00240199501986714	14005	FALSE
sam0007	Mutter_01	220	1226	0.03	55	47	0.00243307400474401	7153	FALSE
sam0007	Mutter_01	221	2864	0.021	65	52	0.0010457720317393	5017.5	FALSE
sam0007	Mutter_01	222	2417	0.019	57	46	0.00144861302207439	5444	FALSE
sam0007	Mutter_01	223	2537	0.025	79	62	0.00163025656093633	5789	FALSE
sam0007	Mutter_01	224	2578	0.031	112	81	0.00112590485716259	6086	FALSE
sam0007	Mutter_01	225	2505	0.033	96	74	0.00119874163910529	6145	FALSE
sam0007	Mutter_01	226	2716	0.037	101	78	0.00116730575821266	5870	FALSE
sam0007	Mutter_01	227	1861	0.033	67	55	0.00207468675793467	7268	FALSE
sam0007	Mutter_01	228	877	0.032	51	42	0.00394354773983563	7961	FALSE
sam0007	Mutter_01	229	83	0.053	100	83	0.00377817258939572	12507	FALSE
sam0007	Mutter_01	230	182	0.034	63	54	0.00472795434843276	10207	FALSE
sam0007	Mutter_01	231	69		51	46	0.00135675298189256	11981	FALSE
sam0007	Mutter_01	232	575	0.034	65	58	0.00492050787932735	8612	FALSE
sam0007	Mutter_01	233	1241	0.029	77	63	0.00165199151471297	6701	FALSE
sam0007	Mutter_01	234	2057	0.038	112	82	0.00101106750938197	6083	FALSE
sam0007	Mutter_01	235	2255	0.032	102	79	0.00127687834987135	6450	FALSE
sam0007	Mutter_01	236	2593	0.026	74	59	0.00108941086125561	5662	FALSE
sam0007	Mutter_01	237	2343	0.028	63	52	0.00142037610806053	5872	FALSE
sam0007	Mutter_01	238	2158	0.027	62	52	0.00187135881243652	6150.5	FALSE
sam0007	Mutter_01	239	1197	0.032	56	50	0.00315444327760224	7424	FALSE
sam0007	Mutter_01	240	168	0.028	46.5	42	0.00685118108317447	9932	FALSE
sam0007	Mutter_01	241	409	0.038	69	61	0.00524993015447909	8802	FALSE
sam0007	Mutter_01	242	737	0.028	59	50	0.00337847086376518	7969	FALSE
sam0007	Mutter_01	243	842	0.022	46	40	0.00482472232023393	8539.5	FALSE
sam0007	Mutter_01	244	830	0.026	47.5	40.5	0.00501658048078929	7652.5	FALSE
sam0007	Mutter_01	245	230	0.036	51	44	0.00621245851382198	9121	FALSE
sam0008	Mutter_01	1	97	0.045	63	54	0.0045527087209742	11334	FALSE
sam0008	Mutter_01	2	415	0.04	58	51	0.00368518611649665	8134	FALSE
sam0008	Mutter_01	3	479	0.045	62	57	0.00401616088477231	8530	FALSE
sam0008	Mutter_01	4	465	0.045	61	55	0.00382997594207823	8530	FALSE
sam0008	Mutter_01	5	387	0.045	62	56	0.00325728450534626	7307	FALSE
sam0008	Mutter_01	6	1555	0.034	55	47	0.00303486829551126	5602	FALSE
sam0008	Mutter_01	7	1036	0.03	59	50	0.00378817221804994	6959.5	FALSE
sam0008	Mutter_01	8	548	0.03	57	51	0.00354715711257463	9197	FALSE
sam0008	Mutter_01	9	485	0.033	53	46	0.00400562513506735	9550	FALSE
sam0008	Mutter_01	10	519	0.041	54	48	0.0036142788843958	8479	FALSE
sam0008	Mutter_01	11	486	0.039	63	56	0.00293451492650728	8622	FALSE
sam0008	Mutter_01	12	112	0.039	65.5	56.5	0.00456889070840195	9371	FALSE
sam0008	Mutter_01	13	81	0.06	55	44	0.00467425637459601	9062	FALSE
sam0008	Mutter_01	14	256	0.046	64.5	55	0.0054264405089974	8863.5	FALSE
sam0008	Mutter_01	15	144	0.054	66	54.5	0.00527681236472226	9895	FALSE
sam0008	Mutter_01	18	1947	0.041	71	62	0.00270481459092686	5528	FALSE
sam0008	Mutter_01	19	2939	0.033	72	58	0.00230456412584424	4919	FALSE
sam0008	Mutter_01	20	2592	0.029	55	46	0.00221790320734913	4973.5	FALSE
sam0008	Mutter_01	21	1054	0.027	44	40	0.0032002145324231	7285.5	FALSE
sam0008	Mutter_01	22	1275	0.024	46	41	0.00276888939992139	6540	FALSE
sam0008	Mutter_01	23	997	0.028	51	46	0.00296662639741711	6874	FALSE
sam0008	Mutter_01	24	831	0.031	53	48	0.00284200285710725	7261	FALSE
sam0008	Mutter_01	25	511	0.044	58	50	0.00282662889803686	8388	FALSE
sam0008	Mutter_01	26	96	0.03	47	41.5	0.00335838476486425	10734	FALSE
sam0008	Mutter_01	27	1115	0.048	87	73	0.00346768333602412	6598	FALSE
sam0008	Mutter_01	28	2254	0.045	76.5	64.5	0.00234156912227954	5628.5	FALSE
sam0008	Mutter_01	29	1135	0.041	66	57	0.00302267124138305	6821	FALSE
sam0008	Mutter_01	30	449	0.049	77	63	0.00388499193962859	7766	FALSE
sam0008	Mutter_01	31	743	0.053	80	72	0.00324189211996557	8241	FALSE
sam0008	Mutter_01	32	2515	0.035	64	56	0.00228333536583512	5254	FALSE
sam0008	Mutter_01	33	2709	0.034	70	58	0.00194325799442586	5222	FALSE
sam0008	Mutter_01	34	2785	0.028	57	48	0.00193475564512313	4898	FALSE
sam0008	Mutter_01	35	1678	0.024	42	36	0.00323749053274153	6325.5	FALSE
sam0008	Mutter_01	36	2456	0.026	56	47	0.00229095361145883	5365.5	FALSE
sam0008	Mutter_01	37	2605	0.024	48	41	0.00230029098114971	4888	FALSE
sam0008	Mutter_01	38	2068	0.025	50	44	0.0026650747565167	5643.5	FALSE
sam0008	Mutter_01	39	479	0.033	53	45	0.00266060250674318	8908	FALSE
sam0008	Mutter_01	40	214	0.042	60.5	54	0.00341348535806962	9499	FALSE
sam0008	Mutter_01	41	1262	0.044	71	60	0.00370130840983969	5968.5	FALSE
sam0008	Mutter_01	42	2483	0.046	63	55	0.00211586299562777	5334	FALSE
sam0008	Mutter_01	43	2587	0.038	69	59	0.00226724579261494	5126	FALSE
sam0008	Mutter_01	44	2320	0.042	67	60	0.00235691608023257	5448.5	FALSE
sam0008	Mutter_01	45	1639	0.036	54	48	0.00303157898684192	6574	FALSE
sam0008	Mutter_01	46	2303	0.036	63	55	0.00259845971465144	5390	FALSE
sam0008	Mutter_01	47	2678	0.033	66	57	0.00212290362015154	5257.5	FALSE
sam0008	Mutter_01	48	2351	0.022	47	40	0.00256982728574748	5139	FALSE
sam0008	Mutter_01	49	1087	0.024	42	38	0.00334010178506937	7513	FALSE
sam0008	Mutter_01	50	2582	0.027	54	45	0.00217070527354059	5155	FALSE
sam0008	Mutter_01	51	2596	0.031	69	56	0.00209469168478996	5532	FALSE
sam0008	Mutter_01	52	2491	0.029	65	54	0.00219182875860156	5688	FALSE
sam0008	Mutter_01	53	979	0.027	48	42	0.00324085670341142	6825	FALSE
sam0008	Mutter_01	54	253	0.038	67	59	0.00425500374466758	10191	FALSE
sam0008	Mutter_01	55	502	0.039	58	48	0.00500514328001414	7752	FALSE
sam0008	Mutter_01	56	2330	0.036	60	50	0.00235738090973956	5335.5	FALSE
sam0008	Mutter_01	57	2390	0.039	77	64	0.0018088352117168	5534	FALSE
sam0008	Mutter_01	58	2583	0.042	83	69	0.00219686282168772	5404	FALSE
sam0008	Mutter_01	59	2171	0.03	50	45	0.00261357420678457	5568	FALSE
sam0008	Mutter_01	60	1823	0.028	44	40	0.00309213846389693	5784	FALSE
sam0008	Mutter_01	61	2033	0.028	50	45	0.00281052765731664	5470	FALSE
sam0008	Mutter_01	62	1554	0.031	53	45	0.00340464233640172	6766.5	FALSE
sam0008	Mutter_01	63	615	0.042	67	62	0.00275623041374808	8814	FALSE
sam0008	Mutter_01	64	2128	0.022	49	42	0.00245471710528446	5521.5	FALSE
sam0008	Mutter_01	65	2194	0.028	67	56	0.00173107986033764	6310	FALSE
sam0008	Mutter_01	66	2366	0.03	69	56	0.00202212504667956	5960	FALSE
sam0008	Mutter_01	67	960	0.03	49	43	0.00268868062863702	7083	FALSE
sam0008	Mutter_01	68	94	0.034	56	47.5	0.00590709642291004	9390.5	FALSE
sam0008	Mutter_01	69	1171	0.037	56	47	0.00356200535260082	6239	FALSE
sam0008	Mutter_01	70	2286	0.032	58	49	0.00238579021469727	5515.5	FALSE
sam0008	Mutter_01	71	2299	0.036	69	56	0.00241407353280276	5633	FALSE
sam0008	Mutter_01	72	2244	0.025	44	40	0.00249160036083362	5282.5	FALSE
sam0008	Mutter_01	73	1604	0.028	46	42	0.00425443646845925	6382	FALSE
sam0008	Mutter_01	74	682	0.037	55.5	49	0.00385521691410932	8585	FALSE
sam0008	Mutter_01	75	807	0.044	55	51	0.00399400656060883	8231	FALSE
sam0008	Mutter_01	76	196	0.03	46	42	0.00333294168338986	8408.5	FALSE
sam0008	Mutter_01	77	503	0.022	42	37	0.00257919484810856	6482	FALSE
sam0008	Mutter_01	78	1463	0.023	44	40	0.00276464490816697	6430	FALSE
sam0008	Mutter_01	79	1563	0.024	51	45	0.00276845274280574	6502	FALSE
sam0008	Mutter_01	80	286	0.031	58	50	0.00285919571740641	7922	FALSE
sam0008	Mutter_01	81	160	0.043	47.5	39.5	0.00361419591133134	9903.5	FALSE
sam0008	Mutter_01	82	1152	0.026	47	41	0.00362390284005615	6071	FALSE
sam0008	Mutter_01	83	1968	0.028	47	40	0.00260190625703727	5484.5	FALSE
sam0008	Mutter_01	84	1584	0.029	47	43	0.00322486316209356	6052.5	FALSE
sam0008	Mutter_01	85	882	0.03	52	44.5	0.00492737913164797	7444.5	FALSE
sam0008	Mutter_01	86	311	0.046	70	61	0.00397998126845634	9511	FALSE
sam0008	Mutter_01	87	442	0.033	51.5	46	0.00389926430178278	8328	FALSE
sam0008	Mutter_01	88	174	0.033	52.5	48	0.0042710211918764	8231	FALSE
sam0008	Mutter_01	89	117	0.039	53	44	0.00434767648929016	9160	FALSE
sam0008	Mutter_01	90	72	0.047	53.5	48	0.00325399802347205	9607.5	FALSE
sam0008	Mutter_01	91	256	0.03	39.5	34	0.00371007826495205	8065	FALSE
sam0008	Mutter_01	92	416	0.02	41	35	0.00347440820314043	6404.5	FALSE
sam0008	Mutter_01	94	125	0.049	61	53	0.00493280700529556	10780	FALSE
sam0008	Mutter_01	95	457	0.039	58	49	0.00383363957041196	8811	FALSE
sam0008	Mutter_01	96	116	0.026	41	34.5	0.00512728577621186	9301.5	FALSE
sam0009	Mutter_01	213	208		52	32	0.00164118794190728	6176.5	FALSE
sam0009	Mutter_01	214	632	0.021	67	43	0.00276300986281068	5954	FALSE
sam0009	Mutter_01	215	820	0.02	85	51	0.00244161775306262	6206.5	FALSE
sam0009	Mutter_01	216	809	0.021	79	49	0.00277989364352727	5681	FALSE
sam0009	Mutter_01	217	956	0.021	87	53	0.00231194375462343	6051	FALSE
sam0009	Mutter_01	218	766	0.017	74	44	0.00234229063607948	6052.5	FALSE
sam0009	Mutter_01	219	521	0.018	73	40	0.00225890966407087	6494	FALSE
sam0009	Mutter_01	220	94		66	27	0.00271209447345802	7786	FALSE
sam0009	Mutter_01	221	558	0.015	54.5	35	0.00260777846011977	6061.5	FALSE
sam0009	Mutter_01	222	89		66	30	0.00213241511625657	6751	FALSE
sam0009	Mutter_01	223	168	0.012	41	28	0.00331985753386161	5587.5	FALSE
sam0009	Mutter_01	224	715	0.017	52	36	0.00314891070018485	5917	FALSE
sam0009	Mutter_01	225	1000	0.024	59	43	0.00393783206326939	5835.5	FALSE
sam0009	Mutter_01	226	566	0.024	50	39	0.00519271891223602	6572.5	FALSE
sam0009	Mutter_01	227	698	0.02	48	38	0.00428556072951287	6649	FALSE
sam0009	Mutter_01	228	728	0.027	53	41	0.0047194985040891	7243	FALSE
sam0009	Mutter_01	229	696	0.026	53	42	0.00455433302201954	7029	FALSE
sam0009	Mutter_01	230	750	0.019	53	38	0.00392680614606341	6392	FALSE
sam0009	Mutter_01	231	1375	0.015	52	34	0.0027964222746312	5510	FALSE
sam0009	Mutter_01	232	1299	0.016	57	39	0.00204746487837229	5510	FALSE
sam0009	Mutter_01	233	665	0.019	58	40	0.00313259108885466	6353	FALSE
sam0009	Mutter_01	234	1030	0.019	60.5	39	0.00217112925188966	5616.5	FALSE
sam0009	Mutter_01	235	620	0.015	78	45	0.00157298405942878	6319.5	FALSE
sam0009	Mutter_01	237	787	0.019	57	38	0.00357959644840816	5711	FALSE
sam0009	Mutter_01	238	613	0.025	46	39	0.0060711332761653	6157	FALSE
sam0009	Mutter_01	239	549	0.028	45	38	0.00557967724691966	6681	FALSE
sam0009	Mutter_01	240	590	0.024	45	39	0.00651625943610818	7598.5	FALSE
sam0009	Mutter_01	241	641	0.02	44	35	0.00601455496173741	7095	FALSE
sam0009	Mutter_01	242	662	0.018	45.5	37	0.00477714191565006	7215.5	FALSE
sam0009	Mutter_01	243	712	0.022	43.5	37	0.00526604711217086	7161	FALSE
sam0009	Mutter_01	244	612	0.016	43	34	0.00434094935484702	7093	FALSE
sam0009	Mutter_01	245	800	0.017	53	39	0.00394503922417742	7809.5	FALSE
sam0009	Mutter_01	246	717	0.019	54	37	0.00374464127397842	6399	FALSE
sam0009	Mutter_01	247	664	0.015	46	35	0.00356581861538141	6069.5	FALSE
sam0009	Mutter_01	248	756	0.016	61	39	0.00305169556747144	6272	FALSE
sam0009	Mutter_01	249	650	0.018	79	45	0.00250509699699208	6306	FALSE
sam0009	Mutter_01	250	286	0.014	69	39.5	0.00165206282487906	6388.5	FALSE
sam0009	Mutter_01	251	526	0.016	47.5	32	0.00423206415668302	5935.5	FALSE
sam0009	Mutter_01	252	793	0.027	45	37	0.00546194130510245	6306	FALSE
sam0009	Mutter_01	253	463	0.017	43	36	0.0063162909764177	6506	FALSE
sam0009	Mutter_01	254	495	0.02	41	35	0.00633830432000321	7328	FALSE
sam0009	Mutter_01	255	528	0.022	47	38	0.00572043930184016	7847	FALSE
sam0009	Mutter_01	256	481	0.025	48	38	0.00445310249622428	7786	FALSE
sam0009	Mutter_01	257	561	0.018	49	40	0.00478333062755154	7876	FALSE
sam0009	Mutter_01	258	602	0.018	56	41	0.00450736401714036	7350.5	FALSE
sam0009	Mutter_01	259	687	0.016	54	37	0.00359153982169607	7166	FALSE
sam0009	Mutter_01	260	617	0.017	52	37	0.00326423539625844	6961	FALSE
sam0009	Mutter_01	261	767	0.013	50	37	0.00373727994164353	6191	FALSE
sam0009	Mutter_01	262	759	0.013	43	33	0.00345968945791032	6522	FALSE
sam0009	Mutter_01	263	662	0.018	57	37	0.00335605052465076	6702	FALSE
sam0009	Mutter_01	264	699	0.019	71	43	0.00167607093313038	6004	FALSE
sam0009	Mutter_01	266	148		45.5	32.5	0.00367858937957911	6931.5	FALSE
sam0009	Mutter_01	267	337	0.02	43	33	0.00387125736067654	6570	FALSE
sam0009	Mutter_01	268	394	0.011	45	35	0.00519140475079818	7189	FALSE
sam0009	Mutter_01	269	376	0.016	53	37	0.00367131981260082	7017.5	FALSE
sam0009	Mutter_01	270	548	0.018	52	38	0.00331241366662123	6616	FALSE
sam0009	Mutter_01	271	433	0.017	49	34	0.00358959514581339	6456	FALSE
sam0009	Mutter_01	272	568	0.016	53	36	0.00262402406640874	7008	FALSE
sam0009	Mutter_01	273	626	0.015	63	40.5	0.00334410069203042	7162	FALSE
sam0009	Mutter_01	274	600	0.012	62	40	0.00331983588270535	7087	FALSE
sam0009	Mutter_01	275	543	0.014	62	40	0.00538596276056395	7345	FALSE
sam0009	Mutter_01	276	610	0.016	43	33	0.00360841434562884	6210	FALSE
sam0009	Mutter_01	277	721	0.012	46	33	0.00380392881872888	6225	FALSE
sam0009	Mutter_01	278	548	0.019	61.5	40.5	0.00244646025445534	6639.5	FALSE
sam0009	Mutter_01	279	662	0.015	58	35	0.00170769096853658	5461.5	FALSE
sam0009	Mutter_01	280	235	0.013	65	36	0.00228013428793799	6583	FALSE
sam0009	Mutter_01	281	465	0.015	56	36	0.00329220854176647	6007	FALSE
sam0009	Mutter_01	282	603	0.019	83	46	0.00310109474526175	8162	FALSE
sam0009	Mutter_01	283	535	0.015	70	42	0.0029856758842347	7841	FALSE
sam0009	Mutter_01	284	659	0.015	46	34	0.00317107557398144	6641	FALSE
sam0009	Mutter_01	285	805	0.014	56	37	0.00366391839570998	5812	FALSE
sam0009	Mutter_01	286	930	0.016	53	37	0.00290337344440725	6195.5	FALSE
sam0009	Mutter_01	287	950	0.015	57	38	0.00292273417894723	6165.5	FALSE
sam0009	Mutter_01	288	210		47	29.5	0.00242229992056047	5894.5	FALSE
sam0009	Mutter_01	289	367	0.018	78	44	0.001937831481005	7187	FALSE
sam0009	Mutter_01	290	653	0.024	76	51	0.00308350955227008	7263	FALSE
sam0009	Mutter_01	291	574	0.015	67	43	0.00377570519220468	7335	FALSE
sam0009	Mutter_01	292	562	0.017	63	41	0.00341413960814489	7735	FALSE
sam0009	Mutter_01	293	899	0.015	57	39	0.00299027543645378	5950	FALSE
sam0009	Mutter_01	294	1227	0.014	53	37	0.00303730788009729	6184	FALSE
sam0009	Mutter_01	295	1224	0.016	53	38.5	0.00305645149280622	6628	FALSE
sam0009	Mutter_01	296	627	0.015	71	46	0.00249285145466194	5651	FALSE
sam0009	Mutter_01	298	850	0.023	43	36	0.00386854213243567	6069.5	FALSE
sam0009	Mutter_01	299	773	0.022	49	39	0.00336964775553722	7336	FALSE
sam0009	Mutter_01	300	596	0.014	53	35	0.00359723476190498	7662	FALSE
sam0009	Mutter_01	301	588	0.018	58	40	0.00407483386657516	7452	FALSE
sam0009	Mutter_01	302	934	0.013	50	35	0.00347113243358993	6026	FALSE
sam0009	Mutter_01	303	1142	0.014	45	33	0.00273835018609784	6980	FALSE
sam0009	Mutter_01	304	634	0.019	50	37	0.0035414923074829	6671.5	FALSE
sam0009	Mutter_01	305	183	0.03	112	59	0.0023140396561389	7443	FALSE
sam0009	Mutter_01	306	595	0.026	61	48	0.00449775011891942	6854	FALSE
sam0009	Mutter_01	307	132	0.041	59.5	49	0.00596738553959542	7402.5	FALSE
sam0009	Mutter_01	308	702	0.026	54	43	0.00326162174273304	6416	FALSE
sam0009	Mutter_01	309	510	0.013	38	31	0.00451205171218382	7746.5	FALSE
sam0009	Mutter_01	310	649	0.016	49	37	0.00373015314520896	7747	FALSE
sam0009	Mutter_01	311	485	0.019	39	32	0.00400460867284794	6520	FALSE
sam0009	Mutter_01	312	55		37	31	0.00581516014253403	10409	FALSE
sam0009	Mutter_01	313	373	0.032	76	58	0.00276828106433439	6305	FALSE
sam0009	Mutter_01	314	371	0.028	58	43	0.00483501000982444	7388	FALSE
sam0009	Mutter_01	315	442	0.017	40	33	0.00403718930868776	8238	FALSE
sam0010	Mutter_01	1	934	0.037	59	48	0.00581657393056906	6660.5	FALSE
sam0010	Mutter_01	2	773	0.031	47	41	0.00656019065108682	6972	FALSE
sam0010	Mutter_01	3	692	0.02	40	34	0.00506685238397211	7384.5	FALSE
sam0010	Mutter_01	4	391	0.011	41	31	0.00337820986867436	6295	FALSE
sam0010	Mutter_01	5	144	0.014	44	31	0.00430616806075864	7694	FALSE
sam0010	Mutter_01	6	78		43	36.5	0.00429588791398386	8610.5	FALSE
sam0010	Mutter_01	7	231	0.013	39	32	0.0057847860765561	6413	FALSE
sam0010	Mutter_01	8	310	0.014	37.5	30.5	0.00440907556014533	6305.5	FALSE
sam0010	Mutter_01	9	85		41	34	0.00199820596684198	7278	FALSE
sam0010	Mutter_01	10	878	0.02	51	38	0.00463461840455729	6369.5	FALSE
sam0010	Mutter_01	11	578	0.028	47	41	0.00624105874102495	8179	FALSE
sam0010	Mutter_01	12	560	0.024	42	35	0.00690403245708369	7999	FALSE
sam0010	Mutter_01	13	512	0.02	38	32	0.00576505335503863	8372	FALSE
sam0010	Mutter_01	14	494	0.015	38	31	0.00454914301634361	6969.5	FALSE
sam0010	Mutter_01	15	416	0.013	39	27	0.00303598308925272	6086	FALSE
sam0010	Mutter_01	16	204	0.013	37.5	22	0.00404871802605244	6013.5	FALSE
sam0010	Mutter_01	17	727	0.024	51	37	0.00420781499087727	6184	FALSE
sam0010	Mutter_01	18	250	0.014	40	30	0.00573318124733553	6455	FALSE
sam0010	Mutter_01	19	394	0.021	37	29	0.0044826131567307	6759.5	FALSE
sam0010	Mutter_01	20	556	0.014	39	31	0.00290787951228518	7484	FALSE
sam0010	Mutter_01	21	505	0.011	35	27	0.00412945104666884	7856	FALSE
sam0010	Mutter_01	22	310	0.012	31	26	0.0045661966162415	6178.5	FALSE
sam0010	Mutter_01	24	536	0.024	68.5	41	0.00366858357439927	7024.5	FALSE
sam0010	Mutter_01	25	829	0.025	49	42	0.00657405016404488	7048	FALSE
sam0010	Mutter_01	26	634	0.029	45	40	0.00664517442076406	7495	FALSE
sam0010	Mutter_01	27	631	0.029	46	38	0.00576982149235358	7962	FALSE
sam0010	Mutter_01	28	539	0.014	36	30	0.0035352584444595	7656	FALSE
sam0010	Mutter_01	29	466	0.011	36	28	0.00387865267147048	6571	FALSE
sam0010	Mutter_01	30	405	0.013	39	30	0.0031784645522532	6612	FALSE
sam0010	Mutter_01	31	446	0.023	53.5	34	0.00287339041862221	6201	FALSE
sam0010	Mutter_01	32	631	0.017	42	31	0.00355221822378993	6067	FALSE
sam0010	Mutter_01	33	777	0.023	36	31	0.00474957748680479	6835	FALSE
sam0010	Mutter_01	34	75		35	29	0.00561272688215406	9624	FALSE
sam0010	Mutter_01	35	352	0.011	32	28	0.0036647709890215	6885.5	FALSE
sam0010	Mutter_01	36	532	0.011	35	28	0.00361517438049942	7737.5	FALSE
sam0010	Mutter_01	37	430	0.007	30	25	0.00376387880186583	7592.5	FALSE
sam0010	Mutter_01	38	628	0.01	35	28	0.00385267294645781	7058	FALSE
sam0010	Mutter_01	39	315	0.023	36	29	0.00363086818461577	7615	FALSE
sam0010	Mutter_01	41	789	0.017	45	33	0.00408871804694001	6701	FALSE
sam0010	Mutter_01	42	721	0.025	53	42	0.0055338404813025	6927	FALSE
sam0010	Mutter_01	43	687	0.022	47	37	0.00592694135613592	7443	FALSE
sam0010	Mutter_01	44	630	0.02	41	34	0.00494896096190798	6789.5	FALSE
sam0010	Mutter_01	45	696	0.018	43	34	0.00390064079385128	6707	FALSE
sam0010	Mutter_01	46	616	0.014	43	33	0.00460176439322349	6502	FALSE
sam0010	Mutter_01	47	489	0.013	43	30	0.00339459078750979	8228	FALSE
sam0010	Mutter_01	48	434	0.015	34	28.5	0.00513439067978121	8497	FALSE
sam0010	Mutter_01	49	520	0.016	37	29.5	0.00281735692212794	8689.5	FALSE
sam0010	Mutter_01	50	363	0.017	39	31	0.00415147964403123	7953	FALSE
sam0010	Mutter_01	51	370	0.013	35	28	0.00387770195142504	7347.5	FALSE
sam0010	Mutter_01	52	411	0.009	32	27	0.00336611796684414	7649	FALSE
sam0010	Mutter_01	53	572	0.01	38	29	0.00331555833679301	7301	FALSE
sam0010	Mutter_01	54	1099	0.012	43	32	0.00290340374785369	7132	FALSE
sam0010	Mutter_01	55	552	0.012	33	27	0.00459046086508567	8333	FALSE
sam0010	Mutter_01	56	188	0.011	41	25.5	0.00387340504911628	6388.5	FALSE
sam0010	Mutter_01	57	54		30.5	19.5	0.00578535613140495	7996	FALSE
sam0010	Mutter_01	58	824	0.018	56	42	0.00371233701516191	6652	FALSE
sam0010	Mutter_01	59	795	0.014	42	35	0.00489164827166576	6939	FALSE
sam0010	Mutter_01	60	766	0.014	43	33	0.00495359797065237	6490	FALSE
sam0010	Mutter_01	61	668	0.018	42	33	0.00466778980293145	6430.5	FALSE
sam0010	Mutter_01	62	713	0.016	39	30	0.00460170569024262	6120	FALSE
sam0010	Mutter_01	63	706	0.015	36	29	0.00446022733159223	7796.5	FALSE
sam0010	Mutter_01	64	415	0.013	29	26	0.00431503578317963	8672	FALSE
sam0010	Mutter_01	65	525	0.015	38	32	0.00411484759675372	8099	FALSE
sam0010	Mutter_01	66	552	0.012	37	30	0.00339160397476815	8412.5	FALSE
sam0010	Mutter_01	67	371	0.008	31	26	0.00389532526239502	8427	FALSE
sam0010	Mutter_01	68	460	0.009	34	27	0.00307224130914324	7463	FALSE
sam0010	Mutter_01	69	618	0.008	41	30	0.00322880537280349	7334	FALSE
sam0010	Mutter_01	70	813	0.01	40	30	0.00360897495770077	7728	FALSE
sam0010	Mutter_01	71	478	0.012	28	24	0.00310372368034145	6768	FALSE
sam0010	Mutter_01	74	769	0.014	40	27	0.00338867582568677	6474	FALSE
sam0010	Mutter_01	75	719	0.019	48	37	0.00506778086656575	7142	FALSE
sam0010	Mutter_01	76	700	0.015	44	34	0.00382955683426483	6466	FALSE
sam0010	Mutter_01	77	765	0.015	46	33	0.00339354772808544	6194	FALSE
sam0010	Mutter_01	78	694	0.014	43	31.5	0.00359733168643422	6480	FALSE
sam0010	Mutter_01	79	319	0.012	28	24	0.00489091570613407	8202	FALSE
sam0010	Mutter_01	80	474	0.014	36	29	0.00476473561742845	7811	FALSE
sam0010	Mutter_01	81	578	0.011	35	29	0.00355648324573575	7750.5	FALSE
sam0010	Mutter_01	82	338	0.011	32	26	0.00393924415136512	8455.5	FALSE
sam0010	Mutter_01	83	381	0.008	31	26	0.00346073363433394	7952	FALSE
sam0010	Mutter_01	84	476	0.01	35	26	0.0029324729203967	6578.5	FALSE
sam0010	Mutter_01	85	441	0.009	37	27	0.00499389040663121	7031	FALSE
sam0010	Mutter_01	86	85		29	22	0.00178232822389169	7621	FALSE
sam0010	Mutter_01	88	764	0.015	47	35	0.00372369781104125	6728.5	FALSE
sam0010	Mutter_01	89	741	0.015	43	34	0.00488634693118575	6918	FALSE
sam0010	Mutter_01	90	712	0.021	53	39	0.00452280862196343	6836	FALSE
sam0010	Mutter_01	91	744	0.019	50	35	0.00422041535170907	6536	FALSE
sam0010	Mutter_01	92	455	0.013	32	27	0.00477698253186596	7878	FALSE
sam0010	Mutter_01	93	517	0.011	38	30	0.00411646318657697	7826	FALSE
sam0010	Mutter_01	94	603	0.011	42	30	0.00357383766444279	7238	FALSE
sam0010	Mutter_01	95	500	0.01	42	31	0.0028352945358091	6779	FALSE
sam0010	Mutter_01	96	457	0.01	37	29	0.00360888271822836	6809	FALSE
sam0010	Mutter_01	97	447	0.013	33	24	0.00293505630139562	6334	FALSE
sam0010	Mutter_01	98	109		32	26	0.00447736747233049	8415	FALSE
sam0010	Mutter_01	99	136		35.5	25	0.0049453312304339	7408.5	FALSE
sam0010	Mutter_01	100	482	0.02	43	31	0.00426793885713147	6601.5	FALSE
sam0010	Mutter_01	101	511	0.022	41	29	0.00478721709422071	6730	FALSE
sam0010	Mutter_01	102	284	0.009	37	27	0.0034718983009188	7328	FALSE
sam0010	Mutter_01	103	690	0.015	37	29	0.00414223677099689	6936.5	FALSE
sam0010	Mutter_01	104	770	0.013	41	32	0.00449860614909782	6758	FALSE
sam0010	Mutter_01	105	526	0.012	37	28	0.00395733849181721	6762	FALSE
sam0010	Mutter_01	106	402	0.01	32	26	0.00379200345911934	6672	FALSE
sam0011	Mutter_01	108	238	0.036	60	49	0.00632509283339709	6776.5	FALSE
sam0011	Mutter_01	109	885	0.031	49	39	0.00584877409441903	6776	FALSE
sam0011	Mutter_01	110	1000	0.04	62	48	0.00384512225378827	6326.5	FALSE
sam0011	Mutter_01	111	164	0.06	375.5	128.5	0.00194829800980712	8894	FALSE
sam0011	Mutter_01	112	771	0.028	54	43	0.00470900277750162	6657	FALSE
sam0011	Mutter_01	113	797	0.036	64	51	0.00513374909202204	7589	FALSE
sam0011	Mutter_01	114	927	0.026	60	46	0.00421676394092431	7001	FALSE
sam0011	Mutter_01	115	502	0.036	193	85.5	0.00212804138754408	6977	FALSE
sam0011	Mutter_01	116	1133	0.032	76	56	0.00380357810829302	6872	FALSE
sam0011	Mutter_01	117	742	0.034	58	46	0.00503170401034824	7329	FALSE
sam0011	Mutter_01	118	657	0.028	54	41	0.0051122135094145	6401	FALSE
sam0011	Mutter_01	119	552	0.034	84.5	57	0.00279118894027537	6853.5	FALSE
sam0011	Mutter_01	120	906	0.025	54	43	0.0049926588828726	6556.5	FALSE
sam0011	Mutter_01	121	802	0.027	49	40	0.00495237647040266	6568	FALSE
sam0011	Mutter_01	122	661	0.018	48	37	0.00503438347580311	5725	FALSE
sam0011	Mutter_01	123	775	0.023	50	38	0.00428218086138027	6413	FALSE
sam0011	Mutter_01	124	239	0.027	169	78	0.00298636366271665	7353	FALSE
sam0011	Mutter_01	126	716	0.026	51	41	0.0043610503574448	6555.5	FALSE
sam0011	Mutter_01	127	943	0.026	49	38	0.00439778947957585	6532	FALSE
sam0011	Mutter_01	128	691	0.022	40	33	0.00461337995066815	6078	FALSE
sam0011	Mutter_01	129	728	0.019	49	38	0.00461803228486271	7676	FALSE
sam0011	Mutter_01	130	696	0.016	53	40	0.0038459894694984	6376.5	FALSE
sam0011	Mutter_01	132	51		34	30	0.0055999328719635	7697	FALSE
sam0011	Mutter_01	135	485	0.03	53	42	0.00544057877214203	6269	FALSE
sam0011	Mutter_01	136	874	0.019	51.5	38.5	0.00478769790472179	6738.5	FALSE
sam0011	Mutter_01	137	711	0.016	40	33	0.00449655841878698	6462	FALSE
sam0011	Mutter_01	138	714	0.018	42.5	35	0.00409622786354217	7318.5	FALSE
sam0011	Mutter_01	139	558	0.021	50	39	0.00450569684191723	6915.5	FALSE
sam0011	Mutter_01	140	947	0.018	62	39	0.0031970507551213	5334	FALSE
sam0011	Mutter_01	141	400	0.022	50	37	0.00352124387179666	6082.5	FALSE
sam0011	Mutter_01	142	60		45	38	0.00800812376373272	9436	FALSE
sam0011	Mutter_01	143	202	0.017	38	32	0.00520678110636114	6265.5	FALSE
sam0011	Mutter_01	144	332	0.013	28	25	0.00522949420706617	5479.5	FALSE
sam0011	Mutter_01	145	283	0.013	32	28	0.00447186301235578	5961	FALSE
sam0011	Mutter_01	146	51		35	30	0.00541023039006043	7547	FALSE
sam0011	Mutter_01	147	414	0.026	50	39	0.00476569230765107	7174	FALSE
sam0011	Mutter_01	148	873	0.024	47	37	0.00395904856891392	6412	FALSE
sam0011	Mutter_01	149	709	0.018	41	34	0.00384134486794703	6113	FALSE
sam0011	Mutter_01	150	633	0.018	50	37	0.0040426980492516	7114	FALSE
sam0011	Mutter_01	151	621	0.017	44	34	0.00462956171654893	6686	FALSE
sam0011	Mutter_01	152	655	0.022	40	34	0.00540297770380783	6830	FALSE
sam0011	Mutter_01	153	477	0.018	33	29	0.00487495171100525	6216	FALSE
sam0011	Mutter_01	154	171	0.014	30	27	0.00554982775551015	5689	FALSE
sam0011	Mutter_01	155	299	0.008	30	26	0.00400978685161185	5837	FALSE
sam0011	Mutter_01	156	364	0.013	36	27.5	0.00304088243261601	7207.5	FALSE
sam0011	Mutter_01	157	317	0.019	37	29	0.00474231297652234	6490	FALSE
sam0011	Mutter_01	158	353	0.018	39	31	0.0035633558388905	6671	FALSE
sam0011	Mutter_01	159	495	0.015	36	28	0.00410602008769643	8362	FALSE
sam0011	Mutter_01	160	1053	0.02	57	38	0.00232959729186296	5720	FALSE
sam0011	Mutter_01	161	628	0.02	46	36	0.00518674352881612	6483	FALSE
sam0011	Mutter_01	162	784	0.02	47	36	0.00380598098929103	6334.5	FALSE
sam0011	Mutter_01	163	668	0.018	46	35	0.00409775922677252	7248	FALSE
sam0011	Mutter_01	164	520	0.013	44	33	0.00356182264340271	7873.5	FALSE
sam0011	Mutter_01	165	619	0.014	44	34	0.00387669327902416	6835	FALSE
sam0011	Mutter_01	166	484	0.013	34	29	0.00423507109178021	6154	FALSE
sam0011	Mutter_01	167	497	0.013	36	30	0.0043041389715557	6706	FALSE
sam0011	Mutter_01	168	617	0.014	39	31	0.00338543696527056	6897	FALSE
sam0011	Mutter_01	169	706	0.015	44	32	0.0035574254567534	6615	FALSE
sam0011	Mutter_01	170	504	0.016	38	28	0.00291263401234786	6696	FALSE
sam0011	Mutter_01	171	622	0.018	44.5	31	0.00325668408365432	6570	FALSE
sam0011	Mutter_01	172	378	0.014	56	33.5	0.00282283792638473	6207.5	FALSE
sam0011	Mutter_01	173	814	0.019	47	34	0.00337964994212929	6379.5	FALSE
sam0011	Mutter_01	174	607	0.016	48	35	0.00423908104902571	6346	FALSE
sam0011	Mutter_01	175	678	0.015	47	35	0.00417815219662299	6652	FALSE
sam0011	Mutter_01	176	600	0.014	44	32	0.00417099878969491	7544	FALSE
sam0011	Mutter_01	177	581	0.015	47	35	0.00408381806169491	7170	FALSE
sam0011	Mutter_01	178	587	0.02	50	36	0.00392738433973423	6897	FALSE
sam0011	Mutter_01	179	726	0.015	43	34	0.00525052767582884	6897	FALSE
sam0011	Mutter_01	180	424	0.009	34	26	0.00305426752847657	6592.5	FALSE
sam0011	Mutter_01	181	708	0.016	44	31.5	0.00306115569848267	5892.5	FALSE
sam0011	Mutter_01	182	677	0.015	48	35	0.00342701458525602	7228	FALSE
sam0011	Mutter_01	183	546	0.014	44	32	0.0037033588075338	6584.5	FALSE
sam0011	Mutter_01	184	232	0.016	40	28	0.00279447804646265	7054.5	FALSE
sam0011	Mutter_01	185	831	0.017	50	35	0.00376596403052332	5670	FALSE
sam0011	Mutter_01	186	652	0.02	56	38	0.00344002868417629	6380.5	FALSE
sam0011	Mutter_01	187	582	0.017	46	34	0.00383640724102466	6724.5	FALSE
sam0011	Mutter_01	188	538	0.016	44	34	0.00429211464598003	6807	FALSE
sam0011	Mutter_01	189	497	0.014	38	31	0.0036445009232509	6980	FALSE
sam0011	Mutter_01	190	709	0.019	49	37	0.00490740011432619	6433	FALSE
sam0011	Mutter_01	191	914	0.016	54	38	0.00364036686401806	6177.5	FALSE
sam0011	Mutter_01	192	1077	0.021	59	41	0.00298207091155115	7048	FALSE
sam0011	Mutter_01	193	1256	0.02	57	41	0.00328520227470379	6933	FALSE
sam0011	Mutter_01	194	410	0.016	54	35	0.00322696434298359	5884	FALSE
sam0011	Mutter_01	195	136		40	27	0.00332633573519836	6980.5	FALSE
sam0011	Mutter_01	196	538	0.02	42	30.5	0.0040374373867479	5742.5	FALSE
sam0011	Mutter_01	197	845	0.018	47	34	0.00320537960639457	6000	FALSE
sam0011	Mutter_01	198	618	0.018	47.5	34	0.00316899181184146	5592	FALSE
sam0011	Mutter_01	199	491	0.013	35	29	0.00521094653679272	6839	FALSE
sam0011	Mutter_01	200	756	0.018	51	38	0.0038617188000548	7279.5	FALSE
sam0011	Mutter_01	201	1066	0.017	55	39	0.00289696708279648	6909	FALSE
sam0011	Mutter_01	202	1107	0.023	61	45	0.00369628002997121	6966	FALSE
sam0011	Mutter_01	203	595	0.014	47	31	0.00319317101142016	5689	FALSE
sam0011	Mutter_01	204	161		48	30	0.00280295719641713	7139	FALSE
sam0011	Mutter_01	205	887	0.015	46	32	0.00365852541558142	6193	FALSE
sam0011	Mutter_01	206	789	0.018	45	33	0.00408215905409153	6236	FALSE
sam0011	Mutter_01	207	596	0.018	49	35	0.00407169498441922	7358.5	FALSE
sam0011	Mutter_01	208	777	0.019	46	31	0.00351139729907669	6517	FALSE
sam0011	Mutter_01	209	528	0.016	52	34	0.00210016870477667	6414.5	FALSE
sam0011	Mutter_01	210	241	0.017	46	29	0.00287754734455831	6205	FALSE
sam0011	Mutter_01	211	369	0.015	53	31	0.00242313745820134	5806	FALSE
sam0012	Mutter_02	1	272		30	21	0.000787781933085914	4995.5	FALSE
sam0012	Mutter_02	2	1002	0.008	37	24	0.000922152250044983	5878	FALSE
sam0012	Mutter_02	3	2216	0.009	63.5	36	0.000713760203676438	5874	FALSE
sam0012	Mutter_02	4	2012	0.016	78	43	0.000750488166866146	6136.5	FALSE
sam0012	Mutter_02	5	994	0.01	38	25	0.000792967345822269	5563.5	FALSE
sam0012	Mutter_02	7	572	0.015	60.5	35	0.000983463917540009	7217	FALSE
sam0012	Mutter_02	8	680	0.02	55	32	0.000737110298025143	6709	FALSE
sam0012	Mutter_02	9	339		44	28	0.00116821948984127	6723	FALSE
sam0012	Mutter_02	10	2680	0.012	59	36	0.000708924457821591	5231.5	FALSE
sam0012	Mutter_02	11	3076	0.022	119	62	0.000572447371270398	5124.5	FALSE
sam0012	Mutter_02	12	2998	0.031	209.5	92	0.000758079524277128	5378	FALSE
sam0012	Mutter_02	13	2748	0.03	210	90	0.000685532638633677	5901	FALSE
sam0012	Mutter_02	14	2672	0.027	127	63	0.000638495599579226	5685	FALSE
sam0012	Mutter_02	15	723	0.02	39	28	0.00117076750421024	6771	FALSE
sam0012	Mutter_02	16	460	0.024	61.5	39	0.00233358570607766	7709	FALSE
sam0012	Mutter_02	17	683	0.028	60	38	0.00203824325100754	6488	FALSE
sam0012	Mutter_02	18	1747	0.022	132	63	0.000767958475108133	6748	FALSE
sam0012	Mutter_02	19	2520	0.021	147.5	69	0.000729253962289927	6326.5	FALSE
sam0012	Mutter_02	20	2645	0.017	130	63	0.000636123161634998	6130	FALSE
sam0012	Mutter_02	21	2237	0.013	75	43	0.000589118647181158	6454	FALSE
sam0012	Mutter_02	22	684	0.015	60	35	0.000682404875586777	6729.5	FALSE
sam0012	Mutter_02	23	521		47	28	0.000936656606836129	6843	FALSE
sam0012	Mutter_02	24	1805	0.01	50	31	0.000634153512874117	5545	FALSE
sam0012	Mutter_02	25	3295	0.019	124	63	0.000631066296686507	4808	FALSE
sam0012	Mutter_02	26	2945	0.024	92	49	0.000739115377551127	5159	FALSE
sam0012	Mutter_02	27	3074	0.026	197	85	0.000645533522206792	5275	FALSE
sam0012	Mutter_02	28	2978	0.037	315	119	0.000618545210704921	5530	FALSE
sam0012	Mutter_02	29	2717	0.035	210	89	0.000853874546697144	5633	FALSE
sam0012	Mutter_02	30	2588	0.027	127	62	0.000617346165133777	5717.5	FALSE
sam0012	Mutter_02	31	2271	0.029	102	54	0.0010843172583085	5654	FALSE
sam0012	Mutter_02	32	1922	0.019	59	36	0.00117643301471529	5445.5	FALSE
sam0012	Mutter_02	33	2248	0.02	103	52	0.000740133325799483	6182	FALSE
sam0012	Mutter_02	34	2715	0.019	177	79	0.00071370043147358	6027	FALSE
sam0012	Mutter_02	35	2568	0.023	186	83	0.000619082540175183	6304	FALSE
sam0012	Mutter_02	36	2586	0.016	101	53	0.000548393302604115	6016.5	FALSE
sam0012	Mutter_02	37	680	0.013	65	38	0.000774536419390433	6533.5	FALSE
sam0012	Mutter_02	38	2019	0.012	40	26	0.00123403434165342	5174	FALSE
sam0012	Mutter_02	39	2362	0.013	53	33	0.000992546948982656	5014.5	FALSE
sam0012	Mutter_02	40	3386	0.024	120	62	0.000729873942840972	4711.5	FALSE
sam0012	Mutter_02	41	3316	0.03	237	100	0.000555062255554574	4923	FALSE
sam0012	Mutter_02	42	2889	0.018	81	46	0.000983317951943433	4974	FALSE
sam0012	Mutter_02	43	3027	0.029	231	97	0.000697764626863423	5249	FALSE
sam0012	Mutter_02	44	2712	0.026	159	73.5	0.000963360935028301	5384.5	FALSE
sam0012	Mutter_02	45	1895	0.013	41	28	0.00180022815492782	6332	FALSE
sam0012	Mutter_02	46	2589	0.034	225	92	0.000819906312020109	6093	FALSE
sam0012	Mutter_02	47	2013	0.032	126	60	0.000759078763309676	7195	FALSE
sam0012	Mutter_02	48	1834	0.009	64	36	0.000970764944547866	6207	FALSE
sam0012	Mutter_02	49	2536	0.012	73.5	41	0.000913133635293675	5508.5	FALSE
sam0012	Mutter_02	50	2338	0.019	91	47	0.000879830215440843	5979	FALSE
sam0012	Mutter_02	51	2640	0.024	192.5	84	0.000670087796946042	6145	FALSE
sam0012	Mutter_02	52	2391	0.014	87	46	0.000433199060801658	6292	FALSE
sam0012	Mutter_02	53	1425	0.017	68	40	0.000907402234273699	5013	FALSE
sam0012	Mutter_02	54	2469	0.018	85	46	0.000573401050528315	5668	FALSE
sam0012	Mutter_02	55	2877	0.012	73	41	0.000903114794601956	5241	FALSE
sam0012	Mutter_02	56	2820	0.016	67	39	0.000954315443210407	4997	FALSE
sam0012	Mutter_02	57	3367	0.027	206	89	0.000787091703937113	4888	FALSE
sam0012	Mutter_02	58	3310	0.035	306	117	0.000589484000964077	4967.5	FALSE
sam0012	Mutter_02	59	3470	0.026	186	83	0.000664585174350666	4565	FALSE
sam0012	Mutter_02	60	2848	0.02	102	52	0.000906027409248608	5300.5	FALSE
sam0012	Mutter_02	61	2466	0.013	52	31	0.00115596598907793	5276	FALSE
sam0012	Mutter_02	62	1966	0.013	41	28	0.00188574974208379	6138	FALSE
sam0012	Mutter_02	63	2081	0.02	88	46	0.000978472519953232	7207	FALSE
sam0012	Mutter_02	64	2214	0.019	65	36	0.00137996932798558	5925.5	FALSE
sam0012	Mutter_02	65	2876	0.024	169	76	0.000787694856907325	5574	FALSE
sam0012	Mutter_02	66	2757	0.026	189	83	0.00077276780636229	5875	FALSE
sam0012	Mutter_02	67	2615	0.019	78	43	0.00106992406849063	5398	FALSE
sam0012	Mutter_02	68	2669	0.022	174	77	0.000632695653724772	5847	FALSE
sam0012	Mutter_02	69	2617	0.01	76	41	0.000505545464630063	5894	FALSE
sam0012	Mutter_02	70	2207	0.015	92	50	0.000778578722989898	5371	FALSE
sam0012	Mutter_02	71	2825	0.016	101	53	0.000785775544279179	5407	FALSE
sam0012	Mutter_02	72	2955	0.017	80	45	0.000931326183676558	4938	FALSE
sam0012	Mutter_02	73	3334	0.021	139	68	0.000826556198286017	4843	FALSE
sam0012	Mutter_02	74	3186	0.033	220	94	0.000650223448627125	5037.5	FALSE
sam0012	Mutter_02	75	3244	0.033	270	110	0.000553295194541573	4990	FALSE
sam0012	Mutter_02	76	3328	0.031	227	96	0.000611004849739017	4786.5	FALSE
sam0012	Mutter_02	77	3095	0.031	205	88	0.000760059626219264	5232	FALSE
sam0012	Mutter_02	78	2735	0.02	98	49	0.000935486242614461	5434	FALSE
sam0012	Mutter_02	79	2078	0.008	40	27	0.0014216442577989	5532.5	FALSE
sam0012	Mutter_02	80	2527	0.014	51	32	0.00146148997412921	5460	FALSE
sam0012	Mutter_02	81	2745	0.026	130	62	0.000855663308086772	5548	FALSE
sam0012	Mutter_02	82	2663	0.025	180	77	0.00087672019711563	5950	FALSE
sam0012	Mutter_02	83	2843	0.032	360	131	0.000604994635278124	5830	FALSE
sam0012	Mutter_02	84	2961	0.03	318	121	0.000653829550277764	5510	FALSE
sam0012	Mutter_02	85	2753	0.02	150	70	0.000630099399380398	5581	FALSE
sam0012	Mutter_02	86	2641	0.008	73	40	0.000398512293803088	5648	FALSE
sam0012	Mutter_02	87	687	0.021	126	62	0.000589021676726322	6603	FALSE
sam0012	Mutter_02	88	2236	0.023	165	78	0.000768789109185315	6797.5	FALSE
sam0012	Mutter_02	89	2904	0.027	228	97	0.000698281570989883	5671	FALSE
sam0012	Mutter_02	90	3418	0.024	169	79	0.000741379870988884	4732	FALSE
sam0012	Mutter_02	91	3420	0.023	182	81	0.000630360029957473	4740.5	FALSE
sam0012	Mutter_02	92	3137	0.025	163	78	0.000638027273583899	4982	FALSE
sam0012	Mutter_02	93	2976	0.02	92.5	51	0.000733546712390638	4706.5	FALSE
sam0012	Mutter_02	94	2288	0.023	92	50	0.00106093398889979	5006.5	FALSE
sam0012	Mutter_02	95	2877	0.024	163	73	0.000740395410193098	5363	FALSE
sam0012	Mutter_02	96	2652	0.013	79	43	0.000780722243094185	5726.5	FALSE
sam0012	Mutter_02	97	2941	0.028	164	75	0.000740443330177433	5376	FALSE
sam0012	Mutter_02	98	2820	0.038	372	136	0.000672992115664911	5864.5	FALSE
sam0012	Mutter_02	99	2859	0.032	306	116	0.000618036909273905	5771	FALSE
sam0012	Mutter_02	100	2905	0.026	269	109	0.000646655529920985	5640	FALSE
sam0012	Mutter_02	101	2887	0.029	262	109	0.000737145202984685	5666	FALSE
sam0012	Mutter_02	102	2744	0.013	96.5	51	0.000605981386049228	5645.5	FALSE
sam0012	Mutter_02	103	2465	0.007	55	32	0.000521934621286608	5645	FALSE
sam0012	Mutter_02	104	779		64	38	0.000565849393086341	6467	FALSE
sam0012	Mutter_02	105	2442	0.015	100	52	0.000766271146324335	5619	FALSE
sam0012	Mutter_02	106	3207	0.03	264	109	0.000661252092071443	5156	FALSE
sam0012	Mutter_02	107	3271	0.032	270	110	0.000672144670690518	4998	FALSE
sam0012	Mutter_02	108	2167	0.018	64	39	0.00111154780440729	4860	FALSE
sam0012	Mutter_02	109	641	0.02	56	35	0.00100320873225146	5534	FALSE
sam0012	Mutter_02	110	456	0.018	70	42	0.00181574278444112	5938	FALSE
sam0012	Mutter_02	111	1878	0.018	100	53	0.0010277194841508	5130.5	FALSE
sam0012	Mutter_02	112	3285	0.027	220	93	0.000691578713102741	5123	FALSE
sam0012	Mutter_02	113	3241	0.033	267	108	0.000645651629642915	4946	FALSE
sam0012	Mutter_02	114	3161	0.028	237	101	0.00068278704585486	5109	FALSE
sam0012	Mutter_02	115	2839	0.026	199	89	0.000704974678802134	5611	FALSE
sam0012	Mutter_02	116	2609	0.016	109	57	0.000648013794457671	5814	FALSE
sam0012	Mutter_02	117	2526	0.009	70	39	0.00053513824881561	5786.5	FALSE
sam0012	Mutter_02	118	1638	0.008	48	30	0.000456940742041666	5486.5	FALSE
sam0012	Mutter_02	119	2138	0.022	112	57	0.00072198701786646	5296	FALSE
sam0012	Mutter_02	120	2184	0.019	72	43	0.000676150110753836	4871.5	FALSE
sam0012	Mutter_02	121	2262	0.02	102	54	0.00071487715009651	4949.5	FALSE
sam0012	Mutter_02	122	2669	0.022	130	66	0.000912089243358651	4826	FALSE
sam0012	Mutter_02	123	2377	0.02	136	68	0.000769572753305914	4812	FALSE
sam0012	Mutter_02	124	2962	0.017	120	61	0.000666688233028121	4908.5	FALSE
sam0012	Mutter_02	125	2069	0.011	54	34	0.000751606156558416	5151	FALSE
sam0012	Mutter_02	126	1243	0.009	44	29	0.000920838856579405	5729	FALSE
sam0013	Mutter_02	127	307	0.033	81	46	0.000928137719055004	5540	FALSE
sam0013	Mutter_02	128	1259	0.023	55	37	0.00114287969385866	5121	FALSE
sam0013	Mutter_02	129	755	0.016	49	34	0.0011817589295021	4858	FALSE
sam0013	Mutter_02	130	247		45	31	0.000831735216223712	5361	FALSE
sam0013	Mutter_02	131	1892	0.03	163	81	0.00070930046264391	5873.5	FALSE
sam0013	Mutter_02	132	2538	0.026	180	81	0.000646074958258143	6152.5	FALSE
sam0013	Mutter_02	133	2873	0.021	125	63	0.000775574133929709	5195	FALSE
sam0013	Mutter_02	134	2473	0.024	106	57	0.00110830538738199	5118	FALSE
sam0013	Mutter_02	135	972	0.02	57	37	0.00169859986692198	5837	FALSE
sam0013	Mutter_02	136	540		47	31	0.00130985010225463	6005.5	FALSE
sam0013	Mutter_02	137	898	0.03	122	62	0.00117092419766779	7091	FALSE
sam0013	Mutter_02	138	1641	0.031	120	64	0.00113879843666105	6636	FALSE
sam0013	Mutter_02	139	1873	0.025	87	49	0.000936629851746076	6703	FALSE
sam0013	Mutter_02	140	496	0.025	107.5	56	0.000762063654325948	7811	FALSE
sam0013	Mutter_02	141	1105	0.018	67	41	0.000792135305321416	4919	FALSE
sam0013	Mutter_02	142	2907	0.029	174	83	0.000669604336940064	5469	FALSE
sam0013	Mutter_02	143	2544	0.023	173	81	0.000761137747828413	5716.5	FALSE
sam0013	Mutter_02	144	2083	0.021	94	50	0.0012873786913229	6487	FALSE
sam0013	Mutter_02	145	2133	0.02	116	56	0.000828777572929865	6772	FALSE
sam0013	Mutter_02	146	2068	0.024	104.5	54	0.000914556548397697	6356	FALSE
sam0013	Mutter_02	147	1803	0.028	105	54	0.000920658624202807	6498	FALSE
sam0013	Mutter_02	148	1311	0.03	108	57	0.00110939345254471	7201	FALSE
sam0013	Mutter_02	149	1907	0.021	83	47	0.000729381234056559	6546	FALSE
sam0013	Mutter_02	150	1872	0.016	85	46.5	0.000693602417870827	6953	FALSE
sam0013	Mutter_02	151	1708	0.024	111	56	0.000778912612246202	7270.5	FALSE
sam0013	Mutter_02	153	1338	0.023	109	55	0.000561931807482423	4764.5	FALSE
sam0013	Mutter_02	154	2902	0.022	90	52	0.000864446571957306	4693.5	FALSE
sam0013	Mutter_02	155	2778	0.028	162	78	0.000768958251741875	5265	FALSE
sam0013	Mutter_02	156	2648	0.026	176	81	0.000876412145844084	5673.5	FALSE
sam0013	Mutter_02	157	1851	0.014	52	33	0.00186010524424637	6239	FALSE
sam0013	Mutter_02	158	1340	0.013	52	32	0.0016007703829649	6244	FALSE
sam0013	Mutter_02	159	1529	0.015	92	46	0.00105237313518278	6632	FALSE
sam0013	Mutter_02	160	2559	0.02	99	52	0.000801671669672568	5431	FALSE
sam0013	Mutter_02	161	2871	0.022	147	70	0.000767179372209955	5190	FALSE
sam0013	Mutter_02	162	1992	0.031	225	94	0.000633060447291045	6951.5	FALSE
sam0013	Mutter_02	163	2050	0.029	158	74	0.000801715381771987	6500	FALSE
sam0013	Mutter_02	164	1920	0.021	76	44	0.00089792386430791	6181.5	FALSE
sam0013	Mutter_02	165	1595	0.019	85	49	0.000710593178921381	5452	FALSE
sam0013	Mutter_02	166	2771	0.024	173	81	0.000635402371309415	5761	FALSE
sam0013	Mutter_02	167	2491	0.023	119	62	0.00103433693614604	5581	FALSE
sam0013	Mutter_02	168	2187	0.018	53	34	0.00144360180871063	5888	FALSE
sam0013	Mutter_02	169	1846	0.026	63	39	0.00144989340617516	6114	FALSE
sam0013	Mutter_02	170	1723	0.025	87	48	0.00120732728845055	6203	FALSE
sam0013	Mutter_02	171	1477	0.011	36	27	0.00234654767076433	5888	FALSE
sam0013	Mutter_02	172	2091	0.01	37	26	0.00229877652560537	5364	FALSE
sam0013	Mutter_02	173	2448	0.012	47	32	0.0017259925768883	5472.5	FALSE
sam0013	Mutter_02	174	2623	0.025	210	89	0.000687081627041906	5769	FALSE
sam0013	Mutter_02	175	2526	0.027	246	99	0.000657149322602623	6181.5	FALSE
sam0013	Mutter_02	176	2097	0.027	204	87	0.000713623967742456	7025	FALSE
sam0013	Mutter_02	177	1984	0.024	109	58	0.000964524784442446	6740	FALSE
sam0013	Mutter_02	178	216	0.009	37	27	0.0015024900413455	4728.5	FALSE
sam0013	Mutter_02	179	2702	0.015	92	49	0.000631100381102839	5426	FALSE
sam0013	Mutter_02	180	2377	0.023	116	61	0.000828675782348868	6004	FALSE
sam0013	Mutter_02	181	2348	0.013	41.5	30	0.0017888888410716	5163.5	FALSE
sam0013	Mutter_02	182	2298	0.01	35	27	0.00175900103054495	5036.5	FALSE
sam0013	Mutter_02	183	746	0.008	34	25	0.00246045930808169	6949	FALSE
sam0013	Mutter_02	184	614	0.009	32	24	0.00253557649696374	6429.5	FALSE
sam0013	Mutter_02	185	1849	0.007	33	25	0.00242209269107262	5364	FALSE
sam0013	Mutter_02	186	2134	0.009	35	26	0.00203038993078493	4977.5	FALSE
sam0013	Mutter_02	187	2070	0.016	50	34	0.00171287993666144	5903	FALSE
sam0013	Mutter_02	188	2452	0.023	154	73	0.000979441374031358	5864.5	FALSE
sam0013	Mutter_02	189	2424	0.028	292	113	0.000691683826255201	6624	FALSE
sam0013	Mutter_02	190	2818	0.024	223	96	0.00066109092508632	5748.5	FALSE
sam0013	Mutter_02	191	2413	0.022	97	53	0.000694661141101986	5325	FALSE
sam0013	Mutter_02	192	2602	0.017	92	50	0.000583941987579072	5428	FALSE
sam0013	Mutter_02	193	2536	0.022	105.5	55.5	0.00106285592632905	5510	FALSE
sam0013	Mutter_02	194	2191	0.008	36	27	0.00174593923189119	5118	FALSE
sam0013	Mutter_02	195	1927	0.008	33	25	0.00214879449847481	5381	FALSE
sam0013	Mutter_02	196	1096	0.007	33	25	0.00184592346181395	6871	FALSE
sam0013	Mutter_02	197	578	0.009	33	24	0.00298952531060176	6571	FALSE
sam0013	Mutter_02	198	2106	0.008	38	29	0.00260322920098239	5644.5	FALSE
sam0013	Mutter_02	199	2099	0.012	43	30	0.00237284553431715	5655	FALSE
sam0013	Mutter_02	200	2221	0.018	79	46	0.0011218987463627	5764	FALSE
sam0013	Mutter_02	201	2761	0.027	215	91	0.000773952955870461	5589	FALSE
sam0013	Mutter_02	202	2829	0.031	284	112	0.000617407610201161	5702	FALSE
sam0013	Mutter_02	203	2707	0.029	240	103	0.000657087153016015	5814	FALSE
sam0013	Mutter_02	204	1727	0.021	74	43	0.000817940583196586	5462	FALSE
sam0013	Mutter_02	205	2284	0.018	96	52	0.000630842653324095	5383	FALSE
sam0013	Mutter_02	206	2764	0.015	78	45	0.000941800923482071	5275.5	FALSE
sam0013	Mutter_02	207	2366	0.012	43	31	0.0019777851130774	5156.5	FALSE
sam0013	Mutter_02	208	2319	0.012	40	30	0.00190033463315552	5401	FALSE
sam0013	Mutter_02	209	1625	0.011	40	29	0.00237903783255139	6705	FALSE
sam0013	Mutter_02	210	2264	0.012	42	31	0.00213265798929243	5833	FALSE
sam0013	Mutter_02	211	2489	0.027	185	82	0.00114260334057865	5847	FALSE
sam0013	Mutter_02	212	2847	0.027	214	92	0.000925485946992958	5355	FALSE
sam0013	Mutter_02	213	2713	0.03	282	113	0.000702544544562685	5785	FALSE
sam0013	Mutter_02	214	2421	0.04	397	140	0.000690748146946761	6407	FALSE
sam0013	Mutter_02	215	2704	0.032	251	105	0.000728501551716019	5778.5	FALSE
sam0013	Mutter_02	216	2422	0.022	97	53	0.000704176223710177	5033	FALSE
sam0013	Mutter_02	217	310	0.016	44.5	28	0.000942542559160491	6405	FALSE
sam0013	Mutter_02	218	1054	0.018	68	43	0.0011984550764878	4546	FALSE
sam0013	Mutter_02	219	2690	0.023	161	76	0.00077934849051868	5320.5	FALSE
sam0013	Mutter_02	220	2060	0.032	258	106	0.00082539126510847	7390.5	FALSE
sam0013	Mutter_02	221	1968	0.034	243	103	0.000740191361693541	7508.5	FALSE
sam0013	Mutter_02	222	2493	0.025	162	75	0.000901003160606373	6031	FALSE
sam0013	Mutter_02	223	2891	0.02	131	66	0.00103753815863519	5452	FALSE
sam0013	Mutter_02	224	2534	0.032	286.5	113	0.000840992374678336	6199	FALSE
sam0013	Mutter_02	225	2410	0.035	366.5	131.5	0.000814454972279595	6349.5	FALSE
sam0013	Mutter_02	226	2846	0.034	295	116	0.000748023028085523	5663	FALSE
sam0013	Mutter_02	227	2847	0.029	212	92	0.000612723141272364	5303	FALSE
sam0013	Mutter_02	228	2384	0.017	80	47	0.000791706711856304	4686.5	FALSE
sam0013	Mutter_02	229	542		42	29	0.0015140591552332	5837.5	FALSE
sam0013	Mutter_02	230	240		33.5	22.5	0.00175269044756219	6554	FALSE
sam0013	Mutter_02	231	1082	0.032	98	55	0.00109891977425577	5841	FALSE
sam0013	Mutter_02	232	1496	0.028	103	58	0.0009255461788175	4742.5	FALSE
sam0013	Mutter_02	233	1105	0.024	109	61	0.000928508781439952	4249	FALSE
sam0013	Mutter_02	234	837	0.02	84	48	0.000593430834376148	4316	FALSE
sam0013	Mutter_02	235	1840	0.02	133	69	0.000854141884536232	4730	FALSE
sam0013	Mutter_02	236	2441	0.021	140	70	0.000737273639866849	4737	FALSE
sam0013	Mutter_02	237	2664	0.025	144	71	0.000884879550330842	5060.5	FALSE
sam0013	Mutter_02	238	2335	0.022	102	55	0.000857527507059148	4804	FALSE
sam0013	Mutter_02	239	1230	0.015	66	41	0.000991114579705781	4091.5	FALSE
sam0013	Mutter_02	240	230		37.5	26.5	0.00114599743767223	6726	FALSE
sam0013	Mutter_02	241	502	0.018	58	38.5	0.0017399540240628	8750.5	FALSE
sam0013	Mutter_02	242	569	0.015	49	33	0.00214617301500564	6511	FALSE
sam0013	Mutter_02	243	161		56	36	0.00167628236454157	7724	FALSE
sam0013	Mutter_02	244	89		53	34	0.00163392462064406	7770	FALSE
sam0013	Mutter_02	246	53		58	34	0.00168994662679911	8082	FALSE
sam0013	Mutter_02	248	297		59	36	0.00203641038828076	7590	FALSE
sam0014	Mutter_02	246	63		41	25	0.000545897371294197	6628	FALSE
sam0014	Mutter_02	248	109		51	32	0.00201012121868992	7171	FALSE
sam0014	Mutter_02	249	55		60	31	0.000707698740234299	7393	FALSE
sam0014	Mutter_02	251	197		36	21	0.000963111361136128	6476	FALSE
sam0014	Mutter_02	252	185		35	19	0.00127640866970309	6334	FALSE
sam0014	Mutter_02	253	302	0.014	42.5	26	0.00157904341649321	6863	FALSE
sam0014	Mutter_02	254	196		46.5	29	0.000988707702053544	6764	FALSE
sam0014	Mutter_02	255	298		70.5	42	0.00154860142683269	7555.5	FALSE
sam0014	Mutter_02	256	77		50	28	0.00109402695601214	9768	FALSE
sam0014	Mutter_02	257	512	0.019	64	38	0.0012339601483558	8549	FALSE
sam0014	Mutter_02	258	543	0.028	76	44	0.00109411323537444	5873	FALSE
sam0014	Mutter_02	259	477	0.026	63	36	0.00113061822483812	6263	FALSE
sam0014	Mutter_02	260	726	0.028	76	42	0.00110411074238154	5023	FALSE
sam0014	Mutter_02	261	714	0.029	94.5	49	0.000867243671011973	4960.5	FALSE
sam0014	Mutter_02	262	378	0.027	60.5	36	0.00159314848394723	6580	FALSE
sam0014	Mutter_02	263	470	0.024	59	35.5	0.00233080025993088	6463.5	FALSE
sam0014	Mutter_02	264	117		58	24	0.000769729950026308	8295	FALSE
sam0014	Mutter_02	265	223		35	21	0.00219651662337669	6438	FALSE
sam0014	Mutter_02	266	1510	0.017	59	36	0.00131508525542136	5499.5	FALSE
sam0014	Mutter_02	267	2228	0.017	82	47	0.00112382566017522	4964	FALSE
sam0014	Mutter_02	268	2980	0.021	135	67	0.000781944235876856	5074	FALSE
sam0014	Mutter_02	269	2260	0.021	108	56	0.000893071716538197	5239.5	FALSE
sam0014	Mutter_02	270	211		69	40	0.000873451842621433	6740	FALSE
sam0014	Mutter_02	271	359	0.018	46	29	0.00150103890658875	7004	FALSE
sam0014	Mutter_02	272	452	0.021	57.5	36	0.000763929474430691	8893.5	FALSE
sam0014	Mutter_02	273	653	0.024	74	44	0.00123215131716122	5699	FALSE
sam0014	Mutter_02	274	270		52.5	31	0.00101102081607487	9144.5	FALSE
sam0014	Mutter_02	275	274		52	30.5	0.00115512164049946	7072.5	FALSE
sam0014	Mutter_02	276	473	0.022	60	36	0.00135119294359649	5021	FALSE
sam0014	Mutter_02	277	298	0.018	59	35	0.00175351944452933	9135	FALSE
sam0014	Mutter_02	278	109		70	43	0.00251774865336943	8635	FALSE
sam0014	Mutter_02	280	689		49	28	0.000891408977104777	5681	FALSE
sam0014	Mutter_02	281	1835	0.016	63	39	0.00120899988245272	5088	FALSE
sam0014	Mutter_02	282	3000	0.023	138	70	0.000931152094729396	5184.5	FALSE
sam0014	Mutter_02	283	2972	0.025	174	82	0.000896579380910898	5383.5	FALSE
sam0014	Mutter_02	284	2981	0.025	198	89	0.000827271996773235	5432	FALSE
sam0014	Mutter_02	285	3072	0.024	154	76	0.000759005023486972	5139.5	FALSE
sam0014	Mutter_02	286	2783	0.02	126	65	0.000821773203755221	5123	FALSE
sam0014	Mutter_02	287	1270	0.017	120	62	0.000900921548662417	5337	FALSE
sam0014	Mutter_02	288	292	0.021	69	42	0.000810095064250928	6930.5	FALSE
sam0014	Mutter_02	289	221	0.022	64	38	0.00163996817971843	8856	FALSE
sam0014	Mutter_02	290	453	0.028	92	51	0.000911870276185703	7020	FALSE
sam0014	Mutter_02	291	381	0.03	76	42	0.00160839110072339	6577	FALSE
sam0014	Mutter_02	292	239		55	34	0.00116886741258184	10715	FALSE
sam0014	Mutter_02	293	261		45	26	0.00184890611748071	7482	FALSE
sam0014	Mutter_02	294	260		68.5	42	0.00170202388591716	8128	FALSE
sam0014	Mutter_02	295	430	0.022	63	40	0.00136338488338568	7744.5	FALSE
sam0014	Mutter_02	296	275	0.026	65	37	0.00206818271134799	7487	FALSE
sam0014	Mutter_02	297	2314	0.016	91	49	0.000890841294628934	5217	FALSE
sam0014	Mutter_02	298	3090	0.021	126	66	0.000948638482744362	4998	FALSE
sam0014	Mutter_02	299	3026	0.024	157	76	0.00072062535622399	5229	FALSE
sam0014	Mutter_02	300	2991	0.028	222	96	0.000846398166284852	5419	FALSE
sam0014	Mutter_02	301	2878	0.03	241	101	0.000743959885821414	5716	FALSE
sam0014	Mutter_02	302	2978	0.03	219	98	0.000684303768041347	5505.5	FALSE
sam0014	Mutter_02	303	2991	0.027	172	83	0.000677219429848925	5349	FALSE
sam0014	Mutter_02	304	3154	0.025	168	80	0.000778483831066833	5094.5	FALSE
sam0014	Mutter_02	305	2243	0.018	90	51	0.00109783508289135	5419	FALSE
sam0014	Mutter_02	306	538	0.017	58	37	0.00103572254040075	5974	FALSE
sam0014	Mutter_02	307	292	0.023	58	33.5	0.000909976848941157	9115	FALSE
sam0014	Mutter_02	308	374		70	42	0.00110480715955499	8532.5	FALSE
sam0014	Mutter_02	309	206		55	33	0.00100796460629976	9576.5	FALSE
sam0014	Mutter_02	310	273		56	34	0.00149699197228963	9722	FALSE
sam0014	Mutter_02	311	96		67	40	0.000691037256144643	8726	FALSE
sam0014	Mutter_02	312	59		48	28	0.000251098556183302	10514	FALSE
sam0014	Mutter_02	313	304		59.5	31	0.000807602968200657	7292.5	FALSE
sam0014	Mutter_02	314	2863	0.016	97	51	0.00102286042395619	5348	FALSE
sam0014	Mutter_02	315	3157	0.023	145	70	0.0008251189486176	5078	FALSE
sam0014	Mutter_02	316	2957	0.027	214	95	0.000756238393433024	5468	FALSE
sam0014	Mutter_02	317	2919	0.025	229	97	0.000824791251053584	5578	FALSE
sam0014	Mutter_02	318	2818	0.025	203	94	0.000748072769098711	5770.5	FALSE
sam0014	Mutter_02	319	2796	0.034	290	116.5	0.000701083208950931	5896.5	FALSE
sam0014	Mutter_02	320	3016	0.026	194	92	0.000710949515130035	5412	FALSE
sam0014	Mutter_02	321	3033	0.029	202	90	0.000726385519211097	5274	FALSE
sam0014	Mutter_02	322	2787	0.022	164	78	0.000741959206024347	5679	FALSE
sam0014	Mutter_02	323	1663	0.016	82	48	0.00106980201850648	5853	FALSE
sam0014	Mutter_02	324	185		59	34	0.000622664983402838	8510	FALSE
sam0014	Mutter_02	325	383	0.016	48	31	0.00125778699144099	9005	FALSE
sam0014	Mutter_02	326	275		55	33	0.00106344644387868	10172	FALSE
sam0014	Mutter_02	327	415	0.02	58	35	0.0012477853888985	8697	FALSE
sam0014	Mutter_02	328	245		61	36	0.00172788246258296	9038	FALSE
sam0014	Mutter_02	329	297		57	38	0.00132794108327997	9119	FALSE
sam0014	Mutter_02	330	501	0.021	56	37	0.00199500985613069	9403	FALSE
sam0014	Mutter_02	331	127		56	34	0.000489946137988034	9986	FALSE
sam0014	Mutter_02	332	411	0.023	52	34	0.00183724629689771	6635	FALSE
sam0014	Mutter_02	333	643	0.027	114	61	0.00128905705083699	6422	FALSE
sam0014	Mutter_02	334	647	0.017	67	39	0.000695665943226625	5830	FALSE
sam0014	Mutter_02	335	2546	0.014	82	46	0.000886620448564496	5543	FALSE
sam0014	Mutter_02	336	2944	0.02	133.5	65	0.000890850125608986	5327.5	FALSE
sam0014	Mutter_02	337	2535	0.027	172	79	0.000938667474625668	5433	FALSE
sam0014	Mutter_02	338	2606	0.027	243	103	0.000929942233131854	6313	FALSE
sam0014	Mutter_02	339	2734	0.031	287	113	0.000684434193377741	6027	FALSE
sam0014	Mutter_02	340	2807	0.032	296	118	0.00068198018616007	5854	FALSE
sam0014	Mutter_02	341	2848	0.031	234	102	0.000677758997839206	5720.5	FALSE
sam0014	Mutter_02	342	2921	0.028	188	86	0.000777484124966221	5301	FALSE
sam0014	Mutter_02	343	2738	0.024	160	76	0.000883148822508132	5627	FALSE
sam0014	Mutter_02	344	1847	0.019	73	44	0.00142458889279242	5637	FALSE
sam0014	Mutter_02	345	421		50	32	0.000973630210482352	7166	FALSE
sam0014	Mutter_02	346	610		52	32	0.00151618530720381	7538.5	FALSE
sam0014	Mutter_02	347	750	0.025	64	39	0.00112379799737279	6093.5	FALSE
sam0014	Mutter_02	348	770	0.019	56.5	35	0.00122315222733035	7094.5	FALSE
sam0014	Mutter_02	349	821	0.016	56	34	0.00126394877074083	6856	FALSE
sam0014	Mutter_02	350	735	0.014	47	31	0.0016817371941031	7582	FALSE
sam0014	Mutter_02	351	1437	0.015	55	34	0.00116319358211545	7160	FALSE
sam0014	Mutter_02	352	1239	0.022	78	42	0.00106364910882462	8205	FALSE
sam0014	Mutter_02	353	573	0.023	89	50	0.00192045872704	10332	FALSE
sam0014	Mutter_02	354	1266	0.018	85	48	0.00167940226708666	6873	FALSE
sam0014	Mutter_02	355	178	0.021	89	44.5	0.000760335807775108	7624.5	FALSE
sam0014	Mutter_02	356	1766	0.013	60	36	0.000935485367351423	5681	FALSE
sam0014	Mutter_02	357	2772	0.017	113.5	59	0.000757296009885833	5427.5	FALSE
sam0014	Mutter_02	358	1638	0.019	100	51.5	0.00126274907610633	5194	FALSE
sam0014	Mutter_02	359	2113	0.022	175	78	0.00105761340786845	5677	FALSE
sam0014	Mutter_02	360	2737	0.029	297	116	0.000679556588576028	5964	FALSE
sam0014	Mutter_02	361	2824	0.034	312.5	121.5	0.000619331410845755	5897.5	FALSE
sam0014	Mutter_02	362	2920	0.031	235	103	0.000670787713291699	5572	FALSE
sam0014	Mutter_02	363	2767	0.025	169	82	0.000711444377442074	5441	FALSE
sam0014	Mutter_02	364	2643	0.023	135	69	0.000823433023975409	5602	FALSE
sam0014	Mutter_02	365	1105	0.017	48	32	0.00157480228517757	5544	FALSE
sam0014	Mutter_02	366	396	0.013	49	30	0.00186681735047566	8220	FALSE
sam0014	Mutter_02	367	754	0.017	47	30	0.00108619509477059	6126	FALSE
sam0014	Mutter_02	368	2336	0.019	72	45	0.000914004772227	5243.5	FALSE
sam0014	Mutter_02	369	2876	0.024	149	73	0.000775235875333593	5439.5	FALSE
sam0014	Mutter_02	370	2879	0.023	150	70	0.000845360759559718	5505	FALSE
sam0014	Mutter_02	371	2491	0.018	92	48	0.000952465429717503	5944	FALSE
sam0014	Mutter_02	372	2317	0.015	79	42	0.000793515209590743	6247	FALSE
sam0014	Mutter_02	373	1919	0.013	63	35	0.000906796301160459	7085	FALSE
sam0014	Mutter_02	374	1110	0.014	52	32	0.00161928783638189	7857.5	FALSE
sam0014	Mutter_02	375	558	0.018	83	46	0.00144567061374113	6681	FALSE
sam0014	Mutter_02	377	1370	0.015	74	40	0.00100071092555103	5781	FALSE
sam0014	Mutter_02	378	2474	0.022	120	58	0.00100470851710795	6040	FALSE
sam0014	Mutter_02	379	2121	0.02	118	56	0.00114408970418904	5522	FALSE
sam0014	Mutter_02	380	1621	0.02	140	66	0.00114877026084829	5839	FALSE
sam0014	Mutter_02	381	2817	0.028	251	103	0.000791845268947101	5398	FALSE
sam0014	Mutter_02	382	2737	0.038	304	118	0.00064777543537848	5869	FALSE
sam0014	Mutter_02	383	2712	0.029	212	94	0.000703932763978839	5654.5	FALSE
sam0014	Mutter_02	384	2589	0.024	179	82	0.000787424011944646	5817	FALSE
sam0014	Mutter_02	385	2559	0.023	158	76	0.000817975262114371	5880	FALSE
sam0014	Mutter_02	386	1267	0.015	67	41	0.00148892332610243	5818	FALSE
sam0014	Mutter_02	387	1296	0.016	54	35	0.00111578619980077	5451	FALSE
sam0014	Mutter_02	388	2927	0.021	140	70	0.000725478235156256	5308	FALSE
sam0014	Mutter_02	389	2877	0.028	188	85	0.000766140928316384	5537	FALSE
sam0014	Mutter_02	390	2930	0.026	154	74	0.000794305871637601	5387	FALSE
sam0014	Mutter_02	391	2853	0.02	127	64	0.000648182003708671	5537	FALSE
sam0014	Mutter_02	392	2792	0.016	91	49	0.00081962677307709	5632	FALSE
sam0014	Mutter_02	393	2584	0.013	74	41	0.000958741027692738	5705.5	FALSE
sam0014	Mutter_02	394	1975	0.014	57	32	0.00104404553157182	6605	FALSE
sam0014	Mutter_02	395	420		51	33	0.0022323220784675	7494	FALSE
sam0014	Mutter_02	396	1253	0.021	96	50	0.00106584467741879	5586	FALSE
sam0014	Mutter_02	397	2329	0.024	158	68	0.00109093617180411	6029	FALSE
sam0014	Mutter_02	398	2776	0.021	129	59	0.000914813473876757	5376.5	FALSE
sam0014	Mutter_02	399	2354	0.021	144.5	69	0.000956038164256146	5134.5	FALSE
sam0014	Mutter_02	400	2684	0.024	177.5	80	0.000852813359175633	5075.5	FALSE
sam0014	Mutter_02	401	2812	0.03	250	103	0.000653185619858234	5503.5	FALSE
sam0014	Mutter_02	402	2862	0.033	211.5	95	0.000766019652015037	5479.5	FALSE
sam0014	Mutter_02	403	2718	0.027	186	87	0.000804821925154482	5487.5	FALSE
sam0014	Mutter_02	404	2634	0.028	195	89	0.000882931795719502	5651.5	FALSE
sam0014	Mutter_02	405	1799	0.019	68	42	0.00131590648021833	5768	FALSE
sam0014	Mutter_02	406	2827	0.022	142	70	0.000729795286894932	5400	FALSE
sam0014	Mutter_02	407	2958	0.026	199	88	0.000730386102487887	5428.5	FALSE
sam0014	Mutter_02	408	2935	0.024	171	78	0.000698136686561933	5451	FALSE
sam0014	Mutter_02	409	2989	0.022	158	75	0.000542933982964347	5399	FALSE
sam0014	Mutter_02	410	2776	0.019	132	66	0.000581407175585569	5669.5	FALSE
sam0014	Mutter_02	411	2820	0.016	94	51	0.000586872558551154	5523.5	FALSE
sam0014	Mutter_02	412	2559	0.011	69	38	0.000715471555264237	5646	FALSE
sam0014	Mutter_02	413	1023	0.017	57	33	0.00137947376752612	6884	FALSE
sam0014	Mutter_02	414	88		40	24	0.00176034902597403	6396	FALSE
sam0014	Mutter_02	415	1935	0.019	87	47	0.00112251151516449	5323	FALSE
sam0014	Mutter_02	416	1890	0.022	109	51	0.000958204502655578	5278	FALSE
sam0014	Mutter_02	417	2961	0.024	161	71	0.00101503570332762	5053	FALSE
sam0014	Mutter_02	418	3072	0.022	173	77	0.000810183698609587	4991	FALSE
sam0014	Mutter_02	419	2973	0.028	211	93	0.000774187494821241	5164	FALSE
sam0014	Mutter_02	420	3062	0.029	196	91	0.000690469461819274	5254.5	FALSE
sam0014	Mutter_02	421	2943	0.028	189	87	0.000753918332943893	5310	FALSE
sam0014	Mutter_02	422	2599	0.024	176	81	0.00074859367544742	5626	FALSE
sam0014	Mutter_02	423	2495	0.021	104	57	0.00102603115516142	5398	FALSE
sam0014	Mutter_02	424	2926	0.026	196	87	0.000764323335012587	5524	FALSE
sam0014	Mutter_02	425	2849	0.024	184	83	0.000655250546510185	5698	FALSE
sam0014	Mutter_02	426	2902	0.024	180.5	81	0.000549297365197969	5588	FALSE
sam0014	Mutter_02	427	2803	0.019	118	60	0.000673224803111757	5480	FALSE
sam0014	Mutter_02	428	2029	0.011	61	37	0.00069099855564157	5635	FALSE
sam0014	Mutter_02	429	1932	0.01	51	31	0.00106726730002717	5649	FALSE
sam0014	Mutter_02	430	1190	0.01	48	30	0.00110932178646224	6662.5	FALSE
sam0014	Mutter_02	431	68		69.5	43.5	0.00283847979924922	9781	FALSE
sam0014	Mutter_02	432	1206	0.02	98	47	0.00130910960675141	5337	FALSE
sam0014	Mutter_02	433	2055	0.019	102	49	0.000937086457411005	5352	FALSE
sam0014	Mutter_02	434	3025	0.023	154	72	0.000787219176934905	5063	FALSE
sam0014	Mutter_02	435	3152	0.02	128	65	0.000726529519442214	5040	FALSE
sam0014	Mutter_02	436	3207	0.017	110	57	0.000789662782482101	4877	FALSE
sam0014	Mutter_02	437	2763	0.019	149	71	0.000720629429410953	5719	FALSE
sam0014	Mutter_02	438	2782	0.021	168	77	0.000679830835157622	5804.5	FALSE
sam0014	Mutter_02	439	2911	0.017	149	70	0.000684460539883264	5477	FALSE
sam0014	Mutter_02	440	2930	0.016	123	62	0.000727461392201958	5460	FALSE
sam0014	Mutter_02	441	2726	0.017	102	55	0.000604080360335203	5400.5	FALSE
sam0014	Mutter_02	442	1957	0.012	54	34	0.000942127085758129	5442	FALSE
sam0014	Mutter_02	443	879	0.012	38	26	0.00171442881051607	6133	FALSE
sam0014	Mutter_02	444	352	0.014	40	28	0.00214363068283802	6647.5	FALSE
sam0014	Mutter_02	445	71		35	22	0.00186350486728467	5402	FALSE
sam0014	Mutter_02	446	169		68	36	0.000787955720499255	5953	FALSE
sam0014	Mutter_02	447	1489	0.018	82	43	0.0015368887720178	5418	FALSE
sam0014	Mutter_02	448	3014	0.015	86	48	0.000797641817513153	4938.5	FALSE
sam0014	Mutter_02	449	2832	0.014	105	56	0.000668730168863747	5432	FALSE
sam0014	Mutter_02	450	2873	0.015	107	56	0.000688778537310755	5493	FALSE
sam0014	Mutter_02	451	2775	0.014	100	54	0.000646806805660625	5569	FALSE
sam0014	Mutter_02	452	2420	0.013	78	43	0.000648257054472716	5377	FALSE
sam0014	Mutter_02	453	1793	0.012	52	33	0.00110133033941277	5377	FALSE
sam0014	Mutter_02	454	777	0.016	62	38	0.00140371772614266	6397	FALSE
sam0014	Mutter_02	455	77		64	42	0.00184165379520997	9790	FALSE
sam0014	Mutter_02	456	855	0.019	66	38	0.000965359739592946	5779	FALSE
sam0014	Mutter_02	457	1642	0.012	69	39	0.00110617295936974	5199	FALSE
sam0014	Mutter_02	458	1273	0.014	58	34	0.000762071824339773	5156	FALSE
sam0014	Mutter_02	459	1085	0.014	55	34	0.00107660197210256	5082	FALSE
sam0014	Mutter_02	460	374	0.017	63.5	39	0.00199231683115296	6288.5	FALSE
sam0014	Mutter_02	461	102		54.5	37	0.0021530272944294	7024.5	FALSE
sam0014	Mutter_02	462	296	0.021	44	32	0.00175484944798731	8217.5	FALSE
sam0015	Mutter_02	1	179		38	25	0.00107246961894108	8964	FALSE
sam0015	Mutter_02	2	186		45	27.5	0.00096194057497676	10171	FALSE
sam0015	Mutter_02	3	90		44	28	0.00086055399691247	11318	FALSE
sam0015	Mutter_02	4	457		37	24	0.0011148419135116	6441	FALSE
sam0015	Mutter_02	5	80		51.5	29	9.92063492063492e-05	4899.5	FALSE
sam0015	Mutter_02	6	1238	0.011	52	29.5	0.000632123155057979	3220.5	FALSE
sam0015	Mutter_02	7	729	0.018	53	32	0.000732226249321645	3762	FALSE
sam0015	Mutter_02	10	243		40	26	0.000891633885675788	9305	FALSE
sam0015	Mutter_02	11	472	0.019	52	30	0.000990738978818873	8924	FALSE
sam0015	Mutter_02	12	892	0.016	45.5	28	0.000856184817114059	6642	FALSE
sam0015	Mutter_02	13	1973	0.014	79	42	0.000747621421165186	6694	FALSE
sam0015	Mutter_02	14	1395	0.013	60	34	0.000815347561000625	7094	FALSE
sam0015	Mutter_02	15	582		36	24	0.00156074065602025	5454	FALSE
sam0015	Mutter_02	16	87		32	22	0.00383262414746673	7707	FALSE
sam0015	Mutter_02	17	809	0.015	42	27	0.000780313854460109	4207	FALSE
sam0015	Mutter_02	18	4970	0.01	52	32	0.000578695067552931	2895.5	FALSE
sam0015	Mutter_02	19	1741	0.012	43	26	0.000622074654153809	3486	FALSE
sam0015	Mutter_02	20	451		49	30	0.000783669386923737	6681	FALSE
sam0015	Mutter_02	22	463		40	26	0.00156841065957166	8061	FALSE
sam0015	Mutter_02	23	1084	0.011	41	26	0.000540883789690452	6076.5	FALSE
sam0015	Mutter_02	24	1963	0.017	80	44	0.000668440116394477	6587	FALSE
sam0015	Mutter_02	25	2493	0.019	110	54	0.000793336138716138	6140	FALSE
sam0015	Mutter_02	26	2348	0.017	84.5	46	0.000797035943118048	6276	FALSE
sam0015	Mutter_02	27	1848	0.01	53	32	0.000849803262973583	6577	FALSE
sam0015	Mutter_02	28	1041	0.009	37	24	0.000638120399002559	6465	FALSE
sam0015	Mutter_02	29	612	0.007	35	23	0.00177230382211753	6428	FALSE
sam0015	Mutter_02	30	354		38	26	0.0023357664206735	6150.5	FALSE
sam0015	Mutter_02	31	609	0.012	47	28	0.0012150716680893	5831	FALSE
sam0015	Mutter_02	32	4153	0.012	55	33	0.000666734466781718	3084	FALSE
sam0015	Mutter_02	33	1557	0.018	47	26	0.000812782067071147	3671	FALSE
sam0015	Mutter_02	34	420		58.5	34.5	0.000828100278899124	7402.5	FALSE
sam0015	Mutter_02	35	272		38	24	0.0012112573359555	8221.5	FALSE
sam0015	Mutter_02	36	1511	0.021	72	42	0.000705309943143008	6477	FALSE
sam0015	Mutter_02	37	2286	0.019	94	50	0.000715305250676464	6404	FALSE
sam0015	Mutter_02	38	2544	0.021	142.5	66	0.000738903712241662	6301	FALSE
sam0015	Mutter_02	39	2609	0.023	180	77	0.000704096430833736	6120	FALSE
sam0015	Mutter_02	40	2542	0.015	86	45	0.000786114663838395	5778	FALSE
sam0015	Mutter_02	41	2233	0.011	66	37	0.000767686574649933	5993	FALSE
sam0015	Mutter_02	42	2374	0.011	71	40	0.000592122045500964	6089	FALSE
sam0015	Mutter_02	43	2088	0.013	70	40	0.000507999792316432	6651	FALSE
sam0015	Mutter_02	44	1492	0.011	63	37	0.000976655227415172	6256	FALSE
sam0015	Mutter_02	45	608	0.019	51	30.5	0.00100031436507313	5806.5	FALSE
sam0015	Mutter_02	46	1901	0.019	62	36	0.000788846017410858	4287	FALSE
sam0015	Mutter_02	47	477	0.032	71	39	0.000594600641047457	7513	FALSE
sam0015	Mutter_02	48	380	0.025	61.5	34.5	0.00101994259103959	9234.5	FALSE
sam0015	Mutter_02	49	427	0.018	52	30	0.00121506135428416	8492	FALSE
sam0015	Mutter_02	50	2059	0.022	96	52	0.000666818729174425	6393	FALSE
sam0015	Mutter_02	51	2654	0.027	160	74	0.000688192664056551	6092	FALSE
sam0015	Mutter_02	52	2548	0.026	206	87	0.000690899645409771	6278	FALSE
sam0015	Mutter_02	53	2628	0.021	173	73.5	0.000680015191272648	6019	FALSE
sam0015	Mutter_02	54	2573	0.02	130	61	0.000782081126185159	5859	FALSE
sam0015	Mutter_02	55	2642	0.017	106.5	53	0.000738192745284716	5639.5	FALSE
sam0015	Mutter_02	56	2731	0.021	146	68	0.000702503077218737	5772	FALSE
sam0015	Mutter_02	57	2414	0.018	93	49	0.000635765616715213	6074	FALSE
sam0015	Mutter_02	58	2535	0.017	106	56	0.000764076091503291	6085	FALSE
sam0015	Mutter_02	59	1812	0.017	85	47.5	0.000907867617517443	5570	FALSE
sam0015	Mutter_02	60	803	0.018	46	31	0.00118328382220092	5518	FALSE
sam0015	Mutter_02	61	486	0.025	58	32	0.00115231740557325	7297	FALSE
sam0015	Mutter_02	62	346	0.023	55	31	0.00139026427555413	8981.5	FALSE
sam0015	Mutter_02	63	330	0.031	59	33	0.000967302793938269	8406.5	FALSE
sam0015	Mutter_02	64	426	0.022	62	34.5	0.0011207167542528	8658.5	FALSE
sam0015	Mutter_02	65	472	0.024	58	32	0.00101425776975821	8125.5	FALSE
sam0015	Mutter_02	66	1559	0.022	86	48	0.000632426401116736	6520	FALSE
sam0015	Mutter_02	67	2816	0.023	141	68	0.000531677212508332	5650.5	FALSE
sam0015	Mutter_02	68	2499	0.026	219	89	0.000618144007383347	6264	FALSE
sam0015	Mutter_02	69	2687	0.025	237	93	0.000677984471592794	5926	FALSE
sam0015	Mutter_02	70	2496	0.02	98	48	0.000727319895208281	5932.5	FALSE
sam0015	Mutter_02	71	2801	0.018	156	70	0.000635859053145721	5492	FALSE
sam0015	Mutter_02	72	2796	0.019	159	71	0.000675890888051864	5610	FALSE
sam0015	Mutter_02	73	2813	0.016	124	60	0.00067616325831274	5537	FALSE
sam0015	Mutter_02	74	2524	0.023	155	72	0.000752845593356815	6031	FALSE
sam0015	Mutter_02	75	2813	0.015	94	50	0.000732389347876994	5455	FALSE
sam0015	Mutter_02	76	2446	0.021	94	53	0.000756592969762339	5156	FALSE
sam0015	Mutter_02	77	359	0.029	55	33	0.0016087658089215	7335	FALSE
sam0015	Mutter_02	78	367	0.025	54	31	0.00121533381997339	7150	FALSE
sam0015	Mutter_02	79	265	0.025	71	38	0.000687818530662393	8864	FALSE
sam0015	Mutter_02	80	319		46	29	0.000694202881487611	8280	FALSE
sam0015	Mutter_02	81	344		51.5	31	0.00162841897336898	7865	FALSE
sam0015	Mutter_02	82	560	0.021	76	40	0.000492158820802052	8599.5	FALSE
sam0015	Mutter_02	83	753	0.018	81	42	0.00118996310858944	7992	FALSE
sam0015	Mutter_02	84	2872	0.024	116	59	0.000637902578920468	5358.5	FALSE
sam0015	Mutter_02	85	2855	0.023	172	76	0.00061621597090935	5601	FALSE
sam0015	Mutter_02	86	2888	0.017	148	67	0.000680390945696612	5496	FALSE
sam0015	Mutter_02	87	2720	0.021	120	54	0.000716997338564147	5624.5	FALSE
sam0015	Mutter_02	88	3133	0.017	180	75	0.000669907546457772	5262	FALSE
sam0015	Mutter_02	89	3141	0.018	183	78	0.000778801260290851	5172	FALSE
sam0015	Mutter_02	90	3265	0.017	181	79	0.000670942653587541	4942	FALSE
sam0015	Mutter_02	91	2995	0.023	233	95	0.000713675258319273	5466	FALSE
sam0015	Mutter_02	92	3197	0.02	141	68	0.000641244837299345	4932	FALSE
sam0015	Mutter_02	93	2335	0.02	130	64	0.000621776826922911	5457	FALSE
sam0015	Mutter_02	94	885	0.02	67	40	0.000941085734576231	5613	FALSE
sam0015	Mutter_02	95	94		57.5	34.5	0.00185049541357586	8629.5	FALSE
sam0015	Mutter_02	96	328	0.025	88	45	0.00127326538819619	8398	FALSE
sam0015	Mutter_02	97	1231	0.019	96	48	0.000777636295065586	7112	FALSE
sam0015	Mutter_02	98	2231	0.02	140	64	0.000660778837979764	6519	FALSE
sam0015	Mutter_02	99	2199	0.018	102	50	0.000817338391985659	6021	FALSE
sam0015	Mutter_02	100	2165	0.007	49	27	0.000942377926801217	5434	FALSE
sam0015	Mutter_02	101	3154	0.016	128	60	0.000796108419449087	5036.5	FALSE
sam0015	Mutter_02	102	3180	0.017	163.5	71	0.00078781859437534	5066	FALSE
sam0015	Mutter_02	103	3268	0.018	208	86	0.00075479640222965	5016	FALSE
sam0015	Mutter_02	104	3263	0.016	182	78	0.000758556834223071	5035	FALSE
sam0015	Mutter_02	105	2845	0.022	225	93	0.000718671748618929	5688	FALSE
sam0015	Mutter_02	106	3038	0.02	134	67	0.000799893045874406	5258	FALSE
sam0015	Mutter_02	107	1081	0.014	62	38	0.000841318964332871	5656	FALSE
sam0015	Mutter_02	108	358	0.022	88	45.5	0.00101329488545864	7317	FALSE
sam0015	Mutter_02	109	627	0.017	81	41	0.000739928229290003	6372	FALSE
sam0015	Mutter_02	110	1559	0.009	50	29	0.00126608652923728	5515	FALSE
sam0015	Mutter_02	111	1213	0.006	33	21	0.0014706293270456	5151	FALSE
sam0015	Mutter_02	112	1450	0.006	42	25	0.00101959839368195	5569.5	FALSE
sam0015	Mutter_02	113	3236	0.014	125	60	0.000769139033411739	4861.5	FALSE
sam0015	Mutter_02	114	3109	0.019	197	84	0.000729181076770573	5279	FALSE
sam0015	Mutter_02	115	2841	0.021	229	93	0.000715337514602456	5768	FALSE
sam0015	Mutter_02	116	2410	0.017	120	60	0.000679538467498043	6057	FALSE
sam0015	Mutter_02	117	1337	0.013	62	38	0.000848949523911711	4865	FALSE
sam0015	Mutter_02	118	667	0.015	61	33	0.00144600872411935	6516	FALSE
sam0015	Mutter_02	119	977	0.011	42	26	0.00117674945235037	5888	FALSE
sam0015	Mutter_02	120	2310	0.005	45	26	0.000909352059667549	4899.5	FALSE
sam0015	Mutter_02	121	3388	0.013	128.5	61	0.000749750798322882	4810	FALSE
sam0015	Mutter_02	122	3083	0.019	165	75	0.000797221294719622	5214	FALSE
sam0015	Mutter_02	123	2928	0.022	179	80	0.000758684076024997	5448	FALSE
sam0015	Mutter_02	124	1952	0.019	105	54	0.000913510939706849	5558.5	FALSE
sam0015	Mutter_02	125	412	0.012	47	30	0.000681202447329414	4695	FALSE
sam0015	Mutter_02	126	518		64	34	0.00125435630191679	5997.5	FALSE
sam0015	Mutter_02	127	1565	0.011	78	40	0.000965684268530548	5868	FALSE
sam0015	Mutter_02	128	2202	0.013	101	51	0.000740472771095706	5053.5	FALSE
sam0015	Mutter_02	129	2607	0.017	101	52	0.000916916809566159	5136	FALSE
sam0015	Mutter_02	130	2261	0.02	141	67	0.000782759087991524	5972	FALSE
sam0016	Mutter_02	133	448		41	27	0.000479353048185481	5711	FALSE
sam0016	Mutter_02	135	390		26	17	0.00127473198522033	6795.5	FALSE
sam0016	Mutter_02	136	1767	0.01	44	27	0.000963292058231285	5796	FALSE
sam0016	Mutter_02	137	1407	0.014	96	48	0.000573757644922613	5807	FALSE
sam0016	Mutter_02	140	67		25	18	0.00273460262407083	7007	FALSE
sam0016	Mutter_02	141	1113		33	21	0.000682731674330848	5760	FALSE
sam0016	Mutter_02	142	1907	0.012	57	32	0.000922744177763948	6326	FALSE
sam0016	Mutter_02	143	2404	0.017	100	49	0.000694298809612723	5672.5	FALSE
sam0016	Mutter_02	144	1968	0.024	139	67	0.000733769465979984	5744.5	FALSE
sam0016	Mutter_02	145	579	0.013	51	32	0.000964560142286323	4658	FALSE
sam0016	Mutter_02	148	499		28	18	0.00147510597471363	6205	FALSE
sam0016	Mutter_02	149	1987	0.011	58	33	0.00126830129268512	6060	FALSE
sam0016	Mutter_02	150	1818	0.011	49.5	28	0.00124165689475065	6129	FALSE
sam0016	Mutter_02	151	1499	0.013	40	24	0.0014499879060556	5836	FALSE
sam0016	Mutter_02	152	2106	0.023	147	67	0.000794237465544405	6810.5	FALSE
sam0016	Mutter_02	153	2023	0.027	192	81	0.000794772691359216	6907	FALSE
sam0016	Mutter_02	154	1419	0.02	78	43	0.000874966108408419	5394	FALSE
sam0016	Mutter_02	157	978		49	29	0.00142555985673734	6048.5	FALSE
sam0016	Mutter_02	158	2214	0.014	86	46	0.00101859937237485	6094	FALSE
sam0016	Mutter_02	159	2318	0.011	76	40	0.00122473829813669	6209	FALSE
sam0016	Mutter_02	160	2474	0.021	128	63	0.000870040876940644	6247	FALSE
sam0016	Mutter_02	161	1690	0.018	94	49	0.00102266419404581	6709.5	FALSE
sam0016	Mutter_02	162	2129	0.029	206	87	0.000711679708585977	6900	FALSE
sam0016	Mutter_02	163	2029	0.031	258	100	0.000667719780340428	7543	FALSE
sam0016	Mutter_02	164	2440	0.02	69	39	0.000915690960986211	5343.5	FALSE
sam0016	Mutter_02	165	336	0.019	80	44.5	0.00100783761964413	5321	FALSE
sam0016	Mutter_02	166	64		27	16	0.000446428571428571	6794	FALSE
sam0016	Mutter_02	167	395		47	25	0.00117783402917134	6865	FALSE
sam0016	Mutter_02	168	2003	0.013	70	38	0.00100104083333118	6063	FALSE
sam0016	Mutter_02	169	1957	0.012	64	36	0.00131341161942366	5880	FALSE
sam0016	Mutter_02	170	1778	0.012	63	36	0.00131454038196776	5855.5	FALSE
sam0016	Mutter_02	171	1953	0.011	79	42	0.00112827133482876	5932	FALSE
sam0016	Mutter_02	172	2092	0.017	104	53	0.000922444390093288	6368	FALSE
sam0016	Mutter_02	173	2521	0.026	171	76	0.000743846770621439	6098	FALSE
sam0016	Mutter_02	174	2066	0.026	159	70	0.000968768381730085	6836.5	FALSE
sam0016	Mutter_02	175	2350	0.018	86	48	0.000850107801497347	5611.5	FALSE
sam0016	Mutter_02	176	1037	0.015	82	45	0.000929320821266764	5609	FALSE
sam0016	Mutter_02	177	443		57	27	0.000653318889524795	6421	FALSE
sam0016	Mutter_02	178	1024	0.01	39	25	0.00127691492626453	5776	FALSE
sam0016	Mutter_02	179	1640	0.013	45	27	0.00126107339714698	5808.5	FALSE
sam0016	Mutter_02	180	1311	0.01	37	24	0.0018770977645358	5758	FALSE
sam0016	Mutter_02	181	462		27	18	0.00194837309003456	6351	FALSE
sam0016	Mutter_02	182	581	0.007	27	19	0.00145309149864034	6758	FALSE
sam0016	Mutter_02	183	2107	0.015	52	31	0.000946370503991228	5006	FALSE
sam0016	Mutter_02	184	2141	0.025	137	63	0.000903144773959862	6479	FALSE
sam0016	Mutter_02	185	1861	0.032	230	94	0.00082567412100997	7890	FALSE
sam0016	Mutter_02	186	2581	0.025	188	82	0.000759117723009976	6137	FALSE
sam0016	Mutter_02	187	2559	0.018	91	49	0.000765661360703233	5287	FALSE
sam0016	Mutter_02	188	115		41	25	0.00170028585151459	6352	FALSE
sam0016	Mutter_02	189	538		40	23	0.000963552225957741	6277	FALSE
sam0016	Mutter_02	190	1392	0.008	37	24	0.00139098516609981	5716	FALSE
sam0016	Mutter_02	191	732		27	19	0.00223689157179814	6076.5	FALSE
sam0016	Mutter_02	192	453		26	19	0.00141111424451956	6910	FALSE
sam0016	Mutter_02	193	347		25	18	0.00171831648583324	6749	FALSE
sam0016	Mutter_02	194	606		26	19	0.000835499523985864	7571.5	FALSE
sam0016	Mutter_02	195	1000	0.019	47.5	29	0.0017406822596649	6778.5	FALSE
sam0016	Mutter_02	196	838	0.012	35	24	0.00159109366940439	7168.5	FALSE
sam0016	Mutter_02	197	1210	0.02	73	38	0.00109255221838245	7677	FALSE
sam0016	Mutter_02	198	2453	0.024	207	88	0.00075324895555031	6502	FALSE
sam0016	Mutter_02	199	2660	0.021	163	75	0.000760837600299189	5957	FALSE
sam0016	Mutter_02	200	778	0.02	76.5	45	0.000635978132750616	6230	FALSE
sam0016	Mutter_02	201	102		44.5	26	0.00221700870116357	7693.5	FALSE
sam0016	Mutter_02	202	276		30	20	0.000623576306417157	7094	FALSE
sam0016	Mutter_02	203	518		28	19	0.00184913590335086	7422	FALSE
sam0016	Mutter_02	204	506		27	19	0.00169834456741829	6245.5	FALSE
sam0016	Mutter_02	205	498		26	18	0.00101039291077142	6091.5	FALSE
sam0016	Mutter_02	206	361		25	18	0.000840085057907478	7383	FALSE
sam0016	Mutter_02	207	654		27	19	0.00154901069760901	7304.5	FALSE
sam0016	Mutter_02	208	967		29	20	0.00187127982718674	6603	FALSE
sam0016	Mutter_02	209	1056	0.007	29	20	0.0018391782481863	6099.5	FALSE
sam0016	Mutter_02	210	1496	0.015	63	34	0.00122845507313978	6926	FALSE
sam0016	Mutter_02	211	2331	0.021	205	85	0.000784831743624914	6745	FALSE
sam0016	Mutter_02	212	2250	0.026	213	88.5	0.000694537653722573	6729	FALSE
sam0016	Mutter_02	213	1146	0.021	91	50	0.000671435736669758	6705.5	FALSE
sam0016	Mutter_02	214	159		48	28	0.000628276916933203	7166	FALSE
sam0016	Mutter_02	215	230		34	22	0.00107597733708053	7163.5	FALSE
sam0016	Mutter_02	216	587		29	19	0.00131613401781715	6938	FALSE
sam0016	Mutter_02	217	709		28	19	0.00176663279890409	6087	FALSE
sam0016	Mutter_02	218	596		26	18	0.00168150841066632	6303	FALSE
sam0016	Mutter_02	219	621		26	19	0.00155147260614365	6930	FALSE
sam0016	Mutter_02	220	1629	0.011	48	29	0.00149359621138064	6226	FALSE
sam0016	Mutter_02	221	1499	0.013	40	27	0.00155831989417914	6167	FALSE
sam0016	Mutter_02	222	1947	0.021	126	59	0.000991602002062105	6649	FALSE
sam0016	Mutter_02	223	2183	0.022	202	85	0.000871797845794228	6975	FALSE
sam0016	Mutter_02	224	2402	0.027	203.5	87	0.000656801584177556	6589.5	FALSE
sam0016	Mutter_02	225	2066	0.022	162	73	0.000740719973059536	6515.5	FALSE
sam0016	Mutter_02	226	1029	0.017	90	48	0.000623922881636538	6831	FALSE
sam0016	Mutter_02	227	55		43	24	0.00121212121212121	8665	FALSE
sam0016	Mutter_02	228	409	0.016	71	34	0.000667636541210558	7030	FALSE
sam0016	Mutter_02	229	1725	0.01	42	26	0.000844431991298633	5105	FALSE
sam0016	Mutter_02	230	1750	0.013	44	27	0.0012213624761494	5578	FALSE
sam0016	Mutter_02	231	1726	0.011	54	31	0.00132148875516241	5854	FALSE
sam0016	Mutter_02	232	1525	0.016	64	35	0.000870505393741104	6398	FALSE
sam0016	Mutter_02	233	2460	0.024	190	84	0.000961226842897126	6354.5	FALSE
sam0016	Mutter_02	234	2561	0.025	210	89	0.000844558085491324	6199	FALSE
sam0016	Mutter_02	235	2217	0.029	232	94	0.000773545308463311	7030	FALSE
sam0016	Mutter_02	236	2502	0.027	195	86	0.000710451389488981	6195	FALSE
sam0016	Mutter_02	237	2625	0.025	177	79	0.00066161268287692	6102	FALSE
sam0016	Mutter_02	238	2240	0.025	173	76	0.00068588046145364	6385	FALSE
sam0016	Mutter_02	239	885	0.018	80	42	0.000711060030368425	6315	FALSE
sam0016	Mutter_02	240	187		45	20	0.000624189973508172	6308	FALSE
sam0016	Mutter_02	241	1044	0.019	47	28	0.000762361342812593	5237	FALSE
sam0016	Mutter_02	242	2223	0.015	53	32	0.000798995461120085	4526	FALSE
sam0016	Mutter_02	243	2636	0.017	84	46	0.000847419274384939	5073	FALSE
sam0016	Mutter_02	244	2211	0.018	105	52	0.000777594200928893	5766	FALSE
sam0016	Mutter_02	245	1958	0.023	139	65	0.00086972487096492	6097	FALSE
sam0016	Mutter_02	246	2224	0.02	100	51	0.000941428660399718	5652.5	FALSE
sam0016	Mutter_02	247	1965	0.024	114	57	0.000771850587734519	6565	FALSE
sam0016	Mutter_02	248	1850	0.015	61	36	0.0009300282258016	5840.5	FALSE
sam0016	Mutter_02	249	2031	0.016	64	39	0.0007507620029448	4934	FALSE
sam0016	Mutter_02	250	1153	0.026	89	46	0.000639424800847728	5911	FALSE
sam0016	Mutter_02	251	187		64	35	0.000767072277326713	7305	FALSE
sam0016	Mutter_02	252	82		36.5	18.5	0	5725.5	FALSE
sam0016	Mutter_02	253	805	0.01	40	25	0.00104570771349691	5905	FALSE
sam0016	Mutter_02	254	100		42	27.5	0.00162600779947687	5373.5	FALSE
sam0016	Mutter_02	255	137		43	24	0.000856660568368833	6943	FALSE
sam0016	Mutter_02	256	201		51	29	0.00090053293051568	6280	FALSE
sam0016	Mutter_02	258	243		40	23	0.000796449992066286	6324	FALSE
sam0017	Mutter_02	258	103		35	19	0.00128996314139687	6326	FALSE
sam0017	Mutter_02	259	51		37	20	0.000834500466853408	9878	FALSE
sam0017	Mutter_02	260	115		44	22	0.00118610022114539	7953	FALSE
sam0017	Mutter_02	261	146		46	23	0.00159138972254301	8120.5	FALSE
sam0017	Mutter_02	262	72		34	19	0.000812632789571292	7996	FALSE
sam0017	Mutter_02	264	50		40.5	21	0.00111111111111111	11314.5	FALSE
sam0017	Mutter_02	266	597		42	28	0.00227215748004465	6487	FALSE
sam0017	Mutter_02	267	77		40	23	0.0003610982395939	8546	FALSE
sam0017	Mutter_02	268	138		40	24.5	0.00166335918568982	7926.5	FALSE
sam0017	Mutter_02	269	202		40	22	0.00136964820554033	7386.5	FALSE
sam0017	Mutter_02	270	244		39	22	0.00183881422361956	7406.5	FALSE
sam0017	Mutter_02	271	195		41	23	0.00209607988328223	7835	FALSE
sam0017	Mutter_02	272	182		39	21	0.00213693269214254	7750	FALSE
sam0017	Mutter_02	273	228		48	21	0.00157724638911559	7675	FALSE
sam0017	Mutter_02	274	217		55	24	0.0027022263391784	8481	FALSE
sam0017	Mutter_02	275	144		64.5	23	0.00134782606090686	8958.5	FALSE
sam0017	Mutter_02	276	350		42.5	28	0.00130452439365396	6972.5	FALSE
sam0017	Mutter_02	277	291		42	26	0.00110307116265778	7869	FALSE
sam0017	Mutter_02	279	133		42	27	0.00219020869256032	6910	FALSE
sam0017	Mutter_02	280	90		39	23.5	8.74890638670166e-05	7033.5	FALSE
sam0017	Mutter_02	281	182		41	23	0.00109417012062411	8263.5	FALSE
sam0017	Mutter_02	282	225	0.008	39	23	0.00245361563985419	8077	FALSE
sam0017	Mutter_02	283	651		37	24	0.000733871492535072	5707	FALSE
sam0017	Mutter_02	284	640		39	24	0.000606699088411441	5828.5	FALSE
sam0017	Mutter_02	285	484		40	24	0.00088402167696711	6098	FALSE
sam0017	Mutter_02	286	351		38	22	0.000952620385208222	6643	FALSE
sam0017	Mutter_02	287	213		59	26	0.00114587000865187	7654	FALSE
sam0017	Mutter_02	288	108		41	25.5	0.00104642562367766	8948.5	FALSE
sam0017	Mutter_02	289	225		49	22	0.00175905196496053	8058	FALSE
sam0017	Mutter_02	290	79		36	23	0.00290114799231209	8417	FALSE
sam0017	Mutter_02	291	298		47	28.5	0.0013982014016881	8255.5	FALSE
sam0017	Mutter_02	294	120		47.5	22	0.00170216718679845	8559.5	FALSE
sam0017	Mutter_02	295	199		52	23	0.00199118667971576	8276	FALSE
sam0017	Mutter_02	296	177		37	22	0.00103937420733652	7746	FALSE
sam0017	Mutter_02	297	845	0.01	44	28	0.00058065100271425	5442	FALSE
sam0017	Mutter_02	298	2701	0.013	76	41	0.00088468345184019	5156	FALSE
sam0017	Mutter_02	299	2801	0.012	78	41	0.000836770164813542	5286	FALSE
sam0017	Mutter_02	300	2302	0.013	66	38	0.000884369374574767	5433.5	FALSE
sam0017	Mutter_02	301	1975	0.012	60	35	0.000776364262517097	5578	FALSE
sam0017	Mutter_02	302	534		42	25	0.000904246326301991	6033.5	FALSE
sam0017	Mutter_02	303	147		44	29	0.000638980586612312	8435	FALSE
sam0017	Mutter_02	304	336		51.5	24	0.00140036290425938	6971	FALSE
sam0017	Mutter_02	305	195		36	23	0.00048475833152669	7418	FALSE
sam0017	Mutter_02	306	380		46	27	0.00107807834913247	8624	FALSE
sam0017	Mutter_02	308	82		52	20.5	0.00129654433493103	9785	FALSE
sam0017	Mutter_02	309	191		57	23	0.00242879205057045	7692	FALSE
sam0017	Mutter_02	310	183		59	23	0.00177650142256944	8153	FALSE
sam0017	Mutter_02	311	558	0.012	39	25	0.000682451714299735	5910	FALSE
sam0017	Mutter_02	312	2504	0.014	76	42	0.000918268093556773	5435	FALSE
sam0017	Mutter_02	313	3045	0.02	140	62	0.000732150480900186	5347	FALSE
sam0017	Mutter_02	314	2950	0.018	146	64	0.000768928464139028	5478.5	FALSE
sam0017	Mutter_02	315	2909	0.017	125	60	0.000722038242297795	5539	FALSE
sam0017	Mutter_02	316	2822	0.017	109	55	0.00071869454791436	5553	FALSE
sam0017	Mutter_02	317	2098	0.012	75	40	0.000755006039468688	5654.5	FALSE
sam0017	Mutter_02	318	787		45	29	0.00124304938946663	6327	FALSE
sam0017	Mutter_02	319	626	0.018	69	35.5	0.000992694005484661	6755	FALSE
sam0017	Mutter_02	320	133		38	24	0.00141302256679349	8096	FALSE
sam0017	Mutter_02	321	568	0.017	45	26.5	0.00119200331139907	7156	FALSE
sam0017	Mutter_02	322	162		42.5	26	0.00082529603138274	8587.5	FALSE
sam0017	Mutter_02	324	178		51	21	0.00152408940150703	7846.5	FALSE
sam0017	Mutter_02	325	188		58	22	0.00121272491080068	7826	FALSE
sam0017	Mutter_02	326	479		42	25	0.000978506944497452	6087	FALSE
sam0017	Mutter_02	327	2626	0.013	75	42	0.000917136756035277	5516.5	FALSE
sam0017	Mutter_02	328	2974	0.02	153.5	65	0.000627262903265761	5533.5	FALSE
sam0017	Mutter_02	329	3034	0.019	185	77	0.000731558622316283	5366.5	FALSE
sam0017	Mutter_02	330	2941	0.018	161	70	0.00074471412326368	5542	FALSE
sam0017	Mutter_02	331	2938	0.019	156	67	0.000728443171348076	5592	FALSE
sam0017	Mutter_02	332	2445	0.013	98	48	0.000795145508338036	5980	FALSE
sam0017	Mutter_02	333	1598	0.008	46	28	0.000714036301515132	6158	FALSE
sam0017	Mutter_02	334	757	0.025	78	41	0.00103968464288975	5476	FALSE
sam0017	Mutter_02	335	253		50	29	0.0013556133010912	8170	FALSE
sam0017	Mutter_02	336	324		60	33	0.00144116585586979	8380.5	FALSE
sam0017	Mutter_02	337	150		61.5	24	0.00216088498693654	8412	FALSE
sam0017	Mutter_02	338	241		60	25	0.00104622797482321	7795	FALSE
sam0017	Mutter_02	339	190		38	22	0.00133584668903701	7690.5	FALSE
sam0017	Mutter_02	340	2556	0.013	75	42	0.000799693213503157	5354.5	FALSE
sam0017	Mutter_02	341	2939	0.018	158	66	0.00062246536070222	5491	FALSE
sam0017	Mutter_02	342	2992	0.018	189	76	0.000735219215220345	5494	FALSE
sam0017	Mutter_02	343	2992	0.016	156	67	0.000660787266065908	5449.5	FALSE
sam0017	Mutter_02	344	2855	0.02	161	66	0.000609591930434696	5607	FALSE
sam0017	Mutter_02	345	2495	0.013	90	44	0.000666316761672583	5785	FALSE
sam0017	Mutter_02	346	1973	0.009	55	31	0.000551356576101485	5908	FALSE
sam0017	Mutter_02	347	52		61.5	23	0.00127516190046723	10723	FALSE
sam0017	Mutter_02	348	199		58	23	0.00193208021159309	7938	FALSE
sam0017	Mutter_02	349	176		43	20	0.000844197363559424	8253	FALSE
sam0017	Mutter_02	350	1706	0.014	67	39	0.00104430321601391	5589.5	FALSE
sam0017	Mutter_02	351	2835	0.017	114	53	0.000719650904159617	5541	FALSE
sam0017	Mutter_02	352	2807	0.02	182	72	0.000671267090993926	5717	FALSE
sam0017	Mutter_02	353	2956	0.013	125	55.5	0.000618926588546795	5329.5	FALSE
sam0017	Mutter_02	354	2710	0.016	114	52	0.000588156881675321	5647	FALSE
sam0017	Mutter_02	355	2364	0.012	81.5	40	0.00067638163962136	6037	FALSE
sam0017	Mutter_02	356	1685	0.012	55	31	0.000905408489051731	5520	FALSE
sam0017	Mutter_02	357	60		34.5	18.5	0.000694444444444444	8406.5	FALSE
sam0017	Mutter_02	358	132		40	21	0.00160994351008719	8425	FALSE
sam0017	Mutter_02	359	315	0.01	36	23	0.00200425192358835	6340	FALSE
sam0017	Mutter_02	360	789	0.009	47	27	0.000934968542932945	5701	FALSE
sam0017	Mutter_02	361	1903	0.015	97	44	0.000760911254098515	5948	FALSE
sam0017	Mutter_02	362	2046	0.012	77	38	0.000732162669190328	5970.5	FALSE
sam0017	Mutter_02	363	1544	0.011	62	33	0.000630708627851873	6332.5	FALSE
sam0017	Mutter_02	364	964	0.007	51	27.5	0.00099899425290027	5820	FALSE
sam0017	Mutter_02	365	290		72	38	0.000673440700906015	6654	FALSE
sam0017	Mutter_02	366	142		38	23	0.000717726360857887	6330	FALSE
sam0018	Mutter_02	8	56		50	26.5	0.000708883367748487	8993.5	FALSE
sam0018	Mutter_02	9	87		33	21	0.000945414738518187	8404	FALSE
sam0018	Mutter_02	13	244		40	26.5	0.00128912412230038	7572.5	FALSE
sam0018	Mutter_02	14	791	0.018	64	40	0.00113413225661634	6276	FALSE
sam0018	Mutter_02	15	700	0.017	56	36	0.000651482092087669	6607.5	FALSE
sam0018	Mutter_02	16	244		37	23	0.00172281894882011	7311	FALSE
sam0018	Mutter_02	17	52		42.5	21	0.000557094896717538	9199	FALSE
sam0018	Mutter_02	21	434	0.012	42	29	0.000564047568733332	5664	FALSE
sam0018	Mutter_02	22	2284	0.028	96	58	0.000764064654052339	5982.5	FALSE
sam0018	Mutter_02	23	2107	0.034	135	74	0.000888205382517431	5982	FALSE
sam0018	Mutter_02	24	2503	0.033	142	78	0.000735834999089172	6022	FALSE
sam0018	Mutter_02	25	2095	0.029	95	58	0.000906479642810081	6084	FALSE
sam0018	Mutter_02	26	305		46	29	0.000386730460182885	6370	FALSE
sam0018	Mutter_02	29	66		35	25.5	0.000781625781625782	10448	FALSE
sam0018	Mutter_02	30	247		34	24	0.00124222464406322	5805	FALSE
sam0018	Mutter_02	31	2406	0.025	84	54	0.00087067504131376	5365	FALSE
sam0018	Mutter_02	32	3015	0.033	168	90	0.00085348212186948	5386	FALSE
sam0018	Mutter_02	33	2775	0.035	220	103	0.000823785523863296	5719	FALSE
sam0018	Mutter_02	34	2717	0.041	229	109	0.000799453397441779	6009	FALSE
sam0018	Mutter_02	35	2712	0.037	157	88	0.000855420021427358	5788	FALSE
sam0018	Mutter_02	36	933	0.025	77	49	0.000784960205954473	5725	FALSE
sam0018	Mutter_02	39	833	0.018	46	33	0.00106490614900301	5294	FALSE
sam0018	Mutter_02	40	2984	0.027	121	76	0.00090283331402344	5199	FALSE
sam0018	Mutter_02	41	2983	0.034	178	94	0.000825794941177652	5505	FALSE
sam0018	Mutter_02	42	2935	0.035	228	109	0.000832293384595608	5653	FALSE
sam0018	Mutter_02	43	2725	0.038	228	107	0.000793731195442959	5954	FALSE
sam0018	Mutter_02	44	2835	0.039	219	106	0.000746582470067503	5747	FALSE
sam0018	Mutter_02	45	1798	0.031	106.5	66	0.00102597923589747	5504.5	FALSE
sam0018	Mutter_02	47	128		34	19	0.0019321380400324	7850	FALSE
sam0018	Mutter_02	48	978	0.02	64	43	0.00076426055400514	5216.5	FALSE
sam0018	Mutter_02	49	3052	0.025	117	71	0.000998836629659422	5049	FALSE
sam0018	Mutter_02	50	3071	0.027	146	80	0.000959900372677042	5240	FALSE
sam0018	Mutter_02	51	2906	0.031	176.5	90	0.000890183176618321	5626.5	FALSE
sam0018	Mutter_02	52	2832	0.035	207	101	0.000809066717765778	5823	FALSE
sam0018	Mutter_02	53	2783	0.037	201	100	0.000760365100098584	5776	FALSE
sam0018	Mutter_02	54	1646	0.034	121.5	70	0.000859208426176837	5431	FALSE
sam0018	Mutter_02	56	211		42	23	0.000730714523233034	7420	FALSE
sam0018	Mutter_02	57	395	0.019	41	29	0.00153768415556337	5410	FALSE
sam0018	Mutter_02	58	2715	0.023	108	66	0.00105196101106943	5094	FALSE
sam0018	Mutter_02	59	2896	0.029	155	84	0.000989792596154721	5536	FALSE
sam0018	Mutter_02	60	2661	0.034	194	100	0.000871452031495456	6106	FALSE
sam0018	Mutter_02	61	2593	0.034	185	97	0.000943293505047117	6187	FALSE
sam0018	Mutter_02	62	2624	0.033	140	78	0.00105097827717355	5484	FALSE
sam0018	Mutter_02	63	253	0.02	73	45	0.000635115781212754	5561	FALSE
sam0018	Mutter_02	66	215		49	27	0.000853201413967931	7669	FALSE
sam0018	Mutter_02	67	217		36	24	0.00114243900422952	6659	FALSE
sam0018	Mutter_02	68	1221	0.024	77	51	0.00112551064622288	5515	FALSE
sam0018	Mutter_02	69	2689	0.027	121	72	0.00104028854455636	5397	FALSE
sam0018	Mutter_02	70	2733	0.03	131	76	0.0009251901184829	5566	FALSE
sam0018	Mutter_02	71	1660	0.028	90	58	0.00121056147872681	5625	FALSE
sam0018	Mutter_02	72	243	0.03	47	30	0.000913946878436297	5616	FALSE
sam0018	Mutter_02	75	202		43	25	0.000672618420768251	7697	FALSE
sam0018	Mutter_02	76	215		39	23	0.00113136466438704	7395	FALSE
sam0018	Mutter_02	77	212		34.5	23	0.00128283268153264	7746.5	FALSE
sam0018	Mutter_02	78	258		34	24	0.0015976680387359	7303.5	FALSE
sam0018	Mutter_02	79	75		31	21	0.000779220779220779	7477	FALSE
sam0018	Mutter_02	84	98		34.5	20	0.000620570127667421	8348	FALSE
sam0018	Mutter_02	85	209		42	22	0.00135982823877273	7641	FALSE
sam0018	Mutter_02	86	256		43	24	0.00132735029313901	7697	FALSE
sam0018	Mutter_02	87	128		39	22	0.00139609044641665	7743.5	FALSE
sam0018	Mutter_02	93	72		38	21	0.000829331567036485	9055	FALSE
sam0018	Mutter_02	94	170		40	24	0.000969883060273125	7651	FALSE
sam0018	Mutter_02	95	85		37	22	0.00107254372734249	8166	FALSE
sam0018	Mutter_02	98	66		35	19	0.00139222245797204	5697.5	FALSE
sam0018	Mutter_02	101	90		33.5	21.5	0.00289961374355551	6470	FALSE
sam0019	Mutter_02	102	293		43	27	0.000862649361078759	6855	FALSE
sam0019	Mutter_02	103	192		47	28	0.00151593969994565	7699.5	FALSE
sam0019	Mutter_02	104	150		48.5	30	0.00114627163765813	6884.5	FALSE
sam0019	Mutter_02	105	737	0.017	52	35	0.00203331419582183	7191	FALSE
sam0019	Mutter_02	106	424	0.012	42	27	0.00187360770343598	7170.5	FALSE
sam0019	Mutter_02	107	422	0.015	50.5	34	0.00178424100962254	7492	FALSE
sam0019	Mutter_02	108	167		67	44	0.00198296617785772	7898	FALSE
sam0019	Mutter_02	110	65		40	25	0.0031570929465974	8876	FALSE
sam0019	Mutter_02	111	174		47	30	0.00138747722819939	7597.5	FALSE
sam0019	Mutter_02	112	838	0.018	54	35	0.000936783870802471	7222.5	FALSE
sam0019	Mutter_02	113	2223	0.026	91	53	0.000795198094501442	5724	FALSE
sam0019	Mutter_02	114	1958	0.025	96	54	0.000908932047368093	5789.5	FALSE
sam0019	Mutter_02	115	334	0.016	37	24	0.00167907241224989	6347	FALSE
sam0019	Mutter_02	116	428	0.015	47	31	0.00260351977990707	7182.5	FALSE
sam0019	Mutter_02	117	148		41	23	0.00177198068470503	5971.5	FALSE
sam0019	Mutter_02	118	118		32	20.5	0.000869751188738048	6496.5	FALSE
sam0019	Mutter_02	119	614	0.019	46	30	0.000599940669352847	7007.5	FALSE
sam0019	Mutter_02	120	2550	0.034	125	68	0.000813872796790149	5823.5	FALSE
sam0019	Mutter_02	121	2915	0.044	230	102	0.000777821510635413	5578	TRUE
sam0019	Mutter_02	122	2250	0.032	112	66	0.00107398033239313	5181	FALSE
sam0019	Mutter_02	123	1418	0.028	82.5	50	0.000856852613949474	5047.5	FALSE
sam0019	Mutter_02	124	1958	0.031	110	59.5	0.000872149905214181	5132.5	FALSE
sam0019	Mutter_02	125	293	0.022	51	31	0.00112337336002439	6888	FALSE
sam0019	Mutter_02	126	176		64	39	0.00224949622542481	8183	FALSE
sam0019	Mutter_02	127	222		41	21	0.00081152782864633	6273	FALSE
sam0019	Mutter_02	128	162		41	23.5	0.00146430442398933	6223	FALSE
sam0019	Mutter_02	129	125		52	35	0.00159048286223174	8397	FALSE
sam0019	Mutter_02	130	1304	0.027	80	46	0.000889922946238854	6231.5	FALSE
sam0019	Mutter_02	131	2919	0.043	241	110	0.000844028750609331	5640	FALSE
sam0019	Mutter_02	132	2852	0.048	276	118	0.000812961189578854	5731	TRUE
sam0019	Mutter_02	133	3025	0.04	208	103	0.000755522715620834	5261	FALSE
sam0019	Mutter_02	134	3150	0.04	221	103	0.000774332241971358	5244.5	FALSE
sam0019	Mutter_02	135	3140	0.041	191	95	0.000808450646309959	5080	FALSE
sam0019	Mutter_02	136	606	0.023	50	30.5	0.00131972513775249	5482	FALSE
sam0019	Mutter_02	137	242	0.017	40	24	0.00262081521840104	6271	FALSE
sam0019	Mutter_02	138	204		43	25	0.00138386388362898	6916	FALSE
sam0019	Mutter_02	139	187		39	22	0.000878874594068166	6181	FALSE
sam0019	Mutter_02	141	87		40	24	0.000801488131297088	7523	FALSE
sam0019	Mutter_02	142	1352	0.028	82.5	51	0.000971116851052139	5366	FALSE
sam0019	Mutter_02	143	3133	0.04	227	109	0.000801090929965081	5275	FALSE
sam0019	Mutter_02	144	2977	0.043	243	112	0.000817666152642956	5517	FALSE
sam0019	Mutter_02	145	2957	0.044	252	116	0.00084138608452101	5586	TRUE
sam0019	Mutter_02	146	3001	0.044	280	122	0.000749415990841275	5511	TRUE
sam0019	Mutter_02	147	1761	0.04	138	81	0.00119351330161144	5441	FALSE
sam0019	Mutter_02	148	422	0.024	44	28	0.00167768415005565	5570	FALSE
sam0019	Mutter_02	149	103		38	23	0.00114397894162841	7334	FALSE
sam0019	Mutter_02	150	337	0.019	57	38	0.00145622156547351	6621	FALSE
sam0019	Mutter_02	151	53		31	21	0.00122678920051212	8266	FALSE
sam0019	Mutter_02	152	114		41	25	0.000428335672713854	7572.5	FALSE
sam0019	Mutter_02	153	847	0.019	45	29	0.000971261973973351	5196	FALSE
sam0019	Mutter_02	154	3257	0.035	151	82	0.000945195443725925	4985	FALSE
sam0019	Mutter_02	155	2838	0.039	176	91	0.000864275211152621	5509	FALSE
sam0019	Mutter_02	156	2500	0.037	164.5	90	0.000975699964367116	5695.5	FALSE
sam0019	Mutter_02	157	2043	0.038	184	94	0.000917539780676829	5813	FALSE
sam0019	Mutter_02	158	342		45	28	0.00142143377379923	5921	FALSE
sam0019	Mutter_02	159	122		38.5	22	0.00265443863576875	6374	FALSE
sam0019	Mutter_02	160	396	0.015	62.5	39	0.00158775909715319	6116.5	FALSE
sam0019	Mutter_02	161	59		48	26	0.000532598207117024	7943	FALSE
sam0019	Mutter_02	162	259		57	30	0.000816348807022668	7218	FALSE
sam0019	Mutter_02	163	1408	0.02	62	41	0.00140295972164666	5294.5	FALSE
sam0019	Mutter_02	164	2168	0.028	94	61	0.00104221202912163	5409	FALSE
sam0019	Mutter_02	165	2269	0.031	110	66	0.00110182612425234	5740	FALSE
sam0019	Mutter_02	166	1758	0.028	73	49	0.00117874334735099	5801	FALSE
sam0019	Mutter_02	167	800	0.028	50	35	0.00134014643154155	6226.5	FALSE
sam0019	Mutter_02	168	264		44	27	0.00191601328768153	6459.5	FALSE
sam0019	Mutter_02	169	153		37	24	0.0011194764906203	7984	FALSE
sam0019	Mutter_02	170	223		54	35	0.00244887193044472	7640	FALSE
sam0019	Mutter_02	171	161		48	26	0.00152461038907824	7917	FALSE
sam0019	Mutter_02	172	328		38	22	0.00138884955960772	6249.5	FALSE
sam0019	Mutter_02	173	658	0.011	38	26	0.00101868285122492	5674	FALSE
sam0019	Mutter_02	174	2631	0.026	97	63	0.00102801948985028	5014	FALSE
sam0019	Mutter_02	175	2899	0.031	119	70	0.00089982014508742	4924	FALSE
sam0019	Mutter_02	176	2710	0.036	135	80	0.000954711330238485	5256.5	FALSE
sam0019	Mutter_02	177	1821	0.036	96	63	0.00104600951788722	5647	FALSE
sam0019	Mutter_02	178	288		40	24	0.00188082384350269	7042.5	FALSE
sam0019	Mutter_02	179	564	0.02	53	35	0.00104668390377532	6280	FALSE
sam0019	Mutter_02	180	211		70	39	0.00241751791774949	7697	FALSE
sam0019	Mutter_02	181	177		52	25	0.00141404375717332	7732	FALSE
sam0019	Mutter_02	182	337		46	25	0.00143818302075927	6227	FALSE
sam0019	Mutter_02	183	542	0.014	39	26	0.00168899088677337	5888	FALSE
sam0019	Mutter_02	184	2096	0.027	94	61	0.00123577026793945	5500.5	FALSE
sam0019	Mutter_02	185	2784	0.034	145	82	0.000982162097044245	5266.5	FALSE
sam0019	Mutter_02	186	2841	0.041	174	92	0.000805131227718498	5614	FALSE
sam0019	Mutter_02	187	2085	0.037	127	75	0.00109928908070835	5831	FALSE
sam0019	Mutter_02	188	296	0.017	48.5	31.5	0.00155479631089001	6834	FALSE
sam0019	Mutter_02	189	566	0.021	58	33	0.00199710665455104	7256	FALSE
sam0019	Mutter_02	190	73		82	48	0.00423226801801001	8818	FALSE
sam0019	Mutter_02	191	78		44	21	0.00118621446196168	8638	FALSE
sam0019	Mutter_02	192	278		42	22	0.000695947338319057	6452.5	FALSE
sam0019	Mutter_02	193	297		37	22	0.00193888610603875	6181	FALSE
sam0019	Mutter_02	194	1522	0.027	93	55	0.00103471118425637	6119	FALSE
sam0019	Mutter_02	195	2659	0.038	164	85	0.000774737772587015	5830	FALSE
sam0019	Mutter_02	196	2549	0.039	163	84	0.000778985297471004	5894	FALSE
sam0019	Mutter_02	197	841	0.026	82	49	0.00103032194660622	6545	FALSE
sam0019	Mutter_02	198	259	0.028	54	36	0.00324178513880276	7789	FALSE
sam0019	Mutter_02	199	206		43	25	0.000676353687967625	6525.5	FALSE
sam0019	Mutter_02	200	223		36	21	0.00124435916724886	5942	FALSE
sam0019	Mutter_02	201	319		40	24	0.000780343456111169	6515	FALSE
sam0019	Mutter_02	202	670		59	35	0.000964282561359945	6762	FALSE
sam0019	Mutter_02	203	453	0.022	51	33	0.00173972860854062	6106	FALSE
sam0019	Mutter_02	204	199		56	37	0.00170188957320776	5709	FALSE
sam0020	Mutter_02	205	186		56	31	0.000970597708133132	4889	FALSE
sam0020	Mutter_02	206	1228	0.031	99	57	0.00108868247594949	5560.5	FALSE
sam0020	Mutter_02	207	1813	0.024	70	44	0.00107297414729804	5258	FALSE
sam0020	Mutter_02	208	1551	0.038	100	56	0.00101034929859043	5554	FALSE
sam0020	Mutter_02	209	1227	0.03	77	44	0.000888305230245531	5819	FALSE
sam0020	Mutter_02	210	192		45.5	30	0.00131514013687621	6708.5	FALSE
sam0020	Mutter_02	211	130		69.5	43	0.000942566192604209	8147	FALSE
sam0020	Mutter_02	213	2365	0.019	66	40	0.000993507337155466	5238	FALSE
sam0020	Mutter_02	214	2961	0.025	111	60	0.000839019378302306	5204	FALSE
sam0020	Mutter_02	215	2557	0.019	77	44	0.000831805864699888	5212	FALSE
sam0020	Mutter_02	216	2616	0.019	75	46	0.00104925722703325	5117	FALSE
sam0020	Mutter_02	217	1990	0.02	62	40	0.0009160790456062	5640.5	FALSE
sam0020	Mutter_02	218	844	0.021	50	34.5	0.00123677929378488	6998.5	FALSE
sam0020	Mutter_02	219	504	0.029	66.5	40	0.00181112558635604	7110	FALSE
sam0020	Mutter_02	220	122		52	31.5	0.00178755637197685	6221.5	FALSE
sam0020	Mutter_02	221	489	0.009	42	27	0.000647261194919804	5453	FALSE
sam0020	Mutter_02	222	2969	0.027	114	63	0.000807940093895528	5246	FALSE
sam0020	Mutter_02	223	2983	0.033	182	87	0.000712385402688663	5392	FALSE
sam0020	Mutter_02	224	3153	0.026	169	80	0.000641404321562202	5191	FALSE
sam0020	Mutter_02	225	3079	0.025	164	80	0.000621248295641935	5217	FALSE
sam0020	Mutter_02	226	2747	0.025	141	71	0.000603243064503026	5693	FALSE
sam0020	Mutter_02	227	2004	0.021	74	47	0.000808648589110658	5543	FALSE
sam0020	Mutter_02	228	251		37	22	0.000923872054329291	6437	FALSE
sam0020	Mutter_02	229	353	0.018	54	32	0.000897309763422795	7613	FALSE
sam0020	Mutter_02	230	126		37	20	0.0015907016976501	9144	FALSE
sam0020	Mutter_02	231	423		43	28	0.000834041690698482	5533	FALSE
sam0020	Mutter_02	232	3164	0.025	126	67	0.000814062521961644	5079	FALSE
sam0020	Mutter_02	233	3224	0.027	161	80	0.000596026869833588	4988	FALSE
sam0020	Mutter_02	234	2955	0.028	161	77	0.000599621480787172	5329	FALSE
sam0020	Mutter_02	235	3022	0.028	196	90	0.000728801714581669	5377.5	FALSE
sam0020	Mutter_02	236	2871	0.031	192	88	0.000534228162203102	5572	FALSE
sam0020	Mutter_02	237	2572	0.025	104	59	0.00062622761804947	5257.5	FALSE
sam0020	Mutter_02	238	315		35	23	0.00123772747354027	6234	FALSE
sam0020	Mutter_02	239	239		47	23	0.00118751336304251	7615	FALSE
sam0020	Mutter_02	241	254		40.5	26	0.0010252674046998	6026	FALSE
sam0020	Mutter_02	242	2875	0.023	109	60	0.000736488407707901	5174	FALSE
sam0020	Mutter_02	243	3140	0.029	175	84	0.000648686490299343	5076.5	FALSE
sam0020	Mutter_02	244	2874	0.026	171	81	0.000568094767275495	5439	FALSE
sam0020	Mutter_02	245	2738	0.034	223	96	0.000600481336854806	5753.5	FALSE
sam0020	Mutter_02	246	3089	0.027	183	85	0.000719685257224878	5203	FALSE
sam0020	Mutter_02	247	2223	0.022	89	52	0.000684528442083948	5205	FALSE
sam0020	Mutter_02	248	341	0.012	40	24	0.000683088180203483	6586	FALSE
sam0020	Mutter_02	249	190		41	21	0.00172813075459335	7553.5	FALSE
sam0020	Mutter_02	250	64		50.5	34.5	0.0016261085439671	9536	FALSE
sam0020	Mutter_02	252	1245	0.021	69	43	0.000927802758568036	5481	FALSE
sam0020	Mutter_02	253	2540	0.026	116	65	0.000683448057163954	5392	FALSE
sam0020	Mutter_02	254	2968	0.026	145	72	0.000691064040677901	5347	FALSE
sam0020	Mutter_02	255	2815	0.024	145	70	0.000579547211096628	5510	FALSE
sam0020	Mutter_02	256	2907	0.025	117	62	0.000716768949067572	5080	FALSE
sam0020	Mutter_02	257	696	0.013	43	29.5	0.00093172822507328	5012	FALSE
sam0020	Mutter_02	258	226		41	21.5	0.00182370434462199	7278.5	FALSE
sam0020	Mutter_02	259	172		42	21	0.000400068364251923	7896	FALSE
sam0020	Mutter_02	260	138		38	19	0.0015219873799563	8050	FALSE
sam0020	Mutter_02	261	146		40	19	0.00140506352145086	6813	FALSE
sam0020	Mutter_02	263	387		42	28	0.00138322879823664	5783	FALSE
sam0020	Mutter_02	264	2311	0.02	83	49	0.000822613368482444	5036	FALSE
sam0020	Mutter_02	265	2238	0.019	76	47	0.000848692837389015	4899.5	FALSE
sam0020	Mutter_02	266	1156	0.012	43	29	0.00112430468019554	5108.5	FALSE
sam0020	Mutter_02	267	217		41	26	0.0010009575184926	7969	FALSE
sam0020	Mutter_02	268	225		51	26	0.00096094641649232	7677	FALSE
sam0020	Mutter_02	269	135		41	21	0.00173262243593503	7741	FALSE
sam0020	Mutter_02	270	168		47	21.5	0.00133074224051336	7111.5	FALSE
sam0020	Mutter_02	271	130		36.5	17.5	0.00155840246482564	6893.5	FALSE
sam0020	Mutter_02	272	68		53.5	18.5	0.00151643722809695	8826	FALSE
sam0020	Mutter_02	273	257	0.016	51	31	0.00103001161673047	6654	FALSE
sam0020	Mutter_02	274	384	0.02	46.5	29	0.00118178051141495	6030.5	FALSE
sam0020	Mutter_02	275	220	0.017	53	31	0.000971513302943078	7945.5	FALSE
sam0020	Mutter_02	276	126		47	26	0.000408082665073248	7682	FALSE
sam0020	Mutter_02	277	205		45	27	0.00138953943881988	7807	FALSE
sam0020	Mutter_02	278	85		40	19	0.00128861743112419	9135	FALSE
sam0020	Mutter_02	279	97		42	22	0.00139625339767537	8768	FALSE
sam0020	Mutter_02	280	92		37	19	0.00115408404327969	7901.5	FALSE
sam0021	Mutter_02	1	93		33	23	0.00146356594353988	8880	FALSE
sam0021	Mutter_02	4	74		43.5	27.5	0.000185116623472788	8680	FALSE
sam0021	Mutter_02	8	148		39	24	0.00146047667438634	9777.5	FALSE
sam0021	Mutter_02	9	74		40	27	0.00327399542039241	9134	FALSE
sam0021	Mutter_02	10	123		52	29	0.00124126173932751	8625	FALSE
sam0021	Mutter_02	11	185		50	29	0.00187639877608912	7452	FALSE
sam0021	Mutter_02	12	207		38	26	0.00171850621037656	7366	FALSE
sam0021	Mutter_02	13	1172	0.024	77	52	0.000908487178009449	5526.5	FALSE
sam0021	Mutter_02	14	92		34	21	0.00190806719988186	8428	FALSE
sam0021	Mutter_02	15	93		34	22	0.00131081829733134	9246	FALSE
sam0021	Mutter_02	16	77		31	19	0.000188217579521927	9637	FALSE
sam0021	Mutter_02	17	124		36	19.5	0.00142625301917145	7569.5	FALSE
sam0021	Mutter_02	18	247		47	23	0.00149629641817424	7426	FALSE
sam0021	Mutter_02	19	137		55	27	0.00078696268450935	8148	FALSE
sam0021	Mutter_02	20	147		39	22	0.00138953154869566	9041	FALSE
sam0021	Mutter_02	21	131		48	29	0.00112580940521881	9441	FALSE
sam0021	Mutter_02	22	54		51	34	0.00196411424319664	8471.5	FALSE
sam0021	Mutter_02	24	402	0.02	49	30	0.000722659806705299	7591	FALSE
sam0021	Mutter_02	25	1427	0.02	50	35	0.000918961839046903	4830	FALSE
sam0021	Mutter_02	26	2471	0.021	77	51	0.00112266227521061	4793	FALSE
sam0021	Mutter_02	27	3345	0.025	109	65	0.00101031707361069	4794	FALSE
sam0021	Mutter_02	28	1481	0.025	85	57	0.000892278184373157	5798	FALSE
sam0021	Mutter_02	29	179		34	24	0.00135045070799261	6502	FALSE
sam0021	Mutter_02	30	130		31.5	19	0.00103250330232427	7540	FALSE
sam0021	Mutter_02	31	169		54	24	0.00173436335941417	7452	FALSE
sam0021	Mutter_02	32	164		56	27	0.000568231617489613	7587.5	FALSE
sam0021	Mutter_02	33	259		60	28	0.00101451576878179	7626	FALSE
sam0021	Mutter_02	34	144		38	22	0.00206605488660647	6669	FALSE
sam0021	Mutter_02	35	107		40	21	0.00241555015612682	10721	FALSE
sam0021	Mutter_02	37	73		42	22	0.0010088305314673	8350	FALSE
sam0021	Mutter_02	39	442	0.015	34	23	0.000912064092739438	4704	FALSE
sam0021	Mutter_02	40	2820	0.028	82	53	0.00101242845236479	4953	FALSE
sam0021	Mutter_02	41	3230	0.022	101	62	0.000897685888856989	4807	FALSE
sam0021	Mutter_02	42	3119	0.024	107	65	0.000845376469534152	5042	FALSE
sam0021	Mutter_02	43	3215	0.025	112	69	0.000822659737329909	4979	FALSE
sam0021	Mutter_02	44	1856	0.03	93	63	0.00113488747464989	5298.5	FALSE
sam0021	Mutter_02	45	233		37	21	0.00102267707193373	7204	FALSE
sam0021	Mutter_02	46	262		48	24	0.000750380731460657	7594.5	FALSE
sam0021	Mutter_02	47	230		56.5	25	0.000909537965730445	7607	FALSE
sam0021	Mutter_02	48	271		58	27	0.00100207440041433	7942	FALSE
sam0021	Mutter_02	49	247		58	26	0.000877764813753502	7573	FALSE
sam0021	Mutter_02	50	200		51.5	27	0.000897479280574781	6638.5	FALSE
sam0021	Mutter_02	51	160		60.5	27	0.00117662542472664	8177.5	FALSE
sam0021	Mutter_02	54	276	0.016	48	30	0.00155023205520944	5459.5	FALSE
sam0021	Mutter_02	55	1158	0.022	49	33	0.000673515037105535	4827.5	FALSE
sam0021	Mutter_02	56	2967	0.029	108	63	0.000967784050803649	5155	FALSE
sam0021	Mutter_02	57	3326	0.029	130	76	0.000964426998756002	4874	FALSE
sam0021	Mutter_02	58	3124	0.035	138	80	0.000949458327290403	5205	FALSE
sam0021	Mutter_02	59	3209	0.026	117	72	0.000928545943206207	5014	FALSE
sam0021	Mutter_02	60	3319	0.026	116	73	0.000938423927773547	4851	FALSE
sam0021	Mutter_02	61	814	0.027	60	41	0.00104870687196718	5595.5	FALSE
sam0021	Mutter_02	62	256		55	26	0.00208325824418425	7656.5	FALSE
sam0021	Mutter_02	63	315		56	25	0.00143495141341668	7322	FALSE
sam0021	Mutter_02	64	343	0.004	61	27	0.00138378937657302	7552	FALSE
sam0021	Mutter_02	65	210		59	27.5	0.00111745832116653	7685	FALSE
sam0021	Mutter_02	66	205		59	28	0.00122876522833323	8602	FALSE
sam0021	Mutter_02	67	216		66	29	0.000718744552888093	7430	FALSE
sam0021	Mutter_02	68	173		45	22	0.000806393670399312	7595	FALSE
sam0021	Mutter_02	69	59		40	23	0.00132218730767334	9929	FALSE
sam0021	Mutter_02	70	1109	0.026	51	34	0.000556169915180916	4961	FALSE
sam0021	Mutter_02	71	2888	0.037	151	84	0.000881814266355642	5674.5	FALSE
sam0021	Mutter_02	72	2891	0.029	122	73	0.00091106801683187	5450	FALSE
sam0021	Mutter_02	73	2810	0.031	115	72	0.000866659050964523	5643.5	FALSE
sam0021	Mutter_02	74	3062	0.031	120	75	0.00101039266859427	5190	FALSE
sam0021	Mutter_02	75	3352	0.03	118	73.5	0.000949164976105809	4772	FALSE
sam0021	Mutter_02	76	1089	0.031	68	47	0.000951503878940673	5190	FALSE
sam0021	Mutter_02	77	285		53	25	0.000386288713191518	7077	FALSE
sam0021	Mutter_02	78	275		54	24	0.0015688932283919	7681	FALSE
sam0021	Mutter_02	79	245		49	24	0.00082993178732519	8058	FALSE
sam0021	Mutter_02	80	251		52	24	0.0010161846872422	7569	FALSE
sam0021	Mutter_02	81	302		60.5	29	0.00124384518356971	7483.5	FALSE
sam0021	Mutter_02	82	261		53	26	0.0013536171323102	7261	FALSE
sam0021	Mutter_02	83	158		52	24	0.00105536462206599	7064	FALSE
sam0021	Mutter_02	84	61		35	19	0.00117065454875411	9382	FALSE
sam0021	Mutter_02	85	686	0.022	49	31	0.000816150650224426	5284	FALSE
sam0021	Mutter_02	86	2510	0.036	107	66	0.000787004948239769	5900.5	FALSE
sam0021	Mutter_02	87	2759	0.03	122	73	0.000874090330935056	5774	FALSE
sam0021	Mutter_02	88	2793	0.029	108	70	0.0009541289418268	5622	FALSE
sam0021	Mutter_02	89	3024	0.027	117	74	0.000816687874334451	5223	FALSE
sam0021	Mutter_02	90	2924	0.027	95	64	0.000992419561457505	4785	FALSE
sam0021	Mutter_02	91	364	0.014	37	25	0.000592036865631237	5103	FALSE
sam0021	Mutter_02	92	242		45.5	23	0.00171792222024773	6923	FALSE
sam0021	Mutter_02	93	291		52	24	0.00169136744785196	7239	FALSE
sam0021	Mutter_02	94	261		49	23	0.000353484446541288	7653	FALSE
sam0021	Mutter_02	95	154		40.5	20	0.000826472760149805	8246.5	FALSE
sam0021	Mutter_02	96	250		52	25.5	0.00137810690214876	8562	FALSE
sam0021	Mutter_02	97	195		43	22	0.00122131165190294	8419	FALSE
sam0021	Mutter_02	98	119		46	25	0.00228316651369821	8883	FALSE
sam0021	Mutter_02	99	95		51	28	0.000490734970756001	6980	FALSE
sam0021	Mutter_02	100	914	0.026	57	37.5	0.00081216643553831	6073.5	FALSE
sam0021	Mutter_02	101	2091	0.029	90	58	0.00105975259058522	6234	FALSE
sam0021	Mutter_02	102	1703	0.028	78	54	0.000777549076690946	5773	FALSE
sam0021	Mutter_02	103	2383	0.028	92	62	0.00092016261257572	5223	FALSE
sam0021	Mutter_02	104	984	0.022	51.5	37	0.0010546971593286	4906	FALSE
sam0021	Mutter_02	105	240		32	21	0.00140740452934746	6676	FALSE
sam0021	Mutter_02	106	341		47	24	0.00162371578238086	7634	FALSE
sam0021	Mutter_02	107	361		51	25	0.00118422112950993	8030	FALSE
sam0021	Mutter_02	108	326		57	27	0.00219103029874969	8231	FALSE
sam0021	Mutter_02	109	219		51	24	0.00129112472962823	7647	FALSE
sam0021	Mutter_02	110	260		46.5	24	0.00158188079406966	7426.5	FALSE
sam0021	Mutter_02	111	185		35	19	0.00104330843461278	7078	FALSE
sam0021	Mutter_02	112	117		33	19	0.00108475280099994	7862	FALSE
sam0021	Mutter_02	113	101		43	29	0.00264473463350201	7582	FALSE
sam0021	Mutter_02	114	227		36	21	0.00102347899550265	8205	FALSE
sam0021	Mutter_02	115	165		39	24	0.000922825024992208	8745	FALSE
sam0021	Mutter_02	116	209		32	22	0.00061158237939905	6182	FALSE
sam0021	Mutter_02	117	276		32	22	0.00104250844559327	7254.5	FALSE
sam0021	Mutter_02	118	262		45	24	0.00168934507921478	8863	FALSE
sam0021	Mutter_02	119	291		48	22	0.00145541110783081	7420	FALSE
sam0021	Mutter_02	120	244		52	23	0.00142418757946011	8634	FALSE
sam0021	Mutter_02	121	249		41	20	0.00108216530533708	7720	FALSE
sam0021	Mutter_02	122	236		43	20	0.000787488800354964	7666	FALSE
sam0021	Mutter_02	123	184		32.5	19	0.00112774249623988	6642.5	FALSE
sam0021	Mutter_02	124	82		29	17	0.000793443763314639	8058.5	FALSE
sam0021	Mutter_02	125	62		26.5	16.5	0	8143.5	FALSE
sam0021	Mutter_02	126	110		37	24	0.00242445510354397	8569.5	FALSE
sam0021	Mutter_02	127	300	0.013	34.5	24	0.00133799001996873	9448.5	FALSE
sam0021	Mutter_02	128	311		35	25	0.00290098209335596	9193	FALSE
sam0021	Mutter_02	129	217		41	27	0.0014699535631564	8878	FALSE
sam0021	Mutter_02	130	77		37	16	0.00041499233170192	9339	FALSE
sam0021	Mutter_02	131	110		35.5	18	0.000620660785755125	8623.5	FALSE
sam0021	Mutter_02	132	83		34	19	0.00108585602915865	7698	FALSE
sam0021	Mutter_02	133	98		34.5	20	0.00101920573911616	7738.5	FALSE
sam0021	Mutter_02	134	95		31	17	0.000887969309021941	7635	FALSE
sam0021	Mutter_02	135	171		37	25	0.00279128649821466	8481	FALSE
sam0021	Mutter_02	136	173		41	23	0.00232029023683711	7659	FALSE
sam0021	Mutter_02	137	78		32.5	19	0.00128367396523248	8708	FALSE
sam0022	Mutter_02	139	169		35	23	0.00244693531986877	7742	FALSE
sam0022	Mutter_02	140	134		30.5	18	0.00173287170046793	6938	FALSE
sam0022	Mutter_02	142	170		40	23	0.00112033923063502	7793	FALSE
sam0022	Mutter_02	143	179	0.012	46	29	0.00209080576593537	7365	FALSE
sam0022	Mutter_02	144	307	0.01	33	24	0.00388725426116834	8529	FALSE
sam0022	Mutter_02	145	225		30	23	0.00174368619064036	6554	FALSE
sam0022	Mutter_02	146	126		30.5	18	0.000956470618306367	6714.5	FALSE
sam0022	Mutter_02	147	152		39	24	0.00233135574605695	6786	FALSE
sam0022	Mutter_02	148	91		44	25	0.00173792270331889	7326	FALSE
sam0022	Mutter_02	149	81		50	30	0.00215205344562643	8132	FALSE
sam0022	Mutter_02	150	94		38	24	0.000519009474923212	8087	FALSE
sam0022	Mutter_02	151	478	0.016	42	27	0.000951463346180274	8132.5	FALSE
sam0022	Mutter_02	152	449	0.018	38	24	0.00204526301125108	8347	FALSE
sam0022	Mutter_02	153	523	0.015	45	27	0.000921699543216814	8464	FALSE
sam0022	Mutter_02	154	227	0.022	42	29	0.00165024554573387	7927	FALSE
sam0022	Mutter_02	155	268	0.014	46.5	33	0.00325643097258746	7802.5	FALSE
sam0022	Mutter_02	156	667		33	24	0.00127628777693669	7096	FALSE
sam0022	Mutter_02	157	719	0.009	38	28	0.00139618002509291	6782	FALSE
sam0022	Mutter_02	158	142		29.5	19	0.000947517376252832	6881.5	FALSE
sam0022	Mutter_02	159	111		30	17	0.00152705199704655	6625	FALSE
sam0022	Mutter_02	160	101		36	18	0.000649419780687746	7366	FALSE
sam0022	Mutter_02	161	55		35	18	0.000324675324675325	7060	FALSE
sam0022	Mutter_02	162	190		43.5	29	0.00121543321758678	7409	FALSE
sam0022	Mutter_02	163	83		33	19	0.000734807361313385	7828	FALSE
sam0022	Mutter_02	164	177		32	22	0.00208534378252876	7569	FALSE
sam0022	Mutter_02	165	169		35	23	0.0012825356625907	8951	FALSE
sam0022	Mutter_02	166	168		36	26	0.00086636411708278	7145	FALSE
sam0022	Mutter_02	168	256	0.028	44.5	32	0.00383960175996223	8037	FALSE
sam0022	Mutter_02	169	857	0.009	34	24	0.00131991389838158	7064	FALSE
sam0022	Mutter_02	170	592		33	24	0.00142392835002068	6442	FALSE
sam0022	Mutter_02	171	438		33	25	0.00123173145783915	5675.5	FALSE
sam0022	Mutter_02	172	126		29	20	0.000944542426023908	5844.5	FALSE
sam0022	Mutter_02	173	117		33	21	0.00163066587408693	6984	FALSE
sam0022	Mutter_02	174	778	0.02	57	41	0.000852544085467813	5956	FALSE
sam0022	Mutter_02	175	1048	0.017	64	44	0.000743679234576274	5631.5	FALSE
sam0022	Mutter_02	176	1837	0.018	72	47	0.000715261032226742	5268	FALSE
sam0022	Mutter_02	177	1428	0.018	59	43	0.000881118746894618	5436.5	FALSE
sam0022	Mutter_02	178	773	0.017	54	38	0.00082031602605548	5239	FALSE
sam0022	Mutter_02	179	132		36	24	0.000383623468729852	5487	FALSE
sam0022	Mutter_02	183	734	0.012	38	28	0.00256178345430735	8059	FALSE
sam0022	Mutter_02	184	937	0.008	37	27	0.00121688505898828	6801	FALSE
sam0022	Mutter_02	185	1038		34	26	0.000651740037468326	5629.5	FALSE
sam0022	Mutter_02	186	1282	0.014	42	31	0.000800380022504537	5462.5	FALSE
sam0022	Mutter_02	187	2179	0.019	84	54	0.000663444785072476	6082	FALSE
sam0022	Mutter_02	188	2715	0.024	103	67	0.000720074628550344	5814	FALSE
sam0022	Mutter_02	189	3007	0.021	106	65	0.000769893492006032	5394	FALSE
sam0022	Mutter_02	190	1774	0.024	105	66	0.000720064693870922	5318.5	FALSE
sam0022	Mutter_02	191	1443	0.021	84	52	0.000793251249821844	5032	FALSE
sam0022	Mutter_02	192	2846	0.02	82	54	0.000633378840754229	5026	FALSE
sam0022	Mutter_02	193	1460	0.015	51	37	0.000848335916794147	4785.5	FALSE
sam0022	Mutter_02	194	133		41	28	0.00117397676147961	5536	FALSE
sam0022	Mutter_02	195	56		27.5	16	0.00155573593073593	7380.5	FALSE
sam0022	Mutter_02	198	85		43	27	0.000507686718648095	7976	FALSE
sam0022	Mutter_02	199	1063	0.014	36	26	0.00209709876125179	5738	FALSE
sam0022	Mutter_02	200	1911	0.011	47	33	0.00100828262629073	5096	FALSE
sam0022	Mutter_02	201	2513	0.017	69	46	0.000915727622577435	5302	FALSE
sam0022	Mutter_02	202	2686	0.022	89	56	0.000783938081014414	5482	FALSE
sam0022	Mutter_02	203	2817	0.025	114	69	0.000745573646328078	5620	FALSE
sam0022	Mutter_02	204	3001	0.026	123	73	0.000700327633163622	5367	FALSE
sam0022	Mutter_02	205	3132	0.025	120	72	0.000735249137465553	5153.5	FALSE
sam0022	Mutter_02	206	2647	0.03	157	87	0.000608299649751455	5403	FALSE
sam0022	Mutter_02	207	2015	0.032	174	90	0.000616235072030328	5446	FALSE
sam0022	Mutter_02	208	3342	0.028	143	80	0.000717529523428384	4926	FALSE
sam0022	Mutter_02	209	2970	0.023	100	63	0.000700695383107626	4784	FALSE
sam0022	Mutter_02	210	549	0.015	47	33	0.000678352908771466	5001	FALSE
sam0022	Mutter_02	213	1046	0.021	84	47	0.000767585321946339	5190.5	FALSE
sam0022	Mutter_02	214	1960	0.019	62	39	0.00117705680759324	5508	FALSE
sam0022	Mutter_02	215	1541	0.01	40	28	0.00136454072809838	5457	FALSE
sam0022	Mutter_02	216	2924	0.017	74	48	0.000874453021109327	4885.5	FALSE
sam0022	Mutter_02	217	3145	0.027	125	70	0.00076727140713121	5158	FALSE
sam0022	Mutter_02	218	2932	0.031	139	75	0.000665927959230017	5542.5	FALSE
sam0022	Mutter_02	219	2933	0.028	168	87	0.00067233014778139	5603	FALSE
sam0022	Mutter_02	220	3107	0.029	153	81	0.000747538898149507	5239	FALSE
sam0022	Mutter_02	221	3050	0.032	189	94	0.000702033167447748	5431.5	FALSE
sam0022	Mutter_02	222	2963	0.037	215	105	0.00061891976758056	5546	FALSE
sam0022	Mutter_02	223	3168	0.034	230.5	107	0.000628538867012969	5266	FALSE
sam0022	Mutter_02	224	3180	0.036	210	102	0.000712036300022823	5173.5	FALSE
sam0022	Mutter_02	225	3326	0.029	113.5	68	0.000663831451059226	4653	FALSE
sam0022	Mutter_02	226	839	0.016	51	34	0.00106878718012981	4614	FALSE
sam0022	Mutter_02	228	1489	0.025	132	65	0.000618537800843975	5301	FALSE
sam0022	Mutter_02	229	2801	0.019	120	61	0.000764867144101048	5532	FALSE
sam0022	Mutter_02	230	2447	0.02	96	53	0.00104329004657082	5974	FALSE
sam0022	Mutter_02	231	2630	0.017	68	43	0.000889162744057753	5087.5	FALSE
sam0022	Mutter_02	232	3309	0.022	101	58	0.000625580391192951	4823	FALSE
sam0022	Mutter_02	233	3168	0.027	123	68	0.000640178408782447	5062	FALSE
sam0022	Mutter_02	234	3013	0.025	130	72	0.000707462246907007	5231	FALSE
sam0022	Mutter_02	235	3208	0.031	170	89	0.000680788564290632	5134	FALSE
sam0022	Mutter_02	236	3131	0.039	247	114	0.000703618756760691	5259	FALSE
sam0022	Mutter_02	237	3208	0.034	210	102	0.000731318359869743	5126.5	FALSE
sam0022	Mutter_02	238	3250	0.036	273	120	0.000615075049299418	5143.5	FALSE
sam0022	Mutter_02	239	3175	0.039	256	118	0.000631694442211556	5196	FALSE
sam0022	Mutter_02	240	3347	0.029	111	63	0.000685490165052575	4441	FALSE
sam0022	Mutter_02	241	342	0.019	52	33	0.000525841721555102	4711	FALSE
sam0022	Mutter_02	242	357	0.026	112	56	0.000858640531816585	5089	FALSE
sam0022	Mutter_02	243	2962	0.02	136	68	0.000815812911402857	5311	FALSE
sam0022	Mutter_02	244	2505	0.021	121	61	0.000896728734191971	5856	FALSE
sam0022	Mutter_02	245	1852	0.019	84	47	0.00106754942040535	6637	FALSE
sam0022	Mutter_02	246	2326	0.015	68	40	0.00107342193810459	5319.5	FALSE
sam0022	Mutter_02	247	3222	0.021	94	55	0.000717719972885018	4758	FALSE
sam0022	Mutter_02	248	3169	0.021	92	54	0.000734462645012751	4710	FALSE
sam0022	Mutter_02	249	3186	0.025	119	67	0.000769442888898006	4886.5	FALSE
sam0022	Mutter_02	250	3230	0.034	172.5	89	0.000775248317463374	5013	FALSE
sam0022	Mutter_02	251	3067	0.028	112	63	0.000811536812634032	4762	FALSE
sam0022	Mutter_02	252	3426	0.032	156	76	0.00069182261242702	4663	FALSE
sam0022	Mutter_02	253	3134	0.037	182	89	0.000776987361113813	4950.5	FALSE
sam0022	Mutter_02	254	1690	0.02	75	44	0.000727622751593626	4913.5	FALSE
sam0022	Mutter_02	255	724	0.02	125	62	0.00106110330691959	5636.5	FALSE
sam0022	Mutter_02	256	1180	0.018	134	65	0.00113515022830567	5790	FALSE
sam0022	Mutter_02	257	1834	0.023	123	62	0.00111164067946303	6185.5	FALSE
sam0022	Mutter_02	258	1307	0.018	57	36	0.00154640280058918	6212	FALSE
sam0022	Mutter_02	259	741	0.013	38	27	0.00154741764459772	5491	FALSE
sam0022	Mutter_02	260	829	0.016	41	28	0.000783855794117827	4827	FALSE
sam0022	Mutter_02	261	1364	0.013	49.5	32	0.00103325880982671	4695.5	FALSE
sam0022	Mutter_02	262	1904	0.015	63.5	40	0.000901815041628007	4887.5	FALSE
sam0022	Mutter_02	263	1721	0.018	72	43	0.00104941065801808	5683	FALSE
sam0022	Mutter_02	264	2302	0.023	86	49	0.000760105741703552	5519	FALSE
sam0022	Mutter_02	265	1316	0.018	64	39	0.000580774730643158	5647.5	FALSE
sam0022	Mutter_02	266	78		47.5	26.5	0.000203663093879214	7296	FALSE
sam0022	Mutter_02	267	192		62	37	0.00121799113052583	8470	FALSE
sam0022	Mutter_02	268	436	0.015	51.5	32	0.000567386844687939	7422.5	FALSE
sam0022	Mutter_02	269	393		61	37	0.000933711773056745	8921	FALSE
sam0022	Mutter_02	270	379	0.021	49	32	0.000894017501558347	7723	FALSE
sam0022	Mutter_02	271	251		43	28	0.00133459893275206	8392	FALSE
sam0022	Mutter_02	272	185		46	30	0.00120401184464287	9147	FALSE
sam0022	Mutter_02	273	218		60	35.5	0.000471160020373812	7254	FALSE
sam0022	Mutter_02	279	54		59.5	41	0.00183724215779034	8232.5	FALSE
sam0022	Mutter_02	280	67		46	31	0.00189582405334032	8561	FALSE
sam0022	Mutter_02	281	80		52.5	32.5	0.0012613187495754	7973	FALSE
sam0022	Mutter_02	282	56		48.5	31	0.00123551162625329	8290.5	FALSE
sam0022	Mutter_02	284	315		58	32	0.000525266639439253	5581	FALSE
sam0022	Mutter_02	285	116		57	31	0.00105498916958176	6775	FALSE
sam0023	Mutter_02	275	126		33	19	0.000101750101750102	7084	FALSE
sam0023	Mutter_02	276	434	0.018	52.5	33	0.00223512175283174	6843.5	FALSE
sam0023	Mutter_02	277	180		55	32	0.0010717188392828	7457	FALSE
sam0023	Mutter_02	278	76		53	28	0.00132581556730164	8722	FALSE
sam0023	Mutter_02	279	325	0.024	56	37	0.00114769650160021	8939	FALSE
sam0023	Mutter_02	280	462	0.022	61	35	0.000804544778046436	5942.5	FALSE
sam0023	Mutter_02	281	311		55	34	0.00057936509716478	6423	FALSE
sam0023	Mutter_02	282	373	0.029	56	32	0.000809674416845171	5931	FALSE
sam0023	Mutter_02	283	503		52	31	0.000835067831144041	6635	FALSE
sam0023	Mutter_02	284	259		55	31	0.000706537633603776	6198	FALSE
sam0023	Mutter_02	285	255		57	35	0.000826798668312703	9281	FALSE
sam0023	Mutter_02	286	135		46	28	0.000308641975308642	7597	FALSE
sam0023	Mutter_02	287	134		41	23	0.00101175327392765	7365	FALSE
sam0023	Mutter_02	288	173		38	20	0.000842720731479737	6965	FALSE
sam0023	Mutter_02	289	405	0.01	42	25	0.00170939133125112	6198	FALSE
sam0023	Mutter_02	290	1508	0.014	71	40	0.000814177958368328	5186	FALSE
sam0023	Mutter_02	291	565	0.02	59	35	0.00115954586233441	5789	FALSE
sam0023	Mutter_02	292	404	0.023	61	40	0.00122110501952133	8549	FALSE
sam0023	Mutter_02	293	274		59	39	0.00110602798895069	8881.5	FALSE
sam0023	Mutter_02	294	626	0.018	50	30	0.00118366900716668	7240	FALSE
sam0023	Mutter_02	295	557		53	33	0.000952121832675763	8214	FALSE
sam0023	Mutter_02	296	391	0.021	50	33	0.000904772880905701	8186	FALSE
sam0023	Mutter_02	297	220		43	28	0.000928332889804828	9362.5	FALSE
sam0023	Mutter_02	298	205		48	30	0.00193818473953004	8379	FALSE
sam0023	Mutter_02	299	227		43	27	0.000668374130595571	9133	FALSE
sam0023	Mutter_02	300	327	0.017	61	35	0.00107360638298926	8385	FALSE
sam0023	Mutter_02	301	94		41.5	26	0.00322769335637712	8212.5	FALSE
sam0023	Mutter_02	303	58		46.5	25	0.000977310823754789	10264.5	FALSE
sam0023	Mutter_02	304	674	0.01	44	28	0.000855767883671506	5154	FALSE
sam0023	Mutter_02	305	1269	0.017	60	36	0.000816138459626479	5691	FALSE
sam0023	Mutter_02	306	2973	0.022	115	61	0.000898678709722846	4870	FALSE
sam0023	Mutter_02	307	3098	0.021	145	72	0.000768194780114555	5175	FALSE
sam0023	Mutter_02	308	2958	0.02	109	56	0.000840896899350665	5131.5	FALSE
sam0023	Mutter_02	309	2542	0.018	91	51	0.000679963841871641	5207.5	FALSE
sam0023	Mutter_02	310	1645	0.017	84	46	0.000734820185641626	5612	FALSE
sam0023	Mutter_02	311	535		52	34	0.00102235593588942	8772	FALSE
sam0023	Mutter_02	312	450	0.025	57	35	0.000864096257875202	8230	FALSE
sam0023	Mutter_02	313	445	0.025	65	38	0.00116300135563992	7493	FALSE
sam0023	Mutter_02	314	376	0.025	61.5	36	0.00151279202948381	8386.5	FALSE
sam0023	Mutter_02	315	274		56	36	0.00171971203785045	9167.5	FALSE
sam0023	Mutter_02	316	328		53	32	0.000748293768524129	9241.5	FALSE
sam0023	Mutter_02	317	88		53	32	0.00160029389345869	8901	FALSE
sam0023	Mutter_02	318	116		56	30	0.00025029614123291	9412.5	FALSE
sam0023	Mutter_02	319	287		45	26	0.00147322540622967	9281	FALSE
sam0023	Mutter_02	320	305	0.02	57	33	0.00159056432769763	9417	FALSE
sam0023	Mutter_02	321	1477	0.03	94	48	0.000875602457884813	6485	FALSE
sam0023	Mutter_02	322	359		51	28	0.000601899924946598	5767	FALSE
sam0023	Mutter_02	323	3106	0.025	129	66	0.00082928555262336	4805.5	FALSE
sam0023	Mutter_02	324	3229	0.024	131	68	0.000639757764068083	4773	FALSE
sam0023	Mutter_02	325	3126	0.03	235	103	0.000710390621145448	5312.5	FALSE
sam0023	Mutter_02	326	3043	0.031	241	106	0.000712243811168954	5509	FALSE
sam0023	Mutter_02	327	3141	0.027	171	84	0.000840559779708284	5237	FALSE
sam0023	Mutter_02	328	3052	0.026	162.5	81	0.000683726938121657	5421.5	FALSE
sam0023	Mutter_02	329	3215	0.025	158	77	0.000621660741514467	5143	FALSE
sam0023	Mutter_02	330	2371	0.019	81	48	0.000850791803152136	5291	FALSE
sam0023	Mutter_02	331	1031	0.017	55	35	0.000938458627096977	6002	FALSE
sam0023	Mutter_02	332	480	0.024	57	37	0.000486534731580521	7955.5	FALSE
sam0023	Mutter_02	333	421		51	33	0.00101777079031355	9299	FALSE
sam0023	Mutter_02	334	360	0.03	60.5	36.5	0.00132238718540879	9730.5	FALSE
sam0023	Mutter_02	335	399	0.017	59	36	0.000888507275951712	8683	FALSE
sam0023	Mutter_02	336	323		67	39	0.00110183717064192	8649	FALSE
sam0023	Mutter_02	337	527	0.021	59	36	0.00147418400596135	8562	FALSE
sam0023	Mutter_02	338	1610	0.013	72	37	0.000912282326341636	6495	FALSE
sam0023	Mutter_02	339	1390	0.018	85.5	40	0.000895078656700743	7265.5	FALSE
sam0023	Mutter_02	340	1248	0.019	82	41	0.0010052412786159	7101.5	FALSE
sam0023	Mutter_02	341	561	0.021	113	56	0.00074885798513916	6259	FALSE
sam0023	Mutter_02	342	1598	0.018	94	47.5	0.000733757790549685	5376	FALSE
sam0023	Mutter_02	343	3353	0.027	164	80	0.000732623660176595	4780	FALSE
sam0023	Mutter_02	344	3497	0.027	171	85	0.000671248565625267	4759	FALSE
sam0023	Mutter_02	345	3108	0.032	248.5	107.5	0.000749899862481995	5327	FALSE
sam0023	Mutter_02	346	2999	0.031	246	106	0.000736131186935502	5490	FALSE
sam0023	Mutter_02	347	3098	0.032	258.5	109	0.000709068806597959	5500	FALSE
sam0023	Mutter_02	348	3201	0.034	247	108	0.000637175832301403	5245	FALSE
sam0023	Mutter_02	349	3165	0.029	216	98	0.000674477063942655	5246	FALSE
sam0023	Mutter_02	350	2837	0.026	196	88	0.000654351474128146	5638	FALSE
sam0023	Mutter_02	351	2437	0.02	122	62	0.000694946704830015	5839	FALSE
sam0023	Mutter_02	352	825	0.017	57	36	0.00116250946173371	6137	FALSE
sam0023	Mutter_02	353	328	0.01	40	25.5	0.000947358933863224	9072.5	FALSE
sam0023	Mutter_02	354	590	0.024	62	36	0.000859237730789862	7111.5	FALSE
sam0023	Mutter_02	355	653	0.021	59	34	0.000996498243406934	7385	FALSE
sam0023	Mutter_02	356	1713	0.025	107	55	0.000675779300132805	5880	FALSE
sam0023	Mutter_02	357	2212	0.02	125	58	0.000650926771897895	5372	FALSE
sam0023	Mutter_02	358	2152	0.017	102	48	0.000748320757767505	5831.5	FALSE
sam0023	Mutter_02	359	1798	0.016	81	39	0.000748561328565325	6393.5	FALSE
sam0023	Mutter_02	360	1304	0.015	63	32	0.000616630346463973	6774	FALSE
sam0023	Mutter_02	361	583	0.023	123	56	0.000466392465305447	6211	FALSE
sam0023	Mutter_02	362	131		92	43	0.00224846831223122	7070	FALSE
sam0023	Mutter_02	363	1981	0.022	114	57	0.000748267949354097	5364	FALSE
sam0023	Mutter_02	364	3277	0.027	157	76	0.000812457159715818	4946	FALSE
sam0023	Mutter_02	365	3323	0.034	223	99	0.000814398859035099	4975	FALSE
sam0023	Mutter_02	366	3016	0.032	280.5	117	0.000725053752511578	5511	FALSE
sam0023	Mutter_02	367	2761	0.033	251	110	0.000796234271800758	6051	FALSE
sam0023	Mutter_02	368	3050	0.032	263	113	0.000755486439529108	5533.5	FALSE
sam0023	Mutter_02	369	2947	0.036	309	122	0.000637906952875558	5709	FALSE
sam0023	Mutter_02	370	3111	0.031	259	108	0.000709574030187127	5262	FALSE
sam0023	Mutter_02	371	3053	0.03	206	94	0.000664182268183882	5280	FALSE
sam0023	Mutter_02	372	2689	0.021	153	74	0.000652836596157153	5789	FALSE
sam0023	Mutter_02	373	1074	0.016	52.5	34	0.00120816710251653	6095.5	FALSE
sam0023	Mutter_02	374	543	0.019	53	32	0.000823108163697672	6957	FALSE
sam0023	Mutter_02	375	1361	0.016	49	33	0.000964574686720608	5292	FALSE
sam0023	Mutter_02	376	2457	0.02	90	51	0.000825056855137247	5269	FALSE
sam0023	Mutter_02	377	3300	0.032	219	97	0.000708406908479231	5060.5	FALSE
sam0023	Mutter_02	378	3141	0.03	196	87	0.000640718063719755	5132	FALSE
sam0023	Mutter_02	379	2090	0.022	103	53	0.000573557781795423	5404	FALSE
sam0023	Mutter_02	380	2620	0.019	92	45	0.000637432880403233	5547	FALSE
sam0023	Mutter_02	381	884	0.01	65	33	0.00120820387183585	6751	FALSE
sam0023	Mutter_02	382	1711	0.018	81	45	0.000702705589689403	5283	FALSE
sam0023	Mutter_02	383	3152	0.022	130	66	0.000722722834986701	5072	FALSE
sam0023	Mutter_02	384	3204	0.027	166	80	0.000738044801955212	4977.5	FALSE
sam0023	Mutter_02	385	2990	0.029	233	99	0.000909899635721388	5398	FALSE
sam0023	Mutter_02	386	2676	0.031	244	106	0.000835949878201132	5966.5	FALSE
sam0023	Mutter_02	387	2910	0.036	341.5	129	0.000716053799462015	5703.5	FALSE
sam0023	Mutter_02	388	2918	0.036	337	130	0.000647995959884058	5669	FALSE
sam0023	Mutter_02	389	3063	0.032	249	105	0.000646876949484769	5346	FALSE
sam0023	Mutter_02	390	2900	0.027	200	93	0.000604608266147832	5541	FALSE
sam0023	Mutter_02	391	2412	0.018	108	59	0.000815383308866002	5411.5	FALSE
sam0023	Mutter_02	392	1064	0.018	48	32	0.00110199913162057	6079	FALSE
sam0023	Mutter_02	393	985	0.014	50	33	0.000820996045105983	5825	FALSE
sam0023	Mutter_02	394	3120	0.023	151.5	72	0.000664075308373828	5018.5	FALSE
sam0023	Mutter_02	395	3107	0.03	202	90	0.00071972986565497	5266	FALSE
sam0023	Mutter_02	396	3210	0.029	209	93	0.000645073584540765	5130	FALSE
sam0023	Mutter_02	397	3268	0.025	174	83	0.000655938383707907	5110.5	FALSE
sam0023	Mutter_02	398	1455	0.018	100	51	0.000654479864704717	5205	FALSE
sam0023	Mutter_02	399	2226	0.018	89	45	0.00069745909210923	5695	FALSE
sam0023	Mutter_02	400	197		41	27	0.000416565013520646	6410	FALSE
sam0023	Mutter_02	401	655	0.022	79	42	0.000878739732442254	5898	FALSE
sam0023	Mutter_02	402	2280	0.019	74	42	0.000658448383068529	5114	FALSE
sam0023	Mutter_02	403	3026	0.022	129	67	0.000762508980803736	5171.5	FALSE
sam0023	Mutter_02	404	2019	0.02	121	61	0.000887864580236784	4989	FALSE
sam0023	Mutter_02	405	1531	0.02	124	63	0.000820917298699668	5326	FALSE
sam0023	Mutter_02	406	2920	0.034	328	127	0.000744718038273428	5671	FALSE
sam0023	Mutter_02	407	2815	0.039	377	140	0.000576862564248225	5878	FALSE
sam0023	Mutter_02	408	2766	0.033	283	114	0.00065434511004308	5695	FALSE
sam0023	Mutter_02	409	2644	0.025	234	98	0.000603456673621773	5879.5	FALSE
sam0023	Mutter_02	410	2677	0.023	182	82	0.000673763946206659	5757	FALSE
sam0023	Mutter_02	411	1314	0.017	62	38	0.000914348218719311	5734.5	FALSE
sam0023	Mutter_02	412	2630	0.018	111	58	0.000796490144669114	5114.5	FALSE
sam0023	Mutter_02	413	3117	0.028	234	99	0.000621052235876339	5350	FALSE
sam0023	Mutter_02	414	3056	0.032	243	102	0.000683306690611975	5385	FALSE
sam0023	Mutter_02	415	3257	0.028	211	95	0.000642695190242257	5015	FALSE
sam0023	Mutter_02	416	3063	0.023	152	75	0.000660896257687164	5153	FALSE
sam0023	Mutter_02	417	538		56	33	0.000522592485235452	5259.5	FALSE
sam0023	Mutter_02	418	716	0.013	43	27	0.00108591064243587	5978.5	FALSE
sam0023	Mutter_02	419	144	0.023	83.5	51	0.000834914724465076	7215	FALSE
sam0023	Mutter_02	420	1397	0.019	66	38	0.000861760573127864	5494	FALSE
sam0023	Mutter_02	421	2733	0.023	152	70	0.000880816256790159	5668	FALSE
sam0023	Mutter_02	422	2297	0.022	114	57	0.00104574116438574	5723	FALSE
sam0023	Mutter_02	423	1613	0.023	119	60	0.000726608721737646	5159	FALSE
sam0023	Mutter_02	424	2999	0.03	217	95	0.00076131183566795	5051	FALSE
sam0023	Mutter_02	425	2923	0.035	315	123	0.000563407500700791	5558	FALSE
sam0023	Mutter_02	426	2989	0.032	293	116	0.000562710060328552	5521	FALSE
sam0023	Mutter_02	427	2802	0.031	279	112	0.000504823459306801	5642	FALSE
sam0023	Mutter_02	428	2663	0.029	247	101	0.000571192633524309	5875	FALSE
sam0023	Mutter_02	429	1959	0.02	106	55	0.00074278724750961	5847	FALSE
sam0023	Mutter_02	430	3184	0.028	213	92	0.000557833857415385	5195.5	FALSE
sam0023	Mutter_02	431	3048	0.033	290	113	0.000552781110432388	5516.5	FALSE
sam0023	Mutter_02	432	3163	0.031	239	100	0.000564768447060747	5259	FALSE
sam0023	Mutter_02	433	3104	0.032	232	99	0.000656065527129909	5272.5	FALSE
sam0023	Mutter_02	434	2273	0.016	62	37	0.000751033412137626	5014	FALSE
sam0023	Mutter_02	435	168		30	20	0.000836512438822833	6338.5	FALSE
sam0023	Mutter_02	436	587	0.031	92	49	0.000902722946871227	6029	FALSE
sam0023	Mutter_02	437	2657	0.025	142	65	0.000930763259254989	5368	FALSE
sam0023	Mutter_02	438	2605	0.02	118	55	0.000891900017171007	5562	FALSE
sam0023	Mutter_02	439	3083	0.023	153	71	0.000806968927854207	5031	FALSE
sam0023	Mutter_02	440	2792	0.025	172	78	0.000872517605485998	4736.5	FALSE
sam0023	Mutter_02	441	3005	0.025	232	99	0.000602621259765628	5326	FALSE
sam0023	Mutter_02	442	3231	0.027	239	101	0.00060945982171247	5032	FALSE
sam0023	Mutter_02	443	3117	0.03	278	110	0.000642578682931902	5193	FALSE
sam0023	Mutter_02	444	2959	0.026	207	86	0.000618512667265107	5352	FALSE
sam0023	Mutter_02	445	2405	0.018	115	58	0.000580638583536942	5607	FALSE
sam0023	Mutter_02	446	3157	0.031	256	102	0.000612858252516437	5287	FALSE
sam0023	Mutter_02	447	3171	0.03	247	102	0.000628348541898354	5233	FALSE
sam0023	Mutter_02	448	3149	0.03	242	101	0.000641570313041862	5331	FALSE
sam0023	Mutter_02	449	2829	0.023	116	58	0.000644574113375133	5163	FALSE
sam0023	Mutter_02	450	556	0.01	43	28	0.00125645146398827	5669.5	FALSE
sam0023	Mutter_02	451	1121	0.022	77	43	0.00120991655017408	5145	FALSE
sam0023	Mutter_02	452	2253	0.017	80	42	0.00106313168405603	5043	FALSE
sam0023	Mutter_02	453	2220	0.021	114	56	0.000873760637924748	5147.5	FALSE
sam0023	Mutter_02	454	3035	0.023	133	62	0.00082082975195612	4891	FALSE
sam0023	Mutter_02	455	3112	0.024	186	81	0.000677149728831897	5040	FALSE
sam0023	Mutter_02	456	3325	0.027	239	98	0.000671520236473506	4956	FALSE
sam0023	Mutter_02	457	3483	0.022	201	88	0.000679314730448387	4709	FALSE
sam0023	Mutter_02	458	3268	0.022	195	84	0.000530304460944841	4910	FALSE
sam0023	Mutter_02	459	2903	0.028	257	103	0.000593682659131066	5599	FALSE
sam0023	Mutter_02	460	3026	0.031	293	113	0.000610254030963524	5564.5	FALSE
sam0023	Mutter_02	461	3015	0.022	166	76	0.000610580020689426	5245	FALSE
sam0023	Mutter_02	462	2565	0.018	115	57	0.00060877722008385	5394	FALSE
sam0023	Mutter_02	463	187		39	23	0.000945246067901688	6845	FALSE
sam0023	Mutter_02	464	552	0.021	72	39	0.00151354149254302	5840.5	FALSE
sam0023	Mutter_02	465	1619	0.019	86	43	0.00101159455613205	5623	FALSE
sam0023	Mutter_02	466	2882	0.02	113.5	54	0.000884377486423403	4891	FALSE
sam0023	Mutter_02	467	3384	0.021	158	74	0.000625399917918956	4711.5	FALSE
sam0023	Mutter_02	468	3073	0.024	205	87	0.000549254602162543	5286	FALSE
sam0023	Mutter_02	469	3005	0.025	192	83	0.000548045026465158	5319	FALSE
sam0023	Mutter_02	470	2931	0.018	115	55	0.00062955915168447	5108	FALSE
sam0023	Mutter_02	471	1329	0.018	56	33	0.000894057897499243	5379	FALSE
sam0023	Mutter_02	472	877	0.011	49	30	0.000875854913058234	5968	FALSE
sam0023	Mutter_02	473	232		45.5	28	0.00113488222286182	5460.5	FALSE
sam0023	Mutter_02	474	1253	0.015	66	37	0.00119330868259306	5132	FALSE
sam0023	Mutter_02	475	1460	0.017	73	38	0.00075798857209629	5319	FALSE
sam0023	Mutter_02	476	1330	0.015	72	40	0.000799807935801842	5034.5	FALSE
sam0023	Mutter_02	477	491	0.013	58	33	0.00100364778128925	5416	FALSE
