dataset	slide	fov	n_cells	mean_false_frac	falsecode_flag
Mutter_01	01_Mutter_01_CosMmR	100	781	0.00684926120576739	FALSE
Mutter_01	01_Mutter_01_CosMmR	101	422	0.0120778577520695	FALSE
Mutter_01	01_Mutter_01_CosMmR	102	834	0.0060751095369317	FALSE
Mutter_01	01_Mutter_01_CosMmR	103	385	0.00537431323626508	FALSE
Mutter_01	01_Mutter_01_CosMmR	104	559	0.00377773918007821	FALSE
Mutter_01	01_Mutter_01_CosMmR	105	1024	0.0050684460087954	FALSE
Mutter_01	01_Mutter_01_CosMmR	106	1273	0.00491109723369493	FALSE
Mutter_01	01_Mutter_01_CosMmR	107	1479	0.00499930234402737	FALSE
Mutter_01	01_Mutter_01_CosMmR	108	1756	0.00636432751105964	FALSE
Mutter_01	01_Mutter_01_CosMmR	109	1764	0.00747505201645509	FALSE
Mutter_01	01_Mutter_01_CosMmR	10	975	0.00725571657683263	FALSE
Mutter_01	01_Mutter_01_CosMmR	110	814	0.00597366758501048	FALSE
Mutter_01	01_Mutter_01_CosMmR	111	1302	0.00631269073165753	FALSE
Mutter_01	01_Mutter_01_CosMmR	112	2834	0.00456384083712538	FALSE
Mutter_01	01_Mutter_01_CosMmR	113	2905	0.00353518675976178	FALSE
Mutter_01	01_Mutter_01_CosMmR	114	3220	0.00523005939154273	FALSE
Mutter_01	01_Mutter_01_CosMmR	115	3431	0.00278302349476963	FALSE
Mutter_01	01_Mutter_01_CosMmR	116	2740	0.00468695812089234	FALSE
Mutter_01	01_Mutter_01_CosMmR	117	2789	0.00818294994954675	FALSE
Mutter_01	01_Mutter_01_CosMmR	118	3284	0.00669192142953121	FALSE
Mutter_01	01_Mutter_01_CosMmR	119	1492	0.0076333918631766	FALSE
Mutter_01	01_Mutter_01_CosMmR	11	2384	0.00831668579624174	FALSE
Mutter_01	01_Mutter_01_CosMmR	120	2185	0.00554267261084741	FALSE
Mutter_01	01_Mutter_01_CosMmR	121	3069	0.00794357636350546	FALSE
Mutter_01	01_Mutter_01_CosMmR	122	2903	0.00863582663751767	FALSE
Mutter_01	01_Mutter_01_CosMmR	123	2528	0.00767758934379488	FALSE
Mutter_01	01_Mutter_01_CosMmR	124	3256	0.0049930876067968	FALSE
Mutter_01	01_Mutter_01_CosMmR	125	2398	0.00325364857511818	FALSE
Mutter_01	01_Mutter_01_CosMmR	126	2580	0.00591181883173699	FALSE
Mutter_01	01_Mutter_01_CosMmR	127	2526	0.00935998393806432	FALSE
Mutter_01	01_Mutter_01_CosMmR	128	2731	0.00742944495156018	FALSE
Mutter_01	01_Mutter_01_CosMmR	129	2728	0.0054043721091894	FALSE
Mutter_01	01_Mutter_01_CosMmR	12	2498	0.00629089677160183	FALSE
Mutter_01	01_Mutter_01_CosMmR	130	3095	0.0124139133358828	FALSE
Mutter_01	01_Mutter_01_CosMmR	131	3007	0.00812060980536956	FALSE
Mutter_01	01_Mutter_01_CosMmR	132	2495	0.00838325315865385	FALSE
Mutter_01	01_Mutter_01_CosMmR	133	2563	0.00738819412008742	FALSE
Mutter_01	01_Mutter_01_CosMmR	134	2234	0.00813785603091388	FALSE
Mutter_01	01_Mutter_01_CosMmR	135	2399	0.00602675528761021	FALSE
Mutter_01	01_Mutter_01_CosMmR	136	2573	0.00621543991092931	FALSE
Mutter_01	01_Mutter_01_CosMmR	137	2918	0.00379533240441924	FALSE
Mutter_01	01_Mutter_01_CosMmR	138	2443	0.00605509118847832	FALSE
Mutter_01	01_Mutter_01_CosMmR	139	3038	0.0128146861996669	FALSE
Mutter_01	01_Mutter_01_CosMmR	13	1514	0.00762434885386935	FALSE
Mutter_01	01_Mutter_01_CosMmR	140	2484	0.0137090653727237	FALSE
Mutter_01	01_Mutter_01_CosMmR	141	2530	0.0114205874380141	FALSE
Mutter_01	01_Mutter_01_CosMmR	142	1939	0.00864506269639394	FALSE
Mutter_01	01_Mutter_01_CosMmR	143	1754	0.00718499609472097	FALSE
Mutter_01	01_Mutter_01_CosMmR	144	1191	0.00734916118321688	FALSE
Mutter_01	01_Mutter_01_CosMmR	145	1936	0.00606423213921126	FALSE
Mutter_01	01_Mutter_01_CosMmR	146	2267	0.00390962963848449	FALSE
Mutter_01	01_Mutter_01_CosMmR	147	473	0.00471977892641829	FALSE
Mutter_01	01_Mutter_01_CosMmR	148	1439	0.00430158145058709	FALSE
Mutter_01	01_Mutter_01_CosMmR	149	2530	0.00383331736684675	FALSE
Mutter_01	01_Mutter_01_CosMmR	14	428	0.00807426140357902	FALSE
Mutter_01	01_Mutter_01_CosMmR	150	1898	0.00427768303685223	FALSE
Mutter_01	01_Mutter_01_CosMmR	151	497	0.00665638696356194	FALSE
Mutter_01	01_Mutter_01_CosMmR	152	482	0.00705695130522878	FALSE
Mutter_01	01_Mutter_01_CosMmR	153	713	0.00752716016573494	FALSE
Mutter_01	01_Mutter_01_CosMmR	154	1340	0.00940045084590724	FALSE
Mutter_01	01_Mutter_01_CosMmR	155	556	0.00783771234399567	FALSE
Mutter_01	01_Mutter_01_CosMmR	156	1059	0.00589268295193663	FALSE
Mutter_01	01_Mutter_01_CosMmR	157	332	0.00832855042364086	FALSE
Mutter_01	01_Mutter_01_CosMmR	158	543	0.00458329571070227	FALSE
Mutter_01	01_Mutter_01_CosMmR	159	1019	0.00459383643206028	FALSE
Mutter_01	01_Mutter_01_CosMmR	15	2046	0.00867276664058861	FALSE
Mutter_01	01_Mutter_01_CosMmR	160	206	0.00604674390838072	FALSE
Mutter_01	01_Mutter_01_CosMmR	161	1377	0.0126552297666419	FALSE
Mutter_01	01_Mutter_01_CosMmR	162	974	0.012865995367291	FALSE
Mutter_01	01_Mutter_01_CosMmR	163	662	0.00774983414440029	FALSE
Mutter_01	01_Mutter_01_CosMmR	164	669	0.00672266157284822	FALSE
Mutter_01	01_Mutter_01_CosMmR	165	564	0.006140204630749	FALSE
Mutter_01	01_Mutter_01_CosMmR	166	1055	0.00706037923080674	FALSE
Mutter_01	01_Mutter_01_CosMmR	167	729	0.00961736928639915	FALSE
Mutter_01	01_Mutter_01_CosMmR	168	113	0.00915612713490967	FALSE
Mutter_01	01_Mutter_01_CosMmR	169	744	0.00472455697977893	FALSE
Mutter_01	01_Mutter_01_CosMmR	16	908	0.00859418213335446	FALSE
Mutter_01	01_Mutter_01_CosMmR	170	882	0.00360557471687836	FALSE
Mutter_01	01_Mutter_01_CosMmR	171	615	0.00569001709955665	FALSE
Mutter_01	01_Mutter_01_CosMmR	172	455	0.0066945666842294	FALSE
Mutter_01	01_Mutter_01_CosMmR	173	462	0.00753654064957684	FALSE
Mutter_01	01_Mutter_01_CosMmR	174	879	0.00631260412066221	FALSE
Mutter_01	01_Mutter_01_CosMmR	175	2169	0.00393226068277272	FALSE
Mutter_01	01_Mutter_01_CosMmR	176	3174	0.00289248425866358	FALSE
Mutter_01	01_Mutter_01_CosMmR	177	2969	0.00324780911682909	FALSE
Mutter_01	01_Mutter_01_CosMmR	178	607	0.0056703503401458	FALSE
Mutter_01	01_Mutter_01_CosMmR	179	368	0.00657163526273159	FALSE
Mutter_01	01_Mutter_01_CosMmR	17	944	0.00787025975221214	FALSE
Mutter_01	01_Mutter_01_CosMmR	180	1317	0.00516449187106714	FALSE
Mutter_01	01_Mutter_01_CosMmR	181	2351	0.00362498075568198	FALSE
Mutter_01	01_Mutter_01_CosMmR	182	2949	0.00246025724692997	FALSE
Mutter_01	01_Mutter_01_CosMmR	183	3191	0.00320434837192081	FALSE
Mutter_01	01_Mutter_01_CosMmR	184	1517	0.00678365826062745	FALSE
Mutter_01	01_Mutter_01_CosMmR	185	167	0.00601913376828815	FALSE
Mutter_01	01_Mutter_01_CosMmR	186	1199	0.00595810625660426	FALSE
Mutter_01	01_Mutter_01_CosMmR	187	2903	0.00286625605917818	FALSE
Mutter_01	01_Mutter_01_CosMmR	188	2938	0.00275107465591903	FALSE
Mutter_01	01_Mutter_01_CosMmR	189	3006	0.00292082026724503	FALSE
Mutter_01	01_Mutter_01_CosMmR	18	2862	0.00611942566481504	FALSE
Mutter_01	01_Mutter_01_CosMmR	190	977	0.00817361965115251	FALSE
Mutter_01	01_Mutter_01_CosMmR	191	582	0.00669630816254537	FALSE
Mutter_01	01_Mutter_01_CosMmR	192	2199	0.00581250843721197	FALSE
Mutter_01	01_Mutter_01_CosMmR	193	2413	0.00615021179577271	FALSE
Mutter_01	01_Mutter_01_CosMmR	194	1100	0.00724661080037573	FALSE
Mutter_01	01_Mutter_01_CosMmR	195	666	0.0042586585105641	FALSE
Mutter_01	01_Mutter_01_CosMmR	19	2548	0.00569982911770594	FALSE
Mutter_01	01_Mutter_01_CosMmR	1	1193	0.00791424698492833	FALSE
Mutter_01	01_Mutter_01_CosMmR	20	2639	0.00540157911332773	FALSE
Mutter_01	01_Mutter_01_CosMmR	21	2838	0.00584299662740965	FALSE
Mutter_01	01_Mutter_01_CosMmR	22	2091	0.00789165100218353	FALSE
Mutter_01	01_Mutter_01_CosMmR	23	725	0.00799691650877632	FALSE
Mutter_01	01_Mutter_01_CosMmR	24	272	0.00602192325988851	FALSE
Mutter_01	01_Mutter_01_CosMmR	25	336	0.00546164522543519	FALSE
Mutter_01	01_Mutter_01_CosMmR	26	2115	0.00646825172812907	FALSE
Mutter_01	01_Mutter_01_CosMmR	27	2602	0.0059684864609507	FALSE
Mutter_01	01_Mutter_01_CosMmR	28	3122	0.00614376372669255	FALSE
Mutter_01	01_Mutter_01_CosMmR	29	3366	0.00648589364334009	FALSE
Mutter_01	01_Mutter_01_CosMmR	2	768	0.0115413040458535	FALSE
Mutter_01	01_Mutter_01_CosMmR	30	3566	0.00627402189105276	FALSE
Mutter_01	01_Mutter_01_CosMmR	31	2683	0.00547495255261443	FALSE
Mutter_01	01_Mutter_01_CosMmR	32	2412	0.0121040709130033	FALSE
Mutter_01	01_Mutter_01_CosMmR	33	737	0.0120102133101271	FALSE
Mutter_01	01_Mutter_01_CosMmR	34	253	0.00458287660356956	FALSE
Mutter_01	01_Mutter_01_CosMmR	35	83	0.0097480154799634	FALSE
Mutter_01	01_Mutter_01_CosMmR	36	2495	0.00612238041477766	FALSE
Mutter_01	01_Mutter_01_CosMmR	37	2239	0.00807281929892016	FALSE
Mutter_01	01_Mutter_01_CosMmR	38	2891	0.00867730731878166	FALSE
Mutter_01	01_Mutter_01_CosMmR	39	2859	0.00761429680005183	FALSE
Mutter_01	01_Mutter_01_CosMmR	3	256	0.00904460776400478	FALSE
Mutter_01	01_Mutter_01_CosMmR	40	2941	0.00694572026605511	FALSE
Mutter_01	01_Mutter_01_CosMmR	41	2416	0.00527203619678234	FALSE
Mutter_01	01_Mutter_01_CosMmR	42	1854	0.00857043551024773	FALSE
Mutter_01	01_Mutter_01_CosMmR	43	1477	0.010218181244568	FALSE
Mutter_01	01_Mutter_01_CosMmR	44	2626	0.00718438825966206	FALSE
Mutter_01	01_Mutter_01_CosMmR	45	2877	0.0103492425411756	FALSE
Mutter_01	01_Mutter_01_CosMmR	46	2680	0.00573205044232857	FALSE
Mutter_01	01_Mutter_01_CosMmR	47	2552	0.00581002563616374	FALSE
Mutter_01	01_Mutter_01_CosMmR	48	2949	0.00939995383013494	FALSE
Mutter_01	01_Mutter_01_CosMmR	49	593	0.0111713420282514	FALSE
Mutter_01	01_Mutter_01_CosMmR	4	803	0.0102115839027766	FALSE
Mutter_01	01_Mutter_01_CosMmR	50	1346	0.0101481460864509	FALSE
Mutter_01	01_Mutter_01_CosMmR	51	3030	0.0104511504591219	FALSE
Mutter_01	01_Mutter_01_CosMmR	52	2863	0.00755237503185702	FALSE
Mutter_01	01_Mutter_01_CosMmR	53	2168	0.00956264066188453	FALSE
Mutter_01	01_Mutter_01_CosMmR	54	671	0.0100380742978741	FALSE
Mutter_01	01_Mutter_01_CosMmR	55	146	0.0101050563701739	FALSE
Mutter_01	01_Mutter_01_CosMmR	56	268	0.0142174087025213	FALSE
Mutter_01	01_Mutter_01_CosMmR	57	652	0.00869703311956076	FALSE
Mutter_01	01_Mutter_01_CosMmR	58	132	0.00656486384098927	FALSE
Mutter_01	01_Mutter_01_CosMmR	59	527	0.00783412699097658	FALSE
Mutter_01	01_Mutter_01_CosMmR	5	260	0.0115902968525383	FALSE
Mutter_01	01_Mutter_01_CosMmR	60	685	0.00955331816064607	FALSE
Mutter_01	01_Mutter_01_CosMmR	61	782	0.00617413140993973	FALSE
Mutter_01	01_Mutter_01_CosMmR	62	501	0.00890500711072029	FALSE
Mutter_01	01_Mutter_01_CosMmR	63	429	0.008614451064394	FALSE
Mutter_01	01_Mutter_01_CosMmR	64	290	0.00930282115551895	FALSE
Mutter_01	01_Mutter_01_CosMmR	65	630	0.00825710430336015	FALSE
Mutter_01	01_Mutter_01_CosMmR	66	853	0.0123176998797251	FALSE
Mutter_01	01_Mutter_01_CosMmR	67	706	0.0113145364720073	FALSE
Mutter_01	01_Mutter_01_CosMmR	68	581	0.00739369096624561	FALSE
Mutter_01	01_Mutter_01_CosMmR	69	509	0.00930946698634083	FALSE
Mutter_01	01_Mutter_01_CosMmR	6	650	0.00877666679443708	FALSE
Mutter_01	01_Mutter_01_CosMmR	70	644	0.0103311331135662	FALSE
Mutter_01	01_Mutter_01_CosMmR	71	218	0.00926587618161997	FALSE
Mutter_01	01_Mutter_01_CosMmR	72	897	0.00745166925889839	FALSE
Mutter_01	01_Mutter_01_CosMmR	73	887	0.00956080992819186	FALSE
Mutter_01	01_Mutter_01_CosMmR	74	876	0.0127423628234015	FALSE
Mutter_01	01_Mutter_01_CosMmR	75	931	0.0105127627293614	FALSE
Mutter_01	01_Mutter_01_CosMmR	76	1664	0.00631921959501742	FALSE
Mutter_01	01_Mutter_01_CosMmR	77	2007	0.00499482647447564	FALSE
Mutter_01	01_Mutter_01_CosMmR	78	2467	0.00435750812405088	FALSE
Mutter_01	01_Mutter_01_CosMmR	79	539	0.00885805327957392	FALSE
Mutter_01	01_Mutter_01_CosMmR	7	412	0.00895253176789753	FALSE
Mutter_01	01_Mutter_01_CosMmR	80	743	0.00911963694668628	FALSE
Mutter_01	01_Mutter_01_CosMmR	81	798	0.0143683285830423	FALSE
Mutter_01	01_Mutter_01_CosMmR	82	767	0.0119280663918454	FALSE
Mutter_01	01_Mutter_01_CosMmR	83	2455	0.00607423480329944	FALSE
Mutter_01	01_Mutter_01_CosMmR	84	3035	0.00534725695748752	FALSE
Mutter_01	01_Mutter_01_CosMmR	85	3210	0.00596653420333919	FALSE
Mutter_01	01_Mutter_01_CosMmR	86	2243	0.00427670427977926	FALSE
Mutter_01	01_Mutter_01_CosMmR	87	669	0.00735211943886117	FALSE
Mutter_01	01_Mutter_01_CosMmR	88	517	0.0108201392603619	FALSE
Mutter_01	01_Mutter_01_CosMmR	89	945	0.00790591856008209	FALSE
Mutter_01	01_Mutter_01_CosMmR	8	2306	0.0092136747937937	FALSE
Mutter_01	01_Mutter_01_CosMmR	90	2636	0.00665726226127976	FALSE
Mutter_01	01_Mutter_01_CosMmR	91	4541	0.00675405327526559	FALSE
Mutter_01	01_Mutter_01_CosMmR	92	3694	0.00599218249759686	FALSE
Mutter_01	01_Mutter_01_CosMmR	93	3591	0.00951170950520939	FALSE
Mutter_01	01_Mutter_01_CosMmR	94	972	0.00707521124078594	FALSE
Mutter_01	01_Mutter_01_CosMmR	95	177	0.0084489098957636	FALSE
Mutter_01	01_Mutter_01_CosMmR	96	2049	0.00544408173669859	FALSE
Mutter_01	01_Mutter_01_CosMmR	97	2435	0.00807848977929293	FALSE
Mutter_01	01_Mutter_01_CosMmR	98	3802	0.00868969079493873	FALSE
Mutter_01	01_Mutter_01_CosMmR	99	2594	0.00999944782087059	FALSE
Mutter_01	01_Mutter_01_CosMmR	9	1426	0.00836866308782351	FALSE
Mutter_01	02_Mutter_01_CosMmR	100	2044	0.00402272337575339	FALSE
Mutter_01	02_Mutter_01_CosMmR	101	1001	0.00469836522631605	FALSE
Mutter_01	02_Mutter_01_CosMmR	102	267	0.00808469104552275	FALSE
Mutter_01	02_Mutter_01_CosMmR	103	1708	0.00439841238801544	FALSE
Mutter_01	02_Mutter_01_CosMmR	104	3331	0.0039989835667099	FALSE
Mutter_01	02_Mutter_01_CosMmR	105	3003	0.00270749406527342	FALSE
Mutter_01	02_Mutter_01_CosMmR	106	2973	0.00233933865995377	FALSE
Mutter_01	02_Mutter_01_CosMmR	107	3116	0.00251349907794188	FALSE
Mutter_01	02_Mutter_01_CosMmR	108	2758	0.00317624153891961	FALSE
Mutter_01	02_Mutter_01_CosMmR	109	852	0.00487169050082317	FALSE
Mutter_01	02_Mutter_01_CosMmR	10	803	0.00976712755292568	FALSE
Mutter_01	02_Mutter_01_CosMmR	111	300	0.0204293538352232	FALSE
Mutter_01	02_Mutter_01_CosMmR	112	195	0.0184120395657739	FALSE
Mutter_01	02_Mutter_01_CosMmR	113	142	0.00561532050977651	FALSE
Mutter_01	02_Mutter_01_CosMmR	114	656	0.00447609017596678	FALSE
Mutter_01	02_Mutter_01_CosMmR	115	2849	0.00502418931701052	FALSE
Mutter_01	02_Mutter_01_CosMmR	116	3148	0.00283058902790196	FALSE
Mutter_01	02_Mutter_01_CosMmR	117	3097	0.00245416915132995	FALSE
Mutter_01	02_Mutter_01_CosMmR	118	2870	0.00220283506164686	FALSE
Mutter_01	02_Mutter_01_CosMmR	119	2955	0.00260923132120568	FALSE
Mutter_01	02_Mutter_01_CosMmR	11	767	0.010497212784857	FALSE
Mutter_01	02_Mutter_01_CosMmR	120	3231	0.003007402837671	FALSE
Mutter_01	02_Mutter_01_CosMmR	121	2443	0.00310102959749068	FALSE
Mutter_01	02_Mutter_01_CosMmR	122	1313	0.00505283946205296	FALSE
Mutter_01	02_Mutter_01_CosMmR	123	395	0.0186929338507305	FALSE
Mutter_01	02_Mutter_01_CosMmR	124	417	0.0119362895119641	FALSE
Mutter_01	02_Mutter_01_CosMmR	125	287	0.00749317614408444	FALSE
Mutter_01	02_Mutter_01_CosMmR	126	157	0.00865153021209857	FALSE
Mutter_01	02_Mutter_01_CosMmR	127	795	0.00574180224737987	FALSE
Mutter_01	02_Mutter_01_CosMmR	128	2767	0.00489428702634015	FALSE
Mutter_01	02_Mutter_01_CosMmR	129	2939	0.00228419689833192	FALSE
Mutter_01	02_Mutter_01_CosMmR	12	197	0.00909466079566933	FALSE
Mutter_01	02_Mutter_01_CosMmR	130	3162	0.00218709525546521	FALSE
Mutter_01	02_Mutter_01_CosMmR	131	2980	0.002191300267391	FALSE
Mutter_01	02_Mutter_01_CosMmR	132	3061	0.00236894250620547	FALSE
Mutter_01	02_Mutter_01_CosMmR	133	3185	0.00276917915516833	FALSE
Mutter_01	02_Mutter_01_CosMmR	134	3193	0.00302926373742578	FALSE
Mutter_01	02_Mutter_01_CosMmR	135	2518	0.00319845513793043	FALSE
Mutter_01	02_Mutter_01_CosMmR	136	367	0.0272287885172928	FALSE
Mutter_01	02_Mutter_01_CosMmR	137	445	0.0129550481912903	FALSE
Mutter_01	02_Mutter_01_CosMmR	138	640	0.00668195047110729	FALSE
Mutter_01	02_Mutter_01_CosMmR	139	595	0.0126741214354726	FALSE
Mutter_01	02_Mutter_01_CosMmR	13	117	0.0127992050789612	FALSE
Mutter_01	02_Mutter_01_CosMmR	140	682	0.007566225434268	FALSE
Mutter_01	02_Mutter_01_CosMmR	141	2756	0.00445191844862975	FALSE
Mutter_01	02_Mutter_01_CosMmR	142	3043	0.00224879889002508	FALSE
Mutter_01	02_Mutter_01_CosMmR	143	3121	0.00167017172126905	FALSE
Mutter_01	02_Mutter_01_CosMmR	144	3172	0.00226832214895738	FALSE
Mutter_01	02_Mutter_01_CosMmR	145	3256	0.00230306680598993	FALSE
Mutter_01	02_Mutter_01_CosMmR	146	3209	0.00263402646260543	FALSE
Mutter_01	02_Mutter_01_CosMmR	147	3276	0.00275605789688548	FALSE
Mutter_01	02_Mutter_01_CosMmR	148	2552	0.00443782388768853	FALSE
Mutter_01	02_Mutter_01_CosMmR	149	237	0.021352592688352	FALSE
Mutter_01	02_Mutter_01_CosMmR	14	327	0.00919176822333393	FALSE
Mutter_01	02_Mutter_01_CosMmR	150	402	0.0267909801658032	FALSE
Mutter_01	02_Mutter_01_CosMmR	151	394	0.0146623106706528	FALSE
Mutter_01	02_Mutter_01_CosMmR	152	428	0.0202350721210657	FALSE
Mutter_01	02_Mutter_01_CosMmR	153	376	0.0119979968304615	FALSE
Mutter_01	02_Mutter_01_CosMmR	154	1920	0.00533186721442454	FALSE
Mutter_01	02_Mutter_01_CosMmR	155	3177	0.00247418528660872	FALSE
Mutter_01	02_Mutter_01_CosMmR	156	3183	0.00220257714860852	FALSE
Mutter_01	02_Mutter_01_CosMmR	157	3281	0.00247417649083609	FALSE
Mutter_01	02_Mutter_01_CosMmR	158	3289	0.00281683743027859	FALSE
Mutter_01	02_Mutter_01_CosMmR	159	3213	0.00272181195303903	FALSE
Mutter_01	02_Mutter_01_CosMmR	15	188	0.0115785941049653	FALSE
Mutter_01	02_Mutter_01_CosMmR	160	3148	0.00384066434177163	FALSE
Mutter_01	02_Mutter_01_CosMmR	161	778	0.00702907845629829	FALSE
Mutter_01	02_Mutter_01_CosMmR	162	101	0.0291407605723541	FALSE
Mutter_01	02_Mutter_01_CosMmR	163	313	0.0181033339258918	FALSE
Mutter_01	02_Mutter_01_CosMmR	164	483	0.00967903122030855	FALSE
Mutter_01	02_Mutter_01_CosMmR	165	243	0.0171163268339543	FALSE
Mutter_01	02_Mutter_01_CosMmR	166	368	0.0107836021965307	FALSE
Mutter_01	02_Mutter_01_CosMmR	167	300	0.00601866949785178	FALSE
Mutter_01	02_Mutter_01_CosMmR	168	2149	0.00384358714518264	FALSE
Mutter_01	02_Mutter_01_CosMmR	169	3230	0.00306896343049519	FALSE
Mutter_01	02_Mutter_01_CosMmR	16	2	0	FALSE
Mutter_01	02_Mutter_01_CosMmR	170	3317	0.00276896528988414	FALSE
Mutter_01	02_Mutter_01_CosMmR	171	2590	0.00372135123052408	FALSE
Mutter_01	02_Mutter_01_CosMmR	172	1572	0.005281364182508	FALSE
Mutter_01	02_Mutter_01_CosMmR	173	344	0.00806738353357822	FALSE
Mutter_01	02_Mutter_01_CosMmR	174	141	0.00811907170371648	FALSE
Mutter_01	02_Mutter_01_CosMmR	175	550	0.00536037438284539	FALSE
Mutter_01	02_Mutter_01_CosMmR	176	688	0.00576508104665487	FALSE
Mutter_01	02_Mutter_01_CosMmR	177	565	0.00556247042888753	FALSE
Mutter_01	02_Mutter_01_CosMmR	178	373	0.00606292450081516	FALSE
Mutter_01	02_Mutter_01_CosMmR	179	259	0.00436102151689125	FALSE
Mutter_01	02_Mutter_01_CosMmR	17	62	0.00587841147351251	FALSE
Mutter_01	02_Mutter_01_CosMmR	180	606	0.00773105324999313	FALSE
Mutter_01	02_Mutter_01_CosMmR	181	1522	0.00661208349148265	FALSE
Mutter_01	02_Mutter_01_CosMmR	182	1346	0.00617716510553986	FALSE
Mutter_01	02_Mutter_01_CosMmR	183	1220	0.00882208417107935	FALSE
Mutter_01	02_Mutter_01_CosMmR	184	527	0.00504198288129746	FALSE
Mutter_01	02_Mutter_01_CosMmR	185	413	0.00710509848446052	FALSE
Mutter_01	02_Mutter_01_CosMmR	186	754	0.00473811859360925	FALSE
Mutter_01	02_Mutter_01_CosMmR	187	585	0.0061458840768577	FALSE
Mutter_01	02_Mutter_01_CosMmR	188	821	0.00568924867632913	FALSE
Mutter_01	02_Mutter_01_CosMmR	189	1425	0.00556515963731809	FALSE
Mutter_01	02_Mutter_01_CosMmR	18	2318	0.00550287079316463	FALSE
Mutter_01	02_Mutter_01_CosMmR	190	1853	0.00600586787405222	FALSE
Mutter_01	02_Mutter_01_CosMmR	191	1256	0.00673918069408735	FALSE
Mutter_01	02_Mutter_01_CosMmR	192	1540	0.00598275074867456	FALSE
Mutter_01	02_Mutter_01_CosMmR	193	1294	0.00815632123419741	FALSE
Mutter_01	02_Mutter_01_CosMmR	194	875	0.00814722184384534	FALSE
Mutter_01	02_Mutter_01_CosMmR	195	448	0.00579741904384037	FALSE
Mutter_01	02_Mutter_01_CosMmR	196	967	0.00410002432286891	FALSE
Mutter_01	02_Mutter_01_CosMmR	197	2983	0.0033895225889009	FALSE
Mutter_01	02_Mutter_01_CosMmR	198	2911	0.00811172699222948	FALSE
Mutter_01	02_Mutter_01_CosMmR	199	2297	0.0127330022806362	FALSE
Mutter_01	02_Mutter_01_CosMmR	19	3361	0.00506310702442575	FALSE
Mutter_01	02_Mutter_01_CosMmR	1	151	0.00829562644982364	FALSE
Mutter_01	02_Mutter_01_CosMmR	200	2378	0.0061037105088975	FALSE
Mutter_01	02_Mutter_01_CosMmR	201	1942	0.00613694769004079	FALSE
Mutter_01	02_Mutter_01_CosMmR	202	1882	0.0047641488800525	FALSE
Mutter_01	02_Mutter_01_CosMmR	203	1424	0.00337435328782023	FALSE
Mutter_01	02_Mutter_01_CosMmR	204	1556	0.00877678278535391	FALSE
Mutter_01	02_Mutter_01_CosMmR	205	845	0.00859102869214671	FALSE
Mutter_01	02_Mutter_01_CosMmR	206	705	0.00751180761874665	FALSE
Mutter_01	02_Mutter_01_CosMmR	207	396	0.00635185040712256	FALSE
Mutter_01	02_Mutter_01_CosMmR	208	2255	0.00407504801225082	FALSE
Mutter_01	02_Mutter_01_CosMmR	209	3382	0.0036703263772645	FALSE
Mutter_01	02_Mutter_01_CosMmR	20	3325	0.00662071386508418	FALSE
Mutter_01	02_Mutter_01_CosMmR	210	3147	0.0188826246115886	FALSE
Mutter_01	02_Mutter_01_CosMmR	211	2676	0.0143052611543656	FALSE
Mutter_01	02_Mutter_01_CosMmR	212	2481	0.00687327423041952	FALSE
Mutter_01	02_Mutter_01_CosMmR	213	2112	0.00545789956933341	FALSE
Mutter_01	02_Mutter_01_CosMmR	214	2114	0.0054182073740487	FALSE
Mutter_01	02_Mutter_01_CosMmR	215	1756	0.00352230584768853	FALSE
Mutter_01	02_Mutter_01_CosMmR	216	1624	0.00826362987131576	FALSE
Mutter_01	02_Mutter_01_CosMmR	217	579	0.00804489639575486	FALSE
Mutter_01	02_Mutter_01_CosMmR	218	849	0.0061873725411561	FALSE
Mutter_01	02_Mutter_01_CosMmR	219	145	0.00928375369876292	FALSE
Mutter_01	02_Mutter_01_CosMmR	21	1766	0.00933362164414196	FALSE
Mutter_01	02_Mutter_01_CosMmR	220	1584	0.00472649352619927	FALSE
Mutter_01	02_Mutter_01_CosMmR	221	3530	0.00522961789406193	FALSE
Mutter_01	02_Mutter_01_CosMmR	222	3207	0.0140782025544549	FALSE
Mutter_01	02_Mutter_01_CosMmR	223	2862	0.00858112851108069	FALSE
Mutter_01	02_Mutter_01_CosMmR	224	2775	0.00420219627970766	FALSE
Mutter_01	02_Mutter_01_CosMmR	225	2794	0.00328295024422689	FALSE
Mutter_01	02_Mutter_01_CosMmR	226	2900	0.0030793802481475	FALSE
Mutter_01	02_Mutter_01_CosMmR	227	2314	0.0038393441105051	FALSE
Mutter_01	02_Mutter_01_CosMmR	228	1236	0.0060368435584898	FALSE
Mutter_01	02_Mutter_01_CosMmR	229	109	0.00864988777846436	FALSE
Mutter_01	02_Mutter_01_CosMmR	22	1932	0.00765841764674522	FALSE
Mutter_01	02_Mutter_01_CosMmR	230	247	0.005982600047326	FALSE
Mutter_01	02_Mutter_01_CosMmR	231	117	0.00869172901096771	FALSE
Mutter_01	02_Mutter_01_CosMmR	232	681	0.00562171145164447	FALSE
Mutter_01	02_Mutter_01_CosMmR	233	1378	0.00444702821306252	FALSE
Mutter_01	02_Mutter_01_CosMmR	234	2202	0.00501917536881975	FALSE
Mutter_01	02_Mutter_01_CosMmR	235	2477	0.00485242202146034	FALSE
Mutter_01	02_Mutter_01_CosMmR	236	3069	0.00494314899414641	FALSE
Mutter_01	02_Mutter_01_CosMmR	237	2917	0.00555290452272915	FALSE
Mutter_01	02_Mutter_01_CosMmR	238	2649	0.00527951653433909	FALSE
Mutter_01	02_Mutter_01_CosMmR	239	1542	0.00477157665062881	FALSE
Mutter_01	02_Mutter_01_CosMmR	23	1409	0.00877598235223999	FALSE
Mutter_01	02_Mutter_01_CosMmR	240	235	0.00504541705811755	FALSE
Mutter_01	02_Mutter_01_CosMmR	241	453	0.00538894559222684	FALSE
Mutter_01	02_Mutter_01_CosMmR	242	877	0.011691751384628	FALSE
Mutter_01	02_Mutter_01_CosMmR	243	1222	0.00927323573307861	FALSE
Mutter_01	02_Mutter_01_CosMmR	244	1150	0.00954630527024195	FALSE
Mutter_01	02_Mutter_01_CosMmR	245	291	0.00786835386566957	FALSE
Mutter_01	02_Mutter_01_CosMmR	24	1161	0.00947084760010652	FALSE
Mutter_01	02_Mutter_01_CosMmR	25	832	0.00828629979597334	FALSE
Mutter_01	02_Mutter_01_CosMmR	26	163	0.00590643231145065	FALSE
Mutter_01	02_Mutter_01_CosMmR	27	1253	0.00628678299396429	FALSE
Mutter_01	02_Mutter_01_CosMmR	28	2663	0.00565911773292165	FALSE
Mutter_01	02_Mutter_01_CosMmR	29	1372	0.00898949263114771	FALSE
Mutter_01	02_Mutter_01_CosMmR	2	582	0.00847772700096897	FALSE
Mutter_01	02_Mutter_01_CosMmR	30	555	0.00695006684610472	FALSE
Mutter_01	02_Mutter_01_CosMmR	31	854	0.00719057421595822	FALSE
Mutter_01	02_Mutter_01_CosMmR	32	3117	0.00675659443699623	FALSE
Mutter_01	02_Mutter_01_CosMmR	33	3170	0.00553803953904441	FALSE
Mutter_01	02_Mutter_01_CosMmR	34	3426	0.00727891386124235	FALSE
Mutter_01	02_Mutter_01_CosMmR	35	2900	0.0101560777714672	FALSE
Mutter_01	02_Mutter_01_CosMmR	36	3116	0.0069911352170323	FALSE
Mutter_01	02_Mutter_01_CosMmR	37	3528	0.00725889331275006	FALSE
Mutter_01	02_Mutter_01_CosMmR	38	2734	0.00897267096668805	FALSE
Mutter_01	02_Mutter_01_CosMmR	39	840	0.0125225874053114	FALSE
Mutter_01	02_Mutter_01_CosMmR	3	733	0.00949735333023034	FALSE
Mutter_01	02_Mutter_01_CosMmR	40	368	0.00822930972481093	FALSE
Mutter_01	02_Mutter_01_CosMmR	41	1489	0.00872560174542059	FALSE
Mutter_01	02_Mutter_01_CosMmR	42	3156	0.00683760043149533	FALSE
Mutter_01	02_Mutter_01_CosMmR	43	3148	0.00882187933934274	FALSE
Mutter_01	02_Mutter_01_CosMmR	44	2740	0.00744801223941946	FALSE
Mutter_01	02_Mutter_01_CosMmR	45	2246	0.010157590458166	FALSE
Mutter_01	02_Mutter_01_CosMmR	46	3025	0.00764532871664552	FALSE
Mutter_01	02_Mutter_01_CosMmR	47	3201	0.00577305930403635	FALSE
Mutter_01	02_Mutter_01_CosMmR	48	3369	0.0104638436207647	FALSE
Mutter_01	02_Mutter_01_CosMmR	49	1825	0.0112670728329857	FALSE
Mutter_01	02_Mutter_01_CosMmR	4	692	0.0100708793588404	FALSE
Mutter_01	02_Mutter_01_CosMmR	50	3336	0.0078396255012088	FALSE
Mutter_01	02_Mutter_01_CosMmR	51	3000	0.00579680804104153	FALSE
Mutter_01	02_Mutter_01_CosMmR	52	2989	0.00751842949373446	FALSE
Mutter_01	02_Mutter_01_CosMmR	53	1485	0.0121821783685232	FALSE
Mutter_01	02_Mutter_01_CosMmR	54	358	0.00813540466750247	FALSE
Mutter_01	02_Mutter_01_CosMmR	55	615	0.0132491046401823	FALSE
Mutter_01	02_Mutter_01_CosMmR	56	2938	0.00736004992105147	FALSE
Mutter_01	02_Mutter_01_CosMmR	57	2748	0.00789630919995999	FALSE
Mutter_01	02_Mutter_01_CosMmR	58	2900	0.00783555537222382	FALSE
Mutter_01	02_Mutter_01_CosMmR	59	3085	0.0111516875094977	FALSE
Mutter_01	02_Mutter_01_CosMmR	5	526	0.00572429258835667	FALSE
Mutter_01	02_Mutter_01_CosMmR	60	2986	0.0102596010685136	FALSE
Mutter_01	02_Mutter_01_CosMmR	61	2968	0.00715471845251434	FALSE
Mutter_01	02_Mutter_01_CosMmR	62	2201	0.0111982441546402	FALSE
Mutter_01	02_Mutter_01_CosMmR	63	799	0.00870884125415136	FALSE
Mutter_01	02_Mutter_01_CosMmR	64	2858	0.00916230235706798	FALSE
Mutter_01	02_Mutter_01_CosMmR	65	2718	0.00610518920981095	FALSE
Mutter_01	02_Mutter_01_CosMmR	66	2808	0.00619361874298278	FALSE
Mutter_01	02_Mutter_01_CosMmR	67	1477	0.0133084028328654	FALSE
Mutter_01	02_Mutter_01_CosMmR	68	121	0.025142053037286	FALSE
Mutter_01	02_Mutter_01_CosMmR	69	1476	0.0115592840024261	FALSE
Mutter_01	02_Mutter_01_CosMmR	6	1960	0.00678323403806324	FALSE
Mutter_01	02_Mutter_01_CosMmR	70	2978	0.00989733771836155	FALSE
Mutter_01	02_Mutter_01_CosMmR	71	2718	0.0110859161530393	FALSE
Mutter_01	02_Mutter_01_CosMmR	72	3280	0.0123365483686166	FALSE
Mutter_01	02_Mutter_01_CosMmR	73	2397	0.0127203486108358	FALSE
Mutter_01	02_Mutter_01_CosMmR	74	949	0.00807387432478334	FALSE
Mutter_01	02_Mutter_01_CosMmR	75	1089	0.00873939620903837	FALSE
Mutter_01	02_Mutter_01_CosMmR	76	284	0.00926009148181078	FALSE
Mutter_01	02_Mutter_01_CosMmR	77	764	0.0124723834158076	FALSE
Mutter_01	02_Mutter_01_CosMmR	78	2234	0.00911709716997104	FALSE
Mutter_01	02_Mutter_01_CosMmR	79	2097	0.00908684758577806	FALSE
Mutter_01	02_Mutter_01_CosMmR	7	1363	0.00799991460332952	FALSE
Mutter_01	02_Mutter_01_CosMmR	80	422	0.00992087860517072	FALSE
Mutter_01	02_Mutter_01_CosMmR	81	268	0.0149945692674715	FALSE
Mutter_01	02_Mutter_01_CosMmR	82	1643	0.01080941853359	FALSE
Mutter_01	02_Mutter_01_CosMmR	83	2751	0.013305364550643	FALSE
Mutter_01	02_Mutter_01_CosMmR	84	2345	0.0157709713356764	FALSE
Mutter_01	02_Mutter_01_CosMmR	85	1163	0.0117887529828603	FALSE
Mutter_01	02_Mutter_01_CosMmR	86	424	0.00838582048616788	FALSE
Mutter_01	02_Mutter_01_CosMmR	87	607	0.00769914210944871	FALSE
Mutter_01	02_Mutter_01_CosMmR	88	226	0.00774517769780224	FALSE
Mutter_01	02_Mutter_01_CosMmR	89	153	0.0163135909907921	FALSE
Mutter_01	02_Mutter_01_CosMmR	8	802	0.00982527138511965	FALSE
Mutter_01	02_Mutter_01_CosMmR	90	110	0.00652796045055316	FALSE
Mutter_01	02_Mutter_01_CosMmR	91	456	0.0198408310284785	FALSE
Mutter_01	02_Mutter_01_CosMmR	92	670	0.0206839778828789	FALSE
Mutter_01	02_Mutter_01_CosMmR	93	40	0.0167106403963345	FALSE
Mutter_01	02_Mutter_01_CosMmR	94	167	0.0076244695471404	FALSE
Mutter_01	02_Mutter_01_CosMmR	95	605	0.00720483103093119	FALSE
Mutter_01	02_Mutter_01_CosMmR	96	172	0.0105394417997396	FALSE
Mutter_01	02_Mutter_01_CosMmR	97	827	0.00468443732291713	FALSE
Mutter_01	02_Mutter_01_CosMmR	98	2016	0.00474080584448578	FALSE
Mutter_01	02_Mutter_01_CosMmR	99	2697	0.0040772290741674	FALSE
Mutter_01	02_Mutter_01_CosMmR	9	711	0.0103770519807662	FALSE
Mutter_01	03_Mutter_01_CosMmR	100	744	0.0135153133062618	FALSE
Mutter_01	03_Mutter_01_CosMmR	101	727	0.0116740135737846	FALSE
Mutter_01	03_Mutter_01_CosMmR	102	565	0.0161448066910305	FALSE
Mutter_01	03_Mutter_01_CosMmR	103	1117	0.0117095588184972	FALSE
Mutter_01	03_Mutter_01_CosMmR	104	1181	0.0148756643515963	FALSE
Mutter_01	03_Mutter_01_CosMmR	105	1036	0.0180797550016538	FALSE
Mutter_01	03_Mutter_01_CosMmR	106	886	0.0145517451108709	FALSE
Mutter_01	03_Mutter_01_CosMmR	107	37	0.0347838297219313	TRUE
Mutter_01	03_Mutter_01_CosMmR	108	290	0.0249006103874106	FALSE
Mutter_01	03_Mutter_01_CosMmR	109	1155	0.0184603888910127	FALSE
Mutter_01	03_Mutter_01_CosMmR	10	1221	0.0161727949888304	FALSE
Mutter_01	03_Mutter_01_CosMmR	110	1204	0.0129742866545417	FALSE
Mutter_01	03_Mutter_01_CosMmR	111	214	0.00982354679431351	FALSE
Mutter_01	03_Mutter_01_CosMmR	112	947	0.0240961849783436	FALSE
Mutter_01	03_Mutter_01_CosMmR	113	1077	0.0162290308183087	FALSE
Mutter_01	03_Mutter_01_CosMmR	114	1142	0.0153295017006159	FALSE
Mutter_01	03_Mutter_01_CosMmR	115	642	0.0108409081449978	FALSE
Mutter_01	03_Mutter_01_CosMmR	116	1318	0.0209535507211636	FALSE
Mutter_01	03_Mutter_01_CosMmR	117	1004	0.0169434147810194	FALSE
Mutter_01	03_Mutter_01_CosMmR	118	824	0.0158135521924877	FALSE
Mutter_01	03_Mutter_01_CosMmR	119	736	0.0104421592193827	FALSE
Mutter_01	03_Mutter_01_CosMmR	11	941	0.0228129533648152	FALSE
Mutter_01	03_Mutter_01_CosMmR	120	1151	0.0231956050732685	FALSE
Mutter_01	03_Mutter_01_CosMmR	121	1086	0.0155073128196114	FALSE
Mutter_01	03_Mutter_01_CosMmR	122	844	0.0172964922341578	FALSE
Mutter_01	03_Mutter_01_CosMmR	123	1021	0.0149999892039981	FALSE
Mutter_01	03_Mutter_01_CosMmR	124	325	0.0107195108796295	FALSE
Mutter_01	03_Mutter_01_CosMmR	125	40	0.0588566495516688	TRUE
Mutter_01	03_Mutter_01_CosMmR	126	873	0.0240539560202451	FALSE
Mutter_01	03_Mutter_01_CosMmR	127	1226	0.0186620727287	FALSE
Mutter_01	03_Mutter_01_CosMmR	128	951	0.0194454693013253	FALSE
Mutter_01	03_Mutter_01_CosMmR	129	942	0.0213169702329386	FALSE
Mutter_01	03_Mutter_01_CosMmR	12	891	0.0242793784925259	FALSE
Mutter_01	03_Mutter_01_CosMmR	130	996	0.0148435421543253	FALSE
Mutter_01	03_Mutter_01_CosMmR	131	98	0.00648567765914044	FALSE
Mutter_01	03_Mutter_01_CosMmR	132	114	0.0460537683278042	TRUE
Mutter_01	03_Mutter_01_CosMmR	133	93	0.0247598553548978	FALSE
Mutter_01	03_Mutter_01_CosMmR	134	57	0.0555846619334961	TRUE
Mutter_01	03_Mutter_01_CosMmR	135	576	0.0283582293823393	FALSE
Mutter_01	03_Mutter_01_CosMmR	136	1060	0.0225209318624593	FALSE
Mutter_01	03_Mutter_01_CosMmR	137	1074	0.0215133177034132	FALSE
Mutter_01	03_Mutter_01_CosMmR	138	1054	0.0182273741032051	FALSE
Mutter_01	03_Mutter_01_CosMmR	139	700	0.0289450292202087	FALSE
Mutter_01	03_Mutter_01_CosMmR	13	899	0.0247986416520399	FALSE
Mutter_01	03_Mutter_01_CosMmR	140	1237	0.0087385132196462	FALSE
Mutter_01	03_Mutter_01_CosMmR	141	604	0.0161138173830248	FALSE
Mutter_01	03_Mutter_01_CosMmR	142	142	0.0304858553998912	TRUE
Mutter_01	03_Mutter_01_CosMmR	143	384	0.0398697127741549	TRUE
Mutter_01	03_Mutter_01_CosMmR	144	780	0.0653260243554623	TRUE
Mutter_01	03_Mutter_01_CosMmR	145	508	0.063548726793023	TRUE
Mutter_01	03_Mutter_01_CosMmR	146	111	0.0339607517949424	TRUE
Mutter_01	03_Mutter_01_CosMmR	147	633	0.0140427548228751	FALSE
Mutter_01	03_Mutter_01_CosMmR	148	1128	0.0175718594749971	FALSE
Mutter_01	03_Mutter_01_CosMmR	149	1048	0.0191997794091073	FALSE
Mutter_01	03_Mutter_01_CosMmR	14	733	0.0174193581108587	FALSE
Mutter_01	03_Mutter_01_CosMmR	150	790	0.0255929227649951	FALSE
Mutter_01	03_Mutter_01_CosMmR	151	900	0.0257236469889085	FALSE
Mutter_01	03_Mutter_01_CosMmR	152	1147	0.0300066604112527	TRUE
Mutter_01	03_Mutter_01_CosMmR	153	911	0.0573753790701425	TRUE
Mutter_01	03_Mutter_01_CosMmR	154	405	0.0620736629756199	TRUE
Mutter_01	03_Mutter_01_CosMmR	155	666	0.0682291368000724	TRUE
Mutter_01	03_Mutter_01_CosMmR	156	738	0.0279483329344604	FALSE
Mutter_01	03_Mutter_01_CosMmR	157	475	0.0284261856069968	FALSE
Mutter_01	03_Mutter_01_CosMmR	158	597	0.0196625803024924	FALSE
Mutter_01	03_Mutter_01_CosMmR	159	1069	0.0138094512136496	FALSE
Mutter_01	03_Mutter_01_CosMmR	15	658	0.013087143788513	FALSE
Mutter_01	03_Mutter_01_CosMmR	160	1265	0.0106402267845459	FALSE
Mutter_01	03_Mutter_01_CosMmR	161	845	0.0179474743571791	FALSE
Mutter_01	03_Mutter_01_CosMmR	162	1009	0.0182284333935202	FALSE
Mutter_01	03_Mutter_01_CosMmR	163	904	0.0220039600762755	FALSE
Mutter_01	03_Mutter_01_CosMmR	164	750	0.0256423705733353	FALSE
Mutter_01	03_Mutter_01_CosMmR	165	900	0.0284035156951326	FALSE
Mutter_01	03_Mutter_01_CosMmR	166	926	0.04823590946993	TRUE
Mutter_01	03_Mutter_01_CosMmR	167	887	0.0488271441300441	TRUE
Mutter_01	03_Mutter_01_CosMmR	168	980	0.0182191283729706	FALSE
Mutter_01	03_Mutter_01_CosMmR	169	906	0.0310482038544543	TRUE
Mutter_01	03_Mutter_01_CosMmR	16	444	0.0142876249978402	FALSE
Mutter_01	03_Mutter_01_CosMmR	170	1008	0.0175601306315392	FALSE
Mutter_01	03_Mutter_01_CosMmR	171	1111	0.0121498574212158	FALSE
Mutter_01	03_Mutter_01_CosMmR	172	491	0.00930752585263367	FALSE
Mutter_01	03_Mutter_01_CosMmR	173	1112	0.014617271420366	FALSE
Mutter_01	03_Mutter_01_CosMmR	174	792	0.0220809670166193	FALSE
Mutter_01	03_Mutter_01_CosMmR	175	911	0.0242333925521372	FALSE
Mutter_01	03_Mutter_01_CosMmR	176	872	0.0236921221948425	FALSE
Mutter_01	03_Mutter_01_CosMmR	177	780	0.0250567223670444	FALSE
Mutter_01	03_Mutter_01_CosMmR	178	745	0.0342440864196796	TRUE
Mutter_01	03_Mutter_01_CosMmR	179	1112	0.0350519127071736	TRUE
Mutter_01	03_Mutter_01_CosMmR	17	1023	0.00797652663920086	FALSE
Mutter_01	03_Mutter_01_CosMmR	180	748	0.0338297017739888	TRUE
Mutter_01	03_Mutter_01_CosMmR	181	904	0.0248989497179726	FALSE
Mutter_01	03_Mutter_01_CosMmR	182	1285	0.0111337941038734	FALSE
Mutter_01	03_Mutter_01_CosMmR	183	1137	0.00735457013882149	FALSE
Mutter_01	03_Mutter_01_CosMmR	184	462	0.0122298301807483	FALSE
Mutter_01	03_Mutter_01_CosMmR	185	1052	0.0103532943280861	FALSE
Mutter_01	03_Mutter_01_CosMmR	186	792	0.0189600151094613	FALSE
Mutter_01	03_Mutter_01_CosMmR	187	791	0.0211712173899024	FALSE
Mutter_01	03_Mutter_01_CosMmR	188	717	0.031140792028433	TRUE
Mutter_01	03_Mutter_01_CosMmR	189	807	0.0367668942500926	TRUE
Mutter_01	03_Mutter_01_CosMmR	18	428	0.0293019145196703	TRUE
Mutter_01	03_Mutter_01_CosMmR	190	933	0.0243244670203188	FALSE
Mutter_01	03_Mutter_01_CosMmR	191	1064	0.0171230925189717	FALSE
Mutter_01	03_Mutter_01_CosMmR	192	1266	0.0149233534541556	FALSE
Mutter_01	03_Mutter_01_CosMmR	193	1473	0.0118936923671961	FALSE
Mutter_01	03_Mutter_01_CosMmR	194	626	0.011515956415824	FALSE
Mutter_01	03_Mutter_01_CosMmR	195	281	0.0108582458566752	FALSE
Mutter_01	03_Mutter_01_CosMmR	196	819	0.00899613281565146	FALSE
Mutter_01	03_Mutter_01_CosMmR	197	1205	0.0104610659729576	FALSE
Mutter_01	03_Mutter_01_CosMmR	198	772	0.0224213567676519	FALSE
Mutter_01	03_Mutter_01_CosMmR	199	802	0.0419565707531363	TRUE
Mutter_01	03_Mutter_01_CosMmR	19	660	0.0299212130698629	TRUE
Mutter_01	03_Mutter_01_CosMmR	1	1208	0.0144845880093736	FALSE
Mutter_01	03_Mutter_01_CosMmR	200	1017	0.0246585730380226	FALSE
Mutter_01	03_Mutter_01_CosMmR	201	1311	0.0125904455736073	FALSE
Mutter_01	03_Mutter_01_CosMmR	202	1284	0.0158303676146269	FALSE
Mutter_01	03_Mutter_01_CosMmR	203	877	0.0108868370513426	FALSE
Mutter_01	03_Mutter_01_CosMmR	204	273	0.0110505097539714	FALSE
Mutter_01	03_Mutter_01_CosMmR	205	1197	0.0094294521153098	FALSE
Mutter_01	03_Mutter_01_CosMmR	206	1075	0.0186156255884207	FALSE
Mutter_01	03_Mutter_01_CosMmR	207	820	0.0266090287757874	FALSE
Mutter_01	03_Mutter_01_CosMmR	208	1139	0.0135139971799227	FALSE
Mutter_01	03_Mutter_01_CosMmR	209	765	0.0151778000340099	FALSE
Mutter_01	03_Mutter_01_CosMmR	20	839	0.0412100030252183	TRUE
Mutter_01	03_Mutter_01_CosMmR	210	395	0.0105146989401138	FALSE
Mutter_01	03_Mutter_01_CosMmR	211	504	0.0106619333061575	FALSE
Mutter_01	03_Mutter_01_CosMmR	212	66	0.0345824993990358	TRUE
Mutter_01	03_Mutter_01_CosMmR	213	315	0.0186108416094153	FALSE
Mutter_01	03_Mutter_01_CosMmR	214	795	0.0132909123136893	FALSE
Mutter_01	03_Mutter_01_CosMmR	215	980	0.00831228013909276	FALSE
Mutter_01	03_Mutter_01_CosMmR	216	913	0.0090068034754925	FALSE
Mutter_01	03_Mutter_01_CosMmR	217	1108	0.00888163433657644	FALSE
Mutter_01	03_Mutter_01_CosMmR	218	901	0.0103075354108711	FALSE
Mutter_01	03_Mutter_01_CosMmR	219	666	0.0123097999205504	FALSE
Mutter_01	03_Mutter_01_CosMmR	21	821	0.0395244298124069	TRUE
Mutter_01	03_Mutter_01_CosMmR	220	163	0.0236151567680195	FALSE
Mutter_01	03_Mutter_01_CosMmR	221	731	0.00709384549952145	FALSE
Mutter_01	03_Mutter_01_CosMmR	222	160	0.0233496770725848	FALSE
Mutter_01	03_Mutter_01_CosMmR	223	259	0.0140842010882388	FALSE
Mutter_01	03_Mutter_01_CosMmR	224	941	0.0131180019087336	FALSE
Mutter_01	03_Mutter_01_CosMmR	225	1259	0.0203121501619632	FALSE
Mutter_01	03_Mutter_01_CosMmR	226	778	0.0242617422867696	FALSE
Mutter_01	03_Mutter_01_CosMmR	227	881	0.0202564979083956	FALSE
Mutter_01	03_Mutter_01_CosMmR	228	894	0.0157424305784907	FALSE
Mutter_01	03_Mutter_01_CosMmR	229	844	0.0159311573876913	FALSE
Mutter_01	03_Mutter_01_CosMmR	22	757	0.0350108794551561	TRUE
Mutter_01	03_Mutter_01_CosMmR	230	865	0.0191884690305774	FALSE
Mutter_01	03_Mutter_01_CosMmR	231	1718	0.00934407774007007	FALSE
Mutter_01	03_Mutter_01_CosMmR	232	1580	0.00752353398486063	FALSE
Mutter_01	03_Mutter_01_CosMmR	233	788	0.018507209254963	FALSE
Mutter_01	03_Mutter_01_CosMmR	234	1182	0.0114832816028486	FALSE
Mutter_01	03_Mutter_01_CosMmR	235	792	0.0083923939359743	FALSE
Mutter_01	03_Mutter_01_CosMmR	236	19	0.0143048897023158	FALSE
Mutter_01	03_Mutter_01_CosMmR	237	962	0.0104809069572012	FALSE
Mutter_01	03_Mutter_01_CosMmR	238	968	0.0439360810742228	TRUE
Mutter_01	03_Mutter_01_CosMmR	239	917	0.0453380788051106	TRUE
Mutter_01	03_Mutter_01_CosMmR	23	57	0.0283680805749828	FALSE
Mutter_01	03_Mutter_01_CosMmR	240	862	0.0287279823080543	FALSE
Mutter_01	03_Mutter_01_CosMmR	241	900	0.0179767207249263	FALSE
Mutter_01	03_Mutter_01_CosMmR	242	870	0.0174358570128184	FALSE
Mutter_01	03_Mutter_01_CosMmR	243	941	0.0186331391240065	FALSE
Mutter_01	03_Mutter_01_CosMmR	244	834	0.0292288254081433	TRUE
Mutter_01	03_Mutter_01_CosMmR	245	1003	0.0170315198267671	FALSE
Mutter_01	03_Mutter_01_CosMmR	246	846	0.0206753973774089	FALSE
Mutter_01	03_Mutter_01_CosMmR	247	827	0.024227711252222	FALSE
Mutter_01	03_Mutter_01_CosMmR	248	858	0.0162184665563068	FALSE
Mutter_01	03_Mutter_01_CosMmR	249	723	0.0107530443387376	FALSE
Mutter_01	03_Mutter_01_CosMmR	24	705	0.0115124941628493	FALSE
Mutter_01	03_Mutter_01_CosMmR	250	417	0.012453629394856	FALSE
Mutter_01	03_Mutter_01_CosMmR	251	734	0.0136847094802468	FALSE
Mutter_01	03_Mutter_01_CosMmR	252	1175	0.0196255486833409	FALSE
Mutter_01	03_Mutter_01_CosMmR	253	758	0.0430785270047859	TRUE
Mutter_01	03_Mutter_01_CosMmR	254	831	0.036745940824981	TRUE
Mutter_01	03_Mutter_01_CosMmR	255	740	0.0201591695049821	FALSE
Mutter_01	03_Mutter_01_CosMmR	256	644	0.0156146021559905	FALSE
Mutter_01	03_Mutter_01_CosMmR	257	738	0.019998400198612	FALSE
Mutter_01	03_Mutter_01_CosMmR	258	724	0.0204391919267462	FALSE
Mutter_01	03_Mutter_01_CosMmR	259	839	0.0225074663394369	FALSE
Mutter_01	03_Mutter_01_CosMmR	25	1064	0.019640461965376	FALSE
Mutter_01	03_Mutter_01_CosMmR	260	768	0.0248838176651794	FALSE
Mutter_01	03_Mutter_01_CosMmR	261	932	0.0222169502428735	FALSE
Mutter_01	03_Mutter_01_CosMmR	262	1042	0.0369071656674644	TRUE
Mutter_01	03_Mutter_01_CosMmR	263	854	0.0181301277411981	FALSE
Mutter_01	03_Mutter_01_CosMmR	264	831	0.0110966932266738	FALSE
Mutter_01	03_Mutter_01_CosMmR	265	48	0.0178152149200184	FALSE
Mutter_01	03_Mutter_01_CosMmR	266	287	0.0142328570751499	FALSE
Mutter_01	03_Mutter_01_CosMmR	267	497	0.0156218764371608	FALSE
Mutter_01	03_Mutter_01_CosMmR	268	576	0.0198173855745485	FALSE
Mutter_01	03_Mutter_01_CosMmR	269	516	0.0126963605866455	FALSE
Mutter_01	03_Mutter_01_CosMmR	26	989	0.0182314243247219	FALSE
Mutter_01	03_Mutter_01_CosMmR	270	728	0.0141831364169666	FALSE
Mutter_01	03_Mutter_01_CosMmR	271	662	0.0233647105434432	FALSE
Mutter_01	03_Mutter_01_CosMmR	272	757	0.0153138535010067	FALSE
Mutter_01	03_Mutter_01_CosMmR	273	705	0.0203539912812004	FALSE
Mutter_01	03_Mutter_01_CosMmR	274	682	0.0233629321048884	FALSE
Mutter_01	03_Mutter_01_CosMmR	275	613	0.0183862809223772	FALSE
Mutter_01	03_Mutter_01_CosMmR	276	957	0.0533703392048797	TRUE
Mutter_01	03_Mutter_01_CosMmR	277	904	0.0306983188662201	TRUE
Mutter_01	03_Mutter_01_CosMmR	278	634	0.0133877783653783	FALSE
Mutter_01	03_Mutter_01_CosMmR	279	823	0.00867194415716582	FALSE
Mutter_01	03_Mutter_01_CosMmR	27	985	0.0179627088940662	FALSE
Mutter_01	03_Mutter_01_CosMmR	280	339	0.00953422408793814	FALSE
Mutter_01	03_Mutter_01_CosMmR	281	591	0.0152144205078202	FALSE
Mutter_01	03_Mutter_01_CosMmR	282	627	0.017707250126842	FALSE
Mutter_01	03_Mutter_01_CosMmR	283	597	0.0234221673987452	FALSE
Mutter_01	03_Mutter_01_CosMmR	284	883	0.0368778952617691	TRUE
Mutter_01	03_Mutter_01_CosMmR	285	923	0.0257379321810555	FALSE
Mutter_01	03_Mutter_01_CosMmR	286	1151	0.0194581701544534	FALSE
Mutter_01	03_Mutter_01_CosMmR	287	1189	0.0103892195031409	FALSE
Mutter_01	03_Mutter_01_CosMmR	288	359	0.0137853994533948	FALSE
Mutter_01	03_Mutter_01_CosMmR	289	458	0.0142843817704061	FALSE
Mutter_01	03_Mutter_01_CosMmR	28	1008	0.0183176178539998	FALSE
Mutter_01	03_Mutter_01_CosMmR	290	770	0.0132692620997454	FALSE
Mutter_01	03_Mutter_01_CosMmR	291	652	0.0242527683357621	FALSE
Mutter_01	03_Mutter_01_CosMmR	292	594	0.0389781386451358	TRUE
Mutter_01	03_Mutter_01_CosMmR	293	1064	0.0332767776244882	TRUE
Mutter_01	03_Mutter_01_CosMmR	294	1441	0.0169416876390825	FALSE
Mutter_01	03_Mutter_01_CosMmR	295	1472	0.0112725570214551	FALSE
Mutter_01	03_Mutter_01_CosMmR	296	782	0.0180049612750511	FALSE
Mutter_01	03_Mutter_01_CosMmR	297	22	0.0192557613792131	FALSE
Mutter_01	03_Mutter_01_CosMmR	298	1287	0.0183652107621949	FALSE
Mutter_01	03_Mutter_01_CosMmR	299	1102	0.0183666573678757	FALSE
Mutter_01	03_Mutter_01_CosMmR	29	744	0.0169164682453664	FALSE
Mutter_01	03_Mutter_01_CosMmR	2	1064	0.0185562477799319	FALSE
Mutter_01	03_Mutter_01_CosMmR	300	713	0.032223758416637	TRUE
Mutter_01	03_Mutter_01_CosMmR	301	737	0.0380778003219476	TRUE
Mutter_01	03_Mutter_01_CosMmR	302	1087	0.0270728451078151	FALSE
Mutter_01	03_Mutter_01_CosMmR	303	1470	0.0137692033153587	FALSE
Mutter_01	03_Mutter_01_CosMmR	304	914	0.0167324170209909	FALSE
Mutter_01	03_Mutter_01_CosMmR	305	226	0.00802452319594925	FALSE
Mutter_01	03_Mutter_01_CosMmR	306	732	0.00856508869595663	FALSE
Mutter_01	03_Mutter_01_CosMmR	307	173	0.00982515966943784	FALSE
Mutter_01	03_Mutter_01_CosMmR	308	883	0.0187187039168264	FALSE
Mutter_01	03_Mutter_01_CosMmR	309	747	0.0342324293610896	TRUE
Mutter_01	03_Mutter_01_CosMmR	30	598	0.0208019428038798	FALSE
Mutter_01	03_Mutter_01_CosMmR	310	796	0.0386419736034763	TRUE
Mutter_01	03_Mutter_01_CosMmR	311	787	0.0300747217910814	TRUE
Mutter_01	03_Mutter_01_CosMmR	312	191	0.0171641841132528	FALSE
Mutter_01	03_Mutter_01_CosMmR	313	418	0.0108041714653949	FALSE
Mutter_01	03_Mutter_01_CosMmR	314	494	0.0171404829042611	FALSE
Mutter_01	03_Mutter_01_CosMmR	315	638	0.0411575904107402	TRUE
Mutter_01	03_Mutter_01_CosMmR	31	643	0.0141920826084093	FALSE
Mutter_01	03_Mutter_01_CosMmR	32	1193	0.0134600233261111	FALSE
Mutter_01	03_Mutter_01_CosMmR	33	1470	0.0103653238720364	FALSE
Mutter_01	03_Mutter_01_CosMmR	34	187	0.0127124550989483	FALSE
Mutter_01	03_Mutter_01_CosMmR	35	689	0.0358101813390575	TRUE
Mutter_01	03_Mutter_01_CosMmR	36	882	0.030920362601549	TRUE
Mutter_01	03_Mutter_01_CosMmR	37	927	0.0361837601528062	TRUE
Mutter_01	03_Mutter_01_CosMmR	38	1071	0.0278446429392499	FALSE
Mutter_01	03_Mutter_01_CosMmR	39	660	0.022307356257131	FALSE
Mutter_01	03_Mutter_01_CosMmR	3	1053	0.0185133407008457	FALSE
Mutter_01	03_Mutter_01_CosMmR	40	96	0.021944832090948	FALSE
Mutter_01	03_Mutter_01_CosMmR	41	1148	0.013685109797884	FALSE
Mutter_01	03_Mutter_01_CosMmR	42	959	0.0162693242901545	FALSE
Mutter_01	03_Mutter_01_CosMmR	43	1011	0.0174317006821726	FALSE
Mutter_01	03_Mutter_01_CosMmR	44	930	0.0175379861393966	FALSE
Mutter_01	03_Mutter_01_CosMmR	45	1003	0.0148996887020867	FALSE
Mutter_01	03_Mutter_01_CosMmR	46	866	0.0177151065138392	FALSE
Mutter_01	03_Mutter_01_CosMmR	47	678	0.0216175315714908	FALSE
Mutter_01	03_Mutter_01_CosMmR	48	769	0.0331813670873767	TRUE
Mutter_01	03_Mutter_01_CosMmR	49	971	0.0188873003767196	FALSE
Mutter_01	03_Mutter_01_CosMmR	4	625	0.011854197524837	FALSE
Mutter_01	03_Mutter_01_CosMmR	50	678	0.0323783525150886	TRUE
Mutter_01	03_Mutter_01_CosMmR	51	783	0.0338410012729329	TRUE
Mutter_01	03_Mutter_01_CosMmR	52	938	0.0369719970555005	TRUE
Mutter_01	03_Mutter_01_CosMmR	53	987	0.0335979678975363	TRUE
Mutter_01	03_Mutter_01_CosMmR	54	1455	0.0182588399087296	FALSE
Mutter_01	03_Mutter_01_CosMmR	55	1154	0.01924311826103	FALSE
Mutter_01	03_Mutter_01_CosMmR	56	335	0.00949270278846095	FALSE
Mutter_01	03_Mutter_01_CosMmR	57	172	0.0135030982541666	FALSE
Mutter_01	03_Mutter_01_CosMmR	58	1091	0.0117874531667712	FALSE
Mutter_01	03_Mutter_01_CosMmR	59	1119	0.0189256960158221	FALSE
Mutter_01	03_Mutter_01_CosMmR	5	260	0.00629578243185603	FALSE
Mutter_01	03_Mutter_01_CosMmR	60	1061	0.0181141253134304	FALSE
Mutter_01	03_Mutter_01_CosMmR	61	990	0.0173189774806293	FALSE
Mutter_01	03_Mutter_01_CosMmR	62	1019	0.0167782516652303	FALSE
Mutter_01	03_Mutter_01_CosMmR	63	1144	0.0209774088841413	FALSE
Mutter_01	03_Mutter_01_CosMmR	64	1182	0.0236970992708557	FALSE
Mutter_01	03_Mutter_01_CosMmR	65	879	0.0352707527747842	TRUE
Mutter_01	03_Mutter_01_CosMmR	66	863	0.0386411978051879	TRUE
Mutter_01	03_Mutter_01_CosMmR	67	858	0.0393986033003729	TRUE
Mutter_01	03_Mutter_01_CosMmR	68	988	0.030316659606996	TRUE
Mutter_01	03_Mutter_01_CosMmR	69	863	0.0260393082390433	FALSE
Mutter_01	03_Mutter_01_CosMmR	6	117	0.0442859563139198	TRUE
Mutter_01	03_Mutter_01_CosMmR	70	1100	0.0232441734690101	FALSE
Mutter_01	03_Mutter_01_CosMmR	71	1774	0.0183920138009972	FALSE
Mutter_01	03_Mutter_01_CosMmR	72	120	0.0176528647981187	FALSE
Mutter_01	03_Mutter_01_CosMmR	73	45	0.00788437809891058	FALSE
Mutter_01	03_Mutter_01_CosMmR	74	1143	0.0118841502779586	FALSE
Mutter_01	03_Mutter_01_CosMmR	75	950	0.0185913809268909	FALSE
Mutter_01	03_Mutter_01_CosMmR	76	933	0.0185103177469111	FALSE
Mutter_01	03_Mutter_01_CosMmR	77	922	0.0193754900702297	FALSE
Mutter_01	03_Mutter_01_CosMmR	78	909	0.0237619962224298	FALSE
Mutter_01	03_Mutter_01_CosMmR	79	975	0.0478847178687929	TRUE
Mutter_01	03_Mutter_01_CosMmR	7	318	0.0365023470068273	TRUE
Mutter_01	03_Mutter_01_CosMmR	80	887	0.0411383888690185	TRUE
Mutter_01	03_Mutter_01_CosMmR	81	963	0.0335602800338677	TRUE
Mutter_01	03_Mutter_01_CosMmR	82	879	0.0319919209382705	TRUE
Mutter_01	03_Mutter_01_CosMmR	83	929	0.0331598101842124	TRUE
Mutter_01	03_Mutter_01_CosMmR	84	713	0.0264032165826909	FALSE
Mutter_01	03_Mutter_01_CosMmR	85	975	0.0215494008602621	FALSE
Mutter_01	03_Mutter_01_CosMmR	86	379	0.0160487061548055	FALSE
Mutter_01	03_Mutter_01_CosMmR	87	106	0.0144427609871658	FALSE
Mutter_01	03_Mutter_01_CosMmR	88	1052	0.0110070014866009	FALSE
Mutter_01	03_Mutter_01_CosMmR	89	1068	0.0151780823817155	FALSE
Mutter_01	03_Mutter_01_CosMmR	8	461	0.0362531845991751	TRUE
Mutter_01	03_Mutter_01_CosMmR	90	836	0.0157155506625382	FALSE
Mutter_01	03_Mutter_01_CosMmR	91	865	0.0204446542135305	FALSE
Mutter_01	03_Mutter_01_CosMmR	92	1020	0.0384795495986734	TRUE
Mutter_01	03_Mutter_01_CosMmR	93	855	0.0379869096145598	TRUE
Mutter_01	03_Mutter_01_CosMmR	94	916	0.0258613823468721	FALSE
Mutter_01	03_Mutter_01_CosMmR	95	795	0.0233802604460997	FALSE
Mutter_01	03_Mutter_01_CosMmR	96	783	0.0275112628384443	FALSE
Mutter_01	03_Mutter_01_CosMmR	97	1061	0.0174386921007954	FALSE
Mutter_01	03_Mutter_01_CosMmR	98	428	0.0158374516311282	FALSE
Mutter_01	03_Mutter_01_CosMmR	99	269	0.0143666815114164	FALSE
Mutter_01	03_Mutter_01_CosMmR	9	124	0.0267490658513865	FALSE
Mutter_01	04_Mutter_01_CosMmR	100	2398	0.00831383513735029	FALSE
Mutter_01	04_Mutter_01_CosMmR	101	1842	0.00334940060423178	FALSE
Mutter_01	04_Mutter_01_CosMmR	102	3116	0.00244342999322816	FALSE
Mutter_01	04_Mutter_01_CosMmR	103	3003	0.00190079966062808	FALSE
Mutter_01	04_Mutter_01_CosMmR	104	2742	0.00236246369081854	FALSE
Mutter_01	04_Mutter_01_CosMmR	105	2863	0.00397696510932623	FALSE
Mutter_01	04_Mutter_01_CosMmR	106	3050	0.00354105731168111	FALSE
Mutter_01	04_Mutter_01_CosMmR	107	3049	0.00303514198625224	FALSE
Mutter_01	04_Mutter_01_CosMmR	108	3014	0.0034729823412817	FALSE
Mutter_01	04_Mutter_01_CosMmR	109	2779	0.00535479314600217	FALSE
Mutter_01	04_Mutter_01_CosMmR	10	332	0.0148687459564601	FALSE
Mutter_01	04_Mutter_01_CosMmR	110	2632	0.0035392965021101	FALSE
Mutter_01	04_Mutter_01_CosMmR	111	2960	0.00286604522725755	FALSE
Mutter_01	04_Mutter_01_CosMmR	112	2987	0.00239252559729173	FALSE
Mutter_01	04_Mutter_01_CosMmR	113	2665	0.00218234045718716	FALSE
Mutter_01	04_Mutter_01_CosMmR	114	2790	0.00334857741799218	FALSE
Mutter_01	04_Mutter_01_CosMmR	115	2864	0.00333797280438039	FALSE
Mutter_01	04_Mutter_01_CosMmR	116	3090	0.00313312769211624	FALSE
Mutter_01	04_Mutter_01_CosMmR	117	3196	0.00380989916213404	FALSE
Mutter_01	04_Mutter_01_CosMmR	118	2471	0.00661357524327586	FALSE
Mutter_01	04_Mutter_01_CosMmR	119	256	0.0035209475924374	FALSE
Mutter_01	04_Mutter_01_CosMmR	11	562	0.018023115255881	FALSE
Mutter_01	04_Mutter_01_CosMmR	120	2769	0.00412020691771098	FALSE
Mutter_01	04_Mutter_01_CosMmR	121	2870	0.00262809438656165	FALSE
Mutter_01	04_Mutter_01_CosMmR	122	2905	0.00246416569151005	FALSE
Mutter_01	04_Mutter_01_CosMmR	123	2791	0.00249639120918312	FALSE
Mutter_01	04_Mutter_01_CosMmR	124	2920	0.00305445959943625	FALSE
Mutter_01	04_Mutter_01_CosMmR	125	2850	0.0032584532164273	FALSE
Mutter_01	04_Mutter_01_CosMmR	126	2952	0.00301414202166322	FALSE
Mutter_01	04_Mutter_01_CosMmR	127	2850	0.00450781428190678	FALSE
Mutter_01	04_Mutter_01_CosMmR	128	1805	0.00505434064899363	FALSE
Mutter_01	04_Mutter_01_CosMmR	129	408	0.00495382627042521	FALSE
Mutter_01	04_Mutter_01_CosMmR	12	983	0.00726494358849525	FALSE
Mutter_01	04_Mutter_01_CosMmR	130	1879	0.0035774473939995	FALSE
Mutter_01	04_Mutter_01_CosMmR	131	2712	0.00285272440000467	FALSE
Mutter_01	04_Mutter_01_CosMmR	132	2607	0.00314228694682291	FALSE
Mutter_01	04_Mutter_01_CosMmR	133	2634	0.00336155115395329	FALSE
Mutter_01	04_Mutter_01_CosMmR	134	2974	0.00347152623068648	FALSE
Mutter_01	04_Mutter_01_CosMmR	135	2916	0.00396418366263554	FALSE
Mutter_01	04_Mutter_01_CosMmR	136	2902	0.00355178116798175	FALSE
Mutter_01	04_Mutter_01_CosMmR	137	2818	0.00490603082253794	FALSE
Mutter_01	04_Mutter_01_CosMmR	138	785	0.00543257623253732	FALSE
Mutter_01	04_Mutter_01_CosMmR	139	486	0.00464327225747147	FALSE
Mutter_01	04_Mutter_01_CosMmR	13	643	0.0138002193864473	FALSE
Mutter_01	04_Mutter_01_CosMmR	140	909	0.00519212885418979	FALSE
Mutter_01	04_Mutter_01_CosMmR	141	2700	0.00323480913188909	FALSE
Mutter_01	04_Mutter_01_CosMmR	142	2926	0.00359553516994119	FALSE
Mutter_01	04_Mutter_01_CosMmR	143	2689	0.00480644180145369	FALSE
Mutter_01	04_Mutter_01_CosMmR	144	3186	0.00480068805433164	FALSE
Mutter_01	04_Mutter_01_CosMmR	145	3119	0.00397088860858554	FALSE
Mutter_01	04_Mutter_01_CosMmR	146	2641	0.00475144406039371	FALSE
Mutter_01	04_Mutter_01_CosMmR	147	1245	0.00468046447026716	FALSE
Mutter_01	04_Mutter_01_CosMmR	148	163	0.00538031770507078	FALSE
Mutter_01	04_Mutter_01_CosMmR	149	210	0.00662875012248548	FALSE
Mutter_01	04_Mutter_01_CosMmR	14	555	0.0116711089791529	FALSE
Mutter_01	04_Mutter_01_CosMmR	150	208	0.00851183577489055	FALSE
Mutter_01	04_Mutter_01_CosMmR	151	685	0.00523922699918408	FALSE
Mutter_01	04_Mutter_01_CosMmR	152	1177	0.00518235030306334	FALSE
Mutter_01	04_Mutter_01_CosMmR	153	866	0.00525951797107411	FALSE
Mutter_01	04_Mutter_01_CosMmR	154	721	0.00542344305645467	FALSE
Mutter_01	04_Mutter_01_CosMmR	155	1072	0.00590957391821496	FALSE
Mutter_01	04_Mutter_01_CosMmR	156	2229	0.00360998149390391	FALSE
Mutter_01	04_Mutter_01_CosMmR	157	3029	0.00283990962911061	FALSE
Mutter_01	04_Mutter_01_CosMmR	158	2794	0.00251335962789556	FALSE
Mutter_01	04_Mutter_01_CosMmR	159	1826	0.00485128358903407	FALSE
Mutter_01	04_Mutter_01_CosMmR	15	167	0.0138338610206528	FALSE
Mutter_01	04_Mutter_01_CosMmR	160	924	0.00495365352447663	FALSE
Mutter_01	04_Mutter_01_CosMmR	161	1674	0.00524526156054209	FALSE
Mutter_01	04_Mutter_01_CosMmR	162	2497	0.00342368032965225	FALSE
Mutter_01	04_Mutter_01_CosMmR	163	2519	0.00368349389223753	FALSE
Mutter_01	04_Mutter_01_CosMmR	164	3038	0.00261508558803594	FALSE
Mutter_01	04_Mutter_01_CosMmR	165	3152	0.00315231822186265	FALSE
Mutter_01	04_Mutter_01_CosMmR	166	2936	0.00213605538970429	FALSE
Mutter_01	04_Mutter_01_CosMmR	167	3086	0.00213205833691294	FALSE
Mutter_01	04_Mutter_01_CosMmR	168	3040	0.0022581763684754	FALSE
Mutter_01	04_Mutter_01_CosMmR	169	3018	0.00319082504811676	FALSE
Mutter_01	04_Mutter_01_CosMmR	16	251	0.0159838879564312	FALSE
Mutter_01	04_Mutter_01_CosMmR	170	2788	0.00561136231487693	FALSE
Mutter_01	04_Mutter_01_CosMmR	171	1060	0.00564904152923568	FALSE
Mutter_01	04_Mutter_01_CosMmR	172	3038	0.00301073178377347	FALSE
Mutter_01	04_Mutter_01_CosMmR	173	2513	0.00306402537054244	FALSE
Mutter_01	04_Mutter_01_CosMmR	174	2773	0.00314170546237141	FALSE
Mutter_01	04_Mutter_01_CosMmR	175	2436	0.00294392914612194	FALSE
Mutter_01	04_Mutter_01_CosMmR	176	2391	0.00277242190922876	FALSE
Mutter_01	04_Mutter_01_CosMmR	177	3055	0.0023811991478695	FALSE
Mutter_01	04_Mutter_01_CosMmR	178	3094	0.00290908295360637	FALSE
Mutter_01	04_Mutter_01_CosMmR	179	3135	0.00214594816251959	FALSE
Mutter_01	04_Mutter_01_CosMmR	17	377	0.0109802022361861	FALSE
Mutter_01	04_Mutter_01_CosMmR	180	3099	0.0025298758734	FALSE
Mutter_01	04_Mutter_01_CosMmR	181	2979	0.00306448710135131	FALSE
Mutter_01	04_Mutter_01_CosMmR	182	2492	0.00514425815247238	FALSE
Mutter_01	04_Mutter_01_CosMmR	183	692	0.00587400228249067	FALSE
Mutter_01	04_Mutter_01_CosMmR	184	1463	0.00491338854500178	FALSE
Mutter_01	04_Mutter_01_CosMmR	185	3023	0.00257233250966291	FALSE
Mutter_01	04_Mutter_01_CosMmR	186	2938	0.00301944860697552	FALSE
Mutter_01	04_Mutter_01_CosMmR	187	2971	0.00391001311473404	FALSE
Mutter_01	04_Mutter_01_CosMmR	188	2136	0.00574135042972346	FALSE
Mutter_01	04_Mutter_01_CosMmR	189	2384	0.00378371701364603	FALSE
Mutter_01	04_Mutter_01_CosMmR	18	1814	0.00597979276176225	FALSE
Mutter_01	04_Mutter_01_CosMmR	190	2792	0.00246148437465657	FALSE
Mutter_01	04_Mutter_01_CosMmR	191	2900	0.00313800383739023	FALSE
Mutter_01	04_Mutter_01_CosMmR	192	3228	0.00202548195569343	FALSE
Mutter_01	04_Mutter_01_CosMmR	193	3048	0.00240918622306186	FALSE
Mutter_01	04_Mutter_01_CosMmR	194	3094	0.00248844802483262	FALSE
Mutter_01	04_Mutter_01_CosMmR	195	2880	0.00417136876517304	FALSE
Mutter_01	04_Mutter_01_CosMmR	196	418	0.00827070714608705	FALSE
Mutter_01	04_Mutter_01_CosMmR	197	2415	0.00269310523119803	FALSE
Mutter_01	04_Mutter_01_CosMmR	198	2915	0.00299682068339178	FALSE
Mutter_01	04_Mutter_01_CosMmR	199	2939	0.00403390801937246	FALSE
Mutter_01	04_Mutter_01_CosMmR	19	2996	0.00498121201034355	FALSE
Mutter_01	04_Mutter_01_CosMmR	1	118	0.031215006466396	TRUE
Mutter_01	04_Mutter_01_CosMmR	200	2652	0.00425538804851487	FALSE
Mutter_01	04_Mutter_01_CosMmR	201	2550	0.00517304853900692	FALSE
Mutter_01	04_Mutter_01_CosMmR	202	2378	0.00455651073424964	FALSE
Mutter_01	04_Mutter_01_CosMmR	203	2725	0.00539301707457319	FALSE
Mutter_01	04_Mutter_01_CosMmR	204	3000	0.00341245497557005	FALSE
Mutter_01	04_Mutter_01_CosMmR	205	3219	0.0026124438828727	FALSE
Mutter_01	04_Mutter_01_CosMmR	206	3199	0.00224370642789279	FALSE
Mutter_01	04_Mutter_01_CosMmR	207	3156	0.00289473738500607	FALSE
Mutter_01	04_Mutter_01_CosMmR	208	2897	0.00460160649868993	FALSE
Mutter_01	04_Mutter_01_CosMmR	209	2708	0.00311657040817286	FALSE
Mutter_01	04_Mutter_01_CosMmR	20	3066	0.00389148190170283	FALSE
Mutter_01	04_Mutter_01_CosMmR	210	2912	0.00261093113139994	FALSE
Mutter_01	04_Mutter_01_CosMmR	211	2755	0.00362083365505362	FALSE
Mutter_01	04_Mutter_01_CosMmR	212	2508	0.00331349949046281	FALSE
Mutter_01	04_Mutter_01_CosMmR	213	2501	0.00282635476863724	FALSE
Mutter_01	04_Mutter_01_CosMmR	214	2471	0.00304363152701798	FALSE
Mutter_01	04_Mutter_01_CosMmR	215	2897	0.00399074248377659	FALSE
Mutter_01	04_Mutter_01_CosMmR	216	3149	0.00228116290264413	FALSE
Mutter_01	04_Mutter_01_CosMmR	217	3320	0.00344431269055537	FALSE
Mutter_01	04_Mutter_01_CosMmR	218	3068	0.00217430778532215	FALSE
Mutter_01	04_Mutter_01_CosMmR	219	3048	0.00339032682759178	FALSE
Mutter_01	04_Mutter_01_CosMmR	21	1689	0.00815321198127723	FALSE
Mutter_01	04_Mutter_01_CosMmR	220	1437	0.00600263221770033	FALSE
Mutter_01	04_Mutter_01_CosMmR	221	1661	0.00528272671360512	FALSE
Mutter_01	04_Mutter_01_CosMmR	222	2326	0.00447258941453245	FALSE
Mutter_01	04_Mutter_01_CosMmR	223	2660	0.00253750673528	FALSE
Mutter_01	04_Mutter_01_CosMmR	224	2911	0.00315695031747609	FALSE
Mutter_01	04_Mutter_01_CosMmR	225	2602	0.00490503683546333	FALSE
Mutter_01	04_Mutter_01_CosMmR	226	2438	0.00464678875124556	FALSE
Mutter_01	04_Mutter_01_CosMmR	227	3236	0.00323462332979804	FALSE
Mutter_01	04_Mutter_01_CosMmR	228	3363	0.0032624841319477	FALSE
Mutter_01	04_Mutter_01_CosMmR	229	3050	0.00377188773086879	FALSE
Mutter_01	04_Mutter_01_CosMmR	22	643	0.0150284871438543	FALSE
Mutter_01	04_Mutter_01_CosMmR	230	2646	0.00400998199252336	FALSE
Mutter_01	04_Mutter_01_CosMmR	231	1290	0.00630501160648972	FALSE
Mutter_01	04_Mutter_01_CosMmR	232	855	0.00701214460450835	FALSE
Mutter_01	04_Mutter_01_CosMmR	233	1344	0.00567328683313882	FALSE
Mutter_01	04_Mutter_01_CosMmR	23	121	0.0146692424298821	FALSE
Mutter_01	04_Mutter_01_CosMmR	24	186	0.0153859891946353	FALSE
Mutter_01	04_Mutter_01_CosMmR	25	258	0.0112903856977471	FALSE
Mutter_01	04_Mutter_01_CosMmR	26	657	0.0119389740407993	FALSE
Mutter_01	04_Mutter_01_CosMmR	27	2892	0.00426633074608673	FALSE
Mutter_01	04_Mutter_01_CosMmR	28	3038	0.00399738792425653	FALSE
Mutter_01	04_Mutter_01_CosMmR	29	2978	0.00331507549221168	FALSE
Mutter_01	04_Mutter_01_CosMmR	2	383	0.0171905343242863	FALSE
Mutter_01	04_Mutter_01_CosMmR	30	2861	0.004861524987057	FALSE
Mutter_01	04_Mutter_01_CosMmR	31	614	0.0172985075637984	FALSE
Mutter_01	04_Mutter_01_CosMmR	32	154	0.0137344346385432	FALSE
Mutter_01	04_Mutter_01_CosMmR	33	194	0.0159069974630571	FALSE
Mutter_01	04_Mutter_01_CosMmR	34	277	0.0133671327714848	FALSE
Mutter_01	04_Mutter_01_CosMmR	35	455	0.0142303263962844	FALSE
Mutter_01	04_Mutter_01_CosMmR	36	2391	0.00483815687813414	FALSE
Mutter_01	04_Mutter_01_CosMmR	37	2924	0.00472819082916503	FALSE
Mutter_01	04_Mutter_01_CosMmR	38	2933	0.00331250929731671	FALSE
Mutter_01	04_Mutter_01_CosMmR	39	1884	0.00573422888304348	FALSE
Mutter_01	04_Mutter_01_CosMmR	3	500	0.0172153132311029	FALSE
Mutter_01	04_Mutter_01_CosMmR	40	472	0.019779337267822	FALSE
Mutter_01	04_Mutter_01_CosMmR	41	238	0.0118810084664716	FALSE
Mutter_01	04_Mutter_01_CosMmR	42	263	0.0148538684463579	FALSE
Mutter_01	04_Mutter_01_CosMmR	43	310	0.0137900595410534	FALSE
Mutter_01	04_Mutter_01_CosMmR	44	372	0.0110534425593161	FALSE
Mutter_01	04_Mutter_01_CosMmR	45	447	0.0069097400659977	FALSE
Mutter_01	04_Mutter_01_CosMmR	46	1203	0.00891154437301898	FALSE
Mutter_01	04_Mutter_01_CosMmR	47	986	0.00629285377390045	FALSE
Mutter_01	04_Mutter_01_CosMmR	48	442	0.0210911646831175	FALSE
Mutter_01	04_Mutter_01_CosMmR	49	256	0.016493862038644	FALSE
Mutter_01	04_Mutter_01_CosMmR	4	468	0.020137660925132	FALSE
Mutter_01	04_Mutter_01_CosMmR	50	188	0.0170338462347865	FALSE
Mutter_01	04_Mutter_01_CosMmR	51	274	0.0185139042750213	FALSE
Mutter_01	04_Mutter_01_CosMmR	52	268	0.017764234117238	FALSE
Mutter_01	04_Mutter_01_CosMmR	53	392	0.00868730298536991	FALSE
Mutter_01	04_Mutter_01_CosMmR	54	292	0.00861004301004923	FALSE
Mutter_01	04_Mutter_01_CosMmR	55	364	0.0167220838105635	FALSE
Mutter_01	04_Mutter_01_CosMmR	56	330	0.0168897572627265	FALSE
Mutter_01	04_Mutter_01_CosMmR	57	354	0.0184156714219831	FALSE
Mutter_01	04_Mutter_01_CosMmR	58	188	0.020994751771475	FALSE
Mutter_01	04_Mutter_01_CosMmR	59	357	0.0222984696343609	FALSE
Mutter_01	04_Mutter_01_CosMmR	5	602	0.0118400702732617	FALSE
Mutter_01	04_Mutter_01_CosMmR	60	336	0.0132407094814546	FALSE
Mutter_01	04_Mutter_01_CosMmR	61	344	0.0157871036299089	FALSE
Mutter_01	04_Mutter_01_CosMmR	62	305	0.0258371411199718	FALSE
Mutter_01	04_Mutter_01_CosMmR	63	345	0.0213143142363778	FALSE
Mutter_01	04_Mutter_01_CosMmR	64	363	0.0218562608399612	FALSE
Mutter_01	04_Mutter_01_CosMmR	65	244	0.013285200248513	FALSE
Mutter_01	04_Mutter_01_CosMmR	66	77	0.0173679541381474	FALSE
Mutter_01	04_Mutter_01_CosMmR	67	183	0.0134409384560422	FALSE
Mutter_01	04_Mutter_01_CosMmR	68	216	0.0143867074244915	FALSE
Mutter_01	04_Mutter_01_CosMmR	69	304	0.0138873747882648	FALSE
Mutter_01	04_Mutter_01_CosMmR	6	560	0.0081334815736223	FALSE
Mutter_01	04_Mutter_01_CosMmR	70	272	0.027171073964021	FALSE
Mutter_01	04_Mutter_01_CosMmR	71	290	0.0147501596718578	FALSE
Mutter_01	04_Mutter_01_CosMmR	72	236	0.0205198921112561	FALSE
Mutter_01	04_Mutter_01_CosMmR	73	2168	0.00258138698470621	FALSE
Mutter_01	04_Mutter_01_CosMmR	74	2199	0.00552081385820944	FALSE
Mutter_01	04_Mutter_01_CosMmR	75	2485	0.0050263918666216	FALSE
Mutter_01	04_Mutter_01_CosMmR	76	1864	0.00686418267471428	FALSE
Mutter_01	04_Mutter_01_CosMmR	77	1751	0.00288994277542106	FALSE
Mutter_01	04_Mutter_01_CosMmR	78	3306	0.00231700131244948	FALSE
Mutter_01	04_Mutter_01_CosMmR	79	3243	0.00383597801599503	FALSE
Mutter_01	04_Mutter_01_CosMmR	7	70	0.024062217713097	FALSE
Mutter_01	04_Mutter_01_CosMmR	80	3030	0.00349726225352282	FALSE
Mutter_01	04_Mutter_01_CosMmR	81	3022	0.00372476788362917	FALSE
Mutter_01	04_Mutter_01_CosMmR	82	1532	0.0068523830787312	FALSE
Mutter_01	04_Mutter_01_CosMmR	83	435	0.00451963897393628	FALSE
Mutter_01	04_Mutter_01_CosMmR	84	1648	0.00321698392589357	FALSE
Mutter_01	04_Mutter_01_CosMmR	85	3190	0.00242748310109692	FALSE
Mutter_01	04_Mutter_01_CosMmR	86	3156	0.00222264648141304	FALSE
Mutter_01	04_Mutter_01_CosMmR	87	3091	0.00363411143100126	FALSE
Mutter_01	04_Mutter_01_CosMmR	88	3084	0.00348774891471999	FALSE
Mutter_01	04_Mutter_01_CosMmR	89	3238	0.00305928574619742	FALSE
Mutter_01	04_Mutter_01_CosMmR	8	146	0.0199626055502616	FALSE
Mutter_01	04_Mutter_01_CosMmR	90	2806	0.00551232885232361	FALSE
Mutter_01	04_Mutter_01_CosMmR	91	1386	0.008337195911391	FALSE
Mutter_01	04_Mutter_01_CosMmR	92	827	0.00334361811214833	FALSE
Mutter_01	04_Mutter_01_CosMmR	93	3223	0.00242926692441804	FALSE
Mutter_01	04_Mutter_01_CosMmR	94	3282	0.00238421026908893	FALSE
Mutter_01	04_Mutter_01_CosMmR	95	3032	0.00217894267084463	FALSE
Mutter_01	04_Mutter_01_CosMmR	96	2985	0.0034589005809242	FALSE
Mutter_01	04_Mutter_01_CosMmR	97	3051	0.00341381165123646	FALSE
Mutter_01	04_Mutter_01_CosMmR	98	3007	0.00355028599420061	FALSE
Mutter_01	04_Mutter_01_CosMmR	99	3145	0.0034852159032592	FALSE
Mutter_01	04_Mutter_01_CosMmR	9	264	0.0153024708468196	FALSE
Mutter_02	01_Mutter_02_CosMmR	100	2987	0.0102140629850193	FALSE
Mutter_02	01_Mutter_02_CosMmR	101	2943	0.0109247954758567	FALSE
Mutter_02	01_Mutter_02_CosMmR	102	2956	0.00853377143982925	FALSE
Mutter_02	01_Mutter_02_CosMmR	103	3046	0.0076596757265178	FALSE
Mutter_02	01_Mutter_02_CosMmR	104	993	0.00844428065075748	FALSE
Mutter_02	01_Mutter_02_CosMmR	105	2706	0.00848268147377673	FALSE
Mutter_02	01_Mutter_02_CosMmR	106	3268	0.00905850217410486	FALSE
Mutter_02	01_Mutter_02_CosMmR	107	3334	0.00962747668073738	FALSE
Mutter_02	01_Mutter_02_CosMmR	108	2634	0.0108495156167956	FALSE
Mutter_02	01_Mutter_02_CosMmR	109	811	0.0121551015145028	FALSE
Mutter_02	01_Mutter_02_CosMmR	10	3296	0.00858911164922321	FALSE
Mutter_02	01_Mutter_02_CosMmR	110	564	0.0120127898232119	FALSE
Mutter_02	01_Mutter_02_CosMmR	111	2096	0.0112597360996231	FALSE
Mutter_02	01_Mutter_02_CosMmR	112	3363	0.0099984435192415	FALSE
Mutter_02	01_Mutter_02_CosMmR	113	3309	0.0102734618818002	FALSE
Mutter_02	01_Mutter_02_CosMmR	114	3260	0.0107175062667525	FALSE
Mutter_02	01_Mutter_02_CosMmR	115	2933	0.0109533280477409	FALSE
Mutter_02	01_Mutter_02_CosMmR	116	2845	0.00889489852322268	FALSE
Mutter_02	01_Mutter_02_CosMmR	117	2890	0.00820118871796537	FALSE
Mutter_02	01_Mutter_02_CosMmR	118	2240	0.00765179046577235	FALSE
Mutter_02	01_Mutter_02_CosMmR	119	2752	0.00917229570039136	FALSE
Mutter_02	01_Mutter_02_CosMmR	11	3365	0.00962290472312429	FALSE
Mutter_02	01_Mutter_02_CosMmR	120	2981	0.0104929983294796	FALSE
Mutter_02	01_Mutter_02_CosMmR	121	2441	0.0114563082839738	FALSE
Mutter_02	01_Mutter_02_CosMmR	122	2814	0.0118013401903157	FALSE
Mutter_02	01_Mutter_02_CosMmR	123	2516	0.0116859066518982	FALSE
Mutter_02	01_Mutter_02_CosMmR	124	3165	0.0107560602686801	FALSE
Mutter_02	01_Mutter_02_CosMmR	125	2686	0.00951465556970987	FALSE
Mutter_02	01_Mutter_02_CosMmR	126	1690	0.00936972617051764	FALSE
Mutter_02	01_Mutter_02_CosMmR	127	370	0.00872135903529454	FALSE
Mutter_02	01_Mutter_02_CosMmR	128	1705	0.00764192701727433	FALSE
Mutter_02	01_Mutter_02_CosMmR	129	1172	0.0105345715835127	FALSE
Mutter_02	01_Mutter_02_CosMmR	12	3070	0.0101699600272699	FALSE
Mutter_02	01_Mutter_02_CosMmR	130	375	0.00561922791152016	FALSE
Mutter_02	01_Mutter_02_CosMmR	131	2001	0.00950746387945279	FALSE
Mutter_02	01_Mutter_02_CosMmR	132	2621	0.00900572472455951	FALSE
Mutter_02	01_Mutter_02_CosMmR	133	3110	0.00869506221035944	FALSE
Mutter_02	01_Mutter_02_CosMmR	134	2721	0.00889786395936122	FALSE
Mutter_02	01_Mutter_02_CosMmR	135	1390	0.00825370220582967	FALSE
Mutter_02	01_Mutter_02_CosMmR	136	843	0.00681200115580921	FALSE
Mutter_02	01_Mutter_02_CosMmR	137	1004	0.00969252417244728	FALSE
Mutter_02	01_Mutter_02_CosMmR	138	1781	0.0101365075076179	FALSE
Mutter_02	01_Mutter_02_CosMmR	139	2116	0.00971288176680357	FALSE
Mutter_02	01_Mutter_02_CosMmR	13	2849	0.0103479370135964	FALSE
Mutter_02	01_Mutter_02_CosMmR	140	531	0.00933977851207158	FALSE
Mutter_02	01_Mutter_02_CosMmR	141	1290	0.00805412428297645	FALSE
Mutter_02	01_Mutter_02_CosMmR	142	2974	0.00947006903757634	FALSE
Mutter_02	01_Mutter_02_CosMmR	143	2769	0.0092370266628133	FALSE
Mutter_02	01_Mutter_02_CosMmR	144	2518	0.00847642560321934	FALSE
Mutter_02	01_Mutter_02_CosMmR	145	2296	0.00881217128332393	FALSE
Mutter_02	01_Mutter_02_CosMmR	146	2252	0.00901131886565063	FALSE
Mutter_02	01_Mutter_02_CosMmR	147	2000	0.00933537717074842	FALSE
Mutter_02	01_Mutter_02_CosMmR	148	1460	0.00995204139998054	FALSE
Mutter_02	01_Mutter_02_CosMmR	149	2203	0.00771863591061819	FALSE
Mutter_02	01_Mutter_02_CosMmR	14	2932	0.0100215977963947	FALSE
Mutter_02	01_Mutter_02_CosMmR	150	2083	0.00771061773548431	FALSE
Mutter_02	01_Mutter_02_CosMmR	151	1825	0.00797512155414886	FALSE
Mutter_02	01_Mutter_02_CosMmR	152	71	0.00719306081860757	FALSE
Mutter_02	01_Mutter_02_CosMmR	153	1465	0.00935212411107287	FALSE
Mutter_02	01_Mutter_02_CosMmR	154	3232	0.00847933034025739	FALSE
Mutter_02	01_Mutter_02_CosMmR	155	2917	0.00868811333054103	FALSE
Mutter_02	01_Mutter_02_CosMmR	156	2870	0.00890983838954779	FALSE
Mutter_02	01_Mutter_02_CosMmR	157	2456	0.00929749671763084	FALSE
Mutter_02	01_Mutter_02_CosMmR	158	1911	0.00957759966784276	FALSE
Mutter_02	01_Mutter_02_CosMmR	159	1742	0.00836965671913185	FALSE
Mutter_02	01_Mutter_02_CosMmR	15	1221	0.0122058476486875	FALSE
Mutter_02	01_Mutter_02_CosMmR	160	2734	0.00864319742719603	FALSE
Mutter_02	01_Mutter_02_CosMmR	161	3009	0.00934304356854781	FALSE
Mutter_02	01_Mutter_02_CosMmR	162	2084	0.0103307515782414	FALSE
Mutter_02	01_Mutter_02_CosMmR	163	2182	0.00992483554453961	FALSE
Mutter_02	01_Mutter_02_CosMmR	164	2244	0.00799388818018635	FALSE
Mutter_02	01_Mutter_02_CosMmR	165	1782	0.00825209612110351	FALSE
Mutter_02	01_Mutter_02_CosMmR	166	2840	0.00956034020072159	FALSE
Mutter_02	01_Mutter_02_CosMmR	167	2924	0.0078056188674098	FALSE
Mutter_02	01_Mutter_02_CosMmR	168	2975	0.00713936895838548	FALSE
Mutter_02	01_Mutter_02_CosMmR	169	2472	0.00733053191771441	FALSE
Mutter_02	01_Mutter_02_CosMmR	16	568	0.0139861333294471	FALSE
Mutter_02	01_Mutter_02_CosMmR	170	2375	0.00760150940682292	FALSE
Mutter_02	01_Mutter_02_CosMmR	171	2224	0.0076271870993135	FALSE
Mutter_02	01_Mutter_02_CosMmR	172	3033	0.00702951370040783	FALSE
Mutter_02	01_Mutter_02_CosMmR	173	3017	0.00850477911658352	FALSE
Mutter_02	01_Mutter_02_CosMmR	174	2730	0.00933498032716749	FALSE
Mutter_02	01_Mutter_02_CosMmR	175	2606	0.00967965621253616	FALSE
Mutter_02	01_Mutter_02_CosMmR	176	2221	0.0101633839629021	FALSE
Mutter_02	01_Mutter_02_CosMmR	177	2155	0.0103022640873753	FALSE
Mutter_02	01_Mutter_02_CosMmR	178	463	0.00630762662397869	FALSE
Mutter_02	01_Mutter_02_CosMmR	179	2995	0.00847100114276879	FALSE
Mutter_02	01_Mutter_02_CosMmR	17	889	0.0136024798239122	FALSE
Mutter_02	01_Mutter_02_CosMmR	180	2750	0.00764972201525315	FALSE
Mutter_02	01_Mutter_02_CosMmR	181	3169	0.00499652212657999	FALSE
Mutter_02	01_Mutter_02_CosMmR	182	3354	0.00556993656638991	FALSE
Mutter_02	01_Mutter_02_CosMmR	183	1536	0.00638298088193176	FALSE
Mutter_02	01_Mutter_02_CosMmR	184	1234	0.00759919946965583	FALSE
Mutter_02	01_Mutter_02_CosMmR	185	3095	0.00772643068373537	FALSE
Mutter_02	01_Mutter_02_CosMmR	186	3088	0.00658545095185965	FALSE
Mutter_02	01_Mutter_02_CosMmR	187	2589	0.009926409904577	FALSE
Mutter_02	01_Mutter_02_CosMmR	188	2647	0.00982313809404571	FALSE
Mutter_02	01_Mutter_02_CosMmR	189	2465	0.0100612417735838	FALSE
Mutter_02	01_Mutter_02_CosMmR	18	1868	0.0113309564550346	FALSE
Mutter_02	01_Mutter_02_CosMmR	190	2870	0.01010518892135	FALSE
Mutter_02	01_Mutter_02_CosMmR	191	2672	0.0109572465234146	FALSE
Mutter_02	01_Mutter_02_CosMmR	192	2830	0.00815817173852615	FALSE
Mutter_02	01_Mutter_02_CosMmR	193	2904	0.00716687016496926	FALSE
Mutter_02	01_Mutter_02_CosMmR	194	3063	0.00483157164525088	FALSE
Mutter_02	01_Mutter_02_CosMmR	195	3151	0.00540353623163569	FALSE
Mutter_02	01_Mutter_02_CosMmR	196	1817	0.0068789784966202	FALSE
Mutter_02	01_Mutter_02_CosMmR	197	1115	0.00646859629285112	FALSE
Mutter_02	01_Mutter_02_CosMmR	198	2867	0.00770466464484656	FALSE
Mutter_02	01_Mutter_02_CosMmR	199	2784	0.00971815260058113	FALSE
Mutter_02	01_Mutter_02_CosMmR	19	2685	0.010349337464067	FALSE
Mutter_02	01_Mutter_02_CosMmR	1	958	0.00971526400273221	FALSE
Mutter_02	01_Mutter_02_CosMmR	200	2708	0.0114128203543805	FALSE
Mutter_02	01_Mutter_02_CosMmR	201	2888	0.0106403621211585	FALSE
Mutter_02	01_Mutter_02_CosMmR	202	2885	0.010645475065394	FALSE
Mutter_02	01_Mutter_02_CosMmR	203	2793	0.0104043024575581	FALSE
Mutter_02	01_Mutter_02_CosMmR	204	2013	0.0115167810470162	FALSE
Mutter_02	01_Mutter_02_CosMmR	205	2476	0.00812768925661487	FALSE
Mutter_02	01_Mutter_02_CosMmR	206	3172	0.00711224675724988	FALSE
Mutter_02	01_Mutter_02_CosMmR	207	3096	0.00564138383661437	FALSE
Mutter_02	01_Mutter_02_CosMmR	208	3110	0.00636299105458548	FALSE
Mutter_02	01_Mutter_02_CosMmR	209	2291	0.00677521544577408	FALSE
Mutter_02	01_Mutter_02_CosMmR	20	2841	0.00958300502375607	FALSE
Mutter_02	01_Mutter_02_CosMmR	210	2886	0.00611548012574011	FALSE
Mutter_02	01_Mutter_02_CosMmR	211	2715	0.00981246717326746	FALSE
Mutter_02	01_Mutter_02_CosMmR	212	2965	0.0105193567446479	FALSE
Mutter_02	01_Mutter_02_CosMmR	213	2743	0.0104816858139455	FALSE
Mutter_02	01_Mutter_02_CosMmR	214	2449	0.0106385380598183	FALSE
Mutter_02	01_Mutter_02_CosMmR	215	2760	0.0105860644310139	FALSE
Mutter_02	01_Mutter_02_CosMmR	216	2958	0.00984806706551949	FALSE
Mutter_02	01_Mutter_02_CosMmR	217	568	0.0114984041526591	FALSE
Mutter_02	01_Mutter_02_CosMmR	218	1272	0.00761407932409504	FALSE
Mutter_02	01_Mutter_02_CosMmR	219	2779	0.0095075258777698	FALSE
Mutter_02	01_Mutter_02_CosMmR	21	2522	0.00733162520473614	FALSE
Mutter_02	01_Mutter_02_CosMmR	220	2088	0.0104064316202383	FALSE
Mutter_02	01_Mutter_02_CosMmR	221	2021	0.0115347200595669	FALSE
Mutter_02	01_Mutter_02_CosMmR	222	2612	0.0109397879939664	FALSE
Mutter_02	01_Mutter_02_CosMmR	223	3104	0.00933461834599268	FALSE
Mutter_02	01_Mutter_02_CosMmR	224	2563	0.00992608810768365	FALSE
Mutter_02	01_Mutter_02_CosMmR	225	2451	0.0103976798585345	FALSE
Mutter_02	01_Mutter_02_CosMmR	226	2881	0.0103496491960964	FALSE
Mutter_02	01_Mutter_02_CosMmR	227	3023	0.00999787199495216	FALSE
Mutter_02	01_Mutter_02_CosMmR	228	2706	0.0101540351036265	FALSE
Mutter_02	01_Mutter_02_CosMmR	229	888	0.0109440593467083	FALSE
Mutter_02	01_Mutter_02_CosMmR	22	979	0.00871695261426332	FALSE
Mutter_02	01_Mutter_02_CosMmR	230	660	0.010541483991436	FALSE
Mutter_02	01_Mutter_02_CosMmR	231	1196	0.00951565861307822	FALSE
Mutter_02	01_Mutter_02_CosMmR	232	1582	0.00949916690906766	FALSE
Mutter_02	01_Mutter_02_CosMmR	233	1168	0.010160389493412	FALSE
Mutter_02	01_Mutter_02_CosMmR	234	905	0.0124426511123624	FALSE
Mutter_02	01_Mutter_02_CosMmR	235	1921	0.0107388151718556	FALSE
Mutter_02	01_Mutter_02_CosMmR	236	2503	0.010101863536271	FALSE
Mutter_02	01_Mutter_02_CosMmR	237	2938	0.00950854881422998	FALSE
Mutter_02	01_Mutter_02_CosMmR	238	2555	0.00927535866413705	FALSE
Mutter_02	01_Mutter_02_CosMmR	239	1433	0.00919377919320033	FALSE
Mutter_02	01_Mutter_02_CosMmR	23	769	0.00583160521030021	FALSE
Mutter_02	01_Mutter_02_CosMmR	240	461	0.0070542393121226	FALSE
Mutter_02	01_Mutter_02_CosMmR	241	641	0.00978725618450303	FALSE
Mutter_02	01_Mutter_02_CosMmR	242	789	0.0111792812747505	FALSE
Mutter_02	01_Mutter_02_CosMmR	243	226	0.00835504124042408	FALSE
Mutter_02	01_Mutter_02_CosMmR	244	107	0.00797625724858606	FALSE
Mutter_02	01_Mutter_02_CosMmR	245	129	0.00955771453885759	FALSE
Mutter_02	01_Mutter_02_CosMmR	246	207	0.0102038208274039	FALSE
Mutter_02	01_Mutter_02_CosMmR	247	124	0.0105643946076542	FALSE
Mutter_02	01_Mutter_02_CosMmR	248	534	0.00889897645272207	FALSE
Mutter_02	01_Mutter_02_CosMmR	249	151	0.0120950479834405	FALSE
Mutter_02	01_Mutter_02_CosMmR	24	2462	0.00764576426566541	FALSE
Mutter_02	01_Mutter_02_CosMmR	250	60	0.0206183369902125	TRUE
Mutter_02	01_Mutter_02_CosMmR	251	399	0.00799103304153764	FALSE
Mutter_02	01_Mutter_02_CosMmR	252	391	0.0121137319668042	FALSE
Mutter_02	01_Mutter_02_CosMmR	253	589	0.0099585580823505	FALSE
Mutter_02	01_Mutter_02_CosMmR	254	360	0.0113660640250679	FALSE
Mutter_02	01_Mutter_02_CosMmR	255	372	0.0074571554629695	FALSE
Mutter_02	01_Mutter_02_CosMmR	256	123	0.0115049878079095	FALSE
Mutter_02	01_Mutter_02_CosMmR	257	668	0.00879554805372055	FALSE
Mutter_02	01_Mutter_02_CosMmR	258	689	0.00814955448383723	FALSE
Mutter_02	01_Mutter_02_CosMmR	259	633	0.00789602003015136	FALSE
Mutter_02	01_Mutter_02_CosMmR	25	3569	0.00861497670092552	FALSE
Mutter_02	01_Mutter_02_CosMmR	260	905	0.00960502285522605	FALSE
Mutter_02	01_Mutter_02_CosMmR	261	836	0.0106056482448869	FALSE
Mutter_02	01_Mutter_02_CosMmR	262	568	0.0145114442463988	FALSE
Mutter_02	01_Mutter_02_CosMmR	263	572	0.0110923659194019	FALSE
Mutter_02	01_Mutter_02_CosMmR	264	184	0.012603122691622	FALSE
Mutter_02	01_Mutter_02_CosMmR	265	454	0.00715018863570558	FALSE
Mutter_02	01_Mutter_02_CosMmR	266	2078	0.00820952849638371	FALSE
Mutter_02	01_Mutter_02_CosMmR	267	2682	0.00909784390544926	FALSE
Mutter_02	01_Mutter_02_CosMmR	268	3199	0.0094702304940911	FALSE
Mutter_02	01_Mutter_02_CosMmR	269	2536	0.00964423948737375	FALSE
Mutter_02	01_Mutter_02_CosMmR	26	3346	0.00826988397215282	FALSE
Mutter_02	01_Mutter_02_CosMmR	270	266	0.00806925094887232	FALSE
Mutter_02	01_Mutter_02_CosMmR	271	561	0.00981442820168906	FALSE
Mutter_02	01_Mutter_02_CosMmR	272	663	0.00863065302655015	FALSE
Mutter_02	01_Mutter_02_CosMmR	273	814	0.0100566308627874	FALSE
Mutter_02	01_Mutter_02_CosMmR	274	416	0.00937828798044445	FALSE
Mutter_02	01_Mutter_02_CosMmR	275	416	0.0120033978221996	FALSE
Mutter_02	01_Mutter_02_CosMmR	276	715	0.0101113552752511	FALSE
Mutter_02	01_Mutter_02_CosMmR	277	472	0.0110506269931851	FALSE
Mutter_02	01_Mutter_02_CosMmR	278	144	0.00817190410843475	FALSE
Mutter_02	01_Mutter_02_CosMmR	279	69	0.00921387617234153	FALSE
Mutter_02	01_Mutter_02_CosMmR	27	3270	0.00946414950822644	FALSE
Mutter_02	01_Mutter_02_CosMmR	280	1078	0.00813297606199737	FALSE
Mutter_02	01_Mutter_02_CosMmR	281	2513	0.00852493701977405	FALSE
Mutter_02	01_Mutter_02_CosMmR	282	3207	0.00793997891529227	FALSE
Mutter_02	01_Mutter_02_CosMmR	283	3086	0.00802115226440673	FALSE
Mutter_02	01_Mutter_02_CosMmR	284	3096	0.00887019952513717	FALSE
Mutter_02	01_Mutter_02_CosMmR	285	3252	0.0086023041372119	FALSE
Mutter_02	01_Mutter_02_CosMmR	286	2977	0.00959142128680919	FALSE
Mutter_02	01_Mutter_02_CosMmR	287	1373	0.0101230465125255	FALSE
Mutter_02	01_Mutter_02_CosMmR	288	373	0.0110150806972565	FALSE
Mutter_02	01_Mutter_02_CosMmR	289	301	0.0106451722912997	FALSE
Mutter_02	01_Mutter_02_CosMmR	28	3020	0.0101618597189905	FALSE
Mutter_02	01_Mutter_02_CosMmR	290	592	0.0107955978131922	FALSE
Mutter_02	01_Mutter_02_CosMmR	291	537	0.0110159137058122	FALSE
Mutter_02	01_Mutter_02_CosMmR	292	382	0.0107356744109711	FALSE
Mutter_02	01_Mutter_02_CosMmR	293	432	0.0142409779554204	FALSE
Mutter_02	01_Mutter_02_CosMmR	294	369	0.00770131895381526	FALSE
Mutter_02	01_Mutter_02_CosMmR	295	536	0.00815728034395186	FALSE
Mutter_02	01_Mutter_02_CosMmR	296	397	0.00911088362393243	FALSE
Mutter_02	01_Mutter_02_CosMmR	297	2627	0.00771805896620244	FALSE
Mutter_02	01_Mutter_02_CosMmR	298	3344	0.00794545331144098	FALSE
Mutter_02	01_Mutter_02_CosMmR	299	3160	0.00824327546910242	FALSE
Mutter_02	01_Mutter_02_CosMmR	29	2922	0.0102351093258343	FALSE
Mutter_02	01_Mutter_02_CosMmR	2	1930	0.0105635850961574	FALSE
Mutter_02	01_Mutter_02_CosMmR	300	3059	0.00860845316149351	FALSE
Mutter_02	01_Mutter_02_CosMmR	301	2972	0.00868987225192194	FALSE
Mutter_02	01_Mutter_02_CosMmR	302	3065	0.00855174119558873	FALSE
Mutter_02	01_Mutter_02_CosMmR	303	3133	0.00819122770377521	FALSE
Mutter_02	01_Mutter_02_CosMmR	304	3263	0.00924573344647085	FALSE
Mutter_02	01_Mutter_02_CosMmR	305	2781	0.00891794847987016	FALSE
Mutter_02	01_Mutter_02_CosMmR	306	742	0.00993962622755007	FALSE
Mutter_02	01_Mutter_02_CosMmR	307	436	0.0106785118122042	FALSE
Mutter_02	01_Mutter_02_CosMmR	308	565	0.0095956070142419	FALSE
Mutter_02	01_Mutter_02_CosMmR	309	365	0.0099041607216812	FALSE
Mutter_02	01_Mutter_02_CosMmR	30	2904	0.0114746694386296	FALSE
Mutter_02	01_Mutter_02_CosMmR	310	431	0.00970285972201106	FALSE
Mutter_02	01_Mutter_02_CosMmR	311	132	0.0115706693268847	FALSE
Mutter_02	01_Mutter_02_CosMmR	312	102	0.00580260545897997	FALSE
Mutter_02	01_Mutter_02_CosMmR	313	534	0.00817757802992676	FALSE
Mutter_02	01_Mutter_02_CosMmR	314	3136	0.00797338446084822	FALSE
Mutter_02	01_Mutter_02_CosMmR	315	3272	0.00845330641227107	FALSE
Mutter_02	01_Mutter_02_CosMmR	316	3054	0.00827412061718472	FALSE
Mutter_02	01_Mutter_02_CosMmR	317	3021	0.00837137882357785	FALSE
Mutter_02	01_Mutter_02_CosMmR	318	2936	0.00775784138835493	FALSE
Mutter_02	01_Mutter_02_CosMmR	319	2865	0.00886504308856459	FALSE
Mutter_02	01_Mutter_02_CosMmR	31	2663	0.011534412666298	FALSE
Mutter_02	01_Mutter_02_CosMmR	320	3133	0.00805545663506715	FALSE
Mutter_02	01_Mutter_02_CosMmR	321	3123	0.00883427765631221	FALSE
Mutter_02	01_Mutter_02_CosMmR	322	2903	0.00822227848047206	FALSE
Mutter_02	01_Mutter_02_CosMmR	323	2055	0.00877382748325528	FALSE
Mutter_02	01_Mutter_02_CosMmR	324	273	0.0086665937040063	FALSE
Mutter_02	01_Mutter_02_CosMmR	325	606	0.0108651269749011	FALSE
Mutter_02	01_Mutter_02_CosMmR	326	470	0.009173000183588	FALSE
Mutter_02	01_Mutter_02_CosMmR	327	606	0.010137669023349	FALSE
Mutter_02	01_Mutter_02_CosMmR	328	341	0.00757602624969828	FALSE
Mutter_02	01_Mutter_02_CosMmR	329	453	0.00961618788128628	FALSE
Mutter_02	01_Mutter_02_CosMmR	32	2643	0.0101536404965073	FALSE
Mutter_02	01_Mutter_02_CosMmR	330	727	0.00881583932677136	FALSE
Mutter_02	01_Mutter_02_CosMmR	331	193	0.00758023091218169	FALSE
Mutter_02	01_Mutter_02_CosMmR	332	552	0.0097332753321329	FALSE
Mutter_02	01_Mutter_02_CosMmR	333	684	0.00607556445197778	FALSE
Mutter_02	01_Mutter_02_CosMmR	334	823	0.00977832898866333	FALSE
Mutter_02	01_Mutter_02_CosMmR	335	3026	0.0080617106119244	FALSE
Mutter_02	01_Mutter_02_CosMmR	336	3113	0.00867239028017489	FALSE
Mutter_02	01_Mutter_02_CosMmR	337	2636	0.00918373220867903	FALSE
Mutter_02	01_Mutter_02_CosMmR	338	2677	0.00784984008055535	FALSE
Mutter_02	01_Mutter_02_CosMmR	339	2792	0.00906514176253046	FALSE
Mutter_02	01_Mutter_02_CosMmR	33	2637	0.011491835625466	FALSE
Mutter_02	01_Mutter_02_CosMmR	340	2858	0.00879486459920775	FALSE
Mutter_02	01_Mutter_02_CosMmR	341	2931	0.00864455559898639	FALSE
Mutter_02	01_Mutter_02_CosMmR	342	3012	0.00892453445171216	FALSE
Mutter_02	01_Mutter_02_CosMmR	343	2865	0.00806607074840406	FALSE
Mutter_02	01_Mutter_02_CosMmR	344	2380	0.00876513697971553	FALSE
Mutter_02	01_Mutter_02_CosMmR	345	588	0.00831326037150632	FALSE
Mutter_02	01_Mutter_02_CosMmR	346	924	0.00984023151783154	FALSE
Mutter_02	01_Mutter_02_CosMmR	347	1018	0.00983030687703436	FALSE
Mutter_02	01_Mutter_02_CosMmR	348	1104	0.00860262209586387	FALSE
Mutter_02	01_Mutter_02_CosMmR	349	1111	0.00909723488371753	FALSE
Mutter_02	01_Mutter_02_CosMmR	34	2819	0.0103183521955271	FALSE
Mutter_02	01_Mutter_02_CosMmR	350	1076	0.00841147112490639	FALSE
Mutter_02	01_Mutter_02_CosMmR	351	1773	0.00845897834032664	FALSE
Mutter_02	01_Mutter_02_CosMmR	352	1461	0.0084227115407295	FALSE
Mutter_02	01_Mutter_02_CosMmR	353	797	0.00964203104177135	FALSE
Mutter_02	01_Mutter_02_CosMmR	354	1393	0.0072646257628205	FALSE
Mutter_02	01_Mutter_02_CosMmR	355	246	0.00930428215954624	FALSE
Mutter_02	01_Mutter_02_CosMmR	356	2413	0.00785038132306953	FALSE
Mutter_02	01_Mutter_02_CosMmR	357	3019	0.00901307418647313	FALSE
Mutter_02	01_Mutter_02_CosMmR	358	1761	0.00995812857964386	FALSE
Mutter_02	01_Mutter_02_CosMmR	359	2255	0.010354892897685	FALSE
Mutter_02	01_Mutter_02_CosMmR	35	2635	0.0101971671154444	FALSE
Mutter_02	01_Mutter_02_CosMmR	360	2788	0.00889222015186152	FALSE
Mutter_02	01_Mutter_02_CosMmR	361	2882	0.00857374124875801	FALSE
Mutter_02	01_Mutter_02_CosMmR	362	3007	0.00863841878075897	FALSE
Mutter_02	01_Mutter_02_CosMmR	363	2880	0.00809895292530195	FALSE
Mutter_02	01_Mutter_02_CosMmR	364	2857	0.00772169139746736	FALSE
Mutter_02	01_Mutter_02_CosMmR	365	1728	0.0112217330015381	FALSE
Mutter_02	01_Mutter_02_CosMmR	366	573	0.00825828694869802	FALSE
Mutter_02	01_Mutter_02_CosMmR	367	1190	0.00833813180083994	FALSE
Mutter_02	01_Mutter_02_CosMmR	368	2866	0.0088862135629292	FALSE
Mutter_02	01_Mutter_02_CosMmR	369	3027	0.00878506429650484	FALSE
Mutter_02	01_Mutter_02_CosMmR	36	2863	0.00852671024515781	FALSE
Mutter_02	01_Mutter_02_CosMmR	370	3033	0.00927358628942239	FALSE
Mutter_02	01_Mutter_02_CosMmR	371	2773	0.00762651675197291	FALSE
Mutter_02	01_Mutter_02_CosMmR	372	2645	0.00744053561356842	FALSE
Mutter_02	01_Mutter_02_CosMmR	373	2355	0.00748835208252334	FALSE
Mutter_02	01_Mutter_02_CosMmR	374	1575	0.0112538202287093	FALSE
Mutter_02	01_Mutter_02_CosMmR	375	622	0.00638524785218097	FALSE
Mutter_02	01_Mutter_02_CosMmR	376	61	0.00748397890323095	FALSE
Mutter_02	01_Mutter_02_CosMmR	377	1749	0.00897097013792674	FALSE
Mutter_02	01_Mutter_02_CosMmR	378	2650	0.00915784576174645	FALSE
Mutter_02	01_Mutter_02_CosMmR	379	2278	0.0100667504786767	FALSE
Mutter_02	01_Mutter_02_CosMmR	37	872	0.00559892089294309	FALSE
Mutter_02	01_Mutter_02_CosMmR	380	1732	0.0112056097359171	FALSE
Mutter_02	01_Mutter_02_CosMmR	381	2894	0.0102362989863064	FALSE
Mutter_02	01_Mutter_02_CosMmR	382	2804	0.00893074550701533	FALSE
Mutter_02	01_Mutter_02_CosMmR	383	2799	0.00820219472191749	FALSE
Mutter_02	01_Mutter_02_CosMmR	384	2678	0.007835096337969	FALSE
Mutter_02	01_Mutter_02_CosMmR	385	2729	0.00782027568218809	FALSE
Mutter_02	01_Mutter_02_CosMmR	386	1730	0.00939405449359621	FALSE
Mutter_02	01_Mutter_02_CosMmR	387	1932	0.00965427718937078	FALSE
Mutter_02	01_Mutter_02_CosMmR	388	3153	0.00866040026302867	FALSE
Mutter_02	01_Mutter_02_CosMmR	389	2980	0.00899750214986602	FALSE
Mutter_02	01_Mutter_02_CosMmR	38	3293	0.00928794278970744	FALSE
Mutter_02	01_Mutter_02_CosMmR	390	3056	0.00854575133186671	FALSE
Mutter_02	01_Mutter_02_CosMmR	391	3003	0.00809085809273501	FALSE
Mutter_02	01_Mutter_02_CosMmR	392	3018	0.00684391357405093	FALSE
Mutter_02	01_Mutter_02_CosMmR	393	2938	0.0074262143034236	FALSE
Mutter_02	01_Mutter_02_CosMmR	394	2401	0.00720001413382143	FALSE
Mutter_02	01_Mutter_02_CosMmR	395	580	0.0114209445964323	FALSE
Mutter_02	01_Mutter_02_CosMmR	396	1456	0.00970602365654282	FALSE
Mutter_02	01_Mutter_02_CosMmR	397	2577	0.0100547283759956	FALSE
Mutter_02	01_Mutter_02_CosMmR	398	2925	0.00890306257907155	FALSE
Mutter_02	01_Mutter_02_CosMmR	399	2494	0.0104621463978038	FALSE
Mutter_02	01_Mutter_02_CosMmR	39	3401	0.00986262287977634	FALSE
Mutter_02	01_Mutter_02_CosMmR	3	2658	0.00901229607207964	FALSE
Mutter_02	01_Mutter_02_CosMmR	400	2809	0.0100277946920333	FALSE
Mutter_02	01_Mutter_02_CosMmR	401	2901	0.0084656676320147	FALSE
Mutter_02	01_Mutter_02_CosMmR	402	2967	0.00868326931238906	FALSE
Mutter_02	01_Mutter_02_CosMmR	403	2825	0.00838357018619272	FALSE
Mutter_02	01_Mutter_02_CosMmR	404	2737	0.00795082456950463	FALSE
Mutter_02	01_Mutter_02_CosMmR	405	2670	0.00939817185134867	FALSE
Mutter_02	01_Mutter_02_CosMmR	406	3107	0.00789948855700669	FALSE
Mutter_02	01_Mutter_02_CosMmR	407	3057	0.00807750024818113	FALSE
Mutter_02	01_Mutter_02_CosMmR	408	3036	0.0077615861360687	FALSE
Mutter_02	01_Mutter_02_CosMmR	409	3094	0.00817966418841634	FALSE
Mutter_02	01_Mutter_02_CosMmR	40	3655	0.00822233608605184	FALSE
Mutter_02	01_Mutter_02_CosMmR	410	2914	0.00732937701951127	FALSE
Mutter_02	01_Mutter_02_CosMmR	411	3088	0.00657080839147351	FALSE
Mutter_02	01_Mutter_02_CosMmR	412	2944	0.00617118906448202	FALSE
Mutter_02	01_Mutter_02_CosMmR	413	1320	0.00579709129033448	FALSE
Mutter_02	01_Mutter_02_CosMmR	414	133	0.00768406418666361	FALSE
Mutter_02	01_Mutter_02_CosMmR	415	2196	0.00918028524571305	FALSE
Mutter_02	01_Mutter_02_CosMmR	416	2026	0.00987218434394614	FALSE
Mutter_02	01_Mutter_02_CosMmR	417	3153	0.00921079360390547	FALSE
Mutter_02	01_Mutter_02_CosMmR	418	3198	0.0101142138970968	FALSE
Mutter_02	01_Mutter_02_CosMmR	419	3079	0.00884404803520521	FALSE
Mutter_02	01_Mutter_02_CosMmR	41	3412	0.00899164380404209	FALSE
Mutter_02	01_Mutter_02_CosMmR	420	3160	0.00839562585061299	FALSE
Mutter_02	01_Mutter_02_CosMmR	421	3064	0.00850699073974555	FALSE
Mutter_02	01_Mutter_02_CosMmR	422	2741	0.00730277270350596	FALSE
Mutter_02	01_Mutter_02_CosMmR	423	3017	0.0074208443656124	FALSE
Mutter_02	01_Mutter_02_CosMmR	424	3017	0.00770169331236345	FALSE
Mutter_02	01_Mutter_02_CosMmR	425	2946	0.0078215163136906	FALSE
Mutter_02	01_Mutter_02_CosMmR	426	2989	0.00771844534356117	FALSE
Mutter_02	01_Mutter_02_CosMmR	427	3006	0.00703138834522881	FALSE
Mutter_02	01_Mutter_02_CosMmR	428	2690	0.00648429201084983	FALSE
Mutter_02	01_Mutter_02_CosMmR	429	2943	0.00670003187404556	FALSE
Mutter_02	01_Mutter_02_CosMmR	42	3402	0.00724295545308025	FALSE
Mutter_02	01_Mutter_02_CosMmR	430	1561	0.00639367511843845	FALSE
Mutter_02	01_Mutter_02_CosMmR	431	82	0.00649915534001917	FALSE
Mutter_02	01_Mutter_02_CosMmR	432	1341	0.0109551186669329	FALSE
Mutter_02	01_Mutter_02_CosMmR	433	2314	0.0116599062058658	FALSE
Mutter_02	01_Mutter_02_CosMmR	434	3179	0.00926387685006373	FALSE
Mutter_02	01_Mutter_02_CosMmR	435	3318	0.00760134119909483	FALSE
Mutter_02	01_Mutter_02_CosMmR	436	3403	0.00755727519041736	FALSE
Mutter_02	01_Mutter_02_CosMmR	437	2887	0.00742196465779995	FALSE
Mutter_02	01_Mutter_02_CosMmR	438	2883	0.00756601947085966	FALSE
Mutter_02	01_Mutter_02_CosMmR	439	3063	0.00771161381468409	FALSE
Mutter_02	01_Mutter_02_CosMmR	43	3236	0.00872869573341807	FALSE
Mutter_02	01_Mutter_02_CosMmR	440	3086	0.00729795705186667	FALSE
Mutter_02	01_Mutter_02_CosMmR	441	2982	0.00737593737202917	FALSE
Mutter_02	01_Mutter_02_CosMmR	442	2707	0.00711969558325684	FALSE
Mutter_02	01_Mutter_02_CosMmR	443	1618	0.00738917216804751	FALSE
Mutter_02	01_Mutter_02_CosMmR	444	585	0.00716862207749612	FALSE
Mutter_02	01_Mutter_02_CosMmR	445	126	0.0157178208382393	TRUE
Mutter_02	01_Mutter_02_CosMmR	446	210	0.0100165254283323	FALSE
Mutter_02	01_Mutter_02_CosMmR	447	1721	0.0111215976978634	FALSE
Mutter_02	01_Mutter_02_CosMmR	448	3269	0.00802549346100814	FALSE
Mutter_02	01_Mutter_02_CosMmR	449	3045	0.00764781309278802	FALSE
Mutter_02	01_Mutter_02_CosMmR	44	3207	0.00867703777107531	FALSE
Mutter_02	01_Mutter_02_CosMmR	450	3069	0.00743160239995535	FALSE
Mutter_02	01_Mutter_02_CosMmR	451	3020	0.00721641086021832	FALSE
Mutter_02	01_Mutter_02_CosMmR	452	2967	0.00738353106321753	FALSE
Mutter_02	01_Mutter_02_CosMmR	453	2455	0.00751517132345931	FALSE
Mutter_02	01_Mutter_02_CosMmR	454	968	0.0093404726974884	FALSE
Mutter_02	01_Mutter_02_CosMmR	455	93	0.011735516237842	FALSE
Mutter_02	01_Mutter_02_CosMmR	456	1043	0.0105572915475763	FALSE
Mutter_02	01_Mutter_02_CosMmR	457	1863	0.0102017314628082	FALSE
Mutter_02	01_Mutter_02_CosMmR	458	1531	0.00848975488355444	FALSE
Mutter_02	01_Mutter_02_CosMmR	459	1383	0.00823376273456326	FALSE
Mutter_02	01_Mutter_02_CosMmR	45	2701	0.00897043173301753	FALSE
Mutter_02	01_Mutter_02_CosMmR	460	478	0.0108859917180038	FALSE
Mutter_02	01_Mutter_02_CosMmR	461	125	0.0228013797518695	TRUE
Mutter_02	01_Mutter_02_CosMmR	462	453	0.0112043474166229	FALSE
Mutter_02	01_Mutter_02_CosMmR	46	2696	0.010020255780469	FALSE
Mutter_02	01_Mutter_02_CosMmR	47	2255	0.0103567319967211	FALSE
Mutter_02	01_Mutter_02_CosMmR	48	2636	0.0112965949378889	FALSE
Mutter_02	01_Mutter_02_CosMmR	49	3144	0.0110346793150186	FALSE
Mutter_02	01_Mutter_02_CosMmR	4	2416	0.00922043374847039	FALSE
Mutter_02	01_Mutter_02_CosMmR	50	2848	0.0119177712731874	FALSE
Mutter_02	01_Mutter_02_CosMmR	51	2750	0.0105904703183724	FALSE
Mutter_02	01_Mutter_02_CosMmR	52	2666	0.00799230827224886	FALSE
Mutter_02	01_Mutter_02_CosMmR	53	1785	0.00966548829491057	FALSE
Mutter_02	01_Mutter_02_CosMmR	54	2866	0.00803067327598751	FALSE
Mutter_02	01_Mutter_02_CosMmR	55	3306	0.00882886318243372	FALSE
Mutter_02	01_Mutter_02_CosMmR	56	3376	0.0110099166530082	FALSE
Mutter_02	01_Mutter_02_CosMmR	57	3481	0.00893408116162353	FALSE
Mutter_02	01_Mutter_02_CosMmR	58	3394	0.0088517460765416	FALSE
Mutter_02	01_Mutter_02_CosMmR	59	3716	0.00806551839974508	FALSE
Mutter_02	01_Mutter_02_CosMmR	5	1873	0.00902580145628846	FALSE
Mutter_02	01_Mutter_02_CosMmR	60	3238	0.00856424679342249	FALSE
Mutter_02	01_Mutter_02_CosMmR	61	3309	0.00793976034737128	FALSE
Mutter_02	01_Mutter_02_CosMmR	62	2802	0.00896804459496182	FALSE
Mutter_02	01_Mutter_02_CosMmR	63	2314	0.00925391513885173	FALSE
Mutter_02	01_Mutter_02_CosMmR	64	2944	0.0105729011083268	FALSE
Mutter_02	01_Mutter_02_CosMmR	65	3074	0.0104991506966698	FALSE
Mutter_02	01_Mutter_02_CosMmR	66	2913	0.0115702858839564	FALSE
Mutter_02	01_Mutter_02_CosMmR	67	3126	0.01214398827125	FALSE
Mutter_02	01_Mutter_02_CosMmR	68	2827	0.0106027932986604	FALSE
Mutter_02	01_Mutter_02_CosMmR	69	2934	0.00728785396086954	FALSE
Mutter_02	01_Mutter_02_CosMmR	6	82	0.0162364296889808	TRUE
Mutter_02	01_Mutter_02_CosMmR	70	2675	0.00894010509317986	FALSE
Mutter_02	01_Mutter_02_CosMmR	71	3096	0.00757672713379523	FALSE
Mutter_02	01_Mutter_02_CosMmR	72	3474	0.00831398974696213	FALSE
Mutter_02	01_Mutter_02_CosMmR	73	3503	0.00837248807241666	FALSE
Mutter_02	01_Mutter_02_CosMmR	74	3295	0.00784266081218418	FALSE
Mutter_02	01_Mutter_02_CosMmR	75	3307	0.00930706609308677	FALSE
Mutter_02	01_Mutter_02_CosMmR	76	3392	0.00921983790972006	FALSE
Mutter_02	01_Mutter_02_CosMmR	77	3219	0.0101962488146011	FALSE
Mutter_02	01_Mutter_02_CosMmR	78	3118	0.0104332631576115	FALSE
Mutter_02	01_Mutter_02_CosMmR	79	3132	0.00760317526776115	FALSE
Mutter_02	01_Mutter_02_CosMmR	7	776	0.010803965777415	FALSE
Mutter_02	01_Mutter_02_CosMmR	80	3177	0.00898455250477073	FALSE
Mutter_02	01_Mutter_02_CosMmR	81	3117	0.0108722991292132	FALSE
Mutter_02	01_Mutter_02_CosMmR	82	2832	0.00957313566132382	FALSE
Mutter_02	01_Mutter_02_CosMmR	83	2886	0.0108084112852574	FALSE
Mutter_02	01_Mutter_02_CosMmR	84	3010	0.0109937260508782	FALSE
Mutter_02	01_Mutter_02_CosMmR	85	2866	0.0101581344287643	FALSE
Mutter_02	01_Mutter_02_CosMmR	86	2981	0.00748205453595079	FALSE
Mutter_02	01_Mutter_02_CosMmR	87	730	0.0088782988190768	FALSE
Mutter_02	01_Mutter_02_CosMmR	88	2314	0.00884413072632595	FALSE
Mutter_02	01_Mutter_02_CosMmR	89	2962	0.00845868574957748	FALSE
Mutter_02	01_Mutter_02_CosMmR	8	1005	0.00793460760257055	FALSE
Mutter_02	01_Mutter_02_CosMmR	90	3502	0.00795060447645621	FALSE
Mutter_02	01_Mutter_02_CosMmR	91	3509	0.00846889790334641	FALSE
Mutter_02	01_Mutter_02_CosMmR	92	3288	0.00862793702475286	FALSE
Mutter_02	01_Mutter_02_CosMmR	93	3412	0.00934979094631801	FALSE
Mutter_02	01_Mutter_02_CosMmR	94	2610	0.0114344782364216	FALSE
Mutter_02	01_Mutter_02_CosMmR	95	3069	0.0106776005443146	FALSE
Mutter_02	01_Mutter_02_CosMmR	96	3022	0.00949488622789777	FALSE
Mutter_02	01_Mutter_02_CosMmR	97	3138	0.0102790585206123	FALSE
Mutter_02	01_Mutter_02_CosMmR	98	2875	0.00980712958321319	FALSE
Mutter_02	01_Mutter_02_CosMmR	99	2911	0.0101655126086617	FALSE
Mutter_02	01_Mutter_02_CosMmR	9	489	0.00830201212236281	FALSE
Mutter_02	02_Mutter_02_CosMmR	100	3175	0.0161541031095592	TRUE
Mutter_02	02_Mutter_02_CosMmR	101	3319	0.0105842008123343	FALSE
Mutter_02	02_Mutter_02_CosMmR	102	3359	0.0102731262615636	FALSE
Mutter_02	02_Mutter_02_CosMmR	103	3336	0.0095560289129389	FALSE
Mutter_02	02_Mutter_02_CosMmR	104	3345	0.00930066498040896	FALSE
Mutter_02	02_Mutter_02_CosMmR	105	2918	0.00923507683519427	FALSE
Mutter_02	02_Mutter_02_CosMmR	106	3187	0.00875415639454162	FALSE
Mutter_02	02_Mutter_02_CosMmR	107	1400	0.0102208996981403	FALSE
Mutter_02	02_Mutter_02_CosMmR	108	432	0.0135966116159673	FALSE
Mutter_02	02_Mutter_02_CosMmR	109	801	0.0100881976896275	FALSE
Mutter_02	02_Mutter_02_CosMmR	10	532	0.0117180866977516	FALSE
Mutter_02	02_Mutter_02_CosMmR	110	2680	0.0112663664246199	FALSE
Mutter_02	02_Mutter_02_CosMmR	111	3232	0.012708441909729	FALSE
Mutter_02	02_Mutter_02_CosMmR	112	2992	0.0136898229363643	FALSE
Mutter_02	02_Mutter_02_CosMmR	113	3445	0.00966604693861331	FALSE
Mutter_02	02_Mutter_02_CosMmR	114	3171	0.0086545184539732	FALSE
Mutter_02	02_Mutter_02_CosMmR	115	2941	0.00888171402086876	FALSE
Mutter_02	02_Mutter_02_CosMmR	116	2573	0.00811247803599754	FALSE
Mutter_02	02_Mutter_02_CosMmR	117	1703	0.00989084731418832	FALSE
Mutter_02	02_Mutter_02_CosMmR	118	979	0.0105147991462072	FALSE
Mutter_02	02_Mutter_02_CosMmR	119	2270	0.0104306392855675	FALSE
Mutter_02	02_Mutter_02_CosMmR	11	811	0.00920362081183334	FALSE
Mutter_02	02_Mutter_02_CosMmR	120	3522	0.0102376597126105	FALSE
Mutter_02	02_Mutter_02_CosMmR	121	3562	0.00906676035128781	FALSE
Mutter_02	02_Mutter_02_CosMmR	122	3191	0.0090684288931717	FALSE
Mutter_02	02_Mutter_02_CosMmR	123	3016	0.0095983092379664	FALSE
Mutter_02	02_Mutter_02_CosMmR	124	2232	0.0102233643568541	FALSE
Mutter_02	02_Mutter_02_CosMmR	125	671	0.00926594850843938	FALSE
Mutter_02	02_Mutter_02_CosMmR	126	686	0.0116208004557044	FALSE
Mutter_02	02_Mutter_02_CosMmR	127	2023	0.00913842602258424	FALSE
Mutter_02	02_Mutter_02_CosMmR	128	2346	0.00971909170571136	FALSE
Mutter_02	02_Mutter_02_CosMmR	129	2915	0.00940987581683423	FALSE
Mutter_02	02_Mutter_02_CosMmR	12	1666	0.0111161375611315	FALSE
Mutter_02	02_Mutter_02_CosMmR	130	2411	0.0102607356136527	FALSE
Mutter_02	02_Mutter_02_CosMmR	131	170	0.00629738562009902	FALSE
Mutter_02	02_Mutter_02_CosMmR	132	480	0.0106130134149636	FALSE
Mutter_02	02_Mutter_02_CosMmR	133	717	0.00559816737491105	FALSE
Mutter_02	02_Mutter_02_CosMmR	134	314	0.0110822740585233	FALSE
Mutter_02	02_Mutter_02_CosMmR	135	2115	0.00752105106808631	FALSE
Mutter_02	02_Mutter_02_CosMmR	136	2778	0.00776005705958819	FALSE
Mutter_02	02_Mutter_02_CosMmR	137	1546	0.00815656677836211	FALSE
Mutter_02	02_Mutter_02_CosMmR	138	21	0.0439191682862305	TRUE
Mutter_02	02_Mutter_02_CosMmR	139	77	0.0134964242088774	FALSE
Mutter_02	02_Mutter_02_CosMmR	13	2389	0.0107465739189688	FALSE
Mutter_02	02_Mutter_02_CosMmR	140	1389	0.0140571553124909	FALSE
Mutter_02	02_Mutter_02_CosMmR	141	2852	0.0090443819712502	FALSE
Mutter_02	02_Mutter_02_CosMmR	142	2675	0.00807561028015959	FALSE
Mutter_02	02_Mutter_02_CosMmR	143	2892	0.00762826100561398	FALSE
Mutter_02	02_Mutter_02_CosMmR	144	2286	0.00940299102592056	FALSE
Mutter_02	02_Mutter_02_CosMmR	145	971	0.0075768567380394	FALSE
Mutter_02	02_Mutter_02_CosMmR	146	64	0.00651041666574436	FALSE
Mutter_02	02_Mutter_02_CosMmR	147	895	0.011071121043161	FALSE
Mutter_02	02_Mutter_02_CosMmR	148	2653	0.0153076205862237	TRUE
Mutter_02	02_Mutter_02_CosMmR	149	2824	0.00963570860918118	FALSE
Mutter_02	02_Mutter_02_CosMmR	14	2072	0.0123683228238683	FALSE
Mutter_02	02_Mutter_02_CosMmR	150	2851	0.00806874988854215	FALSE
Mutter_02	02_Mutter_02_CosMmR	151	3027	0.00888201888549104	FALSE
Mutter_02	02_Mutter_02_CosMmR	152	2222	0.00885246956092532	FALSE
Mutter_02	02_Mutter_02_CosMmR	153	2141	0.00985821091935616	FALSE
Mutter_02	02_Mutter_02_CosMmR	154	1702	0.0103933963712448	FALSE
Mutter_02	02_Mutter_02_CosMmR	155	172	0.0208027649941181	TRUE
Mutter_02	02_Mutter_02_CosMmR	156	643	0.00964994915103981	FALSE
Mutter_02	02_Mutter_02_CosMmR	157	2575	0.0145630058699768	FALSE
Mutter_02	02_Mutter_02_CosMmR	158	2617	0.0106693238391133	FALSE
Mutter_02	02_Mutter_02_CosMmR	159	2705	0.00869153829832548	FALSE
Mutter_02	02_Mutter_02_CosMmR	15	1213	0.0150199781971143	FALSE
Mutter_02	02_Mutter_02_CosMmR	160	2653	0.00892617403373351	FALSE
Mutter_02	02_Mutter_02_CosMmR	161	2223	0.00789317785325158	FALSE
Mutter_02	02_Mutter_02_CosMmR	162	2208	0.00971483799247725	FALSE
Mutter_02	02_Mutter_02_CosMmR	163	2075	0.00978884973812694	FALSE
Mutter_02	02_Mutter_02_CosMmR	164	3101	0.00842243104003289	FALSE
Mutter_02	02_Mutter_02_CosMmR	165	396	0.0116568159391449	FALSE
Mutter_02	02_Mutter_02_CosMmR	166	1022	0.0135323141681029	FALSE
Mutter_02	02_Mutter_02_CosMmR	167	2070	0.0112015916356466	FALSE
Mutter_02	02_Mutter_02_CosMmR	168	2764	0.00948412539619436	FALSE
Mutter_02	02_Mutter_02_CosMmR	169	2898	0.00900096265676876	FALSE
Mutter_02	02_Mutter_02_CosMmR	16	243	0.0123435688449315	FALSE
Mutter_02	02_Mutter_02_CosMmR	170	2775	0.00954656243215029	FALSE
Mutter_02	02_Mutter_02_CosMmR	171	2806	0.0092748402478456	FALSE
Mutter_02	02_Mutter_02_CosMmR	172	2521	0.00844074795660748	FALSE
Mutter_02	02_Mutter_02_CosMmR	173	2681	0.00953263909612553	FALSE
Mutter_02	02_Mutter_02_CosMmR	174	2267	0.00958033647259355	FALSE
Mutter_02	02_Mutter_02_CosMmR	175	2814	0.010402432715859	FALSE
Mutter_02	02_Mutter_02_CosMmR	176	1243	0.0104285367323056	FALSE
Mutter_02	02_Mutter_02_CosMmR	177	1132	0.0111300905151083	FALSE
Mutter_02	02_Mutter_02_CosMmR	178	2569	0.00741391964233646	FALSE
Mutter_02	02_Mutter_02_CosMmR	179	2884	0.00872969904411905	FALSE
Mutter_02	02_Mutter_02_CosMmR	17	1280	0.0103217694678875	FALSE
Mutter_02	02_Mutter_02_CosMmR	180	2910	0.0096325750067581	FALSE
Mutter_02	02_Mutter_02_CosMmR	181	2687	0.0119130288882738	FALSE
Mutter_02	02_Mutter_02_CosMmR	182	2640	0.0084472582893319	FALSE
Mutter_02	02_Mutter_02_CosMmR	183	3202	0.00960989839454367	FALSE
Mutter_02	02_Mutter_02_CosMmR	184	2340	0.0101202832656221	FALSE
Mutter_02	02_Mutter_02_CosMmR	185	1916	0.0103129859792691	FALSE
Mutter_02	02_Mutter_02_CosMmR	186	2665	0.0107531480922229	FALSE
Mutter_02	02_Mutter_02_CosMmR	187	2951	0.00892928670377285	FALSE
Mutter_02	02_Mutter_02_CosMmR	188	237	0.00862478846527632	FALSE
Mutter_02	02_Mutter_02_CosMmR	189	1344	0.00867208491211902	FALSE
Mutter_02	02_Mutter_02_CosMmR	18	5909	0.00946293706558543	FALSE
Mutter_02	02_Mutter_02_CosMmR	190	2697	0.00852432487375654	FALSE
Mutter_02	02_Mutter_02_CosMmR	191	2678	0.00943615717139127	FALSE
Mutter_02	02_Mutter_02_CosMmR	192	2615	0.0128357477248017	FALSE
Mutter_02	02_Mutter_02_CosMmR	193	2788	0.00854477447014706	FALSE
Mutter_02	02_Mutter_02_CosMmR	194	2511	0.00871135371685694	FALSE
Mutter_02	02_Mutter_02_CosMmR	195	2010	0.0107658241821607	FALSE
Mutter_02	02_Mutter_02_CosMmR	196	1914	0.0111099826464287	FALSE
Mutter_02	02_Mutter_02_CosMmR	197	2132	0.0118957774325176	FALSE
Mutter_02	02_Mutter_02_CosMmR	198	2534	0.0107789800051344	FALSE
Mutter_02	02_Mutter_02_CosMmR	199	2744	0.00910854857026433	FALSE
Mutter_02	02_Mutter_02_CosMmR	19	2438	0.0080544525061828	FALSE
Mutter_02	02_Mutter_02_CosMmR	1	379	0.0108913330041086	FALSE
Mutter_02	02_Mutter_02_CosMmR	200	970	0.00885405035081852	FALSE
Mutter_02	02_Mutter_02_CosMmR	201	158	0.00717962054236257	FALSE
Mutter_02	02_Mutter_02_CosMmR	202	985	0.00998231357590416	FALSE
Mutter_02	02_Mutter_02_CosMmR	203	1582	0.0075726863573315	FALSE
Mutter_02	02_Mutter_02_CosMmR	204	2669	0.0090364855411989	FALSE
Mutter_02	02_Mutter_02_CosMmR	205	2962	0.00841716902649309	FALSE
Mutter_02	02_Mutter_02_CosMmR	206	2627	0.00884070695091183	FALSE
Mutter_02	02_Mutter_02_CosMmR	207	2504	0.00969213533585289	FALSE
Mutter_02	02_Mutter_02_CosMmR	208	2693	0.00890151423675932	FALSE
Mutter_02	02_Mutter_02_CosMmR	209	2811	0.0117092831631612	FALSE
Mutter_02	02_Mutter_02_CosMmR	20	794	0.00875243151668131	FALSE
Mutter_02	02_Mutter_02_CosMmR	210	2434	0.0117445059043571	FALSE
Mutter_02	02_Mutter_02_CosMmR	211	2382	0.0101596196478237	FALSE
Mutter_02	02_Mutter_02_CosMmR	212	2315	0.00933045232884763	FALSE
Mutter_02	02_Mutter_02_CosMmR	213	1333	0.00851106347197364	FALSE
Mutter_02	02_Mutter_02_CosMmR	214	246	0.00729639067039985	FALSE
Mutter_02	02_Mutter_02_CosMmR	215	741	0.00601631555030572	FALSE
Mutter_02	02_Mutter_02_CosMmR	216	1840	0.00745801414761092	FALSE
Mutter_02	02_Mutter_02_CosMmR	217	2858	0.0114921332216124	FALSE
Mutter_02	02_Mutter_02_CosMmR	218	2708	0.0104053380830232	FALSE
Mutter_02	02_Mutter_02_CosMmR	219	2619	0.00890621441638691	FALSE
Mutter_02	02_Mutter_02_CosMmR	21	44	0.0359864973967968	TRUE
Mutter_02	02_Mutter_02_CosMmR	220	2759	0.00993888477624012	FALSE
Mutter_02	02_Mutter_02_CosMmR	221	2757	0.00911689082022858	FALSE
Mutter_02	02_Mutter_02_CosMmR	222	2485	0.0109822215957026	FALSE
Mutter_02	02_Mutter_02_CosMmR	223	2282	0.0112647960376659	FALSE
Mutter_02	02_Mutter_02_CosMmR	224	2468	0.00988713708208001	FALSE
Mutter_02	02_Mutter_02_CosMmR	225	2120	0.00943809367691878	FALSE
Mutter_02	02_Mutter_02_CosMmR	226	1197	0.00858184045118365	FALSE
Mutter_02	02_Mutter_02_CosMmR	227	106	0.0082111057456589	FALSE
Mutter_02	02_Mutter_02_CosMmR	228	765	0.00982846569272483	FALSE
Mutter_02	02_Mutter_02_CosMmR	229	3024	0.00838617237498249	FALSE
Mutter_02	02_Mutter_02_CosMmR	22	986	0.0110688798936174	FALSE
Mutter_02	02_Mutter_02_CosMmR	230	3132	0.00975973656990601	FALSE
Mutter_02	02_Mutter_02_CosMmR	231	2959	0.00878684484381898	FALSE
Mutter_02	02_Mutter_02_CosMmR	232	2626	0.00793751281058124	FALSE
Mutter_02	02_Mutter_02_CosMmR	233	2571	0.0104623241732606	FALSE
Mutter_02	02_Mutter_02_CosMmR	234	2607	0.0105308603567294	FALSE
Mutter_02	02_Mutter_02_CosMmR	235	2290	0.0109673958792447	FALSE
Mutter_02	02_Mutter_02_CosMmR	236	2599	0.0104145450572179	FALSE
Mutter_02	02_Mutter_02_CosMmR	237	2753	0.00972928488196514	FALSE
Mutter_02	02_Mutter_02_CosMmR	238	2374	0.00947936913860356	FALSE
Mutter_02	02_Mutter_02_CosMmR	239	1102	0.00874026720579658	FALSE
Mutter_02	02_Mutter_02_CosMmR	23	2080	0.00987985472786201	FALSE
Mutter_02	02_Mutter_02_CosMmR	240	383	0.0070718687863844	FALSE
Mutter_02	02_Mutter_02_CosMmR	241	1764	0.00685525548858782	FALSE
Mutter_02	02_Mutter_02_CosMmR	242	2979	0.0085546731703884	FALSE
Mutter_02	02_Mutter_02_CosMmR	243	3072	0.0099193505308648	FALSE
Mutter_02	02_Mutter_02_CosMmR	244	2488	0.0107702714211151	FALSE
Mutter_02	02_Mutter_02_CosMmR	245	2153	0.0105010419473352	FALSE
Mutter_02	02_Mutter_02_CosMmR	246	2627	0.00999567008459881	FALSE
Mutter_02	02_Mutter_02_CosMmR	247	2272	0.00989663820339956	FALSE
Mutter_02	02_Mutter_02_CosMmR	248	2540	0.00874230635927444	FALSE
Mutter_02	02_Mutter_02_CosMmR	249	2604	0.00999656861082497	FALSE
Mutter_02	02_Mutter_02_CosMmR	24	2467	0.0101833116808904	FALSE
Mutter_02	02_Mutter_02_CosMmR	250	1387	0.00932435302391932	FALSE
Mutter_02	02_Mutter_02_CosMmR	251	273	0.00855232089178251	FALSE
Mutter_02	02_Mutter_02_CosMmR	252	199	0.0049619757638416	FALSE
Mutter_02	02_Mutter_02_CosMmR	253	1476	0.00668345452939747	FALSE
Mutter_02	02_Mutter_02_CosMmR	254	190	0.00964180280145632	FALSE
Mutter_02	02_Mutter_02_CosMmR	255	310	0.00764023953851102	FALSE
Mutter_02	02_Mutter_02_CosMmR	256	333	0.0103965403493396	FALSE
Mutter_02	02_Mutter_02_CosMmR	257	83	0.0111494012489199	FALSE
Mutter_02	02_Mutter_02_CosMmR	258	821	0.00702819899497319	FALSE
Mutter_02	02_Mutter_02_CosMmR	259	104	0.0144385994498851	FALSE
Mutter_02	02_Mutter_02_CosMmR	25	2729	0.00963778016445773	FALSE
Mutter_02	02_Mutter_02_CosMmR	260	213	0.00722322324472939	FALSE
Mutter_02	02_Mutter_02_CosMmR	261	212	0.00745271852269264	FALSE
Mutter_02	02_Mutter_02_CosMmR	262	151	0.00609965964523881	FALSE
Mutter_02	02_Mutter_02_CosMmR	263	79	0.00519258320154621	FALSE
Mutter_02	02_Mutter_02_CosMmR	264	92	0.011801848145119	FALSE
Mutter_02	02_Mutter_02_CosMmR	265	119	0.0123754939529041	FALSE
Mutter_02	02_Mutter_02_CosMmR	266	1080	0.0115715398831523	FALSE
Mutter_02	02_Mutter_02_CosMmR	267	183	0.0100297163557728	FALSE
Mutter_02	02_Mutter_02_CosMmR	268	270	0.00891770693766914	FALSE
Mutter_02	02_Mutter_02_CosMmR	269	365	0.0114969231476969	FALSE
Mutter_02	02_Mutter_02_CosMmR	26	2715	0.0107592590546005	FALSE
Mutter_02	02_Mutter_02_CosMmR	270	420	0.00709449323104375	FALSE
Mutter_02	02_Mutter_02_CosMmR	271	351	0.00780879205642365	FALSE
Mutter_02	02_Mutter_02_CosMmR	272	348	0.00914982768956131	FALSE
Mutter_02	02_Mutter_02_CosMmR	273	319	0.00884997350109523	FALSE
Mutter_02	02_Mutter_02_CosMmR	274	292	0.0126672948101072	FALSE
Mutter_02	02_Mutter_02_CosMmR	275	191	0.0087606930463402	FALSE
Mutter_02	02_Mutter_02_CosMmR	276	614	0.00988955271751415	FALSE
Mutter_02	02_Mutter_02_CosMmR	277	631	0.0130664912293275	FALSE
Mutter_02	02_Mutter_02_CosMmR	278	13	0	FALSE
Mutter_02	02_Mutter_02_CosMmR	279	335	0.00814929816071123	FALSE
Mutter_02	02_Mutter_02_CosMmR	27	2572	0.0116989681529731	FALSE
Mutter_02	02_Mutter_02_CosMmR	280	206	0.00849050826318488	FALSE
Mutter_02	02_Mutter_02_CosMmR	281	321	0.0108635603937794	FALSE
Mutter_02	02_Mutter_02_CosMmR	282	381	0.00899698690611384	FALSE
Mutter_02	02_Mutter_02_CosMmR	283	1292	0.00904662735907365	FALSE
Mutter_02	02_Mutter_02_CosMmR	284	1441	0.00755387488618986	FALSE
Mutter_02	02_Mutter_02_CosMmR	285	966	0.00815864402019495	FALSE
Mutter_02	02_Mutter_02_CosMmR	286	756	0.00710480218235771	FALSE
Mutter_02	02_Mutter_02_CosMmR	287	313	0.0124141749264776	FALSE
Mutter_02	02_Mutter_02_CosMmR	288	170	0.0108897640916747	FALSE
Mutter_02	02_Mutter_02_CosMmR	289	344	0.00965460028862942	FALSE
Mutter_02	02_Mutter_02_CosMmR	28	2244	0.0136556323428387	FALSE
Mutter_02	02_Mutter_02_CosMmR	290	192	0.0157701020181229	TRUE
Mutter_02	02_Mutter_02_CosMmR	291	622	0.0120632883077631	FALSE
Mutter_02	02_Mutter_02_CosMmR	292	71	0.0124524554183002	FALSE
Mutter_02	02_Mutter_02_CosMmR	293	99	0.00612183434092177	FALSE
Mutter_02	02_Mutter_02_CosMmR	294	225	0.0119392237327701	FALSE
Mutter_02	02_Mutter_02_CosMmR	295	279	0.0107163966504272	FALSE
Mutter_02	02_Mutter_02_CosMmR	296	450	0.0139287908350469	FALSE
Mutter_02	02_Mutter_02_CosMmR	297	1558	0.00978877472483833	FALSE
Mutter_02	02_Mutter_02_CosMmR	298	3192	0.00805053909292625	FALSE
Mutter_02	02_Mutter_02_CosMmR	299	3282	0.00766618649510898	FALSE
Mutter_02	02_Mutter_02_CosMmR	29	1406	0.0128039339660695	FALSE
Mutter_02	02_Mutter_02_CosMmR	2	338	0.0139381226484084	FALSE
Mutter_02	02_Mutter_02_CosMmR	300	2961	0.00776235192345514	FALSE
Mutter_02	02_Mutter_02_CosMmR	301	2733	0.00860589218600411	FALSE
Mutter_02	02_Mutter_02_CosMmR	302	1114	0.00807241086917407	FALSE
Mutter_02	02_Mutter_02_CosMmR	303	294	0.00814340543823392	FALSE
Mutter_02	02_Mutter_02_CosMmR	304	501	0.0099907487696226	FALSE
Mutter_02	02_Mutter_02_CosMmR	305	407	0.01210999136079	FALSE
Mutter_02	02_Mutter_02_CosMmR	306	733	0.0110999025042114	FALSE
Mutter_02	02_Mutter_02_CosMmR	307	155	0.00961000209631454	FALSE
Mutter_02	02_Mutter_02_CosMmR	308	141	0.0151364504325392	TRUE
Mutter_02	02_Mutter_02_CosMmR	309	268	0.0113368120809006	FALSE
Mutter_02	02_Mutter_02_CosMmR	30	719	0.0128443066862865	FALSE
Mutter_02	02_Mutter_02_CosMmR	310	245	0.00977397802589939	FALSE
Mutter_02	02_Mutter_02_CosMmR	311	1353	0.00988723037163292	FALSE
Mutter_02	02_Mutter_02_CosMmR	312	3053	0.00768489682950384	FALSE
Mutter_02	02_Mutter_02_CosMmR	313	3159	0.00770099424188255	FALSE
Mutter_02	02_Mutter_02_CosMmR	314	3095	0.00778618184563073	FALSE
Mutter_02	02_Mutter_02_CosMmR	315	3095	0.00738969450767823	FALSE
Mutter_02	02_Mutter_02_CosMmR	316	3077	0.00740959584811017	FALSE
Mutter_02	02_Mutter_02_CosMmR	317	2580	0.00755761962133455	FALSE
Mutter_02	02_Mutter_02_CosMmR	318	1507	0.0109003426067877	FALSE
Mutter_02	02_Mutter_02_CosMmR	319	778	0.00900720971126318	FALSE
Mutter_02	02_Mutter_02_CosMmR	31	895	0.00983670240819097	FALSE
Mutter_02	02_Mutter_02_CosMmR	320	283	0.0177631958044907	TRUE
Mutter_02	02_Mutter_02_CosMmR	321	964	0.0116601686523302	FALSE
Mutter_02	02_Mutter_02_CosMmR	322	292	0.0105939032372946	FALSE
Mutter_02	02_Mutter_02_CosMmR	323	51	0.00502271927281469	FALSE
Mutter_02	02_Mutter_02_CosMmR	324	232	0.0113631200951563	FALSE
Mutter_02	02_Mutter_02_CosMmR	325	277	0.0108613162047633	FALSE
Mutter_02	02_Mutter_02_CosMmR	326	1198	0.0124546299921128	FALSE
Mutter_02	02_Mutter_02_CosMmR	327	3135	0.00738181895508009	FALSE
Mutter_02	02_Mutter_02_CosMmR	328	3087	0.00779926675836224	FALSE
Mutter_02	02_Mutter_02_CosMmR	329	3170	0.0081959865963986	FALSE
Mutter_02	02_Mutter_02_CosMmR	32	5147	0.00950398967525635	FALSE
Mutter_02	02_Mutter_02_CosMmR	330	3073	0.00789843007152001	FALSE
Mutter_02	02_Mutter_02_CosMmR	331	3079	0.00739456129201957	FALSE
Mutter_02	02_Mutter_02_CosMmR	332	2725	0.00701315901102288	FALSE
Mutter_02	02_Mutter_02_CosMmR	333	2584	0.00860173919789424	FALSE
Mutter_02	02_Mutter_02_CosMmR	334	892	0.0104295979711989	FALSE
Mutter_02	02_Mutter_02_CosMmR	335	509	0.0116233834941809	FALSE
Mutter_02	02_Mutter_02_CosMmR	336	480	0.0113827661357545	FALSE
Mutter_02	02_Mutter_02_CosMmR	337	197	0.00986086241243028	FALSE
Mutter_02	02_Mutter_02_CosMmR	338	342	0.0137780618807923	FALSE
Mutter_02	02_Mutter_02_CosMmR	339	618	0.0129803089241936	FALSE
Mutter_02	02_Mutter_02_CosMmR	33	2028	0.00787357744188148	FALSE
Mutter_02	02_Mutter_02_CosMmR	340	3195	0.00806088962464468	FALSE
Mutter_02	02_Mutter_02_CosMmR	341	3045	0.00745363865877189	FALSE
Mutter_02	02_Mutter_02_CosMmR	342	3090	0.00787720531817607	FALSE
Mutter_02	02_Mutter_02_CosMmR	343	3122	0.00775800036097952	FALSE
Mutter_02	02_Mutter_02_CosMmR	344	2976	0.00721553053743915	FALSE
Mutter_02	02_Mutter_02_CosMmR	345	2827	0.00752575460223127	FALSE
Mutter_02	02_Mutter_02_CosMmR	346	2665	0.00722017242446728	FALSE
Mutter_02	02_Mutter_02_CosMmR	347	87	0.0132970104929913	FALSE
Mutter_02	02_Mutter_02_CosMmR	348	270	0.0104357585945523	FALSE
Mutter_02	02_Mutter_02_CosMmR	349	268	0.00895938890295729	FALSE
Mutter_02	02_Mutter_02_CosMmR	34	688	0.00949019591564923	FALSE
Mutter_02	02_Mutter_02_CosMmR	350	2347	0.00801450930811156	FALSE
Mutter_02	02_Mutter_02_CosMmR	351	3076	0.00687166042638691	FALSE
Mutter_02	02_Mutter_02_CosMmR	352	2924	0.00682515317819695	FALSE
Mutter_02	02_Mutter_02_CosMmR	353	3124	0.00697594720566238	FALSE
Mutter_02	02_Mutter_02_CosMmR	354	2929	0.00720141198747627	FALSE
Mutter_02	02_Mutter_02_CosMmR	355	2755	0.00678408797498594	FALSE
Mutter_02	02_Mutter_02_CosMmR	356	2230	0.00802039786179145	FALSE
Mutter_02	02_Mutter_02_CosMmR	357	170	0.0114168364820434	FALSE
Mutter_02	02_Mutter_02_CosMmR	358	252	0.00602760194247359	FALSE
Mutter_02	02_Mutter_02_CosMmR	359	737	0.00995266801071384	FALSE
Mutter_02	02_Mutter_02_CosMmR	35	559	0.0123432136682621	FALSE
Mutter_02	02_Mutter_02_CosMmR	360	1467	0.00868236169224377	FALSE
Mutter_02	02_Mutter_02_CosMmR	361	2328	0.00780944352046826	FALSE
Mutter_02	02_Mutter_02_CosMmR	362	2554	0.00688248528919677	FALSE
Mutter_02	02_Mutter_02_CosMmR	363	2003	0.00731714338859559	FALSE
Mutter_02	02_Mutter_02_CosMmR	364	1362	0.00796981326457431	FALSE
Mutter_02	02_Mutter_02_CosMmR	365	376	0.00843026330642957	FALSE
Mutter_02	02_Mutter_02_CosMmR	366	280	0.00853727350064588	FALSE
Mutter_02	02_Mutter_02_CosMmR	36	1979	0.0118201513447298	FALSE
Mutter_02	02_Mutter_02_CosMmR	37	2655	0.00916246212739503	FALSE
Mutter_02	02_Mutter_02_CosMmR	38	2662	0.00879855088363595	FALSE
Mutter_02	02_Mutter_02_CosMmR	39	2699	0.0102425004489408	FALSE
Mutter_02	02_Mutter_02_CosMmR	3	183	0.00805239806124669	FALSE
Mutter_02	02_Mutter_02_CosMmR	40	2881	0.00980802344113214	FALSE
Mutter_02	02_Mutter_02_CosMmR	41	2851	0.00873443163916977	FALSE
Mutter_02	02_Mutter_02_CosMmR	42	2791	0.00880319004059767	FALSE
Mutter_02	02_Mutter_02_CosMmR	43	2559	0.0085234814511409	FALSE
Mutter_02	02_Mutter_02_CosMmR	44	1998	0.00958426180511287	FALSE
Mutter_02	02_Mutter_02_CosMmR	45	881	0.0100463226197931	FALSE
Mutter_02	02_Mutter_02_CosMmR	46	2302	0.00961726577800715	FALSE
Mutter_02	02_Mutter_02_CosMmR	47	660	0.0098795949048226	FALSE
Mutter_02	02_Mutter_02_CosMmR	48	556	0.00982627166033491	FALSE
Mutter_02	02_Mutter_02_CosMmR	49	728	0.0109097881573498	FALSE
Mutter_02	02_Mutter_02_CosMmR	4	936	0.0104836988147032	FALSE
Mutter_02	02_Mutter_02_CosMmR	50	2342	0.0108578440751522	FALSE
Mutter_02	02_Mutter_02_CosMmR	51	2759	0.00910030807034795	FALSE
Mutter_02	02_Mutter_02_CosMmR	52	2623	0.00943655083089611	FALSE
Mutter_02	02_Mutter_02_CosMmR	53	2732	0.0094035603818881	FALSE
Mutter_02	02_Mutter_02_CosMmR	54	2820	0.0101899950023464	FALSE
Mutter_02	02_Mutter_02_CosMmR	55	2921	0.00898576765966913	FALSE
Mutter_02	02_Mutter_02_CosMmR	56	2858	0.00898592185885709	FALSE
Mutter_02	02_Mutter_02_CosMmR	57	2833	0.00825941502852054	FALSE
Mutter_02	02_Mutter_02_CosMmR	58	2770	0.00896829264741248	FALSE
Mutter_02	02_Mutter_02_CosMmR	59	2114	0.00943482917868417	FALSE
Mutter_02	02_Mutter_02_CosMmR	5	143	0.00611557080565865	FALSE
Mutter_02	02_Mutter_02_CosMmR	60	1272	0.00947885760045252	FALSE
Mutter_02	02_Mutter_02_CosMmR	61	731	0.0126398395224421	FALSE
Mutter_02	02_Mutter_02_CosMmR	62	539	0.011943938853129	FALSE
Mutter_02	02_Mutter_02_CosMmR	63	536	0.0106657500397594	FALSE
Mutter_02	02_Mutter_02_CosMmR	64	654	0.00926577938843249	FALSE
Mutter_02	02_Mutter_02_CosMmR	65	714	0.0107099013360744	FALSE
Mutter_02	02_Mutter_02_CosMmR	66	1978	0.0108622948980751	FALSE
Mutter_02	02_Mutter_02_CosMmR	67	2937	0.00951410572197815	FALSE
Mutter_02	02_Mutter_02_CosMmR	68	2557	0.0089636590032461	FALSE
Mutter_02	02_Mutter_02_CosMmR	69	2744	0.00952115293744153	FALSE
Mutter_02	02_Mutter_02_CosMmR	6	1546	0.00833317368926402	FALSE
Mutter_02	02_Mutter_02_CosMmR	70	2857	0.0108335690790858	FALSE
Mutter_02	02_Mutter_02_CosMmR	71	2948	0.00898187158660749	FALSE
Mutter_02	02_Mutter_02_CosMmR	72	2914	0.00890991662263857	FALSE
Mutter_02	02_Mutter_02_CosMmR	73	3095	0.00879088406551024	FALSE
Mutter_02	02_Mutter_02_CosMmR	74	2694	0.00884796647893277	FALSE
Mutter_02	02_Mutter_02_CosMmR	75	3090	0.00794435704717886	FALSE
Mutter_02	02_Mutter_02_CosMmR	76	2731	0.00864990637336808	FALSE
Mutter_02	02_Mutter_02_CosMmR	77	543	0.0108401564779624	FALSE
Mutter_02	02_Mutter_02_CosMmR	78	524	0.0117332784817567	FALSE
Mutter_02	02_Mutter_02_CosMmR	79	413	0.00986922174141302	FALSE
Mutter_02	02_Mutter_02_CosMmR	7	925	0.00847437534253211	FALSE
Mutter_02	02_Mutter_02_CosMmR	80	566	0.00995102047622595	FALSE
Mutter_02	02_Mutter_02_CosMmR	81	539	0.0109423053045262	FALSE
Mutter_02	02_Mutter_02_CosMmR	82	779	0.0109990034105371	FALSE
Mutter_02	02_Mutter_02_CosMmR	83	1003	0.0127121557009861	FALSE
Mutter_02	02_Mutter_02_CosMmR	84	3124	0.0105663821600668	FALSE
Mutter_02	02_Mutter_02_CosMmR	85	2970	0.00984498591385013	FALSE
Mutter_02	02_Mutter_02_CosMmR	86	3077	0.0104346553557548	FALSE
Mutter_02	02_Mutter_02_CosMmR	87	2992	0.0106330093621349	FALSE
Mutter_02	02_Mutter_02_CosMmR	88	3233	0.00961024929733893	FALSE
Mutter_02	02_Mutter_02_CosMmR	89	3214	0.00893430030323175	FALSE
Mutter_02	02_Mutter_02_CosMmR	8	120	0.00882758877448478	FALSE
Mutter_02	02_Mutter_02_CosMmR	90	3373	0.00909187727720095	FALSE
Mutter_02	02_Mutter_02_CosMmR	91	3055	0.00915550640860917	FALSE
Mutter_02	02_Mutter_02_CosMmR	92	3347	0.00862729447539169	FALSE
Mutter_02	02_Mutter_02_CosMmR	93	2469	0.00811690184937413	FALSE
Mutter_02	02_Mutter_02_CosMmR	94	1141	0.00991581008358513	FALSE
Mutter_02	02_Mutter_02_CosMmR	95	139	0.00844603872471412	FALSE
Mutter_02	02_Mutter_02_CosMmR	96	426	0.010244626992917	FALSE
Mutter_02	02_Mutter_02_CosMmR	97	1451	0.0132700642880002	FALSE
Mutter_02	02_Mutter_02_CosMmR	98	2368	0.0106509912349527	FALSE
Mutter_02	02_Mutter_02_CosMmR	99	2535	0.010592773904929	FALSE
Mutter_02	02_Mutter_02_CosMmR	9	91	0.0105312164072966	FALSE
Mutter_02	03_Mutter_02_CosMmR	100	75	0.011788573783722	FALSE
Mutter_02	03_Mutter_02_CosMmR	101	386	0.0148360758486014	FALSE
Mutter_02	03_Mutter_02_CosMmR	102	463	0.0131418495056238	FALSE
Mutter_02	03_Mutter_02_CosMmR	103	263	0.00797956945116065	FALSE
Mutter_02	03_Mutter_02_CosMmR	104	210	0.0232849298219866	TRUE
Mutter_02	03_Mutter_02_CosMmR	105	1015	0.0121377472145389	FALSE
Mutter_02	03_Mutter_02_CosMmR	106	711	0.0102406442275901	FALSE
Mutter_02	03_Mutter_02_CosMmR	107	596	0.0116737611636512	FALSE
Mutter_02	03_Mutter_02_CosMmR	108	193	0.013709759081855	FALSE
Mutter_02	03_Mutter_02_CosMmR	109	82	0.0195224859623472	TRUE
Mutter_02	03_Mutter_02_CosMmR	10	119	0.0128969088758298	FALSE
Mutter_02	03_Mutter_02_CosMmR	110	127	0.0164225599154186	TRUE
Mutter_02	03_Mutter_02_CosMmR	111	235	0.0145914838877203	FALSE
Mutter_02	03_Mutter_02_CosMmR	112	1245	0.00896237884860102	FALSE
Mutter_02	03_Mutter_02_CosMmR	113	2599	0.00745486863863296	FALSE
Mutter_02	03_Mutter_02_CosMmR	114	2269	0.00776107654682722	FALSE
Mutter_02	03_Mutter_02_CosMmR	115	659	0.0119821755962223	FALSE
Mutter_02	03_Mutter_02_CosMmR	116	600	0.0134745588389433	FALSE
Mutter_02	03_Mutter_02_CosMmR	117	239	0.0122041594914565	FALSE
Mutter_02	03_Mutter_02_CosMmR	118	265	0.0141666467612069	FALSE
Mutter_02	03_Mutter_02_CosMmR	119	949	0.00843168119699536	FALSE
Mutter_02	03_Mutter_02_CosMmR	11	75	0.0115815751418676	FALSE
Mutter_02	03_Mutter_02_CosMmR	120	2868	0.00941420417876298	FALSE
Mutter_02	03_Mutter_02_CosMmR	121	3024	0.00796119645828966	FALSE
Mutter_02	03_Mutter_02_CosMmR	122	2500	0.00786418686040473	FALSE
Mutter_02	03_Mutter_02_CosMmR	123	1795	0.00873431390710841	FALSE
Mutter_02	03_Mutter_02_CosMmR	124	2395	0.00917077752292154	FALSE
Mutter_02	03_Mutter_02_CosMmR	125	436	0.00993750975262623	FALSE
Mutter_02	03_Mutter_02_CosMmR	126	237	0.0106901839909467	FALSE
Mutter_02	03_Mutter_02_CosMmR	127	367	0.0128713709194898	FALSE
Mutter_02	03_Mutter_02_CosMmR	128	267	0.0110250343806357	FALSE
Mutter_02	03_Mutter_02_CosMmR	129	162	0.0101767336622607	FALSE
Mutter_02	03_Mutter_02_CosMmR	12	72	0.00757701458156342	FALSE
Mutter_02	03_Mutter_02_CosMmR	130	1663	0.00902734818067383	FALSE
Mutter_02	03_Mutter_02_CosMmR	131	3006	0.0090387178524139	FALSE
Mutter_02	03_Mutter_02_CosMmR	132	2925	0.00775374976008914	FALSE
Mutter_02	03_Mutter_02_CosMmR	133	3151	0.00728634488337699	FALSE
Mutter_02	03_Mutter_02_CosMmR	134	3263	0.00737391461562997	FALSE
Mutter_02	03_Mutter_02_CosMmR	135	3321	0.00706641299288274	FALSE
Mutter_02	03_Mutter_02_CosMmR	136	1033	0.0116882461624917	FALSE
Mutter_02	03_Mutter_02_CosMmR	137	383	0.0107277180297298	FALSE
Mutter_02	03_Mutter_02_CosMmR	138	305	0.0140317345888732	FALSE
Mutter_02	03_Mutter_02_CosMmR	139	309	0.0140742659054377	FALSE
Mutter_02	03_Mutter_02_CosMmR	13	425	0.0086065642778569	FALSE
Mutter_02	03_Mutter_02_CosMmR	140	63	0.0109143834149791	FALSE
Mutter_02	03_Mutter_02_CosMmR	141	172	0.013655575105145	FALSE
Mutter_02	03_Mutter_02_CosMmR	142	1766	0.00840099421893111	FALSE
Mutter_02	03_Mutter_02_CosMmR	143	3201	0.00839760008243187	FALSE
Mutter_02	03_Mutter_02_CosMmR	144	3048	0.00700523328900713	FALSE
Mutter_02	03_Mutter_02_CosMmR	145	3036	0.00665989594396373	FALSE
Mutter_02	03_Mutter_02_CosMmR	146	3084	0.00664117243509298	FALSE
Mutter_02	03_Mutter_02_CosMmR	147	1942	0.00792121374412915	FALSE
Mutter_02	03_Mutter_02_CosMmR	148	740	0.0136154370636337	FALSE
Mutter_02	03_Mutter_02_CosMmR	149	214	0.00665104590681343	FALSE
Mutter_02	03_Mutter_02_CosMmR	14	1144	0.00931922519108805	FALSE
Mutter_02	03_Mutter_02_CosMmR	150	419	0.0074286524462973	FALSE
Mutter_02	03_Mutter_02_CosMmR	151	189	0.0170180931403427	TRUE
Mutter_02	03_Mutter_02_CosMmR	152	196	0.0164128936060728	TRUE
Mutter_02	03_Mutter_02_CosMmR	153	1323	0.00870955414533449	FALSE
Mutter_02	03_Mutter_02_CosMmR	154	3424	0.00802220092898951	FALSE
Mutter_02	03_Mutter_02_CosMmR	155	2944	0.00718687352656628	FALSE
Mutter_02	03_Mutter_02_CosMmR	156	2614	0.00669494456320736	FALSE
Mutter_02	03_Mutter_02_CosMmR	157	2169	0.00665119679077618	FALSE
Mutter_02	03_Mutter_02_CosMmR	158	512	0.0139306443483196	FALSE
Mutter_02	03_Mutter_02_CosMmR	159	285	0.0136933560489865	FALSE
Mutter_02	03_Mutter_02_CosMmR	15	1088	0.00738970033486248	FALSE
Mutter_02	03_Mutter_02_CosMmR	160	481	0.00886599692040887	FALSE
Mutter_02	03_Mutter_02_CosMmR	161	111	0.0122197920654004	FALSE
Mutter_02	03_Mutter_02_CosMmR	162	368	0.00801126608334736	FALSE
Mutter_02	03_Mutter_02_CosMmR	163	2056	0.00882590242530712	FALSE
Mutter_02	03_Mutter_02_CosMmR	164	2492	0.00810592935529599	FALSE
Mutter_02	03_Mutter_02_CosMmR	165	2479	0.00754896189664324	FALSE
Mutter_02	03_Mutter_02_CosMmR	166	2140	0.00748548695853493	FALSE
Mutter_02	03_Mutter_02_CosMmR	167	1282	0.00762196757421832	FALSE
Mutter_02	03_Mutter_02_CosMmR	168	430	0.0136304946742223	FALSE
Mutter_02	03_Mutter_02_CosMmR	169	429	0.0127356242738458	FALSE
Mutter_02	03_Mutter_02_CosMmR	16	503	0.0105248975786535	FALSE
Mutter_02	03_Mutter_02_CosMmR	170	307	0.0103570001836586	FALSE
Mutter_02	03_Mutter_02_CosMmR	171	271	0.00917525310617475	FALSE
Mutter_02	03_Mutter_02_CosMmR	172	612	0.0101738487624433	FALSE
Mutter_02	03_Mutter_02_CosMmR	173	1201	0.0078295785742594	FALSE
Mutter_02	03_Mutter_02_CosMmR	174	2939	0.00737568940188754	FALSE
Mutter_02	03_Mutter_02_CosMmR	175	3132	0.00741851342722797	FALSE
Mutter_02	03_Mutter_02_CosMmR	176	2896	0.0068086969530112	FALSE
Mutter_02	03_Mutter_02_CosMmR	177	2131	0.0075323426728085	FALSE
Mutter_02	03_Mutter_02_CosMmR	178	511	0.0145697864333618	FALSE
Mutter_02	03_Mutter_02_CosMmR	179	780	0.0106385044683387	FALSE
Mutter_02	03_Mutter_02_CosMmR	17	92	0.0134506681901849	FALSE
Mutter_02	03_Mutter_02_CosMmR	180	243	0.01214801902463	FALSE
Mutter_02	03_Mutter_02_CosMmR	181	272	0.0118330103689151	FALSE
Mutter_02	03_Mutter_02_CosMmR	182	503	0.00949914979653052	FALSE
Mutter_02	03_Mutter_02_CosMmR	183	1039	0.00961423251292668	FALSE
Mutter_02	03_Mutter_02_CosMmR	184	2462	0.00841893529522287	FALSE
Mutter_02	03_Mutter_02_CosMmR	185	2963	0.00810116407190322	FALSE
Mutter_02	03_Mutter_02_CosMmR	186	3013	0.00736122500145884	FALSE
Mutter_02	03_Mutter_02_CosMmR	187	2373	0.00800923068721044	FALSE
Mutter_02	03_Mutter_02_CosMmR	188	442	0.0148739015937967	FALSE
Mutter_02	03_Mutter_02_CosMmR	189	730	0.01446324136212	FALSE
Mutter_02	03_Mutter_02_CosMmR	190	88	0.0135938588413304	FALSE
Mutter_02	03_Mutter_02_CosMmR	191	164	0.0115929644882317	FALSE
Mutter_02	03_Mutter_02_CosMmR	192	430	0.0145906802031318	FALSE
Mutter_02	03_Mutter_02_CosMmR	193	566	0.0131601853253325	FALSE
Mutter_02	03_Mutter_02_CosMmR	194	1935	0.00921087873438856	FALSE
Mutter_02	03_Mutter_02_CosMmR	195	2810	0.00815937258422443	FALSE
Mutter_02	03_Mutter_02_CosMmR	196	2809	0.00779828468786795	FALSE
Mutter_02	03_Mutter_02_CosMmR	197	1058	0.00706422942830331	FALSE
Mutter_02	03_Mutter_02_CosMmR	198	329	0.0150414354057956	FALSE
Mutter_02	03_Mutter_02_CosMmR	199	323	0.0114408293277521	FALSE
Mutter_02	03_Mutter_02_CosMmR	19	122	0.00677493823427813	FALSE
Mutter_02	03_Mutter_02_CosMmR	1	58	0.0191907350298685	TRUE
Mutter_02	03_Mutter_02_CosMmR	200	406	0.00940276903155419	FALSE
Mutter_02	03_Mutter_02_CosMmR	201	646	0.0120845651739396	FALSE
Mutter_02	03_Mutter_02_CosMmR	202	1006	0.00896581682054358	FALSE
Mutter_02	03_Mutter_02_CosMmR	203	681	0.0086804690122465	FALSE
Mutter_02	03_Mutter_02_CosMmR	204	239	0.00892814502508536	FALSE
Mutter_02	03_Mutter_02_CosMmR	205	291	0.00696407536634271	FALSE
Mutter_02	03_Mutter_02_CosMmR	206	1384	0.0125307971540161	FALSE
Mutter_02	03_Mutter_02_CosMmR	207	2256	0.0107519777211167	FALSE
Mutter_02	03_Mutter_02_CosMmR	208	1732	0.0125852864856666	FALSE
Mutter_02	03_Mutter_02_CosMmR	209	1481	0.0100658676033541	FALSE
Mutter_02	03_Mutter_02_CosMmR	20	59	0.0221883471245713	TRUE
Mutter_02	03_Mutter_02_CosMmR	210	420	0.0124154211738608	FALSE
Mutter_02	03_Mutter_02_CosMmR	211	156	0.00968957879624554	FALSE
Mutter_02	03_Mutter_02_CosMmR	212	111	0.0108499736673289	FALSE
Mutter_02	03_Mutter_02_CosMmR	213	2855	0.00977560132558062	FALSE
Mutter_02	03_Mutter_02_CosMmR	214	3252	0.00895193720705276	FALSE
Mutter_02	03_Mutter_02_CosMmR	215	3159	0.00974047443620614	FALSE
Mutter_02	03_Mutter_02_CosMmR	216	3221	0.0100767905197642	FALSE
Mutter_02	03_Mutter_02_CosMmR	217	2673	0.00928531820032683	FALSE
Mutter_02	03_Mutter_02_CosMmR	218	1544	0.00889121863168812	FALSE
Mutter_02	03_Mutter_02_CosMmR	219	656	0.00900226727705927	FALSE
Mutter_02	03_Mutter_02_CosMmR	21	933	0.00832454515835277	FALSE
Mutter_02	03_Mutter_02_CosMmR	220	206	0.0110733796197289	FALSE
Mutter_02	03_Mutter_02_CosMmR	221	806	0.01113544755491	FALSE
Mutter_02	03_Mutter_02_CosMmR	222	3189	0.00935830987233845	FALSE
Mutter_02	03_Mutter_02_CosMmR	223	3102	0.00924065859699524	FALSE
Mutter_02	03_Mutter_02_CosMmR	224	3268	0.00892256886965955	FALSE
Mutter_02	03_Mutter_02_CosMmR	225	3201	0.00924802572710566	FALSE
Mutter_02	03_Mutter_02_CosMmR	226	2927	0.00814338312354555	FALSE
Mutter_02	03_Mutter_02_CosMmR	227	2882	0.00855245407670362	FALSE
Mutter_02	03_Mutter_02_CosMmR	228	467	0.00761187990185126	FALSE
Mutter_02	03_Mutter_02_CosMmR	229	510	0.0112014128233876	FALSE
Mutter_02	03_Mutter_02_CosMmR	22	2628	0.00932872581752906	FALSE
Mutter_02	03_Mutter_02_CosMmR	230	218	0.0120927174680234	FALSE
Mutter_02	03_Mutter_02_CosMmR	231	766	0.00663048453849849	FALSE
Mutter_02	03_Mutter_02_CosMmR	232	3346	0.00803094803685199	FALSE
Mutter_02	03_Mutter_02_CosMmR	233	3354	0.00817602126673595	FALSE
Mutter_02	03_Mutter_02_CosMmR	234	3110	0.00875118090555333	FALSE
Mutter_02	03_Mutter_02_CosMmR	235	3119	0.00891545173612832	FALSE
Mutter_02	03_Mutter_02_CosMmR	236	2969	0.00896127606472363	FALSE
Mutter_02	03_Mutter_02_CosMmR	237	3173	0.00829450314360869	FALSE
Mutter_02	03_Mutter_02_CosMmR	238	735	0.00881983051565934	FALSE
Mutter_02	03_Mutter_02_CosMmR	239	392	0.0169552573893978	TRUE
Mutter_02	03_Mutter_02_CosMmR	23	2260	0.00909906847155915	FALSE
Mutter_02	03_Mutter_02_CosMmR	240	121	0.0107354538321397	FALSE
Mutter_02	03_Mutter_02_CosMmR	241	455	0.0058842461028728	FALSE
Mutter_02	03_Mutter_02_CosMmR	242	3158	0.00902275916075909	FALSE
Mutter_02	03_Mutter_02_CosMmR	243	3297	0.00874528937093402	FALSE
Mutter_02	03_Mutter_02_CosMmR	244	3026	0.00880334708845238	FALSE
Mutter_02	03_Mutter_02_CosMmR	245	2847	0.00946022524638453	FALSE
Mutter_02	03_Mutter_02_CosMmR	246	3194	0.0098820713003126	FALSE
Mutter_02	03_Mutter_02_CosMmR	247	2984	0.00865323779392798	FALSE
Mutter_02	03_Mutter_02_CosMmR	248	578	0.00919592552554963	FALSE
Mutter_02	03_Mutter_02_CosMmR	249	343	0.0152472550311518	TRUE
Mutter_02	03_Mutter_02_CosMmR	24	2684	0.00819608044755762	FALSE
Mutter_02	03_Mutter_02_CosMmR	250	171	0.0111276295728355	FALSE
Mutter_02	03_Mutter_02_CosMmR	251	109	0.0105156689711507	FALSE
Mutter_02	03_Mutter_02_CosMmR	252	1517	0.00760081923250842	FALSE
Mutter_02	03_Mutter_02_CosMmR	253	3022	0.00884931168686533	FALSE
Mutter_02	03_Mutter_02_CosMmR	254	3102	0.00874559514229667	FALSE
Mutter_02	03_Mutter_02_CosMmR	255	2996	0.00846601729120393	FALSE
Mutter_02	03_Mutter_02_CosMmR	256	3232	0.00831535254451154	FALSE
Mutter_02	03_Mutter_02_CosMmR	257	1388	0.00946517072397494	FALSE
Mutter_02	03_Mutter_02_CosMmR	258	349	0.00951490479244548	FALSE
Mutter_02	03_Mutter_02_CosMmR	259	316	0.0127888230176493	FALSE
Mutter_02	03_Mutter_02_CosMmR	25	2475	0.00855917476987489	FALSE
Mutter_02	03_Mutter_02_CosMmR	260	335	0.0119434688492441	FALSE
Mutter_02	03_Mutter_02_CosMmR	261	278	0.0146288186270144	FALSE
Mutter_02	03_Mutter_02_CosMmR	262	54	0.0087527565116335	FALSE
Mutter_02	03_Mutter_02_CosMmR	263	606	0.00847980532006383	FALSE
Mutter_02	03_Mutter_02_CosMmR	264	2963	0.00881972254473281	FALSE
Mutter_02	03_Mutter_02_CosMmR	265	3398	0.00867941130041991	FALSE
Mutter_02	03_Mutter_02_CosMmR	266	2031	0.00825874992406124	FALSE
Mutter_02	03_Mutter_02_CosMmR	267	338	0.0117360256907552	FALSE
Mutter_02	03_Mutter_02_CosMmR	268	295	0.0102643855492861	FALSE
Mutter_02	03_Mutter_02_CosMmR	269	220	0.0129537073646859	FALSE
Mutter_02	03_Mutter_02_CosMmR	26	541	0.00594892544744675	FALSE
Mutter_02	03_Mutter_02_CosMmR	270	293	0.0148139636486751	FALSE
Mutter_02	03_Mutter_02_CosMmR	271	256	0.0107503280904547	FALSE
Mutter_02	03_Mutter_02_CosMmR	272	138	0.0152536892781586	TRUE
Mutter_02	03_Mutter_02_CosMmR	273	420	0.00862596327435227	FALSE
Mutter_02	03_Mutter_02_CosMmR	274	584	0.00871430294349618	FALSE
Mutter_02	03_Mutter_02_CosMmR	275	324	0.00914834650094408	FALSE
Mutter_02	03_Mutter_02_CosMmR	276	204	0.0107489243551967	FALSE
Mutter_02	03_Mutter_02_CosMmR	277	313	0.0117671180983665	FALSE
Mutter_02	03_Mutter_02_CosMmR	278	162	0.0102362373015919	FALSE
Mutter_02	03_Mutter_02_CosMmR	279	195	0.0131945910377222	FALSE
Mutter_02	03_Mutter_02_CosMmR	27	31	0.0288201748216884	TRUE
Mutter_02	03_Mutter_02_CosMmR	280	185	0.0166950645744743	TRUE
Mutter_02	03_Mutter_02_CosMmR	281	73	0.0170059011467533	TRUE
Mutter_02	03_Mutter_02_CosMmR	28	77	0.0190416618988442	TRUE
Mutter_02	03_Mutter_02_CosMmR	29	185	0.0128257498564314	FALSE
Mutter_02	03_Mutter_02_CosMmR	2	1	0	FALSE
Mutter_02	03_Mutter_02_CosMmR	30	653	0.00837108173606436	FALSE
Mutter_02	03_Mutter_02_CosMmR	31	3021	0.00811528780631338	FALSE
Mutter_02	03_Mutter_02_CosMmR	32	3178	0.00926058858706693	FALSE
Mutter_02	03_Mutter_02_CosMmR	33	2865	0.00852209154303904	FALSE
Mutter_02	03_Mutter_02_CosMmR	34	2837	0.00818753249822535	FALSE
Mutter_02	03_Mutter_02_CosMmR	35	2898	0.00802855832411286	FALSE
Mutter_02	03_Mutter_02_CosMmR	36	1161	0.00754217763122659	FALSE
Mutter_02	03_Mutter_02_CosMmR	37	10	0.0120192307687292	FALSE
Mutter_02	03_Mutter_02_CosMmR	38	92	0.00865808229906876	FALSE
Mutter_02	03_Mutter_02_CosMmR	39	1662	0.00903895023671754	FALSE
Mutter_02	03_Mutter_02_CosMmR	3	3	0	FALSE
Mutter_02	03_Mutter_02_CosMmR	40	3282	0.00759425485339173	FALSE
Mutter_02	03_Mutter_02_CosMmR	41	3118	0.00852197820280134	FALSE
Mutter_02	03_Mutter_02_CosMmR	42	3013	0.0080281659788572	FALSE
Mutter_02	03_Mutter_02_CosMmR	43	2798	0.0075272537966353	FALSE
Mutter_02	03_Mutter_02_CosMmR	44	2942	0.00802843535326294	FALSE
Mutter_02	03_Mutter_02_CosMmR	45	2003	0.00771541896890937	FALSE
Mutter_02	03_Mutter_02_CosMmR	46	55	0.0182069987753659	TRUE
Mutter_02	03_Mutter_02_CosMmR	47	280	0.0119351000094074	FALSE
Mutter_02	03_Mutter_02_CosMmR	48	1545	0.00849828150171744	FALSE
Mutter_02	03_Mutter_02_CosMmR	49	3354	0.0077537442687565	FALSE
Mutter_02	03_Mutter_02_CosMmR	4	34	0.0100778546703231	FALSE
Mutter_02	03_Mutter_02_CosMmR	50	3252	0.00788809700668945	FALSE
Mutter_02	03_Mutter_02_CosMmR	51	3000	0.00791948751829175	FALSE
Mutter_02	03_Mutter_02_CosMmR	52	2919	0.00725286638572437	FALSE
Mutter_02	03_Mutter_02_CosMmR	53	2900	0.00707762100331628	FALSE
Mutter_02	03_Mutter_02_CosMmR	54	1876	0.00833123029621072	FALSE
Mutter_02	03_Mutter_02_CosMmR	55	66	0.0100361939890803	FALSE
Mutter_02	03_Mutter_02_CosMmR	56	320	0.0103122025337058	FALSE
Mutter_02	03_Mutter_02_CosMmR	57	801	0.00883193685720691	FALSE
Mutter_02	03_Mutter_02_CosMmR	58	3085	0.00765193313727502	FALSE
Mutter_02	03_Mutter_02_CosMmR	59	3051	0.00762582058765778	FALSE
Mutter_02	03_Mutter_02_CosMmR	5	34	0.00471677559883689	FALSE
Mutter_02	03_Mutter_02_CosMmR	60	2764	0.0078680062463543	FALSE
Mutter_02	03_Mutter_02_CosMmR	61	2722	0.00805903100125219	FALSE
Mutter_02	03_Mutter_02_CosMmR	62	2859	0.00806434047187076	FALSE
Mutter_02	03_Mutter_02_CosMmR	63	469	0.00765234066880068	FALSE
Mutter_02	03_Mutter_02_CosMmR	64	74	0.0129185531549868	FALSE
Mutter_02	03_Mutter_02_CosMmR	65	39	0.00150829562585396	FALSE
Mutter_02	03_Mutter_02_CosMmR	66	274	0.0073205592865809	FALSE
Mutter_02	03_Mutter_02_CosMmR	67	362	0.00909434574465276	FALSE
Mutter_02	03_Mutter_02_CosMmR	68	1708	0.0086577174908655	FALSE
Mutter_02	03_Mutter_02_CosMmR	69	2988	0.00769614553461292	FALSE
Mutter_02	03_Mutter_02_CosMmR	6	34	0.0200066894725323	TRUE
Mutter_02	03_Mutter_02_CosMmR	70	2954	0.00819519744745964	FALSE
Mutter_02	03_Mutter_02_CosMmR	71	2142	0.00868425218639335	FALSE
Mutter_02	03_Mutter_02_CosMmR	72	467	0.00766454196463556	FALSE
Mutter_02	03_Mutter_02_CosMmR	73	23	0	FALSE
Mutter_02	03_Mutter_02_CosMmR	74	80	0.0135229370283637	FALSE
Mutter_02	03_Mutter_02_CosMmR	75	281	0.0111607911685483	FALSE
Mutter_02	03_Mutter_02_CosMmR	76	325	0.00932921988938798	FALSE
Mutter_02	03_Mutter_02_CosMmR	77	431	0.00578758347782935	FALSE
Mutter_02	03_Mutter_02_CosMmR	78	540	0.00855972663694556	FALSE
Mutter_02	03_Mutter_02_CosMmR	79	304	0.00692134953968235	FALSE
Mutter_02	03_Mutter_02_CosMmR	7	12	0	FALSE
Mutter_02	03_Mutter_02_CosMmR	80	54	0.0140078028952425	FALSE
Mutter_02	03_Mutter_02_CosMmR	81	23	0.025435325914778	TRUE
Mutter_02	03_Mutter_02_CosMmR	82	23	0.00483091787412775	FALSE
Mutter_02	03_Mutter_02_CosMmR	83	71	0.0135262374321824	FALSE
Mutter_02	03_Mutter_02_CosMmR	84	178	0.00771700481704846	FALSE
Mutter_02	03_Mutter_02_CosMmR	85	317	0.00934707686444044	FALSE
Mutter_02	03_Mutter_02_CosMmR	86	375	0.00681520599860113	FALSE
Mutter_02	03_Mutter_02_CosMmR	87	237	0.00940937571804605	FALSE
Mutter_02	03_Mutter_02_CosMmR	88	15	0.0210359161158248	TRUE
Mutter_02	03_Mutter_02_CosMmR	89	7	0.0881948738977879	TRUE
Mutter_02	03_Mutter_02_CosMmR	8	147	0.00940592975189753	FALSE
Mutter_02	03_Mutter_02_CosMmR	90	29	0.0364749560417982	TRUE
Mutter_02	03_Mutter_02_CosMmR	91	44	0.0128604340011886	FALSE
Mutter_02	03_Mutter_02_CosMmR	92	79	0.0121533364857742	FALSE
Mutter_02	03_Mutter_02_CosMmR	93	137	0.0130309558081039	FALSE
Mutter_02	03_Mutter_02_CosMmR	94	274	0.0136877773547694	FALSE
Mutter_02	03_Mutter_02_CosMmR	95	198	0.010375420019163	FALSE
Mutter_02	03_Mutter_02_CosMmR	96	108	0.010188278128704	FALSE
Mutter_02	03_Mutter_02_CosMmR	97	60	0.0165660933045003	TRUE
Mutter_02	03_Mutter_02_CosMmR	98	472	0.0262135927553614	TRUE
Mutter_02	03_Mutter_02_CosMmR	99	106	0.0190008885157173	TRUE
Mutter_02	03_Mutter_02_CosMmR	9	213	0.00631299734854257	FALSE
Mutter_02	04_Mutter_02_CosMmR	100	1568	0.00799534988078453	FALSE
Mutter_02	04_Mutter_02_CosMmR	101	2702	0.00796199459253473	FALSE
Mutter_02	04_Mutter_02_CosMmR	102	2476	0.00757304886883773	FALSE
Mutter_02	04_Mutter_02_CosMmR	103	3218	0.00861982459983435	FALSE
Mutter_02	04_Mutter_02_CosMmR	104	2136	0.00880588412861918	FALSE
Mutter_02	04_Mutter_02_CosMmR	105	602	0.010731773906423	FALSE
Mutter_02	04_Mutter_02_CosMmR	106	456	0.00697953942542623	FALSE
Mutter_02	04_Mutter_02_CosMmR	107	500	0.00811246681372623	FALSE
Mutter_02	04_Mutter_02_CosMmR	108	414	0.0101423053163888	FALSE
Mutter_02	04_Mutter_02_CosMmR	109	300	0.0157161172721889	TRUE
Mutter_02	04_Mutter_02_CosMmR	10	191	0.0114399677668426	FALSE
Mutter_02	04_Mutter_02_CosMmR	110	358	0.0136389071286765	FALSE
Mutter_02	04_Mutter_02_CosMmR	111	321	0.0142794019241598	FALSE
Mutter_02	04_Mutter_02_CosMmR	112	251	0.00799251517442705	FALSE
Mutter_02	04_Mutter_02_CosMmR	113	132	0.00998425473263275	FALSE
Mutter_02	04_Mutter_02_CosMmR	114	547	0.00841218593964952	FALSE
Mutter_02	04_Mutter_02_CosMmR	115	315	0.0110319167501778	FALSE
Mutter_02	04_Mutter_02_CosMmR	116	673	0.0117075357781647	FALSE
Mutter_02	04_Mutter_02_CosMmR	117	750	0.00961715526246447	FALSE
Mutter_02	04_Mutter_02_CosMmR	118	383	0.00984819885488277	FALSE
Mutter_02	04_Mutter_02_CosMmR	119	448	0.00920521307350955	FALSE
Mutter_02	04_Mutter_02_CosMmR	11	241	0.0115071073726317	FALSE
Mutter_02	04_Mutter_02_CosMmR	120	414	0.0123774016527606	FALSE
Mutter_02	04_Mutter_02_CosMmR	121	392	0.0101312329607957	FALSE
Mutter_02	04_Mutter_02_CosMmR	122	426	0.013520664522748	FALSE
Mutter_02	04_Mutter_02_CosMmR	123	371	0.0172276779713783	TRUE
Mutter_02	04_Mutter_02_CosMmR	124	274	0.0130217407527482	FALSE
Mutter_02	04_Mutter_02_CosMmR	125	222	0.013535612970822	FALSE
Mutter_02	04_Mutter_02_CosMmR	126	173	0.0126744672554606	FALSE
Mutter_02	04_Mutter_02_CosMmR	127	576	0.0118366844725033	FALSE
Mutter_02	04_Mutter_02_CosMmR	128	562	0.0115688507853055	FALSE
Mutter_02	04_Mutter_02_CosMmR	129	389	0.0102150726737994	FALSE
Mutter_02	04_Mutter_02_CosMmR	12	474	0.00758159870115482	FALSE
Mutter_02	04_Mutter_02_CosMmR	130	176	0.0115621673434936	FALSE
Mutter_02	04_Mutter_02_CosMmR	131	241	0.0126985778349047	FALSE
Mutter_02	04_Mutter_02_CosMmR	132	175	0.0155723607006722	TRUE
Mutter_02	04_Mutter_02_CosMmR	133	232	0.0122248636319019	FALSE
Mutter_02	04_Mutter_02_CosMmR	134	251	0.0109404772701714	FALSE
Mutter_02	04_Mutter_02_CosMmR	135	291	0.0117296712967625	FALSE
Mutter_02	04_Mutter_02_CosMmR	136	248	0.0116788189238822	FALSE
Mutter_02	04_Mutter_02_CosMmR	137	198	0.0138507133341236	FALSE
Mutter_02	04_Mutter_02_CosMmR	138	166	0.0160627596289864	TRUE
Mutter_02	04_Mutter_02_CosMmR	139	411	0.0174177075168654	TRUE
Mutter_02	04_Mutter_02_CosMmR	13	1737	0.00868521977724367	FALSE
Mutter_02	04_Mutter_02_CosMmR	140	353	0.016846173978109	TRUE
Mutter_02	04_Mutter_02_CosMmR	141	80	0.0271438247688596	TRUE
Mutter_02	04_Mutter_02_CosMmR	142	260	0.0166586585010112	TRUE
Mutter_02	04_Mutter_02_CosMmR	143	273	0.014962960868677	FALSE
Mutter_02	04_Mutter_02_CosMmR	144	771	0.0176490629701545	TRUE
Mutter_02	04_Mutter_02_CosMmR	145	933	0.0076548737824244	FALSE
Mutter_02	04_Mutter_02_CosMmR	146	360	0.01204187476275	FALSE
Mutter_02	04_Mutter_02_CosMmR	147	246	0.0115550062613533	FALSE
Mutter_02	04_Mutter_02_CosMmR	148	170	0.0209203733772775	TRUE
Mutter_02	04_Mutter_02_CosMmR	149	110	0.0177731188418803	TRUE
Mutter_02	04_Mutter_02_CosMmR	14	265	0.00984664144443153	FALSE
Mutter_02	04_Mutter_02_CosMmR	150	177	0.0278945623387327	TRUE
Mutter_02	04_Mutter_02_CosMmR	151	790	0.0205670700609469	TRUE
Mutter_02	04_Mutter_02_CosMmR	152	858	0.0200561582072651	TRUE
Mutter_02	04_Mutter_02_CosMmR	153	842	0.019744253378346	TRUE
Mutter_02	04_Mutter_02_CosMmR	154	367	0.0148016907254735	FALSE
Mutter_02	04_Mutter_02_CosMmR	155	415	0.0160973011781948	TRUE
Mutter_02	04_Mutter_02_CosMmR	156	2012	0.00717664676012844	FALSE
Mutter_02	04_Mutter_02_CosMmR	157	1932	0.0058579048311989	FALSE
Mutter_02	04_Mutter_02_CosMmR	158	405	0.00907054100821268	FALSE
Mutter_02	04_Mutter_02_CosMmR	159	357	0.00920943054455464	FALSE
Mutter_02	04_Mutter_02_CosMmR	15	266	0.00701737090901505	FALSE
Mutter_02	04_Mutter_02_CosMmR	160	265	0.0124802919196824	FALSE
Mutter_02	04_Mutter_02_CosMmR	161	123	0.0088453297849301	FALSE
Mutter_02	04_Mutter_02_CosMmR	162	349	0.0170942645418682	TRUE
Mutter_02	04_Mutter_02_CosMmR	163	238	0.00895701103061514	FALSE
Mutter_02	04_Mutter_02_CosMmR	164	446	0.0152277209513919	TRUE
Mutter_02	04_Mutter_02_CosMmR	165	412	0.0160531828348045	TRUE
Mutter_02	04_Mutter_02_CosMmR	166	437	0.0109050185309311	FALSE
Mutter_02	04_Mutter_02_CosMmR	167	75	0.0198652818185735	TRUE
Mutter_02	04_Mutter_02_CosMmR	168	368	0.0186521452263735	TRUE
Mutter_02	04_Mutter_02_CosMmR	169	2083	0.00712863454930136	FALSE
Mutter_02	04_Mutter_02_CosMmR	16	312	0.0116712780563302	FALSE
Mutter_02	04_Mutter_02_CosMmR	170	2294	0.00683355764874734	FALSE
Mutter_02	04_Mutter_02_CosMmR	171	1704	0.0079902166816825	FALSE
Mutter_02	04_Mutter_02_CosMmR	172	570	0.00806389078635995	FALSE
Mutter_02	04_Mutter_02_CosMmR	173	390	0.0102057088071534	FALSE
Mutter_02	04_Mutter_02_CosMmR	174	1128	0.00511092526169013	FALSE
Mutter_02	04_Mutter_02_CosMmR	175	1536	0.00685479011225504	FALSE
Mutter_02	04_Mutter_02_CosMmR	176	2353	0.00770658376224454	FALSE
Mutter_02	04_Mutter_02_CosMmR	177	2100	0.00754072547588163	FALSE
Mutter_02	04_Mutter_02_CosMmR	178	1393	0.0063771811969713	FALSE
Mutter_02	04_Mutter_02_CosMmR	179	494	0.00530235772787467	FALSE
Mutter_02	04_Mutter_02_CosMmR	17	227	0.0159622709350799	TRUE
Mutter_02	04_Mutter_02_CosMmR	180	223	0.00877075220315194	FALSE
Mutter_02	04_Mutter_02_CosMmR	181	93	0.0117007584199636	FALSE
Mutter_02	04_Mutter_02_CosMmR	182	25	0.0220100250610798	TRUE
Mutter_02	04_Mutter_02_CosMmR	183	1393	0.012325073944877	FALSE
Mutter_02	04_Mutter_02_CosMmR	184	2436	0.00656132805202398	FALSE
Mutter_02	04_Mutter_02_CosMmR	185	2998	0.0068724547074587	FALSE
Mutter_02	04_Mutter_02_CosMmR	186	2625	0.00695003490991941	FALSE
Mutter_02	04_Mutter_02_CosMmR	187	2702	0.00748304144586157	FALSE
Mutter_02	04_Mutter_02_CosMmR	188	3068	0.00718055261247508	FALSE
Mutter_02	04_Mutter_02_CosMmR	189	3253	0.00602043463959861	FALSE
Mutter_02	04_Mutter_02_CosMmR	18	345	0.0191133711602699	TRUE
Mutter_02	04_Mutter_02_CosMmR	190	1908	0.00645251778914609	FALSE
Mutter_02	04_Mutter_02_CosMmR	191	1691	0.00723299245022756	FALSE
Mutter_02	04_Mutter_02_CosMmR	192	3247	0.00653273854341051	FALSE
Mutter_02	04_Mutter_02_CosMmR	193	2692	0.00781808955554014	FALSE
Mutter_02	04_Mutter_02_CosMmR	194	529	0.00868620404033969	FALSE
Mutter_02	04_Mutter_02_CosMmR	195	253	0.00931177803546993	FALSE
Mutter_02	04_Mutter_02_CosMmR	196	64	0.0182588855621061	TRUE
Mutter_02	04_Mutter_02_CosMmR	197	149	0.0116103623829893	FALSE
Mutter_02	04_Mutter_02_CosMmR	198	138	0.0172978625578164	TRUE
Mutter_02	04_Mutter_02_CosMmR	199	2509	0.00715370501505347	FALSE
Mutter_02	04_Mutter_02_CosMmR	19	197	0.0188207713970957	TRUE
Mutter_02	04_Mutter_02_CosMmR	1	263	0.0145184373437773	FALSE
Mutter_02	04_Mutter_02_CosMmR	200	3481	0.00861175213953458	FALSE
Mutter_02	04_Mutter_02_CosMmR	201	3297	0.00745387916443526	FALSE
Mutter_02	04_Mutter_02_CosMmR	202	3199	0.00814737739057966	FALSE
Mutter_02	04_Mutter_02_CosMmR	203	3078	0.00709324686651063	FALSE
Mutter_02	04_Mutter_02_CosMmR	204	3220	0.00674989186872712	FALSE
Mutter_02	04_Mutter_02_CosMmR	205	3360	0.00636340697046353	FALSE
Mutter_02	04_Mutter_02_CosMmR	206	2752	0.0066609070041755	FALSE
Mutter_02	04_Mutter_02_CosMmR	207	2093	0.00673731553927307	FALSE
Mutter_02	04_Mutter_02_CosMmR	208	3519	0.00723092330353935	FALSE
Mutter_02	04_Mutter_02_CosMmR	209	3396	0.00734434305828434	FALSE
Mutter_02	04_Mutter_02_CosMmR	20	318	0.0118096772567285	FALSE
Mutter_02	04_Mutter_02_CosMmR	210	1166	0.00642698604478377	FALSE
Mutter_02	04_Mutter_02_CosMmR	211	157	0.0158659046774599	TRUE
Mutter_02	04_Mutter_02_CosMmR	212	57	0.021235894502829	TRUE
Mutter_02	04_Mutter_02_CosMmR	213	1165	0.00764713400322889	FALSE
Mutter_02	04_Mutter_02_CosMmR	214	2453	0.00750990413129211	FALSE
Mutter_02	04_Mutter_02_CosMmR	215	3281	0.00775976791286176	FALSE
Mutter_02	04_Mutter_02_CosMmR	216	3647	0.00731870008207338	FALSE
Mutter_02	04_Mutter_02_CosMmR	217	3390	0.00825638518195366	FALSE
Mutter_02	04_Mutter_02_CosMmR	218	3104	0.00769583426799827	FALSE
Mutter_02	04_Mutter_02_CosMmR	219	3065	0.00779727147094679	FALSE
Mutter_02	04_Mutter_02_CosMmR	21	223	0.00753112690256943	FALSE
Mutter_02	04_Mutter_02_CosMmR	220	3275	0.00713470237156045	FALSE
Mutter_02	04_Mutter_02_CosMmR	221	3150	0.0067583197521635	FALSE
Mutter_02	04_Mutter_02_CosMmR	222	3056	0.00680636548189063	FALSE
Mutter_02	04_Mutter_02_CosMmR	223	3258	0.00661536090935873	FALSE
Mutter_02	04_Mutter_02_CosMmR	224	3282	0.00781965350606778	FALSE
Mutter_02	04_Mutter_02_CosMmR	225	3681	0.00801068324190153	FALSE
Mutter_02	04_Mutter_02_CosMmR	226	1507	0.00741479909584364	FALSE
Mutter_02	04_Mutter_02_CosMmR	227	17	0.0134963076134352	FALSE
Mutter_02	04_Mutter_02_CosMmR	228	1576	0.00860044472254621	FALSE
Mutter_02	04_Mutter_02_CosMmR	229	2975	0.00692070551908541	FALSE
Mutter_02	04_Mutter_02_CosMmR	22	93	0.0145512738538959	FALSE
Mutter_02	04_Mutter_02_CosMmR	230	2747	0.00722526415797349	FALSE
Mutter_02	04_Mutter_02_CosMmR	231	3335	0.00910453667519108	FALSE
Mutter_02	04_Mutter_02_CosMmR	232	3613	0.00742355578768567	FALSE
Mutter_02	04_Mutter_02_CosMmR	233	3409	0.00764888707616312	FALSE
Mutter_02	04_Mutter_02_CosMmR	234	3328	0.00777177371676226	FALSE
Mutter_02	04_Mutter_02_CosMmR	235	3352	0.00788765074454162	FALSE
Mutter_02	04_Mutter_02_CosMmR	236	3188	0.0075941077390017	FALSE
Mutter_02	04_Mutter_02_CosMmR	237	3338	0.00733865292785295	FALSE
Mutter_02	04_Mutter_02_CosMmR	238	3332	0.00756593075298365	FALSE
Mutter_02	04_Mutter_02_CosMmR	239	3293	0.00808214612681641	FALSE
Mutter_02	04_Mutter_02_CosMmR	23	50	0.01894943682682	TRUE
Mutter_02	04_Mutter_02_CosMmR	240	3763	0.00826866988733828	FALSE
Mutter_02	04_Mutter_02_CosMmR	241	587	0.00844338581180306	FALSE
Mutter_02	04_Mutter_02_CosMmR	242	378	0.00812015708230759	FALSE
Mutter_02	04_Mutter_02_CosMmR	243	3071	0.00773805722041792	FALSE
Mutter_02	04_Mutter_02_CosMmR	244	2702	0.00770246673574673	FALSE
Mutter_02	04_Mutter_02_CosMmR	245	2244	0.00961735330876397	FALSE
Mutter_02	04_Mutter_02_CosMmR	246	2851	0.0102587259148613	FALSE
Mutter_02	04_Mutter_02_CosMmR	247	3669	0.00713670380738546	FALSE
Mutter_02	04_Mutter_02_CosMmR	248	3638	0.00747189928232928	FALSE
Mutter_02	04_Mutter_02_CosMmR	249	3545	0.00738879754491838	FALSE
Mutter_02	04_Mutter_02_CosMmR	24	566	0.0086717404327875	FALSE
Mutter_02	04_Mutter_02_CosMmR	250	3423	0.00731053316749687	FALSE
Mutter_02	04_Mutter_02_CosMmR	251	3491	0.00770202421300333	FALSE
Mutter_02	04_Mutter_02_CosMmR	252	3712	0.00719372945339996	FALSE
Mutter_02	04_Mutter_02_CosMmR	253	3353	0.00883226102615618	FALSE
Mutter_02	04_Mutter_02_CosMmR	254	2086	0.00826919420337271	FALSE
Mutter_02	04_Mutter_02_CosMmR	255	751	0.0100447562399237	FALSE
Mutter_02	04_Mutter_02_CosMmR	256	1299	0.00877605014172109	FALSE
Mutter_02	04_Mutter_02_CosMmR	257	2038	0.00844787714126322	FALSE
Mutter_02	04_Mutter_02_CosMmR	258	1740	0.0103850097402814	FALSE
Mutter_02	04_Mutter_02_CosMmR	259	1179	0.0129928662635232	FALSE
Mutter_02	04_Mutter_02_CosMmR	25	2370	0.00865801585949495	FALSE
Mutter_02	04_Mutter_02_CosMmR	260	1349	0.0102640015565713	FALSE
Mutter_02	04_Mutter_02_CosMmR	261	1919	0.0102071022453888	FALSE
Mutter_02	04_Mutter_02_CosMmR	262	2482	0.0102920291007064	FALSE
Mutter_02	04_Mutter_02_CosMmR	263	2161	0.00779215708979858	FALSE
Mutter_02	04_Mutter_02_CosMmR	264	2833	0.00728622192420465	FALSE
Mutter_02	04_Mutter_02_CosMmR	265	1737	0.00835881656915449	FALSE
Mutter_02	04_Mutter_02_CosMmR	266	123	0.0089399261968296	FALSE
Mutter_02	04_Mutter_02_CosMmR	267	310	0.0112529471165386	FALSE
Mutter_02	04_Mutter_02_CosMmR	268	629	0.012270321393993	FALSE
Mutter_02	04_Mutter_02_CosMmR	269	541	0.0112855954934943	FALSE
Mutter_02	04_Mutter_02_CosMmR	26	3184	0.00836746782482257	FALSE
Mutter_02	04_Mutter_02_CosMmR	270	554	0.0108129936485557	FALSE
Mutter_02	04_Mutter_02_CosMmR	271	472	0.0137985427778302	FALSE
Mutter_02	04_Mutter_02_CosMmR	272	313	0.0212186847167613	TRUE
Mutter_02	04_Mutter_02_CosMmR	273	313	0.0131278030273066	FALSE
Mutter_02	04_Mutter_02_CosMmR	274	104	0.0104738131701798	FALSE
Mutter_02	04_Mutter_02_CosMmR	275	348	0.0182578805326088	TRUE
Mutter_02	04_Mutter_02_CosMmR	276	640	0.00971844922751847	FALSE
Mutter_02	04_Mutter_02_CosMmR	277	292	0.0109162218460963	FALSE
Mutter_02	04_Mutter_02_CosMmR	278	115	0.01036234569346	FALSE
Mutter_02	04_Mutter_02_CosMmR	279	568	0.0114603621499473	FALSE
Mutter_02	04_Mutter_02_CosMmR	27	3655	0.00838254239422415	FALSE
Mutter_02	04_Mutter_02_CosMmR	280	708	0.0109897519680482	FALSE
Mutter_02	04_Mutter_02_CosMmR	281	589	0.0112297225821936	FALSE
Mutter_02	04_Mutter_02_CosMmR	282	664	0.0114241297956009	FALSE
Mutter_02	04_Mutter_02_CosMmR	283	799	0.0129716107746308	FALSE
Mutter_02	04_Mutter_02_CosMmR	284	823	0.0119915355268389	FALSE
Mutter_02	04_Mutter_02_CosMmR	285	552	0.0165246724885659	TRUE
Mutter_02	04_Mutter_02_CosMmR	286	208	0.015367392106137	TRUE
Mutter_02	04_Mutter_02_CosMmR	287	219	0.0101735906119138	FALSE
Mutter_02	04_Mutter_02_CosMmR	288	336	0.0118775374612375	FALSE
Mutter_02	04_Mutter_02_CosMmR	289	719	0.0100106139186906	FALSE
Mutter_02	04_Mutter_02_CosMmR	28	1983	0.00945617442735098	FALSE
Mutter_02	04_Mutter_02_CosMmR	290	1886	0.00806772227949518	FALSE
Mutter_02	04_Mutter_02_CosMmR	291	747	0.00911288040234028	FALSE
Mutter_02	04_Mutter_02_CosMmR	292	524	0.0101599161061387	FALSE
Mutter_02	04_Mutter_02_CosMmR	293	378	0.0079799103576867	FALSE
Mutter_02	04_Mutter_02_CosMmR	294	869	0.0107652599415483	FALSE
Mutter_02	04_Mutter_02_CosMmR	295	797	0.0123970508314385	FALSE
Mutter_02	04_Mutter_02_CosMmR	296	598	0.0132695443417825	FALSE
Mutter_02	04_Mutter_02_CosMmR	297	412	0.0127078906838689	FALSE
Mutter_02	04_Mutter_02_CosMmR	298	351	0.0111497793519642	FALSE
Mutter_02	04_Mutter_02_CosMmR	299	423	0.0162891215383714	TRUE
Mutter_02	04_Mutter_02_CosMmR	29	601	0.0093220870920957	FALSE
Mutter_02	04_Mutter_02_CosMmR	2	167	0.0171405967818391	TRUE
Mutter_02	04_Mutter_02_CosMmR	300	407	0.011937825450555	FALSE
Mutter_02	04_Mutter_02_CosMmR	301	206	0.0137459287876778	FALSE
Mutter_02	04_Mutter_02_CosMmR	302	72	0.0145243304164655	FALSE
Mutter_02	04_Mutter_02_CosMmR	303	92	0.00899834861303185	FALSE
Mutter_02	04_Mutter_02_CosMmR	304	1285	0.00867870363929371	FALSE
Mutter_02	04_Mutter_02_CosMmR	305	1661	0.00825099605121313	FALSE
Mutter_02	04_Mutter_02_CosMmR	306	3401	0.00911176171450357	FALSE
Mutter_02	04_Mutter_02_CosMmR	307	3279	0.00894966512058661	FALSE
Mutter_02	04_Mutter_02_CosMmR	308	3256	0.00961138776400568	FALSE
Mutter_02	04_Mutter_02_CosMmR	309	2831	0.00884585604660163	FALSE
Mutter_02	04_Mutter_02_CosMmR	30	302	0.0141907941361665	FALSE
Mutter_02	04_Mutter_02_CosMmR	310	1875	0.00934503793883197	FALSE
Mutter_02	04_Mutter_02_CosMmR	311	834	0.010103040736327	FALSE
Mutter_02	04_Mutter_02_CosMmR	312	668	0.0102768728491283	FALSE
Mutter_02	04_Mutter_02_CosMmR	313	640	0.0120400177856377	FALSE
Mutter_02	04_Mutter_02_CosMmR	314	579	0.013853635801193	FALSE
Mutter_02	04_Mutter_02_CosMmR	315	408	0.0136024635606786	FALSE
Mutter_02	04_Mutter_02_CosMmR	316	483	0.0127848395927182	FALSE
Mutter_02	04_Mutter_02_CosMmR	317	121	0.00916652175579826	FALSE
Mutter_02	04_Mutter_02_CosMmR	318	197	0.0114624507963674	FALSE
Mutter_02	04_Mutter_02_CosMmR	319	490	0.00879554460169721	FALSE
Mutter_02	04_Mutter_02_CosMmR	31	211	0.00883536178198605	FALSE
Mutter_02	04_Mutter_02_CosMmR	320	432	0.0113607206810471	FALSE
Mutter_02	04_Mutter_02_CosMmR	321	1776	0.0113387851705145	FALSE
Mutter_02	04_Mutter_02_CosMmR	322	579	0.00908090478925205	FALSE
Mutter_02	04_Mutter_02_CosMmR	323	3462	0.00842583458887628	FALSE
Mutter_02	04_Mutter_02_CosMmR	324	3591	0.00902997734961298	FALSE
Mutter_02	04_Mutter_02_CosMmR	325	3224	0.00885316924582037	FALSE
Mutter_02	04_Mutter_02_CosMmR	326	3135	0.0093144155831576	FALSE
Mutter_02	04_Mutter_02_CosMmR	327	3329	0.00860980037331907	FALSE
Mutter_02	04_Mutter_02_CosMmR	328	3207	0.00909854814658864	FALSE
Mutter_02	04_Mutter_02_CosMmR	329	3371	0.00896874689110183	FALSE
Mutter_02	04_Mutter_02_CosMmR	32	214	0.0104125158607494	FALSE
Mutter_02	04_Mutter_02_CosMmR	330	2960	0.00948768805068864	FALSE
Mutter_02	04_Mutter_02_CosMmR	331	1460	0.0106724194741581	FALSE
Mutter_02	04_Mutter_02_CosMmR	332	671	0.0130848801896866	FALSE
Mutter_02	04_Mutter_02_CosMmR	333	625	0.0170564620217188	TRUE
Mutter_02	04_Mutter_02_CosMmR	334	543	0.0147706755477128	FALSE
Mutter_02	04_Mutter_02_CosMmR	335	560	0.013293776432814	FALSE
Mutter_02	04_Mutter_02_CosMmR	336	482	0.0114759093332863	FALSE
Mutter_02	04_Mutter_02_CosMmR	337	803	0.0105642838194462	FALSE
Mutter_02	04_Mutter_02_CosMmR	338	2045	0.00786361584944513	FALSE
Mutter_02	04_Mutter_02_CosMmR	339	1683	0.00982864280797467	FALSE
Mutter_02	04_Mutter_02_CosMmR	33	315	0.0141817389255976	FALSE
Mutter_02	04_Mutter_02_CosMmR	340	1637	0.0116432957536863	FALSE
Mutter_02	04_Mutter_02_CosMmR	341	637	0.0116768610567975	FALSE
Mutter_02	04_Mutter_02_CosMmR	342	1876	0.00831448177955284	FALSE
Mutter_02	04_Mutter_02_CosMmR	343	3566	0.00861907720172104	FALSE
Mutter_02	04_Mutter_02_CosMmR	344	3652	0.00850585000309386	FALSE
Mutter_02	04_Mutter_02_CosMmR	345	3206	0.00885976004130007	FALSE
Mutter_02	04_Mutter_02_CosMmR	346	3125	0.00896103340582211	FALSE
Mutter_02	04_Mutter_02_CosMmR	347	3193	0.0089878492493645	FALSE
Mutter_02	04_Mutter_02_CosMmR	348	3298	0.00987351310786313	FALSE
Mutter_02	04_Mutter_02_CosMmR	349	3269	0.00926777024203531	FALSE
Mutter_02	04_Mutter_02_CosMmR	34	276	0.015584760796005	TRUE
Mutter_02	04_Mutter_02_CosMmR	350	2955	0.00824552766910611	FALSE
Mutter_02	04_Mutter_02_CosMmR	351	2747	0.00840657912368189	FALSE
Mutter_02	04_Mutter_02_CosMmR	352	1197	0.0114650709446857	FALSE
Mutter_02	04_Mutter_02_CosMmR	353	648	0.0171211908293846	TRUE
Mutter_02	04_Mutter_02_CosMmR	354	838	0.0112628068785878	FALSE
Mutter_02	04_Mutter_02_CosMmR	355	931	0.0130864126179787	FALSE
Mutter_02	04_Mutter_02_CosMmR	356	1914	0.0106762746942228	FALSE
Mutter_02	04_Mutter_02_CosMmR	357	2567	0.0105043134315288	FALSE
Mutter_02	04_Mutter_02_CosMmR	358	2429	0.00818264440735753	FALSE
Mutter_02	04_Mutter_02_CosMmR	359	2145	0.00875057558866684	FALSE
Mutter_02	04_Mutter_02_CosMmR	35	239	0.00840334438617318	FALSE
Mutter_02	04_Mutter_02_CosMmR	360	1834	0.0114893801207248	FALSE
Mutter_02	04_Mutter_02_CosMmR	361	629	0.0113923003530671	FALSE
Mutter_02	04_Mutter_02_CosMmR	362	171	0.00745764062979686	FALSE
Mutter_02	04_Mutter_02_CosMmR	363	2227	0.00903185419428258	FALSE
Mutter_02	04_Mutter_02_CosMmR	364	3448	0.00919948343266326	FALSE
Mutter_02	04_Mutter_02_CosMmR	365	3430	0.00876242752708311	FALSE
Mutter_02	04_Mutter_02_CosMmR	366	3078	0.00824053571613079	FALSE
Mutter_02	04_Mutter_02_CosMmR	367	2863	0.00854866884565247	FALSE
Mutter_02	04_Mutter_02_CosMmR	368	3122	0.00919326131605458	FALSE
Mutter_02	04_Mutter_02_CosMmR	369	3030	0.0100701089896043	FALSE
Mutter_02	04_Mutter_02_CosMmR	36	148	0.00675309339010597	FALSE
Mutter_02	04_Mutter_02_CosMmR	370	3191	0.0098679698751629	FALSE
Mutter_02	04_Mutter_02_CosMmR	371	3128	0.00953857055683363	FALSE
Mutter_02	04_Mutter_02_CosMmR	372	2856	0.00760373455019714	FALSE
Mutter_02	04_Mutter_02_CosMmR	373	1602	0.00841065712155933	FALSE
Mutter_02	04_Mutter_02_CosMmR	374	789	0.0116549695311086	FALSE
Mutter_02	04_Mutter_02_CosMmR	375	2040	0.00945631277787183	FALSE
Mutter_02	04_Mutter_02_CosMmR	376	3005	0.00985002095662587	FALSE
Mutter_02	04_Mutter_02_CosMmR	377	3400	0.0101896856705694	FALSE
Mutter_02	04_Mutter_02_CosMmR	378	3293	0.00985622260541441	FALSE
Mutter_02	04_Mutter_02_CosMmR	379	2379	0.00748699253092218	FALSE
Mutter_02	04_Mutter_02_CosMmR	37	129	0.00711682272592316	FALSE
Mutter_02	04_Mutter_02_CosMmR	380	2921	0.00814950734041917	FALSE
Mutter_02	04_Mutter_02_CosMmR	381	1102	0.00961852327198594	FALSE
Mutter_02	04_Mutter_02_CosMmR	382	2088	0.00978632575035144	FALSE
Mutter_02	04_Mutter_02_CosMmR	383	3460	0.00848825406860982	FALSE
Mutter_02	04_Mutter_02_CosMmR	384	3389	0.00933202193385365	FALSE
Mutter_02	04_Mutter_02_CosMmR	385	3089	0.00928430328404798	FALSE
Mutter_02	04_Mutter_02_CosMmR	386	2773	0.0103943349054535	FALSE
Mutter_02	04_Mutter_02_CosMmR	387	2970	0.00944136157181114	FALSE
Mutter_02	04_Mutter_02_CosMmR	388	2986	0.0103801912540429	FALSE
Mutter_02	04_Mutter_02_CosMmR	389	3151	0.00926499217898804	FALSE
Mutter_02	04_Mutter_02_CosMmR	38	137	0.0110392924812145	FALSE
Mutter_02	04_Mutter_02_CosMmR	390	2986	0.00881792423879361	FALSE
Mutter_02	04_Mutter_02_CosMmR	391	2895	0.00961722765281136	FALSE
Mutter_02	04_Mutter_02_CosMmR	392	1564	0.0119311489209686	FALSE
Mutter_02	04_Mutter_02_CosMmR	393	1649	0.00907305697227561	FALSE
Mutter_02	04_Mutter_02_CosMmR	394	3415	0.00882531683778592	FALSE
Mutter_02	04_Mutter_02_CosMmR	395	3236	0.010256535968419	FALSE
Mutter_02	04_Mutter_02_CosMmR	396	3334	0.0106425582342405	FALSE
Mutter_02	04_Mutter_02_CosMmR	397	3429	0.00937747668286118	FALSE
Mutter_02	04_Mutter_02_CosMmR	398	1753	0.00676955525535835	FALSE
Mutter_02	04_Mutter_02_CosMmR	399	2553	0.0077134255225072	FALSE
Mutter_02	04_Mutter_02_CosMmR	39	1203	0.0095983202879537	FALSE
Mutter_02	04_Mutter_02_CosMmR	3	114	0.007794503322036	FALSE
Mutter_02	04_Mutter_02_CosMmR	400	411	0.00784785644941733	FALSE
Mutter_02	04_Mutter_02_CosMmR	401	835	0.010110864746516	FALSE
Mutter_02	04_Mutter_02_CosMmR	402	2955	0.00881337687015612	FALSE
Mutter_02	04_Mutter_02_CosMmR	403	3260	0.00963246675188108	FALSE
Mutter_02	04_Mutter_02_CosMmR	404	2143	0.010353957275915	FALSE
Mutter_02	04_Mutter_02_CosMmR	405	1738	0.0124695311642377	FALSE
Mutter_02	04_Mutter_02_CosMmR	406	2986	0.00939860087057806	FALSE
Mutter_02	04_Mutter_02_CosMmR	407	2872	0.0108390942329984	FALSE
Mutter_02	04_Mutter_02_CosMmR	408	2837	0.00877684337532147	FALSE
Mutter_02	04_Mutter_02_CosMmR	409	2711	0.00811822100088557	FALSE
Mutter_02	04_Mutter_02_CosMmR	40	3621	0.00791637499483891	FALSE
Mutter_02	04_Mutter_02_CosMmR	410	2921	0.00867249220563793	FALSE
Mutter_02	04_Mutter_02_CosMmR	411	1920	0.00986440456250528	FALSE
Mutter_02	04_Mutter_02_CosMmR	412	3310	0.00958924969574529	FALSE
Mutter_02	04_Mutter_02_CosMmR	413	3217	0.00946383595321468	FALSE
Mutter_02	04_Mutter_02_CosMmR	414	3139	0.010621228937242	FALSE
Mutter_02	04_Mutter_02_CosMmR	415	3357	0.00986375547648882	FALSE
Mutter_02	04_Mutter_02_CosMmR	416	3296	0.00771666326705986	FALSE
Mutter_02	04_Mutter_02_CosMmR	417	951	0.00597967156850607	FALSE
Mutter_02	04_Mutter_02_CosMmR	418	1359	0.00654814377497275	FALSE
Mutter_02	04_Mutter_02_CosMmR	419	187	0.0136202785833455	FALSE
Mutter_02	04_Mutter_02_CosMmR	41	3682	0.00755278879506186	FALSE
Mutter_02	04_Mutter_02_CosMmR	420	1799	0.00990612709974833	FALSE
Mutter_02	04_Mutter_02_CosMmR	421	2890	0.00958106153483067	FALSE
Mutter_02	04_Mutter_02_CosMmR	422	2442	0.00977002666073939	FALSE
Mutter_02	04_Mutter_02_CosMmR	423	1743	0.0115886763578326	FALSE
Mutter_02	04_Mutter_02_CosMmR	424	3113	0.0104799091473944	FALSE
Mutter_02	04_Mutter_02_CosMmR	425	2989	0.00987230414353001	FALSE
Mutter_02	04_Mutter_02_CosMmR	426	3054	0.00915800860096433	FALSE
Mutter_02	04_Mutter_02_CosMmR	427	2891	0.00832811959533107	FALSE
Mutter_02	04_Mutter_02_CosMmR	428	2753	0.00830000875820851	FALSE
Mutter_02	04_Mutter_02_CosMmR	429	2773	0.0097087448714367	FALSE
Mutter_02	04_Mutter_02_CosMmR	42	3463	0.00829531259532908	FALSE
Mutter_02	04_Mutter_02_CosMmR	430	3323	0.00789214713953932	FALSE
Mutter_02	04_Mutter_02_CosMmR	431	3143	0.00861934631606805	FALSE
Mutter_02	04_Mutter_02_CosMmR	432	3252	0.00931113643571434	FALSE
Mutter_02	04_Mutter_02_CosMmR	433	3203	0.00914195401153101	FALSE
Mutter_02	04_Mutter_02_CosMmR	434	3181	0.00696035809793062	FALSE
Mutter_02	04_Mutter_02_CosMmR	435	517	0.00761964614582366	FALSE
Mutter_02	04_Mutter_02_CosMmR	436	663	0.0116000399959423	FALSE
Mutter_02	04_Mutter_02_CosMmR	437	2949	0.0100520553049053	FALSE
Mutter_02	04_Mutter_02_CosMmR	438	2893	0.00921571933167456	FALSE
Mutter_02	04_Mutter_02_CosMmR	439	3231	0.0101339855158659	FALSE
Mutter_02	04_Mutter_02_CosMmR	43	3522	0.00836603900950843	FALSE
Mutter_02	04_Mutter_02_CosMmR	440	3010	0.0111085914390284	FALSE
Mutter_02	04_Mutter_02_CosMmR	441	3104	0.009531138878344	FALSE
Mutter_02	04_Mutter_02_CosMmR	442	3307	0.00993600788515845	FALSE
Mutter_02	04_Mutter_02_CosMmR	443	3230	0.0098610564054537	FALSE
Mutter_02	04_Mutter_02_CosMmR	444	3073	0.00919381079583975	FALSE
Mutter_02	04_Mutter_02_CosMmR	445	3013	0.00859000999400303	FALSE
Mutter_02	04_Mutter_02_CosMmR	446	3241	0.00911320299821018	FALSE
Mutter_02	04_Mutter_02_CosMmR	447	3260	0.00944552394194828	FALSE
Mutter_02	04_Mutter_02_CosMmR	448	3246	0.0104027201801589	FALSE
Mutter_02	04_Mutter_02_CosMmR	449	3061	0.00846990233980087	FALSE
Mutter_02	04_Mutter_02_CosMmR	44	2464	0.00906412159366708	FALSE
Mutter_02	04_Mutter_02_CosMmR	450	886	0.00765476641382821	FALSE
Mutter_02	04_Mutter_02_CosMmR	451	1299	0.0113781290721966	FALSE
Mutter_02	04_Mutter_02_CosMmR	452	2647	0.0103827441542327	FALSE
Mutter_02	04_Mutter_02_CosMmR	453	2393	0.0106352594762392	FALSE
Mutter_02	04_Mutter_02_CosMmR	454	3267	0.0109011757638088	FALSE
Mutter_02	04_Mutter_02_CosMmR	455	3308	0.0104369880254118	FALSE
Mutter_02	04_Mutter_02_CosMmR	456	3423	0.00986491492263164	FALSE
Mutter_02	04_Mutter_02_CosMmR	457	3587	0.00924060280519404	FALSE
Mutter_02	04_Mutter_02_CosMmR	458	3411	0.00909514956858611	FALSE
Mutter_02	04_Mutter_02_CosMmR	459	2998	0.0088844823439005	FALSE
Mutter_02	04_Mutter_02_CosMmR	45	422	0.00854641294141103	FALSE
Mutter_02	04_Mutter_02_CosMmR	460	3087	0.00932871479856071	FALSE
Mutter_02	04_Mutter_02_CosMmR	461	3261	0.00826454393517502	FALSE
Mutter_02	04_Mutter_02_CosMmR	462	2974	0.00780002633670108	FALSE
Mutter_02	04_Mutter_02_CosMmR	463	364	0.00795996795139843	FALSE
Mutter_02	04_Mutter_02_CosMmR	464	682	0.0145780425680437	FALSE
Mutter_02	04_Mutter_02_CosMmR	465	1877	0.0129385403482791	FALSE
Mutter_02	04_Mutter_02_CosMmR	466	3176	0.0108040639968533	FALSE
Mutter_02	04_Mutter_02_CosMmR	467	3556	0.00961412802233932	FALSE
Mutter_02	04_Mutter_02_CosMmR	468	3191	0.00958250547089222	FALSE
Mutter_02	04_Mutter_02_CosMmR	469	3163	0.00855783452195077	FALSE
Mutter_02	04_Mutter_02_CosMmR	46	356	0.0104617197614061	FALSE
Mutter_02	04_Mutter_02_CosMmR	470	3311	0.00887601923742487	FALSE
Mutter_02	04_Mutter_02_CosMmR	471	1855	0.0109271964714565	FALSE
Mutter_02	04_Mutter_02_CosMmR	472	1287	0.00985548795370747	FALSE
Mutter_02	04_Mutter_02_CosMmR	473	349	0.0136935939991814	FALSE
Mutter_02	04_Mutter_02_CosMmR	474	1560	0.0131835106777542	FALSE
Mutter_02	04_Mutter_02_CosMmR	475	1710	0.0109352158316002	FALSE
Mutter_02	04_Mutter_02_CosMmR	476	1556	0.00929795231065388	FALSE
Mutter_02	04_Mutter_02_CosMmR	477	659	0.0120514013745747	FALSE
Mutter_02	04_Mutter_02_CosMmR	47	289	0.0116671221844436	FALSE
Mutter_02	04_Mutter_02_CosMmR	48	326	0.0150399462334203	FALSE
Mutter_02	04_Mutter_02_CosMmR	49	309	0.0150541334368679	FALSE
Mutter_02	04_Mutter_02_CosMmR	4	147	0.0149974918644701	FALSE
Mutter_02	04_Mutter_02_CosMmR	50	279	0.0175380797129091	TRUE
Mutter_02	04_Mutter_02_CosMmR	51	187	0.0120472982685786	FALSE
Mutter_02	04_Mutter_02_CosMmR	52	126	0.0107569835139606	FALSE
Mutter_02	04_Mutter_02_CosMmR	53	93	0.0122123233443626	FALSE
Mutter_02	04_Mutter_02_CosMmR	54	529	0.00596917590533745	FALSE
Mutter_02	04_Mutter_02_CosMmR	55	2025	0.0103696635627658	FALSE
Mutter_02	04_Mutter_02_CosMmR	56	3367	0.0076945268038993	FALSE
Mutter_02	04_Mutter_02_CosMmR	57	3586	0.00765544131588872	FALSE
Mutter_02	04_Mutter_02_CosMmR	58	3369	0.00761860634923486	FALSE
Mutter_02	04_Mutter_02_CosMmR	59	3490	0.00779983209787774	FALSE
Mutter_02	04_Mutter_02_CosMmR	5	70	0.00485334916850138	FALSE
Mutter_02	04_Mutter_02_CosMmR	60	3689	0.00786825238857776	FALSE
Mutter_02	04_Mutter_02_CosMmR	61	1289	0.00781172626939384	FALSE
Mutter_02	04_Mutter_02_CosMmR	62	315	0.00755633884039293	FALSE
Mutter_02	04_Mutter_02_CosMmR	63	381	0.00917232730978353	FALSE
Mutter_02	04_Mutter_02_CosMmR	64	410	0.0126156112780441	FALSE
Mutter_02	04_Mutter_02_CosMmR	65	245	0.0114308858529472	FALSE
Mutter_02	04_Mutter_02_CosMmR	66	264	0.00873316569357821	FALSE
Mutter_02	04_Mutter_02_CosMmR	67	278	0.0102621646697837	FALSE
Mutter_02	04_Mutter_02_CosMmR	68	260	0.0131224344424984	FALSE
Mutter_02	04_Mutter_02_CosMmR	69	140	0.0158825502972814	TRUE
Mutter_02	04_Mutter_02_CosMmR	6	153	0.011841282924223	FALSE
Mutter_02	04_Mutter_02_CosMmR	70	1855	0.00771101590566627	FALSE
Mutter_02	04_Mutter_02_CosMmR	71	3085	0.00756218234063398	FALSE
Mutter_02	04_Mutter_02_CosMmR	72	3197	0.00742536203028522	FALSE
Mutter_02	04_Mutter_02_CosMmR	73	3152	0.00808658498880254	FALSE
Mutter_02	04_Mutter_02_CosMmR	74	3372	0.00810566834979655	FALSE
Mutter_02	04_Mutter_02_CosMmR	75	3707	0.0075862725712474	FALSE
Mutter_02	04_Mutter_02_CosMmR	76	1664	0.00894352830111484	FALSE
Mutter_02	04_Mutter_02_CosMmR	77	369	0.00871074974919434	FALSE
Mutter_02	04_Mutter_02_CosMmR	78	350	0.0089538600984905	FALSE
Mutter_02	04_Mutter_02_CosMmR	79	320	0.0128801864321319	FALSE
Mutter_02	04_Mutter_02_CosMmR	7	185	0.0186608165383725	TRUE
Mutter_02	04_Mutter_02_CosMmR	80	314	0.00972295840949444	FALSE
Mutter_02	04_Mutter_02_CosMmR	81	371	0.0101743422800501	FALSE
Mutter_02	04_Mutter_02_CosMmR	82	329	0.0114771571693121	FALSE
Mutter_02	04_Mutter_02_CosMmR	83	195	0.0155250930237637	TRUE
Mutter_02	04_Mutter_02_CosMmR	84	115	0.0127415905857064	FALSE
Mutter_02	04_Mutter_02_CosMmR	85	1072	0.00922530756524968	FALSE
Mutter_02	04_Mutter_02_CosMmR	86	2965	0.00805806912907688	FALSE
Mutter_02	04_Mutter_02_CosMmR	87	3066	0.00873593012377641	FALSE
Mutter_02	04_Mutter_02_CosMmR	88	3140	0.00859639902616921	FALSE
Mutter_02	04_Mutter_02_CosMmR	89	3362	0.00819665936617876	FALSE
Mutter_02	04_Mutter_02_CosMmR	8	262	0.012431931684823	FALSE
Mutter_02	04_Mutter_02_CosMmR	90	3587	0.00883906149262866	FALSE
Mutter_02	04_Mutter_02_CosMmR	91	1058	0.0103703866384301	FALSE
Mutter_02	04_Mutter_02_CosMmR	92	386	0.0099113974678702	FALSE
Mutter_02	04_Mutter_02_CosMmR	93	372	0.00974005079992002	FALSE
Mutter_02	04_Mutter_02_CosMmR	94	363	0.0132063308456656	FALSE
Mutter_02	04_Mutter_02_CosMmR	95	236	0.0147490626963107	FALSE
Mutter_02	04_Mutter_02_CosMmR	96	333	0.0133003954229124	FALSE
Mutter_02	04_Mutter_02_CosMmR	97	288	0.013013587033738	FALSE
Mutter_02	04_Mutter_02_CosMmR	98	209	0.0124151660374554	FALSE
Mutter_02	04_Mutter_02_CosMmR	99	137	0.0111446227514207	FALSE
Mutter_02	04_Mutter_02_CosMmR	9	141	0.00580686357545535	FALSE
