gene	m01_mean	m01_bg	m01_s2b	m02_mean	m02_bg	m02_s2b	flagged_failed
Serpina3a	0.01214817137317253	0.014388824799515093	0.8442782188564786	0.003229173331199443	0.010600635391945104	0.30462073373952014	TRUE
Nlrc4	0.010400494967681848	0.014388824799515093	0.7228175415710355	0.0034499318881353385	0.010600635391945104	0.3254457643884979	TRUE
Ptgdr2	0.014270218776326936	0.014388824799515093	0.9917570736428625	0.003663458265127739	0.010600635391945104	0.345588554806009	TRUE
Cd4	0.010669499699407956	0.014388824799515093	0.7415129343827663	0.004489638463185508	0.010600635391945104	0.4235254111840278	TRUE
Cntfr	0.007464536771360724	0.014388824799515093	0.5187732059683068	0.004788266311569443	0.010600635391945104	0.4516961610817979	TRUE
Fgf12	0.013388906986682408	0.014388824799515093	0.9305073328249586	0.005418875437045609	0.010600635391945104	0.5111840221542893	TRUE
Fgf9	0.008722871621406402	0.014388824799515093	0.6062254383485415	0.007463623281575064	0.010600635391945104	0.704073199918403	TRUE
Bst1	0.013499902030808492	0.014388824799515093	0.938221308474299	0.008886364395576994	0.010600635391945104	0.8382860146599609	TRUE
Itm2a	0.010402023313995196	0.014388824799515093	0.7229237591624402	0.00926310030920047	0.010600635391945104	0.8738250082857335	TRUE
Il2ra	0.012952659211046947	0.014388824799515093	0.9001888195541484	0.010002398445493409	0.010600635391945104	0.9435659350281714	TRUE
Tcf7	0.010948448018113894	0.014388824799515093	0.7608993903715374	0.010374201548693868	0.010600635391945104	0.9786395970732762	TRUE
Rspo3	0.007403340349783468	0.014388824799515093	0.5145201538650302	0.010481256602820153	0.010600635391945104	0.9887385251250448	TRUE
Ptgis	0.03397500022126168	0.014388824799515093	2.3612074435993304	0.0035783187649385297	0.010600635391945104	0.3375570079183665	FALSE
Jchain	0.026509821721884607	0.014388824799515093	1.8423896385740963	0.004074087699893694	0.010600635391945104	0.3843248587711441	FALSE
Ighd	0.021404741024114403	0.014388824799515093	1.4875948051598868	0.004217659243609444	0.010600635391945104	0.397868532183857	FALSE
Fgg	0.016520929652804127	0.014388824799515093	1.1481778312681163	0.004718449413286512	0.010600635391945104	0.4451100560322853	FALSE
H2-Ob	0.02797410824134249	0.014388824799515093	1.9441551781411102	0.004730284644182692	0.010600635391945104	0.44622652032509297	FALSE
Fgf1	0.030030818006037015	0.014388824799515093	2.087093172963581	0.004759209947423775	0.010600635391945104	0.4489551589558549	FALSE
Epha4	0.020803395897836387	0.014388824799515093	1.4458022936339783	0.004767522644927486	0.010600635391945104	0.4497393286962864	FALSE
Hcst	0.02703883786068083	0.014388824799515093	1.8791554027116963	0.004825710441517839	0.010600635391945104	0.4552284144386908	FALSE
Ackr1	0.026608684465398352	0.014388824799515093	1.8492604389967324	0.004861874201835323	0.010600635391945104	0.4586398854477742	FALSE
Gpbar1	0.050265732961315666	0.014388824799515093	3.4933869625690095	0.004877230954117411	0.010600635391945104	0.4600885488263634	FALSE
Mmp7	0.027533116511391544	0.014388824799515093	1.9135069677350869	0.004987064214838539	0.010600635391945104	0.4704495561301883	FALSE
Ppara	0.03478441045836815	0.014388824799515093	2.4174601430646647	0.005096280788263477	0.010600635391945104	0.4807523888743393	FALSE
Ccl3	0.0583101630540996	0.014388824799515093	4.05246181439812	0.005114832437062481	0.010600635391945104	0.48250243951876587	FALSE
Mthfd1l	0.018212507941227425	0.014388824799515093	1.2657397803496218	0.00545417766084824	0.010600635391945104	0.514514221005337	FALSE
Upk3a	0.033982714376500175	0.014388824799515093	2.3617435648841454	0.005525104363763868	0.010600635391945104	0.521205018329573	FALSE
Mlh1	0.03464150102497425	0.014388824799515093	2.407528169092842	0.005655639098770575	0.010600635391945104	0.5335188778465123	FALSE
Csf2rb	0.0394733610035419	0.014388824799515093	2.743334605399613	0.005946473038671684	0.010600635391945104	0.5609543974307534	FALSE
Mzb1	0.025792081363214394	0.014388824799515093	1.792507847067788	0.005947359130135892	0.010600635391945104	0.5610379859545961	FALSE
Tpsb2	0.02824454721948412	0.014388824799515093	1.962950248753878	0.005960233370417121	0.010600635391945104	0.5622524641255001	FALSE
Clec5a	0.017029854679364846	0.014388824799515093	1.1835472956720383	0.006315562219998621	0.010600635391945104	0.5957720444566468	FALSE
Xcl1	0.03760449750962963	0.014388824799515093	2.6134516219070867	0.00636180477327605	0.010600635391945104	0.600134287998441	FALSE
Elane	0.055157153352063816	0.014388824799515093	3.833332750977872	0.006694223733004172	0.010600635391945104	0.6314926875129372	FALSE
Adgrg6	0.03776652469162499	0.014388824799515093	2.624712248417795	0.006732077037591438	0.010600635391945104	0.6350635399371257	FALSE
Cdkn3	0.027478778251010357	0.014388824799515093	1.9097305467182004	0.006784386617742298	0.010600635391945104	0.6399981101979431	FALSE
Cd38	0.03878193479683838	0.014388824799515093	2.6952816048010635	0.006862092914634172	0.010600635391945104	0.6473284535234874	FALSE
Cmklr1	0.026042098385829632	0.014388824799515093	1.8098836248744412	0.006867005782487709	0.010600635391945104	0.6477919038424438	FALSE
Col11a1	0.01623156367593627	0.014388824799515093	1.1280673649235953	0.006958884092109837	0.010600635391945104	0.6564591493635888	FALSE
Ms4a1	0.05523314843761291	0.014388824799515093	3.838614286239296	0.006977659813368812	0.010600635391945104	0.6582303376522872	FALSE
Ttr	0.04430528407908063	0.014388824799515093	3.079145426843597	0.006993197522891951	0.010600635391945104	0.6596960714454658	FALSE
Cd40lg	0.01525194720701116	0.014388824799515093	1.0599856082426657	0.007012862916806219	0.010600635391945104	0.6615511860859723	FALSE
Ncr1	0.03116954400142843	0.014388824799515093	2.1662327838253232	0.007074211334918982	0.010600635391945104	0.6673384257979784	FALSE
Btk	0.025817583736333288	0.014388824799515093	1.794280220661478	0.0070795651330540785	0.010600635391945104	0.6678434708200122	FALSE
Ighg1	0.04304061448091175	0.014388824799515093	2.99125293973711	0.007291338038874016	0.010600635391945104	0.6878208493440253	FALSE
Mst1r	0.01673291515521201	0.014388824799515093	1.1629104800675532	0.00748826498513903	0.010600635391945104	0.7063977495942357	FALSE
Mcpt8	0.028844249745543053	0.014388824799515093	2.0046286022271333	0.0075002095154011504	0.010600635391945104	0.7075245245299341	FALSE
Jak1	0.02913578966379606	0.014388824799515093	2.024890153974072	0.007516280067740186	0.010600635391945104	0.7090405235002644	FALSE
Il6st	0.03672083915071288	0.014388824799515093	2.5520387983284345	0.0075665399662070065	0.010600635391945104	0.713781739154659	FALSE
Tnxb	0.03912899950617547	0.014388824799515093	2.719402039525433	0.007568318155994259	0.010600635391945104	0.71394948285317394	FALSE
Dll4	0.030123617676339722	0.014388824799515093	2.0935425996259887	0.007694426400950922	0.010600635391945104	0.7258457739993146	FALSE
Adipoq	0.03347634832929274	0.014388824799515093	2.3265519453972994	0.007925678493513673	0.010600635391945104	0.7476607015024781	FALSE
Mpo	0.028371684779148785	0.014388824799515093	1.9717861030669384	0.007956763190037379	0.010600635391945104	0.7505930442700942	FALSE
Cd163	0.08149469005440646	0.014388824799515093	5.663748859959213	0.008024851140770861	0.010600635391945104	0.7570160508367779	FALSE
Nell2	0.01744599147736347	0.014388824799515093	1.2124681285959784	0.00818212249820541	0.010600635391945104	0.7718520820386482	FALSE
Notch3	0.02197204231620028	0.014388824799515093	1.5270213253927967	0.008207099557178112	0.010600635391945104	0.7742082671208821	FALSE
Rara	0.016729671641528398	0.014388824799515093	1.1626850611241157	0.008351043130122384	0.010600635391945104	0.787787035526939	FALSE
Igfbp5	0.031764994440058696	0.014388824799515093	2.2076156241147076	0.008378057962481759	0.010600635391945104	0.7903354518586526	FALSE
Cdh19	0.015311671325165631	0.014388824799515093	1.0641363376445891	0.008535653091313598	0.010600635391945104	0.8052020257011591	FALSE
Hsd17b2	0.027061938762470046	0.014388824799515093	1.880760877940639	0.00903836972162554	0.010600635391945104	0.8526252802254993	FALSE
Fzd8	0.03047108011846697	0.014388824799515093	2.117690676134569	0.009052690631737362	0.010600635391945104	0.8539762285019304	FALSE
Il33	0.024378673349567247	0.014388824799515093	1.6942782811831036	0.009149711345685457	0.010600635391945104	0.8631285774282802	FALSE
Ddc	0.035439668584100914	0.014388824799515093	2.462999520662399	0.009281316221839787	0.010600635391945104	0.8755433876060107	FALSE
Ikzf3	0.018443178057886003	0.014388824799515093	1.2817709795526555	0.009407953812668441	0.010600635391945104	0.8874896140487086	FALSE
Egf	0.02588526795697227	0.014388824799515093	1.7989841642831463	0.009451392923959162	0.010600635391945104	0.8915873977837976	FALSE
Tlr8	0.030922279626182485	0.014388824799515093	2.149048310548932	0.00961413071803247	0.010600635391945104	0.9069390996447034	FALSE
Il20	0.049095914487790215	0.014388824799515093	3.4120864748763053	0.009662731695974886	0.010600635391945104	0.9115238227434099	FALSE
Acvr1b	0.029066388223936902	0.014388824799515093	2.020066866400128	0.009704755341654114	0.010600635391945104	0.9154880799907782	FALSE
Il17d	0.05355639844570533	0.014388824799515093	3.722082879729705	0.009751070813365171	0.010600635391945104	0.9198572022177581	FALSE
Crp	0.021761310643957418	0.014388824799515093	1.5123758157574327	0.00978433239110368	0.010600635391945104	0.9229948988282635	FALSE
Pigr	0.020369805367261122	0.014388824799515093	1.4156684545875902	0.009909730729554417	0.010600635391945104	0.9348242216767807	FALSE
Camp	0.025501250727543893	0.014388824799515093	1.772295589310622	0.010064242820848054	0.010600635391945104	0.94939996035477	FALSE
Pecam1	0.032538568003697185	0.014388824799515093	2.2613777328634748	0.01007533596950437	0.010600635391945104	0.9504464210852981	FALSE
Cd70	0.030738322974399233	0.014388824799515093	2.1362636214345403	0.010152768721086138	0.010600635391945104	0.9577509597963083	FALSE
Ffar4	0.03782640095580133	0.014388824799515093	2.6288735517216173	0.0103074196626089	0.010600635391945104	0.9723397967673708	FALSE
Ly6d	0.06385721781357077	0.014388824799515093	4.437973128682669	0.010586568048367818	0.010600635391945104	0.9986729716609275	FALSE
Ephb3	0.03087210423354915	0.014388824799515093	2.1455612020927206	0.010634352557512845	0.010600635391945104	1.003180674018216	FALSE
Krt86	0.018882774645073853	0.014388824799515093	1.3123222297981005	0.010753161635840985	0.010600635391945104	1.0143884058130872	FALSE
Mrc2	0.05007991709117049	0.014388824799515093	3.480473060792164	0.010767587194561093	0.010600635391945104	1.0157492260079852	FALSE
Marco	0.030670287680931965	0.014388824799515093	2.1315352788203774	0.01078524472153693	0.010600635391945104	1.0174149305929436	FALSE
Krt6b	0.0639210663483271	0.014388824799515093	4.442410498352948	0.01080625643656824	0.010600635391945104	1.0193970490466429	FALSE
Clec4a1	0.03665196672024042	0.014388824799515093	2.5472522760493685	0.010914759710619469	0.010600635391945104	1.0296325934304893	FALSE
Rac2	0.07483225643465392	0.014388824799515093	5.20072052285853	0.011058340770474996	0.010600635391945104	1.0431771645384276	FALSE
Phlda2	0.08918331362330657	0.014388824799515093	6.198095735123001	0.011062015088053484	0.010600635391945104	1.0435237774953527	FALSE
Ankrd42	0.034391474962608595	0.014388824799515093	2.3901517630381877	0.01108199465759864	0.010600635391945104	1.0454085295697744	FALSE
Gcg	0.014040027400485034	0.014388824799515093	0.9757591461505728	0.011233011087803758	0.010600635391945104	1.059654508666449	FALSE
Agr2	0.03179558639227985	0.014388824799515093	2.2097417152060514	0.011249791685620878	0.010600635391945104	1.0612374890441978	FALSE
Icos	0.03219140906791493	0.014388824799515093	2.237250749553903	0.011272769946073204	0.010600635391945104	1.0634051195307428	FALSE
Fas	0.030954696465595587	0.014388824799515093	2.151301228342065	0.011284380843930068	0.010600635391945104	1.064500421597795	FALSE
Clock	0.03463014972942318	0.014388824799515093	2.406739272451926	0.011302210464758272	0.010600635391945104	1.0661823604787182	FALSE
Angpt1	0.020013348828142173	0.014388824799515093	1.3908953029170685	0.011342205227708135	0.010600635391945104	1.0699552251675888	FALSE
Ryr2	0.013913691762182302	0.014388824799515093	0.9669790240722924	0.011405747031099603	0.010600635391945104	1.0759493756163205	FALSE
Mzt2	0.030357393326261854	0.014388824799515093	2.109789628356925	0.011473084486494903	0.010600635391945104	1.0823015849797768	FALSE
Itgb6	0.03491423445993219	0.014388824799515093	2.4264827007351437	0.011476881694175147	0.010600635391945104	1.0826597906476303	FALSE
Col14a1	0.02748063836307583	0.014388824799515093	1.909859821491602	0.011481218918367547	0.010600635391945104	1.0830689382158691	FALSE
Il1rl1	0.046382786784353466	0.014388824799515093	3.223528497331942	0.011489846232273298	0.010600635391945104	1.0838827869699075	FALSE
Ceacam3	0.030382865670333745	0.014388824799515093	2.111559914980524	0.011622881259947381	0.010600635391945104	1.0964325090153588	FALSE
Msmb	0.036360595248735056	0.014388824799515093	2.5270024310783477	0.011641254801727195	0.010600635391945104	1.0981657581179338	FALSE
Vegfd	0.014843384743195622	0.014388824799515093	1.0315911792668326	0.011720824680682045	0.010600635391945104	1.1056719005341997	FALSE
Ptges2	0.053041775167163414	0.014388824799515093	3.6863173960496716	0.011793207239294418	0.010600635391945104	1.1125000345031666	FALSE
Cdh11	0.0266594274496674	0.014388824799515093	1.8527869941515884	0.011818993040620673	0.010600635391945104	1.114932511460713	FALSE
Sostdc1	0.025980868623644897	0.014388824799515093	1.8056282556529883	0.011836610365521175	0.010600635391945104	1.1165944236243828	FALSE
Il12b	0.021553027377691734	0.014388824799515093	1.497900466368739	0.011967370330110437	0.010600635391945104	1.1289295299415587	FALSE
Itgb2	0.07100855094940069	0.014388824799515093	4.934979189669034	0.01205789325092134	0.010600635391945104	1.1374689162579381	FALSE
Klrb1c	0.018544219654275204	0.014388824799515093	1.288793206718324	0.012310446571672129	0.010600635391945104	1.1612932731396672	FALSE
Lgr5	0.023097407338725562	0.014388824799515093	1.6052323702978126	0.012360545484116449	0.010600635391945104	1.1660193023437646	FALSE
Inha	0.04126643138391914	0.014388824799515093	2.8679500903583057	0.012377306214124912	0.010600635391945104	1.167600408512287	FALSE
Ccl28	0.028838897799036707	0.014388824799515093	2.00425665062018	0.012516457513199887	0.010600635391945104	1.1807271027084396	FALSE
Tnfsf10	0.06960436270535536	0.014388824799515093	4.837390382826889	0.012718618758813931	0.010600635391945104	1.1997977751860212	FALSE
Cxcr4	0.017590493817103103	0.014388824799515093	1.222510806976808	0.012817971370421974	0.010600635391945104	1.2091701012716383	FALSE
Rb1	0.09024084228823744	0.014388824799515093	6.271592263134552	0.01286139321866629	0.010600635391945104	1.2132662565150598	FALSE
Epha2	0.048992564079367515	0.014388824799515093	3.4049037890167777	0.012878378334018222	0.010600635391945104	1.214868529843396	FALSE
Tnfsf15	0.031108970648634715	0.014388824799515093	2.1620230339925395	0.01294306118730633	0.010600635391945104	1.2209703200565807	FALSE
Krt13	0.2296007172167131	0.014388824799515093	15.956877675267178	0.013275330562095386	0.010600635391945104	1.2523146086302195	FALSE
G6pd2	0.0242953892413925	0.014388824799515093	1.6884901706643383	0.013317360651554562	0.010600635391945104	1.2562794737449194	FALSE
Adgra2	0.04488465892263939	0.014388824799515093	3.119411039333248	0.013417138310521869	0.010600635391945104	1.26569189623453	FALSE
Il20ra	0.03492848208619381	0.014388824799515093	2.4274728876656355	0.013647098233378733	0.010600635391945104	1.2873849282419887	FALSE
Tox	0.022165459752720693	0.014388824799515093	1.5404635237109618	0.01395643157241935	0.010600635391945104	1.3165655695529486	FALSE
Hbb	0.04948614271734634	0.014388824799515093	3.439206704289987	0.014060779196204881	0.010600635391945104	1.3264090949575502	FALSE
Il12rb2	0.030158500891811196	0.014388824799515093	2.095966926557306	0.014074545659811975	0.010600635391945104	1.3277077400951383	FALSE
Igha	0.017780124300818174	0.014388824799515093	1.235689818213463	0.014161829961346933	0.010600635391945104	1.3359416146043288	FALSE
Nr1h3	0.0662186594114498	0.014388824799515093	4.602089491956382	0.01417137219899643	0.010600635391945104	1.3368417717455456	FALSE
Il17a	0.02425040711512698	0.014388824799515093	1.6853639858026643	0.014182554360461981	0.010600635391945104	1.3378966294075731	FALSE
Fhit	0.010395697493903417	0.014388824799515093	0.7224841249199	0.014392417263043097	0.010600635391945104	1.357693829747147	FALSE
Rnf43	0.04517986065809078	0.014388824799515093	3.1399270814398514	0.014397044574605857	0.010600635391945104	1.3581303424081028	FALSE
Fkbp11	0.03665681018786258	0.014388824799515093	2.5475888891980896	0.01454617807464452	0.010600635391945104	1.372198697230681	FALSE
Gpnmb	0.026170275638082465	0.014388824799515093	1.8187917361370896	0.014563568453365398	0.010600635391945104	1.373839200660701	FALSE
Ephb6	0.03883151913485318	0.014388824799515093	2.6987276359193566	0.014625532332431938	0.010600635391945104	1.379684499246635	FALSE
Cd52	0.07604472964857424	0.014388824799515093	5.284985445867474	0.01466738005475128	0.010600635391945104	1.383632160945399	FALSE
Krt4	0.2986464844258656	0.014388824799515093	20.75544657656337	0.014678629042922898	0.010600635391945104	1.384693322635779	FALSE
Cd19	0.03518805585464372	0.014388824799515093	2.445512843816791	0.014718942540584255	0.010600635391945104	1.3884962548347288	FALSE
Stat4	0.02103396201364966	0.014388824799515093	1.4618262649468434	0.01474080413066951	0.010600635391945104	1.3905585453745835	FALSE
Il6	0.0438062027817249	0.014388824799515093	3.0444600856632285	0.014795549028990669	0.010600635391945104	1.3957228488617834	FALSE
Csf1	0.04950411481935473	0.014388824799515093	3.440455736247691	0.01487342215888259	0.010600635391945104	1.403068930206218	FALSE
Ins1	0.029671904391263163	0.014388824799515093	2.0621492585178407	0.014966695228218483	0.010600635391945104	1.4118677489455898	FALSE
Ahi1	0.033103434251522366	0.014388824799515093	2.3006350214673517	0.01517941664809957	0.010600635391945104	1.4319346045647088	FALSE
Notch1	0.054985553223775005	0.014388824799515093	3.821406820217036	0.015191926281861192	0.010600635391945104	1.4331146879558543	FALSE
Tnfrsf21	0.024307300860924724	0.014388824799515093	1.6893180089136874	0.015207920377086999	0.010600635391945104	1.4346234744233106	FALSE
Csf3r	0.030139784694924655	0.014388824799515093	2.094666181211712	0.01529572827972395	0.010600635391945104	1.4429067423021091	FALSE
Adgrv1	0.027311628654947663	0.014388824799515093	1.8981139207329893	0.015412829138622618	0.010600635391945104	1.4539533309799582	FALSE
Iapp	0.01825206043267813	0.014388824799515093	1.268488614392833	0.015483112085105484	0.010600635391945104	1.4605834002054567	FALSE
Fkbp5	0.04533333132678945	0.014388824799515093	3.1505930441461203	0.015546870411550265	0.010600635391945104	1.466597976132974	FALSE
Havcr2	0.018525836420512143	0.014388824799515093	1.287515601770095	0.015607471066806957	0.010600635391945104	1.472314676407633	FALSE
Tnfsf8	0.04092134833019927	0.014388824799515093	2.8439673774871683	0.015621927950313187	0.010600635391945104	1.473678451593903	FALSE
Krt80	0.0437207886787471	0.014388824799515093	3.0385239439582654	0.01569162463301821	0.010600635391945104	1.480253216230934	FALSE
Tnfrsf17	0.03406224203244764	0.014388824799515093	2.367270608062136	0.015723267813242868	0.010600635391945104	1.4832382429821327	FALSE
P2rx5	0.02722752374438528	0.014388824799515093	1.892268765778763	0.015741083515708354	0.010600635391945104	1.4849188688886725	FALSE
Il1r2	0.02892292967382765	0.014388824799515093	2.010096729706679	0.015851980353126377	0.010600635391945104	1.4953802076026037	FALSE
C5ar2	0.05032103022317097	0.014388824799515093	3.4972300326338535	0.015869777325163335	0.010600635391945104	1.497059066593498	FALSE
Ccr2	0.03233392514595496	0.014388824799515093	2.2471553859662414	0.016004640302285465	0.010600635391945104	1.5097812263637136	FALSE
Nanog	0.053250939368206046	0.014388824799515093	3.700853968977412	0.016138718941491444	0.010600635391945104	1.5224293964260345	FALSE
Cuzd1	0.03052389986284352	0.014388824799515093	2.1213615627505717	0.016214823615862514	0.010600635391945104	1.5296086523439296	FALSE
Vsir	0.07174174515342666	0.014388824799515093	4.9859349983776555	0.016371353049531655	0.010600635391945104	1.5443746949330446	FALSE
Spink1	0.019298443200726528	0.014388824799515093	1.3412105206379947	0.016402449067468416	0.010600635391945104	1.5473081056944777	FALSE
Vtn	0.039017081805118675	0.014388824799515093	2.711623940714989	0.016445060578226204	0.010600635391945104	1.551327818587364	FALSE
Fgf13	0.03534176495445787	0.014388824799515093	2.456195377099101	0.016481027790440517	0.010600635391945104	1.5547207484339696	FALSE
Adgrg5	0.07723897304553372	0.014388824799515093	5.367983426147262	0.016688158665749398	0.010600635391945104	1.574260225800229	FALSE
Sox2	0.031500096490873875	0.014388824799515093	2.189205646032707	0.017040885922796657	0.010600635391945104	1.607534387584463	FALSE
Nrxn3	0.016820345919591834	0.014388824799515093	1.1689867764710489	0.01714381986980418	0.010600635391945104	1.617244555249105	FALSE
Itk	0.028540658464852424	0.014388824799515093	1.9835295003254367	0.017151048831317635	0.010600635391945104	1.6179264918732952	FALSE
Col4a5	0.01731581114272881	0.014388824799515093	1.2034208063546896	0.017188718678136927	0.010600635391945104	1.6214800379982677	FALSE
Itga2	0.02312940561343415	0.014388824799515093	1.6074561985224545	0.017222015475944128	0.010600635391945104	1.6246210570576063	FALSE
Ackr4	0.04706303676100765	0.014388824799515093	3.2708047680581727	0.017249751248918654	0.010600635391945104	1.6272374825782503	FALSE
Bmp2	0.03489009217083726	0.014388824799515093	2.4248048507764906	0.01727416247699749	0.010600635391945104	1.6295402905870404	FALSE
Il17rb	0.02261505390828834	0.014388824799515093	1.5717095887532437	0.017301886158553343	0.010600635391945104	1.632155575476182	FALSE
Cpa3	0.026308142768382184	0.014388824799515093	1.828373278217188	0.01733837151428743	0.010600635391945104	1.635597383857009	FALSE
Reg1	0.028083354727325174	0.014388824799515093	1.9517476318338096	0.017343392597094782	0.010600635391945104	1.6360710425219571	FALSE
Nlrp2	0.013004665592335457	0.014388824799515093	0.9038031787539534	0.017347218221049114	0.010600635391945104	1.6364319288097018	FALSE
Cd36	0.034643681700061074	0.014388824799515093	2.407679722476611	0.01735025739084212	0.010600635391945104	1.6367186257557464	FALSE
Cd8b1	0.033965515002830196	0.014388824799515093	2.3605482362934076	0.017354398022197536	0.010600635391945104	1.6371092279415893	FALSE
Cd80	0.03308988984785034	0.014388824799515093	2.2996937073669477	0.017375996383566024	0.010600635391945104	1.6391466870720957	FALSE
Fpr1	0.03677156164254871	0.014388824799515093	2.5555639292923993	0.017421157885839506	0.010600635391945104	1.6434069507830613	FALSE
Dpp4	0.03372125010576464	0.014388824799515093	2.343572221888549	0.01744863877655266	0.010600635391945104	1.6459993322486137	FALSE
Bmp3	0.03915125551677659	0.014388824799515093	2.7209487961863292	0.017477232342003796	0.010600635391945104	1.6486966767373092	FALSE
Hcar2	0.07052128867523658	0.014388824799515093	4.9011152514424365	0.017547242007792913	0.010600635391945104	1.6553009663105847	FALSE
Olfm4	0.020493650224415814	0.014388824799515093	1.4242754714135137	0.01763883608448602	0.010600635391945104	1.6639413990116947	FALSE
Il1r1	0.04010996401342811	0.014388824799515093	2.787577482685023	0.017779073126517865	0.010600635391945104	1.677170515649213	FALSE
Ccl21a/b/d	0.03364227852284965	0.014388824799515093	2.3380838248849485	0.017785020174864014	0.010600635391945104	1.6777315243176807	FALSE
Cd55	0.024509861172910007	0.014388824799515093	1.7033956222565165	0.01790078776461685	0.010600635391945104	1.6886523404265719	FALSE
Pdcd1lg2	0.0370171117989954	0.014388824799515093	2.572629267140906	0.01812833446215566	0.010600635391945104	1.7101177233140648	FALSE
Atg12	0.035187605917272366	0.014388824799515093	2.4454815738988076	0.018242874524731844	0.010600635391945104	1.7209227419135364	FALSE
Muc1	0.04051520650993934	0.014388824799515093	2.8157411793147076	0.01833535134834859	0.010600635391945104	1.7296464476347062	FALSE
Adgre5	0.02341366318922744	0.014388824799515093	1.627211639272756	0.018336116630112854	0.010600635391945104	1.7297186397001785	FALSE
Mmp19	0.06074082546332112	0.014388824799515093	4.221388911856659	0.0183712879498847	0.010600635391945104	1.7330364898545731	FALSE
Csf2ra	0.07061372136526184	0.014388824799515093	4.907539173570418	0.018389188791343245	0.010600635391945104	1.734725147260161	FALSE
Xkr4	0.02757769256712859	0.014388824799515093	1.9166049313532518	0.018499842780697877	0.010600635391945104	1.7451635771526477	FALSE
Pdcd1	0.03864086748582944	0.014388824799515093	2.685477655349007	0.018545536132749906	0.010600635391945104	1.7494740123636114	FALSE
Wnt10b	0.02824611748506726	0.014388824799515093	1.963059379666584	0.01870806561382795	0.010600635391945104	1.764806063233085	FALSE
Prss34	0.03010411508188806	0.014388824799515093	2.0921872009243296	0.019065721592883965	0.010600635391945104	1.798545170921647	FALSE
Tnfrsf1b	0.049435215789798086	0.014388824799515093	3.4356673653753895	0.01906586029866464	0.010600635391945104	1.7985582555883244	FALSE
Klf2	0.08092283756061512	0.014388824799515093	5.624006038585044	0.01908313362056896	0.010600635391945104	1.8001877165843554	FALSE
Ifng	0.021298459174937646	0.014388824799515093	1.480208388919671	0.019302267216316265	0.010600635391945104	1.8208594581965434	FALSE
Trmt5	0.044726121929215	0.014388824799515093	3.1083929752708004	0.019362246705009578	0.010600635391945104	1.8265175613644808	FALSE
Ifi44l	0.03856486836229949	0.014388824799515093	2.680195839454459	0.019405472340199962	0.010600635391945104	1.8305952070519487	FALSE
Fcrla	0.061022406193119286	0.014388824799515093	4.2409583161493325	0.019478420165284088	0.010600635391945104	1.8374766648501817	FALSE
Cd86	0.05463901082610401	0.014388824799515093	3.7973226853068196	0.019482262367011196	0.010600635391945104	1.837839114985013	FALSE
Cd209e	0.03155123732278555	0.014388824799515093	2.1927598509538346	0.019662314547683888	0.010600635391945104	1.8548241516375805	FALSE
H2-Q2	0.03727684294202996	0.014388824799515093	2.5906801605705976	0.019806475938062694	0.010600635391945104	1.8684234676265397	FALSE
Hck	0.036248870101602514	0.014388824799515093	2.519237714453519	0.01989192852199324	0.010600635391945104	1.8764845489458235	FALSE
Ighm	0.06460085118705336	0.014388824799515093	4.489654442747153	0.019925474368589928	0.010600635391945104	1.8796490617657038	FALSE
Arhgdib	0.03719866497377663	0.014388824799515093	2.585246918499573	0.01992740674568125	0.010600635391945104	1.879831350564429	FALSE
Fgf2	0.043235437869675784	0.014388824799515093	3.0047928494572282	0.02000928048391748	0.010600635391945104	1.8875548251684553	FALSE
Clec4e	0.029233024881201775	0.014388824799515093	2.0316478439703385	0.020040802022471806	0.010600635391945104	1.8905283769782155	FALSE
Cd3g	0.05643700177349748	0.014388824799515093	3.922280141697147	0.02005106246111564	0.010600635391945104	1.8914962848690604	FALSE
Npr3	0.023196574798590035	0.014388824799515093	1.6121243480128944	0.020134836043267886	0.010600635391945104	1.8993989792882933	FALSE
Krt23	0.035503639419777605	0.014388824799515093	2.4674453900484	0.02030249570965146	0.010600635391945104	1.9152149808942884	FALSE
Ptges	0.08043832638230863	0.014388824799515093	5.5903332970611626	0.020530770119810533	0.010600635391945104	1.9367490118008253	FALSE
Erbb3	0.05506590386812492	0.014388824799515093	3.8269910597549743	0.020572181191577804	0.010600635391945104	1.9406554825203763	FALSE
Itgax	0.04667319967954818	0.014388824799515093	3.243711722803177	0.02058327499339471	0.010600635391945104	1.9417020048661344	FALSE
Tlr7	0.027488410413215834	0.014388824799515093	1.9103999663782272	0.020604988575522364	0.010600635391945104	1.9437503332280508	FALSE
Ctla4	0.031279020989861066	0.014388824799515093	2.1738412570646615	0.02060831715183129	0.010600635391945104	1.944064331039112	FALSE
Rgs2	0.043903149236144814	0.014388824799515093	3.051197707100052	0.020709471928946812	0.010600635391945104	1.9536066625480686	FALSE
Src	0.04255449074966214	0.014388824799515093	2.957468128397549	0.02083858952264418	0.010600635391945104	1.9657868375020604	FALSE
Ldb2	0.03134642638401997	0.014388824799515093	2.1785258226979285	0.020843658125931693	0.010600635391945104	1.9662649789624642	FALSE
Cd79a	0.046646059597777505	0.014388824799515093	3.241825531112832	0.020855462012132515	0.010600635391945104	1.9673784863857826	FALSE
Krt6a	0.08520445682879232	0.014388824799515093	5.921571637432387	0.020890081766877136	0.010600635391945104	1.9706443052225409	FALSE
Clec1a	0.03417347149410393	0.014388824799515093	2.375000875349847	0.02100800904402161	0.010600635391945104	1.9817688532127566	FALSE
Epor	0.03452880815074043	0.014388824799515093	2.3996961970031117	0.02111401323546775	0.010600635391945104	1.9917686492180686	FALSE
Klrk1	0.02506967831240205	0.014388824799515093	1.7423020060155925	0.021210884192326727	0.010600635391945104	2.0009068709639637	FALSE
Tshz2	0.021976162788103052	0.014388824799515093	1.5273076915109602	0.021364122466036063	0.010600635391945104	2.015362445374699	FALSE
Sparcl1	0.03308344218330697	0.014388824799515093	2.299245605132526	0.021520942528424795	0.010600635391945104	2.0301559041241517	FALSE
Cxcr1	0.04065344186484693	0.014388824799515093	2.8253483124081793	0.021540800298911335	0.010600635391945104	2.032029166410074	FALSE
Igfbp3	0.03428021831176524	0.014388824799515093	2.3824196061460485	0.02156412306591723	0.010600635391945104	2.0342292955668237	FALSE
Cd5l	0.02207274949394384	0.014388824799515093	1.5340203110046693	0.02171824422889444	0.010600635391945104	2.048768156425515	FALSE
Inhba	0.03297180441647303	0.014388824799515093	2.2914869612968105	0.02173056710510874	0.010600635391945104	2.049930622236165	FALSE
Col15a1	0.05866246777091161	0.014388824799515093	4.076946421148206	0.021736445130413624	0.010600635391945104	2.050485119687266	FALSE
Cd40	0.025338438898317068	0.014388824799515093	1.7609804310892005	0.021736460273939703	0.010600635391945104	2.050486548236171	FALSE
Fyn	0.06334684125979405	0.014388824799515093	4.402502785490087	0.021808866075362067	0.010600635391945104	2.0573168747916317	FALSE
Il7r	0.03760769754748873	0.014388824799515093	2.6136740193511927	0.02189204514558507	0.010600635391945104	2.065163486541547	FALSE
Cd84	0.022248150382840164	0.014388824799515093	1.5462103884668839	0.02194527655620929	0.010600635391945104	2.0701850167287534	FALSE
Tnfsf14	0.032080086252948975	0.014388824799515093	2.2295139943624918	0.021955300657455004	0.010600635391945104	2.0711306299750434	FALSE
Il22ra1	0.019998449092827657	0.014388824799515093	1.3898597954644365	0.022053914296406484	0.010600635391945104	2.0804332458377126	FALSE
Wif1	0.038967402830557475	0.014388824799515093	2.7081713325101218	0.022171455886969404	0.010600635391945104	2.0915214104822804	FALSE
Clec7a	0.01561314495809434	0.014388824799515093	1.0850882664594337	0.02228076376014751	0.010600635391945104	2.1018328558944264	FALSE
Wnt3	0.026226876755114772	0.014388824799515093	1.8227254220232514	0.022314046428278653	0.010600635391945104	2.1049725420453558	FALSE
Icam2	0.04696065572859427	0.014388824799515093	3.263689452259983	0.022380670946946228	0.010600635391945104	2.1112574972583427	FALSE
Ptgs2	0.029047841454252703	0.014388824799515093	2.018777895970463	0.02249139095753389	0.010600635391945104	2.121702155195714	FALSE
Azgp1	0.04049581158556891	0.014388824799515093	2.814393263509167	0.02254186741522096	0.010600635391945104	2.126463799740665	FALSE
Col5a2	0.02484674606430337	0.014388824799515093	1.7268085761347731	0.022568223894243625	0.010600635391945104	2.1289501109897713	FALSE
Tcl1	0.02193162153448029	0.014388824799515093	1.5242121465833258	0.022723816265404814	0.010600635391945104	2.143627756754233	FALSE
Il16	0.03546118329026756	0.014388824799515093	2.464494757866717	0.022750916378947654	0.010600635391945104	2.14618421799838	FALSE
S100a8	0.06226864699372623	0.014388824799515093	4.327570031697426	0.022821121653576606	0.010600635391945104	2.1528069601296957	FALSE
Tnfrsf19	0.017556834998359194	0.014388824799515093	1.2201715736333703	0.02283015976554278	0.010600635391945104	2.153659561094827	FALSE
Epha7	0.03198714601150257	0.014388824799515093	2.223054798233456	0.023264740237427715	0.010600635391945104	2.1946552614294643	FALSE
Rarb	0.03594680983295327	0.014388824799515093	2.4982450154070044	0.023270275865358504	0.010600635391945104	2.195177459177629	FALSE
Rarres1	0.04006990745221134	0.014388824799515093	2.784793616610142	0.023304281055611244	0.010600635391945104	2.1983853037072674	FALSE
Il12a	0.02813689759536273	0.014388824799515093	1.955468774372105	0.023359205279118434	0.010600635391945104	2.2035665236508306	FALSE
Myl4	0.017112825567742698	0.014388824799515093	1.1893136379226332	0.0234712185262846	0.010600635391945104	2.2141331777262345	FALSE
Cd28	0.030854337359421568	0.014388824799515093	2.144326433140069	0.023693335728981364	0.010600635391945104	2.2350863748209613	FALSE
Il13ra1	0.027009323289425347	0.014388824799515093	1.8771041878510861	0.023716502108130477	0.010600635391945104	2.237271751290632	FALSE
Vwf	0.027350653287519087	0.014388824799515093	1.9008260694397232	0.02371976480978765	0.010600635391945104	2.2375795348844014	FALSE
Lamp3	0.03526330038186614	0.014388824799515093	2.450742216491129	0.02378276292559159	0.010600635391945104	2.243522397125641	FALSE
Nlrp3	0.054099470061617604	0.014388824799515093	3.7598254767436443	0.02406904227835924	0.010600635391945104	2.2705282644329143	FALSE
Areg	0.03838804676095737	0.014388824799515093	2.667907024780165	0.02407351293052829	0.010600635391945104	2.2709499987916346	FALSE
Hspa1a	0.05754446625565482	0.014388824799515093	3.9992471280624726	0.02421674159108671	0.010600635391945104	2.284461326675551	FALSE
Fcgbp	0.019575841750579966	0.014388824799515093	1.360489270203615	0.024231479291414008	0.010600635391945104	2.2858515924268374	FALSE
Insr	0.023528888771881085	0.014388824799515093	1.6352196304922701	0.024313007909772203	0.010600635391945104	2.293542510503328	FALSE
Vwa1	0.04916357260155752	0.014388824799515093	3.4167886041127105	0.02436944827888042	0.010600635391945104	2.2988667544775243	FALSE
Cflar	0.04101925354602291	0.014388824799515093	2.850771631287447	0.02437954336711562	0.010600635391945104	2.29981906420821	FALSE
Itga5	0.03893929274503894	0.014388824799515093	2.7062177271316283	0.024447697363799564	0.010600635391945104	2.306248301151472	FALSE
Bmpr1a	0.037664239654974424	0.014388824799515093	2.617603604169516	0.024448322037773203	0.010600635391945104	2.306307229126121	FALSE
Ramp3	0.049218726029256185	0.014388824799515093	3.4206216779368157	0.024504696933315088	0.010600635391945104	2.311625296719005	FALSE
Ccr10	0.053482742756855495	0.014388824799515093	3.716963928746834	0.024547311763027133	0.010600635391945104	2.315645322702016	FALSE
Dnmt3a	0.0291286468808916	0.014388824799515093	2.0243937421403064	0.02456737052644821	0.010600635391945104	2.317537545448996	FALSE
Apc	0.019460039081806275	0.014388824799515093	1.3524411724341854	0.02457603326732655	0.010600635391945104	2.3183547361699337	FALSE
Cxcl3	0.06254063982351345	0.014388824799515093	4.346473092480846	0.025107992020959785	0.010600635391945104	2.3685365162203484	FALSE
Il2rg	0.03165472068132556	0.014388824799515093	2.1999517766310097	0.025164349322635914	0.010600635391945104	2.3738529241140633	FALSE
Csf1r	0.04142983458234493	0.014388824799515093	2.8793063477804752	0.025237659510863656	0.010600635391945104	2.380768565065496	FALSE
Smad2	0.03482476066180655	0.014388824799515093	2.420264416797969	0.025266386079001342	0.010600635391945104	2.3834784562253706	FALSE
Olr1	0.025629108337991018	0.014388824799515093	1.781181485985897	0.025322647945067417	0.010600635391945104	2.388785861299299	FALSE
Pdgfd	0.023143240713891344	0.014388824799515093	1.6084177155782227	0.02533541937157187	0.010600635391945104	2.389990640638673	FALSE
Col9a2	0.041104436815029524	0.014388824799515093	2.8566917304055823	0.025384857980848677	0.010600635391945104	2.3946543808248864	FALSE
Nrg1	0.026783945928881083	0.014388824799515093	1.8614408266187041	0.025405198187026194	0.010600635391945104	2.3965731531838497	FALSE
Tnfrsf9	0.06723898163156111	0.014388824799515093	4.673000232362763	0.025476944849580126	0.010600635391945104	2.4033413005543793	FALSE
Ptgds	0.054699538516411086	0.014388824799515093	3.8015292616707987	0.02548398781403611	0.010600635391945104	2.404005691338099	FALSE
Plac9	0.04044677707285705	0.014388824799515093	2.810985444358188	0.025519546595506218	0.010600635391945104	2.4073600922919445	FALSE
Vpreb3	0.034732190270857694	0.014388824799515093	2.4138309246790035	0.025732223391604726	0.010600635391945104	2.4274227383725853	FALSE
Fasl	0.028466679559569715	0.014388824799515093	1.9783880863243988	0.025782976854245118	0.010600635391945104	2.432210513893943	FALSE
Adgrg1	0.05231714426517565	0.014388824799515093	3.6359567229520198	0.025859594601258556	0.010600635391945104	2.4394381699900722	FALSE
Fzd4	0.03552826849719259	0.014388824799515093	2.4691570710062365	0.025862464780135104	0.010600635391945104	2.4397089253524094	FALSE
Cacna1c	0.03926114657275373	0.014388824799515093	2.7285860464488274	0.026057138847519517	0.010600635391945104	2.458073302598356	FALSE
Fgfr1	0.06741159075126571	0.014388824799515093	4.6849962863914705	0.026087261740071414	0.010600635391945104	2.460914914580859	FALSE
Egfr	0.024695039626501082	0.014388824799515093	1.7162652246160723	0.02611852836681676	0.010600635391945104	2.4638644195481842	FALSE
Itga9	0.021554774235764858	0.014388824799515093	1.4980218701732513	0.026324374646202568	0.010600635391945104	2.4832827158837247	FALSE
Cd8a	0.027096563015046086	0.014388824799515093	1.88316720737049	0.026574769018120645	0.010600635391945104	2.506903410555323	FALSE
Il11	0.05741110072950798	0.014388824799515093	3.989978440174124	0.026722263205242826	0.010600635391945104	2.5208171224856715	FALSE
Acvr2a	0.026149167781016988	0.014388824799515093	1.817324774285821	0.026760961309434624	0.010600635391945104	2.524467668208733	FALSE
Igf2r	0.05400990038693278	0.014388824799515093	3.7536005295410173	0.02696882857183858	0.010600635391945104	2.544076611891666	FALSE
Tnfrsf13b	0.05135866168963551	0.014388824799515093	3.56934373760436	0.026969662073161198	0.010600635391945104	2.544155239378774	FALSE
Acvrl1	0.0282890063118739	0.014388824799515093	1.9660400836089997	0.027072839446871475	0.010600635391945104	2.553888370450207	FALSE
Tfeb	0.01999258246411615	0.014388824799515093	1.3894520742784988	0.02729452436222206	0.010600635391945104	2.5748007881642465	FALSE
Kir3dl1/2	0.017531702906075624	0.014388824799515093	1.2184249339575284	0.027361640171409116	0.010600635391945104	2.581132088761384	FALSE
Ido1	0.044937101840309995	0.014388824799515093	3.123055737104005	0.02738074910230451	0.010600635391945104	2.5829347100372666	FALSE
Twist2	0.05007301887686088	0.014388824799515093	3.479993646079307	0.027386081484055812	0.010600635391945104	2.5834377347668362	FALSE
Rigi	0.0271834208360588	0.014388824799515093	1.889203685138684	0.02739302331564002	0.010600635391945104	2.584092585285465	FALSE
Psd3	0.02012657821634037	0.014388824799515093	1.3987645618576605	0.02756350266346693	0.010600635391945104	2.600174578630548	FALSE
Pdgfrb	0.04169527461144322	0.014388824799515093	2.8977539995377777	0.02766092054789864	0.010600635391945104	2.6093643942245954	FALSE
Itgae	0.03678762050244027	0.014388824799515093	2.556679994024253	0.02770170902608507	0.010600635391945104	2.613212133221205	FALSE
Clec4d	0.05347491689691686	0.014388824799515093	3.716420044166427	0.027907195381345964	0.010600635391945104	2.6325964764858583	FALSE
Gper1	0.045692662290095026	0.014388824799515093	3.1755659636383147	0.027911914579267758	0.010600635391945104	2.633041657151668	FALSE
Cxcl12	0.052578917508974435	0.014388824799515093	3.6541495390746825	0.02810680615651789	0.010600635391945104	2.6514265529663303	FALSE
Fzd1	0.05065125925908156	0.014388824799515093	3.520180415344867	0.0281241896714885	0.010600635391945104	2.653066408911552	FALSE
Bid	0.028744545386104978	0.014388824799515093	1.9976993108619736	0.028178738315428636	0.010600635391945104	2.65821219894425	FALSE
Tsc22d1	0.07106777061383769	0.014388824799515093	4.939094860355287	0.028212124404934744	0.010600635391945104	2.6613616412438574	FALSE
Sst	0.031645967948888486	0.014388824799515093	2.1993434759143753	0.028215612690720294	0.010600635391945104	2.661690705083578	FALSE
Cd200r3	0.04132645167339108	0.014388824799515093	2.872121403186714	0.028249997129028	0.010600635391945104	2.6649343255871027	FALSE
Krt1	0.02460082027113144	0.014388824799515093	1.7097171321427511	0.02828003281506317	0.010600635391945104	2.6677677110328464	FALSE
Krt15	0.05488313964086493	0.014388824799515093	3.814289242212088	0.02840594997255029	0.010600635391945104	2.679645976139747	FALSE
Qrfpr	0.04857635118620253	0.014388824799515093	3.375977667602122	0.028602866655565697	0.010600635391945104	2.6982219082168974	FALSE
Col9a3	0.031237529910028834	0.014388824799515093	2.1709576942712894	0.028631532815862244	0.010600635391945104	2.700926100865418	FALSE
Ccl26	0.05889501986501629	0.014388824799515093	4.093108414733152	0.028714844190467548	0.010600635391945104	2.7087851934127016	FALSE
Esr1	0.019618187130646957	0.014388824799515093	1.3634322054785248	0.028755278199240064	0.010600635391945104	2.712599493902957	FALSE
Adgrf1	0.023672722053382004	0.014388824799515093	1.6452158104100192	0.028800991646817573	0.010600635391945104	2.716911824804579	FALSE
Gzmg	0.029782456985425542	0.014388824799515093	2.0698324846118927	0.02880295258038498	0.010600635391945104	2.7170968074490056	FALSE
Nr3c1	0.019319760231104637	0.014388824799515093	1.342692019695432	0.028875697122610313	0.010600635391945104	2.7239590887685394	FALSE
Plac8	0.06444760255112231	0.014388824799515093	4.47900391095833	0.02891757530912904	0.010600635391945104	2.7279096242761134	FALSE
Nlrp1a	0.018842901177823588	0.014388824799515093	1.3095510884571058	0.029002593090110943	0.010600635391945104	2.735929688907947	FALSE
Rgs1	0.0435186585135804	0.014388824799515093	3.024476225122082	0.029506593265390742	0.010600635391945104	2.783474025322231	FALSE
Scg5	0.02272966698899071	0.014388824799515093	1.5796750120799794	0.029516451426523604	0.010600635391945104	2.784403984779223	FALSE
Il17b	0.026405611563334923	0.014388824799515093	1.8351472014743553	0.029524300176582165	0.010600635391945104	2.785144388516203	FALSE
Itga6	0.06528736871448847	0.014388824799515093	4.537366298093272	0.029549031653884457	0.010600635391945104	2.7874774069049955	FALSE
Relt	0.05267897222484272	0.014388824799515093	3.661103179643831	0.029822387184815138	0.010600635391945104	2.813264118816471	FALSE
Acacb	0.04166265923006549	0.014388824799515093	2.8954872833999294	0.029828819096236067	0.010600635391945104	2.813870866542727	FALSE
Wnt7a	0.03887046757254061	0.014388824799515093	2.701434489205161	0.029832717276969074	0.010600635391945104	2.81423859739931	FALSE
Irf4	0.033135005548511676	0.014388824799515093	2.302829175432613	0.029840013396532878	0.010600635391945104	2.814926869308874	FALSE
Tnfrsf4	0.040312335466081345	0.014388824799515093	2.801641970610406	0.029925286972065288	0.010600635391945104	2.8229710640556536	FALSE
Myh11	0.02893245009408258	0.014388824799515093	2.010758383482271	0.029940687071351807	0.010600635391945104	2.824423816529172	FALSE
Hpgds	0.03233169717120313	0.014388824799515093	2.2470005453324244	0.029950489096910705	0.010600635391945104	2.8253484804947253	FALSE
Spock2	0.0477881978137589	0.014388824799515093	3.321202285774539	0.029956912856375518	0.010600635391945104	2.8259544592146133	FALSE
Thsd4	0.038812023978648885	0.014388824799515093	2.697372754163833	0.030072054892628652	0.010600635391945104	2.836816264379672	FALSE
Esam	0.050502239244510846	0.014388824799515093	3.5098237658862024	0.03008713587259634	0.010600635391945104	2.8382389130615757	FALSE
Ybx3	0.038150740004408615	0.014388824799515093	2.651414589862426	0.030233894865427928	0.010600635391945104	2.8520832711972304	FALSE
Itgam	0.05332553677027946	0.014388824799515093	3.7060383675028516	0.030296071581656987	0.010600635391945104	2.857948647557246	FALSE
Rgs5	0.02855028493619816	0.014388824799515093	1.984198524479936	0.030897910544606402	0.010600635391945104	2.914722505038159	FALSE
Fos	0.06027558717862813	0.014388824799515093	4.189055605198518	0.030919703551080292	0.010600635391945104	2.916778325813813	FALSE
Gzmk	0.04303068144668777	0.014388824799515093	2.9905626099594955	0.0309265463320323	0.010600635391945104	2.9174238324932715	FALSE
Tnfsf13b	0.040199616579820796	0.014388824799515093	2.7938081907269825	0.03133093625211163	0.010600635391945104	2.9555715382795307	FALSE
Snai2	0.021290972858412804	0.014388824799515093	1.4796881020561399	0.03145017653808197	0.010600635391945104	2.9668199476023296	FALSE
Tgfbr1	0.050762395915805544	0.014388824799515093	3.527904232840214	0.031493608942167114	0.010600635391945104	2.970917098620102	FALSE
Dmbt1	0.08914838797459775	0.014388824799515093	6.19566845915047	0.03152924223574762	0.010600635391945104	2.9742785285969866	FALSE
Msr1	0.0191558167172274	0.014388824799515093	1.3312982112252112	0.031551474997361564	0.010600635391945104	2.976375833219956	FALSE
Hspb1	0.14363352016560713	0.014388824799515093	9.982296828747794	0.03166473960316013	0.010600635391945104	2.9870605329205637	FALSE
St6gal1	0.07610799226329316	0.014388824799515093	5.289382095044901	0.0316769453119691	0.010600635391945104	2.988211945864947	FALSE
Chek2	0.06553615499048676	0.014388824799515093	4.554656541005027	0.032000100694800165	0.010600635391945104	3.0186964754127334	FALSE
Fyb	0.04592921892365353	0.014388824799515093	3.1920062662241433	0.03213104651805087	0.010600635391945104	3.0310491145149334	FALSE
Tubb5	0.12853800761693443	0.014388824799515093	8.933183175686883	0.0322450193876741	0.010600635391945104	3.0418006275525227	FALSE
Angptl1	0.03954335002583631	0.014388824799515093	2.748198729000365	0.03225433931623367	0.010600635391945104	3.042679813395161	FALSE
Nrxn1	0.021016277870928718	0.014388824799515093	1.46059724569285	0.032369840206957844	0.010600635391945104	3.053575470726413	FALSE
Il36g	0.034003126079312086	0.014388824799515093	2.3631621451432228	0.032416943189496394	0.010600635391945104	3.058018881974605	FALSE
Acvr1	0.04115226318649064	0.014388824799515093	2.8600155856979703	0.03242457295875151	0.010600635391945104	3.0587386283834768	FALSE
Col4a2	0.051809243361006736	0.014388824799515093	3.600658433394277	0.032446648520321024	0.010600635391945104	3.0608211037024837	FALSE
Fgf7	0.049172541137067025	0.014388824799515093	3.4174119027930727	0.032506303061004875	0.010600635391945104	3.06644855323529	FALSE
Clec14a	0.024468182835412345	0.014388824799515093	1.7004990453589321	0.03257734977289838	0.010600635391945104	3.073150671482607	FALSE
Hdac11	0.0395008065205169	0.014388824799515093	2.745242024341563	0.032589572592175146	0.010600635391945104	3.0743036985253114	FALSE
Il7	0.03319205078617929	0.014388824799515093	2.3067937269830314	0.03272442098107366	0.010600635391945104	3.087024482130507	FALSE
Apoa1	0.020692458805894067	0.014388824799515093	1.438092345567472	0.03276986535633779	0.010600635391945104	3.091311430373125	FALSE
Itgal	0.029212089400036466	0.014388824799515093	2.0301928619647187	0.032826866717489515	0.010600635391945104	3.09668859495281	FALSE
Itgav	0.02427074281015055	0.014388824799515093	1.6867772836436565	0.0328557873429522	0.010600635391945104	3.099416792310174	FALSE
Adgra3	0.0233195678977256	0.014388824799515093	1.620672169037146	0.033123944883874205	0.010600635391945104	3.1247131571984306	FALSE
Serpina1a	0.05851242852786227	0.014388824799515093	4.066518936962396	0.03320852039300716	0.010600635391945104	3.1326915005718114	FALSE
Gpx3	0.02414585076756182	0.014388824799515093	1.6780974891275027	0.0334097290174524	0.010600635391945104	3.1516723085145246	FALSE
Cd69	0.04125106114828591	0.014388824799515093	2.8668818838961805	0.0334263461530152	0.010600635391945104	3.1532398688492034	FALSE
Tlr1	0.05229462837472904	0.014388824799515093	3.634391905063114	0.03345516854163863	0.010600635391945104	3.155958799135715	FALSE
Casr	0.044622844975913324	0.014388824799515093	3.101215394423117	0.03348782686648109	0.010600635391945104	3.159039588506819	FALSE
Calb1	0.01749700873128629	0.014388824799515093	1.2160137450471942	0.033712765821066415	0.010600635391945104	3.180258972653948	FALSE
Wnt5b	0.05668099670611274	0.014388824799515093	3.939237394010309	0.033844829567649594	0.010600635391945104	3.1927170699000365	FALSE
Itgb8	0.02964783511089568	0.014388824799515093	2.0604764825474016	0.034035974073653594	0.010600635391945104	3.2107484896156167	FALSE
Il11ra1/2	0.08339454833566017	0.014388824799515093	5.7957859309309665	0.034191421900610044	0.010600635391945104	3.2254124999516924	FALSE
Bmp7	0.04876745007516437	0.014388824799515093	3.389258730623216	0.03430199433020028	0.010600635391945104	3.235843235987973	FALSE
Gc	0.032292957595138984	0.014388824799515093	2.2443082075908842	0.034550271062930356	0.010600635391945104	3.259264165352144	FALSE
Cd83	0.018203520412009275	0.014388824799515093	1.2651151616372964	0.03459659679241014	0.010600635391945104	3.2636342552351505	FALSE
Cxcl17	0.04221252239458134	0.014388824799515093	2.9337018820330565	0.03487467237405557	0.010600635391945104	3.2898662282597795	FALSE
Il1a	0.038211635290246966	0.014388824799515093	2.6556467135199746	0.03490172130262125	0.010600635391945104	3.2924178610219283	FALSE
Ceacam1	0.04830907241151294	0.014388824799515093	3.357402226006739	0.03502514535811111	0.010600635391945104	3.3040609419247624	FALSE
Efnb2	0.02936850748584196	0.014388824799515093	2.0410636653822962	0.0350937533634396	0.010600635391945104	3.3105330073049775	FALSE
Rora	0.03343434648027707	0.014388824799515093	2.3236328849736094	0.035221597379531615	0.010600635391945104	3.322593040629881	FALSE
Carmn	0.025993593275274375	0.014388824799515093	1.8065125983152124	0.035234281064032855	0.010600635391945104	3.3237895429179307	FALSE
Cyp1b1	0.035735100345892105	0.014388824799515093	2.4835315492267576	0.03529549386849262	0.010600635391945104	3.3295639896559326	FALSE
Apod	0.08371536745004428	0.014388824799515093	5.818082339348903	0.03540861541135386	0.010600635391945104	3.3402351936619863	FALSE
Il27ra	0.04273985634154731	0.014388824799515093	2.970350736565203	0.03551450619293072	0.010600635391945104	3.350224291264317	FALSE
Kdr	0.02956930270389888	0.014388824799515093	2.055018607558233	0.0358868272554297	0.010600635391945104	3.3853468144653216	FALSE
Igkc	0.09519355552999277	0.014388824799515093	6.615797805335764	0.035929142520682494	0.010600635391945104	3.389338581344215	FALSE
Cidea	0.02675687440350169	0.014388824799515093	1.8595593994864268	0.035996884067793986	0.010600635391945104	3.3957289102827013	FALSE
Hey1	0.049287581346885594	0.014388824799515093	3.4254070109010293	0.0361741130596188	0.010600635391945104	3.4124476243287933	FALSE
Pparg	0.0352482220814977	0.014388824799515093	2.449694299056694	0.03634796189977263	0.010600635391945104	3.42884747525527	FALSE
Atg5	0.037793698910443554	0.014388824799515093	2.626600812577634	0.03638818757366406	0.010600635391945104	3.432642122689517	FALSE
H2-Pa	0.04122997642629082	0.014388824799515093	2.8654165298948024	0.03660973371751331	0.010600635391945104	3.453541449537188	FALSE
Tap2	0.06286237662103661	0.014388824799515093	4.368833278389427	0.03661738186949278	0.010600635391945104	3.4542629300613914	FALSE
Nppc	0.03342480165414456	0.014388824799515093	2.3229695350290864	0.03676678925706029	0.010600635391945104	3.4683571217813554	FALSE
Krt10	0.04601639752963447	0.014388824799515093	3.1980650380276527	0.037079528149869034	0.010600635391945104	3.4978590224925505	FALSE
Tnf	0.06977157304114025	0.014388824799515093	4.849011230124337	0.03712811073619358	0.010600635391945104	3.5024420106369645	FALSE
Pou5f1	0.04542135554711646	0.014388824799515093	3.1567105847759835	0.03715536041742815	0.010600635391945104	3.50501258119496	FALSE
Ephb2	0.03747096773925985	0.014388824799515093	2.604171519311475	0.037184050432940034	0.010600635391945104	3.507719024200601	FALSE
Ltb	0.02836007932682797	0.014388824799515093	1.9709795429425003	0.03736735136088021	0.010600635391945104	3.525010528073987	FALSE
Ffar3	0.03284669014257709	0.014388824799515093	2.2827917220650313	0.03747090950200599	0.010600635391945104	3.534779578446616	FALSE
Krt16	0.1793829449151759	0.014388824799515093	12.466823900810937	0.0375133305063882	0.010600635391945104	3.538781320117162	FALSE
Celsr1	0.03843990488707183	0.014388824799515093	2.671511080485688	0.03754828063641552	0.010600635391945104	3.5420783045652713	FALSE
Ccl20	0.03734713535338374	0.014388824799515093	2.595565369219198	0.03759296605548919	0.010600635391945104	3.546293657458893	FALSE
Mb	0.43716934139533264	0.014388824799515093	30.382560597309197	0.0377580852600474	0.010600635391945104	3.5618700072203118	FALSE
Csf2	0.027840261910184082	0.014388824799515093	1.9348530750838182	0.037793098154358176	0.010600635391945104	3.5651729124723293	FALSE
Ciita	0.06265268925240296	0.014388824799515093	4.354260346162139	0.03800070508051393	0.010600635391945104	3.584757297603951	FALSE
Ccr7	0.05576774726810406	0.014388824799515093	3.875768038400429	0.03804202921696329	0.010600635391945104	3.588655567370003	FALSE
Ddr2	0.01612932663689827	0.014388824799515093	1.1209620564315879	0.03818299797803855	0.010600635391945104	3.6019537099683583	FALSE
Ifnl2/3	0.04962255333592692	0.014388824799515093	3.4486870211665384	0.03818337337687824	0.010600635391945104	3.6019891228304943	FALSE
Tnxa	0.030181981024504787	0.014388824799515093	2.0975987577193886	0.03845054326702556	0.010600635391945104	3.6271923187021615	FALSE
Slc40a1	0.021754105378594873	0.014388824799515093	1.5118750614941112	0.03856960984945039	0.010600635391945104	3.6384243418802535	FALSE
Flt3l	0.04552499269960449	0.014388824799515093	3.163913198883254	0.038570577827288434	0.010600635391945104	3.638515655070667	FALSE
Tnfsf12	0.08760433383996445	0.014388824799515093	6.088359199628085	0.039393464351011084	0.010600635391945104	3.7161418060793054	FALSE
Col8a1	0.025715858642814934	0.014388824799515093	1.787210491553248	0.03968528316084951	0.010600635391945104	3.743670232352712	FALSE
Dhrs2	0.038254747579427276	0.014388824799515093	2.6586429477351388	0.03972237610821752	0.010600635391945104	3.7471693572633	FALSE
Nr1h2	0.07844413819245423	0.014388824799515093	5.4517404503457305	0.039793976882169915	0.010600635391945104	3.7539237423831575	FALSE
Gpr183	0.042567021716706704	0.014388824799515093	2.9583390102950746	0.039896611980393	0.010600635391945104	3.763605718456127	FALSE
Mmp2	0.0767351494436368	0.014388824799515093	5.3329685024883196	0.0399006887392241	0.010600635391945104	3.763990295293304	FALSE
Gm13889	0.030809820108764808	0.014388824799515093	2.141232556379664	0.03990409141397691	0.010600635391945104	3.7643112831046004	FALSE
Atr	0.04002253403052519	0.014388824799515093	2.781501240592905	0.04013780639649665	0.010600635391945104	3.7863585447901906	FALSE
Irf3	0.07104367872468899	0.014388824799515093	4.937420513111201	0.04015677597374025	0.010600635391945104	3.7881480202831415	FALSE
Gh	0.03945403802673605	0.014388824799515093	2.741991689833186	0.04016956930761697	0.010600635391945104	3.78935486623187	FALSE
Cd3d	0.07844824770641097	0.014388824799515093	5.452026054904407	0.04028212042054163	0.010600635391945104	3.799972259318532	FALSE
Tacstd2	0.042461732947638095	0.014388824799515093	2.9510216115126418	0.04028772733186323	0.010600635391945104	3.8005011815118053	FALSE
Ifit3/b	0.0541727060792138	0.014388824799515093	3.7649152612546537	0.04040537635202776	0.010600635391945104	3.8115994804169757	FALSE
Ar	0.030442209560765734	0.014388824799515093	2.115684219172065	0.0406238054238541	0.010600635391945104	3.8322047614921373	FALSE
Igf1	0.0378601150008781	0.014388824799515093	2.63121662320567	0.04066520484956494	0.010600635391945104	3.836110133592974	FALSE
Inhbb	0.01994449193070095	0.014388824799515093	1.386109860158495	0.040767189855704114	0.010600635391945104	3.845730783900093	FALSE
Ramp1	0.0479317774521895	0.014388824799515093	3.331180837910044	0.04077761846583616	0.010600635391945104	3.8467145560747285	FALSE
Mertk	0.038912178659600186	0.014388824799515093	2.704333342144213	0.040842103743505206	0.010600635391945104	3.8527977081957836	FALSE
Myh6	0.0347577965319445	0.014388824799515093	2.4156105183180667	0.04087609425866546	0.010600635391945104	3.8560041683657165	FALSE
Wnt11	0.03505126015826655	0.014388824799515093	2.436005764657569	0.040975717414210126	0.010600635391945104	3.8654020159343974	FALSE
Kit	0.02120091876983953	0.014388824799515093	1.473429488873477	0.041074446945153616	0.010600635391945104	3.874715564348534	FALSE
Fgf18	0.04609353526399588	0.014388824799515093	3.2034259855293565	0.04114397310298623	0.010600635391945104	3.881274242697706	FALSE
Twist1	0.053502701773287795	0.014388824799515093	3.7183510480363102	0.04118687354726322	0.010600635391945104	3.885321211835951	FALSE
Pgf	0.0352175414788596	0.014388824799515093	2.4475620469050705	0.041237399217109325	0.010600635391945104	3.8900874987591383	FALSE
Il3ra	0.02783113217093095	0.014388824799515093	1.934218573004577	0.04134732348374663	0.010600635391945104	3.900457091012149	FALSE
Vcan	0.030792383824820774	0.014388824799515093	2.140020762908899	0.04151963257980844	0.010600635391945104	3.9167116917686977	FALSE
Abl2	0.040010893597167085	0.014388824799515093	2.780692249343078	0.04169870957888269	0.010600635391945104	3.9336047356715493	FALSE
Tagln	0.059598687994692257	0.014388824799515093	4.142012209134741	0.04171745786676106	0.010600635391945104	3.935373336060599	FALSE
Krt20	0.035625367600635394	0.014388824799515093	2.475905301302715	0.04172401019001297	0.010600635391945104	3.9359914427126674	FALSE
Vcam1	0.03696957217579834	0.014388824799515093	2.5693253403880645	0.041927210127388446	0.010600635391945104	3.955160099105649	FALSE
Rxrb	0.03297167237122181	0.014388824799515093	2.2914777843658896	0.041929676408841744	0.010600635391945104	3.9553927532213797	FALSE
Sfn	0.06634229507729886	0.014388824799515093	4.610681970325652	0.04193726420118176	0.010600635391945104	3.9561085397812854	FALSE
Actg2	0.040199755526105975	0.014388824799515093	2.7938178472685773	0.04195447795336108	0.010600635391945104	3.9577323813287837	FALSE
Tnfsf4	0.034967606088464775	0.014388824799515093	2.430191942405414	0.04218458342896979	0.010600635391945104	3.9794391439048793	FALSE
Cpb1	0.03416041261087543	0.014388824799515093	2.3740933041332632	0.04224891951906568	0.010600635391945104	3.985508222570181	FALSE
Tnfrsf11a	0.03138460353616968	0.014388824799515093	2.1811790728890763	0.043021353183593576	0.010600635391945104	4.058374955173288	FALSE
Tnfrsf22	0.045321275790944145	0.014388824799515093	3.1497552039462935	0.043421059453171595	0.010600635391945104	4.096080833622964	FALSE
Myl12b	0.050898052266858715	0.014388824799515093	3.5373321293462405	0.04373867495887038	0.010600635391945104	4.126042764578548	FALSE
Dusp1	0.0693906054765995	0.014388824799515093	4.822534601918148	0.04379737552626101	0.010600635391945104	4.131580222025225	FALSE
Adgrl4	0.0434570702176202	0.014388824799515093	3.0201959383843993	0.043822691802727694	0.010600635391945104	4.133968406839687	FALSE
Tlr3	0.03950371669458321	0.014388824799515093	2.745444276721925	0.043938802409422835	0.010600635391945104	4.144921581097841	FALSE
Il2	0.03494627604824183	0.014388824799515093	2.428709539184849	0.04397150602613119	0.010600635391945104	4.148006643030374	FALSE
Mmp1a	0.05398792993755089	0.014388824799515093	3.7520736189219774	0.043981332512023824	0.010600635391945104	4.148933614436268	FALSE
Ccl19	0.08253457590420257	0.014388824799515093	5.736019240917021	0.044183138847305896	0.010600635391945104	4.167970806813945	FALSE
Icosl	0.054787719313017465	0.014388824799515093	3.807657684098275	0.044280664445960224	0.010600635391945104	4.177170783518024	FALSE
Prtn3	0.06569893595542316	0.014388824799515093	4.5659695542082925	0.044311157954727606	0.010600635391945104	4.180047357198744	FALSE
Il10rb	0.05230858645104257	0.014388824799515093	3.63536196874156	0.044392339947970594	0.010600635391945104	4.187705576752704	FALSE
Becn1	0.07736102209794359	0.014388824799515093	5.37646563745433	0.04460479876862666	0.010600635391945104	4.207747660344929	FALSE
Fasn	0.030100116881301882	0.014388824799515093	2.0919093324644735	0.04467024263162689	0.010600635391945104	4.213921239623955	FALSE
Selplg	0.08964664850085968	0.014388824799515093	6.230296758070249	0.044985044469228824	0.010600635391945104	4.243617746103288	FALSE
Atm	0.025877958049950307	0.014388824799515093	1.798476137594114	0.04506906280807012	0.010600635391945104	4.251543529392197	FALSE
Tnfsf9	0.0706795028025306	0.014388824799515093	4.912110876832173	0.04508728602334195	0.010600635391945104	4.253262597598776	FALSE
Lep	0.03945459211666749	0.014388824799515093	2.7420301981852697	0.04520268649996901	0.010600635391945104	4.264148782469802	FALSE
Npr2	0.03345232195437739	0.014388824799515093	2.3248821512862357	0.04529423938719518	0.010600635391945104	4.272785329605056	FALSE
Ifngr1	0.04224946044102375	0.014388824799515093	2.9362690163860754	0.04536908702109596	0.010600635391945104	4.2798460039074335	FALSE
Cd34	0.02742266126759296	0.014388824799515093	1.9058305073335182	0.04566005300931531	0.010600635391945104	4.307293980133504	FALSE
Fzd5	0.05067851054048506	0.014388824799515093	3.522074335229444	0.04578254365087714	0.010600635391945104	4.318849008396706	FALSE
Lifr	0.04217913320932257	0.014388824799515093	2.931381387779773	0.04588451203572924	0.010600635391945104	4.328468090751862	FALSE
Tnfrsf11b	0.03410478536704129	0.014388824799515093	2.370227300855775	0.04627199057623091	0.010600635391945104	4.365020478997956	FALSE
Bag3	0.05553555969076546	0.014388824799515093	3.859631378139862	0.0467804188639616	0.010600635391945104	4.412982536830548	FALSE
Frmd8	0.07489115289560375	0.014388824799515093	5.204813731426322	0.04688591134419035	0.010600635391945104	4.422934061086247	FALSE
Tpsab1	0.02837263999962643	0.014388824799515093	1.97185248934177	0.04743917317937156	0.010600635391945104	4.475125445350024	FALSE
Pdgfc	0.013037506731366869	0.014388824799515093	0.9060855846827905	0.047532867960603034	0.010600635391945104	4.483964045845865	FALSE
Psca	0.04196832806596033	0.014388824799515093	2.9167307720207054	0.04772789855952099	0.010600635391945104	4.502362056126093	FALSE
Lum	0.051504703868398276	0.014388824799515093	3.5794934323012955	0.047817523726991135	0.010600635391945104	4.51081675380754	FALSE
Pgr	0.033123096950175915	0.014388824799515093	2.3020015471515207	0.047840474700648394	0.010600635391945104	4.512981810222432	FALSE
Lair1	0.04634615396496787	0.014388824799515093	3.2209825757646136	0.04786287876727832	0.010600635391945104	4.5150952747273	FALSE
Mecom	0.037222784231302083	0.014388824799515093	2.5869231678014803	0.04812128199155976	0.010600635391945104	4.539471476221579	FALSE
Mapk14	0.032840442393174414	0.014388824799515093	2.282357513608835	0.048335292719253894	0.010600635391945104	4.559659957362696	FALSE
Rag1	0.04002854369458258	0.014388824799515093	2.7819189025035285	0.04869866939169891	0.010600635391945104	4.5939387207584375	FALSE
Klra17	0.023900495288150247	0.014388824799515093	1.6610456810173755	0.04889444255518752	0.010600635391945104	4.612406780101122	FALSE
Nosip	0.02942692886119854	0.014388824799515093	2.0451238562714473	0.048947862641831826	0.010600635391945104	4.617446108845973	FALSE
Kitl	0.034504668792961185	0.014388824799515093	2.3980185507661473	0.04897215904227205	0.010600635391945104	4.619738084707975	FALSE
Adm2	0.041175267587977134	0.014388824799515093	2.861614354312296	0.04902349402278526	0.010600635391945104	4.624580717117747	FALSE
Ffar2	0.039601289326837444	0.014388824799515093	2.7522254165032307	0.04918199801422089	0.010600635391945104	4.63953302757605	FALSE
Maf	0.046624300664907636	0.014388824799515093	3.2403133205485197	0.04925271981218045	0.010600635391945104	4.6462044954027135	FALSE
Ntrk2	0.05391835972448565	0.014388824799515093	3.7472386018837835	0.049559146068977863	0.010600635391945104	4.675110900110327	FALSE
Pdgfa	0.042106767231169545	0.014388824799515093	2.926352069599774	0.04962976313624597	0.010600635391945104	4.681772488275294	FALSE
Epha3	0.03188489789230982	0.014388824799515093	2.2159487196886536	0.04975196665370828	0.010600635391945104	4.693300430982875	FALSE
Top2a	0.08336688665092601	0.014388824799515093	5.793863488680152	0.049787275702923024	0.010600635391945104	4.696631273702131	FALSE
Hgf	0.03764840829561365	0.014388824799515093	2.6165033503557855	0.04994409475433997	0.010600635391945104	4.711424637082604	FALSE
Maml2	0.07178792128359894	0.014388824799515093	4.989144164575429	0.04995642028547951	0.010600635391945104	4.712587353342887	FALSE
Efna4	0.07479456289510243	0.014388824799515093	5.1981008829590465	0.05005306890328209	0.010600635391945104	4.7217046009633465	FALSE
Angpt2	0.04036994177431516	0.014388824799515093	2.805645515655708	0.05040732502166122	0.010600635391945104	4.755122986303561	FALSE
Cd209a	0.034534347902464096	0.014388824799515093	2.4000812007682457	0.05055107822999475	0.010600635391945104	4.768683796860517	FALSE
Spry2	0.02993748656991939	0.014388824799515093	2.080606789439002	0.050591879246528464	0.010600635391945104	4.772532718649178	FALSE
Lif	0.04877602240730989	0.014388824799515093	3.389854493812007	0.050793129738077175	0.010600635391945104	4.791517476081891	FALSE
Syk	0.04130288213112411	0.014388824799515093	2.8704833582042104	0.05099795766832731	0.010600635391945104	4.810839707502639	FALSE
Aatk	0.06610735374721162	0.014388824799515093	4.59435392871275	0.05118415640309463	0.010600635391945104	4.828404572992571	FALSE
Smo	0.026187569545474305	0.014388824799515093	1.8199936346682624	0.05134931927456808	0.010600635391945104	4.8439850420273745	FALSE
Il18r1	0.06479294813978363	0.014388824799515093	4.503004869582342	0.051442871502898335	0.010600635391945104	4.852810194942392	FALSE
Celsr2	0.05657414809311787	0.014388824799515093	3.93181158860343	0.05185338932613319	0.010600635391945104	4.891535970148922	FALSE
Il10	0.09583245688878023	0.014388824799515093	6.6602004141443025	0.052150803633936454	0.010600635391945104	4.91959224194837	FALSE
Efna5	0.01877900780665725	0.014388824799515093	1.3051106027290085	0.052280101737509445	0.010600635391945104	4.931789445115196	FALSE
Ttn	0.09475476617188591	0.014388824799515093	6.585302656202971	0.052538005324749455	0.010600635391945104	4.956118513864789	FALSE
Calm1	0.05858370443843348	0.014388824799515093	4.071472497212404	0.052577154662328526	0.010600635391945104	4.959811626223773	FALSE
Scgb3a1	0.04457739285270979	0.014388824799515093	3.098056545536093	0.052945263862222355	0.010600635391945104	4.9945368277125	FALSE
Eomes	0.026684144103387833	0.014388824799515093	1.8545047615206973	0.05313823662867815	0.010600635391945104	5.012740714491063	FALSE
Stat5b	0.07472139815060244	0.014388824799515093	5.193016051812694	0.053411383609969935	0.010600635391945104	5.038507753087574	FALSE
Igf2	0.046168818397842634	0.014388824799515093	3.208658041301506	0.053425442397207805	0.010600635391945104	5.039833974273197	FALSE
Ptk2	0.048317557519160094	0.014388824799515093	3.35799192723428	0.053588699004309084	0.010600635391945104	5.05523461782569	FALSE
Best1	0.028482204082323517	0.014388824799515093	1.979467015491312	0.05367335244034628	0.010600635391945104	5.063220312353163	FALSE
Wnt5a	0.034920802685336386	0.014388824799515093	2.4269391817539696	0.05376044500393485	0.010600635391945104	5.071436099461051	FALSE
Ankrd1	0.026079535348715557	0.014388824799515093	1.8124854331115663	0.05394795593392704	0.010600635391945104	5.0891247495333545	FALSE
Ror1	0.05148618591126149	0.014388824799515093	3.578206464296972	0.054356448163547136	0.010600635391945104	5.127659442456619	FALSE
Adgrf5	0.03977059316664719	0.014388824799515093	2.7639917589369403	0.054734625904992174	0.010600635391945104	5.163334449421994	FALSE
Bmpr2	0.05497567213870592	0.014388824799515093	3.82072010082148	0.054776167915437324	0.010600635391945104	5.167253272106596	FALSE
Adgrl1	0.04852463372503877	0.014388824799515093	3.3723833878826617	0.05494086362481316	0.010600635391945104	5.182789671887026	FALSE
Bmp4	0.04281080186231558	0.014388824799515093	2.975281335259452	0.05495928677507203	0.010600635391945104	5.1845276007542775	FALSE
Ptgs1	0.06049867163382776	0.014388824799515093	4.204559613226132	0.05540552420834577	0.010600635391945104	5.226622948511716	FALSE
Il24	0.12258648928719353	0.014388824799515093	8.519562298883834	0.055808737988084	0.010600635391945104	5.264659704312657	FALSE
Wnt9a	0.04492491957602031	0.014388824799515093	3.122209089482714	0.055958898507891174	0.010600635391945104	5.278824941985229	FALSE
Gata3	0.03408160644427286	0.014388824799515093	2.368616403295245	0.05628751740326136	0.010600635391945104	5.309824866350129	FALSE
Hdac1	0.13136161946110925	0.014388824799515093	9.12941962192327	0.05634866432427114	0.010600635391945104	5.315593098040868	FALSE
Gzmf	0.030342830536776208	0.014388824799515093	2.108777538093227	0.056651794904396	0.010600635391945104	5.344188608490665	FALSE
Col27a1	0.04540448318572046	0.014388824799515093	3.1555379830082164	0.05686431083609604	0.010600635391945104	5.364236079594286	FALSE
Cfd	0.07059069560584907	0.014388824799515093	4.905938920614837	0.05691073791991699	0.010600635391945104	5.36861573063447	FALSE
Epcam	0.03568306098223835	0.014388824799515093	2.4799148978060304	0.05697660325372697	0.010600635391945104	5.374829068927384	FALSE
Ctsw	0.037913084327158106	0.014388824799515093	2.634897905521498	0.05722990121813591	0.010600635391945104	5.398723671000143	FALSE
Il2rb	0.054920346998816816	0.014388824799515093	3.8168750932784756	0.05745530639019892	0.010600635391945104	5.419987035291899	FALSE
Pdgfb	0.045709654254662835	0.014388824799515093	3.1767468776326515	0.057629873791644255	0.010600635391945104	5.436454670956265	FALSE
Il18	0.06881805040413011	0.014388824799515093	4.7827429524647	0.05767347992142768	0.010600635391945104	5.440568210208502	FALSE
Cdh1	0.07557929237042943	0.014388824799515093	5.25263830948699	0.05781970816437482	0.010600635391945104	5.454362500601534	FALSE
Efnb1	0.044572943901208785	0.014388824799515093	3.097747350618301	0.05789844052211039	0.010600635391945104	5.4617896363178895	FALSE
Ptger4	0.045371710748804556	0.014388824799515093	3.1532603517650446	0.058486922991236215	0.010600635391945104	5.517303522737658	FALSE
Smad3	0.04050433119318592	0.014388824799515093	2.8149853624286907	0.05869775888865969	0.010600635391945104	5.53719250954157	FALSE
Ace	0.033013575463825606	0.014388824799515093	2.2943899813790334	0.05894148849432169	0.010600635391945104	5.560184490366342	FALSE
Bmp5	0.03445904115664647	0.014388824799515093	2.394847504002394	0.05907085092353458	0.010600635391945104	5.572387761626024	FALSE
Cav1	0.06604708646051807	0.014388824799515093	4.59016544997781	0.0592279392819509	0.010600635391945104	5.587206529804361	FALSE
Cdh5	0.04577004642315305	0.014388824799515093	3.180944035450033	0.059279926045414905	0.010600635391945104	5.592110647486166	FALSE
Myl9	0.046952537038881505	0.014388824799515093	3.2631252164849363	0.059309808041093814	0.010600635391945104	5.594929534710758	FALSE
Tlr5	0.04385829684579775	0.014388824799515093	3.0480805386744154	0.05946506513503157	0.010600635391945104	5.6095755524443485	FALSE
Runx3	0.07780241697983896	0.014388824799515093	5.407141866267002	0.05982054049540243	0.010600635391945104	5.643108953719613	FALSE
Il17re	0.04235704428179792	0.014388824799515093	2.9437459189318482	0.059941607862733864	0.010600635391945104	5.654529718877089	FALSE
Dusp2	0.045554719724272635	0.014388824799515093	3.165979178911668	0.060035443072312074	0.010600635391945104	5.663381566536099	FALSE
Saa1/2	0.05905806205625337	0.014388824799515093	4.1044395827408815	0.060065536017142054	0.010600635391945104	5.666220353431161	FALSE
Sec23a	0.035941794784775494	0.014388824799515093	2.4978964776877914	0.060075308381279904	0.010600635391945104	5.667142219317169	FALSE
Ifit1	0.047562376273020346	0.014388824799515093	3.3055080547386475	0.060265350834877336	0.010600635391945104	5.685069678056278	FALSE
Smad4	0.032405053797445835	0.014388824799515093	2.252098711948866	0.060466164854595175	0.010600635391945104	5.7040132613692585	FALSE
Il12rb1	0.07073589425555252	0.014388824799515093	4.916029991409467	0.0606124124235299	0.010600635391945104	5.717809374859385	FALSE
Met	0.025817689495282986	0.014388824799515093	1.794287570737052	0.060809790389356355	0.010600635391945104	5.736428821574478	FALSE
Fes	0.086606198610509	0.014388824799515093	6.018990419108283	0.06087041889099144	0.010600635391945104	5.742148148708506	FALSE
Serpinb5	0.0405229693530594	0.014388824799515093	2.8162806843283708	0.061055271847087804	0.010600635391945104	5.759586061556336	FALSE
Ctsg	0.03425233499301501	0.014388824799515093	2.3804817606903743	0.0611555628550802	0.010600635391945104	5.769046910296459	FALSE
Selenop	0.05600946152595746	0.014388824799515093	3.892566787514502	0.061178447634607384	0.010600635391945104	5.771205722356402	FALSE
Thbs2	0.03217224553800835	0.014388824799515093	2.2359189152885204	0.0611921702357658	0.010600635391945104	5.77250022977516	FALSE
Ccl11	0.05535029855971494	0.014388824799515093	3.8467560298308907	0.061199177139449376	0.010600635391945104	5.7731612188031285	FALSE
Fgr	0.0397795210237676	0.014388824799515093	2.764612230535198	0.0612215699121262	0.010600635391945104	5.775273617904586	FALSE
Lyz3	0.049870289696401636	0.014388824799515093	3.465904296651265	0.06174399622686627	0.010600635391945104	5.8245561651693505	FALSE
Foxp3	0.03216518443731864	0.014388824799515093	2.235428180236277	0.06186450789666909	0.010600635391945104	5.835924509173937	FALSE
Itga1	0.02291477453077618	0.014388824799515093	1.59253968618399	0.06190251094936948	0.010600635391945104	5.8395094879318385	FALSE
Myl7	0.035326693032435734	0.014388824799515093	2.4551479029493954	0.06192447134845762	0.010600635391945104	5.841581099517011	FALSE
Col16a1	0.038531451600410875	0.014388824799515093	2.677873428670102	0.06194255810254957	0.010600635391945104	5.843287294799012	FALSE
Entpd1	0.0390534246950105	0.014388824799515093	2.7141497126524614	0.06201374699862078	0.010600635391945104	5.850002825844	FALSE
Htt	0.05125415863165437	0.014388824799515093	3.562080944468908	0.06209904464198728	0.010600635391945104	5.858049291005071	FALSE
Notch2	0.06762226801566308	0.014388824799515093	4.699638014769766	0.0628322891368946	0.010600635391945104	5.927219153734666	FALSE
Dusp5	0.07171965392969187	0.014388824799515093	4.984399694136859	0.06291067464185983	0.010600635391945104	5.9346135694528765	FALSE
Ifnar2	0.04565488690201317	0.014388824799515093	3.172940635398643	0.06333007434091842	0.010600635391945104	5.974177207249275	FALSE
Clec10a	0.05310505407068712	0.014388824799515093	3.690715177272627	0.06348286316254263	0.010600635391945104	5.988590383061387	FALSE
H2-DMb2	0.05710000151914586	0.014388824799515093	3.968357549330238	0.06376708430904887	0.010600635391945104	6.015402091605029	FALSE
Fgfr3	0.04269886061717655	0.014388824799515093	2.967501600173456	0.06392863057943408	0.010600635391945104	6.030641392308453	FALSE
Il23a	0.06868397079571775	0.014388824799515093	4.773424637016389	0.06448096443000459	0.010600635391945104	6.082745236101647	FALSE
Foxf1	0.04265145265550777	0.014388824799515093	2.9642068236834143	0.06459674606912312	0.010600635391945104	6.0936673775429515	FALSE
Cd6	0.05990479850250985	0.014388824799515093	4.16328639323822	0.06479166128437425	0.010600635391945104	6.112054503224043	FALSE
S100a9	0.05232449749776344	0.014388824799515093	3.6364677606976485	0.06487485569760221	0.010600635391945104	6.1199025623404975	FALSE
Cd33	0.03477708837391836	0.014388824799515093	2.4169512700641373	0.0648956679112525	0.010600635391945104	6.121865861037301	FALSE
Col6a1	0.05704787505293323	0.014388824799515093	3.964734844422858	0.06545970564424894	0.010600635391945104	6.175073778500911	FALSE
Gzma	0.034112577362081134	0.014388824799515093	2.370768831880609	0.06555954701747353	0.010600635391945104	6.184492211409231	FALSE
Pdgfra	0.046574009436909286	0.014388824799515093	3.2368181617222027	0.06559953156704755	0.010600635391945104	6.188264112629831	FALSE
Cd244a	0.017066336593830545	0.014388824799515093	1.1860827295920433	0.06565965612145828	0.010600635391945104	6.193935900422516	FALSE
Klrb1	0.05514593015214492	0.014388824799515093	3.8325527567757547	0.06599372010585226	0.010600635391945104	6.225449481641224	FALSE
Ngfr	0.05060886082348194	0.014388824799515093	3.5172337927964397	0.06603656730409435	0.010600635391945104	6.229491427869716	FALSE
Tie1	0.05321934303085244	0.014388824799515093	3.698658074747421	0.06612137359772123	0.010600635391945104	6.237491542060165	FALSE
Cd2	0.0483612061662131	0.014388824799515093	3.361025437452188	0.06636646864060346	0.010600635391945104	6.260612329995996	FALSE
Flt1	0.05205489748383732	0.014388824799515093	3.6177309967379396	0.06643133283140382	0.010600635391945104	6.266731226496262	FALSE
Hilpda	0.06353213023757726	0.014388824799515093	4.415380069101842	0.06663810548775265	0.010600635391945104	6.2862369116466015	FALSE
Hba-a1/2	0.07705610814354784	0.014388824799515093	5.3552746118741155	0.06671024399882738	0.010600635391945104	6.2930420236429585	FALSE
Cxcl5	0.041287393468636475	0.014388824799515093	2.869406921267668	0.06713059904290002	0.010600635391945104	6.332695782925354	FALSE
Ramp2	0.056235600259565845	0.014388824799515093	3.9082830629406926	0.06743402757167961	0.010600635391945104	6.361319400054017	FALSE
Rgcc	0.06937890950033732	0.014388824799515093	4.82172175052652	0.06751987843546808	0.010600635391945104	6.36941805269268	FALSE
Arid5b	0.04516472159112646	0.014388824799515093	3.1388749408255023	0.06772495392201	0.010600635391945104	6.388763637080738	FALSE
Lefty1	0.09626485965215958	0.014388824799515093	6.690251705295886	0.06784715296750561	0.010600635391945104	6.400291157929957	FALSE
Sorbs1	0.06502213727786342	0.014388824799515093	4.518933143174743	0.0681655249447299	0.010600635391945104	6.430324449846232	FALSE
Tbx21	0.054325046760530994	0.014388824799515093	3.7755026916695633	0.0681698095247866	0.010600635391945104	6.430728631284258	FALSE
Mt1	0.34391054747973276	0.014388824799515093	23.9012255880218	0.06837171879646398	0.010600635391945104	6.449775534060557	FALSE
Nkg7	0.07177849485766953	0.014388824799515093	4.9884890432531	0.06885030263886714	0.010600635391945104	6.494922246942203	FALSE
Mxra8	0.05271141496922256	0.014388824799515093	3.663357897790162	0.06907762682142647	0.010600635391945104	6.51636663910874	FALSE
Cldn4	0.09567670433822079	0.014388824799515093	6.649375864347526	0.06929220443933545	0.010600635391945104	6.5366085972532515	FALSE
Cst7	0.05243291565116912	0.014388824799515093	3.644002646618932	0.06972046551236777	0.010600635391945104	6.577008163618653	FALSE
Vegfc	0.03530133318116831	0.014388824799515093	2.453385434393361	0.06986225186851042	0.010600635391945104	6.590383433203945	FALSE
Il1rap	0.043841743781205575	0.014388824799515093	3.04693012751695	0.0700055157763435	0.010600635391945104	6.6038980861031416	FALSE
Blk	0.0637738670485829	0.014388824799515093	4.432180385623439	0.07065921148129395	0.010600635391945104	6.665563795825331	FALSE
Tnfrsf10b	0.06606198129767668	0.014388824799515093	4.591200617016547	0.07114017986753125	0.010600635391945104	6.710935452188757	FALSE
Tek	0.04978329657095429	0.014388824799515093	3.4598584154441854	0.07126744015380573	0.010600635391945104	6.722940419963725	FALSE
Kras	0.06658986033624315	0.014388824799515093	4.627887354531361	0.07131928993134873	0.010600635391945104	6.727831615220038	FALSE
Ms4a4b	0.07370474757903736	0.014388824799515093	5.122360485028717	0.07133632918424981	0.010600635391945104	6.729438995558205	FALSE
Tert	0.027717672412008263	0.014388824799515093	1.9263333036720522	0.07146043969062713	0.010600635391945104	6.741146832097099	FALSE
Axl	0.10692373036662482	0.014388824799515093	7.431025942454188	0.07149500614679802	0.010600635391945104	6.744407623067908	FALSE
Cd300a	0.04017931309311768	0.014388824799515093	2.792397131312054	0.07173467194369607	0.010600635391945104	6.767016248686723	FALSE
Calm3	0.06102026885663341	0.014388824799515093	4.24080977472808	0.0724710180034518	0.010600635391945104	6.836478694335524	FALSE
Ccl9	0.04959007833982415	0.014388824799515093	3.446430061577743	0.0726632817549076	0.010600635391945104	6.854615696915755	FALSE
Acta2	0.08802551489146984	0.014388824799515093	6.117630599994262	0.07273081783310324	0.010600635391945104	6.860986643156106	FALSE
Emp3	0.06688837339638257	0.014388824799515093	4.6486335283362905	0.07324735199488235	0.010600635391945104	6.909713360251912	FALSE
Hdac5	0.04037165111048668	0.014388824799515093	2.80576431174888	0.07326780119893059	0.010600635391945104	6.911642414812526	FALSE
Clec12a	0.04056791396886171	0.014388824799515093	2.8194042622736544	0.07334175913992177	0.010600635391945104	6.918619160852427	FALSE
Efna1	0.08078436832673387	0.014388824799515093	5.61438265128201	0.07376284815295807	0.010600635391945104	6.958342158339565	FALSE
Col17a1	0.054474050889950706	0.014388824799515093	3.7858582371359817	0.07394279202554396	0.010600635391945104	6.975316977860536	FALSE
Cd3e	0.052708781899429694	0.014388824799515093	3.6631749037076324	0.07486998338384375	0.010600635391945104	7.062782617797961	FALSE
Col3a1	0.0647507265902164	0.014388824799515093	4.500070540326442	0.07488571848024345	0.010600635391945104	7.064266971878439	FALSE
Etv5	0.0621823957462793	0.014388824799515093	4.321575709808828	0.07489504385653653	0.010600635391945104	7.065146671627397	FALSE
Sigirr	0.04567206280976136	0.014388824799515093	3.1741343331458536	0.07494465991594625	0.010600635391945104	7.069827151388772	FALSE
Osmr	0.025793365927256985	0.014388824799515093	1.7925971221865338	0.07495198944445468	0.010600635391945104	7.070518574896649	FALSE
Cenpf	0.036202547236852144	0.014388824799515093	2.5160183504404183	0.07511896257862882	0.010600635391945104	7.086269813195159	FALSE
Prf1	0.052325490972337144	0.014388824799515093	3.6365368055701484	0.07546535337827387	0.010600635391945104	7.118946231809486	FALSE
Pf4	0.06147865841679336	0.014388824799515093	4.272667106132616	0.0758072698061658	0.010600635391945104	7.151200565181968	FALSE
Lyn	0.024435764951292373	0.014388824799515093	1.698246054960365	0.07603505704987967	0.010600635391945104	7.172688639744646	FALSE
Clcf1	0.08359276437451044	0.014388824799515093	5.809561624332763	0.07611855208844943	0.010600635391945104	7.180565058042477	FALSE
Gas6	0.05165525294796515	0.014388824799515093	3.589956349298655	0.07633785281128573	0.010600635391945104	7.201252565416133	FALSE
Prss2	0.0391731421048931	0.014388824799515093	2.7224698785833605	0.07644694253804263	0.010600635391945104	7.211543432210758	FALSE
Txk	0.03930057398733418	0.014388824799515093	2.7313261878522987	0.07683276131070232	0.010600635391945104	7.247939247970336	FALSE
Il6ra	0.049207371317294024	0.014388824799515093	3.4198325438608665	0.07686740715606218	0.010600635391945104	7.251207528038357	FALSE
Il17ra	0.05783239939238458	0.014388824799515093	4.019258014339958	0.07709680606822156	0.010600635391945104	7.2728476376806235	FALSE
Sod2	0.08330430419499951	0.014388824799515093	5.789514109436296	0.07712935294395887	0.010600635391945104	7.275917913615408	FALSE
Ltf	0.0422903677956128	0.014388824799515093	2.9391120112212357	0.07764297544973672	0.010600635391945104	7.324369962647123	FALSE
Tgfb1	0.07385581218659823	0.014388824799515093	5.132859230386014	0.07764730075463358	0.010600635391945104	7.3247779858209165	FALSE
Cx3cr1	0.057444822393340304	0.014388824799515093	3.992322041149338	0.07794750088158611	0.010600635391945104	7.353097054994887	FALSE
Gdf15	0.08342893213434949	0.014388824799515093	5.798175549205455	0.07824879366683118	0.010600635391945104	7.381519198961277	FALSE
Etv4	0.030507922255585795	0.014388824799515093	2.120251144945063	0.0786483529386213	0.010600635391945104	7.41921121052633	FALSE
Cxcl2	0.053288566696568083	0.014388824799515093	3.7034690073065537	0.07885518532807605	0.010600635391945104	7.438722530537574	FALSE
Plekhg2	0.08096196872330612	0.014388824799515093	5.626725590962408	0.0789704129413058	0.010600635391945104	7.4495924085184075	FALSE
Mapk13	0.0554086365324072	0.014388824799515093	3.8508104243700627	0.07937186080895701	0.010600635391945104	7.487462578825015	FALSE
Krt19	0.05699954796728091	0.014388824799515093	3.961376190305814	0.07956948545619469	0.010600635391945104	7.5061052959764645	FALSE
Oasl1	0.05904902025356281	0.014388824799515093	4.103811192110197	0.07967235202288635	0.010600635391945104	7.515809107388545	FALSE
Dll1	0.05517394664621834	0.014388824799515093	3.83449985770052	0.07990994015515716	0.010600635391945104	7.538221738658869	FALSE
Icam1	0.07243188006312279	0.014388824799515093	5.03389825592732	0.08027376431840405	0.010600635391945104	7.572542715637602	FALSE
Krt17	0.08174853802081514	0.014388824799515093	5.681390882149742	0.08032213913630662	0.010600635391945104	7.577106104162343	FALSE
Ahr	0.042696676469845214	0.014388824799515093	2.9673498054743224	0.08082992735765364	0.010600635391945104	7.625007781993171	FALSE
Cd37	0.08138764683085493	0.014388824799515093	5.656309529434101	0.08103755611413134	0.010600635391945104	7.644594226465685	FALSE
Tnfrsf18	0.053122325318193164	0.014388824799515093	3.691915500978468	0.08121038851556768	0.010600635391945104	7.660898192694696	FALSE
Adgrg3	0.053192694383714094	0.014388824799515093	3.696806036967432	0.08155602175921538	0.010600635391945104	7.6935031480458	FALSE
Il10ra	0.04424117504068748	0.014388824799515093	3.074689952592822	0.08181931595893022	0.010600635391945104	7.718340734660174	FALSE
Vhl	0.07690543707909742	0.014388824799515093	5.344803217125081	0.08184537369847694	0.010600635391945104	7.720798864629113	FALSE
Cd14	0.06536891909662164	0.014388824799515093	4.543033917462432	0.08240375234469469	0.010600635391945104	7.773472937981548	FALSE
Adgrf3	0.05003194582797334	0.014388824799515093	3.4771391357589834	0.08255797562609904	0.010600635391945104	7.78802143207668	FALSE
Tnnc1	0.054144093443608536	0.014388824799515093	3.762926729459741	0.08260095066773666	0.010600635391945104	7.792075438279957	FALSE
Tgfb2	0.045042877133458496	0.014388824799515093	3.130406948521359	0.08269835413076422	0.010600635391945104	7.801263893445726	FALSE
Srebf1	0.027153848712535403	0.014388824799515093	1.8871484704887431	0.08275829728728018	0.010600635391945104	7.806918569255207	FALSE
Ptk6	0.04327916753684197	0.014388824799515093	3.0078319904416717	0.0832047214521676	0.010600635391945104	7.849031532146718	FALSE
Pds5a	0.05849640381928697	0.014388824799515093	4.0654052456916645	0.08344014240214778	0.010600635391945104	7.871239724512155	FALSE
Mgp	0.047704747597877586	0.014388824799515093	3.3154026310394196	0.08367625346769704	0.010600635391945104	7.893513018217613	FALSE
Cxcl16	0.07417794933538298	0.014388824799515093	5.155247240058326	0.08372527297764817	0.010600635391945104	7.898137223101442	FALSE
Thbs1	0.041888471717970145	0.014388824799515093	2.9111808852785392	0.08390083414333517	0.010600635391945104	7.914698604489995	FALSE
Aif1	0.08437787936207947	0.014388824799515093	5.86412584333663	0.084485583998824	0.010600635391945104	7.969860378654321	FALSE
Aqp3	0.10392418372300659	0.014388824799515093	7.222562312838006	0.08492380107965047	0.010600635391945104	8.011199134740531	FALSE
Ackr3	0.049797321052139513	0.014388824799515093	3.460833094153575	0.08513888267965106	0.010600635391945104	8.031488635515553	FALSE
Ifih1	0.03364808209377001	0.014388824799515093	2.3384871636566147	0.08561263013904644	0.010600635391945104	8.076179113197236	FALSE
Glul	0.11401821524236092	0.014388824799515093	7.924081141512222	0.08573100517441509	0.010600635391945104	8.08734589999745	FALSE
Ccrl2	0.062411829156130506	0.014388824799515093	4.337520959893389	0.0868538853703339	0.010600635391945104	8.193271644483675	FALSE
Col5a3	0.058951953776012776	0.014388824799515093	4.097065229260382	0.08759997096165334	0.010600635391945104	8.263652858791485	FALSE
Nusap1	0.05925561549114563	0.014388824799515093	4.118169226241642	0.08812133160444473	0.010600635391945104	8.312834876992728	FALSE
Ifitm1	0.132997616820986	0.014388824799515093	9.243118786564699	0.08848335125407823	0.010600635391945104	8.346985627041972	FALSE
Cxcr5	0.049816811603527494	0.014388824799515093	3.4621876558818294	0.08912618271659122	0.010600635391945104	8.407626469665562	FALSE
Ifnar1	0.07876202809569707	0.014388824799515093	5.473833283337453	0.0897976764788933	0.010600635391945104	8.470971140760685	FALSE
Jag1	0.05170981843886069	0.014388824799515093	3.5937485624679595	0.08988288198095201	0.010600635391945104	8.479008913866574	FALSE
Ccr1	0.07072536283976184	0.014388824799515093	4.915298075082915	0.08998734088184504	0.010600635391945104	8.488862936482274	FALSE
Stat5a	0.07293068933401226	0.014388824799515093	5.068564691709224	0.09036780329504149	0.010600635391945104	8.52475346559957	FALSE
Fzd3	0.04883261176060955	0.014388824799515093	3.3937873621378185	0.09105752896352451	0.010600635391945104	8.589818024749215	FALSE
Cd276	0.059061905879507236	0.014388824799515093	4.104706722226379	0.09107601605422196	0.010600635391945104	8.591561985371754	FALSE
Ptprcap	0.08514947902417995	0.014388824799515093	5.917750769128102	0.09135087550297734	0.010600635391945104	8.617490567819202	FALSE
Cxcr6	0.09007896903325815	0.014388824799515093	6.260342334301954	0.09185960145522948	0.010600635391945104	8.665480705527239	FALSE
Brca1	0.04261248000032563	0.014388824799515093	2.9614982873209827	0.09187608999938451	0.010600635391945104	8.667036135324171	FALSE
Spry4	0.06993039583493449	0.014388824799515093	4.860049156849221	0.09194073049560274	0.010600635391945104	8.673133929826879	FALSE
Cystm1	0.07642363298943547	0.014388824799515093	5.311318613873939	0.09314964562512092	0.010600635391945104	8.78717569098742	FALSE
H2-M3	0.08440209488571956	0.014388824799515093	5.865808782977463	0.09394465638784327	0.010600635391945104	8.862172210849469	FALSE
Stat6	0.05540659257107014	0.014388824799515093	3.8506683723702966	0.09495160202767072	0.010600635391945104	8.957161388629565	FALSE
Krt7	0.05547772586017044	0.014388824799515093	3.8556120206592586	0.0949931280052595	0.010600635391945104	8.961078698871207	FALSE
Dusp4	0.05608629507270135	0.014388824799515093	3.8979065944698608	0.09519212158194489	0.010600635391945104	8.979850552569392	FALSE
Col5a1	0.018100203681838303	0.014388824799515093	1.2579348163616728	0.09561175249185697	0.010600635391945104	9.019436001403047	FALSE
Gsn	0.2697703021988481	0.014388824799515093	18.748598718634717	0.09572373433751129	0.010600635391945104	9.029999693249236	FALSE
Msh2	0.04834430168055739	0.014388824799515093	3.3598506031004423	0.09654221379922902	0.010600635391945104	9.107210108611664	FALSE
Hspa1b	0.07951364082273882	0.014388824799515093	5.526069149540166	0.09924752012433566	0.010600635391945104	9.362412388954432	FALSE
Col6a2	0.05787960413319041	0.014388824799515093	4.022538667309436	0.09950107342086605	0.010600635391945104	9.386331077519369	FALSE
Tcap	0.30622536034279224	0.014388824799515093	21.28216616781046	0.09962767441183991	0.010600635391945104	9.398273851352537	FALSE
Cd48	0.05762538280724158	0.014388824799515093	4.004870697236064	0.09979146064402647	0.010600635391945104	9.413724456540884	FALSE
Cxcr3	0.0750872260960065	0.014388824799515093	5.218440501029449	0.1012744302231594	0.010600635391945104	9.553618861385688	FALSE
Nt5c3	0.0611874449048595	0.014388824799515093	4.252428239095769	0.10167908704069326	0.010600635391945104	9.591791744667885	FALSE
Fzd7	0.06374184622532646	0.014388824799515093	4.429954990311271	0.10214341348724017	0.010600635391945104	9.635593500824854	FALSE
Il1rn	0.04561435544233905	0.014388824799515093	3.1701237646507634	0.10228047409782583	0.010600635391945104	9.648522972079926	FALSE
Erbb2	0.05556483259441378	0.014388824799515093	3.8616657974935054	0.10306197201857367	0.010600635391945104	9.722244771939364	FALSE
Alcam	0.04135730653017331	0.014388824799515093	2.8742657657188975	0.1039079678654311	0.010600635391945104	9.802050917097443	FALSE
Itgb1	0.032472824965511335	0.014388824799515093	2.2568086982757394	0.10480641943383726	0.010600635391945104	9.886805418614289	FALSE
Col12a1	0.04747963011095547	0.014388824799515093	3.2997573306025343	0.10570631246720873	0.010600635391945104	9.971695899241068	FALSE
Sox9	0.06931382536167789	0.014388824799515093	4.817198508387828	0.10590595575101203	0.010600635391945104	9.990529042389733	FALSE
Mmp12	0.044077660264879574	0.014388824799515093	3.0633259407234568	0.10595935446295084	0.010600635391945104	9.995566354773798	FALSE
Tlr4	0.05035170755078106	0.014388824799515093	3.4993620571763393	0.10596306267874246	0.010600635391945104	9.995916165483678	FALSE
Cd24a	0.06924227461796661	0.014388824799515093	4.812225847680076	0.1060246956547727	0.010600635391945104	10.00173024867317	FALSE
Fabp5	0.111746706823571	0.014388824799515093	7.766214988408011	0.10617592624624977	0.010600635391945104	10.015996430452422	FALSE
Il15	0.040076232804206025	0.014388824799515093	2.7852332183206934	0.10620097882685303	0.010600635391945104	10.018359739789737	FALSE
Abl1	0.06577556113801009	0.014388824799515093	4.57129488019249	0.10642676221065231	0.010600635391945104	10.039658782295325	FALSE
Parp1	0.04267877786065017	0.014388824799515093	2.9661058811480183	0.10652154119961918	0.010600635391945104	10.048599660408998	FALSE
Itgb5	0.06287484911474107	0.014388824799515093	4.369700096484598	0.10661569848980991	0.010600635391945104	10.057481891210209	FALSE
Osm	0.0740735328052204	0.014388824799515093	5.147990460466007	0.10678882431003127	0.010600635391945104	10.073813536797502	FALSE
Ccl4	0.09732268860553862	0.014388824799515093	6.763769102867833	0.10706261297762648	0.010600635391945104	10.099641108209235	FALSE
Il34	0.04826830644750917	0.014388824799515093	3.3545690575880682	0.10733133922982183	0.010600635391945104	10.12499112188856	FALSE
Birc5	0.08609527076067847	0.014388824799515093	5.983481761733585	0.10853390532075069	0.010600635391945104	10.238433953045892	FALSE
Map1lc3b	0.12632780337671917	0.014388824799515093	8.7795775636226	0.10936780942930087	0.010600635391945104	10.31709943654925	FALSE
Fabp4	0.0689782502422143	0.014388824799515093	4.793876581535615	0.10967952679793833	0.010600635391945104	10.346504972831944	FALSE
S100a4	0.24680234485553543	0.014388824799515093	17.152362913186124	0.11010005926077507	0.010600635391945104	10.38617546873036	FALSE
Cd53	0.04581972268013214	0.014388824799515093	3.1843964547873482	0.1104297365857764	0.010600635391945104	10.41727523896223	FALSE
Ica1	0.03869309328819585	0.014388824799515093	2.6891072639580553	0.11056782026188983	0.010600635391945104	10.430301220048076	FALSE
Il1b	0.04539945101159337	0.014388824799515093	3.155188255063287	0.11109685584700406	0.010600635391945104	10.480207246012917	FALSE
Yes1	0.05048302496543819	0.014388824799515093	3.5084884046360396	0.11114183261726346	0.010600635391945104	10.484450083219976	FALSE
Hdac4	0.0518186155008602	0.014388824799515093	3.601309781922322	0.11142738225057841	0.010600635391945104	10.511387113195738	FALSE
Slc2a1	0.13035652662453914	0.014388824799515093	9.059567298986932	0.11195110198094424	0.010600635391945104	10.560791673488772	FALSE
S100b	0.02141204344299701	0.014388824799515093	1.4881023114353717	0.11206204845002274	0.010600635391945104	10.571257694154175	FALSE
Cd274	0.02751954103151969	0.014388824799515093	1.9125634938891678	0.11303190279307374	0.010600635391945104	10.662747902730535	FALSE
Hdac3	0.06591767039194371	0.014388824799515093	4.581171242988876	0.11315938792977091	0.010600635391945104	10.674774081538086	FALSE
Ddr1	0.046837086596052666	0.014388824799515093	3.255101597847733	0.11473934402970909	0.010600635391945104	10.823817609734396	FALSE
App	0.07138848108731152	0.014388824799515093	4.9613837184060605	0.11485227673344547	0.010600635391945104	10.834470999796485	FALSE
H2az1	0.14634638830489508	0.014388824799515093	10.170836767004557	0.1153572889758309	0.010600635391945104	10.88211080851674	FALSE
Nod2	0.06421277886517664	0.014388824799515093	4.462684045422572	0.11620522964223001	0.010600635391945104	10.962100416219258	FALSE
Bmp1	0.03241726301087578	0.014388824799515093	2.2529472324917217	0.11623319376108052	0.010600635391945104	10.964738382512461	FALSE
Krt14	0.2034338415356734	0.014388824799515093	14.138322230633399	0.1166229376528993	0.010600635391945104	11.001504470337247	FALSE
Ezh2	0.037660836408948094	0.014388824799515093	2.6173670840871783	0.11686693646529438	0.010600635391945104	11.024521846501367	FALSE
Bcl2l1	0.09602843555298447	0.014388824799515093	6.673820613634872	0.11735928111776903	0.010600635391945104	11.070966671200154	FALSE
Pnoc	0.09176542316450993	0.014388824799515093	6.3775481627660415	0.11737916301216039	0.010600635391945104	11.072842209189742	FALSE
Ddit3	0.060745411503036195	0.014388824799515093	4.221707634183115	0.1185662733791305	0.010600635391945104	11.184827040577504	FALSE
Bcl2	0.07027237463649084	0.014388824799515093	4.883816129226831	0.11972946151654781	0.010600635391945104	11.29455519312779	FALSE
Chil1	0.048207774979858085	0.014388824799515093	3.3503622187048037	0.11975630021821383	0.010600635391945104	11.29708699435231	FALSE
Cd27	0.08152504470770841	0.014388824799515093	5.665858459160322	0.1200795140721261	0.010600635391945104	11.327577039709201	FALSE
S100a2	0.09439629822639065	0.014388824799515093	6.560389715049684	0.12010094368516554	0.010600635391945104	11.329598580140232	FALSE
Ccl2	0.04706061422033972	0.014388824799515093	3.270636405408569	0.12032348771952676	0.010600635391945104	11.350592041959542	FALSE
Casp8	0.0461645265717938	0.014388824799515093	3.2083597663479475	0.12117476002653496	0.010600635391945104	11.430895936540713	FALSE
H2-Eb1	0.09944509779763018	0.014388824799515093	6.911273101398907	0.12244681792438628	0.010600635391945104	11.550894205589556	FALSE
Chek1	0.05667419731638267	0.014388824799515093	3.9387648474455403	0.12259443171241252	0.010600635391945104	11.564819199947763	FALSE
Timp1	0.05151518494001103	0.014388824799515093	3.5802218497890883	0.12321007763076111	0.010600635391945104	11.622895522317684	FALSE
Smarcb1	0.060451893929984055	0.014388824799515093	4.201308638633316	0.12332411546283875	0.010600635391945104	11.63365316352137	FALSE
Ifna	0.09064881058344994	0.014388824799515093	6.299945398355592	0.12373397586246151	0.010600635391945104	11.672316921349905	FALSE
Ptprc	0.030945431097854362	0.014388824799515093	2.1506573003027483	0.12375376741117283	0.010600635391945104	11.674183936673002	FALSE
H2-Q10	0.06413086048334993	0.014388824799515093	4.456990850671221	0.12429831545682363	0.010600635391945104	11.72555331459393	FALSE
Vegfb	0.12876473374989797	0.014388824799515093	8.948940274416113	0.12571590763776394	0.010600635391945104	11.859280410048742	FALSE
Rarres2	0.10059608502595925	0.014388824799515093	6.99126484807497	0.12624873567898653	0.010600635391945104	11.909544193446807	FALSE
Trp53	0.03713674443453439	0.014388824799515093	2.5809435413923385	0.12639361977653457	0.010600635391945104	11.923211685270752	FALSE
Sell	0.04485758197753491	0.014388824799515093	3.117529235538862	0.12750743517776145	0.010600635391945104	12.028282311704448	FALSE
Ets1	0.07734665624751161	0.014388824799515093	5.375467234135634	0.12755881001336564	0.010600635391945104	12.033128703803099	FALSE
Fzd6	0.05107677631133015	0.014388824799515093	3.5497531607342565	0.12860437157555735	0.010600635391945104	12.131760674768366	FALSE
H2-Q1	0.05724117327851261	0.014388824799515093	3.978168757773856	0.1293750374681962	0.010600635391945104	12.204460646434635	FALSE
Tigit	0.057382831185880424	0.014388824799515093	3.988013752715527	0.12988390806297848	0.010600635391945104	12.252464428846483	FALSE
Cxcl14	0.03898571434715814	0.014388824799515093	2.709443953231814	0.13090310965554952	0.010600635391945104	12.348609759280684	FALSE
Adgrl2	0.06753096216229869	0.014388824799515093	4.693292405963168	0.1317380646079215	0.010600635391945104	12.427374373051517	FALSE
Ly75	0.05979277840829879	0.014388824799515093	4.155501178269529	0.1337627921196596	0.010600635391945104	12.618374953382446	FALSE
Ifngr2	0.0836601108693008	0.014388824799515093	5.814242096555388	0.13490452785981175	0.010600635391945104	12.72607941617528	FALSE
Ldlr	0.07637328228772813	0.014388824799515093	5.307819321721253	0.1363788231174375	0.010600635391945104	12.865155537852475	FALSE
Lgals3bp	0.08272485973795737	0.014388824799515093	5.749243658922389	0.13647263540815027	0.010600635391945104	12.874005223483966	FALSE
Dcn	0.08757488716531649	0.014388824799515093	6.08631270347164	0.13675762546134929	0.010600635391945104	12.900889466046971	FALSE
Hif1a	0.02793761183655919	0.014388824799515093	1.9416187371675202	0.1369079308674631	0.010600635391945104	12.915068371419759	FALSE
Pttg1	0.07126914392857371	0.014388824799515093	4.953089979313356	0.13883933212327187	0.010600635391945104	13.097265115708911	FALSE
Tyk2	0.07188623910017983	0.014388824799515093	4.995977093459531	0.13900335335869451	0.010600635391945104	13.112737889685015	FALSE
Lgals3	0.06303791101097007	0.014388824799515093	4.381032633957324	0.13912057455304108	0.010600635391945104	13.123795830083157	FALSE
Jak2	0.06578087118841788	0.014388824799515093	4.571663920088506	0.1391378480907248	0.010600635391945104	13.125425311434514	FALSE
Mrc1	0.0732595052566816	0.014388824799515093	5.091416865340556	0.1407049048903654	0.010600635391945104	13.273251997449142	FALSE
Col18a1	0.07354871184001567	0.014388824799515093	5.111516254092849	0.14135228867585198	0.010600635391945104	13.334322278762512	FALSE
Tnfrsf14	0.07986974799767374	0.014388824799515093	5.5508180209662	0.14159715978437115	0.010600635391945104	13.357421942081302	FALSE
Ifitm2	0.25281756873647804	0.014388824799515093	17.570411222534176	0.14216186131286396	0.010600635391945104	13.410692478008034	FALSE
Csf3	0.04927129050252273	0.014388824799515093	3.424274823624455	0.14270422693599355	0.010600635391945104	13.461855979352654	FALSE
Btg1	0.08322947796195951	0.014388824799515093	5.784313807529602	0.14272746462401698	0.010600635391945104	13.464048082671392	FALSE
Ppard	0.06674247867721679	0.014388824799515093	4.638494081842322	0.14411102636108977	0.010600635391945104	13.594564951322878	FALSE
Rarg	0.046362898284241325	0.014388824799515093	3.222146278812413	0.14460268395548817	0.010600635391945104	13.640944963107076	FALSE
Cd68	0.08717720004502225	0.014388824799515093	6.058674093242149	0.14465410085376873	0.010600635391945104	13.645795323144894	FALSE
Cxcl1	0.0676957189037598	0.014388824799515093	4.704742732432267	0.14481704642632	0.010600635391945104	13.661166625574095	FALSE
Ryk	0.036909527503427866	0.014388824799515093	2.5651523329877315	0.14488512360836345	0.010600635391945104	13.667588616287516	FALSE
Myc	0.08158173077888843	0.014388824799515093	5.6697980492220434	0.14527975484197492	0.010600635391945104	13.70481574645665	FALSE
Mx1	0.06261264988065265	0.014388824799515093	4.351477674727315	0.14605300351533146	0.010600635391945104	13.77775936207653	FALSE
Fcer1g	0.10240316472688589	0.014388824799515093	7.116853958103437	0.14648936194186912	0.010600635391945104	13.81892278392851	FALSE
Cdkn1a	0.1063076099288877	0.014388824799515093	7.388206570731913	0.14726906488518324	0.010600635391945104	13.892475256444126	FALSE
Apoc1	0.06580714607401054	0.014388824799515093	4.573489982046919	0.14847945910839316	0.010600635391945104	14.006656546381675	FALSE
Ltbr	0.05530864542860065	0.014388824799515093	3.8438612047360925	0.14880810183194002	0.010600635391945104	14.03765871855303	FALSE
Cd59a	0.08829154965091512	0.014388824799515093	6.136119584546653	0.1502284102352686	0.010600635391945104	14.17164204604374	FALSE
H2-DMb1	0.048045398057266944	0.014388824799515093	3.3390772857896	0.15051118241496114	0.010600635391945104	14.198317067798325	FALSE
Tgfb3	0.04856846735017316	0.014388824799515093	3.375429753777385	0.1527678448476933	0.010600635391945104	14.411196989547815	FALSE
Itga8	0.07030610321753156	0.014388824799515093	4.886160210936816	0.15320380984216103	0.010600635391945104	14.452323297391494	FALSE
Ccr5	0.03850962106073533	0.014388824799515093	2.676356241548866	0.1537722165779006	0.010600635391945104	14.505943360220131	FALSE
Igf1r	0.04283768095841177	0.014388824799515093	2.977149388868465	0.154453034713123	0.010600635391945104	14.570167636412076	FALSE
Tm4sf1	0.040292501411196086	0.014388824799515093	2.8002635359458927	0.15972067889971844	0.010600635391945104	15.067085414623566	FALSE
Sh3bgrl3	0.06352436033717118	0.014388824799515093	4.414840073618241	0.1601160940419486	0.010600635391945104	15.104386494003261	FALSE
Lpar5	0.0898736813199465	0.014388824799515093	6.246075170987923	0.16188963164617287	0.010600635391945104	15.271691333633148	FALSE
Tyrobp	0.11167278776813278	0.014388824799515093	7.761077733874151	0.16711100543382673	0.010600635391945104	15.764244241510852	FALSE
Dnmt1	0.083459959443556	0.014388824799515093	5.8003318969015885	0.16717926964654284	0.010600635391945104	15.770683875569766	FALSE
Sod1	0.1700078454711212	0.014388824799515093	11.81526968601706	0.16776298935400993	0.010600635391945104	15.825748471783559	FALSE
Ephb4	0.08256752335869054	0.014388824799515093	5.738309035597757	0.1684752071931477	0.010600635391945104	15.892934806640332	FALSE
Atf3	0.04367238685101631	0.014388824799515093	3.0351600953879205	0.1698123592682864	0.010600635391945104	16.019073667727348	FALSE
Ube2c	0.09750671158850555	0.014388824799515093	6.77655840189197	0.17085375316390267	0.010600635391945104	16.117312486167194	FALSE
Rela	0.100367871910463	0.014388824799515093	6.975404406470042	0.1732218072483514	0.010600635391945104	16.340700424426828	FALSE
Cx3cl1	0.07231382696601917	0.014388824799515093	5.025693757036792	0.17497708748876473	0.010600635391945104	16.506282974482936	FALSE
Glud1	0.09592050776611874	0.014388824799515093	6.666319807393255	0.1750031265350624	0.010600635391945104	16.508739341043515	FALSE
Junb	0.12558361753076833	0.014388824799515093	8.727857853617103	0.17537761785031325	0.010600635391945104	16.5440665927982	FALSE
Nfkbia	0.09765697047924396	0.014388824799515093	6.787001151236133	0.17564381513059865	0.010600635391945104	16.569178038522264	FALSE
Mtor	0.07380171049788337	0.014388824799515093	5.129099250716466	0.1759542808863591	0.010600635391945104	16.59846550519585	FALSE
Col6a3	0.07480261263516372	0.014388824799515093	5.198660326845079	0.17605888370200834	0.010600635391945104	16.60833310386156	FALSE
Dst	0.05678953189930454	0.014388824799515093	3.9467804140070117	0.17610037600839556	0.010600635391945104	16.612247237765153	FALSE
Csk	0.12484206056028412	0.014388824799515093	8.676320846195258	0.17680528313753166	0.010600635391945104	16.678743924338463	FALSE
Meg3	0.07246265998229494	0.014388824799515093	5.036037410417072	0.17712796968010697	0.010600635391945104	16.709184226324556	FALSE
Rxra	0.07337567479816787	0.014388824799515093	5.099490460168828	0.17789028258159284	0.010600635391945104	16.781096227190574	FALSE
Lag3	0.0816022664623332	0.014388824799515093	5.671225245934138	0.17792665261086543	0.010600635391945104	16.78452715636867	FALSE
Oas3	0.0864251149610813	0.014388824799515093	6.006405399000608	0.17899728347963917	0.010600635391945104	16.885524014499197	FALSE
Naca	0.24623314463799992	0.014388824799515093	17.11280442071253	0.18002241977842232	0.010600635391945104	16.982229189319387	FALSE
Coro1b	0.07537299874537509	0.014388824799515093	5.238301236937375	0.1802188016353377	0.010600635391945104	17.000754669128327	FALSE
Cyp2u1	0.057996386090372616	0.014388824799515093	4.030654824035881	0.1836561682472307	0.010600635391945104	17.32501510114968	FALSE
Mmp9	0.07287922108833675	0.014388824799515093	5.064987732062232	0.18429362581136158	0.010600635391945104	17.38514900261518	FALSE
Oas2	0.08207335398574533	0.014388824799515093	5.703965065201936	0.1865044435824248	0.010600635391945104	17.593704215517143	FALSE
Ifi27	0.10726209992363628	0.014388824799515093	7.454542078186332	0.18832506014561737	0.010600635391945104	17.765450200156515	FALSE
Lamp2	0.05577221358587425	0.014388824799515093	3.8760784402457795	0.1884742481277403	0.010600635391945104	17.779523694490287	FALSE
Tlr2	0.07855304282184024	0.014388824799515093	5.459309145559094	0.18896379876997355	0.010600635391945104	17.82570494911633	FALSE
Cxcl9	0.04209697971165801	0.014388824799515093	2.9256718528588026	0.1926408797558881	0.010600635391945104	18.172578589229314	FALSE
Tnfaip6	0.05500883799333907	0.014388824799515093	3.8230250739582905	0.1931291709963509	0.010600635391945104	18.218641039489025	FALSE
Gzmb	0.06359924263658699	0.014388824799515093	4.420044272047172	0.19335269975626962	0.010600635391945104	18.239727394377578	FALSE
Npr1	0.10058253128076641	0.014388824799515093	6.990322884754012	0.19360119003336781	0.010600635391945104	18.263168468229342	FALSE
Ms4a6b	0.09310675752784141	0.014388824799515093	6.470768726781573	0.19411465181330942	0.010600635391945104	18.311605355355162	FALSE
Casp3	0.05146761630290225	0.014388824799515093	3.5769159066164127	0.19658080405979822	0.010600635391945104	18.544247282494993	FALSE
Igfbp7	0.13132856831886586	0.014388824799515093	9.127122621111605	0.19754759565832591	0.010600635391945104	18.635448570227453	FALSE
Zfp36	0.09543148968504266	0.014388824799515093	6.632333843432351	0.1995765672827531	0.010600635391945104	18.826849514549046	FALSE
Stat3	0.11080727629585911	0.014388824799515093	7.700926089501997	0.19965767238432533	0.010600635391945104	18.834500480606593	FALSE
Xbp1	0.06383152532449768	0.014388824799515093	4.43618754233833	0.20290578614009186	0.010600635391945104	19.14090793975141	FALSE
Cd47	0.11545576479410441	0.014388824799515093	8.023988505162375	0.2048986521734893	0.010600635391945104	19.328902900403648	FALSE
Bax	0.13892848067317062	0.014388824799515093	9.655304210657464	0.20825705549474643	0.010600635391945104	19.64571441189182	FALSE
H2-DMa	0.0791272768578762	0.014388824799515093	5.499217480258903	0.21175710359089694	0.010600635391945104	19.975887837044244	FALSE
Cotl1	0.1425509804178295	0.014388824799515093	9.907062071020109	0.2134862966502684	0.010600635391945104	20.139009479798354	FALSE
Sat1	0.10678854866257623	0.014388824799515093	7.4216310331456	0.21504839108101162	0.010600635391945104	20.286368045864137	FALSE
Mki67	0.05587553819468858	0.014388824799515093	3.8832593330743452	0.21596993225659578	0.010600635391945104	20.37330068164599	FALSE
C1qc	0.048673369804158435	0.014388824799515093	3.3827203042877234	0.21877462569753878	0.010600635391945104	20.637878542995143	FALSE
Tgfbr2	0.07275399254162936	0.014388824799515093	5.056284551055287	0.22040091255567376	0.010600635391945104	20.791292635453292	FALSE
Mfap5	0.08508754563783122	0.014388824799515093	5.913446499167791	0.22372707034449724	0.010600635391945104	21.10506229791625	FALSE
Cryab	0.22238189788013224	0.014388824799515093	15.455181432720382	0.22475125091122145	0.010600635391945104	21.20167731473896	FALSE
Clec2d	0.10668930108334965	0.014388824799515093	7.414733487264721	0.2254183364281051	0.010600635391945104	21.26460613855178	FALSE
Hsp90aa1	0.13150637405906357	0.014388824799515093	9.139479831841122	0.22642050961105303	0.010600635391945104	21.359145111537252	FALSE
Wnt7b	0.054622197904493575	0.014388824799515093	3.7961542145078004	0.230190870733809	0.010600635391945104	21.71481823709545	FALSE
Arf1	0.12814553068168738	0.014388824799515093	8.905906664872722	0.23560296472266107	0.010600635391945104	22.225362538332753	FALSE
Pcna	0.1521597486843412	0.014388824799515093	10.574855890209257	0.23905131220456818	0.010600635391945104	22.550658839394796	FALSE
Vim	0.43344647919058865	0.014388824799515093	30.12382770865317	0.2417488599820206	0.010600635391945104	22.80512922515131	FALSE
Tubb4b	0.14861803511538288	0.014388824799515093	10.328712538107444	0.24372731438733597	0.010600635391945104	22.991764679741014	FALSE
C1qa	0.13810335953546882	0.014388824799515093	9.59795962906734	0.2437782475447434	0.010600635391945104	22.996569406582775	FALSE
Anxa4	0.10826453619216185	0.014388824799515093	7.524209773949739	0.24399958271121258	0.010600635391945104	23.017448831097024	FALSE
Myl12a	0.15962890059146523	0.014388824799515093	11.093949840632208	0.24502219274112566	0.010600635391945104	23.113915692950428	FALSE
Jun	0.08780948938360385	0.014388824799515093	6.1026171773641344	0.24571048752472413	0.010600635391945104	23.17884527105114	FALSE
Cxcl10	0.06934524187512885	0.014388824799515093	4.81938190514807	0.247438327598881	0.010600635391945104	23.341839281341297	FALSE
Ccl5	0.11278855232568663	0.014388824799515093	7.838621562025526	0.24747079497698024	0.010600635391945104	23.34490205794843	FALSE
Bgn	0.08570467009490947	0.014388824799515093	5.956335648606808	0.25057326791678514	0.010600635391945104	23.63757064101868	FALSE
Eng	0.07734987037324492	0.014388824799515093	5.3756906106641615	0.2551939878451792	0.010600635391945104	24.07346148694902	FALSE
Vegfa	0.09299542978400077	0.014388824799515093	6.463031629041361	0.2561877101519564	0.010600635391945104	24.167203255252108	FALSE
Gstp1/2	0.2083016183970491	0.014388824799515093	14.476624832075856	0.25696472717828633	0.010600635391945104	24.240502354560846	FALSE
Snai1	0.11255838944186426	0.014388824799515093	7.82262561468241	0.264195869721684	0.010600635391945104	24.922644723959976	FALSE
Mmp14	0.08258370529078621	0.014388824799515093	5.739433653648303	0.2678787372434618	0.010600635391945104	25.270064230962	FALSE
C1qb	0.1253656202566643	0.014388824799515093	8.712707396429566	0.2681864318430093	0.010600635391945104	25.29909028347403	FALSE
Arg1	0.15380274274543695	0.014388824799515093	10.689041314244104	0.27059432242685094	0.010600635391945104	25.526236156793217	FALSE
Cd81	0.11632653492432954	0.014388824799515093	8.084505617738133	0.2755355072509592	0.010600635391945104	25.99235772794572	FALSE
Slpi	0.11345623946571448	0.014388824799515093	7.885024735969958	0.2776771701926059	0.010600635391945104	26.194389291381437	FALSE
Cd9	0.15031848832764916	0.014388824799515093	10.44689128001023	0.27883141650343596	0.010600635391945104	26.30327392594845	FALSE
Fcgr4	0.12757995252386045	0.014388824799515093	8.866599899677695	0.2794455140755741	0.010600635391945104	26.361204186676478	FALSE
Ezr	0.1242851720897218	0.014388824799515093	8.637618000179573	0.2836555720838521	0.010600635391945104	26.758355664169706	FALSE
Il4ra	0.07691913539989688	0.014388824799515093	5.34575522821635	0.2882929088333396	0.010600635391945104	27.19581404076958	FALSE
Tyms	0.21210374869801082	0.014388824799515093	14.74086672492939	0.28906271826022945	0.010600635391945104	27.268433218623276	FALSE
Calm2	0.13235501383809584	0.014388824799515093	9.198458920881171	0.2919308119506217	0.010600635391945104	27.538991877076107	FALSE
Tnfrsf1a	0.13207016978786176	0.014388824799515093	9.178662721107882	0.2977472937306038	0.010600635391945104	28.08768368326744	FALSE
Gadd45b	0.13011836171796798	0.014388824799515093	9.043015224033654	0.3079518679452746	0.010600635391945104	29.050321660838552	FALSE
Apoe	0.1494113459300956	0.014388824799515093	10.383846353812773	0.3137070480816246	0.010600635391945104	29.593230639740234	FALSE
Serpinh1	0.10003978417296719	0.014388824799515093	6.952602840527918	0.3142216901550782	0.010600635391945104	29.641778868636468	FALSE
Cd164	0.08708852199323668	0.014388824799515093	6.052511112385744	0.316672210013613	0.010600635391945104	29.87294613059105	FALSE
Tap1	0.15887218439357229	0.014388824799515093	11.041359291477809	0.31920983684203613	0.010600635391945104	30.11233053865694	FALSE
Fgfr2	0.07645875857679572	0.014388824799515093	5.313759785258655	0.3258042738172278	0.010600635391945104	30.734409945350098	FALSE
Il15ra	0.24363218153841687	0.014388824799515093	16.932041701322774	0.330492051107978	0.010600635391945104	31.176626578356096	FALSE
Stmn1	0.14951749182756094	0.014388824799515093	10.391223321629417	0.3402222319826632	0.010600635391945104	32.094513149766584	FALSE
Sox4	0.09345614861839067	0.014388824799515093	6.495050841229242	0.34631000474004503	0.010600635391945104	32.668796910342635	FALSE
Mt2	0.24840709467505762	0.014388824799515093	17.26389042442361	0.3467928096909174	0.010600635391945104	32.714341817135605	FALSE
Ier3	0.16389980172383772	0.014388824799515093	11.390770546414686	0.3496827249840052	0.010600635391945104	32.98695899395915	FALSE
Tpm1	0.40827842559937616	0.014388824799515093	28.374688780221664	0.35197876245561244	0.010600635391945104	33.20355331936646	FALSE
Ndrg1	0.17156416171573277	0.014388824799515093	11.923431142306669	0.3572585683997604	0.010600635391945104	33.70161836442591	FALSE
Nfkb1	0.07094912607126382	0.014388824799515093	4.93084925696328	0.36274238901836997	0.010600635391945104	34.21892892326057	FALSE
Oas1a/g	0.17389159438896004	0.014388824799515093	12.085183940443853	0.362775366373806	0.010600635391945104	34.22203980805348	FALSE
Anxa2	0.1466844971647402	0.014388824799515093	10.194334784706218	0.3662310554164035	0.010600635391945104	34.54802866766687	FALSE
Fn1	0.07506474534250701	0.014388824799515093	5.216878125101413	0.3756672222171114	0.010600635391945104	35.438179724826895	FALSE
Lgals9	0.07608920520945393	0.014388824799515093	5.28807642525595	0.3768701710833822	0.010600635391945104	35.551658664701094	FALSE
Srgn	0.1437032503024509	0.014388824799515093	9.987142960229368	0.3820264189429194	0.010600635391945104	36.03806798535891	FALSE
Bbln	0.10107798785649022	0.014388824799515093	7.024756313656455	0.38657234459111567	0.010600635391945104	36.46690319005338	FALSE
Atp5e	0.2091493515406109	0.014388824799515093	14.53554091142032	0.3868200896856589	0.010600635391945104	36.49027396787784	FALSE
Ccl8	0.11759215711741763	0.014388824799515093	8.172464308647397	0.3882871295874975	0.010600635391945104	36.62866566305427	FALSE
Crip1	0.17305408559074287	0.014388824799515093	12.026978436527688	0.3904149243800452	0.010600635391945104	36.82938898895647	FALSE
Tpm2	0.5736897628181582	0.014388824799515093	39.870508593411444	0.391584919725861	0.010600635391945104	36.93975929248609	FALSE
Ptges3	0.09761856996797048	0.014388824799515093	6.784332377947938	0.4005934024794967	0.010600635391945104	37.789565216429175	FALSE
Stat1	0.09380307405775898	0.014388824799515093	6.51916159691653	0.40081171834731266	0.010600635391945104	37.81015981852084	FALSE
Nlrc5	0.07105725575511576	0.014388824799515093	4.938364094718174	0.4112575151722767	0.010600635391945104	38.795553282095796	FALSE
Itga3	0.07275746825953246	0.014388824799515093	5.056526107815587	0.42769184391130766	0.010600635391945104	40.345868723707774	FALSE
Cald1	0.07783955827138181	0.014388824799515093	5.409723125825051	0.44855203758835316	0.010600635391945104	42.31369356682011	FALSE
H2-Aa	0.06758690137798393	0.014388824799515093	4.697180090778618	0.4503683240445007	0.010600635391945104	42.48503107528	FALSE
Cd44	0.10295927685275431	0.014388824799515093	7.155502849421314	0.4721097138861357	0.010600635391945104	44.535982649197464	FALSE
Lcn2	0.07505453365719095	0.014388824799515093	5.216168429524578	0.472212393135397	0.010600635391945104	44.54566879021306	FALSE
Col4a1	0.09475044014520334	0.014388824799515093	6.585002004360804	0.4890732820097393	0.010600635391945104	46.136223341985875	FALSE
Sec61g	0.16896383020993871	0.014388824799515093	11.74271231766147	0.5026331200461535	0.010600635391945104	47.415376669598444	FALSE
H2-Ab1	0.08975162899355266	0.014388824799515093	6.237592732144275	0.5074269305808967	0.010600635391945104	47.86759583925179	FALSE
Anxa1	0.14896864832792753	0.014388824799515093	10.353079588052793	0.5163452119787107	0.010600635391945104	48.70889271137991	FALSE
Btf3	0.06668148041597843	0.014388824799515093	4.634254801561391	0.5217142644899079	0.010600635391945104	49.2153767392408	FALSE
Sqstm1	0.16321738404276637	0.014388824799515093	11.343343623745202	0.5363913299125839	0.010600635391945104	50.59992255937422	FALSE
H2-T23	0.12405329476630489	0.014388824799515093	8.621502902063657	0.5382853748222771	0.010600635391945104	50.77859533130377	FALSE
Itgb4	0.09270730560798833	0.014388824799515093	6.443007465843395	0.5390127488920193	0.010600635391945104	50.8472114135336	FALSE
Spp1	0.11491133489295356	0.014388824799515093	7.986151509526067	0.5437012481931683	0.010600635391945104	51.28949615664547	FALSE
Cd63	0.202973405154878	0.014388824799515093	14.106322648512494	0.5607627910609467	0.010600635391945104	52.89897919581712	FALSE
Krt18	0.11697667016954326	0.014388824799515093	8.129688963443728	0.5617739466297876	0.010600635391945104	52.99436551290612	FALSE
Rac1	0.1813998951483542	0.014388824799515093	12.606998672641245	0.5682792207652624	0.010600635391945104	53.60803383512931	FALSE
Ldha	0.25283842231427456	0.014388824799515093	17.571860512388426	0.5917936330757294	0.010600635391945104	55.82624165391105	FALSE
Hsp90b1	0.09816530631856721	0.014388824799515093	6.822329668082094	0.6065581668689807	0.010600635391945104	57.21903871251662	FALSE
Pfn1	0.2937471354403197	0.014388824799515093	20.414949763667916	0.6226271492441369	0.010600635391945104	58.73488958192453	FALSE
Fau	0.2566547971857229	0.014388824799515093	17.837092379801042	0.6489818499662461	0.010600635391945104	61.22103307688284	FALSE
Hmgb2	0.38553648873327745	0.014388824799515093	26.794161031571537	0.6525176835950073	0.010600635391945104	61.55458229332395	FALSE
Col1a2	0.1943710322920868	0.014388824799515093	13.50847167856524	0.6889748801318554	0.010600635391945104	64.9937343053392	FALSE
Ifitm3	0.13748502798443607	0.014388824799515093	9.554986588555122	0.697164043455396	0.010600635391945104	65.76625057636981	FALSE
Rbpj	0.15852686607878716	0.014388824799515093	11.017360228343982	0.7128959973189248	0.010600635391945104	67.2503082089418	FALSE
Col1a1	0.31395780202221607	0.014388824799515093	21.819558330628677	0.7555919396076436	0.010600635391945104	71.27798586316631	FALSE
Bst2	0.20713994221784332	0.014388824799515093	14.395890220640117	0.7757495569535543	0.010600635391945104	73.17953389312945	FALSE
Ctnnb1	0.1497980170198112	0.014388824799515093	10.410719367773485	0.7804040009927987	0.010600635391945104	73.61860606825407	FALSE
Dusp6	0.1730153472058431	0.014388824799515093	12.024286181570142	0.8329535734725461	0.010600635391945104	78.57581575774846	FALSE
Eif5a	0.23804449421439156	0.014388824799515093	16.54370648966507	0.8476356384842227	0.010600635391945104	79.96083320895076	FALSE
Tnfrsf12a	0.1939960823179526	0.014388824799515093	13.482413263138092	0.8527869077693859	0.010600635391945104	80.44677288093281	FALSE
Eno1/b	0.18125962971840245	0.014388824799515093	12.597250452622854	0.8605628011876636	0.010600635391945104	81.18030376193889	FALSE
Akt1	0.20642872226485875	0.014388824799515093	14.346461586759709	0.8685244683438482	0.010600635391945104	81.93135941679466	FALSE
Gpx1	0.2926456704789618	0.014388824799515093	20.338399734273228	0.9698602540116433	0.010600635391945104	91.49076618073214	FALSE
Hsp90ab1	0.31443504633095004	0.014388824799515093	21.852726036496502	1.0525798510449613	0.010600635391945104	99.29403400146792	FALSE
Clu	0.2512399865990479	0.014388824799515093	17.460771821164627	1.0668744362702394	0.010600635391945104	100.64249894689372	FALSE
Psap	0.2844023748498804	0.014388824799515093	19.765504050022546	1.099585762652882	0.010600635391945104	103.72828816359467	FALSE
H2-D1	0.24264265119104972	0.014388824799515093	16.863270946160025	1.1221879534371446	0.010600635391945104	105.86044250610105	FALSE
H2-K1	0.27692074876597095	0.014388824799515093	19.245543164533025	1.169114346459672	0.010600635391945104	110.28719536453673	FALSE
Mif	0.30241186711641665	0.014388824799515093	21.017134570059397	1.1747389016403198	0.010600635391945104	110.81778197304527	FALSE
S100a10	0.306698688605742	0.014388824799515093	21.315061714844	1.2324730774254133	0.010600635391945104	116.26407586491545	FALSE
Ccnd1	0.2003006203022041	0.014388824799515093	13.920568433702403	1.2395658491045538	0.010600635391945104	116.93316516163156	FALSE
Krt8	0.25748996584476197	0.014388824799515093	17.895135247837576	1.3469174984442942	0.010600635391945104	127.06007221677956	FALSE
Cd74	0.23075517916246222	0.014388824799515093	16.03711090917159	1.3606537136049195	0.010600635391945104	128.355863898386	FALSE
Rack1	0.2332797128988489	0.014388824799515093	16.212561911707375	1.592608912191498	0.010600635391945104	150.23711818271218	FALSE
Lmna	0.4837514497844506	0.014388824799515093	33.61994162308191	1.9598570299009326	0.010600635391945104	184.88109037219888	FALSE
B2m	0.34573467445466954	0.014388824799515093	24.02799945596119	2.29295149566716	0.010600635391945104	216.30321305168746	FALSE
Uba52	0.571164550215656	0.014388824799515093	39.695010410781045	2.4208045663495223	0.010600635391945104	228.3641005320277	FALSE
Neat1	1.0363186606791184	0.014388824799515093	72.02246709641238	2.455131654184272	0.010600635391945104	231.60231093787118	FALSE
S100a6	1.1890210939855126	0.014388824799515093	82.63503868818967	5.833207178138996	0.010600635391945104	550.2695793660972	FALSE
Ppia	1.3195674884013837	0.014388824799515093	91.70780149090797	6.421515631035947	0.010600635391945104	605.7670501444977	FALSE
Tpt1	0.5425558185710563	0.014388824799515093	37.70674993480639	6.570220316595928	0.010600635391945104	619.7949531957596	FALSE
Lgals1	0.5310642231324323	0.014388824799515093	36.90810267912424	6.924741467504816	0.010600635391945104	653.2383401061585	FALSE
