set	tier	source	gene
TypeI_interferon	primary	NanoString Mouse UCC panel module annotation (Annotations sheet)	Ifit1
TypeI_interferon	primary	NanoString Mouse UCC panel module annotation (Annotations sheet)	Ifit2
TypeI_interferon	primary	NanoString Mouse UCC panel module annotation (Annotations sheet)	Ifit3
TypeI_interferon	primary	NanoString Mouse UCC panel module annotation (Annotations sheet)	Isg15
TypeI_interferon	primary	NanoString Mouse UCC panel module annotation (Annotations sheet)	Mx1
TypeI_interferon	primary	NanoString Mouse UCC panel module annotation (Annotations sheet)	Mx2
TypeI_interferon	primary	NanoString Mouse UCC panel module annotation (Annotations sheet)	Oas1a
TypeI_interferon	primary	NanoString Mouse UCC panel module annotation (Annotations sheet)	Oas2
TypeI_interferon	primary	NanoString Mouse UCC panel module annotation (Annotations sheet)	Oasl1
TypeI_interferon	primary	NanoString Mouse UCC panel module annotation (Annotations sheet)	Rsad2
TypeI_interferon	primary	NanoString Mouse UCC panel module annotation (Annotations sheet)	Ifitm1
TypeI_interferon	primary	NanoString Mouse UCC panel module annotation (Annotations sheet)	Ifitm3
TypeI_interferon	primary	NanoString Mouse UCC panel module annotation (Annotations sheet)	Irf7
TypeI_interferon	primary	NanoString Mouse UCC panel module annotation (Annotations sheet)	Stat1
TypeI_interferon	primary	NanoString Mouse UCC panel module annotation (Annotations sheet)	Stat2
TypeI_interferon	primary	NanoString Mouse UCC panel module annotation (Annotations sheet)	Isg20
TypeI_interferon	primary	NanoString Mouse UCC panel module annotation (Annotations sheet)	Usp18
TypeI_interferon	primary	NanoString Mouse UCC panel module annotation (Annotations sheet)	Ifi44
TypeI_interferon	primary	NanoString Mouse UCC panel module annotation (Annotations sheet)	Zbp1
TypeII_interferon	primary	NanoString Mouse UCC panel module annotation (Annotations sheet)	Gbp2
TypeII_interferon	primary	NanoString Mouse UCC panel module annotation (Annotations sheet)	Gbp3
TypeII_interferon	primary	NanoString Mouse UCC panel module annotation (Annotations sheet)	Gbp4
TypeII_interferon	primary	NanoString Mouse UCC panel module annotation (Annotations sheet)	Gbp5
TypeII_interferon	primary	NanoString Mouse UCC panel module annotation (Annotations sheet)	Gbp6
TypeII_interferon	primary	NanoString Mouse UCC panel module annotation (Annotations sheet)	Gbp7
TypeII_interferon	primary	NanoString Mouse UCC panel module annotation (Annotations sheet)	Irf1
TypeII_interferon	primary	NanoString Mouse UCC panel module annotation (Annotations sheet)	Irf8
TypeII_interferon	primary	NanoString Mouse UCC panel module annotation (Annotations sheet)	Stat1
TypeII_interferon	primary	NanoString Mouse UCC panel module annotation (Annotations sheet)	Cxcl9
TypeII_interferon	primary	NanoString Mouse UCC panel module annotation (Annotations sheet)	Cxcl10
TypeII_interferon	primary	NanoString Mouse UCC panel module annotation (Annotations sheet)	Cxcl11
TypeII_interferon	primary	NanoString Mouse UCC panel module annotation (Annotations sheet)	Ciita
TypeII_interferon	primary	NanoString Mouse UCC panel module annotation (Annotations sheet)	H2-Aa
TypeII_interferon	primary	NanoString Mouse UCC panel module annotation (Annotations sheet)	H2-Ab1
TypeII_interferon	primary	NanoString Mouse UCC panel module annotation (Annotations sheet)	H2-Eb1
TypeII_interferon	primary	NanoString Mouse UCC panel module annotation (Annotations sheet)	Cd74
DNA_Damage_Repair	primary	NanoString Mouse UCC panel module annotation (Annotations sheet)	Cdkn1a
DNA_Damage_Repair	primary	NanoString Mouse UCC panel module annotation (Annotations sheet)	Gadd45a
DNA_Damage_Repair	primary	NanoString Mouse UCC panel module annotation (Annotations sheet)	Gadd45b
DNA_Damage_Repair	primary	NanoString Mouse UCC panel module annotation (Annotations sheet)	Mdm2
DNA_Damage_Repair	primary	NanoString Mouse UCC panel module annotation (Annotations sheet)	Bax
DNA_Damage_Repair	primary	NanoString Mouse UCC panel module annotation (Annotations sheet)	Pmaip1
DNA_Damage_Repair	primary	NanoString Mouse UCC panel module annotation (Annotations sheet)	Bbc3
DNA_Damage_Repair	primary	NanoString Mouse UCC panel module annotation (Annotations sheet)	Ddit3
DNA_Damage_Repair	primary	NanoString Mouse UCC panel module annotation (Annotations sheet)	Atm
DNA_Damage_Repair	primary	NanoString Mouse UCC panel module annotation (Annotations sheet)	Atr
DNA_Damage_Repair	primary	NanoString Mouse UCC panel module annotation (Annotations sheet)	Chek1
DNA_Damage_Repair	primary	NanoString Mouse UCC panel module annotation (Annotations sheet)	Chek2
DNA_Damage_Repair	primary	NanoString Mouse UCC panel module annotation (Annotations sheet)	Rad51
DNA_Damage_Repair	primary	NanoString Mouse UCC panel module annotation (Annotations sheet)	Brca1
DNA_Damage_Repair	primary	NanoString Mouse UCC panel module annotation (Annotations sheet)	Brca2
DNA_Damage_Repair	primary	NanoString Mouse UCC panel module annotation (Annotations sheet)	Xrcc5
DNA_Damage_Repair	primary	NanoString Mouse UCC panel module annotation (Annotations sheet)	Xrcc6
DNA_Damage_Repair	primary	NanoString Mouse UCC panel module annotation (Annotations sheet)	Parp1
STING	primary	hand-curated cGAS-STING (panel-available genes)	Irf3
STING	primary	hand-curated cGAS-STING (panel-available genes)	Isg15
STING	primary	hand-curated cGAS-STING (panel-available genes)	Cxcl10
Angiogenesis	primary	hand-curated (Hallmark/canonical)	Vegfa
Angiogenesis	primary	hand-curated (Hallmark/canonical)	Vegfc
Angiogenesis	primary	hand-curated (Hallmark/canonical)	Flt1
Angiogenesis	primary	hand-curated (Hallmark/canonical)	Kdr
Angiogenesis	primary	hand-curated (Hallmark/canonical)	Pecam1
Angiogenesis	primary	hand-curated (Hallmark/canonical)	Cdh5
Angiogenesis	primary	hand-curated (Hallmark/canonical)	Vwf
Angiogenesis	primary	hand-curated (Hallmark/canonical)	Angpt1
Angiogenesis	primary	hand-curated (Hallmark/canonical)	Angpt2
Angiogenesis	primary	hand-curated (Hallmark/canonical)	Tek
Angiogenesis	primary	hand-curated (Hallmark/canonical)	Pdgfb
Angiogenesis	primary	hand-curated (Hallmark/canonical)	Notch1
Angiogenesis	primary	hand-curated (Hallmark/canonical)	Dll4
Angiogenesis	primary	hand-curated (Hallmark/canonical)	Esm1
Angiogenesis	primary	hand-curated (Hallmark/canonical)	Apln
Angiogenesis	primary	hand-curated (Hallmark/canonical)	Aplnr
Angiogenesis	primary	hand-curated (Hallmark/canonical)	Nrp1
Angiogenesis	primary	hand-curated (Hallmark/canonical)	Cldn5
Angiogenesis	primary	hand-curated (Hallmark/canonical)	Tie1
Hypoxia	primary	hand-curated (Hallmark/canonical)	Hif1a
Hypoxia	primary	hand-curated (Hallmark/canonical)	Vegfa
Hypoxia	primary	hand-curated (Hallmark/canonical)	Slc2a1
Hypoxia	primary	hand-curated (Hallmark/canonical)	Car9
Hypoxia	primary	hand-curated (Hallmark/canonical)	Ldha
Hypoxia	primary	hand-curated (Hallmark/canonical)	Pgk1
Hypoxia	primary	hand-curated (Hallmark/canonical)	Bnip3
Hypoxia	primary	hand-curated (Hallmark/canonical)	Ndrg1
Hypoxia	primary	hand-curated (Hallmark/canonical)	Pdk1
Hypoxia	primary	hand-curated (Hallmark/canonical)	Eno1
Hypoxia	primary	hand-curated (Hallmark/canonical)	Aldoa
Hypoxia	primary	hand-curated (Hallmark/canonical)	Hk2
Hypoxia	primary	hand-curated (Hallmark/canonical)	Egln3
Fibrosis_remodeling	primary	hand-curated (Hallmark/canonical)	Col1a1
Fibrosis_remodeling	primary	hand-curated (Hallmark/canonical)	Col1a2
Fibrosis_remodeling	primary	hand-curated (Hallmark/canonical)	Col3a1
Fibrosis_remodeling	primary	hand-curated (Hallmark/canonical)	Col5a1
Fibrosis_remodeling	primary	hand-curated (Hallmark/canonical)	Acta2
Fibrosis_remodeling	primary	hand-curated (Hallmark/canonical)	Tagln
Fibrosis_remodeling	primary	hand-curated (Hallmark/canonical)	Fn1
Fibrosis_remodeling	primary	hand-curated (Hallmark/canonical)	Tgfb1
Fibrosis_remodeling	primary	hand-curated (Hallmark/canonical)	Tgfbr1
Fibrosis_remodeling	primary	hand-curated (Hallmark/canonical)	Ccn2
Fibrosis_remodeling	primary	hand-curated (Hallmark/canonical)	Postn
Fibrosis_remodeling	primary	hand-curated (Hallmark/canonical)	Sparc
Fibrosis_remodeling	primary	hand-curated (Hallmark/canonical)	Timp1
Fibrosis_remodeling	primary	hand-curated (Hallmark/canonical)	Mmp2
Fibrosis_remodeling	primary	hand-curated (Hallmark/canonical)	Mmp9
Fibrosis_remodeling	primary	hand-curated (Hallmark/canonical)	Lox
Fibrosis_remodeling	primary	hand-curated (Hallmark/canonical)	Fap
Fibrosis_remodeling	primary	hand-curated (Hallmark/canonical)	Vim
Stromal_stress_senescence	primary	hand-curated (Hallmark/canonical)	Cdkn1a
Stromal_stress_senescence	primary	hand-curated (Hallmark/canonical)	Cdkn2a
Stromal_stress_senescence	primary	hand-curated (Hallmark/canonical)	Trp53
Stromal_stress_senescence	primary	hand-curated (Hallmark/canonical)	Glb1
Stromal_stress_senescence	primary	hand-curated (Hallmark/canonical)	Serpine1
Stromal_stress_senescence	primary	hand-curated (Hallmark/canonical)	Il6
Stromal_stress_senescence	primary	hand-curated (Hallmark/canonical)	Cxcl1
Stromal_stress_senescence	primary	hand-curated (Hallmark/canonical)	Ccl2
Stromal_stress_senescence	primary	hand-curated (Hallmark/canonical)	Mmp3
Stromal_stress_senescence	primary	hand-curated (Hallmark/canonical)	Igfbp3
Stromal_stress_senescence	primary	hand-curated (Hallmark/canonical)	Gdf15
Stromal_stress_senescence	primary	hand-curated (Hallmark/canonical)	Bcl2l1
HALLMARK_ADIPOGENESIS	exploratory	MSigDB_Hallmark (msigdbr 26.1.0)	Abca1
HALLMARK_ADIPOGENESIS	exploratory	MSigDB_Hallmark (msigdbr 26.1.0)	Abcb8
HALLMARK_ADIPOGENESIS	exploratory	MSigDB_Hallmark (msigdbr 26.1.0)	Acaa2
HALLMARK_ADIPOGENESIS	exploratory	MSigDB_Hallmark (msigdbr 26.1.0)	Acadl
HALLMARK_ADIPOGENESIS	exploratory	MSigDB_Hallmark (msigdbr 26.1.0)	Acadm
HALLMARK_ADIPOGENESIS	exploratory	MSigDB_Hallmark (msigdbr 26.1.0)	Acads
HALLMARK_ADIPOGENESIS	exploratory	MSigDB_Hallmark (msigdbr 26.1.0)	Acly
HALLMARK_ADIPOGENESIS	exploratory	MSigDB_Hallmark (msigdbr 26.1.0)	Aco2
HALLMARK_ADIPOGENESIS	exploratory	MSigDB_Hallmark (msigdbr 26.1.0)	Acox1
HALLMARK_ADIPOGENESIS	exploratory	MSigDB_Hallmark (msigdbr 26.1.0)	Adcy6
HALLMARK_ADIPOGENESIS	exploratory	MSigDB_Hallmark (msigdbr 26.1.0)	Adig
HALLMARK_ADIPOGENESIS	exploratory	MSigDB_Hallmark (msigdbr 26.1.0)	Adipoq
HALLMARK_ADIPOGENESIS	exploratory	MSigDB_Hallmark (msigdbr 26.1.0)	Adipor2
HALLMARK_ADIPOGENESIS	exploratory	MSigDB_Hallmark (msigdbr 26.1.0)	Agpat3
HALLMARK_ADIPOGENESIS	exploratory	MSigDB_Hallmark (msigdbr 26.1.0)	Aifm1
HALLMARK_ADIPOGENESIS	exploratory	MSigDB_Hallmark (msigdbr 26.1.0)	Ak2
HALLMARK_ADIPOGENESIS	exploratory	MSigDB_Hallmark (msigdbr 26.1.0)	Aldh2
HALLMARK_ADIPOGENESIS	exploratory	MSigDB_Hallmark (msigdbr 26.1.0)	Aldoa
HALLMARK_ADIPOGENESIS	exploratory	MSigDB_Hallmark (msigdbr 26.1.0)	Angpt1
HALLMARK_ADIPOGENESIS	exploratory	MSigDB_Hallmark (msigdbr 26.1.0)	Angptl4
HALLMARK_ADIPOGENESIS	exploratory	MSigDB_Hallmark (msigdbr 26.1.0)	Aplp2
HALLMARK_ADIPOGENESIS	exploratory	MSigDB_Hallmark (msigdbr 26.1.0)	Apoe
HALLMARK_ADIPOGENESIS	exploratory	MSigDB_Hallmark (msigdbr 26.1.0)	Araf
HALLMARK_ADIPOGENESIS	exploratory	MSigDB_Hallmark (msigdbr 26.1.0)	Arl4a
HALLMARK_ADIPOGENESIS	exploratory	MSigDB_Hallmark (msigdbr 26.1.0)	Atl2
HALLMARK_ADIPOGENESIS	exploratory	MSigDB_Hallmark (msigdbr 26.1.0)	Atp1b3
HALLMARK_ADIPOGENESIS	exploratory	MSigDB_Hallmark (msigdbr 26.1.0)	Atp5o
HALLMARK_ADIPOGENESIS	exploratory	MSigDB_Hallmark (msigdbr 26.1.0)	Baz2a
HALLMARK_ADIPOGENESIS	exploratory	MSigDB_Hallmark (msigdbr 26.1.0)	Bckdha
HALLMARK_ADIPOGENESIS	exploratory	MSigDB_Hallmark (msigdbr 26.1.0)	Bcl2l13
HALLMARK_ADIPOGENESIS	exploratory	MSigDB_Hallmark (msigdbr 26.1.0)	Bcl6
HALLMARK_ADIPOGENESIS	exploratory	MSigDB_Hallmark (msigdbr 26.1.0)	C3
HALLMARK_ADIPOGENESIS	exploratory	MSigDB_Hallmark (msigdbr 26.1.0)	Cat
HALLMARK_ADIPOGENESIS	exploratory	MSigDB_Hallmark (msigdbr 26.1.0)	Cavin1
HALLMARK_ADIPOGENESIS	exploratory	MSigDB_Hallmark (msigdbr 26.1.0)	Cavin2
HALLMARK_ADIPOGENESIS	exploratory	MSigDB_Hallmark (msigdbr 26.1.0)	Ccng2
HALLMARK_ADIPOGENESIS	exploratory	MSigDB_Hallmark (msigdbr 26.1.0)	Cd151
HALLMARK_ADIPOGENESIS	exploratory	MSigDB_Hallmark (msigdbr 26.1.0)	Cd302
HALLMARK_ADIPOGENESIS	exploratory	MSigDB_Hallmark (msigdbr 26.1.0)	Cd36
HALLMARK_ADIPOGENESIS	exploratory	MSigDB_Hallmark (msigdbr 26.1.0)	Cdkn2c
HALLMARK_ADIPOGENESIS	exploratory	MSigDB_Hallmark (msigdbr 26.1.0)	Chchd10
HALLMARK_ADIPOGENESIS	exploratory	MSigDB_Hallmark (msigdbr 26.1.0)	Chuk
HALLMARK_ADIPOGENESIS	exploratory	MSigDB_Hallmark (msigdbr 26.1.0)	Cidea
HALLMARK_ADIPOGENESIS	exploratory	MSigDB_Hallmark (msigdbr 26.1.0)	Cmbl
HALLMARK_ADIPOGENESIS	exploratory	MSigDB_Hallmark (msigdbr 26.1.0)	Cmpk1
HALLMARK_ADIPOGENESIS	exploratory	MSigDB_Hallmark (msigdbr 26.1.0)	Col15a1
HALLMARK_ADIPOGENESIS	exploratory	MSigDB_Hallmark (msigdbr 26.1.0)	Col4a1
HALLMARK_ADIPOGENESIS	exploratory	MSigDB_Hallmark (msigdbr 26.1.0)	Coq3
HALLMARK_ADIPOGENESIS	exploratory	MSigDB_Hallmark (msigdbr 26.1.0)	Coq5
HALLMARK_ADIPOGENESIS	exploratory	MSigDB_Hallmark (msigdbr 26.1.0)	Coq9
HALLMARK_ADIPOGENESIS	exploratory	MSigDB_Hallmark (msigdbr 26.1.0)	Cox6a1
HALLMARK_ADIPOGENESIS	exploratory	MSigDB_Hallmark (msigdbr 26.1.0)	Cox7b
HALLMARK_ADIPOGENESIS	exploratory	MSigDB_Hallmark (msigdbr 26.1.0)	Cox8a
HALLMARK_ADIPOGENESIS	exploratory	MSigDB_Hallmark (msigdbr 26.1.0)	Cpt2
HALLMARK_ADIPOGENESIS	exploratory	MSigDB_Hallmark (msigdbr 26.1.0)	Crat
HALLMARK_ADIPOGENESIS	exploratory	MSigDB_Hallmark (msigdbr 26.1.0)	Cs
HALLMARK_ADIPOGENESIS	exploratory	MSigDB_Hallmark (msigdbr 26.1.0)	Cyc1
HALLMARK_ADIPOGENESIS	exploratory	MSigDB_Hallmark (msigdbr 26.1.0)	Cyp4b1
HALLMARK_ADIPOGENESIS	exploratory	MSigDB_Hallmark (msigdbr 26.1.0)	Dbt
HALLMARK_ADIPOGENESIS	exploratory	MSigDB_Hallmark (msigdbr 26.1.0)	Ddt
HALLMARK_ADIPOGENESIS	exploratory	MSigDB_Hallmark (msigdbr 26.1.0)	Decr1
HALLMARK_ADIPOGENESIS	exploratory	MSigDB_Hallmark (msigdbr 26.1.0)	Dgat1
HALLMARK_ADIPOGENESIS	exploratory	MSigDB_Hallmark (msigdbr 26.1.0)	Dhcr7
HALLMARK_ADIPOGENESIS	exploratory	MSigDB_Hallmark (msigdbr 26.1.0)	Dhrs7
HALLMARK_ADIPOGENESIS	exploratory	MSigDB_Hallmark (msigdbr 26.1.0)	Dhrs7b
HALLMARK_ADIPOGENESIS	exploratory	MSigDB_Hallmark (msigdbr 26.1.0)	Dlat
HALLMARK_ADIPOGENESIS	exploratory	MSigDB_Hallmark (msigdbr 26.1.0)	Dld
HALLMARK_ADIPOGENESIS	exploratory	MSigDB_Hallmark (msigdbr 26.1.0)	Dnajb9
HALLMARK_ADIPOGENESIS	exploratory	MSigDB_Hallmark (msigdbr 26.1.0)	Dnajc15
HALLMARK_ADIPOGENESIS	exploratory	MSigDB_Hallmark (msigdbr 26.1.0)	Dram2
HALLMARK_ADIPOGENESIS	exploratory	MSigDB_Hallmark (msigdbr 26.1.0)	Ech1
HALLMARK_ADIPOGENESIS	exploratory	MSigDB_Hallmark (msigdbr 26.1.0)	Echs1
HALLMARK_ADIPOGENESIS	exploratory	MSigDB_Hallmark (msigdbr 26.1.0)	Elmod3
HALLMARK_ADIPOGENESIS	exploratory	MSigDB_Hallmark (msigdbr 26.1.0)	Elovl6
HALLMARK_ADIPOGENESIS	exploratory	MSigDB_Hallmark (msigdbr 26.1.0)	Enpp2
HALLMARK_ADIPOGENESIS	exploratory	MSigDB_Hallmark (msigdbr 26.1.0)	Ephx2
HALLMARK_ADIPOGENESIS	exploratory	MSigDB_Hallmark (msigdbr 26.1.0)	Esrra
HALLMARK_ADIPOGENESIS	exploratory	MSigDB_Hallmark (msigdbr 26.1.0)	Esyt1
HALLMARK_ADIPOGENESIS	exploratory	MSigDB_Hallmark (msigdbr 26.1.0)	Etfb
HALLMARK_ADIPOGENESIS	exploratory	MSigDB_Hallmark (msigdbr 26.1.0)	Fabp4
HALLMARK_ADIPOGENESIS	exploratory	MSigDB_Hallmark (msigdbr 26.1.0)	Fah
HALLMARK_ADIPOGENESIS	exploratory	MSigDB_Hallmark (msigdbr 26.1.0)	Fzd4
HALLMARK_ADIPOGENESIS	exploratory	MSigDB_Hallmark (msigdbr 26.1.0)	G3bp2
HALLMARK_ADIPOGENESIS	exploratory	MSigDB_Hallmark (msigdbr 26.1.0)	Gadd45a
HALLMARK_ADIPOGENESIS	exploratory	MSigDB_Hallmark (msigdbr 26.1.0)	Gbe1
HALLMARK_ADIPOGENESIS	exploratory	MSigDB_Hallmark (msigdbr 26.1.0)	Ghitm
HALLMARK_ADIPOGENESIS	exploratory	MSigDB_Hallmark (msigdbr 26.1.0)	Gpam
HALLMARK_ADIPOGENESIS	exploratory	MSigDB_Hallmark (msigdbr 26.1.0)	Gpat4
HALLMARK_ADIPOGENESIS	exploratory	MSigDB_Hallmark (msigdbr 26.1.0)	Gpd2
HALLMARK_ADIPOGENESIS	exploratory	MSigDB_Hallmark (msigdbr 26.1.0)	Gphn
HALLMARK_ADIPOGENESIS	exploratory	MSigDB_Hallmark (msigdbr 26.1.0)	Gpx3
HALLMARK_ADIPOGENESIS	exploratory	MSigDB_Hallmark (msigdbr 26.1.0)	Gpx4
HALLMARK_ADIPOGENESIS	exploratory	MSigDB_Hallmark (msigdbr 26.1.0)	Grpel1
HALLMARK_ADIPOGENESIS	exploratory	MSigDB_Hallmark (msigdbr 26.1.0)	Hadh
HALLMARK_ADIPOGENESIS	exploratory	MSigDB_Hallmark (msigdbr 26.1.0)	Hibch
HALLMARK_ADIPOGENESIS	exploratory	MSigDB_Hallmark (msigdbr 26.1.0)	Hspb8
HALLMARK_ADIPOGENESIS	exploratory	MSigDB_Hallmark (msigdbr 26.1.0)	Idh1
HALLMARK_ADIPOGENESIS	exploratory	MSigDB_Hallmark (msigdbr 26.1.0)	Idh3a
HALLMARK_ADIPOGENESIS	exploratory	MSigDB_Hallmark (msigdbr 26.1.0)	Idh3g
HALLMARK_ADIPOGENESIS	exploratory	MSigDB_Hallmark (msigdbr 26.1.0)	Ifngr1
HALLMARK_ADIPOGENESIS	exploratory	MSigDB_Hallmark (msigdbr 26.1.0)	Immt
HALLMARK_ADIPOGENESIS	exploratory	MSigDB_Hallmark (msigdbr 26.1.0)	Itga7
HALLMARK_ADIPOGENESIS	exploratory	MSigDB_Hallmark (msigdbr 26.1.0)	Itih5
HALLMARK_ADIPOGENESIS	exploratory	MSigDB_Hallmark (msigdbr 26.1.0)	Itsn1
HALLMARK_ADIPOGENESIS	exploratory	MSigDB_Hallmark (msigdbr 26.1.0)	Jagn1
HALLMARK_ADIPOGENESIS	exploratory	MSigDB_Hallmark (msigdbr 26.1.0)	Lama4
HALLMARK_ADIPOGENESIS	exploratory	MSigDB_Hallmark (msigdbr 26.1.0)	Lep
HALLMARK_ADIPOGENESIS	exploratory	MSigDB_Hallmark (msigdbr 26.1.0)	Lifr
HALLMARK_ADIPOGENESIS	exploratory	MSigDB_Hallmark (msigdbr 26.1.0)	Lipe
HALLMARK_ADIPOGENESIS	exploratory	MSigDB_Hallmark (msigdbr 26.1.0)	Lpcat3
HALLMARK_ADIPOGENESIS	exploratory	MSigDB_Hallmark (msigdbr 26.1.0)	Lpl
HALLMARK_ADIPOGENESIS	exploratory	MSigDB_Hallmark (msigdbr 26.1.0)	Ltc4s
HALLMARK_ADIPOGENESIS	exploratory	MSigDB_Hallmark (msigdbr 26.1.0)	Map4k3
HALLMARK_ADIPOGENESIS	exploratory	MSigDB_Hallmark (msigdbr 26.1.0)	Mccc1
HALLMARK_ADIPOGENESIS	exploratory	MSigDB_Hallmark (msigdbr 26.1.0)	Mdh2
HALLMARK_ADIPOGENESIS	exploratory	MSigDB_Hallmark (msigdbr 26.1.0)	Me1
HALLMARK_ADIPOGENESIS	exploratory	MSigDB_Hallmark (msigdbr 26.1.0)	Mgll
HALLMARK_ADIPOGENESIS	exploratory	MSigDB_Hallmark (msigdbr 26.1.0)	Mgst3
HALLMARK_ADIPOGENESIS	exploratory	MSigDB_Hallmark (msigdbr 26.1.0)	Miga2
HALLMARK_ADIPOGENESIS	exploratory	MSigDB_Hallmark (msigdbr 26.1.0)	Mrap
HALLMARK_ADIPOGENESIS	exploratory	MSigDB_Hallmark (msigdbr 26.1.0)	Mrpl15
HALLMARK_ADIPOGENESIS	exploratory	MSigDB_Hallmark (msigdbr 26.1.0)	Mtarc2
HALLMARK_ADIPOGENESIS	exploratory	MSigDB_Hallmark (msigdbr 26.1.0)	Mtch2
HALLMARK_ADIPOGENESIS	exploratory	MSigDB_Hallmark (msigdbr 26.1.0)	Mylk
HALLMARK_ADIPOGENESIS	exploratory	MSigDB_Hallmark (msigdbr 26.1.0)	Nabp1
HALLMARK_ADIPOGENESIS	exploratory	MSigDB_Hallmark (msigdbr 26.1.0)	Ndufa5
HALLMARK_ADIPOGENESIS	exploratory	MSigDB_Hallmark (msigdbr 26.1.0)	Ndufab1
HALLMARK_ADIPOGENESIS	exploratory	MSigDB_Hallmark (msigdbr 26.1.0)	Ndufb7
HALLMARK_ADIPOGENESIS	exploratory	MSigDB_Hallmark (msigdbr 26.1.0)	Ndufs3
HALLMARK_ADIPOGENESIS	exploratory	MSigDB_Hallmark (msigdbr 26.1.0)	Nkiras1
HALLMARK_ADIPOGENESIS	exploratory	MSigDB_Hallmark (msigdbr 26.1.0)	Nmt1
HALLMARK_ADIPOGENESIS	exploratory	MSigDB_Hallmark (msigdbr 26.1.0)	Omd
HALLMARK_ADIPOGENESIS	exploratory	MSigDB_Hallmark (msigdbr 26.1.0)	Orm1
HALLMARK_ADIPOGENESIS	exploratory	MSigDB_Hallmark (msigdbr 26.1.0)	Pdcd4
HALLMARK_ADIPOGENESIS	exploratory	MSigDB_Hallmark (msigdbr 26.1.0)	Pemt
HALLMARK_ADIPOGENESIS	exploratory	MSigDB_Hallmark (msigdbr 26.1.0)	Pex14
HALLMARK_ADIPOGENESIS	exploratory	MSigDB_Hallmark (msigdbr 26.1.0)	Pfkfb3
HALLMARK_ADIPOGENESIS	exploratory	MSigDB_Hallmark (msigdbr 26.1.0)	Pfkl
HALLMARK_ADIPOGENESIS	exploratory	MSigDB_Hallmark (msigdbr 26.1.0)	Pgm1
HALLMARK_ADIPOGENESIS	exploratory	MSigDB_Hallmark (msigdbr 26.1.0)	Phldb1
HALLMARK_ADIPOGENESIS	exploratory	MSigDB_Hallmark (msigdbr 26.1.0)	Phyh
HALLMARK_ADIPOGENESIS	exploratory	MSigDB_Hallmark (msigdbr 26.1.0)	Pim3
HALLMARK_ADIPOGENESIS	exploratory	MSigDB_Hallmark (msigdbr 26.1.0)	Plin2
HALLMARK_ADIPOGENESIS	exploratory	MSigDB_Hallmark (msigdbr 26.1.0)	Por
HALLMARK_ADIPOGENESIS	exploratory	MSigDB_Hallmark (msigdbr 26.1.0)	Pparg
HALLMARK_ADIPOGENESIS	exploratory	MSigDB_Hallmark (msigdbr 26.1.0)	Ppm1b
HALLMARK_ADIPOGENESIS	exploratory	MSigDB_Hallmark (msigdbr 26.1.0)	Ppp1r15b
HALLMARK_ADIPOGENESIS	exploratory	MSigDB_Hallmark (msigdbr 26.1.0)	Prdx3
HALLMARK_ADIPOGENESIS	exploratory	MSigDB_Hallmark (msigdbr 26.1.0)	Preb
HALLMARK_ADIPOGENESIS	exploratory	MSigDB_Hallmark (msigdbr 26.1.0)	Ptcd3
HALLMARK_ADIPOGENESIS	exploratory	MSigDB_Hallmark (msigdbr 26.1.0)	Ptger3
HALLMARK_ADIPOGENESIS	exploratory	MSigDB_Hallmark (msigdbr 26.1.0)	Qdpr
HALLMARK_ADIPOGENESIS	exploratory	MSigDB_Hallmark (msigdbr 26.1.0)	Rab34
HALLMARK_ADIPOGENESIS	exploratory	MSigDB_Hallmark (msigdbr 26.1.0)	Reep5
HALLMARK_ADIPOGENESIS	exploratory	MSigDB_Hallmark (msigdbr 26.1.0)	Reep6
HALLMARK_ADIPOGENESIS	exploratory	MSigDB_Hallmark (msigdbr 26.1.0)	Retn
HALLMARK_ADIPOGENESIS	exploratory	MSigDB_Hallmark (msigdbr 26.1.0)	Retsat
HALLMARK_ADIPOGENESIS	exploratory	MSigDB_Hallmark (msigdbr 26.1.0)	Riok3
HALLMARK_ADIPOGENESIS	exploratory	MSigDB_Hallmark (msigdbr 26.1.0)	Rmdn3
HALLMARK_ADIPOGENESIS	exploratory	MSigDB_Hallmark (msigdbr 26.1.0)	Rnf11
HALLMARK_ADIPOGENESIS	exploratory	MSigDB_Hallmark (msigdbr 26.1.0)	Rreb1
HALLMARK_ADIPOGENESIS	exploratory	MSigDB_Hallmark (msigdbr 26.1.0)	Rtn3
HALLMARK_ADIPOGENESIS	exploratory	MSigDB_Hallmark (msigdbr 26.1.0)	Samm50
HALLMARK_ADIPOGENESIS	exploratory	MSigDB_Hallmark (msigdbr 26.1.0)	Scarb1
HALLMARK_ADIPOGENESIS	exploratory	MSigDB_Hallmark (msigdbr 26.1.0)	Scp2
HALLMARK_ADIPOGENESIS	exploratory	MSigDB_Hallmark (msigdbr 26.1.0)	Sdhb
HALLMARK_ADIPOGENESIS	exploratory	MSigDB_Hallmark (msigdbr 26.1.0)	Sdhc
HALLMARK_ADIPOGENESIS	exploratory	MSigDB_Hallmark (msigdbr 26.1.0)	Slc19a1
HALLMARK_ADIPOGENESIS	exploratory	MSigDB_Hallmark (msigdbr 26.1.0)	Slc1a5
HALLMARK_ADIPOGENESIS	exploratory	MSigDB_Hallmark (msigdbr 26.1.0)	Slc25a1
HALLMARK_ADIPOGENESIS	exploratory	MSigDB_Hallmark (msigdbr 26.1.0)	Slc25a10
HALLMARK_ADIPOGENESIS	exploratory	MSigDB_Hallmark (msigdbr 26.1.0)	Slc27a1
HALLMARK_ADIPOGENESIS	exploratory	MSigDB_Hallmark (msigdbr 26.1.0)	Slc5a6
HALLMARK_ADIPOGENESIS	exploratory	MSigDB_Hallmark (msigdbr 26.1.0)	Pqlc3
HALLMARK_ADIPOGENESIS	exploratory	MSigDB_Hallmark (msigdbr 26.1.0)	Sncg
HALLMARK_ADIPOGENESIS	exploratory	MSigDB_Hallmark (msigdbr 26.1.0)	Sod1
HALLMARK_ADIPOGENESIS	exploratory	MSigDB_Hallmark (msigdbr 26.1.0)	Sorbs1
HALLMARK_ADIPOGENESIS	exploratory	MSigDB_Hallmark (msigdbr 26.1.0)	Sowahc
HALLMARK_ADIPOGENESIS	exploratory	MSigDB_Hallmark (msigdbr 26.1.0)	Sparcl1
HALLMARK_ADIPOGENESIS	exploratory	MSigDB_Hallmark (msigdbr 26.1.0)	Sqor
HALLMARK_ADIPOGENESIS	exploratory	MSigDB_Hallmark (msigdbr 26.1.0)	Sspn
HALLMARK_ADIPOGENESIS	exploratory	MSigDB_Hallmark (msigdbr 26.1.0)	Stat5a
HALLMARK_ADIPOGENESIS	exploratory	MSigDB_Hallmark (msigdbr 26.1.0)	Stom
HALLMARK_ADIPOGENESIS	exploratory	MSigDB_Hallmark (msigdbr 26.1.0)	Suclg1
HALLMARK_ADIPOGENESIS	exploratory	MSigDB_Hallmark (msigdbr 26.1.0)	Sult1a1
HALLMARK_ADIPOGENESIS	exploratory	MSigDB_Hallmark (msigdbr 26.1.0)	Taldo1
HALLMARK_ADIPOGENESIS	exploratory	MSigDB_Hallmark (msigdbr 26.1.0)	Tank
HALLMARK_ADIPOGENESIS	exploratory	MSigDB_Hallmark (msigdbr 26.1.0)	Tkt
HALLMARK_ADIPOGENESIS	exploratory	MSigDB_Hallmark (msigdbr 26.1.0)	Tob1
HALLMARK_ADIPOGENESIS	exploratory	MSigDB_Hallmark (msigdbr 26.1.0)	Tst
HALLMARK_ADIPOGENESIS	exploratory	MSigDB_Hallmark (msigdbr 26.1.0)	Ubc
HALLMARK_ADIPOGENESIS	exploratory	MSigDB_Hallmark (msigdbr 26.1.0)	Ubqln1
HALLMARK_ADIPOGENESIS	exploratory	MSigDB_Hallmark (msigdbr 26.1.0)	Uck1
HALLMARK_ADIPOGENESIS	exploratory	MSigDB_Hallmark (msigdbr 26.1.0)	Ucp2
HALLMARK_ADIPOGENESIS	exploratory	MSigDB_Hallmark (msigdbr 26.1.0)	Uqcr10
HALLMARK_ADIPOGENESIS	exploratory	MSigDB_Hallmark (msigdbr 26.1.0)	Uqcr11
HALLMARK_ADIPOGENESIS	exploratory	MSigDB_Hallmark (msigdbr 26.1.0)	Uqcrc1
HALLMARK_ADIPOGENESIS	exploratory	MSigDB_Hallmark (msigdbr 26.1.0)	Uqcrq
HALLMARK_ADIPOGENESIS	exploratory	MSigDB_Hallmark (msigdbr 26.1.0)	Vegfb
HALLMARK_ADIPOGENESIS	exploratory	MSigDB_Hallmark (msigdbr 26.1.0)	Ywhag
HALLMARK_ALLOGRAFT_REJECTION	exploratory	MSigDB_Hallmark (msigdbr 26.1.0)	Aars
HALLMARK_ALLOGRAFT_REJECTION	exploratory	MSigDB_Hallmark (msigdbr 26.1.0)	Abce1
HALLMARK_ALLOGRAFT_REJECTION	exploratory	MSigDB_Hallmark (msigdbr 26.1.0)	Abi1
HALLMARK_ALLOGRAFT_REJECTION	exploratory	MSigDB_Hallmark (msigdbr 26.1.0)	Ache
HALLMARK_ALLOGRAFT_REJECTION	exploratory	MSigDB_Hallmark (msigdbr 26.1.0)	Acvr2a
HALLMARK_ALLOGRAFT_REJECTION	exploratory	MSigDB_Hallmark (msigdbr 26.1.0)	Akt1
HALLMARK_ALLOGRAFT_REJECTION	exploratory	MSigDB_Hallmark (msigdbr 26.1.0)	Apbb1
HALLMARK_ALLOGRAFT_REJECTION	exploratory	MSigDB_Hallmark (msigdbr 26.1.0)	B2m
HALLMARK_ALLOGRAFT_REJECTION	exploratory	MSigDB_Hallmark (msigdbr 26.1.0)	Bcat1
HALLMARK_ALLOGRAFT_REJECTION	exploratory	MSigDB_Hallmark (msigdbr 26.1.0)	Bcl10
HALLMARK_ALLOGRAFT_REJECTION	exploratory	MSigDB_Hallmark (msigdbr 26.1.0)	Bcl3
HALLMARK_ALLOGRAFT_REJECTION	exploratory	MSigDB_Hallmark (msigdbr 26.1.0)	Brca1
HALLMARK_ALLOGRAFT_REJECTION	exploratory	MSigDB_Hallmark (msigdbr 26.1.0)	C2
HALLMARK_ALLOGRAFT_REJECTION	exploratory	MSigDB_Hallmark (msigdbr 26.1.0)	Capg
HALLMARK_ALLOGRAFT_REJECTION	exploratory	MSigDB_Hallmark (msigdbr 26.1.0)	Cartpt
HALLMARK_ALLOGRAFT_REJECTION	exploratory	MSigDB_Hallmark (msigdbr 26.1.0)	Ccl11
HALLMARK_ALLOGRAFT_REJECTION	exploratory	MSigDB_Hallmark (msigdbr 26.1.0)	Ccl19
HALLMARK_ALLOGRAFT_REJECTION	exploratory	MSigDB_Hallmark (msigdbr 26.1.0)	Ccl2
HALLMARK_ALLOGRAFT_REJECTION	exploratory	MSigDB_Hallmark (msigdbr 26.1.0)	Ccl22
HALLMARK_ALLOGRAFT_REJECTION	exploratory	MSigDB_Hallmark (msigdbr 26.1.0)	Ccl4
HALLMARK_ALLOGRAFT_REJECTION	exploratory	MSigDB_Hallmark (msigdbr 26.1.0)	Ccl5
HALLMARK_ALLOGRAFT_REJECTION	exploratory	MSigDB_Hallmark (msigdbr 26.1.0)	Ccl7
HALLMARK_ALLOGRAFT_REJECTION	exploratory	MSigDB_Hallmark (msigdbr 26.1.0)	Ccnd2
HALLMARK_ALLOGRAFT_REJECTION	exploratory	MSigDB_Hallmark (msigdbr 26.1.0)	Ccnd3
HALLMARK_ALLOGRAFT_REJECTION	exploratory	MSigDB_Hallmark (msigdbr 26.1.0)	Ccr1
HALLMARK_ALLOGRAFT_REJECTION	exploratory	MSigDB_Hallmark (msigdbr 26.1.0)	Ccr2
HALLMARK_ALLOGRAFT_REJECTION	exploratory	MSigDB_Hallmark (msigdbr 26.1.0)	Ccr5
HALLMARK_ALLOGRAFT_REJECTION	exploratory	MSigDB_Hallmark (msigdbr 26.1.0)	Cd1d1
HALLMARK_ALLOGRAFT_REJECTION	exploratory	MSigDB_Hallmark (msigdbr 26.1.0)	Cd2
HALLMARK_ALLOGRAFT_REJECTION	exploratory	MSigDB_Hallmark (msigdbr 26.1.0)	Cd247
HALLMARK_ALLOGRAFT_REJECTION	exploratory	MSigDB_Hallmark (msigdbr 26.1.0)	Cd28
HALLMARK_ALLOGRAFT_REJECTION	exploratory	MSigDB_Hallmark (msigdbr 26.1.0)	Cd3d
HALLMARK_ALLOGRAFT_REJECTION	exploratory	MSigDB_Hallmark (msigdbr 26.1.0)	Cd3e
HALLMARK_ALLOGRAFT_REJECTION	exploratory	MSigDB_Hallmark (msigdbr 26.1.0)	Cd3g
HALLMARK_ALLOGRAFT_REJECTION	exploratory	MSigDB_Hallmark (msigdbr 26.1.0)	Cd4
HALLMARK_ALLOGRAFT_REJECTION	exploratory	MSigDB_Hallmark (msigdbr 26.1.0)	Cd40
HALLMARK_ALLOGRAFT_REJECTION	exploratory	MSigDB_Hallmark (msigdbr 26.1.0)	Cd40lg
HALLMARK_ALLOGRAFT_REJECTION	exploratory	MSigDB_Hallmark (msigdbr 26.1.0)	Cd47
HALLMARK_ALLOGRAFT_REJECTION	exploratory	MSigDB_Hallmark (msigdbr 26.1.0)	Cd7
HALLMARK_ALLOGRAFT_REJECTION	exploratory	MSigDB_Hallmark (msigdbr 26.1.0)	Cd74
HALLMARK_ALLOGRAFT_REJECTION	exploratory	MSigDB_Hallmark (msigdbr 26.1.0)	Cd79a
HALLMARK_ALLOGRAFT_REJECTION	exploratory	MSigDB_Hallmark (msigdbr 26.1.0)	Cd80
HALLMARK_ALLOGRAFT_REJECTION	exploratory	MSigDB_Hallmark (msigdbr 26.1.0)	Cd86
HALLMARK_ALLOGRAFT_REJECTION	exploratory	MSigDB_Hallmark (msigdbr 26.1.0)	Cd8a
HALLMARK_ALLOGRAFT_REJECTION	exploratory	MSigDB_Hallmark (msigdbr 26.1.0)	Cd8b1
HALLMARK_ALLOGRAFT_REJECTION	exploratory	MSigDB_Hallmark (msigdbr 26.1.0)	Cd96
HALLMARK_ALLOGRAFT_REJECTION	exploratory	MSigDB_Hallmark (msigdbr 26.1.0)	Cdkn2a
HALLMARK_ALLOGRAFT_REJECTION	exploratory	MSigDB_Hallmark (msigdbr 26.1.0)	Cfp
HALLMARK_ALLOGRAFT_REJECTION	exploratory	MSigDB_Hallmark (msigdbr 26.1.0)	Crtam
HALLMARK_ALLOGRAFT_REJECTION	exploratory	MSigDB_Hallmark (msigdbr 26.1.0)	Csf1
HALLMARK_ALLOGRAFT_REJECTION	exploratory	MSigDB_Hallmark (msigdbr 26.1.0)	Csk
HALLMARK_ALLOGRAFT_REJECTION	exploratory	MSigDB_Hallmark (msigdbr 26.1.0)	Ctss
HALLMARK_ALLOGRAFT_REJECTION	exploratory	MSigDB_Hallmark (msigdbr 26.1.0)	Cxcl13
HALLMARK_ALLOGRAFT_REJECTION	exploratory	MSigDB_Hallmark (msigdbr 26.1.0)	Cxcl9
HALLMARK_ALLOGRAFT_REJECTION	exploratory	MSigDB_Hallmark (msigdbr 26.1.0)	Cxcr3
HALLMARK_ALLOGRAFT_REJECTION	exploratory	MSigDB_Hallmark (msigdbr 26.1.0)	Dars
HALLMARK_ALLOGRAFT_REJECTION	exploratory	MSigDB_Hallmark (msigdbr 26.1.0)	Degs1
HALLMARK_ALLOGRAFT_REJECTION	exploratory	MSigDB_Hallmark (msigdbr 26.1.0)	Dyrk3
HALLMARK_ALLOGRAFT_REJECTION	exploratory	MSigDB_Hallmark (msigdbr 26.1.0)	Egfr
HALLMARK_ALLOGRAFT_REJECTION	exploratory	MSigDB_Hallmark (msigdbr 26.1.0)	Eif3a
HALLMARK_ALLOGRAFT_REJECTION	exploratory	MSigDB_Hallmark (msigdbr 26.1.0)	Eif3d
HALLMARK_ALLOGRAFT_REJECTION	exploratory	MSigDB_Hallmark (msigdbr 26.1.0)	Eif3j1
HALLMARK_ALLOGRAFT_REJECTION	exploratory	MSigDB_Hallmark (msigdbr 26.1.0)	Eif3j2
HALLMARK_ALLOGRAFT_REJECTION	exploratory	MSigDB_Hallmark (msigdbr 26.1.0)	Eif4g3
HALLMARK_ALLOGRAFT_REJECTION	exploratory	MSigDB_Hallmark (msigdbr 26.1.0)	Eif5a
HALLMARK_ALLOGRAFT_REJECTION	exploratory	MSigDB_Hallmark (msigdbr 26.1.0)	Elane
HALLMARK_ALLOGRAFT_REJECTION	exploratory	MSigDB_Hallmark (msigdbr 26.1.0)	Elf4
HALLMARK_ALLOGRAFT_REJECTION	exploratory	MSigDB_Hallmark (msigdbr 26.1.0)	Ereg
HALLMARK_ALLOGRAFT_REJECTION	exploratory	MSigDB_Hallmark (msigdbr 26.1.0)	Ets1
HALLMARK_ALLOGRAFT_REJECTION	exploratory	MSigDB_Hallmark (msigdbr 26.1.0)	F2
HALLMARK_ALLOGRAFT_REJECTION	exploratory	MSigDB_Hallmark (msigdbr 26.1.0)	F2r
HALLMARK_ALLOGRAFT_REJECTION	exploratory	MSigDB_Hallmark (msigdbr 26.1.0)	Fas
HALLMARK_ALLOGRAFT_REJECTION	exploratory	MSigDB_Hallmark (msigdbr 26.1.0)	Fasl
HALLMARK_ALLOGRAFT_REJECTION	exploratory	MSigDB_Hallmark (msigdbr 26.1.0)	Fcgr2b
HALLMARK_ALLOGRAFT_REJECTION	exploratory	MSigDB_Hallmark (msigdbr 26.1.0)	Fgr
HALLMARK_ALLOGRAFT_REJECTION	exploratory	MSigDB_Hallmark (msigdbr 26.1.0)	Flna
HALLMARK_ALLOGRAFT_REJECTION	exploratory	MSigDB_Hallmark (msigdbr 26.1.0)	Fyb
HALLMARK_ALLOGRAFT_REJECTION	exploratory	MSigDB_Hallmark (msigdbr 26.1.0)	Galnt1
HALLMARK_ALLOGRAFT_REJECTION	exploratory	MSigDB_Hallmark (msigdbr 26.1.0)	Gbp2
HALLMARK_ALLOGRAFT_REJECTION	exploratory	MSigDB_Hallmark (msigdbr 26.1.0)	Gcnt1
HALLMARK_ALLOGRAFT_REJECTION	exploratory	MSigDB_Hallmark (msigdbr 26.1.0)	Glmn
HALLMARK_ALLOGRAFT_REJECTION	exploratory	MSigDB_Hallmark (msigdbr 26.1.0)	Gpr65
HALLMARK_ALLOGRAFT_REJECTION	exploratory	MSigDB_Hallmark (msigdbr 26.1.0)	Gzma
HALLMARK_ALLOGRAFT_REJECTION	exploratory	MSigDB_Hallmark (msigdbr 26.1.0)	Gzmb
HALLMARK_ALLOGRAFT_REJECTION	exploratory	MSigDB_Hallmark (msigdbr 26.1.0)	Hcls1
HALLMARK_ALLOGRAFT_REJECTION	exploratory	MSigDB_Hallmark (msigdbr 26.1.0)	Hdac9
HALLMARK_ALLOGRAFT_REJECTION	exploratory	MSigDB_Hallmark (msigdbr 26.1.0)	Hif1a
HALLMARK_ALLOGRAFT_REJECTION	exploratory	MSigDB_Hallmark (msigdbr 26.1.0)	H2-Q10
HALLMARK_ALLOGRAFT_REJECTION	exploratory	MSigDB_Hallmark (msigdbr 26.1.0)	H2-Q7
HALLMARK_ALLOGRAFT_REJECTION	exploratory	MSigDB_Hallmark (msigdbr 26.1.0)	H2-DMa
HALLMARK_ALLOGRAFT_REJECTION	exploratory	MSigDB_Hallmark (msigdbr 26.1.0)	H2-DMb1
HALLMARK_ALLOGRAFT_REJECTION	exploratory	MSigDB_Hallmark (msigdbr 26.1.0)	H2-Oa
HALLMARK_ALLOGRAFT_REJECTION	exploratory	MSigDB_Hallmark (msigdbr 26.1.0)	H2-Ob
HALLMARK_ALLOGRAFT_REJECTION	exploratory	MSigDB_Hallmark (msigdbr 26.1.0)	H2-Aa
HALLMARK_ALLOGRAFT_REJECTION	exploratory	MSigDB_Hallmark (msigdbr 26.1.0)	H2-Ea
HALLMARK_ALLOGRAFT_REJECTION	exploratory	MSigDB_Hallmark (msigdbr 26.1.0)	H2-T23
HALLMARK_ALLOGRAFT_REJECTION	exploratory	MSigDB_Hallmark (msigdbr 26.1.0)	H2-M3
HALLMARK_ALLOGRAFT_REJECTION	exploratory	MSigDB_Hallmark (msigdbr 26.1.0)	Icam1
HALLMARK_ALLOGRAFT_REJECTION	exploratory	MSigDB_Hallmark (msigdbr 26.1.0)	Icosl
HALLMARK_ALLOGRAFT_REJECTION	exploratory	MSigDB_Hallmark (msigdbr 26.1.0)	Ifnar2
HALLMARK_ALLOGRAFT_REJECTION	exploratory	MSigDB_Hallmark (msigdbr 26.1.0)	Ifng
HALLMARK_ALLOGRAFT_REJECTION	exploratory	MSigDB_Hallmark (msigdbr 26.1.0)	Ifngr1
HALLMARK_ALLOGRAFT_REJECTION	exploratory	MSigDB_Hallmark (msigdbr 26.1.0)	Ifngr2
HALLMARK_ALLOGRAFT_REJECTION	exploratory	MSigDB_Hallmark (msigdbr 26.1.0)	Igsf6
HALLMARK_ALLOGRAFT_REJECTION	exploratory	MSigDB_Hallmark (msigdbr 26.1.0)	Ikbkb
HALLMARK_ALLOGRAFT_REJECTION	exploratory	MSigDB_Hallmark (msigdbr 26.1.0)	Il10
HALLMARK_ALLOGRAFT_REJECTION	exploratory	MSigDB_Hallmark (msigdbr 26.1.0)	Il11
HALLMARK_ALLOGRAFT_REJECTION	exploratory	MSigDB_Hallmark (msigdbr 26.1.0)	Il12a
HALLMARK_ALLOGRAFT_REJECTION	exploratory	MSigDB_Hallmark (msigdbr 26.1.0)	Il12b
HALLMARK_ALLOGRAFT_REJECTION	exploratory	MSigDB_Hallmark (msigdbr 26.1.0)	Il12rb1
HALLMARK_ALLOGRAFT_REJECTION	exploratory	MSigDB_Hallmark (msigdbr 26.1.0)	Il13
HALLMARK_ALLOGRAFT_REJECTION	exploratory	MSigDB_Hallmark (msigdbr 26.1.0)	Il15
HALLMARK_ALLOGRAFT_REJECTION	exploratory	MSigDB_Hallmark (msigdbr 26.1.0)	Il16
HALLMARK_ALLOGRAFT_REJECTION	exploratory	MSigDB_Hallmark (msigdbr 26.1.0)	Il18
HALLMARK_ALLOGRAFT_REJECTION	exploratory	MSigDB_Hallmark (msigdbr 26.1.0)	Il18rap
HALLMARK_ALLOGRAFT_REJECTION	exploratory	MSigDB_Hallmark (msigdbr 26.1.0)	Il1b
HALLMARK_ALLOGRAFT_REJECTION	exploratory	MSigDB_Hallmark (msigdbr 26.1.0)	Il2
HALLMARK_ALLOGRAFT_REJECTION	exploratory	MSigDB_Hallmark (msigdbr 26.1.0)	Il27ra
HALLMARK_ALLOGRAFT_REJECTION	exploratory	MSigDB_Hallmark (msigdbr 26.1.0)	Il2ra
HALLMARK_ALLOGRAFT_REJECTION	exploratory	MSigDB_Hallmark (msigdbr 26.1.0)	Il2rb
HALLMARK_ALLOGRAFT_REJECTION	exploratory	MSigDB_Hallmark (msigdbr 26.1.0)	Il2rg
HALLMARK_ALLOGRAFT_REJECTION	exploratory	MSigDB_Hallmark (msigdbr 26.1.0)	Il4
HALLMARK_ALLOGRAFT_REJECTION	exploratory	MSigDB_Hallmark (msigdbr 26.1.0)	Il4ra
HALLMARK_ALLOGRAFT_REJECTION	exploratory	MSigDB_Hallmark (msigdbr 26.1.0)	Il6
HALLMARK_ALLOGRAFT_REJECTION	exploratory	MSigDB_Hallmark (msigdbr 26.1.0)	Il7
HALLMARK_ALLOGRAFT_REJECTION	exploratory	MSigDB_Hallmark (msigdbr 26.1.0)	Il9
HALLMARK_ALLOGRAFT_REJECTION	exploratory	MSigDB_Hallmark (msigdbr 26.1.0)	Inhba
HALLMARK_ALLOGRAFT_REJECTION	exploratory	MSigDB_Hallmark (msigdbr 26.1.0)	Inhbb
HALLMARK_ALLOGRAFT_REJECTION	exploratory	MSigDB_Hallmark (msigdbr 26.1.0)	Irf4
HALLMARK_ALLOGRAFT_REJECTION	exploratory	MSigDB_Hallmark (msigdbr 26.1.0)	Irf7
HALLMARK_ALLOGRAFT_REJECTION	exploratory	MSigDB_Hallmark (msigdbr 26.1.0)	Irf8
HALLMARK_ALLOGRAFT_REJECTION	exploratory	MSigDB_Hallmark (msigdbr 26.1.0)	Itgal
HALLMARK_ALLOGRAFT_REJECTION	exploratory	MSigDB_Hallmark (msigdbr 26.1.0)	Itgb2
HALLMARK_ALLOGRAFT_REJECTION	exploratory	MSigDB_Hallmark (msigdbr 26.1.0)	Itk
HALLMARK_ALLOGRAFT_REJECTION	exploratory	MSigDB_Hallmark (msigdbr 26.1.0)	Jak2
HALLMARK_ALLOGRAFT_REJECTION	exploratory	MSigDB_Hallmark (msigdbr 26.1.0)	Klrd1
HALLMARK_ALLOGRAFT_REJECTION	exploratory	MSigDB_Hallmark (msigdbr 26.1.0)	Krt1
HALLMARK_ALLOGRAFT_REJECTION	exploratory	MSigDB_Hallmark (msigdbr 26.1.0)	Lck
HALLMARK_ALLOGRAFT_REJECTION	exploratory	MSigDB_Hallmark (msigdbr 26.1.0)	Lcp2
HALLMARK_ALLOGRAFT_REJECTION	exploratory	MSigDB_Hallmark (msigdbr 26.1.0)	Lif
HALLMARK_ALLOGRAFT_REJECTION	exploratory	MSigDB_Hallmark (msigdbr 26.1.0)	Ltb
HALLMARK_ALLOGRAFT_REJECTION	exploratory	MSigDB_Hallmark (msigdbr 26.1.0)	Ly75
HALLMARK_ALLOGRAFT_REJECTION	exploratory	MSigDB_Hallmark (msigdbr 26.1.0)	Ly86
HALLMARK_ALLOGRAFT_REJECTION	exploratory	MSigDB_Hallmark (msigdbr 26.1.0)	Lyn
HALLMARK_ALLOGRAFT_REJECTION	exploratory	MSigDB_Hallmark (msigdbr 26.1.0)	Map3k7
HALLMARK_ALLOGRAFT_REJECTION	exploratory	MSigDB_Hallmark (msigdbr 26.1.0)	Map4k1
HALLMARK_ALLOGRAFT_REJECTION	exploratory	MSigDB_Hallmark (msigdbr 26.1.0)	Mbl2
HALLMARK_ALLOGRAFT_REJECTION	exploratory	MSigDB_Hallmark (msigdbr 26.1.0)	Mmp9
HALLMARK_ALLOGRAFT_REJECTION	exploratory	MSigDB_Hallmark (msigdbr 26.1.0)	Mrpl3
HALLMARK_ALLOGRAFT_REJECTION	exploratory	MSigDB_Hallmark (msigdbr 26.1.0)	Mtif2
HALLMARK_ALLOGRAFT_REJECTION	exploratory	MSigDB_Hallmark (msigdbr 26.1.0)	Ncf4
HALLMARK_ALLOGRAFT_REJECTION	exploratory	MSigDB_Hallmark (msigdbr 26.1.0)	Nck1
HALLMARK_ALLOGRAFT_REJECTION	exploratory	MSigDB_Hallmark (msigdbr 26.1.0)	Ncr1
HALLMARK_ALLOGRAFT_REJECTION	exploratory	MSigDB_Hallmark (msigdbr 26.1.0)	Nlrp3
HALLMARK_ALLOGRAFT_REJECTION	exploratory	MSigDB_Hallmark (msigdbr 26.1.0)	Nme1
HALLMARK_ALLOGRAFT_REJECTION	exploratory	MSigDB_Hallmark (msigdbr 26.1.0)	Nos2
HALLMARK_ALLOGRAFT_REJECTION	exploratory	MSigDB_Hallmark (msigdbr 26.1.0)	Npm1
HALLMARK_ALLOGRAFT_REJECTION	exploratory	MSigDB_Hallmark (msigdbr 26.1.0)	Pf4
HALLMARK_ALLOGRAFT_REJECTION	exploratory	MSigDB_Hallmark (msigdbr 26.1.0)	Prf1
HALLMARK_ALLOGRAFT_REJECTION	exploratory	MSigDB_Hallmark (msigdbr 26.1.0)	Prkcb
HALLMARK_ALLOGRAFT_REJECTION	exploratory	MSigDB_Hallmark (msigdbr 26.1.0)	Prkcg
HALLMARK_ALLOGRAFT_REJECTION	exploratory	MSigDB_Hallmark (msigdbr 26.1.0)	Psmb10
HALLMARK_ALLOGRAFT_REJECTION	exploratory	MSigDB_Hallmark (msigdbr 26.1.0)	Ptpn6
HALLMARK_ALLOGRAFT_REJECTION	exploratory	MSigDB_Hallmark (msigdbr 26.1.0)	Ptprc
HALLMARK_ALLOGRAFT_REJECTION	exploratory	MSigDB_Hallmark (msigdbr 26.1.0)	Rars
HALLMARK_ALLOGRAFT_REJECTION	exploratory	MSigDB_Hallmark (msigdbr 26.1.0)	Ripk2
HALLMARK_ALLOGRAFT_REJECTION	exploratory	MSigDB_Hallmark (msigdbr 26.1.0)	Rpl39
HALLMARK_ALLOGRAFT_REJECTION	exploratory	MSigDB_Hallmark (msigdbr 26.1.0)	Rpl3l
HALLMARK_ALLOGRAFT_REJECTION	exploratory	MSigDB_Hallmark (msigdbr 26.1.0)	Rpl9
HALLMARK_ALLOGRAFT_REJECTION	exploratory	MSigDB_Hallmark (msigdbr 26.1.0)	Rps19
HALLMARK_ALLOGRAFT_REJECTION	exploratory	MSigDB_Hallmark (msigdbr 26.1.0)	Rps3a1
HALLMARK_ALLOGRAFT_REJECTION	exploratory	MSigDB_Hallmark (msigdbr 26.1.0)	Rps9
HALLMARK_ALLOGRAFT_REJECTION	exploratory	MSigDB_Hallmark (msigdbr 26.1.0)	Sit1
HALLMARK_ALLOGRAFT_REJECTION	exploratory	MSigDB_Hallmark (msigdbr 26.1.0)	Socs1
HALLMARK_ALLOGRAFT_REJECTION	exploratory	MSigDB_Hallmark (msigdbr 26.1.0)	Socs5
HALLMARK_ALLOGRAFT_REJECTION	exploratory	MSigDB_Hallmark (msigdbr 26.1.0)	Spi1
HALLMARK_ALLOGRAFT_REJECTION	exploratory	MSigDB_Hallmark (msigdbr 26.1.0)	Srgn
HALLMARK_ALLOGRAFT_REJECTION	exploratory	MSigDB_Hallmark (msigdbr 26.1.0)	St8sia4
HALLMARK_ALLOGRAFT_REJECTION	exploratory	MSigDB_Hallmark (msigdbr 26.1.0)	Stab1
HALLMARK_ALLOGRAFT_REJECTION	exploratory	MSigDB_Hallmark (msigdbr 26.1.0)	Stat1
HALLMARK_ALLOGRAFT_REJECTION	exploratory	MSigDB_Hallmark (msigdbr 26.1.0)	Stat4
HALLMARK_ALLOGRAFT_REJECTION	exploratory	MSigDB_Hallmark (msigdbr 26.1.0)	Tap1
HALLMARK_ALLOGRAFT_REJECTION	exploratory	MSigDB_Hallmark (msigdbr 26.1.0)	Tap2
HALLMARK_ALLOGRAFT_REJECTION	exploratory	MSigDB_Hallmark (msigdbr 26.1.0)	Tapbp
HALLMARK_ALLOGRAFT_REJECTION	exploratory	MSigDB_Hallmark (msigdbr 26.1.0)	Tgfb1
HALLMARK_ALLOGRAFT_REJECTION	exploratory	MSigDB_Hallmark (msigdbr 26.1.0)	Tgfb2
HALLMARK_ALLOGRAFT_REJECTION	exploratory	MSigDB_Hallmark (msigdbr 26.1.0)	Thy1
HALLMARK_ALLOGRAFT_REJECTION	exploratory	MSigDB_Hallmark (msigdbr 26.1.0)	Timp1
HALLMARK_ALLOGRAFT_REJECTION	exploratory	MSigDB_Hallmark (msigdbr 26.1.0)	Tlr1
HALLMARK_ALLOGRAFT_REJECTION	exploratory	MSigDB_Hallmark (msigdbr 26.1.0)	Tlr2
HALLMARK_ALLOGRAFT_REJECTION	exploratory	MSigDB_Hallmark (msigdbr 26.1.0)	Tlr3
HALLMARK_ALLOGRAFT_REJECTION	exploratory	MSigDB_Hallmark (msigdbr 26.1.0)	Tlr6
HALLMARK_ALLOGRAFT_REJECTION	exploratory	MSigDB_Hallmark (msigdbr 26.1.0)	Tnf
HALLMARK_ALLOGRAFT_REJECTION	exploratory	MSigDB_Hallmark (msigdbr 26.1.0)	Tpd52
HALLMARK_ALLOGRAFT_REJECTION	exploratory	MSigDB_Hallmark (msigdbr 26.1.0)	Traf2
HALLMARK_ALLOGRAFT_REJECTION	exploratory	MSigDB_Hallmark (msigdbr 26.1.0)	Trat1
HALLMARK_ALLOGRAFT_REJECTION	exploratory	MSigDB_Hallmark (msigdbr 26.1.0)	Ube2d1
HALLMARK_ALLOGRAFT_REJECTION	exploratory	MSigDB_Hallmark (msigdbr 26.1.0)	Ube2n
HALLMARK_ALLOGRAFT_REJECTION	exploratory	MSigDB_Hallmark (msigdbr 26.1.0)	Wars1
HALLMARK_ALLOGRAFT_REJECTION	exploratory	MSigDB_Hallmark (msigdbr 26.1.0)	Was
HALLMARK_ALLOGRAFT_REJECTION	exploratory	MSigDB_Hallmark (msigdbr 26.1.0)	Zap70
HALLMARK_ANDROGEN_RESPONSE	exploratory	MSigDB_Hallmark (msigdbr 26.1.0)	Abcc4
HALLMARK_ANDROGEN_RESPONSE	exploratory	MSigDB_Hallmark (msigdbr 26.1.0)	Abhd2
HALLMARK_ANDROGEN_RESPONSE	exploratory	MSigDB_Hallmark (msigdbr 26.1.0)	Acsl3
HALLMARK_ANDROGEN_RESPONSE	exploratory	MSigDB_Hallmark (msigdbr 26.1.0)	Actn1
HALLMARK_ANDROGEN_RESPONSE	exploratory	MSigDB_Hallmark (msigdbr 26.1.0)	Adamts1
HALLMARK_ANDROGEN_RESPONSE	exploratory	MSigDB_Hallmark (msigdbr 26.1.0)	Adrm1
HALLMARK_ANDROGEN_RESPONSE	exploratory	MSigDB_Hallmark (msigdbr 26.1.0)	Akap12
HALLMARK_ANDROGEN_RESPONSE	exploratory	MSigDB_Hallmark (msigdbr 26.1.0)	Akt1
HALLMARK_ANDROGEN_RESPONSE	exploratory	MSigDB_Hallmark (msigdbr 26.1.0)	Aldh1a3
HALLMARK_ANDROGEN_RESPONSE	exploratory	MSigDB_Hallmark (msigdbr 26.1.0)	Ank
HALLMARK_ANDROGEN_RESPONSE	exploratory	MSigDB_Hallmark (msigdbr 26.1.0)	Appbp2
HALLMARK_ANDROGEN_RESPONSE	exploratory	MSigDB_Hallmark (msigdbr 26.1.0)	Arid5b
HALLMARK_ANDROGEN_RESPONSE	exploratory	MSigDB_Hallmark (msigdbr 26.1.0)	Azgp1
HALLMARK_ANDROGEN_RESPONSE	exploratory	MSigDB_Hallmark (msigdbr 26.1.0)	B2m
HALLMARK_ANDROGEN_RESPONSE	exploratory	MSigDB_Hallmark (msigdbr 26.1.0)	B4galt1
HALLMARK_ANDROGEN_RESPONSE	exploratory	MSigDB_Hallmark (msigdbr 26.1.0)	Bmpr1b
HALLMARK_ANDROGEN_RESPONSE	exploratory	MSigDB_Hallmark (msigdbr 26.1.0)	Camkk2
HALLMARK_ANDROGEN_RESPONSE	exploratory	MSigDB_Hallmark (msigdbr 26.1.0)	Ccnd1
HALLMARK_ANDROGEN_RESPONSE	exploratory	MSigDB_Hallmark (msigdbr 26.1.0)	Ccnd3
HALLMARK_ANDROGEN_RESPONSE	exploratory	MSigDB_Hallmark (msigdbr 26.1.0)	Cdc14b
HALLMARK_ANDROGEN_RESPONSE	exploratory	MSigDB_Hallmark (msigdbr 26.1.0)	Cdk6
HALLMARK_ANDROGEN_RESPONSE	exploratory	MSigDB_Hallmark (msigdbr 26.1.0)	Cenpn
HALLMARK_ANDROGEN_RESPONSE	exploratory	MSigDB_Hallmark (msigdbr 26.1.0)	Dbi
HALLMARK_ANDROGEN_RESPONSE	exploratory	MSigDB_Hallmark (msigdbr 26.1.0)	Dhcr24
HALLMARK_ANDROGEN_RESPONSE	exploratory	MSigDB_Hallmark (msigdbr 26.1.0)	Dnajb9
HALLMARK_ANDROGEN_RESPONSE	exploratory	MSigDB_Hallmark (msigdbr 26.1.0)	Elk4
HALLMARK_ANDROGEN_RESPONSE	exploratory	MSigDB_Hallmark (msigdbr 26.1.0)	Ell2
HALLMARK_ANDROGEN_RESPONSE	exploratory	MSigDB_Hallmark (msigdbr 26.1.0)	Elovl5
HALLMARK_ANDROGEN_RESPONSE	exploratory	MSigDB_Hallmark (msigdbr 26.1.0)	Fads1
HALLMARK_ANDROGEN_RESPONSE	exploratory	MSigDB_Hallmark (msigdbr 26.1.0)	Fkbp5
HALLMARK_ANDROGEN_RESPONSE	exploratory	MSigDB_Hallmark (msigdbr 26.1.0)	Gnai3
HALLMARK_ANDROGEN_RESPONSE	exploratory	MSigDB_Hallmark (msigdbr 26.1.0)	Gpd1l
HALLMARK_ANDROGEN_RESPONSE	exploratory	MSigDB_Hallmark (msigdbr 26.1.0)	Gsr
HALLMARK_ANDROGEN_RESPONSE	exploratory	MSigDB_Hallmark (msigdbr 26.1.0)	Gucy1a1
HALLMARK_ANDROGEN_RESPONSE	exploratory	MSigDB_Hallmark (msigdbr 26.1.0)	H1f0
HALLMARK_ANDROGEN_RESPONSE	exploratory	MSigDB_Hallmark (msigdbr 26.1.0)	Herc3
HALLMARK_ANDROGEN_RESPONSE	exploratory	MSigDB_Hallmark (msigdbr 26.1.0)	Hmgcr
HALLMARK_ANDROGEN_RESPONSE	exploratory	MSigDB_Hallmark (msigdbr 26.1.0)	Hmgcs1
HALLMARK_ANDROGEN_RESPONSE	exploratory	MSigDB_Hallmark (msigdbr 26.1.0)	Homer2
HALLMARK_ANDROGEN_RESPONSE	exploratory	MSigDB_Hallmark (msigdbr 26.1.0)	Hpgd
HALLMARK_ANDROGEN_RESPONSE	exploratory	MSigDB_Hallmark (msigdbr 26.1.0)	Hsd17b14
HALLMARK_ANDROGEN_RESPONSE	exploratory	MSigDB_Hallmark (msigdbr 26.1.0)	Idi1
HALLMARK_ANDROGEN_RESPONSE	exploratory	MSigDB_Hallmark (msigdbr 26.1.0)	Inpp4b
HALLMARK_ANDROGEN_RESPONSE	exploratory	MSigDB_Hallmark (msigdbr 26.1.0)	Insig1
HALLMARK_ANDROGEN_RESPONSE	exploratory	MSigDB_Hallmark (msigdbr 26.1.0)	Iqgap2
HALLMARK_ANDROGEN_RESPONSE	exploratory	MSigDB_Hallmark (msigdbr 26.1.0)	Itgav
HALLMARK_ANDROGEN_RESPONSE	exploratory	MSigDB_Hallmark (msigdbr 26.1.0)	Klk1
HALLMARK_ANDROGEN_RESPONSE	exploratory	MSigDB_Hallmark (msigdbr 26.1.0)	Klk1b1
HALLMARK_ANDROGEN_RESPONSE	exploratory	MSigDB_Hallmark (msigdbr 26.1.0)	Klk1b11
HALLMARK_ANDROGEN_RESPONSE	exploratory	MSigDB_Hallmark (msigdbr 26.1.0)	Klk1b16
HALLMARK_ANDROGEN_RESPONSE	exploratory	MSigDB_Hallmark (msigdbr 26.1.0)	Klk1b21
HALLMARK_ANDROGEN_RESPONSE	exploratory	MSigDB_Hallmark (msigdbr 26.1.0)	Klk1b22
HALLMARK_ANDROGEN_RESPONSE	exploratory	MSigDB_Hallmark (msigdbr 26.1.0)	Klk1b24
HALLMARK_ANDROGEN_RESPONSE	exploratory	MSigDB_Hallmark (msigdbr 26.1.0)	Klk1b27
HALLMARK_ANDROGEN_RESPONSE	exploratory	MSigDB_Hallmark (msigdbr 26.1.0)	Klk1b3
HALLMARK_ANDROGEN_RESPONSE	exploratory	MSigDB_Hallmark (msigdbr 26.1.0)	Klk1b4
HALLMARK_ANDROGEN_RESPONSE	exploratory	MSigDB_Hallmark (msigdbr 26.1.0)	Klk1b5
HALLMARK_ANDROGEN_RESPONSE	exploratory	MSigDB_Hallmark (msigdbr 26.1.0)	Klk1b8
HALLMARK_ANDROGEN_RESPONSE	exploratory	MSigDB_Hallmark (msigdbr 26.1.0)	Klk1b9
HALLMARK_ANDROGEN_RESPONSE	exploratory	MSigDB_Hallmark (msigdbr 26.1.0)	Krt19
HALLMARK_ANDROGEN_RESPONSE	exploratory	MSigDB_Hallmark (msigdbr 26.1.0)	Krt8
HALLMARK_ANDROGEN_RESPONSE	exploratory	MSigDB_Hallmark (msigdbr 26.1.0)	Lifr
HALLMARK_ANDROGEN_RESPONSE	exploratory	MSigDB_Hallmark (msigdbr 26.1.0)	Lman1
HALLMARK_ANDROGEN_RESPONSE	exploratory	MSigDB_Hallmark (msigdbr 26.1.0)	Maf
HALLMARK_ANDROGEN_RESPONSE	exploratory	MSigDB_Hallmark (msigdbr 26.1.0)	Mak
HALLMARK_ANDROGEN_RESPONSE	exploratory	MSigDB_Hallmark (msigdbr 26.1.0)	Map7
HALLMARK_ANDROGEN_RESPONSE	exploratory	MSigDB_Hallmark (msigdbr 26.1.0)	Mertk
HALLMARK_ANDROGEN_RESPONSE	exploratory	MSigDB_Hallmark (msigdbr 26.1.0)	Myl12a
HALLMARK_ANDROGEN_RESPONSE	exploratory	MSigDB_Hallmark (msigdbr 26.1.0)	Ncoa4
HALLMARK_ANDROGEN_RESPONSE	exploratory	MSigDB_Hallmark (msigdbr 26.1.0)	Ndrg1
HALLMARK_ANDROGEN_RESPONSE	exploratory	MSigDB_Hallmark (msigdbr 26.1.0)	Ngly1
HALLMARK_ANDROGEN_RESPONSE	exploratory	MSigDB_Hallmark (msigdbr 26.1.0)	Nkx3-1
HALLMARK_ANDROGEN_RESPONSE	exploratory	MSigDB_Hallmark (msigdbr 26.1.0)	Pa2g4
HALLMARK_ANDROGEN_RESPONSE	exploratory	MSigDB_Hallmark (msigdbr 26.1.0)	Pdlim5
HALLMARK_ANDROGEN_RESPONSE	exploratory	MSigDB_Hallmark (msigdbr 26.1.0)	Pgm3
HALLMARK_ANDROGEN_RESPONSE	exploratory	MSigDB_Hallmark (msigdbr 26.1.0)	Pias1
HALLMARK_ANDROGEN_RESPONSE	exploratory	MSigDB_Hallmark (msigdbr 26.1.0)	Plpp1
HALLMARK_ANDROGEN_RESPONSE	exploratory	MSigDB_Hallmark (msigdbr 26.1.0)	Pmepa1
HALLMARK_ANDROGEN_RESPONSE	exploratory	MSigDB_Hallmark (msigdbr 26.1.0)	Ptk2b
HALLMARK_ANDROGEN_RESPONSE	exploratory	MSigDB_Hallmark (msigdbr 26.1.0)	Ptpn21
HALLMARK_ANDROGEN_RESPONSE	exploratory	MSigDB_Hallmark (msigdbr 26.1.0)	Rab4a
HALLMARK_ANDROGEN_RESPONSE	exploratory	MSigDB_Hallmark (msigdbr 26.1.0)	Rps6ka3
HALLMARK_ANDROGEN_RESPONSE	exploratory	MSigDB_Hallmark (msigdbr 26.1.0)	Rrp12
HALLMARK_ANDROGEN_RESPONSE	exploratory	MSigDB_Hallmark (msigdbr 26.1.0)	Sat1
HALLMARK_ANDROGEN_RESPONSE	exploratory	MSigDB_Hallmark (msigdbr 26.1.0)	Scd1
HALLMARK_ANDROGEN_RESPONSE	exploratory	MSigDB_Hallmark (msigdbr 26.1.0)	Scd2
HALLMARK_ANDROGEN_RESPONSE	exploratory	MSigDB_Hallmark (msigdbr 26.1.0)	Sec24d
HALLMARK_ANDROGEN_RESPONSE	exploratory	MSigDB_Hallmark (msigdbr 26.1.0)	Selenop
HALLMARK_ANDROGEN_RESPONSE	exploratory	MSigDB_Hallmark (msigdbr 26.1.0)	Sgk1
HALLMARK_ANDROGEN_RESPONSE	exploratory	MSigDB_Hallmark (msigdbr 26.1.0)	Slc26a2
HALLMARK_ANDROGEN_RESPONSE	exploratory	MSigDB_Hallmark (msigdbr 26.1.0)	Slc38a2
HALLMARK_ANDROGEN_RESPONSE	exploratory	MSigDB_Hallmark (msigdbr 26.1.0)	Sms
HALLMARK_ANDROGEN_RESPONSE	exploratory	MSigDB_Hallmark (msigdbr 26.1.0)	Sord
HALLMARK_ANDROGEN_RESPONSE	exploratory	MSigDB_Hallmark (msigdbr 26.1.0)	Spcs3
HALLMARK_ANDROGEN_RESPONSE	exploratory	MSigDB_Hallmark (msigdbr 26.1.0)	Spdef
HALLMARK_ANDROGEN_RESPONSE	exploratory	MSigDB_Hallmark (msigdbr 26.1.0)	Srf
HALLMARK_ANDROGEN_RESPONSE	exploratory	MSigDB_Hallmark (msigdbr 26.1.0)	Srp19
HALLMARK_ANDROGEN_RESPONSE	exploratory	MSigDB_Hallmark (msigdbr 26.1.0)	Steap4
HALLMARK_ANDROGEN_RESPONSE	exploratory	MSigDB_Hallmark (msigdbr 26.1.0)	Stk39
HALLMARK_ANDROGEN_RESPONSE	exploratory	MSigDB_Hallmark (msigdbr 26.1.0)	Tmem50a
HALLMARK_ANDROGEN_RESPONSE	exploratory	MSigDB_Hallmark (msigdbr 26.1.0)	Tmprss2
HALLMARK_ANDROGEN_RESPONSE	exploratory	MSigDB_Hallmark (msigdbr 26.1.0)	Tnfaip8
HALLMARK_ANDROGEN_RESPONSE	exploratory	MSigDB_Hallmark (msigdbr 26.1.0)	Tpd52
HALLMARK_ANDROGEN_RESPONSE	exploratory	MSigDB_Hallmark (msigdbr 26.1.0)	Tsc22d1
HALLMARK_ANDROGEN_RESPONSE	exploratory	MSigDB_Hallmark (msigdbr 26.1.0)	Uap1
HALLMARK_ANDROGEN_RESPONSE	exploratory	MSigDB_Hallmark (msigdbr 26.1.0)	Ube2i
HALLMARK_ANDROGEN_RESPONSE	exploratory	MSigDB_Hallmark (msigdbr 26.1.0)	Ube2j1
HALLMARK_ANDROGEN_RESPONSE	exploratory	MSigDB_Hallmark (msigdbr 26.1.0)	Vapa
HALLMARK_ANDROGEN_RESPONSE	exploratory	MSigDB_Hallmark (msigdbr 26.1.0)	Xrcc5
HALLMARK_ANDROGEN_RESPONSE	exploratory	MSigDB_Hallmark (msigdbr 26.1.0)	Xrcc6
HALLMARK_ANDROGEN_RESPONSE	exploratory	MSigDB_Hallmark (msigdbr 26.1.0)	Zbtb10
HALLMARK_ANDROGEN_RESPONSE	exploratory	MSigDB_Hallmark (msigdbr 26.1.0)	Zmiz1
HALLMARK_ANGIOGENESIS	exploratory	MSigDB_Hallmark (msigdbr 26.1.0)	Apoh
HALLMARK_ANGIOGENESIS	exploratory	MSigDB_Hallmark (msigdbr 26.1.0)	App
HALLMARK_ANGIOGENESIS	exploratory	MSigDB_Hallmark (msigdbr 26.1.0)	Ccnd2
HALLMARK_ANGIOGENESIS	exploratory	MSigDB_Hallmark (msigdbr 26.1.0)	Col3a1
HALLMARK_ANGIOGENESIS	exploratory	MSigDB_Hallmark (msigdbr 26.1.0)	Col5a2
HALLMARK_ANGIOGENESIS	exploratory	MSigDB_Hallmark (msigdbr 26.1.0)	Cxcl5
HALLMARK_ANGIOGENESIS	exploratory	MSigDB_Hallmark (msigdbr 26.1.0)	Fgfr1
HALLMARK_ANGIOGENESIS	exploratory	MSigDB_Hallmark (msigdbr 26.1.0)	Fstl1
HALLMARK_ANGIOGENESIS	exploratory	MSigDB_Hallmark (msigdbr 26.1.0)	Itgav
HALLMARK_ANGIOGENESIS	exploratory	MSigDB_Hallmark (msigdbr 26.1.0)	Jag1
HALLMARK_ANGIOGENESIS	exploratory	MSigDB_Hallmark (msigdbr 26.1.0)	Jag2
HALLMARK_ANGIOGENESIS	exploratory	MSigDB_Hallmark (msigdbr 26.1.0)	Kcnj8
HALLMARK_ANGIOGENESIS	exploratory	MSigDB_Hallmark (msigdbr 26.1.0)	Lpl
HALLMARK_ANGIOGENESIS	exploratory	MSigDB_Hallmark (msigdbr 26.1.0)	Lrpap1
HALLMARK_ANGIOGENESIS	exploratory	MSigDB_Hallmark (msigdbr 26.1.0)	Lum
HALLMARK_ANGIOGENESIS	exploratory	MSigDB_Hallmark (msigdbr 26.1.0)	Msx1
HALLMARK_ANGIOGENESIS	exploratory	MSigDB_Hallmark (msigdbr 26.1.0)	Nrp1
HALLMARK_ANGIOGENESIS	exploratory	MSigDB_Hallmark (msigdbr 26.1.0)	Olr1
HALLMARK_ANGIOGENESIS	exploratory	MSigDB_Hallmark (msigdbr 26.1.0)	Pdgfa
HALLMARK_ANGIOGENESIS	exploratory	MSigDB_Hallmark (msigdbr 26.1.0)	Pf4
HALLMARK_ANGIOGENESIS	exploratory	MSigDB_Hallmark (msigdbr 26.1.0)	Pglyrp1
HALLMARK_ANGIOGENESIS	exploratory	MSigDB_Hallmark (msigdbr 26.1.0)	Postn
HALLMARK_ANGIOGENESIS	exploratory	MSigDB_Hallmark (msigdbr 26.1.0)	Prg2
HALLMARK_ANGIOGENESIS	exploratory	MSigDB_Hallmark (msigdbr 26.1.0)	Ptk2
HALLMARK_ANGIOGENESIS	exploratory	MSigDB_Hallmark (msigdbr 26.1.0)	S100a4
HALLMARK_ANGIOGENESIS	exploratory	MSigDB_Hallmark (msigdbr 26.1.0)	Serpina5
HALLMARK_ANGIOGENESIS	exploratory	MSigDB_Hallmark (msigdbr 26.1.0)	Slco2a1
HALLMARK_ANGIOGENESIS	exploratory	MSigDB_Hallmark (msigdbr 26.1.0)	Spp1
HALLMARK_ANGIOGENESIS	exploratory	MSigDB_Hallmark (msigdbr 26.1.0)	Stc1
HALLMARK_ANGIOGENESIS	exploratory	MSigDB_Hallmark (msigdbr 26.1.0)	Thbd
HALLMARK_ANGIOGENESIS	exploratory	MSigDB_Hallmark (msigdbr 26.1.0)	Timp1
HALLMARK_ANGIOGENESIS	exploratory	MSigDB_Hallmark (msigdbr 26.1.0)	Tnfrsf21
HALLMARK_ANGIOGENESIS	exploratory	MSigDB_Hallmark (msigdbr 26.1.0)	Vav2
HALLMARK_ANGIOGENESIS	exploratory	MSigDB_Hallmark (msigdbr 26.1.0)	Vcan
HALLMARK_ANGIOGENESIS	exploratory	MSigDB_Hallmark (msigdbr 26.1.0)	Vegfa
HALLMARK_ANGIOGENESIS	exploratory	MSigDB_Hallmark (msigdbr 26.1.0)	Vtn
HALLMARK_APICAL_JUNCTION	exploratory	MSigDB_Hallmark (msigdbr 26.1.0)	Acta1
HALLMARK_APICAL_JUNCTION	exploratory	MSigDB_Hallmark (msigdbr 26.1.0)	Actb
HALLMARK_APICAL_JUNCTION	exploratory	MSigDB_Hallmark (msigdbr 26.1.0)	Actc1
HALLMARK_APICAL_JUNCTION	exploratory	MSigDB_Hallmark (msigdbr 26.1.0)	Actg1
HALLMARK_APICAL_JUNCTION	exploratory	MSigDB_Hallmark (msigdbr 26.1.0)	Actg2
HALLMARK_APICAL_JUNCTION	exploratory	MSigDB_Hallmark (msigdbr 26.1.0)	Actn1
HALLMARK_APICAL_JUNCTION	exploratory	MSigDB_Hallmark (msigdbr 26.1.0)	Actn2
HALLMARK_APICAL_JUNCTION	exploratory	MSigDB_Hallmark (msigdbr 26.1.0)	Actn3
HALLMARK_APICAL_JUNCTION	exploratory	MSigDB_Hallmark (msigdbr 26.1.0)	Actn4
HALLMARK_APICAL_JUNCTION	exploratory	MSigDB_Hallmark (msigdbr 26.1.0)	Adam15
HALLMARK_APICAL_JUNCTION	exploratory	MSigDB_Hallmark (msigdbr 26.1.0)	Adam23
HALLMARK_APICAL_JUNCTION	exploratory	MSigDB_Hallmark (msigdbr 26.1.0)	Adam9
HALLMARK_APICAL_JUNCTION	exploratory	MSigDB_Hallmark (msigdbr 26.1.0)	Adamts5
HALLMARK_APICAL_JUNCTION	exploratory	MSigDB_Hallmark (msigdbr 26.1.0)	Adra1b
HALLMARK_APICAL_JUNCTION	exploratory	MSigDB_Hallmark (msigdbr 26.1.0)	Akt2
HALLMARK_APICAL_JUNCTION	exploratory	MSigDB_Hallmark (msigdbr 26.1.0)	Akt3
HALLMARK_APICAL_JUNCTION	exploratory	MSigDB_Hallmark (msigdbr 26.1.0)	Alox8
HALLMARK_APICAL_JUNCTION	exploratory	MSigDB_Hallmark (msigdbr 26.1.0)	Amh
HALLMARK_APICAL_JUNCTION	exploratory	MSigDB_Hallmark (msigdbr 26.1.0)	Amigo1
HALLMARK_APICAL_JUNCTION	exploratory	MSigDB_Hallmark (msigdbr 26.1.0)	Amigo2
HALLMARK_APICAL_JUNCTION	exploratory	MSigDB_Hallmark (msigdbr 26.1.0)	Arhgef6
HALLMARK_APICAL_JUNCTION	exploratory	MSigDB_Hallmark (msigdbr 26.1.0)	Arpc2
HALLMARK_APICAL_JUNCTION	exploratory	MSigDB_Hallmark (msigdbr 26.1.0)	Atp1a3
HALLMARK_APICAL_JUNCTION	exploratory	MSigDB_Hallmark (msigdbr 26.1.0)	B4galt1
HALLMARK_APICAL_JUNCTION	exploratory	MSigDB_Hallmark (msigdbr 26.1.0)	Baiap2
HALLMARK_APICAL_JUNCTION	exploratory	MSigDB_Hallmark (msigdbr 26.1.0)	Bmp1
HALLMARK_APICAL_JUNCTION	exploratory	MSigDB_Hallmark (msigdbr 26.1.0)	Cadm2
HALLMARK_APICAL_JUNCTION	exploratory	MSigDB_Hallmark (msigdbr 26.1.0)	Cadm3
HALLMARK_APICAL_JUNCTION	exploratory	MSigDB_Hallmark (msigdbr 26.1.0)	Calb2
HALLMARK_APICAL_JUNCTION	exploratory	MSigDB_Hallmark (msigdbr 26.1.0)	Cap1
HALLMARK_APICAL_JUNCTION	exploratory	MSigDB_Hallmark (msigdbr 26.1.0)	Cd209b
HALLMARK_APICAL_JUNCTION	exploratory	MSigDB_Hallmark (msigdbr 26.1.0)	Cd274
HALLMARK_APICAL_JUNCTION	exploratory	MSigDB_Hallmark (msigdbr 26.1.0)	Cd276
HALLMARK_APICAL_JUNCTION	exploratory	MSigDB_Hallmark (msigdbr 26.1.0)	Cd34
HALLMARK_APICAL_JUNCTION	exploratory	MSigDB_Hallmark (msigdbr 26.1.0)	Cd86
HALLMARK_APICAL_JUNCTION	exploratory	MSigDB_Hallmark (msigdbr 26.1.0)	Cdh1
HALLMARK_APICAL_JUNCTION	exploratory	MSigDB_Hallmark (msigdbr 26.1.0)	Cdh11
HALLMARK_APICAL_JUNCTION	exploratory	MSigDB_Hallmark (msigdbr 26.1.0)	Cdh15
HALLMARK_APICAL_JUNCTION	exploratory	MSigDB_Hallmark (msigdbr 26.1.0)	Cdh3
HALLMARK_APICAL_JUNCTION	exploratory	MSigDB_Hallmark (msigdbr 26.1.0)	Cdh4
HALLMARK_APICAL_JUNCTION	exploratory	MSigDB_Hallmark (msigdbr 26.1.0)	Cdh6
HALLMARK_APICAL_JUNCTION	exploratory	MSigDB_Hallmark (msigdbr 26.1.0)	Cdh8
HALLMARK_APICAL_JUNCTION	exploratory	MSigDB_Hallmark (msigdbr 26.1.0)	Cdk8
HALLMARK_APICAL_JUNCTION	exploratory	MSigDB_Hallmark (msigdbr 26.1.0)	Cdsn
HALLMARK_APICAL_JUNCTION	exploratory	MSigDB_Hallmark (msigdbr 26.1.0)	Cercam
HALLMARK_APICAL_JUNCTION	exploratory	MSigDB_Hallmark (msigdbr 26.1.0)	Cldn11
HALLMARK_APICAL_JUNCTION	exploratory	MSigDB_Hallmark (msigdbr 26.1.0)	Cldn14
HALLMARK_APICAL_JUNCTION	exploratory	MSigDB_Hallmark (msigdbr 26.1.0)	Cldn15
HALLMARK_APICAL_JUNCTION	exploratory	MSigDB_Hallmark (msigdbr 26.1.0)	Cldn18
HALLMARK_APICAL_JUNCTION	exploratory	MSigDB_Hallmark (msigdbr 26.1.0)	Cldn19
HALLMARK_APICAL_JUNCTION	exploratory	MSigDB_Hallmark (msigdbr 26.1.0)	Cldn4
HALLMARK_APICAL_JUNCTION	exploratory	MSigDB_Hallmark (msigdbr 26.1.0)	Cldn5
HALLMARK_APICAL_JUNCTION	exploratory	MSigDB_Hallmark (msigdbr 26.1.0)	Cldn6
HALLMARK_APICAL_JUNCTION	exploratory	MSigDB_Hallmark (msigdbr 26.1.0)	Cldn7
HALLMARK_APICAL_JUNCTION	exploratory	MSigDB_Hallmark (msigdbr 26.1.0)	Cldn8
HALLMARK_APICAL_JUNCTION	exploratory	MSigDB_Hallmark (msigdbr 26.1.0)	Cldn9
HALLMARK_APICAL_JUNCTION	exploratory	MSigDB_Hallmark (msigdbr 26.1.0)	Cnn2
HALLMARK_APICAL_JUNCTION	exploratory	MSigDB_Hallmark (msigdbr 26.1.0)	Cntn1
HALLMARK_APICAL_JUNCTION	exploratory	MSigDB_Hallmark (msigdbr 26.1.0)	Col16a1
HALLMARK_APICAL_JUNCTION	exploratory	MSigDB_Hallmark (msigdbr 26.1.0)	Col17a1
HALLMARK_APICAL_JUNCTION	exploratory	MSigDB_Hallmark (msigdbr 26.1.0)	Col9a1
HALLMARK_APICAL_JUNCTION	exploratory	MSigDB_Hallmark (msigdbr 26.1.0)	Crat
HALLMARK_APICAL_JUNCTION	exploratory	MSigDB_Hallmark (msigdbr 26.1.0)	Crb3
HALLMARK_APICAL_JUNCTION	exploratory	MSigDB_Hallmark (msigdbr 26.1.0)	Ctnna1
HALLMARK_APICAL_JUNCTION	exploratory	MSigDB_Hallmark (msigdbr 26.1.0)	Ctnnd1
HALLMARK_APICAL_JUNCTION	exploratory	MSigDB_Hallmark (msigdbr 26.1.0)	Cx3cl1
HALLMARK_APICAL_JUNCTION	exploratory	MSigDB_Hallmark (msigdbr 26.1.0)	Dhx16
HALLMARK_APICAL_JUNCTION	exploratory	MSigDB_Hallmark (msigdbr 26.1.0)	Dlg1
HALLMARK_APICAL_JUNCTION	exploratory	MSigDB_Hallmark (msigdbr 26.1.0)	Dmp1
HALLMARK_APICAL_JUNCTION	exploratory	MSigDB_Hallmark (msigdbr 26.1.0)	Dsc1
HALLMARK_APICAL_JUNCTION	exploratory	MSigDB_Hallmark (msigdbr 26.1.0)	Dsc3
HALLMARK_APICAL_JUNCTION	exploratory	MSigDB_Hallmark (msigdbr 26.1.0)	Egfr
HALLMARK_APICAL_JUNCTION	exploratory	MSigDB_Hallmark (msigdbr 26.1.0)	Epb41l2
HALLMARK_APICAL_JUNCTION	exploratory	MSigDB_Hallmark (msigdbr 26.1.0)	Evl
HALLMARK_APICAL_JUNCTION	exploratory	MSigDB_Hallmark (msigdbr 26.1.0)	Exoc4
HALLMARK_APICAL_JUNCTION	exploratory	MSigDB_Hallmark (msigdbr 26.1.0)	Fbn1
HALLMARK_APICAL_JUNCTION	exploratory	MSigDB_Hallmark (msigdbr 26.1.0)	Flnc
HALLMARK_APICAL_JUNCTION	exploratory	MSigDB_Hallmark (msigdbr 26.1.0)	Fscn1
HALLMARK_APICAL_JUNCTION	exploratory	MSigDB_Hallmark (msigdbr 26.1.0)	Fyb
HALLMARK_APICAL_JUNCTION	exploratory	MSigDB_Hallmark (msigdbr 26.1.0)	Gamt
HALLMARK_APICAL_JUNCTION	exploratory	MSigDB_Hallmark (msigdbr 26.1.0)	Gnai1
HALLMARK_APICAL_JUNCTION	exploratory	MSigDB_Hallmark (msigdbr 26.1.0)	Gnai2
HALLMARK_APICAL_JUNCTION	exploratory	MSigDB_Hallmark (msigdbr 26.1.0)	Grb7
HALLMARK_APICAL_JUNCTION	exploratory	MSigDB_Hallmark (msigdbr 26.1.0)	Gtf2f1
HALLMARK_APICAL_JUNCTION	exploratory	MSigDB_Hallmark (msigdbr 26.1.0)	Hadh
HALLMARK_APICAL_JUNCTION	exploratory	MSigDB_Hallmark (msigdbr 26.1.0)	Hras
HALLMARK_APICAL_JUNCTION	exploratory	MSigDB_Hallmark (msigdbr 26.1.0)	Icam1
HALLMARK_APICAL_JUNCTION	exploratory	MSigDB_Hallmark (msigdbr 26.1.0)	Icam2
HALLMARK_APICAL_JUNCTION	exploratory	MSigDB_Hallmark (msigdbr 26.1.0)	Icam4
HALLMARK_APICAL_JUNCTION	exploratory	MSigDB_Hallmark (msigdbr 26.1.0)	Icam5
HALLMARK_APICAL_JUNCTION	exploratory	MSigDB_Hallmark (msigdbr 26.1.0)	Ikbkg
HALLMARK_APICAL_JUNCTION	exploratory	MSigDB_Hallmark (msigdbr 26.1.0)	Inppl1
HALLMARK_APICAL_JUNCTION	exploratory	MSigDB_Hallmark (msigdbr 26.1.0)	Insig1
HALLMARK_APICAL_JUNCTION	exploratory	MSigDB_Hallmark (msigdbr 26.1.0)	Irs1
HALLMARK_APICAL_JUNCTION	exploratory	MSigDB_Hallmark (msigdbr 26.1.0)	Itga10
HALLMARK_APICAL_JUNCTION	exploratory	MSigDB_Hallmark (msigdbr 26.1.0)	Itga2
HALLMARK_APICAL_JUNCTION	exploratory	MSigDB_Hallmark (msigdbr 26.1.0)	Itga3
HALLMARK_APICAL_JUNCTION	exploratory	MSigDB_Hallmark (msigdbr 26.1.0)	Itga9
HALLMARK_APICAL_JUNCTION	exploratory	MSigDB_Hallmark (msigdbr 26.1.0)	Itgb1
HALLMARK_APICAL_JUNCTION	exploratory	MSigDB_Hallmark (msigdbr 26.1.0)	Itgb4
HALLMARK_APICAL_JUNCTION	exploratory	MSigDB_Hallmark (msigdbr 26.1.0)	Jam3
HALLMARK_APICAL_JUNCTION	exploratory	MSigDB_Hallmark (msigdbr 26.1.0)	Jup
HALLMARK_APICAL_JUNCTION	exploratory	MSigDB_Hallmark (msigdbr 26.1.0)	Kcnh2
HALLMARK_APICAL_JUNCTION	exploratory	MSigDB_Hallmark (msigdbr 26.1.0)	Krt31
HALLMARK_APICAL_JUNCTION	exploratory	MSigDB_Hallmark (msigdbr 26.1.0)	Lama3
HALLMARK_APICAL_JUNCTION	exploratory	MSigDB_Hallmark (msigdbr 26.1.0)	Lamb3
HALLMARK_APICAL_JUNCTION	exploratory	MSigDB_Hallmark (msigdbr 26.1.0)	Lamc2
HALLMARK_APICAL_JUNCTION	exploratory	MSigDB_Hallmark (msigdbr 26.1.0)	Layn
HALLMARK_APICAL_JUNCTION	exploratory	MSigDB_Hallmark (msigdbr 26.1.0)	Ldlrap1
HALLMARK_APICAL_JUNCTION	exploratory	MSigDB_Hallmark (msigdbr 26.1.0)	Lima1
HALLMARK_APICAL_JUNCTION	exploratory	MSigDB_Hallmark (msigdbr 26.1.0)	Madcam1
HALLMARK_APICAL_JUNCTION	exploratory	MSigDB_Hallmark (msigdbr 26.1.0)	Map3k20
HALLMARK_APICAL_JUNCTION	exploratory	MSigDB_Hallmark (msigdbr 26.1.0)	Map4k2
HALLMARK_APICAL_JUNCTION	exploratory	MSigDB_Hallmark (msigdbr 26.1.0)	Mapk11
HALLMARK_APICAL_JUNCTION	exploratory	MSigDB_Hallmark (msigdbr 26.1.0)	Mapk13
HALLMARK_APICAL_JUNCTION	exploratory	MSigDB_Hallmark (msigdbr 26.1.0)	Mapk14
HALLMARK_APICAL_JUNCTION	exploratory	MSigDB_Hallmark (msigdbr 26.1.0)	Mdk
HALLMARK_APICAL_JUNCTION	exploratory	MSigDB_Hallmark (msigdbr 26.1.0)	Mmp2
HALLMARK_APICAL_JUNCTION	exploratory	MSigDB_Hallmark (msigdbr 26.1.0)	Mmp9
HALLMARK_APICAL_JUNCTION	exploratory	MSigDB_Hallmark (msigdbr 26.1.0)	Mpzl1
HALLMARK_APICAL_JUNCTION	exploratory	MSigDB_Hallmark (msigdbr 26.1.0)	Mpzl2
HALLMARK_APICAL_JUNCTION	exploratory	MSigDB_Hallmark (msigdbr 26.1.0)	Msn
HALLMARK_APICAL_JUNCTION	exploratory	MSigDB_Hallmark (msigdbr 26.1.0)	Mvd
HALLMARK_APICAL_JUNCTION	exploratory	MSigDB_Hallmark (msigdbr 26.1.0)	Myh10
HALLMARK_APICAL_JUNCTION	exploratory	MSigDB_Hallmark (msigdbr 26.1.0)	Myh9
HALLMARK_APICAL_JUNCTION	exploratory	MSigDB_Hallmark (msigdbr 26.1.0)	Myl12b
HALLMARK_APICAL_JUNCTION	exploratory	MSigDB_Hallmark (msigdbr 26.1.0)	Myl9
HALLMARK_APICAL_JUNCTION	exploratory	MSigDB_Hallmark (msigdbr 26.1.0)	Nectin1
HALLMARK_APICAL_JUNCTION	exploratory	MSigDB_Hallmark (msigdbr 26.1.0)	Nectin2
HALLMARK_APICAL_JUNCTION	exploratory	MSigDB_Hallmark (msigdbr 26.1.0)	Nectin3
HALLMARK_APICAL_JUNCTION	exploratory	MSigDB_Hallmark (msigdbr 26.1.0)	Nectin4
HALLMARK_APICAL_JUNCTION	exploratory	MSigDB_Hallmark (msigdbr 26.1.0)	Negr1
HALLMARK_APICAL_JUNCTION	exploratory	MSigDB_Hallmark (msigdbr 26.1.0)	Nexn
HALLMARK_APICAL_JUNCTION	exploratory	MSigDB_Hallmark (msigdbr 26.1.0)	Nf1
HALLMARK_APICAL_JUNCTION	exploratory	MSigDB_Hallmark (msigdbr 26.1.0)	Nf2
HALLMARK_APICAL_JUNCTION	exploratory	MSigDB_Hallmark (msigdbr 26.1.0)	Nfasc
HALLMARK_APICAL_JUNCTION	exploratory	MSigDB_Hallmark (msigdbr 26.1.0)	Pdzd3
HALLMARK_APICAL_JUNCTION	exploratory	MSigDB_Hallmark (msigdbr 26.1.0)	Nlgn2
HALLMARK_APICAL_JUNCTION	exploratory	MSigDB_Hallmark (msigdbr 26.1.0)	Nlgn3
HALLMARK_APICAL_JUNCTION	exploratory	MSigDB_Hallmark (msigdbr 26.1.0)	Nrap
HALLMARK_APICAL_JUNCTION	exploratory	MSigDB_Hallmark (msigdbr 26.1.0)	Nrtn
HALLMARK_APICAL_JUNCTION	exploratory	MSigDB_Hallmark (msigdbr 26.1.0)	Nrxn2
HALLMARK_APICAL_JUNCTION	exploratory	MSigDB_Hallmark (msigdbr 26.1.0)	Pals1
HALLMARK_APICAL_JUNCTION	exploratory	MSigDB_Hallmark (msigdbr 26.1.0)	Pard6g
HALLMARK_APICAL_JUNCTION	exploratory	MSigDB_Hallmark (msigdbr 26.1.0)	Parva
HALLMARK_APICAL_JUNCTION	exploratory	MSigDB_Hallmark (msigdbr 26.1.0)	Pbx2
HALLMARK_APICAL_JUNCTION	exploratory	MSigDB_Hallmark (msigdbr 26.1.0)	Pcdh1
HALLMARK_APICAL_JUNCTION	exploratory	MSigDB_Hallmark (msigdbr 26.1.0)	Pecam1
HALLMARK_APICAL_JUNCTION	exploratory	MSigDB_Hallmark (msigdbr 26.1.0)	Pfn1
HALLMARK_APICAL_JUNCTION	exploratory	MSigDB_Hallmark (msigdbr 26.1.0)	Pik3cb
HALLMARK_APICAL_JUNCTION	exploratory	MSigDB_Hallmark (msigdbr 26.1.0)	Pik3r3
HALLMARK_APICAL_JUNCTION	exploratory	MSigDB_Hallmark (msigdbr 26.1.0)	Pkd1
HALLMARK_APICAL_JUNCTION	exploratory	MSigDB_Hallmark (msigdbr 26.1.0)	Plcg1
HALLMARK_APICAL_JUNCTION	exploratory	MSigDB_Hallmark (msigdbr 26.1.0)	Ppp2r2c
HALLMARK_APICAL_JUNCTION	exploratory	MSigDB_Hallmark (msigdbr 26.1.0)	Pten
HALLMARK_APICAL_JUNCTION	exploratory	MSigDB_Hallmark (msigdbr 26.1.0)	Ptk2
HALLMARK_APICAL_JUNCTION	exploratory	MSigDB_Hallmark (msigdbr 26.1.0)	Ptprc
HALLMARK_APICAL_JUNCTION	exploratory	MSigDB_Hallmark (msigdbr 26.1.0)	Rac2
HALLMARK_APICAL_JUNCTION	exploratory	MSigDB_Hallmark (msigdbr 26.1.0)	Rasa1
HALLMARK_APICAL_JUNCTION	exploratory	MSigDB_Hallmark (msigdbr 26.1.0)	Rhof
HALLMARK_APICAL_JUNCTION	exploratory	MSigDB_Hallmark (msigdbr 26.1.0)	Rras
HALLMARK_APICAL_JUNCTION	exploratory	MSigDB_Hallmark (msigdbr 26.1.0)	Rsu1
HALLMARK_APICAL_JUNCTION	exploratory	MSigDB_Hallmark (msigdbr 26.1.0)	Sdc3
HALLMARK_APICAL_JUNCTION	exploratory	MSigDB_Hallmark (msigdbr 26.1.0)	Sgce
HALLMARK_APICAL_JUNCTION	exploratory	MSigDB_Hallmark (msigdbr 26.1.0)	Shc1
HALLMARK_APICAL_JUNCTION	exploratory	MSigDB_Hallmark (msigdbr 26.1.0)	Shroom2
HALLMARK_APICAL_JUNCTION	exploratory	MSigDB_Hallmark (msigdbr 26.1.0)	Sirpa
HALLMARK_APICAL_JUNCTION	exploratory	MSigDB_Hallmark (msigdbr 26.1.0)	Skap2
HALLMARK_APICAL_JUNCTION	exploratory	MSigDB_Hallmark (msigdbr 26.1.0)	Slc30a3
HALLMARK_APICAL_JUNCTION	exploratory	MSigDB_Hallmark (msigdbr 26.1.0)	Slit2
HALLMARK_APICAL_JUNCTION	exploratory	MSigDB_Hallmark (msigdbr 26.1.0)	Sorbs3
HALLMARK_APICAL_JUNCTION	exploratory	MSigDB_Hallmark (msigdbr 26.1.0)	Speg
HALLMARK_APICAL_JUNCTION	exploratory	MSigDB_Hallmark (msigdbr 26.1.0)	Src
HALLMARK_APICAL_JUNCTION	exploratory	MSigDB_Hallmark (msigdbr 26.1.0)	Stx4a
HALLMARK_APICAL_JUNCTION	exploratory	MSigDB_Hallmark (msigdbr 26.1.0)	Syk
HALLMARK_APICAL_JUNCTION	exploratory	MSigDB_Hallmark (msigdbr 26.1.0)	Sympk
HALLMARK_APICAL_JUNCTION	exploratory	MSigDB_Hallmark (msigdbr 26.1.0)	Taok2
HALLMARK_APICAL_JUNCTION	exploratory	MSigDB_Hallmark (msigdbr 26.1.0)	Tgfbi
HALLMARK_APICAL_JUNCTION	exploratory	MSigDB_Hallmark (msigdbr 26.1.0)	Thbs3
HALLMARK_APICAL_JUNCTION	exploratory	MSigDB_Hallmark (msigdbr 26.1.0)	Thy1
HALLMARK_APICAL_JUNCTION	exploratory	MSigDB_Hallmark (msigdbr 26.1.0)	Tial1
HALLMARK_APICAL_JUNCTION	exploratory	MSigDB_Hallmark (msigdbr 26.1.0)	Tjp1
HALLMARK_APICAL_JUNCTION	exploratory	MSigDB_Hallmark (msigdbr 26.1.0)	Tmem8b
HALLMARK_APICAL_JUNCTION	exploratory	MSigDB_Hallmark (msigdbr 26.1.0)	Tnfrsf11b
HALLMARK_APICAL_JUNCTION	exploratory	MSigDB_Hallmark (msigdbr 26.1.0)	Traf1
HALLMARK_APICAL_JUNCTION	exploratory	MSigDB_Hallmark (msigdbr 26.1.0)	Tro
HALLMARK_APICAL_JUNCTION	exploratory	MSigDB_Hallmark (msigdbr 26.1.0)	Tsc1
HALLMARK_APICAL_JUNCTION	exploratory	MSigDB_Hallmark (msigdbr 26.1.0)	Tspan4
HALLMARK_APICAL_JUNCTION	exploratory	MSigDB_Hallmark (msigdbr 26.1.0)	Tubg1
HALLMARK_APICAL_JUNCTION	exploratory	MSigDB_Hallmark (msigdbr 26.1.0)	Vasp
HALLMARK_APICAL_JUNCTION	exploratory	MSigDB_Hallmark (msigdbr 26.1.0)	Vav2
HALLMARK_APICAL_JUNCTION	exploratory	MSigDB_Hallmark (msigdbr 26.1.0)	Vcam1
HALLMARK_APICAL_JUNCTION	exploratory	MSigDB_Hallmark (msigdbr 26.1.0)	Vcan
HALLMARK_APICAL_JUNCTION	exploratory	MSigDB_Hallmark (msigdbr 26.1.0)	Vcl
HALLMARK_APICAL_JUNCTION	exploratory	MSigDB_Hallmark (msigdbr 26.1.0)	Vwf
HALLMARK_APICAL_JUNCTION	exploratory	MSigDB_Hallmark (msigdbr 26.1.0)	Wasl
HALLMARK_APICAL_JUNCTION	exploratory	MSigDB_Hallmark (msigdbr 26.1.0)	Wnk4
HALLMARK_APICAL_JUNCTION	exploratory	MSigDB_Hallmark (msigdbr 26.1.0)	Ywhah
HALLMARK_APICAL_JUNCTION	exploratory	MSigDB_Hallmark (msigdbr 26.1.0)	Zyx
HALLMARK_APICAL_SURFACE	exploratory	MSigDB_Hallmark (msigdbr 26.1.0)	Adam10
HALLMARK_APICAL_SURFACE	exploratory	MSigDB_Hallmark (msigdbr 26.1.0)	Adipor2
HALLMARK_APICAL_SURFACE	exploratory	MSigDB_Hallmark (msigdbr 26.1.0)	Afap1l2
HALLMARK_APICAL_SURFACE	exploratory	MSigDB_Hallmark (msigdbr 26.1.0)	Akap7
HALLMARK_APICAL_SURFACE	exploratory	MSigDB_Hallmark (msigdbr 26.1.0)	App
HALLMARK_APICAL_SURFACE	exploratory	MSigDB_Hallmark (msigdbr 26.1.0)	Atp6v0a4
HALLMARK_APICAL_SURFACE	exploratory	MSigDB_Hallmark (msigdbr 26.1.0)	Atp8b1
HALLMARK_APICAL_SURFACE	exploratory	MSigDB_Hallmark (msigdbr 26.1.0)	B4galt1
HALLMARK_APICAL_SURFACE	exploratory	MSigDB_Hallmark (msigdbr 26.1.0)	Brca1
HALLMARK_APICAL_SURFACE	exploratory	MSigDB_Hallmark (msigdbr 26.1.0)	Cd160
HALLMARK_APICAL_SURFACE	exploratory	MSigDB_Hallmark (msigdbr 26.1.0)	Crocc
HALLMARK_APICAL_SURFACE	exploratory	MSigDB_Hallmark (msigdbr 26.1.0)	Crybg1
HALLMARK_APICAL_SURFACE	exploratory	MSigDB_Hallmark (msigdbr 26.1.0)	Cx3cl1
HALLMARK_APICAL_SURFACE	exploratory	MSigDB_Hallmark (msigdbr 26.1.0)	Dcbld2
HALLMARK_APICAL_SURFACE	exploratory	MSigDB_Hallmark (msigdbr 26.1.0)	Efna5
HALLMARK_APICAL_SURFACE	exploratory	MSigDB_Hallmark (msigdbr 26.1.0)	Ephb4
HALLMARK_APICAL_SURFACE	exploratory	MSigDB_Hallmark (msigdbr 26.1.0)	Flot2
HALLMARK_APICAL_SURFACE	exploratory	MSigDB_Hallmark (msigdbr 26.1.0)	Gas1
HALLMARK_APICAL_SURFACE	exploratory	MSigDB_Hallmark (msigdbr 26.1.0)	Gata3
HALLMARK_APICAL_SURFACE	exploratory	MSigDB_Hallmark (msigdbr 26.1.0)	Ghrl
HALLMARK_APICAL_SURFACE	exploratory	MSigDB_Hallmark (msigdbr 26.1.0)	Gstm5
HALLMARK_APICAL_SURFACE	exploratory	MSigDB_Hallmark (msigdbr 26.1.0)	Hspb1
HALLMARK_APICAL_SURFACE	exploratory	MSigDB_Hallmark (msigdbr 26.1.0)	Il2rb
HALLMARK_APICAL_SURFACE	exploratory	MSigDB_Hallmark (msigdbr 26.1.0)	Il2rg
HALLMARK_APICAL_SURFACE	exploratory	MSigDB_Hallmark (msigdbr 26.1.0)	Lyn
HALLMARK_APICAL_SURFACE	exploratory	MSigDB_Hallmark (msigdbr 26.1.0)	Lypd3
HALLMARK_APICAL_SURFACE	exploratory	MSigDB_Hallmark (msigdbr 26.1.0)	Mal
HALLMARK_APICAL_SURFACE	exploratory	MSigDB_Hallmark (msigdbr 26.1.0)	Mdga1
HALLMARK_APICAL_SURFACE	exploratory	MSigDB_Hallmark (msigdbr 26.1.0)	Ncoa6
HALLMARK_APICAL_SURFACE	exploratory	MSigDB_Hallmark (msigdbr 26.1.0)	Ntng1
HALLMARK_APICAL_SURFACE	exploratory	MSigDB_Hallmark (msigdbr 26.1.0)	Pcsk9
HALLMARK_APICAL_SURFACE	exploratory	MSigDB_Hallmark (msigdbr 26.1.0)	Pkhd1
HALLMARK_APICAL_SURFACE	exploratory	MSigDB_Hallmark (msigdbr 26.1.0)	Plaur
HALLMARK_APICAL_SURFACE	exploratory	MSigDB_Hallmark (msigdbr 26.1.0)	Rhcg
HALLMARK_APICAL_SURFACE	exploratory	MSigDB_Hallmark (msigdbr 26.1.0)	Rtn4rl1
HALLMARK_APICAL_SURFACE	exploratory	MSigDB_Hallmark (msigdbr 26.1.0)	Scube1
HALLMARK_APICAL_SURFACE	exploratory	MSigDB_Hallmark (msigdbr 26.1.0)	Shroom2
HALLMARK_APICAL_SURFACE	exploratory	MSigDB_Hallmark (msigdbr 26.1.0)	Slc22a12
HALLMARK_APICAL_SURFACE	exploratory	MSigDB_Hallmark (msigdbr 26.1.0)	Slc2a4
HALLMARK_APICAL_SURFACE	exploratory	MSigDB_Hallmark (msigdbr 26.1.0)	Slc34a3
HALLMARK_APICAL_SURFACE	exploratory	MSigDB_Hallmark (msigdbr 26.1.0)	Srpx
HALLMARK_APICAL_SURFACE	exploratory	MSigDB_Hallmark (msigdbr 26.1.0)	Sulf2
HALLMARK_APICAL_SURFACE	exploratory	MSigDB_Hallmark (msigdbr 26.1.0)	Thy1
HALLMARK_APICAL_SURFACE	exploratory	MSigDB_Hallmark (msigdbr 26.1.0)	Tmem8b
HALLMARK_APOPTOSIS	exploratory	MSigDB_Hallmark (msigdbr 26.1.0)	Add1
HALLMARK_APOPTOSIS	exploratory	MSigDB_Hallmark (msigdbr 26.1.0)	Aifm3
HALLMARK_APOPTOSIS	exploratory	MSigDB_Hallmark (msigdbr 26.1.0)	Ank
HALLMARK_APOPTOSIS	exploratory	MSigDB_Hallmark (msigdbr 26.1.0)	Anxa1
HALLMARK_APOPTOSIS	exploratory	MSigDB_Hallmark (msigdbr 26.1.0)	App
HALLMARK_APOPTOSIS	exploratory	MSigDB_Hallmark (msigdbr 26.1.0)	Atf3
HALLMARK_APOPTOSIS	exploratory	MSigDB_Hallmark (msigdbr 26.1.0)	Avpr1a
HALLMARK_APOPTOSIS	exploratory	MSigDB_Hallmark (msigdbr 26.1.0)	Bax
HALLMARK_APOPTOSIS	exploratory	MSigDB_Hallmark (msigdbr 26.1.0)	Bcap31
HALLMARK_APOPTOSIS	exploratory	MSigDB_Hallmark (msigdbr 26.1.0)	Bcl10
HALLMARK_APOPTOSIS	exploratory	MSigDB_Hallmark (msigdbr 26.1.0)	Bcl2l1
HALLMARK_APOPTOSIS	exploratory	MSigDB_Hallmark (msigdbr 26.1.0)	Bcl2l10
HALLMARK_APOPTOSIS	exploratory	MSigDB_Hallmark (msigdbr 26.1.0)	Bcl2l11
HALLMARK_APOPTOSIS	exploratory	MSigDB_Hallmark (msigdbr 26.1.0)	Bcl2l2
HALLMARK_APOPTOSIS	exploratory	MSigDB_Hallmark (msigdbr 26.1.0)	Bgn
HALLMARK_APOPTOSIS	exploratory	MSigDB_Hallmark (msigdbr 26.1.0)	Bid
HALLMARK_APOPTOSIS	exploratory	MSigDB_Hallmark (msigdbr 26.1.0)	Bik
HALLMARK_APOPTOSIS	exploratory	MSigDB_Hallmark (msigdbr 26.1.0)	Birc3
HALLMARK_APOPTOSIS	exploratory	MSigDB_Hallmark (msigdbr 26.1.0)	Bmf
HALLMARK_APOPTOSIS	exploratory	MSigDB_Hallmark (msigdbr 26.1.0)	Bmp2
HALLMARK_APOPTOSIS	exploratory	MSigDB_Hallmark (msigdbr 26.1.0)	Bnip3l
HALLMARK_APOPTOSIS	exploratory	MSigDB_Hallmark (msigdbr 26.1.0)	Brca1
HALLMARK_APOPTOSIS	exploratory	MSigDB_Hallmark (msigdbr 26.1.0)	Btg2
HALLMARK_APOPTOSIS	exploratory	MSigDB_Hallmark (msigdbr 26.1.0)	Btg3
HALLMARK_APOPTOSIS	exploratory	MSigDB_Hallmark (msigdbr 26.1.0)	Casp1
HALLMARK_APOPTOSIS	exploratory	MSigDB_Hallmark (msigdbr 26.1.0)	Casp2
HALLMARK_APOPTOSIS	exploratory	MSigDB_Hallmark (msigdbr 26.1.0)	Casp3
HALLMARK_APOPTOSIS	exploratory	MSigDB_Hallmark (msigdbr 26.1.0)	Casp4
HALLMARK_APOPTOSIS	exploratory	MSigDB_Hallmark (msigdbr 26.1.0)	Casp6
HALLMARK_APOPTOSIS	exploratory	MSigDB_Hallmark (msigdbr 26.1.0)	Casp7
HALLMARK_APOPTOSIS	exploratory	MSigDB_Hallmark (msigdbr 26.1.0)	Casp8
HALLMARK_APOPTOSIS	exploratory	MSigDB_Hallmark (msigdbr 26.1.0)	Casp9
HALLMARK_APOPTOSIS	exploratory	MSigDB_Hallmark (msigdbr 26.1.0)	Cav1
HALLMARK_APOPTOSIS	exploratory	MSigDB_Hallmark (msigdbr 26.1.0)	Ccna1
HALLMARK_APOPTOSIS	exploratory	MSigDB_Hallmark (msigdbr 26.1.0)	Ccnd1
HALLMARK_APOPTOSIS	exploratory	MSigDB_Hallmark (msigdbr 26.1.0)	Ccnd2
HALLMARK_APOPTOSIS	exploratory	MSigDB_Hallmark (msigdbr 26.1.0)	Cd14
HALLMARK_APOPTOSIS	exploratory	MSigDB_Hallmark (msigdbr 26.1.0)	Cd2
HALLMARK_APOPTOSIS	exploratory	MSigDB_Hallmark (msigdbr 26.1.0)	Cd38
HALLMARK_APOPTOSIS	exploratory	MSigDB_Hallmark (msigdbr 26.1.0)	Cd44
HALLMARK_APOPTOSIS	exploratory	MSigDB_Hallmark (msigdbr 26.1.0)	Cd69
HALLMARK_APOPTOSIS	exploratory	MSigDB_Hallmark (msigdbr 26.1.0)	Cdc25b
HALLMARK_APOPTOSIS	exploratory	MSigDB_Hallmark (msigdbr 26.1.0)	Cdk2
HALLMARK_APOPTOSIS	exploratory	MSigDB_Hallmark (msigdbr 26.1.0)	Cdkn1a
HALLMARK_APOPTOSIS	exploratory	MSigDB_Hallmark (msigdbr 26.1.0)	Cdkn1b
HALLMARK_APOPTOSIS	exploratory	MSigDB_Hallmark (msigdbr 26.1.0)	Cflar
HALLMARK_APOPTOSIS	exploratory	MSigDB_Hallmark (msigdbr 26.1.0)	Clu
HALLMARK_APOPTOSIS	exploratory	MSigDB_Hallmark (msigdbr 26.1.0)	Crebbp
HALLMARK_APOPTOSIS	exploratory	MSigDB_Hallmark (msigdbr 26.1.0)	Cth
HALLMARK_APOPTOSIS	exploratory	MSigDB_Hallmark (msigdbr 26.1.0)	Ctnnb1
HALLMARK_APOPTOSIS	exploratory	MSigDB_Hallmark (msigdbr 26.1.0)	Cyld
HALLMARK_APOPTOSIS	exploratory	MSigDB_Hallmark (msigdbr 26.1.0)	Dap
HALLMARK_APOPTOSIS	exploratory	MSigDB_Hallmark (msigdbr 26.1.0)	Dap3
HALLMARK_APOPTOSIS	exploratory	MSigDB_Hallmark (msigdbr 26.1.0)	Dcn
HALLMARK_APOPTOSIS	exploratory	MSigDB_Hallmark (msigdbr 26.1.0)	Ddit3
HALLMARK_APOPTOSIS	exploratory	MSigDB_Hallmark (msigdbr 26.1.0)	Dffa
HALLMARK_APOPTOSIS	exploratory	MSigDB_Hallmark (msigdbr 26.1.0)	Diablo
HALLMARK_APOPTOSIS	exploratory	MSigDB_Hallmark (msigdbr 26.1.0)	Dnaja1
HALLMARK_APOPTOSIS	exploratory	MSigDB_Hallmark (msigdbr 26.1.0)	Dnajc3
HALLMARK_APOPTOSIS	exploratory	MSigDB_Hallmark (msigdbr 26.1.0)	Dnm1l
HALLMARK_APOPTOSIS	exploratory	MSigDB_Hallmark (msigdbr 26.1.0)	Dpyd
HALLMARK_APOPTOSIS	exploratory	MSigDB_Hallmark (msigdbr 26.1.0)	Ebp
HALLMARK_APOPTOSIS	exploratory	MSigDB_Hallmark (msigdbr 26.1.0)	Egr3
HALLMARK_APOPTOSIS	exploratory	MSigDB_Hallmark (msigdbr 26.1.0)	Emp1
HALLMARK_APOPTOSIS	exploratory	MSigDB_Hallmark (msigdbr 26.1.0)	Eno2
HALLMARK_APOPTOSIS	exploratory	MSigDB_Hallmark (msigdbr 26.1.0)	Erbb2
HALLMARK_APOPTOSIS	exploratory	MSigDB_Hallmark (msigdbr 26.1.0)	Erbb3
HALLMARK_APOPTOSIS	exploratory	MSigDB_Hallmark (msigdbr 26.1.0)	Ereg
HALLMARK_APOPTOSIS	exploratory	MSigDB_Hallmark (msigdbr 26.1.0)	Etf1
HALLMARK_APOPTOSIS	exploratory	MSigDB_Hallmark (msigdbr 26.1.0)	F2
HALLMARK_APOPTOSIS	exploratory	MSigDB_Hallmark (msigdbr 26.1.0)	F2r
HALLMARK_APOPTOSIS	exploratory	MSigDB_Hallmark (msigdbr 26.1.0)	Fas
HALLMARK_APOPTOSIS	exploratory	MSigDB_Hallmark (msigdbr 26.1.0)	Fasl
HALLMARK_APOPTOSIS	exploratory	MSigDB_Hallmark (msigdbr 26.1.0)	Fdxr
HALLMARK_APOPTOSIS	exploratory	MSigDB_Hallmark (msigdbr 26.1.0)	Fez1
HALLMARK_APOPTOSIS	exploratory	MSigDB_Hallmark (msigdbr 26.1.0)	Gadd45a
HALLMARK_APOPTOSIS	exploratory	MSigDB_Hallmark (msigdbr 26.1.0)	Gadd45b
HALLMARK_APOPTOSIS	exploratory	MSigDB_Hallmark (msigdbr 26.1.0)	Gch1
HALLMARK_APOPTOSIS	exploratory	MSigDB_Hallmark (msigdbr 26.1.0)	Gna15
HALLMARK_APOPTOSIS	exploratory	MSigDB_Hallmark (msigdbr 26.1.0)	Gpx1
HALLMARK_APOPTOSIS	exploratory	MSigDB_Hallmark (msigdbr 26.1.0)	Gpx3
HALLMARK_APOPTOSIS	exploratory	MSigDB_Hallmark (msigdbr 26.1.0)	Gpx4
HALLMARK_APOPTOSIS	exploratory	MSigDB_Hallmark (msigdbr 26.1.0)	Gsn
HALLMARK_APOPTOSIS	exploratory	MSigDB_Hallmark (msigdbr 26.1.0)	Gsr
HALLMARK_APOPTOSIS	exploratory	MSigDB_Hallmark (msigdbr 26.1.0)	Gstm2
HALLMARK_APOPTOSIS	exploratory	MSigDB_Hallmark (msigdbr 26.1.0)	Gucy2e
HALLMARK_APOPTOSIS	exploratory	MSigDB_Hallmark (msigdbr 26.1.0)	H1f0
HALLMARK_APOPTOSIS	exploratory	MSigDB_Hallmark (msigdbr 26.1.0)	Hgf
HALLMARK_APOPTOSIS	exploratory	MSigDB_Hallmark (msigdbr 26.1.0)	Hmgb2
HALLMARK_APOPTOSIS	exploratory	MSigDB_Hallmark (msigdbr 26.1.0)	Hmox1
HALLMARK_APOPTOSIS	exploratory	MSigDB_Hallmark (msigdbr 26.1.0)	Hspb1
HALLMARK_APOPTOSIS	exploratory	MSigDB_Hallmark (msigdbr 26.1.0)	Ier3
HALLMARK_APOPTOSIS	exploratory	MSigDB_Hallmark (msigdbr 26.1.0)	Ifitm3
HALLMARK_APOPTOSIS	exploratory	MSigDB_Hallmark (msigdbr 26.1.0)	Ifnb1
HALLMARK_APOPTOSIS	exploratory	MSigDB_Hallmark (msigdbr 26.1.0)	Ifngr1
HALLMARK_APOPTOSIS	exploratory	MSigDB_Hallmark (msigdbr 26.1.0)	Igf2r
HALLMARK_APOPTOSIS	exploratory	MSigDB_Hallmark (msigdbr 26.1.0)	Igfbp6
HALLMARK_APOPTOSIS	exploratory	MSigDB_Hallmark (msigdbr 26.1.0)	Il18
HALLMARK_APOPTOSIS	exploratory	MSigDB_Hallmark (msigdbr 26.1.0)	Il1a
HALLMARK_APOPTOSIS	exploratory	MSigDB_Hallmark (msigdbr 26.1.0)	Il1b
HALLMARK_APOPTOSIS	exploratory	MSigDB_Hallmark (msigdbr 26.1.0)	Il6
HALLMARK_APOPTOSIS	exploratory	MSigDB_Hallmark (msigdbr 26.1.0)	Irf1
HALLMARK_APOPTOSIS	exploratory	MSigDB_Hallmark (msigdbr 26.1.0)	Isg20
HALLMARK_APOPTOSIS	exploratory	MSigDB_Hallmark (msigdbr 26.1.0)	Jun
HALLMARK_APOPTOSIS	exploratory	MSigDB_Hallmark (msigdbr 26.1.0)	Krt18
HALLMARK_APOPTOSIS	exploratory	MSigDB_Hallmark (msigdbr 26.1.0)	Lef1
HALLMARK_APOPTOSIS	exploratory	MSigDB_Hallmark (msigdbr 26.1.0)	Lgals3
HALLMARK_APOPTOSIS	exploratory	MSigDB_Hallmark (msigdbr 26.1.0)	Lmna
HALLMARK_APOPTOSIS	exploratory	MSigDB_Hallmark (msigdbr 26.1.0)	Lum
HALLMARK_APOPTOSIS	exploratory	MSigDB_Hallmark (msigdbr 26.1.0)	Madd
HALLMARK_APOPTOSIS	exploratory	MSigDB_Hallmark (msigdbr 26.1.0)	Mcl1
HALLMARK_APOPTOSIS	exploratory	MSigDB_Hallmark (msigdbr 26.1.0)	Mgmt
HALLMARK_APOPTOSIS	exploratory	MSigDB_Hallmark (msigdbr 26.1.0)	Mmp2
HALLMARK_APOPTOSIS	exploratory	MSigDB_Hallmark (msigdbr 26.1.0)	Nedd9
HALLMARK_APOPTOSIS	exploratory	MSigDB_Hallmark (msigdbr 26.1.0)	Nefh
HALLMARK_APOPTOSIS	exploratory	MSigDB_Hallmark (msigdbr 26.1.0)	Pak1
HALLMARK_APOPTOSIS	exploratory	MSigDB_Hallmark (msigdbr 26.1.0)	Pdcd4
HALLMARK_APOPTOSIS	exploratory	MSigDB_Hallmark (msigdbr 26.1.0)	Pdgfrb
HALLMARK_APOPTOSIS	exploratory	MSigDB_Hallmark (msigdbr 26.1.0)	Pea15a
HALLMARK_APOPTOSIS	exploratory	MSigDB_Hallmark (msigdbr 26.1.0)	Plat
HALLMARK_APOPTOSIS	exploratory	MSigDB_Hallmark (msigdbr 26.1.0)	Plcb2
HALLMARK_APOPTOSIS	exploratory	MSigDB_Hallmark (msigdbr 26.1.0)	Plppr4
HALLMARK_APOPTOSIS	exploratory	MSigDB_Hallmark (msigdbr 26.1.0)	Pmaip1
HALLMARK_APOPTOSIS	exploratory	MSigDB_Hallmark (msigdbr 26.1.0)	Ppp2r5b
HALLMARK_APOPTOSIS	exploratory	MSigDB_Hallmark (msigdbr 26.1.0)	Ppp3r1
HALLMARK_APOPTOSIS	exploratory	MSigDB_Hallmark (msigdbr 26.1.0)	Ppt1
HALLMARK_APOPTOSIS	exploratory	MSigDB_Hallmark (msigdbr 26.1.0)	Prf1
HALLMARK_APOPTOSIS	exploratory	MSigDB_Hallmark (msigdbr 26.1.0)	Psen1
HALLMARK_APOPTOSIS	exploratory	MSigDB_Hallmark (msigdbr 26.1.0)	Psen2
HALLMARK_APOPTOSIS	exploratory	MSigDB_Hallmark (msigdbr 26.1.0)	Ptk2
HALLMARK_APOPTOSIS	exploratory	MSigDB_Hallmark (msigdbr 26.1.0)	Rara
HALLMARK_APOPTOSIS	exploratory	MSigDB_Hallmark (msigdbr 26.1.0)	Rela
HALLMARK_APOPTOSIS	exploratory	MSigDB_Hallmark (msigdbr 26.1.0)	Retsat
HALLMARK_APOPTOSIS	exploratory	MSigDB_Hallmark (msigdbr 26.1.0)	Rhob
HALLMARK_APOPTOSIS	exploratory	MSigDB_Hallmark (msigdbr 26.1.0)	Rhot2
HALLMARK_APOPTOSIS	exploratory	MSigDB_Hallmark (msigdbr 26.1.0)	Rnasel
HALLMARK_APOPTOSIS	exploratory	MSigDB_Hallmark (msigdbr 26.1.0)	Rock1
HALLMARK_APOPTOSIS	exploratory	MSigDB_Hallmark (msigdbr 26.1.0)	Sat1
HALLMARK_APOPTOSIS	exploratory	MSigDB_Hallmark (msigdbr 26.1.0)	Satb1
HALLMARK_APOPTOSIS	exploratory	MSigDB_Hallmark (msigdbr 26.1.0)	Sc5d
HALLMARK_APOPTOSIS	exploratory	MSigDB_Hallmark (msigdbr 26.1.0)	Slc20a1
HALLMARK_APOPTOSIS	exploratory	MSigDB_Hallmark (msigdbr 26.1.0)	Smad7
HALLMARK_APOPTOSIS	exploratory	MSigDB_Hallmark (msigdbr 26.1.0)	Sod1
HALLMARK_APOPTOSIS	exploratory	MSigDB_Hallmark (msigdbr 26.1.0)	Sptan1
HALLMARK_APOPTOSIS	exploratory	MSigDB_Hallmark (msigdbr 26.1.0)	Sqstm1
HALLMARK_APOPTOSIS	exploratory	MSigDB_Hallmark (msigdbr 26.1.0)	Tap1
HALLMARK_APOPTOSIS	exploratory	MSigDB_Hallmark (msigdbr 26.1.0)	Tgfb2
HALLMARK_APOPTOSIS	exploratory	MSigDB_Hallmark (msigdbr 26.1.0)	Tgfbr3
HALLMARK_APOPTOSIS	exploratory	MSigDB_Hallmark (msigdbr 26.1.0)	Timp1
HALLMARK_APOPTOSIS	exploratory	MSigDB_Hallmark (msigdbr 26.1.0)	Timp2
HALLMARK_APOPTOSIS	exploratory	MSigDB_Hallmark (msigdbr 26.1.0)	Timp3
HALLMARK_APOPTOSIS	exploratory	MSigDB_Hallmark (msigdbr 26.1.0)	Tnf
HALLMARK_APOPTOSIS	exploratory	MSigDB_Hallmark (msigdbr 26.1.0)	Tnfrsf12a
HALLMARK_APOPTOSIS	exploratory	MSigDB_Hallmark (msigdbr 26.1.0)	Tnfsf10
HALLMARK_APOPTOSIS	exploratory	MSigDB_Hallmark (msigdbr 26.1.0)	Top2a
HALLMARK_APOPTOSIS	exploratory	MSigDB_Hallmark (msigdbr 26.1.0)	Tspo
HALLMARK_APOPTOSIS	exploratory	MSigDB_Hallmark (msigdbr 26.1.0)	Txnip
HALLMARK_APOPTOSIS	exploratory	MSigDB_Hallmark (msigdbr 26.1.0)	Vdac2
HALLMARK_APOPTOSIS	exploratory	MSigDB_Hallmark (msigdbr 26.1.0)	Wee1
HALLMARK_APOPTOSIS	exploratory	MSigDB_Hallmark (msigdbr 26.1.0)	Xiap
HALLMARK_BILE_ACID_METABOLISM	exploratory	MSigDB_Hallmark (msigdbr 26.1.0)	Abca1
HALLMARK_BILE_ACID_METABOLISM	exploratory	MSigDB_Hallmark (msigdbr 26.1.0)	Abca2
HALLMARK_BILE_ACID_METABOLISM	exploratory	MSigDB_Hallmark (msigdbr 26.1.0)	Abca3
HALLMARK_BILE_ACID_METABOLISM	exploratory	MSigDB_Hallmark (msigdbr 26.1.0)	Abca4
HALLMARK_BILE_ACID_METABOLISM	exploratory	MSigDB_Hallmark (msigdbr 26.1.0)	Abca5
HALLMARK_BILE_ACID_METABOLISM	exploratory	MSigDB_Hallmark (msigdbr 26.1.0)	Abca6
HALLMARK_BILE_ACID_METABOLISM	exploratory	MSigDB_Hallmark (msigdbr 26.1.0)	Abca8b
HALLMARK_BILE_ACID_METABOLISM	exploratory	MSigDB_Hallmark (msigdbr 26.1.0)	Abca9
HALLMARK_BILE_ACID_METABOLISM	exploratory	MSigDB_Hallmark (msigdbr 26.1.0)	Abcd1
HALLMARK_BILE_ACID_METABOLISM	exploratory	MSigDB_Hallmark (msigdbr 26.1.0)	Abcd2
HALLMARK_BILE_ACID_METABOLISM	exploratory	MSigDB_Hallmark (msigdbr 26.1.0)	Abcd3
HALLMARK_BILE_ACID_METABOLISM	exploratory	MSigDB_Hallmark (msigdbr 26.1.0)	Abcg4
HALLMARK_BILE_ACID_METABOLISM	exploratory	MSigDB_Hallmark (msigdbr 26.1.0)	Abcg8
HALLMARK_BILE_ACID_METABOLISM	exploratory	MSigDB_Hallmark (msigdbr 26.1.0)	Acsl1
HALLMARK_BILE_ACID_METABOLISM	exploratory	MSigDB_Hallmark (msigdbr 26.1.0)	Acsl5
HALLMARK_BILE_ACID_METABOLISM	exploratory	MSigDB_Hallmark (msigdbr 26.1.0)	Agxt
HALLMARK_BILE_ACID_METABOLISM	exploratory	MSigDB_Hallmark (msigdbr 26.1.0)	Akr1d1
HALLMARK_BILE_ACID_METABOLISM	exploratory	MSigDB_Hallmark (msigdbr 26.1.0)	Aldh1a7
HALLMARK_BILE_ACID_METABOLISM	exploratory	MSigDB_Hallmark (msigdbr 26.1.0)	Aldh8a1
HALLMARK_BILE_ACID_METABOLISM	exploratory	MSigDB_Hallmark (msigdbr 26.1.0)	Aldh9a1
HALLMARK_BILE_ACID_METABOLISM	exploratory	MSigDB_Hallmark (msigdbr 26.1.0)	Amacr
HALLMARK_BILE_ACID_METABOLISM	exploratory	MSigDB_Hallmark (msigdbr 26.1.0)	Apoa1
HALLMARK_BILE_ACID_METABOLISM	exploratory	MSigDB_Hallmark (msigdbr 26.1.0)	Aqp9
HALLMARK_BILE_ACID_METABOLISM	exploratory	MSigDB_Hallmark (msigdbr 26.1.0)	Ar
HALLMARK_BILE_ACID_METABOLISM	exploratory	MSigDB_Hallmark (msigdbr 26.1.0)	Atxn1
HALLMARK_BILE_ACID_METABOLISM	exploratory	MSigDB_Hallmark (msigdbr 26.1.0)	Bbox1
HALLMARK_BILE_ACID_METABOLISM	exploratory	MSigDB_Hallmark (msigdbr 26.1.0)	Bcar3
HALLMARK_BILE_ACID_METABOLISM	exploratory	MSigDB_Hallmark (msigdbr 26.1.0)	Bmp6
HALLMARK_BILE_ACID_METABOLISM	exploratory	MSigDB_Hallmark (msigdbr 26.1.0)	Cat
HALLMARK_BILE_ACID_METABOLISM	exploratory	MSigDB_Hallmark (msigdbr 26.1.0)	Ch25h
HALLMARK_BILE_ACID_METABOLISM	exploratory	MSigDB_Hallmark (msigdbr 26.1.0)	Crot
HALLMARK_BILE_ACID_METABOLISM	exploratory	MSigDB_Hallmark (msigdbr 26.1.0)	Cyp27a1
HALLMARK_BILE_ACID_METABOLISM	exploratory	MSigDB_Hallmark (msigdbr 26.1.0)	Cyp39a1
HALLMARK_BILE_ACID_METABOLISM	exploratory	MSigDB_Hallmark (msigdbr 26.1.0)	Cyp46a1
HALLMARK_BILE_ACID_METABOLISM	exploratory	MSigDB_Hallmark (msigdbr 26.1.0)	Cyp7a1
HALLMARK_BILE_ACID_METABOLISM	exploratory	MSigDB_Hallmark (msigdbr 26.1.0)	Cyp7b1
HALLMARK_BILE_ACID_METABOLISM	exploratory	MSigDB_Hallmark (msigdbr 26.1.0)	Cyp8b1
HALLMARK_BILE_ACID_METABOLISM	exploratory	MSigDB_Hallmark (msigdbr 26.1.0)	Dhcr24
HALLMARK_BILE_ACID_METABOLISM	exploratory	MSigDB_Hallmark (msigdbr 26.1.0)	Dio1
HALLMARK_BILE_ACID_METABOLISM	exploratory	MSigDB_Hallmark (msigdbr 26.1.0)	Dio2
HALLMARK_BILE_ACID_METABOLISM	exploratory	MSigDB_Hallmark (msigdbr 26.1.0)	Efhc1
HALLMARK_BILE_ACID_METABOLISM	exploratory	MSigDB_Hallmark (msigdbr 26.1.0)	Ephx2
HALLMARK_BILE_ACID_METABOLISM	exploratory	MSigDB_Hallmark (msigdbr 26.1.0)	Fads1
HALLMARK_BILE_ACID_METABOLISM	exploratory	MSigDB_Hallmark (msigdbr 26.1.0)	Fads2
HALLMARK_BILE_ACID_METABOLISM	exploratory	MSigDB_Hallmark (msigdbr 26.1.0)	Fdxr
HALLMARK_BILE_ACID_METABOLISM	exploratory	MSigDB_Hallmark (msigdbr 26.1.0)	Gc
HALLMARK_BILE_ACID_METABOLISM	exploratory	MSigDB_Hallmark (msigdbr 26.1.0)	Gclm
HALLMARK_BILE_ACID_METABOLISM	exploratory	MSigDB_Hallmark (msigdbr 26.1.0)	Gnmt
HALLMARK_BILE_ACID_METABOLISM	exploratory	MSigDB_Hallmark (msigdbr 26.1.0)	Gnpat
HALLMARK_BILE_ACID_METABOLISM	exploratory	MSigDB_Hallmark (msigdbr 26.1.0)	Gstk1
HALLMARK_BILE_ACID_METABOLISM	exploratory	MSigDB_Hallmark (msigdbr 26.1.0)	Hacl1
HALLMARK_BILE_ACID_METABOLISM	exploratory	MSigDB_Hallmark (msigdbr 26.1.0)	Hao1
HALLMARK_BILE_ACID_METABOLISM	exploratory	MSigDB_Hallmark (msigdbr 26.1.0)	Hsd17b11
HALLMARK_BILE_ACID_METABOLISM	exploratory	MSigDB_Hallmark (msigdbr 26.1.0)	Hsd17b4
HALLMARK_BILE_ACID_METABOLISM	exploratory	MSigDB_Hallmark (msigdbr 26.1.0)	Hsd17b6
HALLMARK_BILE_ACID_METABOLISM	exploratory	MSigDB_Hallmark (msigdbr 26.1.0)	Hsd3b3
HALLMARK_BILE_ACID_METABOLISM	exploratory	MSigDB_Hallmark (msigdbr 26.1.0)	Hsd3b7
HALLMARK_BILE_ACID_METABOLISM	exploratory	MSigDB_Hallmark (msigdbr 26.1.0)	Idh1
HALLMARK_BILE_ACID_METABOLISM	exploratory	MSigDB_Hallmark (msigdbr 26.1.0)	Idh2
HALLMARK_BILE_ACID_METABOLISM	exploratory	MSigDB_Hallmark (msigdbr 26.1.0)	Idi1
HALLMARK_BILE_ACID_METABOLISM	exploratory	MSigDB_Hallmark (msigdbr 26.1.0)	Isoc1
HALLMARK_BILE_ACID_METABOLISM	exploratory	MSigDB_Hallmark (msigdbr 26.1.0)	Klf1
HALLMARK_BILE_ACID_METABOLISM	exploratory	MSigDB_Hallmark (msigdbr 26.1.0)	Lck
HALLMARK_BILE_ACID_METABOLISM	exploratory	MSigDB_Hallmark (msigdbr 26.1.0)	Lipe
HALLMARK_BILE_ACID_METABOLISM	exploratory	MSigDB_Hallmark (msigdbr 26.1.0)	Lonp2
HALLMARK_BILE_ACID_METABOLISM	exploratory	MSigDB_Hallmark (msigdbr 26.1.0)	Mlycd
HALLMARK_BILE_ACID_METABOLISM	exploratory	MSigDB_Hallmark (msigdbr 26.1.0)	Nedd4
HALLMARK_BILE_ACID_METABOLISM	exploratory	MSigDB_Hallmark (msigdbr 26.1.0)	Npc1
HALLMARK_BILE_ACID_METABOLISM	exploratory	MSigDB_Hallmark (msigdbr 26.1.0)	Nr0b2
HALLMARK_BILE_ACID_METABOLISM	exploratory	MSigDB_Hallmark (msigdbr 26.1.0)	Nr1h4
HALLMARK_BILE_ACID_METABOLISM	exploratory	MSigDB_Hallmark (msigdbr 26.1.0)	Nr1i2
HALLMARK_BILE_ACID_METABOLISM	exploratory	MSigDB_Hallmark (msigdbr 26.1.0)	Nr3c2
HALLMARK_BILE_ACID_METABOLISM	exploratory	MSigDB_Hallmark (msigdbr 26.1.0)	Nudt12
HALLMARK_BILE_ACID_METABOLISM	exploratory	MSigDB_Hallmark (msigdbr 26.1.0)	Optn
HALLMARK_BILE_ACID_METABOLISM	exploratory	MSigDB_Hallmark (msigdbr 26.1.0)	Paox
HALLMARK_BILE_ACID_METABOLISM	exploratory	MSigDB_Hallmark (msigdbr 26.1.0)	Pecr
HALLMARK_BILE_ACID_METABOLISM	exploratory	MSigDB_Hallmark (msigdbr 26.1.0)	Pex1
HALLMARK_BILE_ACID_METABOLISM	exploratory	MSigDB_Hallmark (msigdbr 26.1.0)	Pex11a
HALLMARK_BILE_ACID_METABOLISM	exploratory	MSigDB_Hallmark (msigdbr 26.1.0)	Pex11g
HALLMARK_BILE_ACID_METABOLISM	exploratory	MSigDB_Hallmark (msigdbr 26.1.0)	Pex12
HALLMARK_BILE_ACID_METABOLISM	exploratory	MSigDB_Hallmark (msigdbr 26.1.0)	Pex13
HALLMARK_BILE_ACID_METABOLISM	exploratory	MSigDB_Hallmark (msigdbr 26.1.0)	Pex16
HALLMARK_BILE_ACID_METABOLISM	exploratory	MSigDB_Hallmark (msigdbr 26.1.0)	Pex19
HALLMARK_BILE_ACID_METABOLISM	exploratory	MSigDB_Hallmark (msigdbr 26.1.0)	Pex26
HALLMARK_BILE_ACID_METABOLISM	exploratory	MSigDB_Hallmark (msigdbr 26.1.0)	Pex6
HALLMARK_BILE_ACID_METABOLISM	exploratory	MSigDB_Hallmark (msigdbr 26.1.0)	Pex7
HALLMARK_BILE_ACID_METABOLISM	exploratory	MSigDB_Hallmark (msigdbr 26.1.0)	Pfkm
HALLMARK_BILE_ACID_METABOLISM	exploratory	MSigDB_Hallmark (msigdbr 26.1.0)	Phyh
HALLMARK_BILE_ACID_METABOLISM	exploratory	MSigDB_Hallmark (msigdbr 26.1.0)	Pipox
HALLMARK_BILE_ACID_METABOLISM	exploratory	MSigDB_Hallmark (msigdbr 26.1.0)	Pnpla8
HALLMARK_BILE_ACID_METABOLISM	exploratory	MSigDB_Hallmark (msigdbr 26.1.0)	Prdx5
HALLMARK_BILE_ACID_METABOLISM	exploratory	MSigDB_Hallmark (msigdbr 26.1.0)	Pxmp2
HALLMARK_BILE_ACID_METABOLISM	exploratory	MSigDB_Hallmark (msigdbr 26.1.0)	Rbp1
HALLMARK_BILE_ACID_METABOLISM	exploratory	MSigDB_Hallmark (msigdbr 26.1.0)	Retsat
HALLMARK_BILE_ACID_METABOLISM	exploratory	MSigDB_Hallmark (msigdbr 26.1.0)	Rxra
HALLMARK_BILE_ACID_METABOLISM	exploratory	MSigDB_Hallmark (msigdbr 26.1.0)	Rxrg
HALLMARK_BILE_ACID_METABOLISM	exploratory	MSigDB_Hallmark (msigdbr 26.1.0)	Scp2
HALLMARK_BILE_ACID_METABOLISM	exploratory	MSigDB_Hallmark (msigdbr 26.1.0)	Serpina6
HALLMARK_BILE_ACID_METABOLISM	exploratory	MSigDB_Hallmark (msigdbr 26.1.0)	Slc23a1
HALLMARK_BILE_ACID_METABOLISM	exploratory	MSigDB_Hallmark (msigdbr 26.1.0)	Slc23a2
HALLMARK_BILE_ACID_METABOLISM	exploratory	MSigDB_Hallmark (msigdbr 26.1.0)	Slc27a2
HALLMARK_BILE_ACID_METABOLISM	exploratory	MSigDB_Hallmark (msigdbr 26.1.0)	Slc27a5
HALLMARK_BILE_ACID_METABOLISM	exploratory	MSigDB_Hallmark (msigdbr 26.1.0)	Slc29a1
HALLMARK_BILE_ACID_METABOLISM	exploratory	MSigDB_Hallmark (msigdbr 26.1.0)	Slc35b2
HALLMARK_BILE_ACID_METABOLISM	exploratory	MSigDB_Hallmark (msigdbr 26.1.0)	Slc22a18
HALLMARK_BILE_ACID_METABOLISM	exploratory	MSigDB_Hallmark (msigdbr 26.1.0)	Slco1a5
HALLMARK_BILE_ACID_METABOLISM	exploratory	MSigDB_Hallmark (msigdbr 26.1.0)	Soat2
HALLMARK_BILE_ACID_METABOLISM	exploratory	MSigDB_Hallmark (msigdbr 26.1.0)	Sod1
HALLMARK_BILE_ACID_METABOLISM	exploratory	MSigDB_Hallmark (msigdbr 26.1.0)	Sult1b1
HALLMARK_BILE_ACID_METABOLISM	exploratory	MSigDB_Hallmark (msigdbr 26.1.0)	Sult2b1
HALLMARK_BILE_ACID_METABOLISM	exploratory	MSigDB_Hallmark (msigdbr 26.1.0)	Tfcp2l1
HALLMARK_BILE_ACID_METABOLISM	exploratory	MSigDB_Hallmark (msigdbr 26.1.0)	Ttr
HALLMARK_CHOLESTEROL_HOMEOSTASIS	exploratory	MSigDB_Hallmark (msigdbr 26.1.0)	Abca2
HALLMARK_CHOLESTEROL_HOMEOSTASIS	exploratory	MSigDB_Hallmark (msigdbr 26.1.0)	Acat3
HALLMARK_CHOLESTEROL_HOMEOSTASIS	exploratory	MSigDB_Hallmark (msigdbr 26.1.0)	Acss2
HALLMARK_CHOLESTEROL_HOMEOSTASIS	exploratory	MSigDB_Hallmark (msigdbr 26.1.0)	Actg1
HALLMARK_CHOLESTEROL_HOMEOSTASIS	exploratory	MSigDB_Hallmark (msigdbr 26.1.0)	Adh4
HALLMARK_CHOLESTEROL_HOMEOSTASIS	exploratory	MSigDB_Hallmark (msigdbr 26.1.0)	Alcam
HALLMARK_CHOLESTEROL_HOMEOSTASIS	exploratory	MSigDB_Hallmark (msigdbr 26.1.0)	Aldoc
HALLMARK_CHOLESTEROL_HOMEOSTASIS	exploratory	MSigDB_Hallmark (msigdbr 26.1.0)	Antxr2
HALLMARK_CHOLESTEROL_HOMEOSTASIS	exploratory	MSigDB_Hallmark (msigdbr 26.1.0)	Anxa13
HALLMARK_CHOLESTEROL_HOMEOSTASIS	exploratory	MSigDB_Hallmark (msigdbr 26.1.0)	Anxa5
HALLMARK_CHOLESTEROL_HOMEOSTASIS	exploratory	MSigDB_Hallmark (msigdbr 26.1.0)	Atf3
HALLMARK_CHOLESTEROL_HOMEOSTASIS	exploratory	MSigDB_Hallmark (msigdbr 26.1.0)	Atf5
HALLMARK_CHOLESTEROL_HOMEOSTASIS	exploratory	MSigDB_Hallmark (msigdbr 26.1.0)	Atxn2
HALLMARK_CHOLESTEROL_HOMEOSTASIS	exploratory	MSigDB_Hallmark (msigdbr 26.1.0)	Avpr1a
HALLMARK_CHOLESTEROL_HOMEOSTASIS	exploratory	MSigDB_Hallmark (msigdbr 26.1.0)	Cbs
HALLMARK_CHOLESTEROL_HOMEOSTASIS	exploratory	MSigDB_Hallmark (msigdbr 26.1.0)	Cd9
HALLMARK_CHOLESTEROL_HOMEOSTASIS	exploratory	MSigDB_Hallmark (msigdbr 26.1.0)	Chka
HALLMARK_CHOLESTEROL_HOMEOSTASIS	exploratory	MSigDB_Hallmark (msigdbr 26.1.0)	Clu
HALLMARK_CHOLESTEROL_HOMEOSTASIS	exploratory	MSigDB_Hallmark (msigdbr 26.1.0)	Cpeb2
HALLMARK_CHOLESTEROL_HOMEOSTASIS	exploratory	MSigDB_Hallmark (msigdbr 26.1.0)	Ctnnb1
HALLMARK_CHOLESTEROL_HOMEOSTASIS	exploratory	MSigDB_Hallmark (msigdbr 26.1.0)	Cxcl16
HALLMARK_CHOLESTEROL_HOMEOSTASIS	exploratory	MSigDB_Hallmark (msigdbr 26.1.0)	Cyp51
HALLMARK_CHOLESTEROL_HOMEOSTASIS	exploratory	MSigDB_Hallmark (msigdbr 26.1.0)	Dhcr7
HALLMARK_CHOLESTEROL_HOMEOSTASIS	exploratory	MSigDB_Hallmark (msigdbr 26.1.0)	Ebp
HALLMARK_CHOLESTEROL_HOMEOSTASIS	exploratory	MSigDB_Hallmark (msigdbr 26.1.0)	Ech1
HALLMARK_CHOLESTEROL_HOMEOSTASIS	exploratory	MSigDB_Hallmark (msigdbr 26.1.0)	Errfi1
HALLMARK_CHOLESTEROL_HOMEOSTASIS	exploratory	MSigDB_Hallmark (msigdbr 26.1.0)	Ethe1
HALLMARK_CHOLESTEROL_HOMEOSTASIS	exploratory	MSigDB_Hallmark (msigdbr 26.1.0)	Fabp5
HALLMARK_CHOLESTEROL_HOMEOSTASIS	exploratory	MSigDB_Hallmark (msigdbr 26.1.0)	Fads2
HALLMARK_CHOLESTEROL_HOMEOSTASIS	exploratory	MSigDB_Hallmark (msigdbr 26.1.0)	Fasn
HALLMARK_CHOLESTEROL_HOMEOSTASIS	exploratory	MSigDB_Hallmark (msigdbr 26.1.0)	Fbxo6
HALLMARK_CHOLESTEROL_HOMEOSTASIS	exploratory	MSigDB_Hallmark (msigdbr 26.1.0)	Fdft1
HALLMARK_CHOLESTEROL_HOMEOSTASIS	exploratory	MSigDB_Hallmark (msigdbr 26.1.0)	Fdps
HALLMARK_CHOLESTEROL_HOMEOSTASIS	exploratory	MSigDB_Hallmark (msigdbr 26.1.0)	Gldc
HALLMARK_CHOLESTEROL_HOMEOSTASIS	exploratory	MSigDB_Hallmark (msigdbr 26.1.0)	Gnai1
HALLMARK_CHOLESTEROL_HOMEOSTASIS	exploratory	MSigDB_Hallmark (msigdbr 26.1.0)	Gpx8
HALLMARK_CHOLESTEROL_HOMEOSTASIS	exploratory	MSigDB_Hallmark (msigdbr 26.1.0)	Gstm7
HALLMARK_CHOLESTEROL_HOMEOSTASIS	exploratory	MSigDB_Hallmark (msigdbr 26.1.0)	Gusb
HALLMARK_CHOLESTEROL_HOMEOSTASIS	exploratory	MSigDB_Hallmark (msigdbr 26.1.0)	Hmgcr
HALLMARK_CHOLESTEROL_HOMEOSTASIS	exploratory	MSigDB_Hallmark (msigdbr 26.1.0)	Hmgcs1
HALLMARK_CHOLESTEROL_HOMEOSTASIS	exploratory	MSigDB_Hallmark (msigdbr 26.1.0)	Hsd17b7
HALLMARK_CHOLESTEROL_HOMEOSTASIS	exploratory	MSigDB_Hallmark (msigdbr 26.1.0)	Idi1
HALLMARK_CHOLESTEROL_HOMEOSTASIS	exploratory	MSigDB_Hallmark (msigdbr 26.1.0)	Jag1
HALLMARK_CHOLESTEROL_HOMEOSTASIS	exploratory	MSigDB_Hallmark (msigdbr 26.1.0)	Ldlr
HALLMARK_CHOLESTEROL_HOMEOSTASIS	exploratory	MSigDB_Hallmark (msigdbr 26.1.0)	Lgals3
HALLMARK_CHOLESTEROL_HOMEOSTASIS	exploratory	MSigDB_Hallmark (msigdbr 26.1.0)	Lgmn
HALLMARK_CHOLESTEROL_HOMEOSTASIS	exploratory	MSigDB_Hallmark (msigdbr 26.1.0)	Lpl
HALLMARK_CHOLESTEROL_HOMEOSTASIS	exploratory	MSigDB_Hallmark (msigdbr 26.1.0)	Lss
HALLMARK_CHOLESTEROL_HOMEOSTASIS	exploratory	MSigDB_Hallmark (msigdbr 26.1.0)	Mal2
HALLMARK_CHOLESTEROL_HOMEOSTASIS	exploratory	MSigDB_Hallmark (msigdbr 26.1.0)	Mvd
HALLMARK_CHOLESTEROL_HOMEOSTASIS	exploratory	MSigDB_Hallmark (msigdbr 26.1.0)	Mvk
HALLMARK_CHOLESTEROL_HOMEOSTASIS	exploratory	MSigDB_Hallmark (msigdbr 26.1.0)	Nfil3
HALLMARK_CHOLESTEROL_HOMEOSTASIS	exploratory	MSigDB_Hallmark (msigdbr 26.1.0)	Niban1
HALLMARK_CHOLESTEROL_HOMEOSTASIS	exploratory	MSigDB_Hallmark (msigdbr 26.1.0)	Nsdhl
HALLMARK_CHOLESTEROL_HOMEOSTASIS	exploratory	MSigDB_Hallmark (msigdbr 26.1.0)	Pcyt2
HALLMARK_CHOLESTEROL_HOMEOSTASIS	exploratory	MSigDB_Hallmark (msigdbr 26.1.0)	Pdk3
HALLMARK_CHOLESTEROL_HOMEOSTASIS	exploratory	MSigDB_Hallmark (msigdbr 26.1.0)	Plaur
HALLMARK_CHOLESTEROL_HOMEOSTASIS	exploratory	MSigDB_Hallmark (msigdbr 26.1.0)	Plscr1
HALLMARK_CHOLESTEROL_HOMEOSTASIS	exploratory	MSigDB_Hallmark (msigdbr 26.1.0)	Pmvk
HALLMARK_CHOLESTEROL_HOMEOSTASIS	exploratory	MSigDB_Hallmark (msigdbr 26.1.0)	Pnrc1
HALLMARK_CHOLESTEROL_HOMEOSTASIS	exploratory	MSigDB_Hallmark (msigdbr 26.1.0)	Pparg
HALLMARK_CHOLESTEROL_HOMEOSTASIS	exploratory	MSigDB_Hallmark (msigdbr 26.1.0)	S100a11
HALLMARK_CHOLESTEROL_HOMEOSTASIS	exploratory	MSigDB_Hallmark (msigdbr 26.1.0)	Sc5d
HALLMARK_CHOLESTEROL_HOMEOSTASIS	exploratory	MSigDB_Hallmark (msigdbr 26.1.0)	Scd1
HALLMARK_CHOLESTEROL_HOMEOSTASIS	exploratory	MSigDB_Hallmark (msigdbr 26.1.0)	Scd2
HALLMARK_CHOLESTEROL_HOMEOSTASIS	exploratory	MSigDB_Hallmark (msigdbr 26.1.0)	Sema3b
HALLMARK_CHOLESTEROL_HOMEOSTASIS	exploratory	MSigDB_Hallmark (msigdbr 26.1.0)	Sqle
HALLMARK_CHOLESTEROL_HOMEOSTASIS	exploratory	MSigDB_Hallmark (msigdbr 26.1.0)	Srebf2
HALLMARK_CHOLESTEROL_HOMEOSTASIS	exploratory	MSigDB_Hallmark (msigdbr 26.1.0)	Stard4
HALLMARK_CHOLESTEROL_HOMEOSTASIS	exploratory	MSigDB_Hallmark (msigdbr 26.1.0)	Stx5a
HALLMARK_CHOLESTEROL_HOMEOSTASIS	exploratory	MSigDB_Hallmark (msigdbr 26.1.0)	Tm7sf2
HALLMARK_CHOLESTEROL_HOMEOSTASIS	exploratory	MSigDB_Hallmark (msigdbr 26.1.0)	Tmem97
HALLMARK_CHOLESTEROL_HOMEOSTASIS	exploratory	MSigDB_Hallmark (msigdbr 26.1.0)	Tnfrsf12a
HALLMARK_CHOLESTEROL_HOMEOSTASIS	exploratory	MSigDB_Hallmark (msigdbr 26.1.0)	Trp53inp1
HALLMARK_CHOLESTEROL_HOMEOSTASIS	exploratory	MSigDB_Hallmark (msigdbr 26.1.0)	Trib3
HALLMARK_COAGULATION	exploratory	MSigDB_Hallmark (msigdbr 26.1.0)	A2m
HALLMARK_COAGULATION	exploratory	MSigDB_Hallmark (msigdbr 26.1.0)	Acox2
HALLMARK_COAGULATION	exploratory	MSigDB_Hallmark (msigdbr 26.1.0)	Adam9
HALLMARK_COAGULATION	exploratory	MSigDB_Hallmark (msigdbr 26.1.0)	Ang
HALLMARK_COAGULATION	exploratory	MSigDB_Hallmark (msigdbr 26.1.0)	Anxa1
HALLMARK_COAGULATION	exploratory	MSigDB_Hallmark (msigdbr 26.1.0)	Apoa1
HALLMARK_COAGULATION	exploratory	MSigDB_Hallmark (msigdbr 26.1.0)	Apoc1
HALLMARK_COAGULATION	exploratory	MSigDB_Hallmark (msigdbr 26.1.0)	Apoc2
HALLMARK_COAGULATION	exploratory	MSigDB_Hallmark (msigdbr 26.1.0)	Apoc3
HALLMARK_COAGULATION	exploratory	MSigDB_Hallmark (msigdbr 26.1.0)	Arf4
HALLMARK_COAGULATION	exploratory	MSigDB_Hallmark (msigdbr 26.1.0)	Bmp1
HALLMARK_COAGULATION	exploratory	MSigDB_Hallmark (msigdbr 26.1.0)	C1qa
HALLMARK_COAGULATION	exploratory	MSigDB_Hallmark (msigdbr 26.1.0)	C1rb
HALLMARK_COAGULATION	exploratory	MSigDB_Hallmark (msigdbr 26.1.0)	C1s1
HALLMARK_COAGULATION	exploratory	MSigDB_Hallmark (msigdbr 26.1.0)	C2
HALLMARK_COAGULATION	exploratory	MSigDB_Hallmark (msigdbr 26.1.0)	C3
HALLMARK_COAGULATION	exploratory	MSigDB_Hallmark (msigdbr 26.1.0)	C8a
HALLMARK_COAGULATION	exploratory	MSigDB_Hallmark (msigdbr 26.1.0)	C8b
HALLMARK_COAGULATION	exploratory	MSigDB_Hallmark (msigdbr 26.1.0)	C8g
HALLMARK_COAGULATION	exploratory	MSigDB_Hallmark (msigdbr 26.1.0)	C9
HALLMARK_COAGULATION	exploratory	MSigDB_Hallmark (msigdbr 26.1.0)	Capn2
HALLMARK_COAGULATION	exploratory	MSigDB_Hallmark (msigdbr 26.1.0)	Capn5
HALLMARK_COAGULATION	exploratory	MSigDB_Hallmark (msigdbr 26.1.0)	Casp9
HALLMARK_COAGULATION	exploratory	MSigDB_Hallmark (msigdbr 26.1.0)	Cd9
HALLMARK_COAGULATION	exploratory	MSigDB_Hallmark (msigdbr 26.1.0)	Cfb
HALLMARK_COAGULATION	exploratory	MSigDB_Hallmark (msigdbr 26.1.0)	Cfd
HALLMARK_COAGULATION	exploratory	MSigDB_Hallmark (msigdbr 26.1.0)	Cfh
HALLMARK_COAGULATION	exploratory	MSigDB_Hallmark (msigdbr 26.1.0)	Cfi
HALLMARK_COAGULATION	exploratory	MSigDB_Hallmark (msigdbr 26.1.0)	Clu
HALLMARK_COAGULATION	exploratory	MSigDB_Hallmark (msigdbr 26.1.0)	Comp
HALLMARK_COAGULATION	exploratory	MSigDB_Hallmark (msigdbr 26.1.0)	Cpb2
HALLMARK_COAGULATION	exploratory	MSigDB_Hallmark (msigdbr 26.1.0)	Cpn1
HALLMARK_COAGULATION	exploratory	MSigDB_Hallmark (msigdbr 26.1.0)	Cpq
HALLMARK_COAGULATION	exploratory	MSigDB_Hallmark (msigdbr 26.1.0)	Crip2
HALLMARK_COAGULATION	exploratory	MSigDB_Hallmark (msigdbr 26.1.0)	Csrp1
HALLMARK_COAGULATION	exploratory	MSigDB_Hallmark (msigdbr 26.1.0)	Ctsb
HALLMARK_COAGULATION	exploratory	MSigDB_Hallmark (msigdbr 26.1.0)	Ctse
HALLMARK_COAGULATION	exploratory	MSigDB_Hallmark (msigdbr 26.1.0)	Ctsh
HALLMARK_COAGULATION	exploratory	MSigDB_Hallmark (msigdbr 26.1.0)	Ctsk
HALLMARK_COAGULATION	exploratory	MSigDB_Hallmark (msigdbr 26.1.0)	Ctso
HALLMARK_COAGULATION	exploratory	MSigDB_Hallmark (msigdbr 26.1.0)	Ctsl
HALLMARK_COAGULATION	exploratory	MSigDB_Hallmark (msigdbr 26.1.0)	Dct
HALLMARK_COAGULATION	exploratory	MSigDB_Hallmark (msigdbr 26.1.0)	Dpp4
HALLMARK_COAGULATION	exploratory	MSigDB_Hallmark (msigdbr 26.1.0)	Dusp14
HALLMARK_COAGULATION	exploratory	MSigDB_Hallmark (msigdbr 26.1.0)	Dusp6
HALLMARK_COAGULATION	exploratory	MSigDB_Hallmark (msigdbr 26.1.0)	F10
HALLMARK_COAGULATION	exploratory	MSigDB_Hallmark (msigdbr 26.1.0)	F11
HALLMARK_COAGULATION	exploratory	MSigDB_Hallmark (msigdbr 26.1.0)	F12
HALLMARK_COAGULATION	exploratory	MSigDB_Hallmark (msigdbr 26.1.0)	F13b
HALLMARK_COAGULATION	exploratory	MSigDB_Hallmark (msigdbr 26.1.0)	F2
HALLMARK_COAGULATION	exploratory	MSigDB_Hallmark (msigdbr 26.1.0)	F2rl2
HALLMARK_COAGULATION	exploratory	MSigDB_Hallmark (msigdbr 26.1.0)	F3
HALLMARK_COAGULATION	exploratory	MSigDB_Hallmark (msigdbr 26.1.0)	F8
HALLMARK_COAGULATION	exploratory	MSigDB_Hallmark (msigdbr 26.1.0)	F9
HALLMARK_COAGULATION	exploratory	MSigDB_Hallmark (msigdbr 26.1.0)	Fbn1
HALLMARK_COAGULATION	exploratory	MSigDB_Hallmark (msigdbr 26.1.0)	Fga
HALLMARK_COAGULATION	exploratory	MSigDB_Hallmark (msigdbr 26.1.0)	Fgg
HALLMARK_COAGULATION	exploratory	MSigDB_Hallmark (msigdbr 26.1.0)	Fn1
HALLMARK_COAGULATION	exploratory	MSigDB_Hallmark (msigdbr 26.1.0)	Furin
HALLMARK_COAGULATION	exploratory	MSigDB_Hallmark (msigdbr 26.1.0)	Fyn
HALLMARK_COAGULATION	exploratory	MSigDB_Hallmark (msigdbr 26.1.0)	Gda
HALLMARK_COAGULATION	exploratory	MSigDB_Hallmark (msigdbr 26.1.0)	Gnb2
HALLMARK_COAGULATION	exploratory	MSigDB_Hallmark (msigdbr 26.1.0)	Gng12
HALLMARK_COAGULATION	exploratory	MSigDB_Hallmark (msigdbr 26.1.0)	Gp1ba
HALLMARK_COAGULATION	exploratory	MSigDB_Hallmark (msigdbr 26.1.0)	Gp9
HALLMARK_COAGULATION	exploratory	MSigDB_Hallmark (msigdbr 26.1.0)	Gsn
HALLMARK_COAGULATION	exploratory	MSigDB_Hallmark (msigdbr 26.1.0)	Hmgcs2
HALLMARK_COAGULATION	exploratory	MSigDB_Hallmark (msigdbr 26.1.0)	Hnf4a
HALLMARK_COAGULATION	exploratory	MSigDB_Hallmark (msigdbr 26.1.0)	Hpn
HALLMARK_COAGULATION	exploratory	MSigDB_Hallmark (msigdbr 26.1.0)	Hrg
HALLMARK_COAGULATION	exploratory	MSigDB_Hallmark (msigdbr 26.1.0)	Htra1
HALLMARK_COAGULATION	exploratory	MSigDB_Hallmark (msigdbr 26.1.0)	Iscu
HALLMARK_COAGULATION	exploratory	MSigDB_Hallmark (msigdbr 26.1.0)	Itga2
HALLMARK_COAGULATION	exploratory	MSigDB_Hallmark (msigdbr 26.1.0)	Itgb3
HALLMARK_COAGULATION	exploratory	MSigDB_Hallmark (msigdbr 26.1.0)	Itih1
HALLMARK_COAGULATION	exploratory	MSigDB_Hallmark (msigdbr 26.1.0)	Klf7
HALLMARK_COAGULATION	exploratory	MSigDB_Hallmark (msigdbr 26.1.0)	Klk8
HALLMARK_COAGULATION	exploratory	MSigDB_Hallmark (msigdbr 26.1.0)	Klkb1
HALLMARK_COAGULATION	exploratory	MSigDB_Hallmark (msigdbr 26.1.0)	Lamp2
HALLMARK_COAGULATION	exploratory	MSigDB_Hallmark (msigdbr 26.1.0)	Lefty2
HALLMARK_COAGULATION	exploratory	MSigDB_Hallmark (msigdbr 26.1.0)	Lgmn
HALLMARK_COAGULATION	exploratory	MSigDB_Hallmark (msigdbr 26.1.0)	Lrp1
HALLMARK_COAGULATION	exploratory	MSigDB_Hallmark (msigdbr 26.1.0)	Lta4h
HALLMARK_COAGULATION	exploratory	MSigDB_Hallmark (msigdbr 26.1.0)	Maff
HALLMARK_COAGULATION	exploratory	MSigDB_Hallmark (msigdbr 26.1.0)	Masp2
HALLMARK_COAGULATION	exploratory	MSigDB_Hallmark (msigdbr 26.1.0)	Mbl2
HALLMARK_COAGULATION	exploratory	MSigDB_Hallmark (msigdbr 26.1.0)	Mep1a
HALLMARK_COAGULATION	exploratory	MSigDB_Hallmark (msigdbr 26.1.0)	Mmp1b
HALLMARK_COAGULATION	exploratory	MSigDB_Hallmark (msigdbr 26.1.0)	Mmp10
HALLMARK_COAGULATION	exploratory	MSigDB_Hallmark (msigdbr 26.1.0)	Mmp11
HALLMARK_COAGULATION	exploratory	MSigDB_Hallmark (msigdbr 26.1.0)	Mmp14
HALLMARK_COAGULATION	exploratory	MSigDB_Hallmark (msigdbr 26.1.0)	Mmp15
HALLMARK_COAGULATION	exploratory	MSigDB_Hallmark (msigdbr 26.1.0)	Mmp2
HALLMARK_COAGULATION	exploratory	MSigDB_Hallmark (msigdbr 26.1.0)	Mmp3
HALLMARK_COAGULATION	exploratory	MSigDB_Hallmark (msigdbr 26.1.0)	Mmp7
HALLMARK_COAGULATION	exploratory	MSigDB_Hallmark (msigdbr 26.1.0)	Mmp8
HALLMARK_COAGULATION	exploratory	MSigDB_Hallmark (msigdbr 26.1.0)	Mmp9
HALLMARK_COAGULATION	exploratory	MSigDB_Hallmark (msigdbr 26.1.0)	Msrb2
HALLMARK_COAGULATION	exploratory	MSigDB_Hallmark (msigdbr 26.1.0)	Mst1
HALLMARK_COAGULATION	exploratory	MSigDB_Hallmark (msigdbr 26.1.0)	Olr1
HALLMARK_COAGULATION	exploratory	MSigDB_Hallmark (msigdbr 26.1.0)	P2ry1
HALLMARK_COAGULATION	exploratory	MSigDB_Hallmark (msigdbr 26.1.0)	Pdgfb
HALLMARK_COAGULATION	exploratory	MSigDB_Hallmark (msigdbr 26.1.0)	Pecam1
HALLMARK_COAGULATION	exploratory	MSigDB_Hallmark (msigdbr 26.1.0)	Pef1
HALLMARK_COAGULATION	exploratory	MSigDB_Hallmark (msigdbr 26.1.0)	Pf4
HALLMARK_COAGULATION	exploratory	MSigDB_Hallmark (msigdbr 26.1.0)	Plat
HALLMARK_COAGULATION	exploratory	MSigDB_Hallmark (msigdbr 26.1.0)	Plau
HALLMARK_COAGULATION	exploratory	MSigDB_Hallmark (msigdbr 26.1.0)	Plek
HALLMARK_COAGULATION	exploratory	MSigDB_Hallmark (msigdbr 26.1.0)	Plg
HALLMARK_COAGULATION	exploratory	MSigDB_Hallmark (msigdbr 26.1.0)	Prep
HALLMARK_COAGULATION	exploratory	MSigDB_Hallmark (msigdbr 26.1.0)	Proc
HALLMARK_COAGULATION	exploratory	MSigDB_Hallmark (msigdbr 26.1.0)	Pros1
HALLMARK_COAGULATION	exploratory	MSigDB_Hallmark (msigdbr 26.1.0)	Proz
HALLMARK_COAGULATION	exploratory	MSigDB_Hallmark (msigdbr 26.1.0)	Prss23
HALLMARK_COAGULATION	exploratory	MSigDB_Hallmark (msigdbr 26.1.0)	Rabif
HALLMARK_COAGULATION	exploratory	MSigDB_Hallmark (msigdbr 26.1.0)	Rac1
HALLMARK_COAGULATION	exploratory	MSigDB_Hallmark (msigdbr 26.1.0)	Rapgef3
HALLMARK_COAGULATION	exploratory	MSigDB_Hallmark (msigdbr 26.1.0)	Rgn
HALLMARK_COAGULATION	exploratory	MSigDB_Hallmark (msigdbr 26.1.0)	S100a1
HALLMARK_COAGULATION	exploratory	MSigDB_Hallmark (msigdbr 26.1.0)	S100a13
HALLMARK_COAGULATION	exploratory	MSigDB_Hallmark (msigdbr 26.1.0)	Serpina1b
HALLMARK_COAGULATION	exploratory	MSigDB_Hallmark (msigdbr 26.1.0)	Serpina1e
HALLMARK_COAGULATION	exploratory	MSigDB_Hallmark (msigdbr 26.1.0)	Serpinb2
HALLMARK_COAGULATION	exploratory	MSigDB_Hallmark (msigdbr 26.1.0)	Serpinc1
HALLMARK_COAGULATION	exploratory	MSigDB_Hallmark (msigdbr 26.1.0)	Serpine1
HALLMARK_COAGULATION	exploratory	MSigDB_Hallmark (msigdbr 26.1.0)	Serping1
HALLMARK_COAGULATION	exploratory	MSigDB_Hallmark (msigdbr 26.1.0)	Sh2b2
HALLMARK_COAGULATION	exploratory	MSigDB_Hallmark (msigdbr 26.1.0)	Sirt2
HALLMARK_COAGULATION	exploratory	MSigDB_Hallmark (msigdbr 26.1.0)	Sparc
HALLMARK_COAGULATION	exploratory	MSigDB_Hallmark (msigdbr 26.1.0)	Trf
HALLMARK_COAGULATION	exploratory	MSigDB_Hallmark (msigdbr 26.1.0)	Tfpi2
HALLMARK_COAGULATION	exploratory	MSigDB_Hallmark (msigdbr 26.1.0)	Thbd
HALLMARK_COAGULATION	exploratory	MSigDB_Hallmark (msigdbr 26.1.0)	Thbs1
HALLMARK_COAGULATION	exploratory	MSigDB_Hallmark (msigdbr 26.1.0)	Timp1
HALLMARK_COAGULATION	exploratory	MSigDB_Hallmark (msigdbr 26.1.0)	Timp3
HALLMARK_COAGULATION	exploratory	MSigDB_Hallmark (msigdbr 26.1.0)	Tmprss6
HALLMARK_COAGULATION	exploratory	MSigDB_Hallmark (msigdbr 26.1.0)	Usp11
HALLMARK_COAGULATION	exploratory	MSigDB_Hallmark (msigdbr 26.1.0)	Vwf
HALLMARK_COAGULATION	exploratory	MSigDB_Hallmark (msigdbr 26.1.0)	Wdr1
HALLMARK_COMPLEMENT	exploratory	MSigDB_Hallmark (msigdbr 26.1.0)	Actn2
HALLMARK_COMPLEMENT	exploratory	MSigDB_Hallmark (msigdbr 26.1.0)	Adam9
HALLMARK_COMPLEMENT	exploratory	MSigDB_Hallmark (msigdbr 26.1.0)	Adra2b
HALLMARK_COMPLEMENT	exploratory	MSigDB_Hallmark (msigdbr 26.1.0)	Akap10
HALLMARK_COMPLEMENT	exploratory	MSigDB_Hallmark (msigdbr 26.1.0)	Ang
HALLMARK_COMPLEMENT	exploratory	MSigDB_Hallmark (msigdbr 26.1.0)	Anxa5
HALLMARK_COMPLEMENT	exploratory	MSigDB_Hallmark (msigdbr 26.1.0)	Apoa4
HALLMARK_COMPLEMENT	exploratory	MSigDB_Hallmark (msigdbr 26.1.0)	Apoc1
HALLMARK_COMPLEMENT	exploratory	MSigDB_Hallmark (msigdbr 26.1.0)	Atox1
HALLMARK_COMPLEMENT	exploratory	MSigDB_Hallmark (msigdbr 26.1.0)	Brpf3
HALLMARK_COMPLEMENT	exploratory	MSigDB_Hallmark (msigdbr 26.1.0)	C1qa
HALLMARK_COMPLEMENT	exploratory	MSigDB_Hallmark (msigdbr 26.1.0)	C1qc
HALLMARK_COMPLEMENT	exploratory	MSigDB_Hallmark (msigdbr 26.1.0)	C1rb
HALLMARK_COMPLEMENT	exploratory	MSigDB_Hallmark (msigdbr 26.1.0)	C1s1
HALLMARK_COMPLEMENT	exploratory	MSigDB_Hallmark (msigdbr 26.1.0)	C2
HALLMARK_COMPLEMENT	exploratory	MSigDB_Hallmark (msigdbr 26.1.0)	C3
HALLMARK_COMPLEMENT	exploratory	MSigDB_Hallmark (msigdbr 26.1.0)	C9
HALLMARK_COMPLEMENT	exploratory	MSigDB_Hallmark (msigdbr 26.1.0)	Car2
HALLMARK_COMPLEMENT	exploratory	MSigDB_Hallmark (msigdbr 26.1.0)	Calm1
HALLMARK_COMPLEMENT	exploratory	MSigDB_Hallmark (msigdbr 26.1.0)	Calm3
HALLMARK_COMPLEMENT	exploratory	MSigDB_Hallmark (msigdbr 26.1.0)	Casp1
HALLMARK_COMPLEMENT	exploratory	MSigDB_Hallmark (msigdbr 26.1.0)	Casp3
HALLMARK_COMPLEMENT	exploratory	MSigDB_Hallmark (msigdbr 26.1.0)	Casp4
HALLMARK_COMPLEMENT	exploratory	MSigDB_Hallmark (msigdbr 26.1.0)	Casp7
HALLMARK_COMPLEMENT	exploratory	MSigDB_Hallmark (msigdbr 26.1.0)	Casp9
HALLMARK_COMPLEMENT	exploratory	MSigDB_Hallmark (msigdbr 26.1.0)	Cblb
HALLMARK_COMPLEMENT	exploratory	MSigDB_Hallmark (msigdbr 26.1.0)	Ccl5
HALLMARK_COMPLEMENT	exploratory	MSigDB_Hallmark (msigdbr 26.1.0)	Cd36
HALLMARK_COMPLEMENT	exploratory	MSigDB_Hallmark (msigdbr 26.1.0)	Cd40lg
HALLMARK_COMPLEMENT	exploratory	MSigDB_Hallmark (msigdbr 26.1.0)	Cd46
HALLMARK_COMPLEMENT	exploratory	MSigDB_Hallmark (msigdbr 26.1.0)	Cd55
HALLMARK_COMPLEMENT	exploratory	MSigDB_Hallmark (msigdbr 26.1.0)	Cd55b
HALLMARK_COMPLEMENT	exploratory	MSigDB_Hallmark (msigdbr 26.1.0)	Cd59b
HALLMARK_COMPLEMENT	exploratory	MSigDB_Hallmark (msigdbr 26.1.0)	Cda
HALLMARK_COMPLEMENT	exploratory	MSigDB_Hallmark (msigdbr 26.1.0)	Cdh13
HALLMARK_COMPLEMENT	exploratory	MSigDB_Hallmark (msigdbr 26.1.0)	Cdk5r1
HALLMARK_COMPLEMENT	exploratory	MSigDB_Hallmark (msigdbr 26.1.0)	Cebpb
HALLMARK_COMPLEMENT	exploratory	MSigDB_Hallmark (msigdbr 26.1.0)	Cfb
HALLMARK_COMPLEMENT	exploratory	MSigDB_Hallmark (msigdbr 26.1.0)	Cfh
HALLMARK_COMPLEMENT	exploratory	MSigDB_Hallmark (msigdbr 26.1.0)	Clu
HALLMARK_COMPLEMENT	exploratory	MSigDB_Hallmark (msigdbr 26.1.0)	Col4a2
HALLMARK_COMPLEMENT	exploratory	MSigDB_Hallmark (msigdbr 26.1.0)	Cp
HALLMARK_COMPLEMENT	exploratory	MSigDB_Hallmark (msigdbr 26.1.0)	Cpm
HALLMARK_COMPLEMENT	exploratory	MSigDB_Hallmark (msigdbr 26.1.0)	Cpq
HALLMARK_COMPLEMENT	exploratory	MSigDB_Hallmark (msigdbr 26.1.0)	Cr1l
HALLMARK_COMPLEMENT	exploratory	MSigDB_Hallmark (msigdbr 26.1.0)	Cr2
HALLMARK_COMPLEMENT	exploratory	MSigDB_Hallmark (msigdbr 26.1.0)	Csrp1
HALLMARK_COMPLEMENT	exploratory	MSigDB_Hallmark (msigdbr 26.1.0)	Ctsb
HALLMARK_COMPLEMENT	exploratory	MSigDB_Hallmark (msigdbr 26.1.0)	Ctsc
HALLMARK_COMPLEMENT	exploratory	MSigDB_Hallmark (msigdbr 26.1.0)	Ctsd
HALLMARK_COMPLEMENT	exploratory	MSigDB_Hallmark (msigdbr 26.1.0)	Ctsh
HALLMARK_COMPLEMENT	exploratory	MSigDB_Hallmark (msigdbr 26.1.0)	Ctsl
HALLMARK_COMPLEMENT	exploratory	MSigDB_Hallmark (msigdbr 26.1.0)	Ctso
HALLMARK_COMPLEMENT	exploratory	MSigDB_Hallmark (msigdbr 26.1.0)	Ctss
HALLMARK_COMPLEMENT	exploratory	MSigDB_Hallmark (msigdbr 26.1.0)	Cxcl1
HALLMARK_COMPLEMENT	exploratory	MSigDB_Hallmark (msigdbr 26.1.0)	Cxcl2
HALLMARK_COMPLEMENT	exploratory	MSigDB_Hallmark (msigdbr 26.1.0)	Cxcl3
HALLMARK_COMPLEMENT	exploratory	MSigDB_Hallmark (msigdbr 26.1.0)	Dgkg
HALLMARK_COMPLEMENT	exploratory	MSigDB_Hallmark (msigdbr 26.1.0)	Dgkh
HALLMARK_COMPLEMENT	exploratory	MSigDB_Hallmark (msigdbr 26.1.0)	Dock10
HALLMARK_COMPLEMENT	exploratory	MSigDB_Hallmark (msigdbr 26.1.0)	Dock4
HALLMARK_COMPLEMENT	exploratory	MSigDB_Hallmark (msigdbr 26.1.0)	Dock9
HALLMARK_COMPLEMENT	exploratory	MSigDB_Hallmark (msigdbr 26.1.0)	Dpp4
HALLMARK_COMPLEMENT	exploratory	MSigDB_Hallmark (msigdbr 26.1.0)	Dusp5
HALLMARK_COMPLEMENT	exploratory	MSigDB_Hallmark (msigdbr 26.1.0)	Dusp6
HALLMARK_COMPLEMENT	exploratory	MSigDB_Hallmark (msigdbr 26.1.0)	Dyrk2
HALLMARK_COMPLEMENT	exploratory	MSigDB_Hallmark (msigdbr 26.1.0)	Ehd1
HALLMARK_COMPLEMENT	exploratory	MSigDB_Hallmark (msigdbr 26.1.0)	F10
HALLMARK_COMPLEMENT	exploratory	MSigDB_Hallmark (msigdbr 26.1.0)	F2
HALLMARK_COMPLEMENT	exploratory	MSigDB_Hallmark (msigdbr 26.1.0)	F3
HALLMARK_COMPLEMENT	exploratory	MSigDB_Hallmark (msigdbr 26.1.0)	F5
HALLMARK_COMPLEMENT	exploratory	MSigDB_Hallmark (msigdbr 26.1.0)	F7
HALLMARK_COMPLEMENT	exploratory	MSigDB_Hallmark (msigdbr 26.1.0)	F8
HALLMARK_COMPLEMENT	exploratory	MSigDB_Hallmark (msigdbr 26.1.0)	Fcer1g
HALLMARK_COMPLEMENT	exploratory	MSigDB_Hallmark (msigdbr 26.1.0)	Fcnb
HALLMARK_COMPLEMENT	exploratory	MSigDB_Hallmark (msigdbr 26.1.0)	Fdx1
HALLMARK_COMPLEMENT	exploratory	MSigDB_Hallmark (msigdbr 26.1.0)	Fn1
HALLMARK_COMPLEMENT	exploratory	MSigDB_Hallmark (msigdbr 26.1.0)	Fyn
HALLMARK_COMPLEMENT	exploratory	MSigDB_Hallmark (msigdbr 26.1.0)	Gata3
HALLMARK_COMPLEMENT	exploratory	MSigDB_Hallmark (msigdbr 26.1.0)	Gca
HALLMARK_COMPLEMENT	exploratory	MSigDB_Hallmark (msigdbr 26.1.0)	Gmfb
HALLMARK_COMPLEMENT	exploratory	MSigDB_Hallmark (msigdbr 26.1.0)	Gnai2
HALLMARK_COMPLEMENT	exploratory	MSigDB_Hallmark (msigdbr 26.1.0)	Gnai3
HALLMARK_COMPLEMENT	exploratory	MSigDB_Hallmark (msigdbr 26.1.0)	Gnb2
HALLMARK_COMPLEMENT	exploratory	MSigDB_Hallmark (msigdbr 26.1.0)	Gnb4
HALLMARK_COMPLEMENT	exploratory	MSigDB_Hallmark (msigdbr 26.1.0)	Gng2
HALLMARK_COMPLEMENT	exploratory	MSigDB_Hallmark (msigdbr 26.1.0)	Gngt2
HALLMARK_COMPLEMENT	exploratory	MSigDB_Hallmark (msigdbr 26.1.0)	Gp1ba
HALLMARK_COMPLEMENT	exploratory	MSigDB_Hallmark (msigdbr 26.1.0)	Gp9
HALLMARK_COMPLEMENT	exploratory	MSigDB_Hallmark (msigdbr 26.1.0)	Gpd2
HALLMARK_COMPLEMENT	exploratory	MSigDB_Hallmark (msigdbr 26.1.0)	Grb2
HALLMARK_COMPLEMENT	exploratory	MSigDB_Hallmark (msigdbr 26.1.0)	Gzma
HALLMARK_COMPLEMENT	exploratory	MSigDB_Hallmark (msigdbr 26.1.0)	Gzmb
HALLMARK_COMPLEMENT	exploratory	MSigDB_Hallmark (msigdbr 26.1.0)	Gzmk
HALLMARK_COMPLEMENT	exploratory	MSigDB_Hallmark (msigdbr 26.1.0)	Hnf4a
HALLMARK_COMPLEMENT	exploratory	MSigDB_Hallmark (msigdbr 26.1.0)	Hpcal4
HALLMARK_COMPLEMENT	exploratory	MSigDB_Hallmark (msigdbr 26.1.0)	Hspa1a
HALLMARK_COMPLEMENT	exploratory	MSigDB_Hallmark (msigdbr 26.1.0)	Hspa5
HALLMARK_COMPLEMENT	exploratory	MSigDB_Hallmark (msigdbr 26.1.0)	Il6
HALLMARK_COMPLEMENT	exploratory	MSigDB_Hallmark (msigdbr 26.1.0)	Irf1
HALLMARK_COMPLEMENT	exploratory	MSigDB_Hallmark (msigdbr 26.1.0)	Irf2
HALLMARK_COMPLEMENT	exploratory	MSigDB_Hallmark (msigdbr 26.1.0)	Irf7
HALLMARK_COMPLEMENT	exploratory	MSigDB_Hallmark (msigdbr 26.1.0)	Itgam
HALLMARK_COMPLEMENT	exploratory	MSigDB_Hallmark (msigdbr 26.1.0)	Itih1
HALLMARK_COMPLEMENT	exploratory	MSigDB_Hallmark (msigdbr 26.1.0)	Jak2
HALLMARK_COMPLEMENT	exploratory	MSigDB_Hallmark (msigdbr 26.1.0)	Kcnip2
HALLMARK_COMPLEMENT	exploratory	MSigDB_Hallmark (msigdbr 26.1.0)	Kcnip3
HALLMARK_COMPLEMENT	exploratory	MSigDB_Hallmark (msigdbr 26.1.0)	Kif2a
HALLMARK_COMPLEMENT	exploratory	MSigDB_Hallmark (msigdbr 26.1.0)	Klk1
HALLMARK_COMPLEMENT	exploratory	MSigDB_Hallmark (msigdbr 26.1.0)	Klkb1
HALLMARK_COMPLEMENT	exploratory	MSigDB_Hallmark (msigdbr 26.1.0)	Kynu
HALLMARK_COMPLEMENT	exploratory	MSigDB_Hallmark (msigdbr 26.1.0)	L3mbtl4
HALLMARK_COMPLEMENT	exploratory	MSigDB_Hallmark (msigdbr 26.1.0)	Lamp2
HALLMARK_COMPLEMENT	exploratory	MSigDB_Hallmark (msigdbr 26.1.0)	Lap3
HALLMARK_COMPLEMENT	exploratory	MSigDB_Hallmark (msigdbr 26.1.0)	Lck
HALLMARK_COMPLEMENT	exploratory	MSigDB_Hallmark (msigdbr 26.1.0)	Lcp2
HALLMARK_COMPLEMENT	exploratory	MSigDB_Hallmark (msigdbr 26.1.0)	Lgals3
HALLMARK_COMPLEMENT	exploratory	MSigDB_Hallmark (msigdbr 26.1.0)	Lgmn
HALLMARK_COMPLEMENT	exploratory	MSigDB_Hallmark (msigdbr 26.1.0)	Lipa
HALLMARK_COMPLEMENT	exploratory	MSigDB_Hallmark (msigdbr 26.1.0)	Lrp1
HALLMARK_COMPLEMENT	exploratory	MSigDB_Hallmark (msigdbr 26.1.0)	Lta4h
HALLMARK_COMPLEMENT	exploratory	MSigDB_Hallmark (msigdbr 26.1.0)	Ltf
HALLMARK_COMPLEMENT	exploratory	MSigDB_Hallmark (msigdbr 26.1.0)	Lyn
HALLMARK_COMPLEMENT	exploratory	MSigDB_Hallmark (msigdbr 26.1.0)	Maff
HALLMARK_COMPLEMENT	exploratory	MSigDB_Hallmark (msigdbr 26.1.0)	Me1
HALLMARK_COMPLEMENT	exploratory	MSigDB_Hallmark (msigdbr 26.1.0)	Mmp12
HALLMARK_COMPLEMENT	exploratory	MSigDB_Hallmark (msigdbr 26.1.0)	Mmp13
HALLMARK_COMPLEMENT	exploratory	MSigDB_Hallmark (msigdbr 26.1.0)	Mmp14
HALLMARK_COMPLEMENT	exploratory	MSigDB_Hallmark (msigdbr 26.1.0)	Mmp15
HALLMARK_COMPLEMENT	exploratory	MSigDB_Hallmark (msigdbr 26.1.0)	Mmp8
HALLMARK_COMPLEMENT	exploratory	MSigDB_Hallmark (msigdbr 26.1.0)	Msrb1
HALLMARK_COMPLEMENT	exploratory	MSigDB_Hallmark (msigdbr 26.1.0)	Mt3
HALLMARK_COMPLEMENT	exploratory	MSigDB_Hallmark (msigdbr 26.1.0)	Notch4
HALLMARK_COMPLEMENT	exploratory	MSigDB_Hallmark (msigdbr 26.1.0)	Olr1
HALLMARK_COMPLEMENT	exploratory	MSigDB_Hallmark (msigdbr 26.1.0)	Pclo
HALLMARK_COMPLEMENT	exploratory	MSigDB_Hallmark (msigdbr 26.1.0)	Pcsk9
HALLMARK_COMPLEMENT	exploratory	MSigDB_Hallmark (msigdbr 26.1.0)	Pdgfb
HALLMARK_COMPLEMENT	exploratory	MSigDB_Hallmark (msigdbr 26.1.0)	Pdp1
HALLMARK_COMPLEMENT	exploratory	MSigDB_Hallmark (msigdbr 26.1.0)	Pfn1
HALLMARK_COMPLEMENT	exploratory	MSigDB_Hallmark (msigdbr 26.1.0)	Phex
HALLMARK_COMPLEMENT	exploratory	MSigDB_Hallmark (msigdbr 26.1.0)	Pik3ca
HALLMARK_COMPLEMENT	exploratory	MSigDB_Hallmark (msigdbr 26.1.0)	Pik3cg
HALLMARK_COMPLEMENT	exploratory	MSigDB_Hallmark (msigdbr 26.1.0)	Pik3r5
HALLMARK_COMPLEMENT	exploratory	MSigDB_Hallmark (msigdbr 26.1.0)	Pim1
HALLMARK_COMPLEMENT	exploratory	MSigDB_Hallmark (msigdbr 26.1.0)	Pla2g4a
HALLMARK_COMPLEMENT	exploratory	MSigDB_Hallmark (msigdbr 26.1.0)	Pla2g7
HALLMARK_COMPLEMENT	exploratory	MSigDB_Hallmark (msigdbr 26.1.0)	Plat
HALLMARK_COMPLEMENT	exploratory	MSigDB_Hallmark (msigdbr 26.1.0)	Plaur
HALLMARK_COMPLEMENT	exploratory	MSigDB_Hallmark (msigdbr 26.1.0)	Plek
HALLMARK_COMPLEMENT	exploratory	MSigDB_Hallmark (msigdbr 26.1.0)	Plg
HALLMARK_COMPLEMENT	exploratory	MSigDB_Hallmark (msigdbr 26.1.0)	Plscr1
HALLMARK_COMPLEMENT	exploratory	MSigDB_Hallmark (msigdbr 26.1.0)	Ppp2cb
HALLMARK_COMPLEMENT	exploratory	MSigDB_Hallmark (msigdbr 26.1.0)	Ppp4c
HALLMARK_COMPLEMENT	exploratory	MSigDB_Hallmark (msigdbr 26.1.0)	Prcp
HALLMARK_COMPLEMENT	exploratory	MSigDB_Hallmark (msigdbr 26.1.0)	Prdm4
HALLMARK_COMPLEMENT	exploratory	MSigDB_Hallmark (msigdbr 26.1.0)	Prep
HALLMARK_COMPLEMENT	exploratory	MSigDB_Hallmark (msigdbr 26.1.0)	Prkcd
HALLMARK_COMPLEMENT	exploratory	MSigDB_Hallmark (msigdbr 26.1.0)	Try4
HALLMARK_COMPLEMENT	exploratory	MSigDB_Hallmark (msigdbr 26.1.0)	Prss36
HALLMARK_COMPLEMENT	exploratory	MSigDB_Hallmark (msigdbr 26.1.0)	Psen1
HALLMARK_COMPLEMENT	exploratory	MSigDB_Hallmark (msigdbr 26.1.0)	Psmb9
HALLMARK_COMPLEMENT	exploratory	MSigDB_Hallmark (msigdbr 26.1.0)	Rabif
HALLMARK_COMPLEMENT	exploratory	MSigDB_Hallmark (msigdbr 26.1.0)	Raf1
HALLMARK_COMPLEMENT	exploratory	MSigDB_Hallmark (msigdbr 26.1.0)	Rasgrp1
HALLMARK_COMPLEMENT	exploratory	MSigDB_Hallmark (msigdbr 26.1.0)	Rbsn
HALLMARK_COMPLEMENT	exploratory	MSigDB_Hallmark (msigdbr 26.1.0)	Rce1
HALLMARK_COMPLEMENT	exploratory	MSigDB_Hallmark (msigdbr 26.1.0)	Rhog
HALLMARK_COMPLEMENT	exploratory	MSigDB_Hallmark (msigdbr 26.1.0)	Rnf4
HALLMARK_COMPLEMENT	exploratory	MSigDB_Hallmark (msigdbr 26.1.0)	S100a13
HALLMARK_COMPLEMENT	exploratory	MSigDB_Hallmark (msigdbr 26.1.0)	S100a9
HALLMARK_COMPLEMENT	exploratory	MSigDB_Hallmark (msigdbr 26.1.0)	Scg3
HALLMARK_COMPLEMENT	exploratory	MSigDB_Hallmark (msigdbr 26.1.0)	Serpina1b
HALLMARK_COMPLEMENT	exploratory	MSigDB_Hallmark (msigdbr 26.1.0)	Serpina1e
HALLMARK_COMPLEMENT	exploratory	MSigDB_Hallmark (msigdbr 26.1.0)	Serpinb2
HALLMARK_COMPLEMENT	exploratory	MSigDB_Hallmark (msigdbr 26.1.0)	Serpinc1
HALLMARK_COMPLEMENT	exploratory	MSigDB_Hallmark (msigdbr 26.1.0)	Serpine1
HALLMARK_COMPLEMENT	exploratory	MSigDB_Hallmark (msigdbr 26.1.0)	Serping1
HALLMARK_COMPLEMENT	exploratory	MSigDB_Hallmark (msigdbr 26.1.0)	Sh2b3
HALLMARK_COMPLEMENT	exploratory	MSigDB_Hallmark (msigdbr 26.1.0)	Sirt6
HALLMARK_COMPLEMENT	exploratory	MSigDB_Hallmark (msigdbr 26.1.0)	Spock2
HALLMARK_COMPLEMENT	exploratory	MSigDB_Hallmark (msigdbr 26.1.0)	Src
HALLMARK_COMPLEMENT	exploratory	MSigDB_Hallmark (msigdbr 26.1.0)	Stx4a
HALLMARK_COMPLEMENT	exploratory	MSigDB_Hallmark (msigdbr 26.1.0)	Tfpi2
HALLMARK_COMPLEMENT	exploratory	MSigDB_Hallmark (msigdbr 26.1.0)	Timp1
HALLMARK_COMPLEMENT	exploratory	MSigDB_Hallmark (msigdbr 26.1.0)	Timp2
HALLMARK_COMPLEMENT	exploratory	MSigDB_Hallmark (msigdbr 26.1.0)	Tmprss6
HALLMARK_COMPLEMENT	exploratory	MSigDB_Hallmark (msigdbr 26.1.0)	Tnfaip3
HALLMARK_COMPLEMENT	exploratory	MSigDB_Hallmark (msigdbr 26.1.0)	Usp14
HALLMARK_COMPLEMENT	exploratory	MSigDB_Hallmark (msigdbr 26.1.0)	Usp15
HALLMARK_COMPLEMENT	exploratory	MSigDB_Hallmark (msigdbr 26.1.0)	Usp16
HALLMARK_COMPLEMENT	exploratory	MSigDB_Hallmark (msigdbr 26.1.0)	Usp8
HALLMARK_COMPLEMENT	exploratory	MSigDB_Hallmark (msigdbr 26.1.0)	Vcpip1
HALLMARK_COMPLEMENT	exploratory	MSigDB_Hallmark (msigdbr 26.1.0)	Was
HALLMARK_COMPLEMENT	exploratory	MSigDB_Hallmark (msigdbr 26.1.0)	Xpnpep1
HALLMARK_COMPLEMENT	exploratory	MSigDB_Hallmark (msigdbr 26.1.0)	Zeb1
HALLMARK_COMPLEMENT	exploratory	MSigDB_Hallmark (msigdbr 26.1.0)	Zfpm2
HALLMARK_DNA_REPAIR	exploratory	MSigDB_Hallmark (msigdbr 26.1.0)	Aaas
HALLMARK_DNA_REPAIR	exploratory	MSigDB_Hallmark (msigdbr 26.1.0)	Ada
HALLMARK_DNA_REPAIR	exploratory	MSigDB_Hallmark (msigdbr 26.1.0)	Adcy6
HALLMARK_DNA_REPAIR	exploratory	MSigDB_Hallmark (msigdbr 26.1.0)	Adrm1
HALLMARK_DNA_REPAIR	exploratory	MSigDB_Hallmark (msigdbr 26.1.0)	Ago4
HALLMARK_DNA_REPAIR	exploratory	MSigDB_Hallmark (msigdbr 26.1.0)	Ak1
HALLMARK_DNA_REPAIR	exploratory	MSigDB_Hallmark (msigdbr 26.1.0)	Ak3
HALLMARK_DNA_REPAIR	exploratory	MSigDB_Hallmark (msigdbr 26.1.0)	Alyref
HALLMARK_DNA_REPAIR	exploratory	MSigDB_Hallmark (msigdbr 26.1.0)	Aprt
HALLMARK_DNA_REPAIR	exploratory	MSigDB_Hallmark (msigdbr 26.1.0)	Arl6ip1
HALLMARK_DNA_REPAIR	exploratory	MSigDB_Hallmark (msigdbr 26.1.0)	Bcam
HALLMARK_DNA_REPAIR	exploratory	MSigDB_Hallmark (msigdbr 26.1.0)	Bcap31
HALLMARK_DNA_REPAIR	exploratory	MSigDB_Hallmark (msigdbr 26.1.0)	Bola2
HALLMARK_DNA_REPAIR	exploratory	MSigDB_Hallmark (msigdbr 26.1.0)	Brf2
HALLMARK_DNA_REPAIR	exploratory	MSigDB_Hallmark (msigdbr 26.1.0)	Cant1
HALLMARK_DNA_REPAIR	exploratory	MSigDB_Hallmark (msigdbr 26.1.0)	Ccno
HALLMARK_DNA_REPAIR	exploratory	MSigDB_Hallmark (msigdbr 26.1.0)	Cda
HALLMARK_DNA_REPAIR	exploratory	MSigDB_Hallmark (msigdbr 26.1.0)	Cetn2
HALLMARK_DNA_REPAIR	exploratory	MSigDB_Hallmark (msigdbr 26.1.0)	Clp1
HALLMARK_DNA_REPAIR	exploratory	MSigDB_Hallmark (msigdbr 26.1.0)	Cmpk2
HALLMARK_DNA_REPAIR	exploratory	MSigDB_Hallmark (msigdbr 26.1.0)	Cox17
HALLMARK_DNA_REPAIR	exploratory	MSigDB_Hallmark (msigdbr 26.1.0)	Cstf3
HALLMARK_DNA_REPAIR	exploratory	MSigDB_Hallmark (msigdbr 26.1.0)	Dad1
HALLMARK_DNA_REPAIR	exploratory	MSigDB_Hallmark (msigdbr 26.1.0)	Dctn4
HALLMARK_DNA_REPAIR	exploratory	MSigDB_Hallmark (msigdbr 26.1.0)	Ddb1
HALLMARK_DNA_REPAIR	exploratory	MSigDB_Hallmark (msigdbr 26.1.0)	Ddb2
HALLMARK_DNA_REPAIR	exploratory	MSigDB_Hallmark (msigdbr 26.1.0)	Dgcr8
HALLMARK_DNA_REPAIR	exploratory	MSigDB_Hallmark (msigdbr 26.1.0)	Dguok
HALLMARK_DNA_REPAIR	exploratory	MSigDB_Hallmark (msigdbr 26.1.0)	Dut
HALLMARK_DNA_REPAIR	exploratory	MSigDB_Hallmark (msigdbr 26.1.0)	Edf1
HALLMARK_DNA_REPAIR	exploratory	MSigDB_Hallmark (msigdbr 26.1.0)	Eif1b
HALLMARK_DNA_REPAIR	exploratory	MSigDB_Hallmark (msigdbr 26.1.0)	Ell
HALLMARK_DNA_REPAIR	exploratory	MSigDB_Hallmark (msigdbr 26.1.0)	Eloa
HALLMARK_DNA_REPAIR	exploratory	MSigDB_Hallmark (msigdbr 26.1.0)	Ercc1
HALLMARK_DNA_REPAIR	exploratory	MSigDB_Hallmark (msigdbr 26.1.0)	Ercc2
HALLMARK_DNA_REPAIR	exploratory	MSigDB_Hallmark (msigdbr 26.1.0)	Ercc3
HALLMARK_DNA_REPAIR	exploratory	MSigDB_Hallmark (msigdbr 26.1.0)	Ercc4
HALLMARK_DNA_REPAIR	exploratory	MSigDB_Hallmark (msigdbr 26.1.0)	Ercc5
HALLMARK_DNA_REPAIR	exploratory	MSigDB_Hallmark (msigdbr 26.1.0)	Ercc8
HALLMARK_DNA_REPAIR	exploratory	MSigDB_Hallmark (msigdbr 26.1.0)	Fen1
HALLMARK_DNA_REPAIR	exploratory	MSigDB_Hallmark (msigdbr 26.1.0)	Gmpr2
HALLMARK_DNA_REPAIR	exploratory	MSigDB_Hallmark (msigdbr 26.1.0)	Gpx4
HALLMARK_DNA_REPAIR	exploratory	MSigDB_Hallmark (msigdbr 26.1.0)	Gsdme
HALLMARK_DNA_REPAIR	exploratory	MSigDB_Hallmark (msigdbr 26.1.0)	Gtf2a2
HALLMARK_DNA_REPAIR	exploratory	MSigDB_Hallmark (msigdbr 26.1.0)	Gtf2b
HALLMARK_DNA_REPAIR	exploratory	MSigDB_Hallmark (msigdbr 26.1.0)	Gtf2f1
HALLMARK_DNA_REPAIR	exploratory	MSigDB_Hallmark (msigdbr 26.1.0)	Gtf2h1
HALLMARK_DNA_REPAIR	exploratory	MSigDB_Hallmark (msigdbr 26.1.0)	Gtf2h3
HALLMARK_DNA_REPAIR	exploratory	MSigDB_Hallmark (msigdbr 26.1.0)	Gtf2h5
HALLMARK_DNA_REPAIR	exploratory	MSigDB_Hallmark (msigdbr 26.1.0)	Gtf3c5
HALLMARK_DNA_REPAIR	exploratory	MSigDB_Hallmark (msigdbr 26.1.0)	Guk1
HALLMARK_DNA_REPAIR	exploratory	MSigDB_Hallmark (msigdbr 26.1.0)	Hcls1
HALLMARK_DNA_REPAIR	exploratory	MSigDB_Hallmark (msigdbr 26.1.0)	Hprt
HALLMARK_DNA_REPAIR	exploratory	MSigDB_Hallmark (msigdbr 26.1.0)	Impdh2
HALLMARK_DNA_REPAIR	exploratory	MSigDB_Hallmark (msigdbr 26.1.0)	Itpa
HALLMARK_DNA_REPAIR	exploratory	MSigDB_Hallmark (msigdbr 26.1.0)	Lig1
HALLMARK_DNA_REPAIR	exploratory	MSigDB_Hallmark (msigdbr 26.1.0)	Mpc2
HALLMARK_DNA_REPAIR	exploratory	MSigDB_Hallmark (msigdbr 26.1.0)	Mpg
HALLMARK_DNA_REPAIR	exploratory	MSigDB_Hallmark (msigdbr 26.1.0)	Mrpl40
HALLMARK_DNA_REPAIR	exploratory	MSigDB_Hallmark (msigdbr 26.1.0)	Ncbp2
HALLMARK_DNA_REPAIR	exploratory	MSigDB_Hallmark (msigdbr 26.1.0)	Nelfb
HALLMARK_DNA_REPAIR	exploratory	MSigDB_Hallmark (msigdbr 26.1.0)	Nelfcd
HALLMARK_DNA_REPAIR	exploratory	MSigDB_Hallmark (msigdbr 26.1.0)	Nelfe
HALLMARK_DNA_REPAIR	exploratory	MSigDB_Hallmark (msigdbr 26.1.0)	Nfx1
HALLMARK_DNA_REPAIR	exploratory	MSigDB_Hallmark (msigdbr 26.1.0)	Nme1
HALLMARK_DNA_REPAIR	exploratory	MSigDB_Hallmark (msigdbr 26.1.0)	Nme3
HALLMARK_DNA_REPAIR	exploratory	MSigDB_Hallmark (msigdbr 26.1.0)	Nme4
HALLMARK_DNA_REPAIR	exploratory	MSigDB_Hallmark (msigdbr 26.1.0)	Npr2
HALLMARK_DNA_REPAIR	exploratory	MSigDB_Hallmark (msigdbr 26.1.0)	Nt5c
HALLMARK_DNA_REPAIR	exploratory	MSigDB_Hallmark (msigdbr 26.1.0)	Nt5c3
HALLMARK_DNA_REPAIR	exploratory	MSigDB_Hallmark (msigdbr 26.1.0)	Nudt21
HALLMARK_DNA_REPAIR	exploratory	MSigDB_Hallmark (msigdbr 26.1.0)	Nudt9
HALLMARK_DNA_REPAIR	exploratory	MSigDB_Hallmark (msigdbr 26.1.0)	Pcna
HALLMARK_DNA_REPAIR	exploratory	MSigDB_Hallmark (msigdbr 26.1.0)	Pde4b
HALLMARK_DNA_REPAIR	exploratory	MSigDB_Hallmark (msigdbr 26.1.0)	Pde6g
HALLMARK_DNA_REPAIR	exploratory	MSigDB_Hallmark (msigdbr 26.1.0)	Pnp2
HALLMARK_DNA_REPAIR	exploratory	MSigDB_Hallmark (msigdbr 26.1.0)	Pola1
HALLMARK_DNA_REPAIR	exploratory	MSigDB_Hallmark (msigdbr 26.1.0)	Pola2
HALLMARK_DNA_REPAIR	exploratory	MSigDB_Hallmark (msigdbr 26.1.0)	Polb
HALLMARK_DNA_REPAIR	exploratory	MSigDB_Hallmark (msigdbr 26.1.0)	Pold1
HALLMARK_DNA_REPAIR	exploratory	MSigDB_Hallmark (msigdbr 26.1.0)	Pold3
HALLMARK_DNA_REPAIR	exploratory	MSigDB_Hallmark (msigdbr 26.1.0)	Pold4
HALLMARK_DNA_REPAIR	exploratory	MSigDB_Hallmark (msigdbr 26.1.0)	Pole4
HALLMARK_DNA_REPAIR	exploratory	MSigDB_Hallmark (msigdbr 26.1.0)	Polh
HALLMARK_DNA_REPAIR	exploratory	MSigDB_Hallmark (msigdbr 26.1.0)	Poll
HALLMARK_DNA_REPAIR	exploratory	MSigDB_Hallmark (msigdbr 26.1.0)	Polr1c
HALLMARK_DNA_REPAIR	exploratory	MSigDB_Hallmark (msigdbr 26.1.0)	Polr1d
HALLMARK_DNA_REPAIR	exploratory	MSigDB_Hallmark (msigdbr 26.1.0)	Polr1h
HALLMARK_DNA_REPAIR	exploratory	MSigDB_Hallmark (msigdbr 26.1.0)	Polr2a
HALLMARK_DNA_REPAIR	exploratory	MSigDB_Hallmark (msigdbr 26.1.0)	Polr2c
HALLMARK_DNA_REPAIR	exploratory	MSigDB_Hallmark (msigdbr 26.1.0)	Polr2d
HALLMARK_DNA_REPAIR	exploratory	MSigDB_Hallmark (msigdbr 26.1.0)	Polr2e
HALLMARK_DNA_REPAIR	exploratory	MSigDB_Hallmark (msigdbr 26.1.0)	Polr2f
HALLMARK_DNA_REPAIR	exploratory	MSigDB_Hallmark (msigdbr 26.1.0)	Polr2g
HALLMARK_DNA_REPAIR	exploratory	MSigDB_Hallmark (msigdbr 26.1.0)	Polr2h
HALLMARK_DNA_REPAIR	exploratory	MSigDB_Hallmark (msigdbr 26.1.0)	Polr2i
HALLMARK_DNA_REPAIR	exploratory	MSigDB_Hallmark (msigdbr 26.1.0)	Polr2j
HALLMARK_DNA_REPAIR	exploratory	MSigDB_Hallmark (msigdbr 26.1.0)	Polr2k
HALLMARK_DNA_REPAIR	exploratory	MSigDB_Hallmark (msigdbr 26.1.0)	Polr3c
HALLMARK_DNA_REPAIR	exploratory	MSigDB_Hallmark (msigdbr 26.1.0)	Polr3gl
HALLMARK_DNA_REPAIR	exploratory	MSigDB_Hallmark (msigdbr 26.1.0)	Pom121
HALLMARK_DNA_REPAIR	exploratory	MSigDB_Hallmark (msigdbr 26.1.0)	Prim1
HALLMARK_DNA_REPAIR	exploratory	MSigDB_Hallmark (msigdbr 26.1.0)	Rad51
HALLMARK_DNA_REPAIR	exploratory	MSigDB_Hallmark (msigdbr 26.1.0)	Rad52
HALLMARK_DNA_REPAIR	exploratory	MSigDB_Hallmark (msigdbr 26.1.0)	Rae1
HALLMARK_DNA_REPAIR	exploratory	MSigDB_Hallmark (msigdbr 26.1.0)	Rala
HALLMARK_DNA_REPAIR	exploratory	MSigDB_Hallmark (msigdbr 26.1.0)	Rbx1
HALLMARK_DNA_REPAIR	exploratory	MSigDB_Hallmark (msigdbr 26.1.0)	Rev3l
HALLMARK_DNA_REPAIR	exploratory	MSigDB_Hallmark (msigdbr 26.1.0)	Rfc2
HALLMARK_DNA_REPAIR	exploratory	MSigDB_Hallmark (msigdbr 26.1.0)	Rfc3
HALLMARK_DNA_REPAIR	exploratory	MSigDB_Hallmark (msigdbr 26.1.0)	Rfc4
HALLMARK_DNA_REPAIR	exploratory	MSigDB_Hallmark (msigdbr 26.1.0)	Rfc5
HALLMARK_DNA_REPAIR	exploratory	MSigDB_Hallmark (msigdbr 26.1.0)	Rnmt
HALLMARK_DNA_REPAIR	exploratory	MSigDB_Hallmark (msigdbr 26.1.0)	Rpa2
HALLMARK_DNA_REPAIR	exploratory	MSigDB_Hallmark (msigdbr 26.1.0)	Rpa3
HALLMARK_DNA_REPAIR	exploratory	MSigDB_Hallmark (msigdbr 26.1.0)	Rrm2b
HALLMARK_DNA_REPAIR	exploratory	MSigDB_Hallmark (msigdbr 26.1.0)	Sac3d1
HALLMARK_DNA_REPAIR	exploratory	MSigDB_Hallmark (msigdbr 26.1.0)	Sdcbp
HALLMARK_DNA_REPAIR	exploratory	MSigDB_Hallmark (msigdbr 26.1.0)	Sec61a1
HALLMARK_DNA_REPAIR	exploratory	MSigDB_Hallmark (msigdbr 26.1.0)	Sf3a3
HALLMARK_DNA_REPAIR	exploratory	MSigDB_Hallmark (msigdbr 26.1.0)	Smad5
HALLMARK_DNA_REPAIR	exploratory	MSigDB_Hallmark (msigdbr 26.1.0)	Snapc4
HALLMARK_DNA_REPAIR	exploratory	MSigDB_Hallmark (msigdbr 26.1.0)	Snapc5
HALLMARK_DNA_REPAIR	exploratory	MSigDB_Hallmark (msigdbr 26.1.0)	Srsf6
HALLMARK_DNA_REPAIR	exploratory	MSigDB_Hallmark (msigdbr 26.1.0)	Ssrp1
HALLMARK_DNA_REPAIR	exploratory	MSigDB_Hallmark (msigdbr 26.1.0)	Stx3
HALLMARK_DNA_REPAIR	exploratory	MSigDB_Hallmark (msigdbr 26.1.0)	Supt4a
HALLMARK_DNA_REPAIR	exploratory	MSigDB_Hallmark (msigdbr 26.1.0)	Supt5
HALLMARK_DNA_REPAIR	exploratory	MSigDB_Hallmark (msigdbr 26.1.0)	Surf1
HALLMARK_DNA_REPAIR	exploratory	MSigDB_Hallmark (msigdbr 26.1.0)	Taf10
HALLMARK_DNA_REPAIR	exploratory	MSigDB_Hallmark (msigdbr 26.1.0)	Taf12
HALLMARK_DNA_REPAIR	exploratory	MSigDB_Hallmark (msigdbr 26.1.0)	Taf13
HALLMARK_DNA_REPAIR	exploratory	MSigDB_Hallmark (msigdbr 26.1.0)	Taf1c
HALLMARK_DNA_REPAIR	exploratory	MSigDB_Hallmark (msigdbr 26.1.0)	Taf6
HALLMARK_DNA_REPAIR	exploratory	MSigDB_Hallmark (msigdbr 26.1.0)	Taf9
HALLMARK_DNA_REPAIR	exploratory	MSigDB_Hallmark (msigdbr 26.1.0)	Tarbp2
HALLMARK_DNA_REPAIR	exploratory	MSigDB_Hallmark (msigdbr 26.1.0)	Tk2
HALLMARK_DNA_REPAIR	exploratory	MSigDB_Hallmark (msigdbr 26.1.0)	Tmed2
HALLMARK_DNA_REPAIR	exploratory	MSigDB_Hallmark (msigdbr 26.1.0)	Trp53
HALLMARK_DNA_REPAIR	exploratory	MSigDB_Hallmark (msigdbr 26.1.0)	Tsg101
HALLMARK_DNA_REPAIR	exploratory	MSigDB_Hallmark (msigdbr 26.1.0)	Tyms
HALLMARK_DNA_REPAIR	exploratory	MSigDB_Hallmark (msigdbr 26.1.0)	Umps
HALLMARK_DNA_REPAIR	exploratory	MSigDB_Hallmark (msigdbr 26.1.0)	Upf3b
HALLMARK_DNA_REPAIR	exploratory	MSigDB_Hallmark (msigdbr 26.1.0)	Usp11
HALLMARK_DNA_REPAIR	exploratory	MSigDB_Hallmark (msigdbr 26.1.0)	Vps28
HALLMARK_DNA_REPAIR	exploratory	MSigDB_Hallmark (msigdbr 26.1.0)	Vps37b
HALLMARK_DNA_REPAIR	exploratory	MSigDB_Hallmark (msigdbr 26.1.0)	Vps37d
HALLMARK_DNA_REPAIR	exploratory	MSigDB_Hallmark (msigdbr 26.1.0)	Xpc
HALLMARK_DNA_REPAIR	exploratory	MSigDB_Hallmark (msigdbr 26.1.0)	Zfp707
HALLMARK_DNA_REPAIR	exploratory	MSigDB_Hallmark (msigdbr 26.1.0)	Zwint
HALLMARK_E2F_TARGETS	exploratory	MSigDB_Hallmark (msigdbr 26.1.0)	Ak2
HALLMARK_E2F_TARGETS	exploratory	MSigDB_Hallmark (msigdbr 26.1.0)	Anp32e
HALLMARK_E2F_TARGETS	exploratory	MSigDB_Hallmark (msigdbr 26.1.0)	Asf1a
HALLMARK_E2F_TARGETS	exploratory	MSigDB_Hallmark (msigdbr 26.1.0)	Asf1b
HALLMARK_E2F_TARGETS	exploratory	MSigDB_Hallmark (msigdbr 26.1.0)	Atad2
HALLMARK_E2F_TARGETS	exploratory	MSigDB_Hallmark (msigdbr 26.1.0)	Aurka
HALLMARK_E2F_TARGETS	exploratory	MSigDB_Hallmark (msigdbr 26.1.0)	Aurkb
HALLMARK_E2F_TARGETS	exploratory	MSigDB_Hallmark (msigdbr 26.1.0)	Bard1
HALLMARK_E2F_TARGETS	exploratory	MSigDB_Hallmark (msigdbr 26.1.0)	Birc5
HALLMARK_E2F_TARGETS	exploratory	MSigDB_Hallmark (msigdbr 26.1.0)	Brca1
HALLMARK_E2F_TARGETS	exploratory	MSigDB_Hallmark (msigdbr 26.1.0)	Brca2
HALLMARK_E2F_TARGETS	exploratory	MSigDB_Hallmark (msigdbr 26.1.0)	Brms1l
HALLMARK_E2F_TARGETS	exploratory	MSigDB_Hallmark (msigdbr 26.1.0)	Bub1b
HALLMARK_E2F_TARGETS	exploratory	MSigDB_Hallmark (msigdbr 26.1.0)	Cbx5
HALLMARK_E2F_TARGETS	exploratory	MSigDB_Hallmark (msigdbr 26.1.0)	Ccnb2
HALLMARK_E2F_TARGETS	exploratory	MSigDB_Hallmark (msigdbr 26.1.0)	Ccne1
HALLMARK_E2F_TARGETS	exploratory	MSigDB_Hallmark (msigdbr 26.1.0)	Ccp110
HALLMARK_E2F_TARGETS	exploratory	MSigDB_Hallmark (msigdbr 26.1.0)	Cdc20
HALLMARK_E2F_TARGETS	exploratory	MSigDB_Hallmark (msigdbr 26.1.0)	Cdc25a
HALLMARK_E2F_TARGETS	exploratory	MSigDB_Hallmark (msigdbr 26.1.0)	Cdc25b
HALLMARK_E2F_TARGETS	exploratory	MSigDB_Hallmark (msigdbr 26.1.0)	Cdca3
HALLMARK_E2F_TARGETS	exploratory	MSigDB_Hallmark (msigdbr 26.1.0)	Cdca8
HALLMARK_E2F_TARGETS	exploratory	MSigDB_Hallmark (msigdbr 26.1.0)	Cdk1
HALLMARK_E2F_TARGETS	exploratory	MSigDB_Hallmark (msigdbr 26.1.0)	Cdk4
HALLMARK_E2F_TARGETS	exploratory	MSigDB_Hallmark (msigdbr 26.1.0)	Cdkn1a
HALLMARK_E2F_TARGETS	exploratory	MSigDB_Hallmark (msigdbr 26.1.0)	Cdkn1b
HALLMARK_E2F_TARGETS	exploratory	MSigDB_Hallmark (msigdbr 26.1.0)	Cdkn2a
HALLMARK_E2F_TARGETS	exploratory	MSigDB_Hallmark (msigdbr 26.1.0)	Cdkn2c
HALLMARK_E2F_TARGETS	exploratory	MSigDB_Hallmark (msigdbr 26.1.0)	Cdkn3
HALLMARK_E2F_TARGETS	exploratory	MSigDB_Hallmark (msigdbr 26.1.0)	Cenpe
HALLMARK_E2F_TARGETS	exploratory	MSigDB_Hallmark (msigdbr 26.1.0)	Cenpm
HALLMARK_E2F_TARGETS	exploratory	MSigDB_Hallmark (msigdbr 26.1.0)	Chek1
HALLMARK_E2F_TARGETS	exploratory	MSigDB_Hallmark (msigdbr 26.1.0)	Chek2
HALLMARK_E2F_TARGETS	exploratory	MSigDB_Hallmark (msigdbr 26.1.0)	Cit
HALLMARK_E2F_TARGETS	exploratory	MSigDB_Hallmark (msigdbr 26.1.0)	Cks1b
HALLMARK_E2F_TARGETS	exploratory	MSigDB_Hallmark (msigdbr 26.1.0)	Cks2
HALLMARK_E2F_TARGETS	exploratory	MSigDB_Hallmark (msigdbr 26.1.0)	Cnot9
HALLMARK_E2F_TARGETS	exploratory	MSigDB_Hallmark (msigdbr 26.1.0)	Cse1l
HALLMARK_E2F_TARGETS	exploratory	MSigDB_Hallmark (msigdbr 26.1.0)	Ctcf
HALLMARK_E2F_TARGETS	exploratory	MSigDB_Hallmark (msigdbr 26.1.0)	Ctps
HALLMARK_E2F_TARGETS	exploratory	MSigDB_Hallmark (msigdbr 26.1.0)	Dck
HALLMARK_E2F_TARGETS	exploratory	MSigDB_Hallmark (msigdbr 26.1.0)	Dclre1b
HALLMARK_E2F_TARGETS	exploratory	MSigDB_Hallmark (msigdbr 26.1.0)	Dctpp1
HALLMARK_E2F_TARGETS	exploratory	MSigDB_Hallmark (msigdbr 26.1.0)	Ddx39a
HALLMARK_E2F_TARGETS	exploratory	MSigDB_Hallmark (msigdbr 26.1.0)	Dek
HALLMARK_E2F_TARGETS	exploratory	MSigDB_Hallmark (msigdbr 26.1.0)	Depdc1a
HALLMARK_E2F_TARGETS	exploratory	MSigDB_Hallmark (msigdbr 26.1.0)	Diaph3
HALLMARK_E2F_TARGETS	exploratory	MSigDB_Hallmark (msigdbr 26.1.0)	Dlgap5
HALLMARK_E2F_TARGETS	exploratory	MSigDB_Hallmark (msigdbr 26.1.0)	Dnmt1
HALLMARK_E2F_TARGETS	exploratory	MSigDB_Hallmark (msigdbr 26.1.0)	Donson
HALLMARK_E2F_TARGETS	exploratory	MSigDB_Hallmark (msigdbr 26.1.0)	Dscc1
HALLMARK_E2F_TARGETS	exploratory	MSigDB_Hallmark (msigdbr 26.1.0)	Dut
HALLMARK_E2F_TARGETS	exploratory	MSigDB_Hallmark (msigdbr 26.1.0)	E2f8
HALLMARK_E2F_TARGETS	exploratory	MSigDB_Hallmark (msigdbr 26.1.0)	Eed
HALLMARK_E2F_TARGETS	exploratory	MSigDB_Hallmark (msigdbr 26.1.0)	Eif2s1
HALLMARK_E2F_TARGETS	exploratory	MSigDB_Hallmark (msigdbr 26.1.0)	Espl1
HALLMARK_E2F_TARGETS	exploratory	MSigDB_Hallmark (msigdbr 26.1.0)	Exosc8
HALLMARK_E2F_TARGETS	exploratory	MSigDB_Hallmark (msigdbr 26.1.0)	Ezh2
HALLMARK_E2F_TARGETS	exploratory	MSigDB_Hallmark (msigdbr 26.1.0)	Gins1
HALLMARK_E2F_TARGETS	exploratory	MSigDB_Hallmark (msigdbr 26.1.0)	Gins3
HALLMARK_E2F_TARGETS	exploratory	MSigDB_Hallmark (msigdbr 26.1.0)	Gins4
HALLMARK_E2F_TARGETS	exploratory	MSigDB_Hallmark (msigdbr 26.1.0)	Gspt1
HALLMARK_E2F_TARGETS	exploratory	MSigDB_Hallmark (msigdbr 26.1.0)	H2ax
HALLMARK_E2F_TARGETS	exploratory	MSigDB_Hallmark (msigdbr 26.1.0)	H2az1
HALLMARK_E2F_TARGETS	exploratory	MSigDB_Hallmark (msigdbr 26.1.0)	Hells
HALLMARK_E2F_TARGETS	exploratory	MSigDB_Hallmark (msigdbr 26.1.0)	Hmga1
HALLMARK_E2F_TARGETS	exploratory	MSigDB_Hallmark (msigdbr 26.1.0)	Hmgb2
HALLMARK_E2F_TARGETS	exploratory	MSigDB_Hallmark (msigdbr 26.1.0)	Hmgb3
HALLMARK_E2F_TARGETS	exploratory	MSigDB_Hallmark (msigdbr 26.1.0)	Hmmr
HALLMARK_E2F_TARGETS	exploratory	MSigDB_Hallmark (msigdbr 26.1.0)	Hnrnpd
HALLMARK_E2F_TARGETS	exploratory	MSigDB_Hallmark (msigdbr 26.1.0)	Hus1
HALLMARK_E2F_TARGETS	exploratory	MSigDB_Hallmark (msigdbr 26.1.0)	Ilf3
HALLMARK_E2F_TARGETS	exploratory	MSigDB_Hallmark (msigdbr 26.1.0)	Ing3
HALLMARK_E2F_TARGETS	exploratory	MSigDB_Hallmark (msigdbr 26.1.0)	Ipo7
HALLMARK_E2F_TARGETS	exploratory	MSigDB_Hallmark (msigdbr 26.1.0)	Jpt1
HALLMARK_E2F_TARGETS	exploratory	MSigDB_Hallmark (msigdbr 26.1.0)	Kif18b
HALLMARK_E2F_TARGETS	exploratory	MSigDB_Hallmark (msigdbr 26.1.0)	Kif22
HALLMARK_E2F_TARGETS	exploratory	MSigDB_Hallmark (msigdbr 26.1.0)	Kif2c
HALLMARK_E2F_TARGETS	exploratory	MSigDB_Hallmark (msigdbr 26.1.0)	Kif4
HALLMARK_E2F_TARGETS	exploratory	MSigDB_Hallmark (msigdbr 26.1.0)	Kpna2
HALLMARK_E2F_TARGETS	exploratory	MSigDB_Hallmark (msigdbr 26.1.0)	Lbr
HALLMARK_E2F_TARGETS	exploratory	MSigDB_Hallmark (msigdbr 26.1.0)	Lig1
HALLMARK_E2F_TARGETS	exploratory	MSigDB_Hallmark (msigdbr 26.1.0)	Lmnb1
HALLMARK_E2F_TARGETS	exploratory	MSigDB_Hallmark (msigdbr 26.1.0)	Luc7l3
HALLMARK_E2F_TARGETS	exploratory	MSigDB_Hallmark (msigdbr 26.1.0)	Lyar
HALLMARK_E2F_TARGETS	exploratory	MSigDB_Hallmark (msigdbr 26.1.0)	Mad2l1
HALLMARK_E2F_TARGETS	exploratory	MSigDB_Hallmark (msigdbr 26.1.0)	Mcm2
HALLMARK_E2F_TARGETS	exploratory	MSigDB_Hallmark (msigdbr 26.1.0)	Mcm3
HALLMARK_E2F_TARGETS	exploratory	MSigDB_Hallmark (msigdbr 26.1.0)	Mcm4
HALLMARK_E2F_TARGETS	exploratory	MSigDB_Hallmark (msigdbr 26.1.0)	Mcm5
HALLMARK_E2F_TARGETS	exploratory	MSigDB_Hallmark (msigdbr 26.1.0)	Mcm6
HALLMARK_E2F_TARGETS	exploratory	MSigDB_Hallmark (msigdbr 26.1.0)	Mcm7
HALLMARK_E2F_TARGETS	exploratory	MSigDB_Hallmark (msigdbr 26.1.0)	Melk
HALLMARK_E2F_TARGETS	exploratory	MSigDB_Hallmark (msigdbr 26.1.0)	Mki67
HALLMARK_E2F_TARGETS	exploratory	MSigDB_Hallmark (msigdbr 26.1.0)	Mlh1
HALLMARK_E2F_TARGETS	exploratory	MSigDB_Hallmark (msigdbr 26.1.0)	Mms22l
HALLMARK_E2F_TARGETS	exploratory	MSigDB_Hallmark (msigdbr 26.1.0)	Mre11a
HALLMARK_E2F_TARGETS	exploratory	MSigDB_Hallmark (msigdbr 26.1.0)	Msh2
HALLMARK_E2F_TARGETS	exploratory	MSigDB_Hallmark (msigdbr 26.1.0)	Mthfd2
HALLMARK_E2F_TARGETS	exploratory	MSigDB_Hallmark (msigdbr 26.1.0)	Mxd3
HALLMARK_E2F_TARGETS	exploratory	MSigDB_Hallmark (msigdbr 26.1.0)	Mybl2
HALLMARK_E2F_TARGETS	exploratory	MSigDB_Hallmark (msigdbr 26.1.0)	Myc
HALLMARK_E2F_TARGETS	exploratory	MSigDB_Hallmark (msigdbr 26.1.0)	Naa38
HALLMARK_E2F_TARGETS	exploratory	MSigDB_Hallmark (msigdbr 26.1.0)	Nap1l1
HALLMARK_E2F_TARGETS	exploratory	MSigDB_Hallmark (msigdbr 26.1.0)	Nasp
HALLMARK_E2F_TARGETS	exploratory	MSigDB_Hallmark (msigdbr 26.1.0)	Nbn
HALLMARK_E2F_TARGETS	exploratory	MSigDB_Hallmark (msigdbr 26.1.0)	Ncapd2
HALLMARK_E2F_TARGETS	exploratory	MSigDB_Hallmark (msigdbr 26.1.0)	Nme1
HALLMARK_E2F_TARGETS	exploratory	MSigDB_Hallmark (msigdbr 26.1.0)	Nolc1
HALLMARK_E2F_TARGETS	exploratory	MSigDB_Hallmark (msigdbr 26.1.0)	Nop56
HALLMARK_E2F_TARGETS	exploratory	MSigDB_Hallmark (msigdbr 26.1.0)	Nudt21
HALLMARK_E2F_TARGETS	exploratory	MSigDB_Hallmark (msigdbr 26.1.0)	Nup107
HALLMARK_E2F_TARGETS	exploratory	MSigDB_Hallmark (msigdbr 26.1.0)	Nup153
HALLMARK_E2F_TARGETS	exploratory	MSigDB_Hallmark (msigdbr 26.1.0)	Nup205
HALLMARK_E2F_TARGETS	exploratory	MSigDB_Hallmark (msigdbr 26.1.0)	Orc2
HALLMARK_E2F_TARGETS	exploratory	MSigDB_Hallmark (msigdbr 26.1.0)	Orc6
HALLMARK_E2F_TARGETS	exploratory	MSigDB_Hallmark (msigdbr 26.1.0)	Pa2g4
HALLMARK_E2F_TARGETS	exploratory	MSigDB_Hallmark (msigdbr 26.1.0)	Paics
HALLMARK_E2F_TARGETS	exploratory	MSigDB_Hallmark (msigdbr 26.1.0)	Pan2
HALLMARK_E2F_TARGETS	exploratory	MSigDB_Hallmark (msigdbr 26.1.0)	Pcna
HALLMARK_E2F_TARGETS	exploratory	MSigDB_Hallmark (msigdbr 26.1.0)	Pds5b
HALLMARK_E2F_TARGETS	exploratory	MSigDB_Hallmark (msigdbr 26.1.0)	Phf5a
HALLMARK_E2F_TARGETS	exploratory	MSigDB_Hallmark (msigdbr 26.1.0)	Plk1
HALLMARK_E2F_TARGETS	exploratory	MSigDB_Hallmark (msigdbr 26.1.0)	Plk4
HALLMARK_E2F_TARGETS	exploratory	MSigDB_Hallmark (msigdbr 26.1.0)	Pms2
HALLMARK_E2F_TARGETS	exploratory	MSigDB_Hallmark (msigdbr 26.1.0)	Pnn
HALLMARK_E2F_TARGETS	exploratory	MSigDB_Hallmark (msigdbr 26.1.0)	Pola2
HALLMARK_E2F_TARGETS	exploratory	MSigDB_Hallmark (msigdbr 26.1.0)	Pold1
HALLMARK_E2F_TARGETS	exploratory	MSigDB_Hallmark (msigdbr 26.1.0)	Pold2
HALLMARK_E2F_TARGETS	exploratory	MSigDB_Hallmark (msigdbr 26.1.0)	Pold3
HALLMARK_E2F_TARGETS	exploratory	MSigDB_Hallmark (msigdbr 26.1.0)	Pole
HALLMARK_E2F_TARGETS	exploratory	MSigDB_Hallmark (msigdbr 26.1.0)	Pole4
HALLMARK_E2F_TARGETS	exploratory	MSigDB_Hallmark (msigdbr 26.1.0)	Pop7
HALLMARK_E2F_TARGETS	exploratory	MSigDB_Hallmark (msigdbr 26.1.0)	Ppm1d
HALLMARK_E2F_TARGETS	exploratory	MSigDB_Hallmark (msigdbr 26.1.0)	Ppp1r8
HALLMARK_E2F_TARGETS	exploratory	MSigDB_Hallmark (msigdbr 26.1.0)	Prdx4
HALLMARK_E2F_TARGETS	exploratory	MSigDB_Hallmark (msigdbr 26.1.0)	Prim2
HALLMARK_E2F_TARGETS	exploratory	MSigDB_Hallmark (msigdbr 26.1.0)	Prkdc
HALLMARK_E2F_TARGETS	exploratory	MSigDB_Hallmark (msigdbr 26.1.0)	Prps1
HALLMARK_E2F_TARGETS	exploratory	MSigDB_Hallmark (msigdbr 26.1.0)	Psip1
HALLMARK_E2F_TARGETS	exploratory	MSigDB_Hallmark (msigdbr 26.1.0)	Psmc3ip
HALLMARK_E2F_TARGETS	exploratory	MSigDB_Hallmark (msigdbr 26.1.0)	Pttg1
HALLMARK_E2F_TARGETS	exploratory	MSigDB_Hallmark (msigdbr 26.1.0)	Racgap1
HALLMARK_E2F_TARGETS	exploratory	MSigDB_Hallmark (msigdbr 26.1.0)	Rad1
HALLMARK_E2F_TARGETS	exploratory	MSigDB_Hallmark (msigdbr 26.1.0)	Rad21
HALLMARK_E2F_TARGETS	exploratory	MSigDB_Hallmark (msigdbr 26.1.0)	Rad50
HALLMARK_E2F_TARGETS	exploratory	MSigDB_Hallmark (msigdbr 26.1.0)	Rad51ap1
HALLMARK_E2F_TARGETS	exploratory	MSigDB_Hallmark (msigdbr 26.1.0)	Rad51c
HALLMARK_E2F_TARGETS	exploratory	MSigDB_Hallmark (msigdbr 26.1.0)	Ran
HALLMARK_E2F_TARGETS	exploratory	MSigDB_Hallmark (msigdbr 26.1.0)	Ranbp1
HALLMARK_E2F_TARGETS	exploratory	MSigDB_Hallmark (msigdbr 26.1.0)	Rbbp7
HALLMARK_E2F_TARGETS	exploratory	MSigDB_Hallmark (msigdbr 26.1.0)	Rfc1
HALLMARK_E2F_TARGETS	exploratory	MSigDB_Hallmark (msigdbr 26.1.0)	Rfc2
HALLMARK_E2F_TARGETS	exploratory	MSigDB_Hallmark (msigdbr 26.1.0)	Rfc3
HALLMARK_E2F_TARGETS	exploratory	MSigDB_Hallmark (msigdbr 26.1.0)	Rnaseh2a
HALLMARK_E2F_TARGETS	exploratory	MSigDB_Hallmark (msigdbr 26.1.0)	Rpa1
HALLMARK_E2F_TARGETS	exploratory	MSigDB_Hallmark (msigdbr 26.1.0)	Rpa2
HALLMARK_E2F_TARGETS	exploratory	MSigDB_Hallmark (msigdbr 26.1.0)	Rpa3
HALLMARK_E2F_TARGETS	exploratory	MSigDB_Hallmark (msigdbr 26.1.0)	Rrm2
HALLMARK_E2F_TARGETS	exploratory	MSigDB_Hallmark (msigdbr 26.1.0)	Shmt1
HALLMARK_E2F_TARGETS	exploratory	MSigDB_Hallmark (msigdbr 26.1.0)	Slbp
HALLMARK_E2F_TARGETS	exploratory	MSigDB_Hallmark (msigdbr 26.1.0)	Smc1a
HALLMARK_E2F_TARGETS	exploratory	MSigDB_Hallmark (msigdbr 26.1.0)	Smc3
HALLMARK_E2F_TARGETS	exploratory	MSigDB_Hallmark (msigdbr 26.1.0)	Smc4
HALLMARK_E2F_TARGETS	exploratory	MSigDB_Hallmark (msigdbr 26.1.0)	Smc6
HALLMARK_E2F_TARGETS	exploratory	MSigDB_Hallmark (msigdbr 26.1.0)	Snrpb
HALLMARK_E2F_TARGETS	exploratory	MSigDB_Hallmark (msigdbr 26.1.0)	Spag5
HALLMARK_E2F_TARGETS	exploratory	MSigDB_Hallmark (msigdbr 26.1.0)	Spc24
HALLMARK_E2F_TARGETS	exploratory	MSigDB_Hallmark (msigdbr 26.1.0)	Spc25
HALLMARK_E2F_TARGETS	exploratory	MSigDB_Hallmark (msigdbr 26.1.0)	Srsf1
HALLMARK_E2F_TARGETS	exploratory	MSigDB_Hallmark (msigdbr 26.1.0)	Srsf2
HALLMARK_E2F_TARGETS	exploratory	MSigDB_Hallmark (msigdbr 26.1.0)	Ssrp1
HALLMARK_E2F_TARGETS	exploratory	MSigDB_Hallmark (msigdbr 26.1.0)	Stag1
HALLMARK_E2F_TARGETS	exploratory	MSigDB_Hallmark (msigdbr 26.1.0)	Stmn1
HALLMARK_E2F_TARGETS	exploratory	MSigDB_Hallmark (msigdbr 26.1.0)	Suv39h1
HALLMARK_E2F_TARGETS	exploratory	MSigDB_Hallmark (msigdbr 26.1.0)	Syncrip
HALLMARK_E2F_TARGETS	exploratory	MSigDB_Hallmark (msigdbr 26.1.0)	Tacc3
HALLMARK_E2F_TARGETS	exploratory	MSigDB_Hallmark (msigdbr 26.1.0)	Tbrg4
HALLMARK_E2F_TARGETS	exploratory	MSigDB_Hallmark (msigdbr 26.1.0)	Tcf19
HALLMARK_E2F_TARGETS	exploratory	MSigDB_Hallmark (msigdbr 26.1.0)	Tfrc
HALLMARK_E2F_TARGETS	exploratory	MSigDB_Hallmark (msigdbr 26.1.0)	Timeless
HALLMARK_E2F_TARGETS	exploratory	MSigDB_Hallmark (msigdbr 26.1.0)	Tipin
HALLMARK_E2F_TARGETS	exploratory	MSigDB_Hallmark (msigdbr 26.1.0)	Tk1
HALLMARK_E2F_TARGETS	exploratory	MSigDB_Hallmark (msigdbr 26.1.0)	Tmpo
HALLMARK_E2F_TARGETS	exploratory	MSigDB_Hallmark (msigdbr 26.1.0)	Top2a
HALLMARK_E2F_TARGETS	exploratory	MSigDB_Hallmark (msigdbr 26.1.0)	Trp53
HALLMARK_E2F_TARGETS	exploratory	MSigDB_Hallmark (msigdbr 26.1.0)	Tra2b
HALLMARK_E2F_TARGETS	exploratory	MSigDB_Hallmark (msigdbr 26.1.0)	Trip13
HALLMARK_E2F_TARGETS	exploratory	MSigDB_Hallmark (msigdbr 26.1.0)	Tubb5
HALLMARK_E2F_TARGETS	exploratory	MSigDB_Hallmark (msigdbr 26.1.0)	Tubg1
HALLMARK_E2F_TARGETS	exploratory	MSigDB_Hallmark (msigdbr 26.1.0)	Ube2s
HALLMARK_E2F_TARGETS	exploratory	MSigDB_Hallmark (msigdbr 26.1.0)	Ube2t
HALLMARK_E2F_TARGETS	exploratory	MSigDB_Hallmark (msigdbr 26.1.0)	Ubr7
HALLMARK_E2F_TARGETS	exploratory	MSigDB_Hallmark (msigdbr 26.1.0)	Ung
HALLMARK_E2F_TARGETS	exploratory	MSigDB_Hallmark (msigdbr 26.1.0)	Usp1
HALLMARK_E2F_TARGETS	exploratory	MSigDB_Hallmark (msigdbr 26.1.0)	Wdr90
HALLMARK_E2F_TARGETS	exploratory	MSigDB_Hallmark (msigdbr 26.1.0)	Wee1
HALLMARK_E2F_TARGETS	exploratory	MSigDB_Hallmark (msigdbr 26.1.0)	Xpo1
HALLMARK_E2F_TARGETS	exploratory	MSigDB_Hallmark (msigdbr 26.1.0)	Xrcc6
HALLMARK_E2F_TARGETS	exploratory	MSigDB_Hallmark (msigdbr 26.1.0)	Zw10
HALLMARK_EPITHELIAL_MESENCHYMAL_TRANSITION	exploratory	MSigDB_Hallmark (msigdbr 26.1.0)	Abi3bp
HALLMARK_EPITHELIAL_MESENCHYMAL_TRANSITION	exploratory	MSigDB_Hallmark (msigdbr 26.1.0)	Acta2
HALLMARK_EPITHELIAL_MESENCHYMAL_TRANSITION	exploratory	MSigDB_Hallmark (msigdbr 26.1.0)	Adam12
HALLMARK_EPITHELIAL_MESENCHYMAL_TRANSITION	exploratory	MSigDB_Hallmark (msigdbr 26.1.0)	Anpep
HALLMARK_EPITHELIAL_MESENCHYMAL_TRANSITION	exploratory	MSigDB_Hallmark (msigdbr 26.1.0)	Aplp1
HALLMARK_EPITHELIAL_MESENCHYMAL_TRANSITION	exploratory	MSigDB_Hallmark (msigdbr 26.1.0)	Areg
HALLMARK_EPITHELIAL_MESENCHYMAL_TRANSITION	exploratory	MSigDB_Hallmark (msigdbr 26.1.0)	Basp1
HALLMARK_EPITHELIAL_MESENCHYMAL_TRANSITION	exploratory	MSigDB_Hallmark (msigdbr 26.1.0)	Bdnf
HALLMARK_EPITHELIAL_MESENCHYMAL_TRANSITION	exploratory	MSigDB_Hallmark (msigdbr 26.1.0)	Bgn
HALLMARK_EPITHELIAL_MESENCHYMAL_TRANSITION	exploratory	MSigDB_Hallmark (msigdbr 26.1.0)	Bmp1
HALLMARK_EPITHELIAL_MESENCHYMAL_TRANSITION	exploratory	MSigDB_Hallmark (msigdbr 26.1.0)	Cadm1
HALLMARK_EPITHELIAL_MESENCHYMAL_TRANSITION	exploratory	MSigDB_Hallmark (msigdbr 26.1.0)	Cald1
HALLMARK_EPITHELIAL_MESENCHYMAL_TRANSITION	exploratory	MSigDB_Hallmark (msigdbr 26.1.0)	Calu
HALLMARK_EPITHELIAL_MESENCHYMAL_TRANSITION	exploratory	MSigDB_Hallmark (msigdbr 26.1.0)	Cap2
HALLMARK_EPITHELIAL_MESENCHYMAL_TRANSITION	exploratory	MSigDB_Hallmark (msigdbr 26.1.0)	Capg
HALLMARK_EPITHELIAL_MESENCHYMAL_TRANSITION	exploratory	MSigDB_Hallmark (msigdbr 26.1.0)	Ccn1
HALLMARK_EPITHELIAL_MESENCHYMAL_TRANSITION	exploratory	MSigDB_Hallmark (msigdbr 26.1.0)	Ccn2
HALLMARK_EPITHELIAL_MESENCHYMAL_TRANSITION	exploratory	MSigDB_Hallmark (msigdbr 26.1.0)	Cd44
HALLMARK_EPITHELIAL_MESENCHYMAL_TRANSITION	exploratory	MSigDB_Hallmark (msigdbr 26.1.0)	Cd59b
HALLMARK_EPITHELIAL_MESENCHYMAL_TRANSITION	exploratory	MSigDB_Hallmark (msigdbr 26.1.0)	Cdh11
HALLMARK_EPITHELIAL_MESENCHYMAL_TRANSITION	exploratory	MSigDB_Hallmark (msigdbr 26.1.0)	Cdh2
HALLMARK_EPITHELIAL_MESENCHYMAL_TRANSITION	exploratory	MSigDB_Hallmark (msigdbr 26.1.0)	Cdh6
HALLMARK_EPITHELIAL_MESENCHYMAL_TRANSITION	exploratory	MSigDB_Hallmark (msigdbr 26.1.0)	Col11a1
HALLMARK_EPITHELIAL_MESENCHYMAL_TRANSITION	exploratory	MSigDB_Hallmark (msigdbr 26.1.0)	Col12a1
HALLMARK_EPITHELIAL_MESENCHYMAL_TRANSITION	exploratory	MSigDB_Hallmark (msigdbr 26.1.0)	Col16a1
HALLMARK_EPITHELIAL_MESENCHYMAL_TRANSITION	exploratory	MSigDB_Hallmark (msigdbr 26.1.0)	Col1a1
HALLMARK_EPITHELIAL_MESENCHYMAL_TRANSITION	exploratory	MSigDB_Hallmark (msigdbr 26.1.0)	Col1a2
HALLMARK_EPITHELIAL_MESENCHYMAL_TRANSITION	exploratory	MSigDB_Hallmark (msigdbr 26.1.0)	Col3a1
HALLMARK_EPITHELIAL_MESENCHYMAL_TRANSITION	exploratory	MSigDB_Hallmark (msigdbr 26.1.0)	Col4a1
HALLMARK_EPITHELIAL_MESENCHYMAL_TRANSITION	exploratory	MSigDB_Hallmark (msigdbr 26.1.0)	Col4a2
HALLMARK_EPITHELIAL_MESENCHYMAL_TRANSITION	exploratory	MSigDB_Hallmark (msigdbr 26.1.0)	Col5a1
HALLMARK_EPITHELIAL_MESENCHYMAL_TRANSITION	exploratory	MSigDB_Hallmark (msigdbr 26.1.0)	Col5a2
HALLMARK_EPITHELIAL_MESENCHYMAL_TRANSITION	exploratory	MSigDB_Hallmark (msigdbr 26.1.0)	Col5a3
HALLMARK_EPITHELIAL_MESENCHYMAL_TRANSITION	exploratory	MSigDB_Hallmark (msigdbr 26.1.0)	Col6a2
HALLMARK_EPITHELIAL_MESENCHYMAL_TRANSITION	exploratory	MSigDB_Hallmark (msigdbr 26.1.0)	Col6a3
HALLMARK_EPITHELIAL_MESENCHYMAL_TRANSITION	exploratory	MSigDB_Hallmark (msigdbr 26.1.0)	Col7a1
HALLMARK_EPITHELIAL_MESENCHYMAL_TRANSITION	exploratory	MSigDB_Hallmark (msigdbr 26.1.0)	Col8a2
HALLMARK_EPITHELIAL_MESENCHYMAL_TRANSITION	exploratory	MSigDB_Hallmark (msigdbr 26.1.0)	Colgalt1
HALLMARK_EPITHELIAL_MESENCHYMAL_TRANSITION	exploratory	MSigDB_Hallmark (msigdbr 26.1.0)	Comp
HALLMARK_EPITHELIAL_MESENCHYMAL_TRANSITION	exploratory	MSigDB_Hallmark (msigdbr 26.1.0)	Copa
HALLMARK_EPITHELIAL_MESENCHYMAL_TRANSITION	exploratory	MSigDB_Hallmark (msigdbr 26.1.0)	Crlf1
HALLMARK_EPITHELIAL_MESENCHYMAL_TRANSITION	exploratory	MSigDB_Hallmark (msigdbr 26.1.0)	Cthrc1
HALLMARK_EPITHELIAL_MESENCHYMAL_TRANSITION	exploratory	MSigDB_Hallmark (msigdbr 26.1.0)	Cxcl1
HALLMARK_EPITHELIAL_MESENCHYMAL_TRANSITION	exploratory	MSigDB_Hallmark (msigdbr 26.1.0)	Cxcl2
HALLMARK_EPITHELIAL_MESENCHYMAL_TRANSITION	exploratory	MSigDB_Hallmark (msigdbr 26.1.0)	Cxcl3
HALLMARK_EPITHELIAL_MESENCHYMAL_TRANSITION	exploratory	MSigDB_Hallmark (msigdbr 26.1.0)	Cxcl12
HALLMARK_EPITHELIAL_MESENCHYMAL_TRANSITION	exploratory	MSigDB_Hallmark (msigdbr 26.1.0)	Cxcl5
HALLMARK_EPITHELIAL_MESENCHYMAL_TRANSITION	exploratory	MSigDB_Hallmark (msigdbr 26.1.0)	Dab2
HALLMARK_EPITHELIAL_MESENCHYMAL_TRANSITION	exploratory	MSigDB_Hallmark (msigdbr 26.1.0)	Dcn
HALLMARK_EPITHELIAL_MESENCHYMAL_TRANSITION	exploratory	MSigDB_Hallmark (msigdbr 26.1.0)	Dkk1
HALLMARK_EPITHELIAL_MESENCHYMAL_TRANSITION	exploratory	MSigDB_Hallmark (msigdbr 26.1.0)	Dpysl3
HALLMARK_EPITHELIAL_MESENCHYMAL_TRANSITION	exploratory	MSigDB_Hallmark (msigdbr 26.1.0)	Dst
HALLMARK_EPITHELIAL_MESENCHYMAL_TRANSITION	exploratory	MSigDB_Hallmark (msigdbr 26.1.0)	Ecm1
HALLMARK_EPITHELIAL_MESENCHYMAL_TRANSITION	exploratory	MSigDB_Hallmark (msigdbr 26.1.0)	Ecm2
HALLMARK_EPITHELIAL_MESENCHYMAL_TRANSITION	exploratory	MSigDB_Hallmark (msigdbr 26.1.0)	Edil3
HALLMARK_EPITHELIAL_MESENCHYMAL_TRANSITION	exploratory	MSigDB_Hallmark (msigdbr 26.1.0)	Efemp2
HALLMARK_EPITHELIAL_MESENCHYMAL_TRANSITION	exploratory	MSigDB_Hallmark (msigdbr 26.1.0)	Eln
HALLMARK_EPITHELIAL_MESENCHYMAL_TRANSITION	exploratory	MSigDB_Hallmark (msigdbr 26.1.0)	Emp3
HALLMARK_EPITHELIAL_MESENCHYMAL_TRANSITION	exploratory	MSigDB_Hallmark (msigdbr 26.1.0)	Eno2
HALLMARK_EPITHELIAL_MESENCHYMAL_TRANSITION	exploratory	MSigDB_Hallmark (msigdbr 26.1.0)	Fap
HALLMARK_EPITHELIAL_MESENCHYMAL_TRANSITION	exploratory	MSigDB_Hallmark (msigdbr 26.1.0)	Fas
HALLMARK_EPITHELIAL_MESENCHYMAL_TRANSITION	exploratory	MSigDB_Hallmark (msigdbr 26.1.0)	Fbln1
HALLMARK_EPITHELIAL_MESENCHYMAL_TRANSITION	exploratory	MSigDB_Hallmark (msigdbr 26.1.0)	Fbln2
HALLMARK_EPITHELIAL_MESENCHYMAL_TRANSITION	exploratory	MSigDB_Hallmark (msigdbr 26.1.0)	Fbln5
HALLMARK_EPITHELIAL_MESENCHYMAL_TRANSITION	exploratory	MSigDB_Hallmark (msigdbr 26.1.0)	Fbn1
HALLMARK_EPITHELIAL_MESENCHYMAL_TRANSITION	exploratory	MSigDB_Hallmark (msigdbr 26.1.0)	Fbn2
HALLMARK_EPITHELIAL_MESENCHYMAL_TRANSITION	exploratory	MSigDB_Hallmark (msigdbr 26.1.0)	Fermt2
HALLMARK_EPITHELIAL_MESENCHYMAL_TRANSITION	exploratory	MSigDB_Hallmark (msigdbr 26.1.0)	Fgf2
HALLMARK_EPITHELIAL_MESENCHYMAL_TRANSITION	exploratory	MSigDB_Hallmark (msigdbr 26.1.0)	Flna
HALLMARK_EPITHELIAL_MESENCHYMAL_TRANSITION	exploratory	MSigDB_Hallmark (msigdbr 26.1.0)	Fmod
HALLMARK_EPITHELIAL_MESENCHYMAL_TRANSITION	exploratory	MSigDB_Hallmark (msigdbr 26.1.0)	Fn1
HALLMARK_EPITHELIAL_MESENCHYMAL_TRANSITION	exploratory	MSigDB_Hallmark (msigdbr 26.1.0)	Foxc2
HALLMARK_EPITHELIAL_MESENCHYMAL_TRANSITION	exploratory	MSigDB_Hallmark (msigdbr 26.1.0)	Fstl1
HALLMARK_EPITHELIAL_MESENCHYMAL_TRANSITION	exploratory	MSigDB_Hallmark (msigdbr 26.1.0)	Fstl3
HALLMARK_EPITHELIAL_MESENCHYMAL_TRANSITION	exploratory	MSigDB_Hallmark (msigdbr 26.1.0)	Fuca1
HALLMARK_EPITHELIAL_MESENCHYMAL_TRANSITION	exploratory	MSigDB_Hallmark (msigdbr 26.1.0)	Fzd8
HALLMARK_EPITHELIAL_MESENCHYMAL_TRANSITION	exploratory	MSigDB_Hallmark (msigdbr 26.1.0)	Gadd45a
HALLMARK_EPITHELIAL_MESENCHYMAL_TRANSITION	exploratory	MSigDB_Hallmark (msigdbr 26.1.0)	Gadd45b
HALLMARK_EPITHELIAL_MESENCHYMAL_TRANSITION	exploratory	MSigDB_Hallmark (msigdbr 26.1.0)	Gas1
HALLMARK_EPITHELIAL_MESENCHYMAL_TRANSITION	exploratory	MSigDB_Hallmark (msigdbr 26.1.0)	Gem
HALLMARK_EPITHELIAL_MESENCHYMAL_TRANSITION	exploratory	MSigDB_Hallmark (msigdbr 26.1.0)	Gja1
HALLMARK_EPITHELIAL_MESENCHYMAL_TRANSITION	exploratory	MSigDB_Hallmark (msigdbr 26.1.0)	Glipr1
HALLMARK_EPITHELIAL_MESENCHYMAL_TRANSITION	exploratory	MSigDB_Hallmark (msigdbr 26.1.0)	Gpc1
HALLMARK_EPITHELIAL_MESENCHYMAL_TRANSITION	exploratory	MSigDB_Hallmark (msigdbr 26.1.0)	Gpx7
HALLMARK_EPITHELIAL_MESENCHYMAL_TRANSITION	exploratory	MSigDB_Hallmark (msigdbr 26.1.0)	Grem1
HALLMARK_EPITHELIAL_MESENCHYMAL_TRANSITION	exploratory	MSigDB_Hallmark (msigdbr 26.1.0)	Htra1
HALLMARK_EPITHELIAL_MESENCHYMAL_TRANSITION	exploratory	MSigDB_Hallmark (msigdbr 26.1.0)	Id2
HALLMARK_EPITHELIAL_MESENCHYMAL_TRANSITION	exploratory	MSigDB_Hallmark (msigdbr 26.1.0)	Igfbp2
HALLMARK_EPITHELIAL_MESENCHYMAL_TRANSITION	exploratory	MSigDB_Hallmark (msigdbr 26.1.0)	Igfbp3
HALLMARK_EPITHELIAL_MESENCHYMAL_TRANSITION	exploratory	MSigDB_Hallmark (msigdbr 26.1.0)	Igfbp4
HALLMARK_EPITHELIAL_MESENCHYMAL_TRANSITION	exploratory	MSigDB_Hallmark (msigdbr 26.1.0)	Il15
HALLMARK_EPITHELIAL_MESENCHYMAL_TRANSITION	exploratory	MSigDB_Hallmark (msigdbr 26.1.0)	Il6
HALLMARK_EPITHELIAL_MESENCHYMAL_TRANSITION	exploratory	MSigDB_Hallmark (msigdbr 26.1.0)	Inhba
HALLMARK_EPITHELIAL_MESENCHYMAL_TRANSITION	exploratory	MSigDB_Hallmark (msigdbr 26.1.0)	Itga2
HALLMARK_EPITHELIAL_MESENCHYMAL_TRANSITION	exploratory	MSigDB_Hallmark (msigdbr 26.1.0)	Itga5
HALLMARK_EPITHELIAL_MESENCHYMAL_TRANSITION	exploratory	MSigDB_Hallmark (msigdbr 26.1.0)	Itgav
HALLMARK_EPITHELIAL_MESENCHYMAL_TRANSITION	exploratory	MSigDB_Hallmark (msigdbr 26.1.0)	Itgb1
HALLMARK_EPITHELIAL_MESENCHYMAL_TRANSITION	exploratory	MSigDB_Hallmark (msigdbr 26.1.0)	Itgb3
HALLMARK_EPITHELIAL_MESENCHYMAL_TRANSITION	exploratory	MSigDB_Hallmark (msigdbr 26.1.0)	Itgb5
HALLMARK_EPITHELIAL_MESENCHYMAL_TRANSITION	exploratory	MSigDB_Hallmark (msigdbr 26.1.0)	Jun
HALLMARK_EPITHELIAL_MESENCHYMAL_TRANSITION	exploratory	MSigDB_Hallmark (msigdbr 26.1.0)	Lama1
HALLMARK_EPITHELIAL_MESENCHYMAL_TRANSITION	exploratory	MSigDB_Hallmark (msigdbr 26.1.0)	Lama2
HALLMARK_EPITHELIAL_MESENCHYMAL_TRANSITION	exploratory	MSigDB_Hallmark (msigdbr 26.1.0)	Lama3
HALLMARK_EPITHELIAL_MESENCHYMAL_TRANSITION	exploratory	MSigDB_Hallmark (msigdbr 26.1.0)	Lamc1
HALLMARK_EPITHELIAL_MESENCHYMAL_TRANSITION	exploratory	MSigDB_Hallmark (msigdbr 26.1.0)	Lamc2
HALLMARK_EPITHELIAL_MESENCHYMAL_TRANSITION	exploratory	MSigDB_Hallmark (msigdbr 26.1.0)	Lgals1
HALLMARK_EPITHELIAL_MESENCHYMAL_TRANSITION	exploratory	MSigDB_Hallmark (msigdbr 26.1.0)	Lox
HALLMARK_EPITHELIAL_MESENCHYMAL_TRANSITION	exploratory	MSigDB_Hallmark (msigdbr 26.1.0)	Loxl1
HALLMARK_EPITHELIAL_MESENCHYMAL_TRANSITION	exploratory	MSigDB_Hallmark (msigdbr 26.1.0)	Loxl2
HALLMARK_EPITHELIAL_MESENCHYMAL_TRANSITION	exploratory	MSigDB_Hallmark (msigdbr 26.1.0)	Lrp1
HALLMARK_EPITHELIAL_MESENCHYMAL_TRANSITION	exploratory	MSigDB_Hallmark (msigdbr 26.1.0)	Lrrc15
HALLMARK_EPITHELIAL_MESENCHYMAL_TRANSITION	exploratory	MSigDB_Hallmark (msigdbr 26.1.0)	Lum
HALLMARK_EPITHELIAL_MESENCHYMAL_TRANSITION	exploratory	MSigDB_Hallmark (msigdbr 26.1.0)	Magee1
HALLMARK_EPITHELIAL_MESENCHYMAL_TRANSITION	exploratory	MSigDB_Hallmark (msigdbr 26.1.0)	Matn2
HALLMARK_EPITHELIAL_MESENCHYMAL_TRANSITION	exploratory	MSigDB_Hallmark (msigdbr 26.1.0)	Matn3
HALLMARK_EPITHELIAL_MESENCHYMAL_TRANSITION	exploratory	MSigDB_Hallmark (msigdbr 26.1.0)	Mcm7
HALLMARK_EPITHELIAL_MESENCHYMAL_TRANSITION	exploratory	MSigDB_Hallmark (msigdbr 26.1.0)	Mest
HALLMARK_EPITHELIAL_MESENCHYMAL_TRANSITION	exploratory	MSigDB_Hallmark (msigdbr 26.1.0)	Mfap5
HALLMARK_EPITHELIAL_MESENCHYMAL_TRANSITION	exploratory	MSigDB_Hallmark (msigdbr 26.1.0)	Mgp
HALLMARK_EPITHELIAL_MESENCHYMAL_TRANSITION	exploratory	MSigDB_Hallmark (msigdbr 26.1.0)	Mmp1b
HALLMARK_EPITHELIAL_MESENCHYMAL_TRANSITION	exploratory	MSigDB_Hallmark (msigdbr 26.1.0)	Mmp14
HALLMARK_EPITHELIAL_MESENCHYMAL_TRANSITION	exploratory	MSigDB_Hallmark (msigdbr 26.1.0)	Mmp2
HALLMARK_EPITHELIAL_MESENCHYMAL_TRANSITION	exploratory	MSigDB_Hallmark (msigdbr 26.1.0)	Mmp3
HALLMARK_EPITHELIAL_MESENCHYMAL_TRANSITION	exploratory	MSigDB_Hallmark (msigdbr 26.1.0)	Msx1
HALLMARK_EPITHELIAL_MESENCHYMAL_TRANSITION	exploratory	MSigDB_Hallmark (msigdbr 26.1.0)	Myl9
HALLMARK_EPITHELIAL_MESENCHYMAL_TRANSITION	exploratory	MSigDB_Hallmark (msigdbr 26.1.0)	Mylk
HALLMARK_EPITHELIAL_MESENCHYMAL_TRANSITION	exploratory	MSigDB_Hallmark (msigdbr 26.1.0)	Nid2
HALLMARK_EPITHELIAL_MESENCHYMAL_TRANSITION	exploratory	MSigDB_Hallmark (msigdbr 26.1.0)	Nnmt
HALLMARK_EPITHELIAL_MESENCHYMAL_TRANSITION	exploratory	MSigDB_Hallmark (msigdbr 26.1.0)	Notch2
HALLMARK_EPITHELIAL_MESENCHYMAL_TRANSITION	exploratory	MSigDB_Hallmark (msigdbr 26.1.0)	Nt5e
HALLMARK_EPITHELIAL_MESENCHYMAL_TRANSITION	exploratory	MSigDB_Hallmark (msigdbr 26.1.0)	Ntm
HALLMARK_EPITHELIAL_MESENCHYMAL_TRANSITION	exploratory	MSigDB_Hallmark (msigdbr 26.1.0)	Oxtr
HALLMARK_EPITHELIAL_MESENCHYMAL_TRANSITION	exploratory	MSigDB_Hallmark (msigdbr 26.1.0)	P3h1
HALLMARK_EPITHELIAL_MESENCHYMAL_TRANSITION	exploratory	MSigDB_Hallmark (msigdbr 26.1.0)	Pcolce
HALLMARK_EPITHELIAL_MESENCHYMAL_TRANSITION	exploratory	MSigDB_Hallmark (msigdbr 26.1.0)	Pcolce2
HALLMARK_EPITHELIAL_MESENCHYMAL_TRANSITION	exploratory	MSigDB_Hallmark (msigdbr 26.1.0)	Pdgfrb
HALLMARK_EPITHELIAL_MESENCHYMAL_TRANSITION	exploratory	MSigDB_Hallmark (msigdbr 26.1.0)	Pdlim4
HALLMARK_EPITHELIAL_MESENCHYMAL_TRANSITION	exploratory	MSigDB_Hallmark (msigdbr 26.1.0)	Pfn2
HALLMARK_EPITHELIAL_MESENCHYMAL_TRANSITION	exploratory	MSigDB_Hallmark (msigdbr 26.1.0)	Plaur
HALLMARK_EPITHELIAL_MESENCHYMAL_TRANSITION	exploratory	MSigDB_Hallmark (msigdbr 26.1.0)	Plod1
HALLMARK_EPITHELIAL_MESENCHYMAL_TRANSITION	exploratory	MSigDB_Hallmark (msigdbr 26.1.0)	Plod2
HALLMARK_EPITHELIAL_MESENCHYMAL_TRANSITION	exploratory	MSigDB_Hallmark (msigdbr 26.1.0)	Plod3
HALLMARK_EPITHELIAL_MESENCHYMAL_TRANSITION	exploratory	MSigDB_Hallmark (msigdbr 26.1.0)	Pmepa1
HALLMARK_EPITHELIAL_MESENCHYMAL_TRANSITION	exploratory	MSigDB_Hallmark (msigdbr 26.1.0)	Pmp22
HALLMARK_EPITHELIAL_MESENCHYMAL_TRANSITION	exploratory	MSigDB_Hallmark (msigdbr 26.1.0)	Postn
HALLMARK_EPITHELIAL_MESENCHYMAL_TRANSITION	exploratory	MSigDB_Hallmark (msigdbr 26.1.0)	Ppib
HALLMARK_EPITHELIAL_MESENCHYMAL_TRANSITION	exploratory	MSigDB_Hallmark (msigdbr 26.1.0)	Prrx1
HALLMARK_EPITHELIAL_MESENCHYMAL_TRANSITION	exploratory	MSigDB_Hallmark (msigdbr 26.1.0)	Gm10334
HALLMARK_EPITHELIAL_MESENCHYMAL_TRANSITION	exploratory	MSigDB_Hallmark (msigdbr 26.1.0)	Gm5771
HALLMARK_EPITHELIAL_MESENCHYMAL_TRANSITION	exploratory	MSigDB_Hallmark (msigdbr 26.1.0)	Prss1
HALLMARK_EPITHELIAL_MESENCHYMAL_TRANSITION	exploratory	MSigDB_Hallmark (msigdbr 26.1.0)	Prss2
HALLMARK_EPITHELIAL_MESENCHYMAL_TRANSITION	exploratory	MSigDB_Hallmark (msigdbr 26.1.0)	Prss3
HALLMARK_EPITHELIAL_MESENCHYMAL_TRANSITION	exploratory	MSigDB_Hallmark (msigdbr 26.1.0)	Try10
HALLMARK_EPITHELIAL_MESENCHYMAL_TRANSITION	exploratory	MSigDB_Hallmark (msigdbr 26.1.0)	Try4
HALLMARK_EPITHELIAL_MESENCHYMAL_TRANSITION	exploratory	MSigDB_Hallmark (msigdbr 26.1.0)	Try5
HALLMARK_EPITHELIAL_MESENCHYMAL_TRANSITION	exploratory	MSigDB_Hallmark (msigdbr 26.1.0)	Pthlh
HALLMARK_EPITHELIAL_MESENCHYMAL_TRANSITION	exploratory	MSigDB_Hallmark (msigdbr 26.1.0)	Ptx3
HALLMARK_EPITHELIAL_MESENCHYMAL_TRANSITION	exploratory	MSigDB_Hallmark (msigdbr 26.1.0)	Pvr
HALLMARK_EPITHELIAL_MESENCHYMAL_TRANSITION	exploratory	MSigDB_Hallmark (msigdbr 26.1.0)	Qsox1
HALLMARK_EPITHELIAL_MESENCHYMAL_TRANSITION	exploratory	MSigDB_Hallmark (msigdbr 26.1.0)	Rgs4
HALLMARK_EPITHELIAL_MESENCHYMAL_TRANSITION	exploratory	MSigDB_Hallmark (msigdbr 26.1.0)	Rhob
HALLMARK_EPITHELIAL_MESENCHYMAL_TRANSITION	exploratory	MSigDB_Hallmark (msigdbr 26.1.0)	Sat1
HALLMARK_EPITHELIAL_MESENCHYMAL_TRANSITION	exploratory	MSigDB_Hallmark (msigdbr 26.1.0)	Scg2
HALLMARK_EPITHELIAL_MESENCHYMAL_TRANSITION	exploratory	MSigDB_Hallmark (msigdbr 26.1.0)	Sdc1
HALLMARK_EPITHELIAL_MESENCHYMAL_TRANSITION	exploratory	MSigDB_Hallmark (msigdbr 26.1.0)	Sdc4
HALLMARK_EPITHELIAL_MESENCHYMAL_TRANSITION	exploratory	MSigDB_Hallmark (msigdbr 26.1.0)	Serpine1
HALLMARK_EPITHELIAL_MESENCHYMAL_TRANSITION	exploratory	MSigDB_Hallmark (msigdbr 26.1.0)	Serpine2
HALLMARK_EPITHELIAL_MESENCHYMAL_TRANSITION	exploratory	MSigDB_Hallmark (msigdbr 26.1.0)	Serpinh1
HALLMARK_EPITHELIAL_MESENCHYMAL_TRANSITION	exploratory	MSigDB_Hallmark (msigdbr 26.1.0)	Sfrp1
HALLMARK_EPITHELIAL_MESENCHYMAL_TRANSITION	exploratory	MSigDB_Hallmark (msigdbr 26.1.0)	Sfrp4
HALLMARK_EPITHELIAL_MESENCHYMAL_TRANSITION	exploratory	MSigDB_Hallmark (msigdbr 26.1.0)	Sgcb
HALLMARK_EPITHELIAL_MESENCHYMAL_TRANSITION	exploratory	MSigDB_Hallmark (msigdbr 26.1.0)	Sgcd
HALLMARK_EPITHELIAL_MESENCHYMAL_TRANSITION	exploratory	MSigDB_Hallmark (msigdbr 26.1.0)	Sgcg
HALLMARK_EPITHELIAL_MESENCHYMAL_TRANSITION	exploratory	MSigDB_Hallmark (msigdbr 26.1.0)	Slc6a8
HALLMARK_EPITHELIAL_MESENCHYMAL_TRANSITION	exploratory	MSigDB_Hallmark (msigdbr 26.1.0)	Slit2
HALLMARK_EPITHELIAL_MESENCHYMAL_TRANSITION	exploratory	MSigDB_Hallmark (msigdbr 26.1.0)	Slit3
HALLMARK_EPITHELIAL_MESENCHYMAL_TRANSITION	exploratory	MSigDB_Hallmark (msigdbr 26.1.0)	Snai2
HALLMARK_EPITHELIAL_MESENCHYMAL_TRANSITION	exploratory	MSigDB_Hallmark (msigdbr 26.1.0)	Sntb1
HALLMARK_EPITHELIAL_MESENCHYMAL_TRANSITION	exploratory	MSigDB_Hallmark (msigdbr 26.1.0)	Sparc
HALLMARK_EPITHELIAL_MESENCHYMAL_TRANSITION	exploratory	MSigDB_Hallmark (msigdbr 26.1.0)	Spock1
HALLMARK_EPITHELIAL_MESENCHYMAL_TRANSITION	exploratory	MSigDB_Hallmark (msigdbr 26.1.0)	Spp1
HALLMARK_EPITHELIAL_MESENCHYMAL_TRANSITION	exploratory	MSigDB_Hallmark (msigdbr 26.1.0)	Tagln
HALLMARK_EPITHELIAL_MESENCHYMAL_TRANSITION	exploratory	MSigDB_Hallmark (msigdbr 26.1.0)	Tfpi2
HALLMARK_EPITHELIAL_MESENCHYMAL_TRANSITION	exploratory	MSigDB_Hallmark (msigdbr 26.1.0)	Tgfb1
HALLMARK_EPITHELIAL_MESENCHYMAL_TRANSITION	exploratory	MSigDB_Hallmark (msigdbr 26.1.0)	Tgfbi
HALLMARK_EPITHELIAL_MESENCHYMAL_TRANSITION	exploratory	MSigDB_Hallmark (msigdbr 26.1.0)	Tgfbr3
HALLMARK_EPITHELIAL_MESENCHYMAL_TRANSITION	exploratory	MSigDB_Hallmark (msigdbr 26.1.0)	Tgm2
HALLMARK_EPITHELIAL_MESENCHYMAL_TRANSITION	exploratory	MSigDB_Hallmark (msigdbr 26.1.0)	Thbs1
HALLMARK_EPITHELIAL_MESENCHYMAL_TRANSITION	exploratory	MSigDB_Hallmark (msigdbr 26.1.0)	Thbs2
HALLMARK_EPITHELIAL_MESENCHYMAL_TRANSITION	exploratory	MSigDB_Hallmark (msigdbr 26.1.0)	Thy1
HALLMARK_EPITHELIAL_MESENCHYMAL_TRANSITION	exploratory	MSigDB_Hallmark (msigdbr 26.1.0)	Timp1
HALLMARK_EPITHELIAL_MESENCHYMAL_TRANSITION	exploratory	MSigDB_Hallmark (msigdbr 26.1.0)	Timp3
HALLMARK_EPITHELIAL_MESENCHYMAL_TRANSITION	exploratory	MSigDB_Hallmark (msigdbr 26.1.0)	Tnc
HALLMARK_EPITHELIAL_MESENCHYMAL_TRANSITION	exploratory	MSigDB_Hallmark (msigdbr 26.1.0)	Tnfaip3
HALLMARK_EPITHELIAL_MESENCHYMAL_TRANSITION	exploratory	MSigDB_Hallmark (msigdbr 26.1.0)	Tnfrsf11b
HALLMARK_EPITHELIAL_MESENCHYMAL_TRANSITION	exploratory	MSigDB_Hallmark (msigdbr 26.1.0)	Tnfrsf12a
HALLMARK_EPITHELIAL_MESENCHYMAL_TRANSITION	exploratory	MSigDB_Hallmark (msigdbr 26.1.0)	Tpm1
HALLMARK_EPITHELIAL_MESENCHYMAL_TRANSITION	exploratory	MSigDB_Hallmark (msigdbr 26.1.0)	Tpm2
HALLMARK_EPITHELIAL_MESENCHYMAL_TRANSITION	exploratory	MSigDB_Hallmark (msigdbr 26.1.0)	Tpm4
HALLMARK_EPITHELIAL_MESENCHYMAL_TRANSITION	exploratory	MSigDB_Hallmark (msigdbr 26.1.0)	Vcam1
HALLMARK_EPITHELIAL_MESENCHYMAL_TRANSITION	exploratory	MSigDB_Hallmark (msigdbr 26.1.0)	Vcan
HALLMARK_EPITHELIAL_MESENCHYMAL_TRANSITION	exploratory	MSigDB_Hallmark (msigdbr 26.1.0)	Vegfa
HALLMARK_EPITHELIAL_MESENCHYMAL_TRANSITION	exploratory	MSigDB_Hallmark (msigdbr 26.1.0)	Vegfc
HALLMARK_EPITHELIAL_MESENCHYMAL_TRANSITION	exploratory	MSigDB_Hallmark (msigdbr 26.1.0)	Vim
HALLMARK_EPITHELIAL_MESENCHYMAL_TRANSITION	exploratory	MSigDB_Hallmark (msigdbr 26.1.0)	Wipf1
HALLMARK_EPITHELIAL_MESENCHYMAL_TRANSITION	exploratory	MSigDB_Hallmark (msigdbr 26.1.0)	Wnt5a
HALLMARK_ESTROGEN_RESPONSE_EARLY	exploratory	MSigDB_Hallmark (msigdbr 26.1.0)	Abat
HALLMARK_ESTROGEN_RESPONSE_EARLY	exploratory	MSigDB_Hallmark (msigdbr 26.1.0)	Abca3
HALLMARK_ESTROGEN_RESPONSE_EARLY	exploratory	MSigDB_Hallmark (msigdbr 26.1.0)	Abhd2
HALLMARK_ESTROGEN_RESPONSE_EARLY	exploratory	MSigDB_Hallmark (msigdbr 26.1.0)	Ablim1
HALLMARK_ESTROGEN_RESPONSE_EARLY	exploratory	MSigDB_Hallmark (msigdbr 26.1.0)	Adcy1
HALLMARK_ESTROGEN_RESPONSE_EARLY	exploratory	MSigDB_Hallmark (msigdbr 26.1.0)	Adcy9
HALLMARK_ESTROGEN_RESPONSE_EARLY	exploratory	MSigDB_Hallmark (msigdbr 26.1.0)	Add3
HALLMARK_ESTROGEN_RESPONSE_EARLY	exploratory	MSigDB_Hallmark (msigdbr 26.1.0)	Aff1
HALLMARK_ESTROGEN_RESPONSE_EARLY	exploratory	MSigDB_Hallmark (msigdbr 26.1.0)	Akap1
HALLMARK_ESTROGEN_RESPONSE_EARLY	exploratory	MSigDB_Hallmark (msigdbr 26.1.0)	Aldh3b1
HALLMARK_ESTROGEN_RESPONSE_EARLY	exploratory	MSigDB_Hallmark (msigdbr 26.1.0)	Amfr
HALLMARK_ESTROGEN_RESPONSE_EARLY	exploratory	MSigDB_Hallmark (msigdbr 26.1.0)	Anxa9
HALLMARK_ESTROGEN_RESPONSE_EARLY	exploratory	MSigDB_Hallmark (msigdbr 26.1.0)	Aqp3
HALLMARK_ESTROGEN_RESPONSE_EARLY	exploratory	MSigDB_Hallmark (msigdbr 26.1.0)	Ar
HALLMARK_ESTROGEN_RESPONSE_EARLY	exploratory	MSigDB_Hallmark (msigdbr 26.1.0)	Areg
HALLMARK_ESTROGEN_RESPONSE_EARLY	exploratory	MSigDB_Hallmark (msigdbr 26.1.0)	Arl3
HALLMARK_ESTROGEN_RESPONSE_EARLY	exploratory	MSigDB_Hallmark (msigdbr 26.1.0)	Asb13
HALLMARK_ESTROGEN_RESPONSE_EARLY	exploratory	MSigDB_Hallmark (msigdbr 26.1.0)	B4galt1
HALLMARK_ESTROGEN_RESPONSE_EARLY	exploratory	MSigDB_Hallmark (msigdbr 26.1.0)	Bag1
HALLMARK_ESTROGEN_RESPONSE_EARLY	exploratory	MSigDB_Hallmark (msigdbr 26.1.0)	Bcl11b
HALLMARK_ESTROGEN_RESPONSE_EARLY	exploratory	MSigDB_Hallmark (msigdbr 26.1.0)	Bcl2
HALLMARK_ESTROGEN_RESPONSE_EARLY	exploratory	MSigDB_Hallmark (msigdbr 26.1.0)	Bhlhe40
HALLMARK_ESTROGEN_RESPONSE_EARLY	exploratory	MSigDB_Hallmark (msigdbr 26.1.0)	Blvrb
HALLMARK_ESTROGEN_RESPONSE_EARLY	exploratory	MSigDB_Hallmark (msigdbr 26.1.0)	Car12
HALLMARK_ESTROGEN_RESPONSE_EARLY	exploratory	MSigDB_Hallmark (msigdbr 26.1.0)	Calb2
HALLMARK_ESTROGEN_RESPONSE_EARLY	exploratory	MSigDB_Hallmark (msigdbr 26.1.0)	Calcr
HALLMARK_ESTROGEN_RESPONSE_EARLY	exploratory	MSigDB_Hallmark (msigdbr 26.1.0)	Cant1
HALLMARK_ESTROGEN_RESPONSE_EARLY	exploratory	MSigDB_Hallmark (msigdbr 26.1.0)	Cbfa2t3
HALLMARK_ESTROGEN_RESPONSE_EARLY	exploratory	MSigDB_Hallmark (msigdbr 26.1.0)	Ccn5
HALLMARK_ESTROGEN_RESPONSE_EARLY	exploratory	MSigDB_Hallmark (msigdbr 26.1.0)	Ccnd1
HALLMARK_ESTROGEN_RESPONSE_EARLY	exploratory	MSigDB_Hallmark (msigdbr 26.1.0)	Cd44
HALLMARK_ESTROGEN_RESPONSE_EARLY	exploratory	MSigDB_Hallmark (msigdbr 26.1.0)	Celsr1
HALLMARK_ESTROGEN_RESPONSE_EARLY	exploratory	MSigDB_Hallmark (msigdbr 26.1.0)	Celsr2
HALLMARK_ESTROGEN_RESPONSE_EARLY	exploratory	MSigDB_Hallmark (msigdbr 26.1.0)	Chpt1
HALLMARK_ESTROGEN_RESPONSE_EARLY	exploratory	MSigDB_Hallmark (msigdbr 26.1.0)	Cish
HALLMARK_ESTROGEN_RESPONSE_EARLY	exploratory	MSigDB_Hallmark (msigdbr 26.1.0)	Cldn7
HALLMARK_ESTROGEN_RESPONSE_EARLY	exploratory	MSigDB_Hallmark (msigdbr 26.1.0)	Clic3
HALLMARK_ESTROGEN_RESPONSE_EARLY	exploratory	MSigDB_Hallmark (msigdbr 26.1.0)	Cxcl12
HALLMARK_ESTROGEN_RESPONSE_EARLY	exploratory	MSigDB_Hallmark (msigdbr 26.1.0)	Cyp26b1
HALLMARK_ESTROGEN_RESPONSE_EARLY	exploratory	MSigDB_Hallmark (msigdbr 26.1.0)	Deptor
HALLMARK_ESTROGEN_RESPONSE_EARLY	exploratory	MSigDB_Hallmark (msigdbr 26.1.0)	Dhcr7
HALLMARK_ESTROGEN_RESPONSE_EARLY	exploratory	MSigDB_Hallmark (msigdbr 26.1.0)	Dhrs2
HALLMARK_ESTROGEN_RESPONSE_EARLY	exploratory	MSigDB_Hallmark (msigdbr 26.1.0)	Dhrs3
HALLMARK_ESTROGEN_RESPONSE_EARLY	exploratory	MSigDB_Hallmark (msigdbr 26.1.0)	Dlc1
HALLMARK_ESTROGEN_RESPONSE_EARLY	exploratory	MSigDB_Hallmark (msigdbr 26.1.0)	Dynlt3
HALLMARK_ESTROGEN_RESPONSE_EARLY	exploratory	MSigDB_Hallmark (msigdbr 26.1.0)	Fam102a
HALLMARK_ESTROGEN_RESPONSE_EARLY	exploratory	MSigDB_Hallmark (msigdbr 26.1.0)	Egr3
HALLMARK_ESTROGEN_RESPONSE_EARLY	exploratory	MSigDB_Hallmark (msigdbr 26.1.0)	Elf1
HALLMARK_ESTROGEN_RESPONSE_EARLY	exploratory	MSigDB_Hallmark (msigdbr 26.1.0)	Elf3
HALLMARK_ESTROGEN_RESPONSE_EARLY	exploratory	MSigDB_Hallmark (msigdbr 26.1.0)	Elovl2
HALLMARK_ESTROGEN_RESPONSE_EARLY	exploratory	MSigDB_Hallmark (msigdbr 26.1.0)	Elovl5
HALLMARK_ESTROGEN_RESPONSE_EARLY	exploratory	MSigDB_Hallmark (msigdbr 26.1.0)	Endod1
HALLMARK_ESTROGEN_RESPONSE_EARLY	exploratory	MSigDB_Hallmark (msigdbr 26.1.0)	Esrp2
HALLMARK_ESTROGEN_RESPONSE_EARLY	exploratory	MSigDB_Hallmark (msigdbr 26.1.0)	Farp1
HALLMARK_ESTROGEN_RESPONSE_EARLY	exploratory	MSigDB_Hallmark (msigdbr 26.1.0)	Fasn
HALLMARK_ESTROGEN_RESPONSE_EARLY	exploratory	MSigDB_Hallmark (msigdbr 26.1.0)	Fcmr
HALLMARK_ESTROGEN_RESPONSE_EARLY	exploratory	MSigDB_Hallmark (msigdbr 26.1.0)	Fdft1
HALLMARK_ESTROGEN_RESPONSE_EARLY	exploratory	MSigDB_Hallmark (msigdbr 26.1.0)	Fhl2
HALLMARK_ESTROGEN_RESPONSE_EARLY	exploratory	MSigDB_Hallmark (msigdbr 26.1.0)	Fkbp4
HALLMARK_ESTROGEN_RESPONSE_EARLY	exploratory	MSigDB_Hallmark (msigdbr 26.1.0)	Fkbp5
HALLMARK_ESTROGEN_RESPONSE_EARLY	exploratory	MSigDB_Hallmark (msigdbr 26.1.0)	Flnb
HALLMARK_ESTROGEN_RESPONSE_EARLY	exploratory	MSigDB_Hallmark (msigdbr 26.1.0)	Fos
HALLMARK_ESTROGEN_RESPONSE_EARLY	exploratory	MSigDB_Hallmark (msigdbr 26.1.0)	Foxc1
HALLMARK_ESTROGEN_RESPONSE_EARLY	exploratory	MSigDB_Hallmark (msigdbr 26.1.0)	Frk
HALLMARK_ESTROGEN_RESPONSE_EARLY	exploratory	MSigDB_Hallmark (msigdbr 26.1.0)	Gab2
HALLMARK_ESTROGEN_RESPONSE_EARLY	exploratory	MSigDB_Hallmark (msigdbr 26.1.0)	Gfra1
HALLMARK_ESTROGEN_RESPONSE_EARLY	exploratory	MSigDB_Hallmark (msigdbr 26.1.0)	Gja1
HALLMARK_ESTROGEN_RESPONSE_EARLY	exploratory	MSigDB_Hallmark (msigdbr 26.1.0)	Gla
HALLMARK_ESTROGEN_RESPONSE_EARLY	exploratory	MSigDB_Hallmark (msigdbr 26.1.0)	Greb1
HALLMARK_ESTROGEN_RESPONSE_EARLY	exploratory	MSigDB_Hallmark (msigdbr 26.1.0)	Hes1
HALLMARK_ESTROGEN_RESPONSE_EARLY	exploratory	MSigDB_Hallmark (msigdbr 26.1.0)	Hr
HALLMARK_ESTROGEN_RESPONSE_EARLY	exploratory	MSigDB_Hallmark (msigdbr 26.1.0)	Hspb8
HALLMARK_ESTROGEN_RESPONSE_EARLY	exploratory	MSigDB_Hallmark (msigdbr 26.1.0)	Igf1r
HALLMARK_ESTROGEN_RESPONSE_EARLY	exploratory	MSigDB_Hallmark (msigdbr 26.1.0)	Igfbp4
HALLMARK_ESTROGEN_RESPONSE_EARLY	exploratory	MSigDB_Hallmark (msigdbr 26.1.0)	Il17rb
HALLMARK_ESTROGEN_RESPONSE_EARLY	exploratory	MSigDB_Hallmark (msigdbr 26.1.0)	Il6st
HALLMARK_ESTROGEN_RESPONSE_EARLY	exploratory	MSigDB_Hallmark (msigdbr 26.1.0)	Inhbb
HALLMARK_ESTROGEN_RESPONSE_EARLY	exploratory	MSigDB_Hallmark (msigdbr 26.1.0)	Inpp5f
HALLMARK_ESTROGEN_RESPONSE_EARLY	exploratory	MSigDB_Hallmark (msigdbr 26.1.0)	Isg20l2
HALLMARK_ESTROGEN_RESPONSE_EARLY	exploratory	MSigDB_Hallmark (msigdbr 26.1.0)	Itpk1
HALLMARK_ESTROGEN_RESPONSE_EARLY	exploratory	MSigDB_Hallmark (msigdbr 26.1.0)	Jak2
HALLMARK_ESTROGEN_RESPONSE_EARLY	exploratory	MSigDB_Hallmark (msigdbr 26.1.0)	Kazn
HALLMARK_ESTROGEN_RESPONSE_EARLY	exploratory	MSigDB_Hallmark (msigdbr 26.1.0)	Kcnk15
HALLMARK_ESTROGEN_RESPONSE_EARLY	exploratory	MSigDB_Hallmark (msigdbr 26.1.0)	Kcnk5
HALLMARK_ESTROGEN_RESPONSE_EARLY	exploratory	MSigDB_Hallmark (msigdbr 26.1.0)	Kdm4b
HALLMARK_ESTROGEN_RESPONSE_EARLY	exploratory	MSigDB_Hallmark (msigdbr 26.1.0)	Klf10
HALLMARK_ESTROGEN_RESPONSE_EARLY	exploratory	MSigDB_Hallmark (msigdbr 26.1.0)	Klf4
HALLMARK_ESTROGEN_RESPONSE_EARLY	exploratory	MSigDB_Hallmark (msigdbr 26.1.0)	Klk10
HALLMARK_ESTROGEN_RESPONSE_EARLY	exploratory	MSigDB_Hallmark (msigdbr 26.1.0)	Krt13
HALLMARK_ESTROGEN_RESPONSE_EARLY	exploratory	MSigDB_Hallmark (msigdbr 26.1.0)	Krt15
HALLMARK_ESTROGEN_RESPONSE_EARLY	exploratory	MSigDB_Hallmark (msigdbr 26.1.0)	Krt18
HALLMARK_ESTROGEN_RESPONSE_EARLY	exploratory	MSigDB_Hallmark (msigdbr 26.1.0)	Krt19
HALLMARK_ESTROGEN_RESPONSE_EARLY	exploratory	MSigDB_Hallmark (msigdbr 26.1.0)	Krt8
HALLMARK_ESTROGEN_RESPONSE_EARLY	exploratory	MSigDB_Hallmark (msigdbr 26.1.0)	Lad1
HALLMARK_ESTROGEN_RESPONSE_EARLY	exploratory	MSigDB_Hallmark (msigdbr 26.1.0)	Lrig1
HALLMARK_ESTROGEN_RESPONSE_EARLY	exploratory	MSigDB_Hallmark (msigdbr 26.1.0)	Mapt
HALLMARK_ESTROGEN_RESPONSE_EARLY	exploratory	MSigDB_Hallmark (msigdbr 26.1.0)	Mast4
HALLMARK_ESTROGEN_RESPONSE_EARLY	exploratory	MSigDB_Hallmark (msigdbr 26.1.0)	Med13l
HALLMARK_ESTROGEN_RESPONSE_EARLY	exploratory	MSigDB_Hallmark (msigdbr 26.1.0)	Med24
HALLMARK_ESTROGEN_RESPONSE_EARLY	exploratory	MSigDB_Hallmark (msigdbr 26.1.0)	Mill2
HALLMARK_ESTROGEN_RESPONSE_EARLY	exploratory	MSigDB_Hallmark (msigdbr 26.1.0)	Mindy1
HALLMARK_ESTROGEN_RESPONSE_EARLY	exploratory	MSigDB_Hallmark (msigdbr 26.1.0)	Mlph
HALLMARK_ESTROGEN_RESPONSE_EARLY	exploratory	MSigDB_Hallmark (msigdbr 26.1.0)	Mpped2
HALLMARK_ESTROGEN_RESPONSE_EARLY	exploratory	MSigDB_Hallmark (msigdbr 26.1.0)	Mreg
HALLMARK_ESTROGEN_RESPONSE_EARLY	exploratory	MSigDB_Hallmark (msigdbr 26.1.0)	Msmb
HALLMARK_ESTROGEN_RESPONSE_EARLY	exploratory	MSigDB_Hallmark (msigdbr 26.1.0)	Muc1
HALLMARK_ESTROGEN_RESPONSE_EARLY	exploratory	MSigDB_Hallmark (msigdbr 26.1.0)	Myb
HALLMARK_ESTROGEN_RESPONSE_EARLY	exploratory	MSigDB_Hallmark (msigdbr 26.1.0)	Mybbp1a
HALLMARK_ESTROGEN_RESPONSE_EARLY	exploratory	MSigDB_Hallmark (msigdbr 26.1.0)	Mybl1
HALLMARK_ESTROGEN_RESPONSE_EARLY	exploratory	MSigDB_Hallmark (msigdbr 26.1.0)	Myc
HALLMARK_ESTROGEN_RESPONSE_EARLY	exploratory	MSigDB_Hallmark (msigdbr 26.1.0)	Myof
HALLMARK_ESTROGEN_RESPONSE_EARLY	exploratory	MSigDB_Hallmark (msigdbr 26.1.0)	Nadsyn1
HALLMARK_ESTROGEN_RESPONSE_EARLY	exploratory	MSigDB_Hallmark (msigdbr 26.1.0)	Nav2
HALLMARK_ESTROGEN_RESPONSE_EARLY	exploratory	MSigDB_Hallmark (msigdbr 26.1.0)	Nbl1
HALLMARK_ESTROGEN_RESPONSE_EARLY	exploratory	MSigDB_Hallmark (msigdbr 26.1.0)	Ncor2
HALLMARK_ESTROGEN_RESPONSE_EARLY	exploratory	MSigDB_Hallmark (msigdbr 26.1.0)	Slc9a3r1
HALLMARK_ESTROGEN_RESPONSE_EARLY	exploratory	MSigDB_Hallmark (msigdbr 26.1.0)	Npy1r
HALLMARK_ESTROGEN_RESPONSE_EARLY	exploratory	MSigDB_Hallmark (msigdbr 26.1.0)	Nrip1
HALLMARK_ESTROGEN_RESPONSE_EARLY	exploratory	MSigDB_Hallmark (msigdbr 26.1.0)	Nxt1
HALLMARK_ESTROGEN_RESPONSE_EARLY	exploratory	MSigDB_Hallmark (msigdbr 26.1.0)	Olfm1
HALLMARK_ESTROGEN_RESPONSE_EARLY	exploratory	MSigDB_Hallmark (msigdbr 26.1.0)	Olfml3
HALLMARK_ESTROGEN_RESPONSE_EARLY	exploratory	MSigDB_Hallmark (msigdbr 26.1.0)	Opn3
HALLMARK_ESTROGEN_RESPONSE_EARLY	exploratory	MSigDB_Hallmark (msigdbr 26.1.0)	Ovol2
HALLMARK_ESTROGEN_RESPONSE_EARLY	exploratory	MSigDB_Hallmark (msigdbr 26.1.0)	P2ry2
HALLMARK_ESTROGEN_RESPONSE_EARLY	exploratory	MSigDB_Hallmark (msigdbr 26.1.0)	Papss2
HALLMARK_ESTROGEN_RESPONSE_EARLY	exploratory	MSigDB_Hallmark (msigdbr 26.1.0)	Pdlim3
HALLMARK_ESTROGEN_RESPONSE_EARLY	exploratory	MSigDB_Hallmark (msigdbr 26.1.0)	Pdzk1
HALLMARK_ESTROGEN_RESPONSE_EARLY	exploratory	MSigDB_Hallmark (msigdbr 26.1.0)	Pex11a
HALLMARK_ESTROGEN_RESPONSE_EARLY	exploratory	MSigDB_Hallmark (msigdbr 26.1.0)	Pgr
HALLMARK_ESTROGEN_RESPONSE_EARLY	exploratory	MSigDB_Hallmark (msigdbr 26.1.0)	Plaat3
HALLMARK_ESTROGEN_RESPONSE_EARLY	exploratory	MSigDB_Hallmark (msigdbr 26.1.0)	Pmaip1
HALLMARK_ESTROGEN_RESPONSE_EARLY	exploratory	MSigDB_Hallmark (msigdbr 26.1.0)	Podxl
HALLMARK_ESTROGEN_RESPONSE_EARLY	exploratory	MSigDB_Hallmark (msigdbr 26.1.0)	Ppif
HALLMARK_ESTROGEN_RESPONSE_EARLY	exploratory	MSigDB_Hallmark (msigdbr 26.1.0)	Prss23
HALLMARK_ESTROGEN_RESPONSE_EARLY	exploratory	MSigDB_Hallmark (msigdbr 26.1.0)	Ptges
HALLMARK_ESTROGEN_RESPONSE_EARLY	exploratory	MSigDB_Hallmark (msigdbr 26.1.0)	Rab17
HALLMARK_ESTROGEN_RESPONSE_EARLY	exploratory	MSigDB_Hallmark (msigdbr 26.1.0)	Rab31
HALLMARK_ESTROGEN_RESPONSE_EARLY	exploratory	MSigDB_Hallmark (msigdbr 26.1.0)	Rapgefl1
HALLMARK_ESTROGEN_RESPONSE_EARLY	exploratory	MSigDB_Hallmark (msigdbr 26.1.0)	Rara
HALLMARK_ESTROGEN_RESPONSE_EARLY	exploratory	MSigDB_Hallmark (msigdbr 26.1.0)	Rasgrp1
HALLMARK_ESTROGEN_RESPONSE_EARLY	exploratory	MSigDB_Hallmark (msigdbr 26.1.0)	Rbbp8
HALLMARK_ESTROGEN_RESPONSE_EARLY	exploratory	MSigDB_Hallmark (msigdbr 26.1.0)	Reep1
HALLMARK_ESTROGEN_RESPONSE_EARLY	exploratory	MSigDB_Hallmark (msigdbr 26.1.0)	Ret
HALLMARK_ESTROGEN_RESPONSE_EARLY	exploratory	MSigDB_Hallmark (msigdbr 26.1.0)	Retreg1
HALLMARK_ESTROGEN_RESPONSE_EARLY	exploratory	MSigDB_Hallmark (msigdbr 26.1.0)	Rhobtb3
HALLMARK_ESTROGEN_RESPONSE_EARLY	exploratory	MSigDB_Hallmark (msigdbr 26.1.0)	Rhod
HALLMARK_ESTROGEN_RESPONSE_EARLY	exploratory	MSigDB_Hallmark (msigdbr 26.1.0)	Rps6ka2
HALLMARK_ESTROGEN_RESPONSE_EARLY	exploratory	MSigDB_Hallmark (msigdbr 26.1.0)	Rrp12
HALLMARK_ESTROGEN_RESPONSE_EARLY	exploratory	MSigDB_Hallmark (msigdbr 26.1.0)	Scarb1
HALLMARK_ESTROGEN_RESPONSE_EARLY	exploratory	MSigDB_Hallmark (msigdbr 26.1.0)	Scnn1a
HALLMARK_ESTROGEN_RESPONSE_EARLY	exploratory	MSigDB_Hallmark (msigdbr 26.1.0)	Sec14l2
HALLMARK_ESTROGEN_RESPONSE_EARLY	exploratory	MSigDB_Hallmark (msigdbr 26.1.0)	Sema3b
HALLMARK_ESTROGEN_RESPONSE_EARLY	exploratory	MSigDB_Hallmark (msigdbr 26.1.0)	Sfn
HALLMARK_ESTROGEN_RESPONSE_EARLY	exploratory	MSigDB_Hallmark (msigdbr 26.1.0)	Sh3bp5
HALLMARK_ESTROGEN_RESPONSE_EARLY	exploratory	MSigDB_Hallmark (msigdbr 26.1.0)	Siah2
HALLMARK_ESTROGEN_RESPONSE_EARLY	exploratory	MSigDB_Hallmark (msigdbr 26.1.0)	Slc16a1
HALLMARK_ESTROGEN_RESPONSE_EARLY	exploratory	MSigDB_Hallmark (msigdbr 26.1.0)	Slc19a2
HALLMARK_ESTROGEN_RESPONSE_EARLY	exploratory	MSigDB_Hallmark (msigdbr 26.1.0)	Slc1a1
HALLMARK_ESTROGEN_RESPONSE_EARLY	exploratory	MSigDB_Hallmark (msigdbr 26.1.0)	Slc1a4
HALLMARK_ESTROGEN_RESPONSE_EARLY	exploratory	MSigDB_Hallmark (msigdbr 26.1.0)	Slc22a5
HALLMARK_ESTROGEN_RESPONSE_EARLY	exploratory	MSigDB_Hallmark (msigdbr 26.1.0)	Slc24a3
HALLMARK_ESTROGEN_RESPONSE_EARLY	exploratory	MSigDB_Hallmark (msigdbr 26.1.0)	Slc26a2
HALLMARK_ESTROGEN_RESPONSE_EARLY	exploratory	MSigDB_Hallmark (msigdbr 26.1.0)	Slc27a2
HALLMARK_ESTROGEN_RESPONSE_EARLY	exploratory	MSigDB_Hallmark (msigdbr 26.1.0)	Slc2a1
HALLMARK_ESTROGEN_RESPONSE_EARLY	exploratory	MSigDB_Hallmark (msigdbr 26.1.0)	Slc37a1
HALLMARK_ESTROGEN_RESPONSE_EARLY	exploratory	MSigDB_Hallmark (msigdbr 26.1.0)	Slc39a6
HALLMARK_ESTROGEN_RESPONSE_EARLY	exploratory	MSigDB_Hallmark (msigdbr 26.1.0)	Slc7a2
HALLMARK_ESTROGEN_RESPONSE_EARLY	exploratory	MSigDB_Hallmark (msigdbr 26.1.0)	Slc7a5
HALLMARK_ESTROGEN_RESPONSE_EARLY	exploratory	MSigDB_Hallmark (msigdbr 26.1.0)	Snx24
HALLMARK_ESTROGEN_RESPONSE_EARLY	exploratory	MSigDB_Hallmark (msigdbr 26.1.0)	Sox3
HALLMARK_ESTROGEN_RESPONSE_EARLY	exploratory	MSigDB_Hallmark (msigdbr 26.1.0)	Stc2
HALLMARK_ESTROGEN_RESPONSE_EARLY	exploratory	MSigDB_Hallmark (msigdbr 26.1.0)	Sult2b1
HALLMARK_ESTROGEN_RESPONSE_EARLY	exploratory	MSigDB_Hallmark (msigdbr 26.1.0)	Svil
HALLMARK_ESTROGEN_RESPONSE_EARLY	exploratory	MSigDB_Hallmark (msigdbr 26.1.0)	Sybu
HALLMARK_ESTROGEN_RESPONSE_EARLY	exploratory	MSigDB_Hallmark (msigdbr 26.1.0)	Syngr1
HALLMARK_ESTROGEN_RESPONSE_EARLY	exploratory	MSigDB_Hallmark (msigdbr 26.1.0)	Syt12
HALLMARK_ESTROGEN_RESPONSE_EARLY	exploratory	MSigDB_Hallmark (msigdbr 26.1.0)	Tbc1d30
HALLMARK_ESTROGEN_RESPONSE_EARLY	exploratory	MSigDB_Hallmark (msigdbr 26.1.0)	Tfap2c
HALLMARK_ESTROGEN_RESPONSE_EARLY	exploratory	MSigDB_Hallmark (msigdbr 26.1.0)	Tff1
HALLMARK_ESTROGEN_RESPONSE_EARLY	exploratory	MSigDB_Hallmark (msigdbr 26.1.0)	Tff3
HALLMARK_ESTROGEN_RESPONSE_EARLY	exploratory	MSigDB_Hallmark (msigdbr 26.1.0)	Tgif2
HALLMARK_ESTROGEN_RESPONSE_EARLY	exploratory	MSigDB_Hallmark (msigdbr 26.1.0)	Tgm2
HALLMARK_ESTROGEN_RESPONSE_EARLY	exploratory	MSigDB_Hallmark (msigdbr 26.1.0)	Thsd4
HALLMARK_ESTROGEN_RESPONSE_EARLY	exploratory	MSigDB_Hallmark (msigdbr 26.1.0)	Tiam1
HALLMARK_ESTROGEN_RESPONSE_EARLY	exploratory	MSigDB_Hallmark (msigdbr 26.1.0)	Tiparp
HALLMARK_ESTROGEN_RESPONSE_EARLY	exploratory	MSigDB_Hallmark (msigdbr 26.1.0)	Tjp3
HALLMARK_ESTROGEN_RESPONSE_EARLY	exploratory	MSigDB_Hallmark (msigdbr 26.1.0)	Tmem164
HALLMARK_ESTROGEN_RESPONSE_EARLY	exploratory	MSigDB_Hallmark (msigdbr 26.1.0)	Tmprss3
HALLMARK_ESTROGEN_RESPONSE_EARLY	exploratory	MSigDB_Hallmark (msigdbr 26.1.0)	Tob1
HALLMARK_ESTROGEN_RESPONSE_EARLY	exploratory	MSigDB_Hallmark (msigdbr 26.1.0)	Tpbg
HALLMARK_ESTROGEN_RESPONSE_EARLY	exploratory	MSigDB_Hallmark (msigdbr 26.1.0)	Tpd52l1
HALLMARK_ESTROGEN_RESPONSE_EARLY	exploratory	MSigDB_Hallmark (msigdbr 26.1.0)	Tsku
HALLMARK_ESTROGEN_RESPONSE_EARLY	exploratory	MSigDB_Hallmark (msigdbr 26.1.0)	Ttc39a
HALLMARK_ESTROGEN_RESPONSE_EARLY	exploratory	MSigDB_Hallmark (msigdbr 26.1.0)	Tubb2b
HALLMARK_ESTROGEN_RESPONSE_EARLY	exploratory	MSigDB_Hallmark (msigdbr 26.1.0)	Ugcg
HALLMARK_ESTROGEN_RESPONSE_EARLY	exploratory	MSigDB_Hallmark (msigdbr 26.1.0)	Unc119
HALLMARK_ESTROGEN_RESPONSE_EARLY	exploratory	MSigDB_Hallmark (msigdbr 26.1.0)	Wfs1
HALLMARK_ESTROGEN_RESPONSE_EARLY	exploratory	MSigDB_Hallmark (msigdbr 26.1.0)	Wwc1
HALLMARK_ESTROGEN_RESPONSE_EARLY	exploratory	MSigDB_Hallmark (msigdbr 26.1.0)	Xbp1
HALLMARK_ESTROGEN_RESPONSE_EARLY	exploratory	MSigDB_Hallmark (msigdbr 26.1.0)	Zfp185
HALLMARK_ESTROGEN_RESPONSE_LATE	exploratory	MSigDB_Hallmark (msigdbr 26.1.0)	Abca3
HALLMARK_ESTROGEN_RESPONSE_LATE	exploratory	MSigDB_Hallmark (msigdbr 26.1.0)	Abhd2
HALLMARK_ESTROGEN_RESPONSE_LATE	exploratory	MSigDB_Hallmark (msigdbr 26.1.0)	Acox2
HALLMARK_ESTROGEN_RESPONSE_LATE	exploratory	MSigDB_Hallmark (msigdbr 26.1.0)	Add3
HALLMARK_ESTROGEN_RESPONSE_LATE	exploratory	MSigDB_Hallmark (msigdbr 26.1.0)	Aff1
HALLMARK_ESTROGEN_RESPONSE_LATE	exploratory	MSigDB_Hallmark (msigdbr 26.1.0)	Agr2
HALLMARK_ESTROGEN_RESPONSE_LATE	exploratory	MSigDB_Hallmark (msigdbr 26.1.0)	Aldh3a2
HALLMARK_ESTROGEN_RESPONSE_LATE	exploratory	MSigDB_Hallmark (msigdbr 26.1.0)	Aldh3b1
HALLMARK_ESTROGEN_RESPONSE_LATE	exploratory	MSigDB_Hallmark (msigdbr 26.1.0)	Amfr
HALLMARK_ESTROGEN_RESPONSE_LATE	exploratory	MSigDB_Hallmark (msigdbr 26.1.0)	Anxa9
HALLMARK_ESTROGEN_RESPONSE_LATE	exploratory	MSigDB_Hallmark (msigdbr 26.1.0)	Areg
HALLMARK_ESTROGEN_RESPONSE_LATE	exploratory	MSigDB_Hallmark (msigdbr 26.1.0)	Arl3
HALLMARK_ESTROGEN_RESPONSE_LATE	exploratory	MSigDB_Hallmark (msigdbr 26.1.0)	Ascl1
HALLMARK_ESTROGEN_RESPONSE_LATE	exploratory	MSigDB_Hallmark (msigdbr 26.1.0)	Ass1
HALLMARK_ESTROGEN_RESPONSE_LATE	exploratory	MSigDB_Hallmark (msigdbr 26.1.0)	Atp2b4
HALLMARK_ESTROGEN_RESPONSE_LATE	exploratory	MSigDB_Hallmark (msigdbr 26.1.0)	Bag1
HALLMARK_ESTROGEN_RESPONSE_LATE	exploratory	MSigDB_Hallmark (msigdbr 26.1.0)	Batf
HALLMARK_ESTROGEN_RESPONSE_LATE	exploratory	MSigDB_Hallmark (msigdbr 26.1.0)	Bcl2
HALLMARK_ESTROGEN_RESPONSE_LATE	exploratory	MSigDB_Hallmark (msigdbr 26.1.0)	Blvrb
HALLMARK_ESTROGEN_RESPONSE_LATE	exploratory	MSigDB_Hallmark (msigdbr 26.1.0)	Btg3
HALLMARK_ESTROGEN_RESPONSE_LATE	exploratory	MSigDB_Hallmark (msigdbr 26.1.0)	Car12
HALLMARK_ESTROGEN_RESPONSE_LATE	exploratory	MSigDB_Hallmark (msigdbr 26.1.0)	Car2
HALLMARK_ESTROGEN_RESPONSE_LATE	exploratory	MSigDB_Hallmark (msigdbr 26.1.0)	Cacna2d2
HALLMARK_ESTROGEN_RESPONSE_LATE	exploratory	MSigDB_Hallmark (msigdbr 26.1.0)	Calcr
HALLMARK_ESTROGEN_RESPONSE_LATE	exploratory	MSigDB_Hallmark (msigdbr 26.1.0)	Cav1
HALLMARK_ESTROGEN_RESPONSE_LATE	exploratory	MSigDB_Hallmark (msigdbr 26.1.0)	Ccn5
HALLMARK_ESTROGEN_RESPONSE_LATE	exploratory	MSigDB_Hallmark (msigdbr 26.1.0)	Ccna1
HALLMARK_ESTROGEN_RESPONSE_LATE	exploratory	MSigDB_Hallmark (msigdbr 26.1.0)	Ccnd1
HALLMARK_ESTROGEN_RESPONSE_LATE	exploratory	MSigDB_Hallmark (msigdbr 26.1.0)	Cd44
HALLMARK_ESTROGEN_RESPONSE_LATE	exploratory	MSigDB_Hallmark (msigdbr 26.1.0)	Cd9
HALLMARK_ESTROGEN_RESPONSE_LATE	exploratory	MSigDB_Hallmark (msigdbr 26.1.0)	Cdc20
HALLMARK_ESTROGEN_RESPONSE_LATE	exploratory	MSigDB_Hallmark (msigdbr 26.1.0)	Cdc6
HALLMARK_ESTROGEN_RESPONSE_LATE	exploratory	MSigDB_Hallmark (msigdbr 26.1.0)	Cdh1
HALLMARK_ESTROGEN_RESPONSE_LATE	exploratory	MSigDB_Hallmark (msigdbr 26.1.0)	Celsr2
HALLMARK_ESTROGEN_RESPONSE_LATE	exploratory	MSigDB_Hallmark (msigdbr 26.1.0)	Chpt1
HALLMARK_ESTROGEN_RESPONSE_LATE	exploratory	MSigDB_Hallmark (msigdbr 26.1.0)	Chst8
HALLMARK_ESTROGEN_RESPONSE_LATE	exploratory	MSigDB_Hallmark (msigdbr 26.1.0)	Cish
HALLMARK_ESTROGEN_RESPONSE_LATE	exploratory	MSigDB_Hallmark (msigdbr 26.1.0)	Ckb
HALLMARK_ESTROGEN_RESPONSE_LATE	exploratory	MSigDB_Hallmark (msigdbr 26.1.0)	Clic3
HALLMARK_ESTROGEN_RESPONSE_LATE	exploratory	MSigDB_Hallmark (msigdbr 26.1.0)	Cox6c
HALLMARK_ESTROGEN_RESPONSE_LATE	exploratory	MSigDB_Hallmark (msigdbr 26.1.0)	Cpe
HALLMARK_ESTROGEN_RESPONSE_LATE	exploratory	MSigDB_Hallmark (msigdbr 26.1.0)	Cxcl12
HALLMARK_ESTROGEN_RESPONSE_LATE	exploratory	MSigDB_Hallmark (msigdbr 26.1.0)	Cxcl14
HALLMARK_ESTROGEN_RESPONSE_LATE	exploratory	MSigDB_Hallmark (msigdbr 26.1.0)	Cyp26b1
HALLMARK_ESTROGEN_RESPONSE_LATE	exploratory	MSigDB_Hallmark (msigdbr 26.1.0)	Cyp4f14
HALLMARK_ESTROGEN_RESPONSE_LATE	exploratory	MSigDB_Hallmark (msigdbr 26.1.0)	Cyp4f15
HALLMARK_ESTROGEN_RESPONSE_LATE	exploratory	MSigDB_Hallmark (msigdbr 26.1.0)	Cyp4f40
HALLMARK_ESTROGEN_RESPONSE_LATE	exploratory	MSigDB_Hallmark (msigdbr 26.1.0)	Dcxr
HALLMARK_ESTROGEN_RESPONSE_LATE	exploratory	MSigDB_Hallmark (msigdbr 26.1.0)	Dhcr7
HALLMARK_ESTROGEN_RESPONSE_LATE	exploratory	MSigDB_Hallmark (msigdbr 26.1.0)	Dhrs2
HALLMARK_ESTROGEN_RESPONSE_LATE	exploratory	MSigDB_Hallmark (msigdbr 26.1.0)	Dlg5
HALLMARK_ESTROGEN_RESPONSE_LATE	exploratory	MSigDB_Hallmark (msigdbr 26.1.0)	Dnajc1
HALLMARK_ESTROGEN_RESPONSE_LATE	exploratory	MSigDB_Hallmark (msigdbr 26.1.0)	Dnajc12
HALLMARK_ESTROGEN_RESPONSE_LATE	exploratory	MSigDB_Hallmark (msigdbr 26.1.0)	Dusp2
HALLMARK_ESTROGEN_RESPONSE_LATE	exploratory	MSigDB_Hallmark (msigdbr 26.1.0)	Dynlt3
HALLMARK_ESTROGEN_RESPONSE_LATE	exploratory	MSigDB_Hallmark (msigdbr 26.1.0)	Fam102a
HALLMARK_ESTROGEN_RESPONSE_LATE	exploratory	MSigDB_Hallmark (msigdbr 26.1.0)	Egr3
HALLMARK_ESTROGEN_RESPONSE_LATE	exploratory	MSigDB_Hallmark (msigdbr 26.1.0)	Elovl5
HALLMARK_ESTROGEN_RESPONSE_LATE	exploratory	MSigDB_Hallmark (msigdbr 26.1.0)	Emp2
HALLMARK_ESTROGEN_RESPONSE_LATE	exploratory	MSigDB_Hallmark (msigdbr 26.1.0)	Etfb
HALLMARK_ESTROGEN_RESPONSE_LATE	exploratory	MSigDB_Hallmark (msigdbr 26.1.0)	Fabp5
HALLMARK_ESTROGEN_RESPONSE_LATE	exploratory	MSigDB_Hallmark (msigdbr 26.1.0)	Farp1
HALLMARK_ESTROGEN_RESPONSE_LATE	exploratory	MSigDB_Hallmark (msigdbr 26.1.0)	Fdft1
HALLMARK_ESTROGEN_RESPONSE_LATE	exploratory	MSigDB_Hallmark (msigdbr 26.1.0)	Fgfr3
HALLMARK_ESTROGEN_RESPONSE_LATE	exploratory	MSigDB_Hallmark (msigdbr 26.1.0)	Fkbp4
HALLMARK_ESTROGEN_RESPONSE_LATE	exploratory	MSigDB_Hallmark (msigdbr 26.1.0)	Fkbp5
HALLMARK_ESTROGEN_RESPONSE_LATE	exploratory	MSigDB_Hallmark (msigdbr 26.1.0)	Flnb
HALLMARK_ESTROGEN_RESPONSE_LATE	exploratory	MSigDB_Hallmark (msigdbr 26.1.0)	Fos
HALLMARK_ESTROGEN_RESPONSE_LATE	exploratory	MSigDB_Hallmark (msigdbr 26.1.0)	Foxc1
HALLMARK_ESTROGEN_RESPONSE_LATE	exploratory	MSigDB_Hallmark (msigdbr 26.1.0)	Frk
HALLMARK_ESTROGEN_RESPONSE_LATE	exploratory	MSigDB_Hallmark (msigdbr 26.1.0)	Gal
HALLMARK_ESTROGEN_RESPONSE_LATE	exploratory	MSigDB_Hallmark (msigdbr 26.1.0)	Gale
HALLMARK_ESTROGEN_RESPONSE_LATE	exploratory	MSigDB_Hallmark (msigdbr 26.1.0)	Gfus
HALLMARK_ESTROGEN_RESPONSE_LATE	exploratory	MSigDB_Hallmark (msigdbr 26.1.0)	Gins2
HALLMARK_ESTROGEN_RESPONSE_LATE	exploratory	MSigDB_Hallmark (msigdbr 26.1.0)	Gjb3
HALLMARK_ESTROGEN_RESPONSE_LATE	exploratory	MSigDB_Hallmark (msigdbr 26.1.0)	Gla
HALLMARK_ESTROGEN_RESPONSE_LATE	exploratory	MSigDB_Hallmark (msigdbr 26.1.0)	Gper1
HALLMARK_ESTROGEN_RESPONSE_LATE	exploratory	MSigDB_Hallmark (msigdbr 26.1.0)	Hmgcs2
HALLMARK_ESTROGEN_RESPONSE_LATE	exploratory	MSigDB_Hallmark (msigdbr 26.1.0)	Homer2
HALLMARK_ESTROGEN_RESPONSE_LATE	exploratory	MSigDB_Hallmark (msigdbr 26.1.0)	Hprt
HALLMARK_ESTROGEN_RESPONSE_LATE	exploratory	MSigDB_Hallmark (msigdbr 26.1.0)	Hr
HALLMARK_ESTROGEN_RESPONSE_LATE	exploratory	MSigDB_Hallmark (msigdbr 26.1.0)	Hspa4l
HALLMARK_ESTROGEN_RESPONSE_LATE	exploratory	MSigDB_Hallmark (msigdbr 26.1.0)	Hspb8
HALLMARK_ESTROGEN_RESPONSE_LATE	exploratory	MSigDB_Hallmark (msigdbr 26.1.0)	Id2
HALLMARK_ESTROGEN_RESPONSE_LATE	exploratory	MSigDB_Hallmark (msigdbr 26.1.0)	Idh2
HALLMARK_ESTROGEN_RESPONSE_LATE	exploratory	MSigDB_Hallmark (msigdbr 26.1.0)	Igfbp4
HALLMARK_ESTROGEN_RESPONSE_LATE	exploratory	MSigDB_Hallmark (msigdbr 26.1.0)	Igsf1
HALLMARK_ESTROGEN_RESPONSE_LATE	exploratory	MSigDB_Hallmark (msigdbr 26.1.0)	Il17rb
HALLMARK_ESTROGEN_RESPONSE_LATE	exploratory	MSigDB_Hallmark (msigdbr 26.1.0)	Il6st
HALLMARK_ESTROGEN_RESPONSE_LATE	exploratory	MSigDB_Hallmark (msigdbr 26.1.0)	Impa2
HALLMARK_ESTROGEN_RESPONSE_LATE	exploratory	MSigDB_Hallmark (msigdbr 26.1.0)	Isg20
HALLMARK_ESTROGEN_RESPONSE_LATE	exploratory	MSigDB_Hallmark (msigdbr 26.1.0)	Itpk1
HALLMARK_ESTROGEN_RESPONSE_LATE	exploratory	MSigDB_Hallmark (msigdbr 26.1.0)	Jak1
HALLMARK_ESTROGEN_RESPONSE_LATE	exploratory	MSigDB_Hallmark (msigdbr 26.1.0)	Jak2
HALLMARK_ESTROGEN_RESPONSE_LATE	exploratory	MSigDB_Hallmark (msigdbr 26.1.0)	Kcnk5
HALLMARK_ESTROGEN_RESPONSE_LATE	exploratory	MSigDB_Hallmark (msigdbr 26.1.0)	Kif20a
HALLMARK_ESTROGEN_RESPONSE_LATE	exploratory	MSigDB_Hallmark (msigdbr 26.1.0)	Klf4
HALLMARK_ESTROGEN_RESPONSE_LATE	exploratory	MSigDB_Hallmark (msigdbr 26.1.0)	Klk10
HALLMARK_ESTROGEN_RESPONSE_LATE	exploratory	MSigDB_Hallmark (msigdbr 26.1.0)	Klk11
HALLMARK_ESTROGEN_RESPONSE_LATE	exploratory	MSigDB_Hallmark (msigdbr 26.1.0)	Krt13
HALLMARK_ESTROGEN_RESPONSE_LATE	exploratory	MSigDB_Hallmark (msigdbr 26.1.0)	Krt19
HALLMARK_ESTROGEN_RESPONSE_LATE	exploratory	MSigDB_Hallmark (msigdbr 26.1.0)	Lamc2
HALLMARK_ESTROGEN_RESPONSE_LATE	exploratory	MSigDB_Hallmark (msigdbr 26.1.0)	Large1
HALLMARK_ESTROGEN_RESPONSE_LATE	exploratory	MSigDB_Hallmark (msigdbr 26.1.0)	Llgl2
HALLMARK_ESTROGEN_RESPONSE_LATE	exploratory	MSigDB_Hallmark (msigdbr 26.1.0)	Lsr
HALLMARK_ESTROGEN_RESPONSE_LATE	exploratory	MSigDB_Hallmark (msigdbr 26.1.0)	Ltf
HALLMARK_ESTROGEN_RESPONSE_LATE	exploratory	MSigDB_Hallmark (msigdbr 26.1.0)	Mapk13
HALLMARK_ESTROGEN_RESPONSE_LATE	exploratory	MSigDB_Hallmark (msigdbr 26.1.0)	Mapt
HALLMARK_ESTROGEN_RESPONSE_LATE	exploratory	MSigDB_Hallmark (msigdbr 26.1.0)	Mdk
HALLMARK_ESTROGEN_RESPONSE_LATE	exploratory	MSigDB_Hallmark (msigdbr 26.1.0)	Mest
HALLMARK_ESTROGEN_RESPONSE_LATE	exploratory	MSigDB_Hallmark (msigdbr 26.1.0)	Mettl3
HALLMARK_ESTROGEN_RESPONSE_LATE	exploratory	MSigDB_Hallmark (msigdbr 26.1.0)	Mill2
HALLMARK_ESTROGEN_RESPONSE_LATE	exploratory	MSigDB_Hallmark (msigdbr 26.1.0)	Mocs2
HALLMARK_ESTROGEN_RESPONSE_LATE	exploratory	MSigDB_Hallmark (msigdbr 26.1.0)	Myb
HALLMARK_ESTROGEN_RESPONSE_LATE	exploratory	MSigDB_Hallmark (msigdbr 26.1.0)	Myof
HALLMARK_ESTROGEN_RESPONSE_LATE	exploratory	MSigDB_Hallmark (msigdbr 26.1.0)	Nab2
HALLMARK_ESTROGEN_RESPONSE_LATE	exploratory	MSigDB_Hallmark (msigdbr 26.1.0)	Nbl1
HALLMARK_ESTROGEN_RESPONSE_LATE	exploratory	MSigDB_Hallmark (msigdbr 26.1.0)	Ncor2
HALLMARK_ESTROGEN_RESPONSE_LATE	exploratory	MSigDB_Hallmark (msigdbr 26.1.0)	Slc9a3r1
HALLMARK_ESTROGEN_RESPONSE_LATE	exploratory	MSigDB_Hallmark (msigdbr 26.1.0)	Nmu
HALLMARK_ESTROGEN_RESPONSE_LATE	exploratory	MSigDB_Hallmark (msigdbr 26.1.0)	Npy1r
HALLMARK_ESTROGEN_RESPONSE_LATE	exploratory	MSigDB_Hallmark (msigdbr 26.1.0)	Nrip1
HALLMARK_ESTROGEN_RESPONSE_LATE	exploratory	MSigDB_Hallmark (msigdbr 26.1.0)	Nxt1
HALLMARK_ESTROGEN_RESPONSE_LATE	exploratory	MSigDB_Hallmark (msigdbr 26.1.0)	Olfm1
HALLMARK_ESTROGEN_RESPONSE_LATE	exploratory	MSigDB_Hallmark (msigdbr 26.1.0)	Opn3
HALLMARK_ESTROGEN_RESPONSE_LATE	exploratory	MSigDB_Hallmark (msigdbr 26.1.0)	Ovol2
HALLMARK_ESTROGEN_RESPONSE_LATE	exploratory	MSigDB_Hallmark (msigdbr 26.1.0)	Papss2
HALLMARK_ESTROGEN_RESPONSE_LATE	exploratory	MSigDB_Hallmark (msigdbr 26.1.0)	Pcp4
HALLMARK_ESTROGEN_RESPONSE_LATE	exploratory	MSigDB_Hallmark (msigdbr 26.1.0)	Pdcd4
HALLMARK_ESTROGEN_RESPONSE_LATE	exploratory	MSigDB_Hallmark (msigdbr 26.1.0)	Pdlim3
HALLMARK_ESTROGEN_RESPONSE_LATE	exploratory	MSigDB_Hallmark (msigdbr 26.1.0)	Pdzk1
HALLMARK_ESTROGEN_RESPONSE_LATE	exploratory	MSigDB_Hallmark (msigdbr 26.1.0)	Perp
HALLMARK_ESTROGEN_RESPONSE_LATE	exploratory	MSigDB_Hallmark (msigdbr 26.1.0)	Pgr
HALLMARK_ESTROGEN_RESPONSE_LATE	exploratory	MSigDB_Hallmark (msigdbr 26.1.0)	Pkp3
HALLMARK_ESTROGEN_RESPONSE_LATE	exploratory	MSigDB_Hallmark (msigdbr 26.1.0)	Plaat3
HALLMARK_ESTROGEN_RESPONSE_LATE	exploratory	MSigDB_Hallmark (msigdbr 26.1.0)	Plac1
HALLMARK_ESTROGEN_RESPONSE_LATE	exploratory	MSigDB_Hallmark (msigdbr 26.1.0)	Plk4
HALLMARK_ESTROGEN_RESPONSE_LATE	exploratory	MSigDB_Hallmark (msigdbr 26.1.0)	Plxnb1
HALLMARK_ESTROGEN_RESPONSE_LATE	exploratory	MSigDB_Hallmark (msigdbr 26.1.0)	Ppif
HALLMARK_ESTROGEN_RESPONSE_LATE	exploratory	MSigDB_Hallmark (msigdbr 26.1.0)	Prkar2b
HALLMARK_ESTROGEN_RESPONSE_LATE	exploratory	MSigDB_Hallmark (msigdbr 26.1.0)	Prlr
HALLMARK_ESTROGEN_RESPONSE_LATE	exploratory	MSigDB_Hallmark (msigdbr 26.1.0)	Prss23
HALLMARK_ESTROGEN_RESPONSE_LATE	exploratory	MSigDB_Hallmark (msigdbr 26.1.0)	Ptger3
HALLMARK_ESTROGEN_RESPONSE_LATE	exploratory	MSigDB_Hallmark (msigdbr 26.1.0)	Ptges
HALLMARK_ESTROGEN_RESPONSE_LATE	exploratory	MSigDB_Hallmark (msigdbr 26.1.0)	Ptpn6
HALLMARK_ESTROGEN_RESPONSE_LATE	exploratory	MSigDB_Hallmark (msigdbr 26.1.0)	Rab31
HALLMARK_ESTROGEN_RESPONSE_LATE	exploratory	MSigDB_Hallmark (msigdbr 26.1.0)	Rabep1
HALLMARK_ESTROGEN_RESPONSE_LATE	exploratory	MSigDB_Hallmark (msigdbr 26.1.0)	Rapgefl1
HALLMARK_ESTROGEN_RESPONSE_LATE	exploratory	MSigDB_Hallmark (msigdbr 26.1.0)	Rbbp8
HALLMARK_ESTROGEN_RESPONSE_LATE	exploratory	MSigDB_Hallmark (msigdbr 26.1.0)	Ret
HALLMARK_ESTROGEN_RESPONSE_LATE	exploratory	MSigDB_Hallmark (msigdbr 26.1.0)	Rnaseh2a
HALLMARK_ESTROGEN_RESPONSE_LATE	exploratory	MSigDB_Hallmark (msigdbr 26.1.0)	Rps6ka2
HALLMARK_ESTROGEN_RESPONSE_LATE	exploratory	MSigDB_Hallmark (msigdbr 26.1.0)	S100a9
HALLMARK_ESTROGEN_RESPONSE_LATE	exploratory	MSigDB_Hallmark (msigdbr 26.1.0)	Scarb1
HALLMARK_ESTROGEN_RESPONSE_LATE	exploratory	MSigDB_Hallmark (msigdbr 26.1.0)	Scnn1a
HALLMARK_ESTROGEN_RESPONSE_LATE	exploratory	MSigDB_Hallmark (msigdbr 26.1.0)	Scube2
HALLMARK_ESTROGEN_RESPONSE_LATE	exploratory	MSigDB_Hallmark (msigdbr 26.1.0)	Sema3b
HALLMARK_ESTROGEN_RESPONSE_LATE	exploratory	MSigDB_Hallmark (msigdbr 26.1.0)	Serpina1b
HALLMARK_ESTROGEN_RESPONSE_LATE	exploratory	MSigDB_Hallmark (msigdbr 26.1.0)	Serpina1e
HALLMARK_ESTROGEN_RESPONSE_LATE	exploratory	MSigDB_Hallmark (msigdbr 26.1.0)	Serpina3c
HALLMARK_ESTROGEN_RESPONSE_LATE	exploratory	MSigDB_Hallmark (msigdbr 26.1.0)	Serpina3k
HALLMARK_ESTROGEN_RESPONSE_LATE	exploratory	MSigDB_Hallmark (msigdbr 26.1.0)	Serpina3m
HALLMARK_ESTROGEN_RESPONSE_LATE	exploratory	MSigDB_Hallmark (msigdbr 26.1.0)	Serpina3n
HALLMARK_ESTROGEN_RESPONSE_LATE	exploratory	MSigDB_Hallmark (msigdbr 26.1.0)	Serpina5
HALLMARK_ESTROGEN_RESPONSE_LATE	exploratory	MSigDB_Hallmark (msigdbr 26.1.0)	Sfn
HALLMARK_ESTROGEN_RESPONSE_LATE	exploratory	MSigDB_Hallmark (msigdbr 26.1.0)	Sgk1
HALLMARK_ESTROGEN_RESPONSE_LATE	exploratory	MSigDB_Hallmark (msigdbr 26.1.0)	Siah2
HALLMARK_ESTROGEN_RESPONSE_LATE	exploratory	MSigDB_Hallmark (msigdbr 26.1.0)	Slc16a1
HALLMARK_ESTROGEN_RESPONSE_LATE	exploratory	MSigDB_Hallmark (msigdbr 26.1.0)	Slc1a4
HALLMARK_ESTROGEN_RESPONSE_LATE	exploratory	MSigDB_Hallmark (msigdbr 26.1.0)	Slc22a5
HALLMARK_ESTROGEN_RESPONSE_LATE	exploratory	MSigDB_Hallmark (msigdbr 26.1.0)	Slc24a3
HALLMARK_ESTROGEN_RESPONSE_LATE	exploratory	MSigDB_Hallmark (msigdbr 26.1.0)	Slc26a2
HALLMARK_ESTROGEN_RESPONSE_LATE	exploratory	MSigDB_Hallmark (msigdbr 26.1.0)	Slc27a2
HALLMARK_ESTROGEN_RESPONSE_LATE	exploratory	MSigDB_Hallmark (msigdbr 26.1.0)	Slc29a1
HALLMARK_ESTROGEN_RESPONSE_LATE	exploratory	MSigDB_Hallmark (msigdbr 26.1.0)	Slc2a8
HALLMARK_ESTROGEN_RESPONSE_LATE	exploratory	MSigDB_Hallmark (msigdbr 26.1.0)	Slc7a5
HALLMARK_ESTROGEN_RESPONSE_LATE	exploratory	MSigDB_Hallmark (msigdbr 26.1.0)	Snx10
HALLMARK_ESTROGEN_RESPONSE_LATE	exploratory	MSigDB_Hallmark (msigdbr 26.1.0)	Sord
HALLMARK_ESTROGEN_RESPONSE_LATE	exploratory	MSigDB_Hallmark (msigdbr 26.1.0)	Sox3
HALLMARK_ESTROGEN_RESPONSE_LATE	exploratory	MSigDB_Hallmark (msigdbr 26.1.0)	St14
HALLMARK_ESTROGEN_RESPONSE_LATE	exploratory	MSigDB_Hallmark (msigdbr 26.1.0)	St6galnac2
HALLMARK_ESTROGEN_RESPONSE_LATE	exploratory	MSigDB_Hallmark (msigdbr 26.1.0)	Stil
HALLMARK_ESTROGEN_RESPONSE_LATE	exploratory	MSigDB_Hallmark (msigdbr 26.1.0)	Sult2b1
HALLMARK_ESTROGEN_RESPONSE_LATE	exploratory	MSigDB_Hallmark (msigdbr 26.1.0)	Tfap2c
HALLMARK_ESTROGEN_RESPONSE_LATE	exploratory	MSigDB_Hallmark (msigdbr 26.1.0)	Tff1
HALLMARK_ESTROGEN_RESPONSE_LATE	exploratory	MSigDB_Hallmark (msigdbr 26.1.0)	Tff3
HALLMARK_ESTROGEN_RESPONSE_LATE	exploratory	MSigDB_Hallmark (msigdbr 26.1.0)	Tfpi2
HALLMARK_ESTROGEN_RESPONSE_LATE	exploratory	MSigDB_Hallmark (msigdbr 26.1.0)	Th
HALLMARK_ESTROGEN_RESPONSE_LATE	exploratory	MSigDB_Hallmark (msigdbr 26.1.0)	Tiam1
HALLMARK_ESTROGEN_RESPONSE_LATE	exploratory	MSigDB_Hallmark (msigdbr 26.1.0)	Tjp3
HALLMARK_ESTROGEN_RESPONSE_LATE	exploratory	MSigDB_Hallmark (msigdbr 26.1.0)	Tmprss3
HALLMARK_ESTROGEN_RESPONSE_LATE	exploratory	MSigDB_Hallmark (msigdbr 26.1.0)	Tnnc1
HALLMARK_ESTROGEN_RESPONSE_LATE	exploratory	MSigDB_Hallmark (msigdbr 26.1.0)	Tob1
HALLMARK_ESTROGEN_RESPONSE_LATE	exploratory	MSigDB_Hallmark (msigdbr 26.1.0)	Top2a
HALLMARK_ESTROGEN_RESPONSE_LATE	exploratory	MSigDB_Hallmark (msigdbr 26.1.0)	Tpbg
HALLMARK_ESTROGEN_RESPONSE_LATE	exploratory	MSigDB_Hallmark (msigdbr 26.1.0)	Tpd52l1
HALLMARK_ESTROGEN_RESPONSE_LATE	exploratory	MSigDB_Hallmark (msigdbr 26.1.0)	Tpsb2
HALLMARK_ESTROGEN_RESPONSE_LATE	exploratory	MSigDB_Hallmark (msigdbr 26.1.0)	Trim29
HALLMARK_ESTROGEN_RESPONSE_LATE	exploratory	MSigDB_Hallmark (msigdbr 26.1.0)	Tspan13
HALLMARK_ESTROGEN_RESPONSE_LATE	exploratory	MSigDB_Hallmark (msigdbr 26.1.0)	Tst
HALLMARK_ESTROGEN_RESPONSE_LATE	exploratory	MSigDB_Hallmark (msigdbr 26.1.0)	Ugdh
HALLMARK_ESTROGEN_RESPONSE_LATE	exploratory	MSigDB_Hallmark (msigdbr 26.1.0)	Unc13b
HALLMARK_ESTROGEN_RESPONSE_LATE	exploratory	MSigDB_Hallmark (msigdbr 26.1.0)	Wfs1
HALLMARK_ESTROGEN_RESPONSE_LATE	exploratory	MSigDB_Hallmark (msigdbr 26.1.0)	Xbp1
HALLMARK_ESTROGEN_RESPONSE_LATE	exploratory	MSigDB_Hallmark (msigdbr 26.1.0)	Xrcc3
HALLMARK_ESTROGEN_RESPONSE_LATE	exploratory	MSigDB_Hallmark (msigdbr 26.1.0)	Zfp36
HALLMARK_FATTY_ACID_METABOLISM	exploratory	MSigDB_Hallmark (msigdbr 26.1.0)	Aadat
HALLMARK_FATTY_ACID_METABOLISM	exploratory	MSigDB_Hallmark (msigdbr 26.1.0)	Acaa1a
HALLMARK_FATTY_ACID_METABOLISM	exploratory	MSigDB_Hallmark (msigdbr 26.1.0)	Acaa2
HALLMARK_FATTY_ACID_METABOLISM	exploratory	MSigDB_Hallmark (msigdbr 26.1.0)	Acadl
HALLMARK_FATTY_ACID_METABOLISM	exploratory	MSigDB_Hallmark (msigdbr 26.1.0)	Acadm
HALLMARK_FATTY_ACID_METABOLISM	exploratory	MSigDB_Hallmark (msigdbr 26.1.0)	Acads
HALLMARK_FATTY_ACID_METABOLISM	exploratory	MSigDB_Hallmark (msigdbr 26.1.0)	Acadvl
HALLMARK_FATTY_ACID_METABOLISM	exploratory	MSigDB_Hallmark (msigdbr 26.1.0)	Acat3
HALLMARK_FATTY_ACID_METABOLISM	exploratory	MSigDB_Hallmark (msigdbr 26.1.0)	Aco2
HALLMARK_FATTY_ACID_METABOLISM	exploratory	MSigDB_Hallmark (msigdbr 26.1.0)	Acot2
HALLMARK_FATTY_ACID_METABOLISM	exploratory	MSigDB_Hallmark (msigdbr 26.1.0)	Acot3
HALLMARK_FATTY_ACID_METABOLISM	exploratory	MSigDB_Hallmark (msigdbr 26.1.0)	Acot8
HALLMARK_FATTY_ACID_METABOLISM	exploratory	MSigDB_Hallmark (msigdbr 26.1.0)	Acox1
HALLMARK_FATTY_ACID_METABOLISM	exploratory	MSigDB_Hallmark (msigdbr 26.1.0)	Acsl1
HALLMARK_FATTY_ACID_METABOLISM	exploratory	MSigDB_Hallmark (msigdbr 26.1.0)	Acsl4
HALLMARK_FATTY_ACID_METABOLISM	exploratory	MSigDB_Hallmark (msigdbr 26.1.0)	Acsl5
HALLMARK_FATTY_ACID_METABOLISM	exploratory	MSigDB_Hallmark (msigdbr 26.1.0)	Acsm3
HALLMARK_FATTY_ACID_METABOLISM	exploratory	MSigDB_Hallmark (msigdbr 26.1.0)	Acss1
HALLMARK_FATTY_ACID_METABOLISM	exploratory	MSigDB_Hallmark (msigdbr 26.1.0)	Adh1
HALLMARK_FATTY_ACID_METABOLISM	exploratory	MSigDB_Hallmark (msigdbr 26.1.0)	Adh7
HALLMARK_FATTY_ACID_METABOLISM	exploratory	MSigDB_Hallmark (msigdbr 26.1.0)	Adipor2
HALLMARK_FATTY_ACID_METABOLISM	exploratory	MSigDB_Hallmark (msigdbr 26.1.0)	Adsl
HALLMARK_FATTY_ACID_METABOLISM	exploratory	MSigDB_Hallmark (msigdbr 26.1.0)	Alad
HALLMARK_FATTY_ACID_METABOLISM	exploratory	MSigDB_Hallmark (msigdbr 26.1.0)	Aldh1a7
HALLMARK_FATTY_ACID_METABOLISM	exploratory	MSigDB_Hallmark (msigdbr 26.1.0)	Aldh3a1
HALLMARK_FATTY_ACID_METABOLISM	exploratory	MSigDB_Hallmark (msigdbr 26.1.0)	Aldh3a2
HALLMARK_FATTY_ACID_METABOLISM	exploratory	MSigDB_Hallmark (msigdbr 26.1.0)	Aldh9a1
HALLMARK_FATTY_ACID_METABOLISM	exploratory	MSigDB_Hallmark (msigdbr 26.1.0)	Aldoa
HALLMARK_FATTY_ACID_METABOLISM	exploratory	MSigDB_Hallmark (msigdbr 26.1.0)	Aoc3
HALLMARK_FATTY_ACID_METABOLISM	exploratory	MSigDB_Hallmark (msigdbr 26.1.0)	Apex1
HALLMARK_FATTY_ACID_METABOLISM	exploratory	MSigDB_Hallmark (msigdbr 26.1.0)	Aqp7
HALLMARK_FATTY_ACID_METABOLISM	exploratory	MSigDB_Hallmark (msigdbr 26.1.0)	Auh
HALLMARK_FATTY_ACID_METABOLISM	exploratory	MSigDB_Hallmark (msigdbr 26.1.0)	Bckdhb
HALLMARK_FATTY_ACID_METABOLISM	exploratory	MSigDB_Hallmark (msigdbr 26.1.0)	Blvra
HALLMARK_FATTY_ACID_METABOLISM	exploratory	MSigDB_Hallmark (msigdbr 26.1.0)	Bmpr1b
HALLMARK_FATTY_ACID_METABOLISM	exploratory	MSigDB_Hallmark (msigdbr 26.1.0)	Bphl
HALLMARK_FATTY_ACID_METABOLISM	exploratory	MSigDB_Hallmark (msigdbr 26.1.0)	Car2
HALLMARK_FATTY_ACID_METABOLISM	exploratory	MSigDB_Hallmark (msigdbr 26.1.0)	Car4
HALLMARK_FATTY_ACID_METABOLISM	exploratory	MSigDB_Hallmark (msigdbr 26.1.0)	Car6
HALLMARK_FATTY_ACID_METABOLISM	exploratory	MSigDB_Hallmark (msigdbr 26.1.0)	Cbr1
HALLMARK_FATTY_ACID_METABOLISM	exploratory	MSigDB_Hallmark (msigdbr 26.1.0)	Cbr3
HALLMARK_FATTY_ACID_METABOLISM	exploratory	MSigDB_Hallmark (msigdbr 26.1.0)	Cd1d1
HALLMARK_FATTY_ACID_METABOLISM	exploratory	MSigDB_Hallmark (msigdbr 26.1.0)	Cd36
HALLMARK_FATTY_ACID_METABOLISM	exploratory	MSigDB_Hallmark (msigdbr 26.1.0)	Cel
HALLMARK_FATTY_ACID_METABOLISM	exploratory	MSigDB_Hallmark (msigdbr 26.1.0)	Cidea
HALLMARK_FATTY_ACID_METABOLISM	exploratory	MSigDB_Hallmark (msigdbr 26.1.0)	Cpox
HALLMARK_FATTY_ACID_METABOLISM	exploratory	MSigDB_Hallmark (msigdbr 26.1.0)	Cpt1a
HALLMARK_FATTY_ACID_METABOLISM	exploratory	MSigDB_Hallmark (msigdbr 26.1.0)	Cpt2
HALLMARK_FATTY_ACID_METABOLISM	exploratory	MSigDB_Hallmark (msigdbr 26.1.0)	Crat
HALLMARK_FATTY_ACID_METABOLISM	exploratory	MSigDB_Hallmark (msigdbr 26.1.0)	Cryz
HALLMARK_FATTY_ACID_METABOLISM	exploratory	MSigDB_Hallmark (msigdbr 26.1.0)	Cyp1a1
HALLMARK_FATTY_ACID_METABOLISM	exploratory	MSigDB_Hallmark (msigdbr 26.1.0)	Cyp4a31
HALLMARK_FATTY_ACID_METABOLISM	exploratory	MSigDB_Hallmark (msigdbr 26.1.0)	D2hgdh
HALLMARK_FATTY_ACID_METABOLISM	exploratory	MSigDB_Hallmark (msigdbr 26.1.0)	Decr1
HALLMARK_FATTY_ACID_METABOLISM	exploratory	MSigDB_Hallmark (msigdbr 26.1.0)	Dhcr24
HALLMARK_FATTY_ACID_METABOLISM	exploratory	MSigDB_Hallmark (msigdbr 26.1.0)	Dld
HALLMARK_FATTY_ACID_METABOLISM	exploratory	MSigDB_Hallmark (msigdbr 26.1.0)	Dlst
HALLMARK_FATTY_ACID_METABOLISM	exploratory	MSigDB_Hallmark (msigdbr 26.1.0)	Ech1
HALLMARK_FATTY_ACID_METABOLISM	exploratory	MSigDB_Hallmark (msigdbr 26.1.0)	Echs1
HALLMARK_FATTY_ACID_METABOLISM	exploratory	MSigDB_Hallmark (msigdbr 26.1.0)	Eci1
HALLMARK_FATTY_ACID_METABOLISM	exploratory	MSigDB_Hallmark (msigdbr 26.1.0)	Eci2
HALLMARK_FATTY_ACID_METABOLISM	exploratory	MSigDB_Hallmark (msigdbr 26.1.0)	Ehhadh
HALLMARK_FATTY_ACID_METABOLISM	exploratory	MSigDB_Hallmark (msigdbr 26.1.0)	Elovl5
HALLMARK_FATTY_ACID_METABOLISM	exploratory	MSigDB_Hallmark (msigdbr 26.1.0)	Eno2
HALLMARK_FATTY_ACID_METABOLISM	exploratory	MSigDB_Hallmark (msigdbr 26.1.0)	Eno3
HALLMARK_FATTY_ACID_METABOLISM	exploratory	MSigDB_Hallmark (msigdbr 26.1.0)	Ephx1
HALLMARK_FATTY_ACID_METABOLISM	exploratory	MSigDB_Hallmark (msigdbr 26.1.0)	Erp29
HALLMARK_FATTY_ACID_METABOLISM	exploratory	MSigDB_Hallmark (msigdbr 26.1.0)	Etfdh
HALLMARK_FATTY_ACID_METABOLISM	exploratory	MSigDB_Hallmark (msigdbr 26.1.0)	Fabp1
HALLMARK_FATTY_ACID_METABOLISM	exploratory	MSigDB_Hallmark (msigdbr 26.1.0)	Fabp2
HALLMARK_FATTY_ACID_METABOLISM	exploratory	MSigDB_Hallmark (msigdbr 26.1.0)	Fasn
HALLMARK_FATTY_ACID_METABOLISM	exploratory	MSigDB_Hallmark (msigdbr 26.1.0)	Fh1
HALLMARK_FATTY_ACID_METABOLISM	exploratory	MSigDB_Hallmark (msigdbr 26.1.0)	Fmo1
HALLMARK_FATTY_ACID_METABOLISM	exploratory	MSigDB_Hallmark (msigdbr 26.1.0)	G0s2
HALLMARK_FATTY_ACID_METABOLISM	exploratory	MSigDB_Hallmark (msigdbr 26.1.0)	Gabarapl1
HALLMARK_FATTY_ACID_METABOLISM	exploratory	MSigDB_Hallmark (msigdbr 26.1.0)	Gad2
HALLMARK_FATTY_ACID_METABOLISM	exploratory	MSigDB_Hallmark (msigdbr 26.1.0)	Gapdhs
HALLMARK_FATTY_ACID_METABOLISM	exploratory	MSigDB_Hallmark (msigdbr 26.1.0)	Gcdh
HALLMARK_FATTY_ACID_METABOLISM	exploratory	MSigDB_Hallmark (msigdbr 26.1.0)	Glul
HALLMARK_FATTY_ACID_METABOLISM	exploratory	MSigDB_Hallmark (msigdbr 26.1.0)	Gpd1
HALLMARK_FATTY_ACID_METABOLISM	exploratory	MSigDB_Hallmark (msigdbr 26.1.0)	Gpd2
HALLMARK_FATTY_ACID_METABOLISM	exploratory	MSigDB_Hallmark (msigdbr 26.1.0)	Grhpr
HALLMARK_FATTY_ACID_METABOLISM	exploratory	MSigDB_Hallmark (msigdbr 26.1.0)	Gstz1
HALLMARK_FATTY_ACID_METABOLISM	exploratory	MSigDB_Hallmark (msigdbr 26.1.0)	H2az1
HALLMARK_FATTY_ACID_METABOLISM	exploratory	MSigDB_Hallmark (msigdbr 26.1.0)	Hadh
HALLMARK_FATTY_ACID_METABOLISM	exploratory	MSigDB_Hallmark (msigdbr 26.1.0)	Hadhb
HALLMARK_FATTY_ACID_METABOLISM	exploratory	MSigDB_Hallmark (msigdbr 26.1.0)	Hao2
HALLMARK_FATTY_ACID_METABOLISM	exploratory	MSigDB_Hallmark (msigdbr 26.1.0)	Hccs
HALLMARK_FATTY_ACID_METABOLISM	exploratory	MSigDB_Hallmark (msigdbr 26.1.0)	Hibch
HALLMARK_FATTY_ACID_METABOLISM	exploratory	MSigDB_Hallmark (msigdbr 26.1.0)	Hmgcl
HALLMARK_FATTY_ACID_METABOLISM	exploratory	MSigDB_Hallmark (msigdbr 26.1.0)	Hmgcs1
HALLMARK_FATTY_ACID_METABOLISM	exploratory	MSigDB_Hallmark (msigdbr 26.1.0)	Hmgcs2
HALLMARK_FATTY_ACID_METABOLISM	exploratory	MSigDB_Hallmark (msigdbr 26.1.0)	Hpgd
HALLMARK_FATTY_ACID_METABOLISM	exploratory	MSigDB_Hallmark (msigdbr 26.1.0)	Hsd17b10
HALLMARK_FATTY_ACID_METABOLISM	exploratory	MSigDB_Hallmark (msigdbr 26.1.0)	Hsd17b11
HALLMARK_FATTY_ACID_METABOLISM	exploratory	MSigDB_Hallmark (msigdbr 26.1.0)	Hsd17b4
HALLMARK_FATTY_ACID_METABOLISM	exploratory	MSigDB_Hallmark (msigdbr 26.1.0)	Hsd17b7
HALLMARK_FATTY_ACID_METABOLISM	exploratory	MSigDB_Hallmark (msigdbr 26.1.0)	Hsdl2
HALLMARK_FATTY_ACID_METABOLISM	exploratory	MSigDB_Hallmark (msigdbr 26.1.0)	Hsp90aa1
HALLMARK_FATTY_ACID_METABOLISM	exploratory	MSigDB_Hallmark (msigdbr 26.1.0)	Hsph1
HALLMARK_FATTY_ACID_METABOLISM	exploratory	MSigDB_Hallmark (msigdbr 26.1.0)	Idh1
HALLMARK_FATTY_ACID_METABOLISM	exploratory	MSigDB_Hallmark (msigdbr 26.1.0)	Idh3b
HALLMARK_FATTY_ACID_METABOLISM	exploratory	MSigDB_Hallmark (msigdbr 26.1.0)	Idh3g
HALLMARK_FATTY_ACID_METABOLISM	exploratory	MSigDB_Hallmark (msigdbr 26.1.0)	Idi1
HALLMARK_FATTY_ACID_METABOLISM	exploratory	MSigDB_Hallmark (msigdbr 26.1.0)	Il4i1b
HALLMARK_FATTY_ACID_METABOLISM	exploratory	MSigDB_Hallmark (msigdbr 26.1.0)	Inmt
HALLMARK_FATTY_ACID_METABOLISM	exploratory	MSigDB_Hallmark (msigdbr 26.1.0)	Kmt5a
HALLMARK_FATTY_ACID_METABOLISM	exploratory	MSigDB_Hallmark (msigdbr 26.1.0)	Ldha
HALLMARK_FATTY_ACID_METABOLISM	exploratory	MSigDB_Hallmark (msigdbr 26.1.0)	Lgals1
HALLMARK_FATTY_ACID_METABOLISM	exploratory	MSigDB_Hallmark (msigdbr 26.1.0)	Ltc4s
HALLMARK_FATTY_ACID_METABOLISM	exploratory	MSigDB_Hallmark (msigdbr 26.1.0)	Maoa
HALLMARK_FATTY_ACID_METABOLISM	exploratory	MSigDB_Hallmark (msigdbr 26.1.0)	Mcee
HALLMARK_FATTY_ACID_METABOLISM	exploratory	MSigDB_Hallmark (msigdbr 26.1.0)	Mdh1
HALLMARK_FATTY_ACID_METABOLISM	exploratory	MSigDB_Hallmark (msigdbr 26.1.0)	Mdh2
HALLMARK_FATTY_ACID_METABOLISM	exploratory	MSigDB_Hallmark (msigdbr 26.1.0)	Me1
HALLMARK_FATTY_ACID_METABOLISM	exploratory	MSigDB_Hallmark (msigdbr 26.1.0)	Metap1
HALLMARK_FATTY_ACID_METABOLISM	exploratory	MSigDB_Hallmark (msigdbr 26.1.0)	Mgll
HALLMARK_FATTY_ACID_METABOLISM	exploratory	MSigDB_Hallmark (msigdbr 26.1.0)	Mif
HALLMARK_FATTY_ACID_METABOLISM	exploratory	MSigDB_Hallmark (msigdbr 26.1.0)	Ccdc58
HALLMARK_FATTY_ACID_METABOLISM	exploratory	MSigDB_Hallmark (msigdbr 26.1.0)	Mlycd
HALLMARK_FATTY_ACID_METABOLISM	exploratory	MSigDB_Hallmark (msigdbr 26.1.0)	Nbn
HALLMARK_FATTY_ACID_METABOLISM	exploratory	MSigDB_Hallmark (msigdbr 26.1.0)	Ncaph2
HALLMARK_FATTY_ACID_METABOLISM	exploratory	MSigDB_Hallmark (msigdbr 26.1.0)	Nsdhl
HALLMARK_FATTY_ACID_METABOLISM	exploratory	MSigDB_Hallmark (msigdbr 26.1.0)	Nthl1
HALLMARK_FATTY_ACID_METABOLISM	exploratory	MSigDB_Hallmark (msigdbr 26.1.0)	Odc1
HALLMARK_FATTY_ACID_METABOLISM	exploratory	MSigDB_Hallmark (msigdbr 26.1.0)	Ostc
HALLMARK_FATTY_ACID_METABOLISM	exploratory	MSigDB_Hallmark (msigdbr 26.1.0)	Pcbd1
HALLMARK_FATTY_ACID_METABOLISM	exploratory	MSigDB_Hallmark (msigdbr 26.1.0)	Pdha1
HALLMARK_FATTY_ACID_METABOLISM	exploratory	MSigDB_Hallmark (msigdbr 26.1.0)	Pdhb
HALLMARK_FATTY_ACID_METABOLISM	exploratory	MSigDB_Hallmark (msigdbr 26.1.0)	Ppara
HALLMARK_FATTY_ACID_METABOLISM	exploratory	MSigDB_Hallmark (msigdbr 26.1.0)	Prdx6
HALLMARK_FATTY_ACID_METABOLISM	exploratory	MSigDB_Hallmark (msigdbr 26.1.0)	Psme1
HALLMARK_FATTY_ACID_METABOLISM	exploratory	MSigDB_Hallmark (msigdbr 26.1.0)	Ptprg
HALLMARK_FATTY_ACID_METABOLISM	exploratory	MSigDB_Hallmark (msigdbr 26.1.0)	Pts
HALLMARK_FATTY_ACID_METABOLISM	exploratory	MSigDB_Hallmark (msigdbr 26.1.0)	Rap1gds1
HALLMARK_FATTY_ACID_METABOLISM	exploratory	MSigDB_Hallmark (msigdbr 26.1.0)	Rdh11
HALLMARK_FATTY_ACID_METABOLISM	exploratory	MSigDB_Hallmark (msigdbr 26.1.0)	Rdh1
HALLMARK_FATTY_ACID_METABOLISM	exploratory	MSigDB_Hallmark (msigdbr 26.1.0)	Reep6
HALLMARK_FATTY_ACID_METABOLISM	exploratory	MSigDB_Hallmark (msigdbr 26.1.0)	Retsat
HALLMARK_FATTY_ACID_METABOLISM	exploratory	MSigDB_Hallmark (msigdbr 26.1.0)	S100a10
HALLMARK_FATTY_ACID_METABOLISM	exploratory	MSigDB_Hallmark (msigdbr 26.1.0)	Sdha
HALLMARK_FATTY_ACID_METABOLISM	exploratory	MSigDB_Hallmark (msigdbr 26.1.0)	Sdhc
HALLMARK_FATTY_ACID_METABOLISM	exploratory	MSigDB_Hallmark (msigdbr 26.1.0)	Sdhd
HALLMARK_FATTY_ACID_METABOLISM	exploratory	MSigDB_Hallmark (msigdbr 26.1.0)	Serinc1
HALLMARK_FATTY_ACID_METABOLISM	exploratory	MSigDB_Hallmark (msigdbr 26.1.0)	Slc22a5
HALLMARK_FATTY_ACID_METABOLISM	exploratory	MSigDB_Hallmark (msigdbr 26.1.0)	Sms
HALLMARK_FATTY_ACID_METABOLISM	exploratory	MSigDB_Hallmark (msigdbr 26.1.0)	Sucla2
HALLMARK_FATTY_ACID_METABOLISM	exploratory	MSigDB_Hallmark (msigdbr 26.1.0)	Suclg1
HALLMARK_FATTY_ACID_METABOLISM	exploratory	MSigDB_Hallmark (msigdbr 26.1.0)	Suclg2
HALLMARK_FATTY_ACID_METABOLISM	exploratory	MSigDB_Hallmark (msigdbr 26.1.0)	Tdo2
HALLMARK_FATTY_ACID_METABOLISM	exploratory	MSigDB_Hallmark (msigdbr 26.1.0)	Trp53inp2
HALLMARK_FATTY_ACID_METABOLISM	exploratory	MSigDB_Hallmark (msigdbr 26.1.0)	Ube2l6
HALLMARK_FATTY_ACID_METABOLISM	exploratory	MSigDB_Hallmark (msigdbr 26.1.0)	Ugdh
HALLMARK_FATTY_ACID_METABOLISM	exploratory	MSigDB_Hallmark (msigdbr 26.1.0)	Urod
HALLMARK_FATTY_ACID_METABOLISM	exploratory	MSigDB_Hallmark (msigdbr 26.1.0)	Uros
HALLMARK_FATTY_ACID_METABOLISM	exploratory	MSigDB_Hallmark (msigdbr 26.1.0)	Vnn1
HALLMARK_FATTY_ACID_METABOLISM	exploratory	MSigDB_Hallmark (msigdbr 26.1.0)	Ywhah
HALLMARK_G2M_CHECKPOINT	exploratory	MSigDB_Hallmark (msigdbr 26.1.0)	Abl1
HALLMARK_G2M_CHECKPOINT	exploratory	MSigDB_Hallmark (msigdbr 26.1.0)	Amd1
HALLMARK_G2M_CHECKPOINT	exploratory	MSigDB_Hallmark (msigdbr 26.1.0)	Arid4a
HALLMARK_G2M_CHECKPOINT	exploratory	MSigDB_Hallmark (msigdbr 26.1.0)	Atf5
HALLMARK_G2M_CHECKPOINT	exploratory	MSigDB_Hallmark (msigdbr 26.1.0)	Atrx
HALLMARK_G2M_CHECKPOINT	exploratory	MSigDB_Hallmark (msigdbr 26.1.0)	Aurka
HALLMARK_G2M_CHECKPOINT	exploratory	MSigDB_Hallmark (msigdbr 26.1.0)	Aurkb
HALLMARK_G2M_CHECKPOINT	exploratory	MSigDB_Hallmark (msigdbr 26.1.0)	Bard1
HALLMARK_G2M_CHECKPOINT	exploratory	MSigDB_Hallmark (msigdbr 26.1.0)	Bcl3
HALLMARK_G2M_CHECKPOINT	exploratory	MSigDB_Hallmark (msigdbr 26.1.0)	Birc5
HALLMARK_G2M_CHECKPOINT	exploratory	MSigDB_Hallmark (msigdbr 26.1.0)	Brca2
HALLMARK_G2M_CHECKPOINT	exploratory	MSigDB_Hallmark (msigdbr 26.1.0)	Bub1
HALLMARK_G2M_CHECKPOINT	exploratory	MSigDB_Hallmark (msigdbr 26.1.0)	Bub3
HALLMARK_G2M_CHECKPOINT	exploratory	MSigDB_Hallmark (msigdbr 26.1.0)	Casp8ap2
HALLMARK_G2M_CHECKPOINT	exploratory	MSigDB_Hallmark (msigdbr 26.1.0)	Cbx1
HALLMARK_G2M_CHECKPOINT	exploratory	MSigDB_Hallmark (msigdbr 26.1.0)	Ccna2
HALLMARK_G2M_CHECKPOINT	exploratory	MSigDB_Hallmark (msigdbr 26.1.0)	Ccnb2
HALLMARK_G2M_CHECKPOINT	exploratory	MSigDB_Hallmark (msigdbr 26.1.0)	Ccnd1
HALLMARK_G2M_CHECKPOINT	exploratory	MSigDB_Hallmark (msigdbr 26.1.0)	Ccnf
HALLMARK_G2M_CHECKPOINT	exploratory	MSigDB_Hallmark (msigdbr 26.1.0)	Ccnt1
HALLMARK_G2M_CHECKPOINT	exploratory	MSigDB_Hallmark (msigdbr 26.1.0)	Cdc20
HALLMARK_G2M_CHECKPOINT	exploratory	MSigDB_Hallmark (msigdbr 26.1.0)	Cdc25a
HALLMARK_G2M_CHECKPOINT	exploratory	MSigDB_Hallmark (msigdbr 26.1.0)	Cdc25b
HALLMARK_G2M_CHECKPOINT	exploratory	MSigDB_Hallmark (msigdbr 26.1.0)	Cdc27
HALLMARK_G2M_CHECKPOINT	exploratory	MSigDB_Hallmark (msigdbr 26.1.0)	Cdc45
HALLMARK_G2M_CHECKPOINT	exploratory	MSigDB_Hallmark (msigdbr 26.1.0)	Cdc6
HALLMARK_G2M_CHECKPOINT	exploratory	MSigDB_Hallmark (msigdbr 26.1.0)	Cdc7
HALLMARK_G2M_CHECKPOINT	exploratory	MSigDB_Hallmark (msigdbr 26.1.0)	Cdk1
HALLMARK_G2M_CHECKPOINT	exploratory	MSigDB_Hallmark (msigdbr 26.1.0)	Cdk4
HALLMARK_G2M_CHECKPOINT	exploratory	MSigDB_Hallmark (msigdbr 26.1.0)	Cdkn1b
HALLMARK_G2M_CHECKPOINT	exploratory	MSigDB_Hallmark (msigdbr 26.1.0)	Cdkn2c
HALLMARK_G2M_CHECKPOINT	exploratory	MSigDB_Hallmark (msigdbr 26.1.0)	Cdkn3
HALLMARK_G2M_CHECKPOINT	exploratory	MSigDB_Hallmark (msigdbr 26.1.0)	Cenpa
HALLMARK_G2M_CHECKPOINT	exploratory	MSigDB_Hallmark (msigdbr 26.1.0)	Cenpe
HALLMARK_G2M_CHECKPOINT	exploratory	MSigDB_Hallmark (msigdbr 26.1.0)	Cenpf
HALLMARK_G2M_CHECKPOINT	exploratory	MSigDB_Hallmark (msigdbr 26.1.0)	Chaf1a
HALLMARK_G2M_CHECKPOINT	exploratory	MSigDB_Hallmark (msigdbr 26.1.0)	Chek1
HALLMARK_G2M_CHECKPOINT	exploratory	MSigDB_Hallmark (msigdbr 26.1.0)	Chmp1a
HALLMARK_G2M_CHECKPOINT	exploratory	MSigDB_Hallmark (msigdbr 26.1.0)	Cks1b
HALLMARK_G2M_CHECKPOINT	exploratory	MSigDB_Hallmark (msigdbr 26.1.0)	Cks2
HALLMARK_G2M_CHECKPOINT	exploratory	MSigDB_Hallmark (msigdbr 26.1.0)	Ctcf
HALLMARK_G2M_CHECKPOINT	exploratory	MSigDB_Hallmark (msigdbr 26.1.0)	Cul1
HALLMARK_G2M_CHECKPOINT	exploratory	MSigDB_Hallmark (msigdbr 26.1.0)	Cul3
HALLMARK_G2M_CHECKPOINT	exploratory	MSigDB_Hallmark (msigdbr 26.1.0)	Cul4a
HALLMARK_G2M_CHECKPOINT	exploratory	MSigDB_Hallmark (msigdbr 26.1.0)	Cul5
HALLMARK_G2M_CHECKPOINT	exploratory	MSigDB_Hallmark (msigdbr 26.1.0)	Dbf4
HALLMARK_G2M_CHECKPOINT	exploratory	MSigDB_Hallmark (msigdbr 26.1.0)	Ddx39a
HALLMARK_G2M_CHECKPOINT	exploratory	MSigDB_Hallmark (msigdbr 26.1.0)	Dkc1
HALLMARK_G2M_CHECKPOINT	exploratory	MSigDB_Hallmark (msigdbr 26.1.0)	Dmd
HALLMARK_G2M_CHECKPOINT	exploratory	MSigDB_Hallmark (msigdbr 26.1.0)	Dr1
HALLMARK_G2M_CHECKPOINT	exploratory	MSigDB_Hallmark (msigdbr 26.1.0)	Dtymk
HALLMARK_G2M_CHECKPOINT	exploratory	MSigDB_Hallmark (msigdbr 26.1.0)	E2f1
HALLMARK_G2M_CHECKPOINT	exploratory	MSigDB_Hallmark (msigdbr 26.1.0)	E2f2
HALLMARK_G2M_CHECKPOINT	exploratory	MSigDB_Hallmark (msigdbr 26.1.0)	E2f3
HALLMARK_G2M_CHECKPOINT	exploratory	MSigDB_Hallmark (msigdbr 26.1.0)	E2f4
HALLMARK_G2M_CHECKPOINT	exploratory	MSigDB_Hallmark (msigdbr 26.1.0)	Efna5
HALLMARK_G2M_CHECKPOINT	exploratory	MSigDB_Hallmark (msigdbr 26.1.0)	Egf
HALLMARK_G2M_CHECKPOINT	exploratory	MSigDB_Hallmark (msigdbr 26.1.0)	Espl1
HALLMARK_G2M_CHECKPOINT	exploratory	MSigDB_Hallmark (msigdbr 26.1.0)	Ewsr1
HALLMARK_G2M_CHECKPOINT	exploratory	MSigDB_Hallmark (msigdbr 26.1.0)	Exo1
HALLMARK_G2M_CHECKPOINT	exploratory	MSigDB_Hallmark (msigdbr 26.1.0)	Ezh2
HALLMARK_G2M_CHECKPOINT	exploratory	MSigDB_Hallmark (msigdbr 26.1.0)	Fancc
HALLMARK_G2M_CHECKPOINT	exploratory	MSigDB_Hallmark (msigdbr 26.1.0)	Fbxo5
HALLMARK_G2M_CHECKPOINT	exploratory	MSigDB_Hallmark (msigdbr 26.1.0)	Foxn3
HALLMARK_G2M_CHECKPOINT	exploratory	MSigDB_Hallmark (msigdbr 26.1.0)	G3bp1
HALLMARK_G2M_CHECKPOINT	exploratory	MSigDB_Hallmark (msigdbr 26.1.0)	Gins2
HALLMARK_G2M_CHECKPOINT	exploratory	MSigDB_Hallmark (msigdbr 26.1.0)	Gspt1
HALLMARK_G2M_CHECKPOINT	exploratory	MSigDB_Hallmark (msigdbr 26.1.0)	H2ax
HALLMARK_G2M_CHECKPOINT	exploratory	MSigDB_Hallmark (msigdbr 26.1.0)	H2az1
HALLMARK_G2M_CHECKPOINT	exploratory	MSigDB_Hallmark (msigdbr 26.1.0)	H2az2
HALLMARK_G2M_CHECKPOINT	exploratory	MSigDB_Hallmark (msigdbr 26.1.0)	Hif1a
HALLMARK_G2M_CHECKPOINT	exploratory	MSigDB_Hallmark (msigdbr 26.1.0)	Hira
HALLMARK_G2M_CHECKPOINT	exploratory	MSigDB_Hallmark (msigdbr 26.1.0)	Hmga1
HALLMARK_G2M_CHECKPOINT	exploratory	MSigDB_Hallmark (msigdbr 26.1.0)	Hmgb3
HALLMARK_G2M_CHECKPOINT	exploratory	MSigDB_Hallmark (msigdbr 26.1.0)	Hmgn2
HALLMARK_G2M_CHECKPOINT	exploratory	MSigDB_Hallmark (msigdbr 26.1.0)	Hmmr
HALLMARK_G2M_CHECKPOINT	exploratory	MSigDB_Hallmark (msigdbr 26.1.0)	Hnrnpd
HALLMARK_G2M_CHECKPOINT	exploratory	MSigDB_Hallmark (msigdbr 26.1.0)	Hnrnpu
HALLMARK_G2M_CHECKPOINT	exploratory	MSigDB_Hallmark (msigdbr 26.1.0)	Hoxc10
HALLMARK_G2M_CHECKPOINT	exploratory	MSigDB_Hallmark (msigdbr 26.1.0)	Hspa8
HALLMARK_G2M_CHECKPOINT	exploratory	MSigDB_Hallmark (msigdbr 26.1.0)	Hus1
HALLMARK_G2M_CHECKPOINT	exploratory	MSigDB_Hallmark (msigdbr 26.1.0)	Ilf3
HALLMARK_G2M_CHECKPOINT	exploratory	MSigDB_Hallmark (msigdbr 26.1.0)	Incenp
HALLMARK_G2M_CHECKPOINT	exploratory	MSigDB_Hallmark (msigdbr 26.1.0)	Jpt1
HALLMARK_G2M_CHECKPOINT	exploratory	MSigDB_Hallmark (msigdbr 26.1.0)	Katna1
HALLMARK_G2M_CHECKPOINT	exploratory	MSigDB_Hallmark (msigdbr 26.1.0)	Kif11
HALLMARK_G2M_CHECKPOINT	exploratory	MSigDB_Hallmark (msigdbr 26.1.0)	Kif15
HALLMARK_G2M_CHECKPOINT	exploratory	MSigDB_Hallmark (msigdbr 26.1.0)	Kif20b
HALLMARK_G2M_CHECKPOINT	exploratory	MSigDB_Hallmark (msigdbr 26.1.0)	Kif22
HALLMARK_G2M_CHECKPOINT	exploratory	MSigDB_Hallmark (msigdbr 26.1.0)	Kif23
HALLMARK_G2M_CHECKPOINT	exploratory	MSigDB_Hallmark (msigdbr 26.1.0)	Kif2c
HALLMARK_G2M_CHECKPOINT	exploratory	MSigDB_Hallmark (msigdbr 26.1.0)	Kif4
HALLMARK_G2M_CHECKPOINT	exploratory	MSigDB_Hallmark (msigdbr 26.1.0)	Kif5b
HALLMARK_G2M_CHECKPOINT	exploratory	MSigDB_Hallmark (msigdbr 26.1.0)	Kmt5a
HALLMARK_G2M_CHECKPOINT	exploratory	MSigDB_Hallmark (msigdbr 26.1.0)	Knl1
HALLMARK_G2M_CHECKPOINT	exploratory	MSigDB_Hallmark (msigdbr 26.1.0)	Kpna2
HALLMARK_G2M_CHECKPOINT	exploratory	MSigDB_Hallmark (msigdbr 26.1.0)	Kpnb1
HALLMARK_G2M_CHECKPOINT	exploratory	MSigDB_Hallmark (msigdbr 26.1.0)	Lbr
HALLMARK_G2M_CHECKPOINT	exploratory	MSigDB_Hallmark (msigdbr 26.1.0)	Lig3
HALLMARK_G2M_CHECKPOINT	exploratory	MSigDB_Hallmark (msigdbr 26.1.0)	Lmnb1
HALLMARK_G2M_CHECKPOINT	exploratory	MSigDB_Hallmark (msigdbr 26.1.0)	Mad2l1
HALLMARK_G2M_CHECKPOINT	exploratory	MSigDB_Hallmark (msigdbr 26.1.0)	Map3k20
HALLMARK_G2M_CHECKPOINT	exploratory	MSigDB_Hallmark (msigdbr 26.1.0)	Mapk14
HALLMARK_G2M_CHECKPOINT	exploratory	MSigDB_Hallmark (msigdbr 26.1.0)	Marcks
HALLMARK_G2M_CHECKPOINT	exploratory	MSigDB_Hallmark (msigdbr 26.1.0)	Mcm2
HALLMARK_G2M_CHECKPOINT	exploratory	MSigDB_Hallmark (msigdbr 26.1.0)	Mcm3
HALLMARK_G2M_CHECKPOINT	exploratory	MSigDB_Hallmark (msigdbr 26.1.0)	Mcm5
HALLMARK_G2M_CHECKPOINT	exploratory	MSigDB_Hallmark (msigdbr 26.1.0)	Mcm6
HALLMARK_G2M_CHECKPOINT	exploratory	MSigDB_Hallmark (msigdbr 26.1.0)	Meis1
HALLMARK_G2M_CHECKPOINT	exploratory	MSigDB_Hallmark (msigdbr 26.1.0)	Meis2
HALLMARK_G2M_CHECKPOINT	exploratory	MSigDB_Hallmark (msigdbr 26.1.0)	Mki67
HALLMARK_G2M_CHECKPOINT	exploratory	MSigDB_Hallmark (msigdbr 26.1.0)	Mnat1
HALLMARK_G2M_CHECKPOINT	exploratory	MSigDB_Hallmark (msigdbr 26.1.0)	Mt2
HALLMARK_G2M_CHECKPOINT	exploratory	MSigDB_Hallmark (msigdbr 26.1.0)	Mtf2
HALLMARK_G2M_CHECKPOINT	exploratory	MSigDB_Hallmark (msigdbr 26.1.0)	Mybl2
HALLMARK_G2M_CHECKPOINT	exploratory	MSigDB_Hallmark (msigdbr 26.1.0)	Myc
HALLMARK_G2M_CHECKPOINT	exploratory	MSigDB_Hallmark (msigdbr 26.1.0)	Nasp
HALLMARK_G2M_CHECKPOINT	exploratory	MSigDB_Hallmark (msigdbr 26.1.0)	Ncl
HALLMARK_G2M_CHECKPOINT	exploratory	MSigDB_Hallmark (msigdbr 26.1.0)	Ndc80
HALLMARK_G2M_CHECKPOINT	exploratory	MSigDB_Hallmark (msigdbr 26.1.0)	Nek2
HALLMARK_G2M_CHECKPOINT	exploratory	MSigDB_Hallmark (msigdbr 26.1.0)	Nolc1
HALLMARK_G2M_CHECKPOINT	exploratory	MSigDB_Hallmark (msigdbr 26.1.0)	Notch2
HALLMARK_G2M_CHECKPOINT	exploratory	MSigDB_Hallmark (msigdbr 26.1.0)	Nsd2
HALLMARK_G2M_CHECKPOINT	exploratory	MSigDB_Hallmark (msigdbr 26.1.0)	Numa1
HALLMARK_G2M_CHECKPOINT	exploratory	MSigDB_Hallmark (msigdbr 26.1.0)	Nup50
HALLMARK_G2M_CHECKPOINT	exploratory	MSigDB_Hallmark (msigdbr 26.1.0)	Nup98
HALLMARK_G2M_CHECKPOINT	exploratory	MSigDB_Hallmark (msigdbr 26.1.0)	Nusap1
HALLMARK_G2M_CHECKPOINT	exploratory	MSigDB_Hallmark (msigdbr 26.1.0)	Odc1
HALLMARK_G2M_CHECKPOINT	exploratory	MSigDB_Hallmark (msigdbr 26.1.0)	Odf2
HALLMARK_G2M_CHECKPOINT	exploratory	MSigDB_Hallmark (msigdbr 26.1.0)	Orc5
HALLMARK_G2M_CHECKPOINT	exploratory	MSigDB_Hallmark (msigdbr 26.1.0)	Orc6
HALLMARK_G2M_CHECKPOINT	exploratory	MSigDB_Hallmark (msigdbr 26.1.0)	Pafah1b1
HALLMARK_G2M_CHECKPOINT	exploratory	MSigDB_Hallmark (msigdbr 26.1.0)	Pbk
HALLMARK_G2M_CHECKPOINT	exploratory	MSigDB_Hallmark (msigdbr 26.1.0)	Pds5b
HALLMARK_G2M_CHECKPOINT	exploratory	MSigDB_Hallmark (msigdbr 26.1.0)	Plk1
HALLMARK_G2M_CHECKPOINT	exploratory	MSigDB_Hallmark (msigdbr 26.1.0)	Plk4
HALLMARK_G2M_CHECKPOINT	exploratory	MSigDB_Hallmark (msigdbr 26.1.0)	Pml
HALLMARK_G2M_CHECKPOINT	exploratory	MSigDB_Hallmark (msigdbr 26.1.0)	Pola2
HALLMARK_G2M_CHECKPOINT	exploratory	MSigDB_Hallmark (msigdbr 26.1.0)	Pole
HALLMARK_G2M_CHECKPOINT	exploratory	MSigDB_Hallmark (msigdbr 26.1.0)	Polq
HALLMARK_G2M_CHECKPOINT	exploratory	MSigDB_Hallmark (msigdbr 26.1.0)	Prc1
HALLMARK_G2M_CHECKPOINT	exploratory	MSigDB_Hallmark (msigdbr 26.1.0)	Prim2
HALLMARK_G2M_CHECKPOINT	exploratory	MSigDB_Hallmark (msigdbr 26.1.0)	Prmt5
HALLMARK_G2M_CHECKPOINT	exploratory	MSigDB_Hallmark (msigdbr 26.1.0)	Prpf4b
HALLMARK_G2M_CHECKPOINT	exploratory	MSigDB_Hallmark (msigdbr 26.1.0)	Pttg1
HALLMARK_G2M_CHECKPOINT	exploratory	MSigDB_Hallmark (msigdbr 26.1.0)	Pura
HALLMARK_G2M_CHECKPOINT	exploratory	MSigDB_Hallmark (msigdbr 26.1.0)	Racgap1
HALLMARK_G2M_CHECKPOINT	exploratory	MSigDB_Hallmark (msigdbr 26.1.0)	Rad21
HALLMARK_G2M_CHECKPOINT	exploratory	MSigDB_Hallmark (msigdbr 26.1.0)	Rad23b
HALLMARK_G2M_CHECKPOINT	exploratory	MSigDB_Hallmark (msigdbr 26.1.0)	Rad54l
HALLMARK_G2M_CHECKPOINT	exploratory	MSigDB_Hallmark (msigdbr 26.1.0)	Rasal2
HALLMARK_G2M_CHECKPOINT	exploratory	MSigDB_Hallmark (msigdbr 26.1.0)	Rbl1
HALLMARK_G2M_CHECKPOINT	exploratory	MSigDB_Hallmark (msigdbr 26.1.0)	Rbm14
HALLMARK_G2M_CHECKPOINT	exploratory	MSigDB_Hallmark (msigdbr 26.1.0)	Rpa2
HALLMARK_G2M_CHECKPOINT	exploratory	MSigDB_Hallmark (msigdbr 26.1.0)	Rps6ka5
HALLMARK_G2M_CHECKPOINT	exploratory	MSigDB_Hallmark (msigdbr 26.1.0)	Sap30
HALLMARK_G2M_CHECKPOINT	exploratory	MSigDB_Hallmark (msigdbr 26.1.0)	Sfpq
HALLMARK_G2M_CHECKPOINT	exploratory	MSigDB_Hallmark (msigdbr 26.1.0)	Slc12a2
HALLMARK_G2M_CHECKPOINT	exploratory	MSigDB_Hallmark (msigdbr 26.1.0)	Slc38a1
HALLMARK_G2M_CHECKPOINT	exploratory	MSigDB_Hallmark (msigdbr 26.1.0)	Slc7a1
HALLMARK_G2M_CHECKPOINT	exploratory	MSigDB_Hallmark (msigdbr 26.1.0)	Slc7a5
HALLMARK_G2M_CHECKPOINT	exploratory	MSigDB_Hallmark (msigdbr 26.1.0)	Smad3
HALLMARK_G2M_CHECKPOINT	exploratory	MSigDB_Hallmark (msigdbr 26.1.0)	Smarcc1
HALLMARK_G2M_CHECKPOINT	exploratory	MSigDB_Hallmark (msigdbr 26.1.0)	Smc1a
HALLMARK_G2M_CHECKPOINT	exploratory	MSigDB_Hallmark (msigdbr 26.1.0)	Smc2
HALLMARK_G2M_CHECKPOINT	exploratory	MSigDB_Hallmark (msigdbr 26.1.0)	Smc4
HALLMARK_G2M_CHECKPOINT	exploratory	MSigDB_Hallmark (msigdbr 26.1.0)	Snrpd1
HALLMARK_G2M_CHECKPOINT	exploratory	MSigDB_Hallmark (msigdbr 26.1.0)	Sqle
HALLMARK_G2M_CHECKPOINT	exploratory	MSigDB_Hallmark (msigdbr 26.1.0)	Srsf1
HALLMARK_G2M_CHECKPOINT	exploratory	MSigDB_Hallmark (msigdbr 26.1.0)	Srsf10
HALLMARK_G2M_CHECKPOINT	exploratory	MSigDB_Hallmark (msigdbr 26.1.0)	Srsf2
HALLMARK_G2M_CHECKPOINT	exploratory	MSigDB_Hallmark (msigdbr 26.1.0)	Ss18
HALLMARK_G2M_CHECKPOINT	exploratory	MSigDB_Hallmark (msigdbr 26.1.0)	Stag1
HALLMARK_G2M_CHECKPOINT	exploratory	MSigDB_Hallmark (msigdbr 26.1.0)	Stil
HALLMARK_G2M_CHECKPOINT	exploratory	MSigDB_Hallmark (msigdbr 26.1.0)	Stmn1
HALLMARK_G2M_CHECKPOINT	exploratory	MSigDB_Hallmark (msigdbr 26.1.0)	Suv39h1
HALLMARK_G2M_CHECKPOINT	exploratory	MSigDB_Hallmark (msigdbr 26.1.0)	Syncrip
HALLMARK_G2M_CHECKPOINT	exploratory	MSigDB_Hallmark (msigdbr 26.1.0)	Tacc3
HALLMARK_G2M_CHECKPOINT	exploratory	MSigDB_Hallmark (msigdbr 26.1.0)	Tent4a
HALLMARK_G2M_CHECKPOINT	exploratory	MSigDB_Hallmark (msigdbr 26.1.0)	Tfdp1
HALLMARK_G2M_CHECKPOINT	exploratory	MSigDB_Hallmark (msigdbr 26.1.0)	Tgfb1
HALLMARK_G2M_CHECKPOINT	exploratory	MSigDB_Hallmark (msigdbr 26.1.0)	Tle3
HALLMARK_G2M_CHECKPOINT	exploratory	MSigDB_Hallmark (msigdbr 26.1.0)	Tmpo
HALLMARK_G2M_CHECKPOINT	exploratory	MSigDB_Hallmark (msigdbr 26.1.0)	Tnpo2
HALLMARK_G2M_CHECKPOINT	exploratory	MSigDB_Hallmark (msigdbr 26.1.0)	Top1
HALLMARK_G2M_CHECKPOINT	exploratory	MSigDB_Hallmark (msigdbr 26.1.0)	Top2a
HALLMARK_G2M_CHECKPOINT	exploratory	MSigDB_Hallmark (msigdbr 26.1.0)	Tpx2
HALLMARK_G2M_CHECKPOINT	exploratory	MSigDB_Hallmark (msigdbr 26.1.0)	Tra2b
HALLMARK_G2M_CHECKPOINT	exploratory	MSigDB_Hallmark (msigdbr 26.1.0)	Traip
HALLMARK_G2M_CHECKPOINT	exploratory	MSigDB_Hallmark (msigdbr 26.1.0)	Troap
HALLMARK_G2M_CHECKPOINT	exploratory	MSigDB_Hallmark (msigdbr 26.1.0)	Ttk
HALLMARK_G2M_CHECKPOINT	exploratory	MSigDB_Hallmark (msigdbr 26.1.0)	Ube2c
HALLMARK_G2M_CHECKPOINT	exploratory	MSigDB_Hallmark (msigdbr 26.1.0)	Ube2s
HALLMARK_G2M_CHECKPOINT	exploratory	MSigDB_Hallmark (msigdbr 26.1.0)	Uck2
HALLMARK_G2M_CHECKPOINT	exploratory	MSigDB_Hallmark (msigdbr 26.1.0)	Upf1
HALLMARK_G2M_CHECKPOINT	exploratory	MSigDB_Hallmark (msigdbr 26.1.0)	Wrn
HALLMARK_G2M_CHECKPOINT	exploratory	MSigDB_Hallmark (msigdbr 26.1.0)	Xpo1
HALLMARK_G2M_CHECKPOINT	exploratory	MSigDB_Hallmark (msigdbr 26.1.0)	Ythdc1
HALLMARK_GLYCOLYSIS	exploratory	MSigDB_Hallmark (msigdbr 26.1.0)	Abcb6
HALLMARK_GLYCOLYSIS	exploratory	MSigDB_Hallmark (msigdbr 26.1.0)	Adora2b
HALLMARK_GLYCOLYSIS	exploratory	MSigDB_Hallmark (msigdbr 26.1.0)	Agl
HALLMARK_GLYCOLYSIS	exploratory	MSigDB_Hallmark (msigdbr 26.1.0)	Agrn
HALLMARK_GLYCOLYSIS	exploratory	MSigDB_Hallmark (msigdbr 26.1.0)	Ak3
HALLMARK_GLYCOLYSIS	exploratory	MSigDB_Hallmark (msigdbr 26.1.0)	Ak4
HALLMARK_GLYCOLYSIS	exploratory	MSigDB_Hallmark (msigdbr 26.1.0)	Akr1a1
HALLMARK_GLYCOLYSIS	exploratory	MSigDB_Hallmark (msigdbr 26.1.0)	Aldh7a1
HALLMARK_GLYCOLYSIS	exploratory	MSigDB_Hallmark (msigdbr 26.1.0)	Aldh9a1
HALLMARK_GLYCOLYSIS	exploratory	MSigDB_Hallmark (msigdbr 26.1.0)	Aldoa
HALLMARK_GLYCOLYSIS	exploratory	MSigDB_Hallmark (msigdbr 26.1.0)	Aldob
HALLMARK_GLYCOLYSIS	exploratory	MSigDB_Hallmark (msigdbr 26.1.0)	Alg1
HALLMARK_GLYCOLYSIS	exploratory	MSigDB_Hallmark (msigdbr 26.1.0)	Ang
HALLMARK_GLYCOLYSIS	exploratory	MSigDB_Hallmark (msigdbr 26.1.0)	Angptl4
HALLMARK_GLYCOLYSIS	exploratory	MSigDB_Hallmark (msigdbr 26.1.0)	Ankzf1
HALLMARK_GLYCOLYSIS	exploratory	MSigDB_Hallmark (msigdbr 26.1.0)	Arpp19
HALLMARK_GLYCOLYSIS	exploratory	MSigDB_Hallmark (msigdbr 26.1.0)	Artn
HALLMARK_GLYCOLYSIS	exploratory	MSigDB_Hallmark (msigdbr 26.1.0)	Aurka
HALLMARK_GLYCOLYSIS	exploratory	MSigDB_Hallmark (msigdbr 26.1.0)	B3galt6
HALLMARK_GLYCOLYSIS	exploratory	MSigDB_Hallmark (msigdbr 26.1.0)	B3gat1
HALLMARK_GLYCOLYSIS	exploratory	MSigDB_Hallmark (msigdbr 26.1.0)	B3gat3
HALLMARK_GLYCOLYSIS	exploratory	MSigDB_Hallmark (msigdbr 26.1.0)	B3gnt3
HALLMARK_GLYCOLYSIS	exploratory	MSigDB_Hallmark (msigdbr 26.1.0)	B4galt1
HALLMARK_GLYCOLYSIS	exploratory	MSigDB_Hallmark (msigdbr 26.1.0)	B4galt2
HALLMARK_GLYCOLYSIS	exploratory	MSigDB_Hallmark (msigdbr 26.1.0)	B4galt4
HALLMARK_GLYCOLYSIS	exploratory	MSigDB_Hallmark (msigdbr 26.1.0)	B4galt7
HALLMARK_GLYCOLYSIS	exploratory	MSigDB_Hallmark (msigdbr 26.1.0)	Bik
HALLMARK_GLYCOLYSIS	exploratory	MSigDB_Hallmark (msigdbr 26.1.0)	Bpnt1
HALLMARK_GLYCOLYSIS	exploratory	MSigDB_Hallmark (msigdbr 26.1.0)	Cacna1h
HALLMARK_GLYCOLYSIS	exploratory	MSigDB_Hallmark (msigdbr 26.1.0)	Capn5
HALLMARK_GLYCOLYSIS	exploratory	MSigDB_Hallmark (msigdbr 26.1.0)	Casp6
HALLMARK_GLYCOLYSIS	exploratory	MSigDB_Hallmark (msigdbr 26.1.0)	Cd44
HALLMARK_GLYCOLYSIS	exploratory	MSigDB_Hallmark (msigdbr 26.1.0)	Cdk1
HALLMARK_GLYCOLYSIS	exploratory	MSigDB_Hallmark (msigdbr 26.1.0)	Cenpa
HALLMARK_GLYCOLYSIS	exploratory	MSigDB_Hallmark (msigdbr 26.1.0)	Chpf
HALLMARK_GLYCOLYSIS	exploratory	MSigDB_Hallmark (msigdbr 26.1.0)	Chpf2
HALLMARK_GLYCOLYSIS	exploratory	MSigDB_Hallmark (msigdbr 26.1.0)	Chst1
HALLMARK_GLYCOLYSIS	exploratory	MSigDB_Hallmark (msigdbr 26.1.0)	Chst12
HALLMARK_GLYCOLYSIS	exploratory	MSigDB_Hallmark (msigdbr 26.1.0)	Chst2
HALLMARK_GLYCOLYSIS	exploratory	MSigDB_Hallmark (msigdbr 26.1.0)	Chst4
HALLMARK_GLYCOLYSIS	exploratory	MSigDB_Hallmark (msigdbr 26.1.0)	Chst5
HALLMARK_GLYCOLYSIS	exploratory	MSigDB_Hallmark (msigdbr 26.1.0)	Cited2
HALLMARK_GLYCOLYSIS	exploratory	MSigDB_Hallmark (msigdbr 26.1.0)	Cldn3
HALLMARK_GLYCOLYSIS	exploratory	MSigDB_Hallmark (msigdbr 26.1.0)	Cldn9
HALLMARK_GLYCOLYSIS	exploratory	MSigDB_Hallmark (msigdbr 26.1.0)	Cln6
HALLMARK_GLYCOLYSIS	exploratory	MSigDB_Hallmark (msigdbr 26.1.0)	Cog2
HALLMARK_GLYCOLYSIS	exploratory	MSigDB_Hallmark (msigdbr 26.1.0)	Col5a1
HALLMARK_GLYCOLYSIS	exploratory	MSigDB_Hallmark (msigdbr 26.1.0)	Copb2
HALLMARK_GLYCOLYSIS	exploratory	MSigDB_Hallmark (msigdbr 26.1.0)	Cth
HALLMARK_GLYCOLYSIS	exploratory	MSigDB_Hallmark (msigdbr 26.1.0)	Cxcr4
HALLMARK_GLYCOLYSIS	exploratory	MSigDB_Hallmark (msigdbr 26.1.0)	Cyb5a
HALLMARK_GLYCOLYSIS	exploratory	MSigDB_Hallmark (msigdbr 26.1.0)	Dcn
HALLMARK_GLYCOLYSIS	exploratory	MSigDB_Hallmark (msigdbr 26.1.0)	Ddit4
HALLMARK_GLYCOLYSIS	exploratory	MSigDB_Hallmark (msigdbr 26.1.0)	Depdc1a
HALLMARK_GLYCOLYSIS	exploratory	MSigDB_Hallmark (msigdbr 26.1.0)	Dld
HALLMARK_GLYCOLYSIS	exploratory	MSigDB_Hallmark (msigdbr 26.1.0)	Dpysl4
HALLMARK_GLYCOLYSIS	exploratory	MSigDB_Hallmark (msigdbr 26.1.0)	Dsc2
HALLMARK_GLYCOLYSIS	exploratory	MSigDB_Hallmark (msigdbr 26.1.0)	Ecd
HALLMARK_GLYCOLYSIS	exploratory	MSigDB_Hallmark (msigdbr 26.1.0)	Efna3
HALLMARK_GLYCOLYSIS	exploratory	MSigDB_Hallmark (msigdbr 26.1.0)	Egfr
HALLMARK_GLYCOLYSIS	exploratory	MSigDB_Hallmark (msigdbr 26.1.0)	Egln3
HALLMARK_GLYCOLYSIS	exploratory	MSigDB_Hallmark (msigdbr 26.1.0)	Elf3
HALLMARK_GLYCOLYSIS	exploratory	MSigDB_Hallmark (msigdbr 26.1.0)	Eno1
HALLMARK_GLYCOLYSIS	exploratory	MSigDB_Hallmark (msigdbr 26.1.0)	Eno2
HALLMARK_GLYCOLYSIS	exploratory	MSigDB_Hallmark (msigdbr 26.1.0)	Ero1a
HALLMARK_GLYCOLYSIS	exploratory	MSigDB_Hallmark (msigdbr 26.1.0)	Ext1
HALLMARK_GLYCOLYSIS	exploratory	MSigDB_Hallmark (msigdbr 26.1.0)	Ext2
HALLMARK_GLYCOLYSIS	exploratory	MSigDB_Hallmark (msigdbr 26.1.0)	Fam162a
HALLMARK_GLYCOLYSIS	exploratory	MSigDB_Hallmark (msigdbr 26.1.0)	Fbp2
HALLMARK_GLYCOLYSIS	exploratory	MSigDB_Hallmark (msigdbr 26.1.0)	Fkbp4
HALLMARK_GLYCOLYSIS	exploratory	MSigDB_Hallmark (msigdbr 26.1.0)	Fut8
HALLMARK_GLYCOLYSIS	exploratory	MSigDB_Hallmark (msigdbr 26.1.0)	G6pdx
HALLMARK_GLYCOLYSIS	exploratory	MSigDB_Hallmark (msigdbr 26.1.0)	Gal3st1
HALLMARK_GLYCOLYSIS	exploratory	MSigDB_Hallmark (msigdbr 26.1.0)	Gale
HALLMARK_GLYCOLYSIS	exploratory	MSigDB_Hallmark (msigdbr 26.1.0)	Galk1
HALLMARK_GLYCOLYSIS	exploratory	MSigDB_Hallmark (msigdbr 26.1.0)	Galk2
HALLMARK_GLYCOLYSIS	exploratory	MSigDB_Hallmark (msigdbr 26.1.0)	Gapdhs
HALLMARK_GLYCOLYSIS	exploratory	MSigDB_Hallmark (msigdbr 26.1.0)	Gclc
HALLMARK_GLYCOLYSIS	exploratory	MSigDB_Hallmark (msigdbr 26.1.0)	Gfpt1
HALLMARK_GLYCOLYSIS	exploratory	MSigDB_Hallmark (msigdbr 26.1.0)	Gfus
HALLMARK_GLYCOLYSIS	exploratory	MSigDB_Hallmark (msigdbr 26.1.0)	Glce
HALLMARK_GLYCOLYSIS	exploratory	MSigDB_Hallmark (msigdbr 26.1.0)	Glrx
HALLMARK_GLYCOLYSIS	exploratory	MSigDB_Hallmark (msigdbr 26.1.0)	Gmppa
HALLMARK_GLYCOLYSIS	exploratory	MSigDB_Hallmark (msigdbr 26.1.0)	Gmppb
HALLMARK_GLYCOLYSIS	exploratory	MSigDB_Hallmark (msigdbr 26.1.0)	Gne
HALLMARK_GLYCOLYSIS	exploratory	MSigDB_Hallmark (msigdbr 26.1.0)	Gnpda1
HALLMARK_GLYCOLYSIS	exploratory	MSigDB_Hallmark (msigdbr 26.1.0)	Got1
HALLMARK_GLYCOLYSIS	exploratory	MSigDB_Hallmark (msigdbr 26.1.0)	Got2
HALLMARK_GLYCOLYSIS	exploratory	MSigDB_Hallmark (msigdbr 26.1.0)	Gpc1
HALLMARK_GLYCOLYSIS	exploratory	MSigDB_Hallmark (msigdbr 26.1.0)	Gpc3
HALLMARK_GLYCOLYSIS	exploratory	MSigDB_Hallmark (msigdbr 26.1.0)	Gpc4
HALLMARK_GLYCOLYSIS	exploratory	MSigDB_Hallmark (msigdbr 26.1.0)	Gpr87
HALLMARK_GLYCOLYSIS	exploratory	MSigDB_Hallmark (msigdbr 26.1.0)	Gusb
HALLMARK_GLYCOLYSIS	exploratory	MSigDB_Hallmark (msigdbr 26.1.0)	Gys1
HALLMARK_GLYCOLYSIS	exploratory	MSigDB_Hallmark (msigdbr 26.1.0)	Gys2
HALLMARK_GLYCOLYSIS	exploratory	MSigDB_Hallmark (msigdbr 26.1.0)	Hax1
HALLMARK_GLYCOLYSIS	exploratory	MSigDB_Hallmark (msigdbr 26.1.0)	Hdlbp
HALLMARK_GLYCOLYSIS	exploratory	MSigDB_Hallmark (msigdbr 26.1.0)	Hk2
HALLMARK_GLYCOLYSIS	exploratory	MSigDB_Hallmark (msigdbr 26.1.0)	Hmmr
HALLMARK_GLYCOLYSIS	exploratory	MSigDB_Hallmark (msigdbr 26.1.0)	Homer1
HALLMARK_GLYCOLYSIS	exploratory	MSigDB_Hallmark (msigdbr 26.1.0)	Hs2st1
HALLMARK_GLYCOLYSIS	exploratory	MSigDB_Hallmark (msigdbr 26.1.0)	Hs6st2
HALLMARK_GLYCOLYSIS	exploratory	MSigDB_Hallmark (msigdbr 26.1.0)	Hspa5
HALLMARK_GLYCOLYSIS	exploratory	MSigDB_Hallmark (msigdbr 26.1.0)	Idh1
HALLMARK_GLYCOLYSIS	exploratory	MSigDB_Hallmark (msigdbr 26.1.0)	Idua
HALLMARK_GLYCOLYSIS	exploratory	MSigDB_Hallmark (msigdbr 26.1.0)	Ier3
HALLMARK_GLYCOLYSIS	exploratory	MSigDB_Hallmark (msigdbr 26.1.0)	Igfbp3
HALLMARK_GLYCOLYSIS	exploratory	MSigDB_Hallmark (msigdbr 26.1.0)	Il13ra1
HALLMARK_GLYCOLYSIS	exploratory	MSigDB_Hallmark (msigdbr 26.1.0)	Irs2
HALLMARK_GLYCOLYSIS	exploratory	MSigDB_Hallmark (msigdbr 26.1.0)	Isg20
HALLMARK_GLYCOLYSIS	exploratory	MSigDB_Hallmark (msigdbr 26.1.0)	Kdelr3
HALLMARK_GLYCOLYSIS	exploratory	MSigDB_Hallmark (msigdbr 26.1.0)	Kif20a
HALLMARK_GLYCOLYSIS	exploratory	MSigDB_Hallmark (msigdbr 26.1.0)	Kif2a
HALLMARK_GLYCOLYSIS	exploratory	MSigDB_Hallmark (msigdbr 26.1.0)	Lct
HALLMARK_GLYCOLYSIS	exploratory	MSigDB_Hallmark (msigdbr 26.1.0)	Ldha
HALLMARK_GLYCOLYSIS	exploratory	MSigDB_Hallmark (msigdbr 26.1.0)	Ldhc
HALLMARK_GLYCOLYSIS	exploratory	MSigDB_Hallmark (msigdbr 26.1.0)	Lhpp
HALLMARK_GLYCOLYSIS	exploratory	MSigDB_Hallmark (msigdbr 26.1.0)	Lhx9
HALLMARK_GLYCOLYSIS	exploratory	MSigDB_Hallmark (msigdbr 26.1.0)	Mdh1
HALLMARK_GLYCOLYSIS	exploratory	MSigDB_Hallmark (msigdbr 26.1.0)	Mdh2
HALLMARK_GLYCOLYSIS	exploratory	MSigDB_Hallmark (msigdbr 26.1.0)	Me1
HALLMARK_GLYCOLYSIS	exploratory	MSigDB_Hallmark (msigdbr 26.1.0)	Me2
HALLMARK_GLYCOLYSIS	exploratory	MSigDB_Hallmark (msigdbr 26.1.0)	Med24
HALLMARK_GLYCOLYSIS	exploratory	MSigDB_Hallmark (msigdbr 26.1.0)	Mertk
HALLMARK_GLYCOLYSIS	exploratory	MSigDB_Hallmark (msigdbr 26.1.0)	Met
HALLMARK_GLYCOLYSIS	exploratory	MSigDB_Hallmark (msigdbr 26.1.0)	Mif
HALLMARK_GLYCOLYSIS	exploratory	MSigDB_Hallmark (msigdbr 26.1.0)	Miox
HALLMARK_GLYCOLYSIS	exploratory	MSigDB_Hallmark (msigdbr 26.1.0)	Mpi
HALLMARK_GLYCOLYSIS	exploratory	MSigDB_Hallmark (msigdbr 26.1.0)	Mxi1
HALLMARK_GLYCOLYSIS	exploratory	MSigDB_Hallmark (msigdbr 26.1.0)	Nanp
HALLMARK_GLYCOLYSIS	exploratory	MSigDB_Hallmark (msigdbr 26.1.0)	Nasp
HALLMARK_GLYCOLYSIS	exploratory	MSigDB_Hallmark (msigdbr 26.1.0)	Ndst3
HALLMARK_GLYCOLYSIS	exploratory	MSigDB_Hallmark (msigdbr 26.1.0)	Ndufv3
HALLMARK_GLYCOLYSIS	exploratory	MSigDB_Hallmark (msigdbr 26.1.0)	Nol3
HALLMARK_GLYCOLYSIS	exploratory	MSigDB_Hallmark (msigdbr 26.1.0)	Nsdhl
HALLMARK_GLYCOLYSIS	exploratory	MSigDB_Hallmark (msigdbr 26.1.0)	Nt5e
HALLMARK_GLYCOLYSIS	exploratory	MSigDB_Hallmark (msigdbr 26.1.0)	P4ha1
HALLMARK_GLYCOLYSIS	exploratory	MSigDB_Hallmark (msigdbr 26.1.0)	P4ha2
HALLMARK_GLYCOLYSIS	exploratory	MSigDB_Hallmark (msigdbr 26.1.0)	Pam
HALLMARK_GLYCOLYSIS	exploratory	MSigDB_Hallmark (msigdbr 26.1.0)	Paxip1
HALLMARK_GLYCOLYSIS	exploratory	MSigDB_Hallmark (msigdbr 26.1.0)	Pcx
HALLMARK_GLYCOLYSIS	exploratory	MSigDB_Hallmark (msigdbr 26.1.0)	Pdk3
HALLMARK_GLYCOLYSIS	exploratory	MSigDB_Hallmark (msigdbr 26.1.0)	Pfkfb1
HALLMARK_GLYCOLYSIS	exploratory	MSigDB_Hallmark (msigdbr 26.1.0)	Pfkp
HALLMARK_GLYCOLYSIS	exploratory	MSigDB_Hallmark (msigdbr 26.1.0)	Pgam1
HALLMARK_GLYCOLYSIS	exploratory	MSigDB_Hallmark (msigdbr 26.1.0)	Pgam2
HALLMARK_GLYCOLYSIS	exploratory	MSigDB_Hallmark (msigdbr 26.1.0)	Pgk1
HALLMARK_GLYCOLYSIS	exploratory	MSigDB_Hallmark (msigdbr 26.1.0)	Pgls
HALLMARK_GLYCOLYSIS	exploratory	MSigDB_Hallmark (msigdbr 26.1.0)	Pgm2
HALLMARK_GLYCOLYSIS	exploratory	MSigDB_Hallmark (msigdbr 26.1.0)	Phka2
HALLMARK_GLYCOLYSIS	exploratory	MSigDB_Hallmark (msigdbr 26.1.0)	Pkm
HALLMARK_GLYCOLYSIS	exploratory	MSigDB_Hallmark (msigdbr 26.1.0)	Pkp2
HALLMARK_GLYCOLYSIS	exploratory	MSigDB_Hallmark (msigdbr 26.1.0)	Plod1
HALLMARK_GLYCOLYSIS	exploratory	MSigDB_Hallmark (msigdbr 26.1.0)	Plod2
HALLMARK_GLYCOLYSIS	exploratory	MSigDB_Hallmark (msigdbr 26.1.0)	Pmm2
HALLMARK_GLYCOLYSIS	exploratory	MSigDB_Hallmark (msigdbr 26.1.0)	Polr3k
HALLMARK_GLYCOLYSIS	exploratory	MSigDB_Hallmark (msigdbr 26.1.0)	Ppfia4
HALLMARK_GLYCOLYSIS	exploratory	MSigDB_Hallmark (msigdbr 26.1.0)	Ppia
HALLMARK_GLYCOLYSIS	exploratory	MSigDB_Hallmark (msigdbr 26.1.0)	Ppp2cb
HALLMARK_GLYCOLYSIS	exploratory	MSigDB_Hallmark (msigdbr 26.1.0)	Prps1
HALLMARK_GLYCOLYSIS	exploratory	MSigDB_Hallmark (msigdbr 26.1.0)	Psmc4
HALLMARK_GLYCOLYSIS	exploratory	MSigDB_Hallmark (msigdbr 26.1.0)	Pygb
HALLMARK_GLYCOLYSIS	exploratory	MSigDB_Hallmark (msigdbr 26.1.0)	Pygl
HALLMARK_GLYCOLYSIS	exploratory	MSigDB_Hallmark (msigdbr 26.1.0)	Qsox1
HALLMARK_GLYCOLYSIS	exploratory	MSigDB_Hallmark (msigdbr 26.1.0)	Rars
HALLMARK_GLYCOLYSIS	exploratory	MSigDB_Hallmark (msigdbr 26.1.0)	Rbck1
HALLMARK_GLYCOLYSIS	exploratory	MSigDB_Hallmark (msigdbr 26.1.0)	Rpe
HALLMARK_GLYCOLYSIS	exploratory	MSigDB_Hallmark (msigdbr 26.1.0)	Rragd
HALLMARK_GLYCOLYSIS	exploratory	MSigDB_Hallmark (msigdbr 26.1.0)	Sap30
HALLMARK_GLYCOLYSIS	exploratory	MSigDB_Hallmark (msigdbr 26.1.0)	Sdc1
HALLMARK_GLYCOLYSIS	exploratory	MSigDB_Hallmark (msigdbr 26.1.0)	Sdc2
HALLMARK_GLYCOLYSIS	exploratory	MSigDB_Hallmark (msigdbr 26.1.0)	Sdc3
HALLMARK_GLYCOLYSIS	exploratory	MSigDB_Hallmark (msigdbr 26.1.0)	Sdhc
HALLMARK_GLYCOLYSIS	exploratory	MSigDB_Hallmark (msigdbr 26.1.0)	Slc16a3
HALLMARK_GLYCOLYSIS	exploratory	MSigDB_Hallmark (msigdbr 26.1.0)	Slc25a10
HALLMARK_GLYCOLYSIS	exploratory	MSigDB_Hallmark (msigdbr 26.1.0)	Slc25a13
HALLMARK_GLYCOLYSIS	exploratory	MSigDB_Hallmark (msigdbr 26.1.0)	Slc35a3
HALLMARK_GLYCOLYSIS	exploratory	MSigDB_Hallmark (msigdbr 26.1.0)	Slc37a4
HALLMARK_GLYCOLYSIS	exploratory	MSigDB_Hallmark (msigdbr 26.1.0)	Sod1
HALLMARK_GLYCOLYSIS	exploratory	MSigDB_Hallmark (msigdbr 26.1.0)	Sox9
HALLMARK_GLYCOLYSIS	exploratory	MSigDB_Hallmark (msigdbr 26.1.0)	Spag4
HALLMARK_GLYCOLYSIS	exploratory	MSigDB_Hallmark (msigdbr 26.1.0)	Srd5a3
HALLMARK_GLYCOLYSIS	exploratory	MSigDB_Hallmark (msigdbr 26.1.0)	Stc1
HALLMARK_GLYCOLYSIS	exploratory	MSigDB_Hallmark (msigdbr 26.1.0)	Stc2
HALLMARK_GLYCOLYSIS	exploratory	MSigDB_Hallmark (msigdbr 26.1.0)	Stmn1
HALLMARK_GLYCOLYSIS	exploratory	MSigDB_Hallmark (msigdbr 26.1.0)	Taldo1
HALLMARK_GLYCOLYSIS	exploratory	MSigDB_Hallmark (msigdbr 26.1.0)	Tff3
HALLMARK_GLYCOLYSIS	exploratory	MSigDB_Hallmark (msigdbr 26.1.0)	Tgfa
HALLMARK_GLYCOLYSIS	exploratory	MSigDB_Hallmark (msigdbr 26.1.0)	Tgfbi
HALLMARK_GLYCOLYSIS	exploratory	MSigDB_Hallmark (msigdbr 26.1.0)	Tktl1
HALLMARK_GLYCOLYSIS	exploratory	MSigDB_Hallmark (msigdbr 26.1.0)	Tpbg
HALLMARK_GLYCOLYSIS	exploratory	MSigDB_Hallmark (msigdbr 26.1.0)	Tpi1
HALLMARK_GLYCOLYSIS	exploratory	MSigDB_Hallmark (msigdbr 26.1.0)	Tpst1
HALLMARK_GLYCOLYSIS	exploratory	MSigDB_Hallmark (msigdbr 26.1.0)	Txn1
HALLMARK_GLYCOLYSIS	exploratory	MSigDB_Hallmark (msigdbr 26.1.0)	Ugp2
HALLMARK_GLYCOLYSIS	exploratory	MSigDB_Hallmark (msigdbr 26.1.0)	Vcan
HALLMARK_GLYCOLYSIS	exploratory	MSigDB_Hallmark (msigdbr 26.1.0)	Vegfa
HALLMARK_GLYCOLYSIS	exploratory	MSigDB_Hallmark (msigdbr 26.1.0)	Vldlr
HALLMARK_GLYCOLYSIS	exploratory	MSigDB_Hallmark (msigdbr 26.1.0)	Xylt2
HALLMARK_GLYCOLYSIS	exploratory	MSigDB_Hallmark (msigdbr 26.1.0)	Zfp292
HALLMARK_HEDGEHOG_SIGNALING	exploratory	MSigDB_Hallmark (msigdbr 26.1.0)	Ache
HALLMARK_HEDGEHOG_SIGNALING	exploratory	MSigDB_Hallmark (msigdbr 26.1.0)	Adgrg1
HALLMARK_HEDGEHOG_SIGNALING	exploratory	MSigDB_Hallmark (msigdbr 26.1.0)	Amot
HALLMARK_HEDGEHOG_SIGNALING	exploratory	MSigDB_Hallmark (msigdbr 26.1.0)	Cdk5r1
HALLMARK_HEDGEHOG_SIGNALING	exploratory	MSigDB_Hallmark (msigdbr 26.1.0)	Cdk6
HALLMARK_HEDGEHOG_SIGNALING	exploratory	MSigDB_Hallmark (msigdbr 26.1.0)	Celsr1
HALLMARK_HEDGEHOG_SIGNALING	exploratory	MSigDB_Hallmark (msigdbr 26.1.0)	Cntfr
HALLMARK_HEDGEHOG_SIGNALING	exploratory	MSigDB_Hallmark (msigdbr 26.1.0)	Crmp1
HALLMARK_HEDGEHOG_SIGNALING	exploratory	MSigDB_Hallmark (msigdbr 26.1.0)	Dpysl2
HALLMARK_HEDGEHOG_SIGNALING	exploratory	MSigDB_Hallmark (msigdbr 26.1.0)	Ets2
HALLMARK_HEDGEHOG_SIGNALING	exploratory	MSigDB_Hallmark (msigdbr 26.1.0)	Gli1
HALLMARK_HEDGEHOG_SIGNALING	exploratory	MSigDB_Hallmark (msigdbr 26.1.0)	Hey1
HALLMARK_HEDGEHOG_SIGNALING	exploratory	MSigDB_Hallmark (msigdbr 26.1.0)	Hey2
HALLMARK_HEDGEHOG_SIGNALING	exploratory	MSigDB_Hallmark (msigdbr 26.1.0)	L1cam
HALLMARK_HEDGEHOG_SIGNALING	exploratory	MSigDB_Hallmark (msigdbr 26.1.0)	Ldb1
HALLMARK_HEDGEHOG_SIGNALING	exploratory	MSigDB_Hallmark (msigdbr 26.1.0)	Myh9
HALLMARK_HEDGEHOG_SIGNALING	exploratory	MSigDB_Hallmark (msigdbr 26.1.0)	Nf1
HALLMARK_HEDGEHOG_SIGNALING	exploratory	MSigDB_Hallmark (msigdbr 26.1.0)	Nkx6-1
HALLMARK_HEDGEHOG_SIGNALING	exploratory	MSigDB_Hallmark (msigdbr 26.1.0)	Nrcam
HALLMARK_HEDGEHOG_SIGNALING	exploratory	MSigDB_Hallmark (msigdbr 26.1.0)	Nrp1
HALLMARK_HEDGEHOG_SIGNALING	exploratory	MSigDB_Hallmark (msigdbr 26.1.0)	Nrp2
HALLMARK_HEDGEHOG_SIGNALING	exploratory	MSigDB_Hallmark (msigdbr 26.1.0)	Ophn1
HALLMARK_HEDGEHOG_SIGNALING	exploratory	MSigDB_Hallmark (msigdbr 26.1.0)	Plg
HALLMARK_HEDGEHOG_SIGNALING	exploratory	MSigDB_Hallmark (msigdbr 26.1.0)	Pml
HALLMARK_HEDGEHOG_SIGNALING	exploratory	MSigDB_Hallmark (msigdbr 26.1.0)	Ptch1
HALLMARK_HEDGEHOG_SIGNALING	exploratory	MSigDB_Hallmark (msigdbr 26.1.0)	Rasa1
HALLMARK_HEDGEHOG_SIGNALING	exploratory	MSigDB_Hallmark (msigdbr 26.1.0)	Rtn1
HALLMARK_HEDGEHOG_SIGNALING	exploratory	MSigDB_Hallmark (msigdbr 26.1.0)	Scg2
HALLMARK_HEDGEHOG_SIGNALING	exploratory	MSigDB_Hallmark (msigdbr 26.1.0)	Shh
HALLMARK_HEDGEHOG_SIGNALING	exploratory	MSigDB_Hallmark (msigdbr 26.1.0)	Slit1
HALLMARK_HEDGEHOG_SIGNALING	exploratory	MSigDB_Hallmark (msigdbr 26.1.0)	Thy1
HALLMARK_HEDGEHOG_SIGNALING	exploratory	MSigDB_Hallmark (msigdbr 26.1.0)	Tle1
HALLMARK_HEDGEHOG_SIGNALING	exploratory	MSigDB_Hallmark (msigdbr 26.1.0)	Tle3
HALLMARK_HEDGEHOG_SIGNALING	exploratory	MSigDB_Hallmark (msigdbr 26.1.0)	Unc5c
HALLMARK_HEDGEHOG_SIGNALING	exploratory	MSigDB_Hallmark (msigdbr 26.1.0)	Vegfa
HALLMARK_HEDGEHOG_SIGNALING	exploratory	MSigDB_Hallmark (msigdbr 26.1.0)	Vldlr
HALLMARK_HEME_METABOLISM	exploratory	MSigDB_Hallmark (msigdbr 26.1.0)	Abcb6
HALLMARK_HEME_METABOLISM	exploratory	MSigDB_Hallmark (msigdbr 26.1.0)	Abcg2
HALLMARK_HEME_METABOLISM	exploratory	MSigDB_Hallmark (msigdbr 26.1.0)	Ackr1
HALLMARK_HEME_METABOLISM	exploratory	MSigDB_Hallmark (msigdbr 26.1.0)	Acp5
HALLMARK_HEME_METABOLISM	exploratory	MSigDB_Hallmark (msigdbr 26.1.0)	Acsl6
HALLMARK_HEME_METABOLISM	exploratory	MSigDB_Hallmark (msigdbr 26.1.0)	Add1
HALLMARK_HEME_METABOLISM	exploratory	MSigDB_Hallmark (msigdbr 26.1.0)	Add2
HALLMARK_HEME_METABOLISM	exploratory	MSigDB_Hallmark (msigdbr 26.1.0)	Adipor1
HALLMARK_HEME_METABOLISM	exploratory	MSigDB_Hallmark (msigdbr 26.1.0)	Agpat4
HALLMARK_HEME_METABOLISM	exploratory	MSigDB_Hallmark (msigdbr 26.1.0)	Ahsp
HALLMARK_HEME_METABOLISM	exploratory	MSigDB_Hallmark (msigdbr 26.1.0)	Alad
HALLMARK_HEME_METABOLISM	exploratory	MSigDB_Hallmark (msigdbr 26.1.0)	Alas2
HALLMARK_HEME_METABOLISM	exploratory	MSigDB_Hallmark (msigdbr 26.1.0)	Aldh1l1
HALLMARK_HEME_METABOLISM	exploratory	MSigDB_Hallmark (msigdbr 26.1.0)	Aldh6a1
HALLMARK_HEME_METABOLISM	exploratory	MSigDB_Hallmark (msigdbr 26.1.0)	Ank1
HALLMARK_HEME_METABOLISM	exploratory	MSigDB_Hallmark (msigdbr 26.1.0)	Aqp3
HALLMARK_HEME_METABOLISM	exploratory	MSigDB_Hallmark (msigdbr 26.1.0)	Arhgef12
HALLMARK_HEME_METABOLISM	exploratory	MSigDB_Hallmark (msigdbr 26.1.0)	Arl2bp
HALLMARK_HEME_METABOLISM	exploratory	MSigDB_Hallmark (msigdbr 26.1.0)	Asns
HALLMARK_HEME_METABOLISM	exploratory	MSigDB_Hallmark (msigdbr 26.1.0)	Atg4a
HALLMARK_HEME_METABOLISM	exploratory	MSigDB_Hallmark (msigdbr 26.1.0)	Atp6v0a1
HALLMARK_HEME_METABOLISM	exploratory	MSigDB_Hallmark (msigdbr 26.1.0)	Bach1
HALLMARK_HEME_METABOLISM	exploratory	MSigDB_Hallmark (msigdbr 26.1.0)	Bcam
HALLMARK_HEME_METABOLISM	exploratory	MSigDB_Hallmark (msigdbr 26.1.0)	Blvra
HALLMARK_HEME_METABOLISM	exploratory	MSigDB_Hallmark (msigdbr 26.1.0)	Blvrb
HALLMARK_HEME_METABOLISM	exploratory	MSigDB_Hallmark (msigdbr 26.1.0)	Bmp2k
HALLMARK_HEME_METABOLISM	exploratory	MSigDB_Hallmark (msigdbr 26.1.0)	Bnip3l
HALLMARK_HEME_METABOLISM	exploratory	MSigDB_Hallmark (msigdbr 26.1.0)	Bpgm
HALLMARK_HEME_METABOLISM	exploratory	MSigDB_Hallmark (msigdbr 26.1.0)	Bsg
HALLMARK_HEME_METABOLISM	exploratory	MSigDB_Hallmark (msigdbr 26.1.0)	Btg2
HALLMARK_HEME_METABOLISM	exploratory	MSigDB_Hallmark (msigdbr 26.1.0)	Btrc
HALLMARK_HEME_METABOLISM	exploratory	MSigDB_Hallmark (msigdbr 26.1.0)	C3
HALLMARK_HEME_METABOLISM	exploratory	MSigDB_Hallmark (msigdbr 26.1.0)	Car1
HALLMARK_HEME_METABOLISM	exploratory	MSigDB_Hallmark (msigdbr 26.1.0)	Car2
HALLMARK_HEME_METABOLISM	exploratory	MSigDB_Hallmark (msigdbr 26.1.0)	Cast
HALLMARK_HEME_METABOLISM	exploratory	MSigDB_Hallmark (msigdbr 26.1.0)	Cat
HALLMARK_HEME_METABOLISM	exploratory	MSigDB_Hallmark (msigdbr 26.1.0)	Ccdc28a
HALLMARK_HEME_METABOLISM	exploratory	MSigDB_Hallmark (msigdbr 26.1.0)	Ccnd3
HALLMARK_HEME_METABOLISM	exploratory	MSigDB_Hallmark (msigdbr 26.1.0)	Cdc27
HALLMARK_HEME_METABOLISM	exploratory	MSigDB_Hallmark (msigdbr 26.1.0)	Cdr2
HALLMARK_HEME_METABOLISM	exploratory	MSigDB_Hallmark (msigdbr 26.1.0)	Cir1
HALLMARK_HEME_METABOLISM	exploratory	MSigDB_Hallmark (msigdbr 26.1.0)	Clcn3
HALLMARK_HEME_METABOLISM	exploratory	MSigDB_Hallmark (msigdbr 26.1.0)	Cpox
HALLMARK_HEME_METABOLISM	exploratory	MSigDB_Hallmark (msigdbr 26.1.0)	Ctns
HALLMARK_HEME_METABOLISM	exploratory	MSigDB_Hallmark (msigdbr 26.1.0)	Ctsb
HALLMARK_HEME_METABOLISM	exploratory	MSigDB_Hallmark (msigdbr 26.1.0)	Ctse
HALLMARK_HEME_METABOLISM	exploratory	MSigDB_Hallmark (msigdbr 26.1.0)	Daam1
HALLMARK_HEME_METABOLISM	exploratory	MSigDB_Hallmark (msigdbr 26.1.0)	Dcaf10
HALLMARK_HEME_METABOLISM	exploratory	MSigDB_Hallmark (msigdbr 26.1.0)	Dcaf11
HALLMARK_HEME_METABOLISM	exploratory	MSigDB_Hallmark (msigdbr 26.1.0)	Dcun1d1
HALLMARK_HEME_METABOLISM	exploratory	MSigDB_Hallmark (msigdbr 26.1.0)	Dmtn
HALLMARK_HEME_METABOLISM	exploratory	MSigDB_Hallmark (msigdbr 26.1.0)	E2f2
HALLMARK_HEME_METABOLISM	exploratory	MSigDB_Hallmark (msigdbr 26.1.0)	Eif2ak1
HALLMARK_HEME_METABOLISM	exploratory	MSigDB_Hallmark (msigdbr 26.1.0)	Ell2
HALLMARK_HEME_METABOLISM	exploratory	MSigDB_Hallmark (msigdbr 26.1.0)	Endod1
HALLMARK_HEME_METABOLISM	exploratory	MSigDB_Hallmark (msigdbr 26.1.0)	Epb41
HALLMARK_HEME_METABOLISM	exploratory	MSigDB_Hallmark (msigdbr 26.1.0)	Epb42
HALLMARK_HEME_METABOLISM	exploratory	MSigDB_Hallmark (msigdbr 26.1.0)	Epor
HALLMARK_HEME_METABOLISM	exploratory	MSigDB_Hallmark (msigdbr 26.1.0)	Ermap
HALLMARK_HEME_METABOLISM	exploratory	MSigDB_Hallmark (msigdbr 26.1.0)	Ezh1
HALLMARK_HEME_METABOLISM	exploratory	MSigDB_Hallmark (msigdbr 26.1.0)	Fbxo34
HALLMARK_HEME_METABOLISM	exploratory	MSigDB_Hallmark (msigdbr 26.1.0)	Fbxo7
HALLMARK_HEME_METABOLISM	exploratory	MSigDB_Hallmark (msigdbr 26.1.0)	Fbxo9
HALLMARK_HEME_METABOLISM	exploratory	MSigDB_Hallmark (msigdbr 26.1.0)	Fech
HALLMARK_HEME_METABOLISM	exploratory	MSigDB_Hallmark (msigdbr 26.1.0)	Fn3k
HALLMARK_HEME_METABOLISM	exploratory	MSigDB_Hallmark (msigdbr 26.1.0)	Foxj2
HALLMARK_HEME_METABOLISM	exploratory	MSigDB_Hallmark (msigdbr 26.1.0)	Foxo3
HALLMARK_HEME_METABOLISM	exploratory	MSigDB_Hallmark (msigdbr 26.1.0)	Ftcd
HALLMARK_HEME_METABOLISM	exploratory	MSigDB_Hallmark (msigdbr 26.1.0)	Gapvd1
HALLMARK_HEME_METABOLISM	exploratory	MSigDB_Hallmark (msigdbr 26.1.0)	Gata1
HALLMARK_HEME_METABOLISM	exploratory	MSigDB_Hallmark (msigdbr 26.1.0)	Gclc
HALLMARK_HEME_METABOLISM	exploratory	MSigDB_Hallmark (msigdbr 26.1.0)	Gclm
HALLMARK_HEME_METABOLISM	exploratory	MSigDB_Hallmark (msigdbr 26.1.0)	Gde1
HALLMARK_HEME_METABOLISM	exploratory	MSigDB_Hallmark (msigdbr 26.1.0)	Glrx5
HALLMARK_HEME_METABOLISM	exploratory	MSigDB_Hallmark (msigdbr 26.1.0)	Gmps
HALLMARK_HEME_METABOLISM	exploratory	MSigDB_Hallmark (msigdbr 26.1.0)	Gypa
HALLMARK_HEME_METABOLISM	exploratory	MSigDB_Hallmark (msigdbr 26.1.0)	Gypc
HALLMARK_HEME_METABOLISM	exploratory	MSigDB_Hallmark (msigdbr 26.1.0)	H1f0
HALLMARK_HEME_METABOLISM	exploratory	MSigDB_Hallmark (msigdbr 26.1.0)	H4c14
HALLMARK_HEME_METABOLISM	exploratory	MSigDB_Hallmark (msigdbr 26.1.0)	H4c3
HALLMARK_HEME_METABOLISM	exploratory	MSigDB_Hallmark (msigdbr 26.1.0)	Hagh
HALLMARK_HEME_METABOLISM	exploratory	MSigDB_Hallmark (msigdbr 26.1.0)	Hbb-bt
HALLMARK_HEME_METABOLISM	exploratory	MSigDB_Hallmark (msigdbr 26.1.0)	Hbq1b
HALLMARK_HEME_METABOLISM	exploratory	MSigDB_Hallmark (msigdbr 26.1.0)	Hba-x
HALLMARK_HEME_METABOLISM	exploratory	MSigDB_Hallmark (msigdbr 26.1.0)	Hdgf
HALLMARK_HEME_METABOLISM	exploratory	MSigDB_Hallmark (msigdbr 26.1.0)	Hebp1
HALLMARK_HEME_METABOLISM	exploratory	MSigDB_Hallmark (msigdbr 26.1.0)	Hmbs
HALLMARK_HEME_METABOLISM	exploratory	MSigDB_Hallmark (msigdbr 26.1.0)	Htatip2
HALLMARK_HEME_METABOLISM	exploratory	MSigDB_Hallmark (msigdbr 26.1.0)	Htra2
HALLMARK_HEME_METABOLISM	exploratory	MSigDB_Hallmark (msigdbr 26.1.0)	Icam4
HALLMARK_HEME_METABOLISM	exploratory	MSigDB_Hallmark (msigdbr 26.1.0)	Igsf3
HALLMARK_HEME_METABOLISM	exploratory	MSigDB_Hallmark (msigdbr 26.1.0)	Isca1
HALLMARK_HEME_METABOLISM	exploratory	MSigDB_Hallmark (msigdbr 26.1.0)	Kat2b
HALLMARK_HEME_METABOLISM	exploratory	MSigDB_Hallmark (msigdbr 26.1.0)	Kdm7a
HALLMARK_HEME_METABOLISM	exploratory	MSigDB_Hallmark (msigdbr 26.1.0)	Kel
HALLMARK_HEME_METABOLISM	exploratory	MSigDB_Hallmark (msigdbr 26.1.0)	Khnyn
HALLMARK_HEME_METABOLISM	exploratory	MSigDB_Hallmark (msigdbr 26.1.0)	Klf1
HALLMARK_HEME_METABOLISM	exploratory	MSigDB_Hallmark (msigdbr 26.1.0)	Klf3
HALLMARK_HEME_METABOLISM	exploratory	MSigDB_Hallmark (msigdbr 26.1.0)	Lamp2
HALLMARK_HEME_METABOLISM	exploratory	MSigDB_Hallmark (msigdbr 26.1.0)	Lmo2
HALLMARK_HEME_METABOLISM	exploratory	MSigDB_Hallmark (msigdbr 26.1.0)	Lpin2
HALLMARK_HEME_METABOLISM	exploratory	MSigDB_Hallmark (msigdbr 26.1.0)	Lrp10
HALLMARK_HEME_METABOLISM	exploratory	MSigDB_Hallmark (msigdbr 26.1.0)	Map2k3
HALLMARK_HEME_METABOLISM	exploratory	MSigDB_Hallmark (msigdbr 26.1.0)	Marchf2
HALLMARK_HEME_METABOLISM	exploratory	MSigDB_Hallmark (msigdbr 26.1.0)	Marchf8
HALLMARK_HEME_METABOLISM	exploratory	MSigDB_Hallmark (msigdbr 26.1.0)	Mark3
HALLMARK_HEME_METABOLISM	exploratory	MSigDB_Hallmark (msigdbr 26.1.0)	Mboat2
HALLMARK_HEME_METABOLISM	exploratory	MSigDB_Hallmark (msigdbr 26.1.0)	Mfhas1
HALLMARK_HEME_METABOLISM	exploratory	MSigDB_Hallmark (msigdbr 26.1.0)	Mgst3
HALLMARK_HEME_METABOLISM	exploratory	MSigDB_Hallmark (msigdbr 26.1.0)	Minpp1
HALLMARK_HEME_METABOLISM	exploratory	MSigDB_Hallmark (msigdbr 26.1.0)	Mkrn1
HALLMARK_HEME_METABOLISM	exploratory	MSigDB_Hallmark (msigdbr 26.1.0)	Mocos
HALLMARK_HEME_METABOLISM	exploratory	MSigDB_Hallmark (msigdbr 26.1.0)	Mospd1
HALLMARK_HEME_METABOLISM	exploratory	MSigDB_Hallmark (msigdbr 26.1.0)	Mpp1
HALLMARK_HEME_METABOLISM	exploratory	MSigDB_Hallmark (msigdbr 26.1.0)	Mxi1
HALLMARK_HEME_METABOLISM	exploratory	MSigDB_Hallmark (msigdbr 26.1.0)	Myl4
HALLMARK_HEME_METABOLISM	exploratory	MSigDB_Hallmark (msigdbr 26.1.0)	Narf
HALLMARK_HEME_METABOLISM	exploratory	MSigDB_Hallmark (msigdbr 26.1.0)	Ncoa4
HALLMARK_HEME_METABOLISM	exploratory	MSigDB_Hallmark (msigdbr 26.1.0)	Nek7
HALLMARK_HEME_METABOLISM	exploratory	MSigDB_Hallmark (msigdbr 26.1.0)	Nfe2
HALLMARK_HEME_METABOLISM	exploratory	MSigDB_Hallmark (msigdbr 26.1.0)	Nfe2l1
HALLMARK_HEME_METABOLISM	exploratory	MSigDB_Hallmark (msigdbr 26.1.0)	Nnt
HALLMARK_HEME_METABOLISM	exploratory	MSigDB_Hallmark (msigdbr 26.1.0)	Nr3c1
HALLMARK_HEME_METABOLISM	exploratory	MSigDB_Hallmark (msigdbr 26.1.0)	Nudt4
HALLMARK_HEME_METABOLISM	exploratory	MSigDB_Hallmark (msigdbr 26.1.0)	Optn
HALLMARK_HEME_METABOLISM	exploratory	MSigDB_Hallmark (msigdbr 26.1.0)	Osbp2
HALLMARK_HEME_METABOLISM	exploratory	MSigDB_Hallmark (msigdbr 26.1.0)	P4ha2
HALLMARK_HEME_METABOLISM	exploratory	MSigDB_Hallmark (msigdbr 26.1.0)	Pcx
HALLMARK_HEME_METABOLISM	exploratory	MSigDB_Hallmark (msigdbr 26.1.0)	Pdzk1ip1
HALLMARK_HEME_METABOLISM	exploratory	MSigDB_Hallmark (msigdbr 26.1.0)	Pgls
HALLMARK_HEME_METABOLISM	exploratory	MSigDB_Hallmark (msigdbr 26.1.0)	Picalm
HALLMARK_HEME_METABOLISM	exploratory	MSigDB_Hallmark (msigdbr 26.1.0)	Pigq
HALLMARK_HEME_METABOLISM	exploratory	MSigDB_Hallmark (msigdbr 26.1.0)	Ppox
HALLMARK_HEME_METABOLISM	exploratory	MSigDB_Hallmark (msigdbr 26.1.0)	Ppp2r5b
HALLMARK_HEME_METABOLISM	exploratory	MSigDB_Hallmark (msigdbr 26.1.0)	Prdx2
HALLMARK_HEME_METABOLISM	exploratory	MSigDB_Hallmark (msigdbr 26.1.0)	Psmd9
HALLMARK_HEME_METABOLISM	exploratory	MSigDB_Hallmark (msigdbr 26.1.0)	Rad23a
HALLMARK_HEME_METABOLISM	exploratory	MSigDB_Hallmark (msigdbr 26.1.0)	Ranbp10
HALLMARK_HEME_METABOLISM	exploratory	MSigDB_Hallmark (msigdbr 26.1.0)	Rap1gap
HALLMARK_HEME_METABOLISM	exploratory	MSigDB_Hallmark (msigdbr 26.1.0)	Rbm38
HALLMARK_HEME_METABOLISM	exploratory	MSigDB_Hallmark (msigdbr 26.1.0)	Rbm5
HALLMARK_HEME_METABOLISM	exploratory	MSigDB_Hallmark (msigdbr 26.1.0)	Rcl1
HALLMARK_HEME_METABOLISM	exploratory	MSigDB_Hallmark (msigdbr 26.1.0)	Rhag
HALLMARK_HEME_METABOLISM	exploratory	MSigDB_Hallmark (msigdbr 26.1.0)	Rhd
HALLMARK_HEME_METABOLISM	exploratory	MSigDB_Hallmark (msigdbr 26.1.0)	Riok3
HALLMARK_HEME_METABOLISM	exploratory	MSigDB_Hallmark (msigdbr 26.1.0)	Rnf123
HALLMARK_HEME_METABOLISM	exploratory	MSigDB_Hallmark (msigdbr 26.1.0)	Rnf19a
HALLMARK_HEME_METABOLISM	exploratory	MSigDB_Hallmark (msigdbr 26.1.0)	Sdcbp
HALLMARK_HEME_METABOLISM	exploratory	MSigDB_Hallmark (msigdbr 26.1.0)	Sec14l1
HALLMARK_HEME_METABOLISM	exploratory	MSigDB_Hallmark (msigdbr 26.1.0)	Selenbp2
HALLMARK_HEME_METABOLISM	exploratory	MSigDB_Hallmark (msigdbr 26.1.0)	Sidt2
HALLMARK_HEME_METABOLISM	exploratory	MSigDB_Hallmark (msigdbr 26.1.0)	Slc10a3
HALLMARK_HEME_METABOLISM	exploratory	MSigDB_Hallmark (msigdbr 26.1.0)	Slc11a2
HALLMARK_HEME_METABOLISM	exploratory	MSigDB_Hallmark (msigdbr 26.1.0)	Slc22a4
HALLMARK_HEME_METABOLISM	exploratory	MSigDB_Hallmark (msigdbr 26.1.0)	Slc25a37
HALLMARK_HEME_METABOLISM	exploratory	MSigDB_Hallmark (msigdbr 26.1.0)	Slc25a38
HALLMARK_HEME_METABOLISM	exploratory	MSigDB_Hallmark (msigdbr 26.1.0)	Slc2a1
HALLMARK_HEME_METABOLISM	exploratory	MSigDB_Hallmark (msigdbr 26.1.0)	Slc30a1
HALLMARK_HEME_METABOLISM	exploratory	MSigDB_Hallmark (msigdbr 26.1.0)	Slc30a10
HALLMARK_HEME_METABOLISM	exploratory	MSigDB_Hallmark (msigdbr 26.1.0)	Slc4a1
HALLMARK_HEME_METABOLISM	exploratory	MSigDB_Hallmark (msigdbr 26.1.0)	Slc66a2
HALLMARK_HEME_METABOLISM	exploratory	MSigDB_Hallmark (msigdbr 26.1.0)	Slc6a8
HALLMARK_HEME_METABOLISM	exploratory	MSigDB_Hallmark (msigdbr 26.1.0)	Slc6a9
HALLMARK_HEME_METABOLISM	exploratory	MSigDB_Hallmark (msigdbr 26.1.0)	Slc7a11
HALLMARK_HEME_METABOLISM	exploratory	MSigDB_Hallmark (msigdbr 26.1.0)	Smox
HALLMARK_HEME_METABOLISM	exploratory	MSigDB_Hallmark (msigdbr 26.1.0)	Snca
HALLMARK_HEME_METABOLISM	exploratory	MSigDB_Hallmark (msigdbr 26.1.0)	Spta1
HALLMARK_HEME_METABOLISM	exploratory	MSigDB_Hallmark (msigdbr 26.1.0)	Sptb
HALLMARK_HEME_METABOLISM	exploratory	MSigDB_Hallmark (msigdbr 26.1.0)	Synj1
HALLMARK_HEME_METABOLISM	exploratory	MSigDB_Hallmark (msigdbr 26.1.0)	Tal1
HALLMARK_HEME_METABOLISM	exploratory	MSigDB_Hallmark (msigdbr 26.1.0)	Tcea1
HALLMARK_HEME_METABOLISM	exploratory	MSigDB_Hallmark (msigdbr 26.1.0)	Tent5c
HALLMARK_HEME_METABOLISM	exploratory	MSigDB_Hallmark (msigdbr 26.1.0)	Tfdp2
HALLMARK_HEME_METABOLISM	exploratory	MSigDB_Hallmark (msigdbr 26.1.0)	Tfrc
HALLMARK_HEME_METABOLISM	exploratory	MSigDB_Hallmark (msigdbr 26.1.0)	Tmcc2
HALLMARK_HEME_METABOLISM	exploratory	MSigDB_Hallmark (msigdbr 26.1.0)	Tmem9b
HALLMARK_HEME_METABOLISM	exploratory	MSigDB_Hallmark (msigdbr 26.1.0)	Tnrc6b
HALLMARK_HEME_METABOLISM	exploratory	MSigDB_Hallmark (msigdbr 26.1.0)	Tns1
HALLMARK_HEME_METABOLISM	exploratory	MSigDB_Hallmark (msigdbr 26.1.0)	Top1
HALLMARK_HEME_METABOLISM	exploratory	MSigDB_Hallmark (msigdbr 26.1.0)	Trak2
HALLMARK_HEME_METABOLISM	exploratory	MSigDB_Hallmark (msigdbr 26.1.0)	Trim10
HALLMARK_HEME_METABOLISM	exploratory	MSigDB_Hallmark (msigdbr 26.1.0)	Trim58
HALLMARK_HEME_METABOLISM	exploratory	MSigDB_Hallmark (msigdbr 26.1.0)	Tspan5
HALLMARK_HEME_METABOLISM	exploratory	MSigDB_Hallmark (msigdbr 26.1.0)	Tspo2
HALLMARK_HEME_METABOLISM	exploratory	MSigDB_Hallmark (msigdbr 26.1.0)	Tyr
HALLMARK_HEME_METABOLISM	exploratory	MSigDB_Hallmark (msigdbr 26.1.0)	Ubac1
HALLMARK_HEME_METABOLISM	exploratory	MSigDB_Hallmark (msigdbr 26.1.0)	Ucp2
HALLMARK_HEME_METABOLISM	exploratory	MSigDB_Hallmark (msigdbr 26.1.0)	Urod
HALLMARK_HEME_METABOLISM	exploratory	MSigDB_Hallmark (msigdbr 26.1.0)	Uros
HALLMARK_HEME_METABOLISM	exploratory	MSigDB_Hallmark (msigdbr 26.1.0)	Usp15
HALLMARK_HEME_METABOLISM	exploratory	MSigDB_Hallmark (msigdbr 26.1.0)	Vezf1
HALLMARK_HEME_METABOLISM	exploratory	MSigDB_Hallmark (msigdbr 26.1.0)	Xk
HALLMARK_HEME_METABOLISM	exploratory	MSigDB_Hallmark (msigdbr 26.1.0)	Xpo7
HALLMARK_HEME_METABOLISM	exploratory	MSigDB_Hallmark (msigdbr 26.1.0)	Ypel5
HALLMARK_HYPOXIA	exploratory	MSigDB_Hallmark (msigdbr 26.1.0)	Ackr3
HALLMARK_HYPOXIA	exploratory	MSigDB_Hallmark (msigdbr 26.1.0)	Adm
HALLMARK_HYPOXIA	exploratory	MSigDB_Hallmark (msigdbr 26.1.0)	Adora2b
HALLMARK_HYPOXIA	exploratory	MSigDB_Hallmark (msigdbr 26.1.0)	Ak4
HALLMARK_HYPOXIA	exploratory	MSigDB_Hallmark (msigdbr 26.1.0)	Akap12
HALLMARK_HYPOXIA	exploratory	MSigDB_Hallmark (msigdbr 26.1.0)	Aldoa
HALLMARK_HYPOXIA	exploratory	MSigDB_Hallmark (msigdbr 26.1.0)	Aldob
HALLMARK_HYPOXIA	exploratory	MSigDB_Hallmark (msigdbr 26.1.0)	Aldoc
HALLMARK_HYPOXIA	exploratory	MSigDB_Hallmark (msigdbr 26.1.0)	Ampd3
HALLMARK_HYPOXIA	exploratory	MSigDB_Hallmark (msigdbr 26.1.0)	Angptl4
HALLMARK_HYPOXIA	exploratory	MSigDB_Hallmark (msigdbr 26.1.0)	Ankzf1
HALLMARK_HYPOXIA	exploratory	MSigDB_Hallmark (msigdbr 26.1.0)	Anxa2
HALLMARK_HYPOXIA	exploratory	MSigDB_Hallmark (msigdbr 26.1.0)	Atf3
HALLMARK_HYPOXIA	exploratory	MSigDB_Hallmark (msigdbr 26.1.0)	Atp7a
HALLMARK_HYPOXIA	exploratory	MSigDB_Hallmark (msigdbr 26.1.0)	B3galt6
HALLMARK_HYPOXIA	exploratory	MSigDB_Hallmark (msigdbr 26.1.0)	B4galnt2
HALLMARK_HYPOXIA	exploratory	MSigDB_Hallmark (msigdbr 26.1.0)	Bcan
HALLMARK_HYPOXIA	exploratory	MSigDB_Hallmark (msigdbr 26.1.0)	Bcl2
HALLMARK_HYPOXIA	exploratory	MSigDB_Hallmark (msigdbr 26.1.0)	Bgn
HALLMARK_HYPOXIA	exploratory	MSigDB_Hallmark (msigdbr 26.1.0)	Bhlhe40
HALLMARK_HYPOXIA	exploratory	MSigDB_Hallmark (msigdbr 26.1.0)	Bnip3l
HALLMARK_HYPOXIA	exploratory	MSigDB_Hallmark (msigdbr 26.1.0)	Brs3
HALLMARK_HYPOXIA	exploratory	MSigDB_Hallmark (msigdbr 26.1.0)	Btg1
HALLMARK_HYPOXIA	exploratory	MSigDB_Hallmark (msigdbr 26.1.0)	Car12
HALLMARK_HYPOXIA	exploratory	MSigDB_Hallmark (msigdbr 26.1.0)	Casp6
HALLMARK_HYPOXIA	exploratory	MSigDB_Hallmark (msigdbr 26.1.0)	Cav1
HALLMARK_HYPOXIA	exploratory	MSigDB_Hallmark (msigdbr 26.1.0)	Cavin1
HALLMARK_HYPOXIA	exploratory	MSigDB_Hallmark (msigdbr 26.1.0)	Cavin3
HALLMARK_HYPOXIA	exploratory	MSigDB_Hallmark (msigdbr 26.1.0)	Ccn1
HALLMARK_HYPOXIA	exploratory	MSigDB_Hallmark (msigdbr 26.1.0)	Ccn2
HALLMARK_HYPOXIA	exploratory	MSigDB_Hallmark (msigdbr 26.1.0)	Ccn5
HALLMARK_HYPOXIA	exploratory	MSigDB_Hallmark (msigdbr 26.1.0)	Ccng2
HALLMARK_HYPOXIA	exploratory	MSigDB_Hallmark (msigdbr 26.1.0)	Cdkn1a
HALLMARK_HYPOXIA	exploratory	MSigDB_Hallmark (msigdbr 26.1.0)	Cdkn1b
HALLMARK_HYPOXIA	exploratory	MSigDB_Hallmark (msigdbr 26.1.0)	Cdkn1c
HALLMARK_HYPOXIA	exploratory	MSigDB_Hallmark (msigdbr 26.1.0)	Chst2
HALLMARK_HYPOXIA	exploratory	MSigDB_Hallmark (msigdbr 26.1.0)	Chst3
HALLMARK_HYPOXIA	exploratory	MSigDB_Hallmark (msigdbr 26.1.0)	Cited2
HALLMARK_HYPOXIA	exploratory	MSigDB_Hallmark (msigdbr 26.1.0)	Col5a1
HALLMARK_HYPOXIA	exploratory	MSigDB_Hallmark (msigdbr 26.1.0)	Cp
HALLMARK_HYPOXIA	exploratory	MSigDB_Hallmark (msigdbr 26.1.0)	Csrp2
HALLMARK_HYPOXIA	exploratory	MSigDB_Hallmark (msigdbr 26.1.0)	Cxcr4
HALLMARK_HYPOXIA	exploratory	MSigDB_Hallmark (msigdbr 26.1.0)	Dcn
HALLMARK_HYPOXIA	exploratory	MSigDB_Hallmark (msigdbr 26.1.0)	Ddit3
HALLMARK_HYPOXIA	exploratory	MSigDB_Hallmark (msigdbr 26.1.0)	Ddit4
HALLMARK_HYPOXIA	exploratory	MSigDB_Hallmark (msigdbr 26.1.0)	Dpysl4
HALLMARK_HYPOXIA	exploratory	MSigDB_Hallmark (msigdbr 26.1.0)	Dtna
HALLMARK_HYPOXIA	exploratory	MSigDB_Hallmark (msigdbr 26.1.0)	Dusp1
HALLMARK_HYPOXIA	exploratory	MSigDB_Hallmark (msigdbr 26.1.0)	Edn2
HALLMARK_HYPOXIA	exploratory	MSigDB_Hallmark (msigdbr 26.1.0)	Efna1
HALLMARK_HYPOXIA	exploratory	MSigDB_Hallmark (msigdbr 26.1.0)	Efna3
HALLMARK_HYPOXIA	exploratory	MSigDB_Hallmark (msigdbr 26.1.0)	Egfr
HALLMARK_HYPOXIA	exploratory	MSigDB_Hallmark (msigdbr 26.1.0)	Eno1
HALLMARK_HYPOXIA	exploratory	MSigDB_Hallmark (msigdbr 26.1.0)	Eno2
HALLMARK_HYPOXIA	exploratory	MSigDB_Hallmark (msigdbr 26.1.0)	Eno3
HALLMARK_HYPOXIA	exploratory	MSigDB_Hallmark (msigdbr 26.1.0)	Ero1a
HALLMARK_HYPOXIA	exploratory	MSigDB_Hallmark (msigdbr 26.1.0)	Errfi1
HALLMARK_HYPOXIA	exploratory	MSigDB_Hallmark (msigdbr 26.1.0)	Ets1
HALLMARK_HYPOXIA	exploratory	MSigDB_Hallmark (msigdbr 26.1.0)	Ext1
HALLMARK_HYPOXIA	exploratory	MSigDB_Hallmark (msigdbr 26.1.0)	F3
HALLMARK_HYPOXIA	exploratory	MSigDB_Hallmark (msigdbr 26.1.0)	Fam162a
HALLMARK_HYPOXIA	exploratory	MSigDB_Hallmark (msigdbr 26.1.0)	Fbp1
HALLMARK_HYPOXIA	exploratory	MSigDB_Hallmark (msigdbr 26.1.0)	Fos
HALLMARK_HYPOXIA	exploratory	MSigDB_Hallmark (msigdbr 26.1.0)	Fosl2
HALLMARK_HYPOXIA	exploratory	MSigDB_Hallmark (msigdbr 26.1.0)	Foxo3
HALLMARK_HYPOXIA	exploratory	MSigDB_Hallmark (msigdbr 26.1.0)	Gaa
HALLMARK_HYPOXIA	exploratory	MSigDB_Hallmark (msigdbr 26.1.0)	Galk1
HALLMARK_HYPOXIA	exploratory	MSigDB_Hallmark (msigdbr 26.1.0)	Gapdh
HALLMARK_HYPOXIA	exploratory	MSigDB_Hallmark (msigdbr 26.1.0)	Gapdhs
HALLMARK_HYPOXIA	exploratory	MSigDB_Hallmark (msigdbr 26.1.0)	Gbe1
HALLMARK_HYPOXIA	exploratory	MSigDB_Hallmark (msigdbr 26.1.0)	Gck
HALLMARK_HYPOXIA	exploratory	MSigDB_Hallmark (msigdbr 26.1.0)	Gcnt2
HALLMARK_HYPOXIA	exploratory	MSigDB_Hallmark (msigdbr 26.1.0)	Glrx
HALLMARK_HYPOXIA	exploratory	MSigDB_Hallmark (msigdbr 26.1.0)	Gpc1
HALLMARK_HYPOXIA	exploratory	MSigDB_Hallmark (msigdbr 26.1.0)	Gpc3
HALLMARK_HYPOXIA	exploratory	MSigDB_Hallmark (msigdbr 26.1.0)	Gpc4
HALLMARK_HYPOXIA	exploratory	MSigDB_Hallmark (msigdbr 26.1.0)	Gpi1
HALLMARK_HYPOXIA	exploratory	MSigDB_Hallmark (msigdbr 26.1.0)	Grhpr
HALLMARK_HYPOXIA	exploratory	MSigDB_Hallmark (msigdbr 26.1.0)	Gys1
HALLMARK_HYPOXIA	exploratory	MSigDB_Hallmark (msigdbr 26.1.0)	Has1
HALLMARK_HYPOXIA	exploratory	MSigDB_Hallmark (msigdbr 26.1.0)	Hdlbp
HALLMARK_HYPOXIA	exploratory	MSigDB_Hallmark (msigdbr 26.1.0)	Hexa
HALLMARK_HYPOXIA	exploratory	MSigDB_Hallmark (msigdbr 26.1.0)	Hk1
HALLMARK_HYPOXIA	exploratory	MSigDB_Hallmark (msigdbr 26.1.0)	Hk2
HALLMARK_HYPOXIA	exploratory	MSigDB_Hallmark (msigdbr 26.1.0)	Hmox1
HALLMARK_HYPOXIA	exploratory	MSigDB_Hallmark (msigdbr 26.1.0)	Hoxb9
HALLMARK_HYPOXIA	exploratory	MSigDB_Hallmark (msigdbr 26.1.0)	Hs3st1
HALLMARK_HYPOXIA	exploratory	MSigDB_Hallmark (msigdbr 26.1.0)	Hspa5
HALLMARK_HYPOXIA	exploratory	MSigDB_Hallmark (msigdbr 26.1.0)	Ids
HALLMARK_HYPOXIA	exploratory	MSigDB_Hallmark (msigdbr 26.1.0)	Ier3
HALLMARK_HYPOXIA	exploratory	MSigDB_Hallmark (msigdbr 26.1.0)	Igfbp1
HALLMARK_HYPOXIA	exploratory	MSigDB_Hallmark (msigdbr 26.1.0)	Igfbp3
HALLMARK_HYPOXIA	exploratory	MSigDB_Hallmark (msigdbr 26.1.0)	Il6
HALLMARK_HYPOXIA	exploratory	MSigDB_Hallmark (msigdbr 26.1.0)	Ilvbl
HALLMARK_HYPOXIA	exploratory	MSigDB_Hallmark (msigdbr 26.1.0)	Inha
HALLMARK_HYPOXIA	exploratory	MSigDB_Hallmark (msigdbr 26.1.0)	Irs2
HALLMARK_HYPOXIA	exploratory	MSigDB_Hallmark (msigdbr 26.1.0)	Isg20
HALLMARK_HYPOXIA	exploratory	MSigDB_Hallmark (msigdbr 26.1.0)	Jmjd6
HALLMARK_HYPOXIA	exploratory	MSigDB_Hallmark (msigdbr 26.1.0)	Jun
HALLMARK_HYPOXIA	exploratory	MSigDB_Hallmark (msigdbr 26.1.0)	Kdelr3
HALLMARK_HYPOXIA	exploratory	MSigDB_Hallmark (msigdbr 26.1.0)	Kdm3a
HALLMARK_HYPOXIA	exploratory	MSigDB_Hallmark (msigdbr 26.1.0)	Kif5a
HALLMARK_HYPOXIA	exploratory	MSigDB_Hallmark (msigdbr 26.1.0)	Klf6
HALLMARK_HYPOXIA	exploratory	MSigDB_Hallmark (msigdbr 26.1.0)	Klf7
HALLMARK_HYPOXIA	exploratory	MSigDB_Hallmark (msigdbr 26.1.0)	Klhl24
HALLMARK_HYPOXIA	exploratory	MSigDB_Hallmark (msigdbr 26.1.0)	Lalba
HALLMARK_HYPOXIA	exploratory	MSigDB_Hallmark (msigdbr 26.1.0)	Large1
HALLMARK_HYPOXIA	exploratory	MSigDB_Hallmark (msigdbr 26.1.0)	Ldha
HALLMARK_HYPOXIA	exploratory	MSigDB_Hallmark (msigdbr 26.1.0)	Ldhc
HALLMARK_HYPOXIA	exploratory	MSigDB_Hallmark (msigdbr 26.1.0)	Lox
HALLMARK_HYPOXIA	exploratory	MSigDB_Hallmark (msigdbr 26.1.0)	Lxn
HALLMARK_HYPOXIA	exploratory	MSigDB_Hallmark (msigdbr 26.1.0)	Maff
HALLMARK_HYPOXIA	exploratory	MSigDB_Hallmark (msigdbr 26.1.0)	Map3k1
HALLMARK_HYPOXIA	exploratory	MSigDB_Hallmark (msigdbr 26.1.0)	Mif
HALLMARK_HYPOXIA	exploratory	MSigDB_Hallmark (msigdbr 26.1.0)	Mt1
HALLMARK_HYPOXIA	exploratory	MSigDB_Hallmark (msigdbr 26.1.0)	Mt2
HALLMARK_HYPOXIA	exploratory	MSigDB_Hallmark (msigdbr 26.1.0)	Mxi1
HALLMARK_HYPOXIA	exploratory	MSigDB_Hallmark (msigdbr 26.1.0)	Myh9
HALLMARK_HYPOXIA	exploratory	MSigDB_Hallmark (msigdbr 26.1.0)	Nagk
HALLMARK_HYPOXIA	exploratory	MSigDB_Hallmark (msigdbr 26.1.0)	Ncan
HALLMARK_HYPOXIA	exploratory	MSigDB_Hallmark (msigdbr 26.1.0)	Ndrg1
HALLMARK_HYPOXIA	exploratory	MSigDB_Hallmark (msigdbr 26.1.0)	Ndst1
HALLMARK_HYPOXIA	exploratory	MSigDB_Hallmark (msigdbr 26.1.0)	Ndst2
HALLMARK_HYPOXIA	exploratory	MSigDB_Hallmark (msigdbr 26.1.0)	Nedd4l
HALLMARK_HYPOXIA	exploratory	MSigDB_Hallmark (msigdbr 26.1.0)	Nfil3
HALLMARK_HYPOXIA	exploratory	MSigDB_Hallmark (msigdbr 26.1.0)	Noct
HALLMARK_HYPOXIA	exploratory	MSigDB_Hallmark (msigdbr 26.1.0)	Nr3c1
HALLMARK_HYPOXIA	exploratory	MSigDB_Hallmark (msigdbr 26.1.0)	P4ha1
HALLMARK_HYPOXIA	exploratory	MSigDB_Hallmark (msigdbr 26.1.0)	P4ha2
HALLMARK_HYPOXIA	exploratory	MSigDB_Hallmark (msigdbr 26.1.0)	Pam
HALLMARK_HYPOXIA	exploratory	MSigDB_Hallmark (msigdbr 26.1.0)	Pck1
HALLMARK_HYPOXIA	exploratory	MSigDB_Hallmark (msigdbr 26.1.0)	Pdgfb
HALLMARK_HYPOXIA	exploratory	MSigDB_Hallmark (msigdbr 26.1.0)	Pdk1
HALLMARK_HYPOXIA	exploratory	MSigDB_Hallmark (msigdbr 26.1.0)	Pdk3
HALLMARK_HYPOXIA	exploratory	MSigDB_Hallmark (msigdbr 26.1.0)	Pfkfb3
HALLMARK_HYPOXIA	exploratory	MSigDB_Hallmark (msigdbr 26.1.0)	Pfkl
HALLMARK_HYPOXIA	exploratory	MSigDB_Hallmark (msigdbr 26.1.0)	Pfkp
HALLMARK_HYPOXIA	exploratory	MSigDB_Hallmark (msigdbr 26.1.0)	Pgam2
HALLMARK_HYPOXIA	exploratory	MSigDB_Hallmark (msigdbr 26.1.0)	Pgf
HALLMARK_HYPOXIA	exploratory	MSigDB_Hallmark (msigdbr 26.1.0)	Pgk1
HALLMARK_HYPOXIA	exploratory	MSigDB_Hallmark (msigdbr 26.1.0)	Pgm1
HALLMARK_HYPOXIA	exploratory	MSigDB_Hallmark (msigdbr 26.1.0)	Pgm2
HALLMARK_HYPOXIA	exploratory	MSigDB_Hallmark (msigdbr 26.1.0)	Phkg1
HALLMARK_HYPOXIA	exploratory	MSigDB_Hallmark (msigdbr 26.1.0)	Pim1
HALLMARK_HYPOXIA	exploratory	MSigDB_Hallmark (msigdbr 26.1.0)	Pklr
HALLMARK_HYPOXIA	exploratory	MSigDB_Hallmark (msigdbr 26.1.0)	Pkp1
HALLMARK_HYPOXIA	exploratory	MSigDB_Hallmark (msigdbr 26.1.0)	Plac8
HALLMARK_HYPOXIA	exploratory	MSigDB_Hallmark (msigdbr 26.1.0)	Plaur
HALLMARK_HYPOXIA	exploratory	MSigDB_Hallmark (msigdbr 26.1.0)	Plin2
HALLMARK_HYPOXIA	exploratory	MSigDB_Hallmark (msigdbr 26.1.0)	Pnrc1
HALLMARK_HYPOXIA	exploratory	MSigDB_Hallmark (msigdbr 26.1.0)	Ppargc1a
HALLMARK_HYPOXIA	exploratory	MSigDB_Hallmark (msigdbr 26.1.0)	Ppfia4
HALLMARK_HYPOXIA	exploratory	MSigDB_Hallmark (msigdbr 26.1.0)	Ppp1r15a
HALLMARK_HYPOXIA	exploratory	MSigDB_Hallmark (msigdbr 26.1.0)	Ppp1r3c
HALLMARK_HYPOXIA	exploratory	MSigDB_Hallmark (msigdbr 26.1.0)	Prdx5
HALLMARK_HYPOXIA	exploratory	MSigDB_Hallmark (msigdbr 26.1.0)	Prkca
HALLMARK_HYPOXIA	exploratory	MSigDB_Hallmark (msigdbr 26.1.0)	Pygm
HALLMARK_HYPOXIA	exploratory	MSigDB_Hallmark (msigdbr 26.1.0)	Rbpj
HALLMARK_HYPOXIA	exploratory	MSigDB_Hallmark (msigdbr 26.1.0)	Rora
HALLMARK_HYPOXIA	exploratory	MSigDB_Hallmark (msigdbr 26.1.0)	Rragd
HALLMARK_HYPOXIA	exploratory	MSigDB_Hallmark (msigdbr 26.1.0)	S100a4
HALLMARK_HYPOXIA	exploratory	MSigDB_Hallmark (msigdbr 26.1.0)	Sap30
HALLMARK_HYPOXIA	exploratory	MSigDB_Hallmark (msigdbr 26.1.0)	Scarb1
HALLMARK_HYPOXIA	exploratory	MSigDB_Hallmark (msigdbr 26.1.0)	Sdc2
HALLMARK_HYPOXIA	exploratory	MSigDB_Hallmark (msigdbr 26.1.0)	Sdc3
HALLMARK_HYPOXIA	exploratory	MSigDB_Hallmark (msigdbr 26.1.0)	Sdc4
HALLMARK_HYPOXIA	exploratory	MSigDB_Hallmark (msigdbr 26.1.0)	Selenbp2
HALLMARK_HYPOXIA	exploratory	MSigDB_Hallmark (msigdbr 26.1.0)	Serpine1
HALLMARK_HYPOXIA	exploratory	MSigDB_Hallmark (msigdbr 26.1.0)	Siah2
HALLMARK_HYPOXIA	exploratory	MSigDB_Hallmark (msigdbr 26.1.0)	Slc25a1
HALLMARK_HYPOXIA	exploratory	MSigDB_Hallmark (msigdbr 26.1.0)	Slc2a1
HALLMARK_HYPOXIA	exploratory	MSigDB_Hallmark (msigdbr 26.1.0)	Slc2a3
HALLMARK_HYPOXIA	exploratory	MSigDB_Hallmark (msigdbr 26.1.0)	Slc2a5
HALLMARK_HYPOXIA	exploratory	MSigDB_Hallmark (msigdbr 26.1.0)	Slc37a4
HALLMARK_HYPOXIA	exploratory	MSigDB_Hallmark (msigdbr 26.1.0)	Slc6a6
HALLMARK_HYPOXIA	exploratory	MSigDB_Hallmark (msigdbr 26.1.0)	Srpx
HALLMARK_HYPOXIA	exploratory	MSigDB_Hallmark (msigdbr 26.1.0)	Stbd1
HALLMARK_HYPOXIA	exploratory	MSigDB_Hallmark (msigdbr 26.1.0)	Stc1
HALLMARK_HYPOXIA	exploratory	MSigDB_Hallmark (msigdbr 26.1.0)	Stc2
HALLMARK_HYPOXIA	exploratory	MSigDB_Hallmark (msigdbr 26.1.0)	Sult2b1
HALLMARK_HYPOXIA	exploratory	MSigDB_Hallmark (msigdbr 26.1.0)	Tes
HALLMARK_HYPOXIA	exploratory	MSigDB_Hallmark (msigdbr 26.1.0)	Tgfb3
HALLMARK_HYPOXIA	exploratory	MSigDB_Hallmark (msigdbr 26.1.0)	Tgfbi
HALLMARK_HYPOXIA	exploratory	MSigDB_Hallmark (msigdbr 26.1.0)	Tgm2
HALLMARK_HYPOXIA	exploratory	MSigDB_Hallmark (msigdbr 26.1.0)	Tiparp
HALLMARK_HYPOXIA	exploratory	MSigDB_Hallmark (msigdbr 26.1.0)	Tktl1
HALLMARK_HYPOXIA	exploratory	MSigDB_Hallmark (msigdbr 26.1.0)	Tmem45a
HALLMARK_HYPOXIA	exploratory	MSigDB_Hallmark (msigdbr 26.1.0)	Tnfaip3
HALLMARK_HYPOXIA	exploratory	MSigDB_Hallmark (msigdbr 26.1.0)	Tpbg
HALLMARK_HYPOXIA	exploratory	MSigDB_Hallmark (msigdbr 26.1.0)	Tpd52
HALLMARK_HYPOXIA	exploratory	MSigDB_Hallmark (msigdbr 26.1.0)	Tpi1
HALLMARK_HYPOXIA	exploratory	MSigDB_Hallmark (msigdbr 26.1.0)	Tpst2
HALLMARK_HYPOXIA	exploratory	MSigDB_Hallmark (msigdbr 26.1.0)	Ugp2
HALLMARK_HYPOXIA	exploratory	MSigDB_Hallmark (msigdbr 26.1.0)	Vegfa
HALLMARK_HYPOXIA	exploratory	MSigDB_Hallmark (msigdbr 26.1.0)	Vhl
HALLMARK_HYPOXIA	exploratory	MSigDB_Hallmark (msigdbr 26.1.0)	Vldlr
HALLMARK_HYPOXIA	exploratory	MSigDB_Hallmark (msigdbr 26.1.0)	Wsb1
HALLMARK_HYPOXIA	exploratory	MSigDB_Hallmark (msigdbr 26.1.0)	Xpnpep1
HALLMARK_HYPOXIA	exploratory	MSigDB_Hallmark (msigdbr 26.1.0)	Zfp36
HALLMARK_HYPOXIA	exploratory	MSigDB_Hallmark (msigdbr 26.1.0)	Zfp292
HALLMARK_IL2_STAT5_SIGNALING	exploratory	MSigDB_Hallmark (msigdbr 26.1.0)	Abcb1a
HALLMARK_IL2_STAT5_SIGNALING	exploratory	MSigDB_Hallmark (msigdbr 26.1.0)	Adam19
HALLMARK_IL2_STAT5_SIGNALING	exploratory	MSigDB_Hallmark (msigdbr 26.1.0)	Ager
HALLMARK_IL2_STAT5_SIGNALING	exploratory	MSigDB_Hallmark (msigdbr 26.1.0)	Ahcy
HALLMARK_IL2_STAT5_SIGNALING	exploratory	MSigDB_Hallmark (msigdbr 26.1.0)	Ahnak
HALLMARK_IL2_STAT5_SIGNALING	exploratory	MSigDB_Hallmark (msigdbr 26.1.0)	Ahr
HALLMARK_IL2_STAT5_SIGNALING	exploratory	MSigDB_Hallmark (msigdbr 26.1.0)	Alcam
HALLMARK_IL2_STAT5_SIGNALING	exploratory	MSigDB_Hallmark (msigdbr 26.1.0)	Amacr
HALLMARK_IL2_STAT5_SIGNALING	exploratory	MSigDB_Hallmark (msigdbr 26.1.0)	Anxa4
HALLMARK_IL2_STAT5_SIGNALING	exploratory	MSigDB_Hallmark (msigdbr 26.1.0)	Aplp1
HALLMARK_IL2_STAT5_SIGNALING	exploratory	MSigDB_Hallmark (msigdbr 26.1.0)	Arl4a
HALLMARK_IL2_STAT5_SIGNALING	exploratory	MSigDB_Hallmark (msigdbr 26.1.0)	Batf
HALLMARK_IL2_STAT5_SIGNALING	exploratory	MSigDB_Hallmark (msigdbr 26.1.0)	Batf3
HALLMARK_IL2_STAT5_SIGNALING	exploratory	MSigDB_Hallmark (msigdbr 26.1.0)	Bcl2
HALLMARK_IL2_STAT5_SIGNALING	exploratory	MSigDB_Hallmark (msigdbr 26.1.0)	Bcl2l1
HALLMARK_IL2_STAT5_SIGNALING	exploratory	MSigDB_Hallmark (msigdbr 26.1.0)	Bhlhe40
HALLMARK_IL2_STAT5_SIGNALING	exploratory	MSigDB_Hallmark (msigdbr 26.1.0)	Bmp2
HALLMARK_IL2_STAT5_SIGNALING	exploratory	MSigDB_Hallmark (msigdbr 26.1.0)	Bmpr2
HALLMARK_IL2_STAT5_SIGNALING	exploratory	MSigDB_Hallmark (msigdbr 26.1.0)	Car2
HALLMARK_IL2_STAT5_SIGNALING	exploratory	MSigDB_Hallmark (msigdbr 26.1.0)	Capg
HALLMARK_IL2_STAT5_SIGNALING	exploratory	MSigDB_Hallmark (msigdbr 26.1.0)	Capn3
HALLMARK_IL2_STAT5_SIGNALING	exploratory	MSigDB_Hallmark (msigdbr 26.1.0)	Casp3
HALLMARK_IL2_STAT5_SIGNALING	exploratory	MSigDB_Hallmark (msigdbr 26.1.0)	Ccnd2
HALLMARK_IL2_STAT5_SIGNALING	exploratory	MSigDB_Hallmark (msigdbr 26.1.0)	Ccnd3
HALLMARK_IL2_STAT5_SIGNALING	exploratory	MSigDB_Hallmark (msigdbr 26.1.0)	Ccne1
HALLMARK_IL2_STAT5_SIGNALING	exploratory	MSigDB_Hallmark (msigdbr 26.1.0)	Ccr4
HALLMARK_IL2_STAT5_SIGNALING	exploratory	MSigDB_Hallmark (msigdbr 26.1.0)	Cd44
HALLMARK_IL2_STAT5_SIGNALING	exploratory	MSigDB_Hallmark (msigdbr 26.1.0)	Cd48
HALLMARK_IL2_STAT5_SIGNALING	exploratory	MSigDB_Hallmark (msigdbr 26.1.0)	Cd79b
HALLMARK_IL2_STAT5_SIGNALING	exploratory	MSigDB_Hallmark (msigdbr 26.1.0)	Cd81
HALLMARK_IL2_STAT5_SIGNALING	exploratory	MSigDB_Hallmark (msigdbr 26.1.0)	Cd83
HALLMARK_IL2_STAT5_SIGNALING	exploratory	MSigDB_Hallmark (msigdbr 26.1.0)	Cd86
HALLMARK_IL2_STAT5_SIGNALING	exploratory	MSigDB_Hallmark (msigdbr 26.1.0)	Cdc42se2
HALLMARK_IL2_STAT5_SIGNALING	exploratory	MSigDB_Hallmark (msigdbr 26.1.0)	Cdc6
HALLMARK_IL2_STAT5_SIGNALING	exploratory	MSigDB_Hallmark (msigdbr 26.1.0)	Cdcp1
HALLMARK_IL2_STAT5_SIGNALING	exploratory	MSigDB_Hallmark (msigdbr 26.1.0)	Cdkn1c
HALLMARK_IL2_STAT5_SIGNALING	exploratory	MSigDB_Hallmark (msigdbr 26.1.0)	Cish
HALLMARK_IL2_STAT5_SIGNALING	exploratory	MSigDB_Hallmark (msigdbr 26.1.0)	Ckap4
HALLMARK_IL2_STAT5_SIGNALING	exploratory	MSigDB_Hallmark (msigdbr 26.1.0)	Coch
HALLMARK_IL2_STAT5_SIGNALING	exploratory	MSigDB_Hallmark (msigdbr 26.1.0)	Col6a1
HALLMARK_IL2_STAT5_SIGNALING	exploratory	MSigDB_Hallmark (msigdbr 26.1.0)	Csf1
HALLMARK_IL2_STAT5_SIGNALING	exploratory	MSigDB_Hallmark (msigdbr 26.1.0)	Csf2
HALLMARK_IL2_STAT5_SIGNALING	exploratory	MSigDB_Hallmark (msigdbr 26.1.0)	Cst7
HALLMARK_IL2_STAT5_SIGNALING	exploratory	MSigDB_Hallmark (msigdbr 26.1.0)	Ctla4
HALLMARK_IL2_STAT5_SIGNALING	exploratory	MSigDB_Hallmark (msigdbr 26.1.0)	Ctsz
HALLMARK_IL2_STAT5_SIGNALING	exploratory	MSigDB_Hallmark (msigdbr 26.1.0)	Cxcl10
HALLMARK_IL2_STAT5_SIGNALING	exploratory	MSigDB_Hallmark (msigdbr 26.1.0)	Cyfip1
HALLMARK_IL2_STAT5_SIGNALING	exploratory	MSigDB_Hallmark (msigdbr 26.1.0)	Dcps
HALLMARK_IL2_STAT5_SIGNALING	exploratory	MSigDB_Hallmark (msigdbr 26.1.0)	Dennd5a
HALLMARK_IL2_STAT5_SIGNALING	exploratory	MSigDB_Hallmark (msigdbr 26.1.0)	Dhrs3
HALLMARK_IL2_STAT5_SIGNALING	exploratory	MSigDB_Hallmark (msigdbr 26.1.0)	Drc1
HALLMARK_IL2_STAT5_SIGNALING	exploratory	MSigDB_Hallmark (msigdbr 26.1.0)	Ecm1
HALLMARK_IL2_STAT5_SIGNALING	exploratory	MSigDB_Hallmark (msigdbr 26.1.0)	Eef1akmt1
HALLMARK_IL2_STAT5_SIGNALING	exploratory	MSigDB_Hallmark (msigdbr 26.1.0)	Emp1
HALLMARK_IL2_STAT5_SIGNALING	exploratory	MSigDB_Hallmark (msigdbr 26.1.0)	Eno3
HALLMARK_IL2_STAT5_SIGNALING	exploratory	MSigDB_Hallmark (msigdbr 26.1.0)	Enpp1
HALLMARK_IL2_STAT5_SIGNALING	exploratory	MSigDB_Hallmark (msigdbr 26.1.0)	Eomes
HALLMARK_IL2_STAT5_SIGNALING	exploratory	MSigDB_Hallmark (msigdbr 26.1.0)	Etfbkmt
HALLMARK_IL2_STAT5_SIGNALING	exploratory	MSigDB_Hallmark (msigdbr 26.1.0)	Etv4
HALLMARK_IL2_STAT5_SIGNALING	exploratory	MSigDB_Hallmark (msigdbr 26.1.0)	F2rl2
HALLMARK_IL2_STAT5_SIGNALING	exploratory	MSigDB_Hallmark (msigdbr 26.1.0)	Fah
HALLMARK_IL2_STAT5_SIGNALING	exploratory	MSigDB_Hallmark (msigdbr 26.1.0)	Fgl2
HALLMARK_IL2_STAT5_SIGNALING	exploratory	MSigDB_Hallmark (msigdbr 26.1.0)	Flt3l
HALLMARK_IL2_STAT5_SIGNALING	exploratory	MSigDB_Hallmark (msigdbr 26.1.0)	Furin
HALLMARK_IL2_STAT5_SIGNALING	exploratory	MSigDB_Hallmark (msigdbr 26.1.0)	Gabarapl1
HALLMARK_IL2_STAT5_SIGNALING	exploratory	MSigDB_Hallmark (msigdbr 26.1.0)	Gadd45b
HALLMARK_IL2_STAT5_SIGNALING	exploratory	MSigDB_Hallmark (msigdbr 26.1.0)	Galm
HALLMARK_IL2_STAT5_SIGNALING	exploratory	MSigDB_Hallmark (msigdbr 26.1.0)	Gata1
HALLMARK_IL2_STAT5_SIGNALING	exploratory	MSigDB_Hallmark (msigdbr 26.1.0)	Gbp3
HALLMARK_IL2_STAT5_SIGNALING	exploratory	MSigDB_Hallmark (msigdbr 26.1.0)	Glipr2
HALLMARK_IL2_STAT5_SIGNALING	exploratory	MSigDB_Hallmark (msigdbr 26.1.0)	Gpr65
HALLMARK_IL2_STAT5_SIGNALING	exploratory	MSigDB_Hallmark (msigdbr 26.1.0)	Gpr83
HALLMARK_IL2_STAT5_SIGNALING	exploratory	MSigDB_Hallmark (msigdbr 26.1.0)	Gpx4
HALLMARK_IL2_STAT5_SIGNALING	exploratory	MSigDB_Hallmark (msigdbr 26.1.0)	Gsto1
HALLMARK_IL2_STAT5_SIGNALING	exploratory	MSigDB_Hallmark (msigdbr 26.1.0)	Gucy1b1
HALLMARK_IL2_STAT5_SIGNALING	exploratory	MSigDB_Hallmark (msigdbr 26.1.0)	Hipk2
HALLMARK_IL2_STAT5_SIGNALING	exploratory	MSigDB_Hallmark (msigdbr 26.1.0)	Hk2
HALLMARK_IL2_STAT5_SIGNALING	exploratory	MSigDB_Hallmark (msigdbr 26.1.0)	Hopx
HALLMARK_IL2_STAT5_SIGNALING	exploratory	MSigDB_Hallmark (msigdbr 26.1.0)	Huwe1
HALLMARK_IL2_STAT5_SIGNALING	exploratory	MSigDB_Hallmark (msigdbr 26.1.0)	Hycc2
HALLMARK_IL2_STAT5_SIGNALING	exploratory	MSigDB_Hallmark (msigdbr 26.1.0)	Icos
HALLMARK_IL2_STAT5_SIGNALING	exploratory	MSigDB_Hallmark (msigdbr 26.1.0)	Ifitm3
HALLMARK_IL2_STAT5_SIGNALING	exploratory	MSigDB_Hallmark (msigdbr 26.1.0)	Ifngr1
HALLMARK_IL2_STAT5_SIGNALING	exploratory	MSigDB_Hallmark (msigdbr 26.1.0)	Igf1r
HALLMARK_IL2_STAT5_SIGNALING	exploratory	MSigDB_Hallmark (msigdbr 26.1.0)	Igf2r
HALLMARK_IL2_STAT5_SIGNALING	exploratory	MSigDB_Hallmark (msigdbr 26.1.0)	Ikzf2
HALLMARK_IL2_STAT5_SIGNALING	exploratory	MSigDB_Hallmark (msigdbr 26.1.0)	Ikzf4
HALLMARK_IL2_STAT5_SIGNALING	exploratory	MSigDB_Hallmark (msigdbr 26.1.0)	Il10
HALLMARK_IL2_STAT5_SIGNALING	exploratory	MSigDB_Hallmark (msigdbr 26.1.0)	Il10ra
HALLMARK_IL2_STAT5_SIGNALING	exploratory	MSigDB_Hallmark (msigdbr 26.1.0)	Il13
HALLMARK_IL2_STAT5_SIGNALING	exploratory	MSigDB_Hallmark (msigdbr 26.1.0)	Il18r1
HALLMARK_IL2_STAT5_SIGNALING	exploratory	MSigDB_Hallmark (msigdbr 26.1.0)	Il1r2
HALLMARK_IL2_STAT5_SIGNALING	exploratory	MSigDB_Hallmark (msigdbr 26.1.0)	Il1rl1
HALLMARK_IL2_STAT5_SIGNALING	exploratory	MSigDB_Hallmark (msigdbr 26.1.0)	Il2ra
HALLMARK_IL2_STAT5_SIGNALING	exploratory	MSigDB_Hallmark (msigdbr 26.1.0)	Il2rb
HALLMARK_IL2_STAT5_SIGNALING	exploratory	MSigDB_Hallmark (msigdbr 26.1.0)	Il3ra
HALLMARK_IL2_STAT5_SIGNALING	exploratory	MSigDB_Hallmark (msigdbr 26.1.0)	Il4ra
HALLMARK_IL2_STAT5_SIGNALING	exploratory	MSigDB_Hallmark (msigdbr 26.1.0)	Irf4
HALLMARK_IL2_STAT5_SIGNALING	exploratory	MSigDB_Hallmark (msigdbr 26.1.0)	Irf6
HALLMARK_IL2_STAT5_SIGNALING	exploratory	MSigDB_Hallmark (msigdbr 26.1.0)	Irf8
HALLMARK_IL2_STAT5_SIGNALING	exploratory	MSigDB_Hallmark (msigdbr 26.1.0)	Itga6
HALLMARK_IL2_STAT5_SIGNALING	exploratory	MSigDB_Hallmark (msigdbr 26.1.0)	Itgae
HALLMARK_IL2_STAT5_SIGNALING	exploratory	MSigDB_Hallmark (msigdbr 26.1.0)	Itgav
HALLMARK_IL2_STAT5_SIGNALING	exploratory	MSigDB_Hallmark (msigdbr 26.1.0)	Itih5
HALLMARK_IL2_STAT5_SIGNALING	exploratory	MSigDB_Hallmark (msigdbr 26.1.0)	Klf6
HALLMARK_IL2_STAT5_SIGNALING	exploratory	MSigDB_Hallmark (msigdbr 26.1.0)	Lclat1
HALLMARK_IL2_STAT5_SIGNALING	exploratory	MSigDB_Hallmark (msigdbr 26.1.0)	Lif
HALLMARK_IL2_STAT5_SIGNALING	exploratory	MSigDB_Hallmark (msigdbr 26.1.0)	Lrig1
HALLMARK_IL2_STAT5_SIGNALING	exploratory	MSigDB_Hallmark (msigdbr 26.1.0)	Lrrc8c
HALLMARK_IL2_STAT5_SIGNALING	exploratory	MSigDB_Hallmark (msigdbr 26.1.0)	Ltb
HALLMARK_IL2_STAT5_SIGNALING	exploratory	MSigDB_Hallmark (msigdbr 26.1.0)	Maff
HALLMARK_IL2_STAT5_SIGNALING	exploratory	MSigDB_Hallmark (msigdbr 26.1.0)	Map3k8
HALLMARK_IL2_STAT5_SIGNALING	exploratory	MSigDB_Hallmark (msigdbr 26.1.0)	Map6
HALLMARK_IL2_STAT5_SIGNALING	exploratory	MSigDB_Hallmark (msigdbr 26.1.0)	Mapkapk2
HALLMARK_IL2_STAT5_SIGNALING	exploratory	MSigDB_Hallmark (msigdbr 26.1.0)	Muc1
HALLMARK_IL2_STAT5_SIGNALING	exploratory	MSigDB_Hallmark (msigdbr 26.1.0)	Mxd1
HALLMARK_IL2_STAT5_SIGNALING	exploratory	MSigDB_Hallmark (msigdbr 26.1.0)	Myc
HALLMARK_IL2_STAT5_SIGNALING	exploratory	MSigDB_Hallmark (msigdbr 26.1.0)	Myo1c
HALLMARK_IL2_STAT5_SIGNALING	exploratory	MSigDB_Hallmark (msigdbr 26.1.0)	Myo1e
HALLMARK_IL2_STAT5_SIGNALING	exploratory	MSigDB_Hallmark (msigdbr 26.1.0)	Ncoa3
HALLMARK_IL2_STAT5_SIGNALING	exploratory	MSigDB_Hallmark (msigdbr 26.1.0)	Ncs1
HALLMARK_IL2_STAT5_SIGNALING	exploratory	MSigDB_Hallmark (msigdbr 26.1.0)	Ndrg1
HALLMARK_IL2_STAT5_SIGNALING	exploratory	MSigDB_Hallmark (msigdbr 26.1.0)	Nfil3
HALLMARK_IL2_STAT5_SIGNALING	exploratory	MSigDB_Hallmark (msigdbr 26.1.0)	Nfkbiz
HALLMARK_IL2_STAT5_SIGNALING	exploratory	MSigDB_Hallmark (msigdbr 26.1.0)	Nop2
HALLMARK_IL2_STAT5_SIGNALING	exploratory	MSigDB_Hallmark (msigdbr 26.1.0)	Nrp1
HALLMARK_IL2_STAT5_SIGNALING	exploratory	MSigDB_Hallmark (msigdbr 26.1.0)	Nt5e
HALLMARK_IL2_STAT5_SIGNALING	exploratory	MSigDB_Hallmark (msigdbr 26.1.0)	Odc1
HALLMARK_IL2_STAT5_SIGNALING	exploratory	MSigDB_Hallmark (msigdbr 26.1.0)	P2rx4
HALLMARK_IL2_STAT5_SIGNALING	exploratory	MSigDB_Hallmark (msigdbr 26.1.0)	P4ha1
HALLMARK_IL2_STAT5_SIGNALING	exploratory	MSigDB_Hallmark (msigdbr 26.1.0)	Pdcd2l
HALLMARK_IL2_STAT5_SIGNALING	exploratory	MSigDB_Hallmark (msigdbr 26.1.0)	Penk
HALLMARK_IL2_STAT5_SIGNALING	exploratory	MSigDB_Hallmark (msigdbr 26.1.0)	Phlda1
HALLMARK_IL2_STAT5_SIGNALING	exploratory	MSigDB_Hallmark (msigdbr 26.1.0)	Phtf2
HALLMARK_IL2_STAT5_SIGNALING	exploratory	MSigDB_Hallmark (msigdbr 26.1.0)	Pim1
HALLMARK_IL2_STAT5_SIGNALING	exploratory	MSigDB_Hallmark (msigdbr 26.1.0)	Plagl1
HALLMARK_IL2_STAT5_SIGNALING	exploratory	MSigDB_Hallmark (msigdbr 26.1.0)	Plec
HALLMARK_IL2_STAT5_SIGNALING	exploratory	MSigDB_Hallmark (msigdbr 26.1.0)	Plin2
HALLMARK_IL2_STAT5_SIGNALING	exploratory	MSigDB_Hallmark (msigdbr 26.1.0)	Plpp1
HALLMARK_IL2_STAT5_SIGNALING	exploratory	MSigDB_Hallmark (msigdbr 26.1.0)	Plscr1
HALLMARK_IL2_STAT5_SIGNALING	exploratory	MSigDB_Hallmark (msigdbr 26.1.0)	Pnp2
HALLMARK_IL2_STAT5_SIGNALING	exploratory	MSigDB_Hallmark (msigdbr 26.1.0)	Pou2f1
HALLMARK_IL2_STAT5_SIGNALING	exploratory	MSigDB_Hallmark (msigdbr 26.1.0)	Praf2
HALLMARK_IL2_STAT5_SIGNALING	exploratory	MSigDB_Hallmark (msigdbr 26.1.0)	Prkch
HALLMARK_IL2_STAT5_SIGNALING	exploratory	MSigDB_Hallmark (msigdbr 26.1.0)	Prnp
HALLMARK_IL2_STAT5_SIGNALING	exploratory	MSigDB_Hallmark (msigdbr 26.1.0)	Ptch1
HALLMARK_IL2_STAT5_SIGNALING	exploratory	MSigDB_Hallmark (msigdbr 26.1.0)	Ptger2
HALLMARK_IL2_STAT5_SIGNALING	exploratory	MSigDB_Hallmark (msigdbr 26.1.0)	Pth1r
HALLMARK_IL2_STAT5_SIGNALING	exploratory	MSigDB_Hallmark (msigdbr 26.1.0)	Ptrh2
HALLMARK_IL2_STAT5_SIGNALING	exploratory	MSigDB_Hallmark (msigdbr 26.1.0)	Pus1
HALLMARK_IL2_STAT5_SIGNALING	exploratory	MSigDB_Hallmark (msigdbr 26.1.0)	Rabgap1l
HALLMARK_IL2_STAT5_SIGNALING	exploratory	MSigDB_Hallmark (msigdbr 26.1.0)	Rgs16
HALLMARK_IL2_STAT5_SIGNALING	exploratory	MSigDB_Hallmark (msigdbr 26.1.0)	Rhob
HALLMARK_IL2_STAT5_SIGNALING	exploratory	MSigDB_Hallmark (msigdbr 26.1.0)	Rhoh
HALLMARK_IL2_STAT5_SIGNALING	exploratory	MSigDB_Hallmark (msigdbr 26.1.0)	Rnh1
HALLMARK_IL2_STAT5_SIGNALING	exploratory	MSigDB_Hallmark (msigdbr 26.1.0)	Rora
HALLMARK_IL2_STAT5_SIGNALING	exploratory	MSigDB_Hallmark (msigdbr 26.1.0)	Rragd
HALLMARK_IL2_STAT5_SIGNALING	exploratory	MSigDB_Hallmark (msigdbr 26.1.0)	S100a1
HALLMARK_IL2_STAT5_SIGNALING	exploratory	MSigDB_Hallmark (msigdbr 26.1.0)	Scn9a
HALLMARK_IL2_STAT5_SIGNALING	exploratory	MSigDB_Hallmark (msigdbr 26.1.0)	Sell
HALLMARK_IL2_STAT5_SIGNALING	exploratory	MSigDB_Hallmark (msigdbr 26.1.0)	Selp
HALLMARK_IL2_STAT5_SIGNALING	exploratory	MSigDB_Hallmark (msigdbr 26.1.0)	Serpinb6a
HALLMARK_IL2_STAT5_SIGNALING	exploratory	MSigDB_Hallmark (msigdbr 26.1.0)	Serpinc1
HALLMARK_IL2_STAT5_SIGNALING	exploratory	MSigDB_Hallmark (msigdbr 26.1.0)	Sh3bgrl2
HALLMARK_IL2_STAT5_SIGNALING	exploratory	MSigDB_Hallmark (msigdbr 26.1.0)	She
HALLMARK_IL2_STAT5_SIGNALING	exploratory	MSigDB_Hallmark (msigdbr 26.1.0)	Slc1a5
HALLMARK_IL2_STAT5_SIGNALING	exploratory	MSigDB_Hallmark (msigdbr 26.1.0)	Slc29a2
HALLMARK_IL2_STAT5_SIGNALING	exploratory	MSigDB_Hallmark (msigdbr 26.1.0)	Slc2a3
HALLMARK_IL2_STAT5_SIGNALING	exploratory	MSigDB_Hallmark (msigdbr 26.1.0)	Slc39a8
HALLMARK_IL2_STAT5_SIGNALING	exploratory	MSigDB_Hallmark (msigdbr 26.1.0)	Smpdl3a
HALLMARK_IL2_STAT5_SIGNALING	exploratory	MSigDB_Hallmark (msigdbr 26.1.0)	Snx14
HALLMARK_IL2_STAT5_SIGNALING	exploratory	MSigDB_Hallmark (msigdbr 26.1.0)	Snx9
HALLMARK_IL2_STAT5_SIGNALING	exploratory	MSigDB_Hallmark (msigdbr 26.1.0)	Socs1
HALLMARK_IL2_STAT5_SIGNALING	exploratory	MSigDB_Hallmark (msigdbr 26.1.0)	Socs2
HALLMARK_IL2_STAT5_SIGNALING	exploratory	MSigDB_Hallmark (msigdbr 26.1.0)	Spp1
HALLMARK_IL2_STAT5_SIGNALING	exploratory	MSigDB_Hallmark (msigdbr 26.1.0)	Spred2
HALLMARK_IL2_STAT5_SIGNALING	exploratory	MSigDB_Hallmark (msigdbr 26.1.0)	Spry4
HALLMARK_IL2_STAT5_SIGNALING	exploratory	MSigDB_Hallmark (msigdbr 26.1.0)	St3gal4
HALLMARK_IL2_STAT5_SIGNALING	exploratory	MSigDB_Hallmark (msigdbr 26.1.0)	Swap70
HALLMARK_IL2_STAT5_SIGNALING	exploratory	MSigDB_Hallmark (msigdbr 26.1.0)	Syngr2
HALLMARK_IL2_STAT5_SIGNALING	exploratory	MSigDB_Hallmark (msigdbr 26.1.0)	Syt11
HALLMARK_IL2_STAT5_SIGNALING	exploratory	MSigDB_Hallmark (msigdbr 26.1.0)	Tgm2
HALLMARK_IL2_STAT5_SIGNALING	exploratory	MSigDB_Hallmark (msigdbr 26.1.0)	Tiam1
HALLMARK_IL2_STAT5_SIGNALING	exploratory	MSigDB_Hallmark (msigdbr 26.1.0)	Tlr7
HALLMARK_IL2_STAT5_SIGNALING	exploratory	MSigDB_Hallmark (msigdbr 26.1.0)	Tnfrsf18
HALLMARK_IL2_STAT5_SIGNALING	exploratory	MSigDB_Hallmark (msigdbr 26.1.0)	Tnfrsf1b
HALLMARK_IL2_STAT5_SIGNALING	exploratory	MSigDB_Hallmark (msigdbr 26.1.0)	Tnfrsf21
HALLMARK_IL2_STAT5_SIGNALING	exploratory	MSigDB_Hallmark (msigdbr 26.1.0)	Tnfrsf4
HALLMARK_IL2_STAT5_SIGNALING	exploratory	MSigDB_Hallmark (msigdbr 26.1.0)	Tnfrsf8
HALLMARK_IL2_STAT5_SIGNALING	exploratory	MSigDB_Hallmark (msigdbr 26.1.0)	Tnfrsf9
HALLMARK_IL2_STAT5_SIGNALING	exploratory	MSigDB_Hallmark (msigdbr 26.1.0)	Tnfsf10
HALLMARK_IL2_STAT5_SIGNALING	exploratory	MSigDB_Hallmark (msigdbr 26.1.0)	Tnfsf11
HALLMARK_IL2_STAT5_SIGNALING	exploratory	MSigDB_Hallmark (msigdbr 26.1.0)	Traf1
HALLMARK_IL2_STAT5_SIGNALING	exploratory	MSigDB_Hallmark (msigdbr 26.1.0)	Ttc39b
HALLMARK_IL2_STAT5_SIGNALING	exploratory	MSigDB_Hallmark (msigdbr 26.1.0)	Twsg1
HALLMARK_IL2_STAT5_SIGNALING	exploratory	MSigDB_Hallmark (msigdbr 26.1.0)	Uck2
HALLMARK_IL2_STAT5_SIGNALING	exploratory	MSigDB_Hallmark (msigdbr 26.1.0)	Umps
HALLMARK_IL2_STAT5_SIGNALING	exploratory	MSigDB_Hallmark (msigdbr 26.1.0)	Wls
HALLMARK_IL2_STAT5_SIGNALING	exploratory	MSigDB_Hallmark (msigdbr 26.1.0)	Xbp1
HALLMARK_IL6_JAK_STAT3_SIGNALING	exploratory	MSigDB_Hallmark (msigdbr 26.1.0)	A2m
HALLMARK_IL6_JAK_STAT3_SIGNALING	exploratory	MSigDB_Hallmark (msigdbr 26.1.0)	Acvr1b
HALLMARK_IL6_JAK_STAT3_SIGNALING	exploratory	MSigDB_Hallmark (msigdbr 26.1.0)	Acvrl1
HALLMARK_IL6_JAK_STAT3_SIGNALING	exploratory	MSigDB_Hallmark (msigdbr 26.1.0)	Bak1
HALLMARK_IL6_JAK_STAT3_SIGNALING	exploratory	MSigDB_Hallmark (msigdbr 26.1.0)	Cbl
HALLMARK_IL6_JAK_STAT3_SIGNALING	exploratory	MSigDB_Hallmark (msigdbr 26.1.0)	Ccl7
HALLMARK_IL6_JAK_STAT3_SIGNALING	exploratory	MSigDB_Hallmark (msigdbr 26.1.0)	Ccr1
HALLMARK_IL6_JAK_STAT3_SIGNALING	exploratory	MSigDB_Hallmark (msigdbr 26.1.0)	Cd14
HALLMARK_IL6_JAK_STAT3_SIGNALING	exploratory	MSigDB_Hallmark (msigdbr 26.1.0)	Cd36
HALLMARK_IL6_JAK_STAT3_SIGNALING	exploratory	MSigDB_Hallmark (msigdbr 26.1.0)	Cd38
HALLMARK_IL6_JAK_STAT3_SIGNALING	exploratory	MSigDB_Hallmark (msigdbr 26.1.0)	Cd44
HALLMARK_IL6_JAK_STAT3_SIGNALING	exploratory	MSigDB_Hallmark (msigdbr 26.1.0)	Cd9
HALLMARK_IL6_JAK_STAT3_SIGNALING	exploratory	MSigDB_Hallmark (msigdbr 26.1.0)	Cntfr
HALLMARK_IL6_JAK_STAT3_SIGNALING	exploratory	MSigDB_Hallmark (msigdbr 26.1.0)	Crlf2
HALLMARK_IL6_JAK_STAT3_SIGNALING	exploratory	MSigDB_Hallmark (msigdbr 26.1.0)	Csf1
HALLMARK_IL6_JAK_STAT3_SIGNALING	exploratory	MSigDB_Hallmark (msigdbr 26.1.0)	Csf2
HALLMARK_IL6_JAK_STAT3_SIGNALING	exploratory	MSigDB_Hallmark (msigdbr 26.1.0)	Csf2ra
HALLMARK_IL6_JAK_STAT3_SIGNALING	exploratory	MSigDB_Hallmark (msigdbr 26.1.0)	Csf2rb2
HALLMARK_IL6_JAK_STAT3_SIGNALING	exploratory	MSigDB_Hallmark (msigdbr 26.1.0)	Csf3r
HALLMARK_IL6_JAK_STAT3_SIGNALING	exploratory	MSigDB_Hallmark (msigdbr 26.1.0)	Cxcl1
HALLMARK_IL6_JAK_STAT3_SIGNALING	exploratory	MSigDB_Hallmark (msigdbr 26.1.0)	Cxcl2
HALLMARK_IL6_JAK_STAT3_SIGNALING	exploratory	MSigDB_Hallmark (msigdbr 26.1.0)	Cxcl3
HALLMARK_IL6_JAK_STAT3_SIGNALING	exploratory	MSigDB_Hallmark (msigdbr 26.1.0)	Cxcl10
HALLMARK_IL6_JAK_STAT3_SIGNALING	exploratory	MSigDB_Hallmark (msigdbr 26.1.0)	Cxcl11
HALLMARK_IL6_JAK_STAT3_SIGNALING	exploratory	MSigDB_Hallmark (msigdbr 26.1.0)	Cxcl13
HALLMARK_IL6_JAK_STAT3_SIGNALING	exploratory	MSigDB_Hallmark (msigdbr 26.1.0)	Cxcl9
HALLMARK_IL6_JAK_STAT3_SIGNALING	exploratory	MSigDB_Hallmark (msigdbr 26.1.0)	Dntt
HALLMARK_IL6_JAK_STAT3_SIGNALING	exploratory	MSigDB_Hallmark (msigdbr 26.1.0)	Ebi3
HALLMARK_IL6_JAK_STAT3_SIGNALING	exploratory	MSigDB_Hallmark (msigdbr 26.1.0)	Fas
HALLMARK_IL6_JAK_STAT3_SIGNALING	exploratory	MSigDB_Hallmark (msigdbr 26.1.0)	Grb2
HALLMARK_IL6_JAK_STAT3_SIGNALING	exploratory	MSigDB_Hallmark (msigdbr 26.1.0)	Hax1
HALLMARK_IL6_JAK_STAT3_SIGNALING	exploratory	MSigDB_Hallmark (msigdbr 26.1.0)	Hmox1
HALLMARK_IL6_JAK_STAT3_SIGNALING	exploratory	MSigDB_Hallmark (msigdbr 26.1.0)	Ifnar1
HALLMARK_IL6_JAK_STAT3_SIGNALING	exploratory	MSigDB_Hallmark (msigdbr 26.1.0)	Ifngr1
HALLMARK_IL6_JAK_STAT3_SIGNALING	exploratory	MSigDB_Hallmark (msigdbr 26.1.0)	Ifngr2
HALLMARK_IL6_JAK_STAT3_SIGNALING	exploratory	MSigDB_Hallmark (msigdbr 26.1.0)	Il10rb
HALLMARK_IL6_JAK_STAT3_SIGNALING	exploratory	MSigDB_Hallmark (msigdbr 26.1.0)	Il12rb1
HALLMARK_IL6_JAK_STAT3_SIGNALING	exploratory	MSigDB_Hallmark (msigdbr 26.1.0)	Il13ra1
HALLMARK_IL6_JAK_STAT3_SIGNALING	exploratory	MSigDB_Hallmark (msigdbr 26.1.0)	Il15ra
HALLMARK_IL6_JAK_STAT3_SIGNALING	exploratory	MSigDB_Hallmark (msigdbr 26.1.0)	Il17ra
HALLMARK_IL6_JAK_STAT3_SIGNALING	exploratory	MSigDB_Hallmark (msigdbr 26.1.0)	Il17rb
HALLMARK_IL6_JAK_STAT3_SIGNALING	exploratory	MSigDB_Hallmark (msigdbr 26.1.0)	Il18r1
HALLMARK_IL6_JAK_STAT3_SIGNALING	exploratory	MSigDB_Hallmark (msigdbr 26.1.0)	Il1b
HALLMARK_IL6_JAK_STAT3_SIGNALING	exploratory	MSigDB_Hallmark (msigdbr 26.1.0)	Il1r1
HALLMARK_IL6_JAK_STAT3_SIGNALING	exploratory	MSigDB_Hallmark (msigdbr 26.1.0)	Il1r2
HALLMARK_IL6_JAK_STAT3_SIGNALING	exploratory	MSigDB_Hallmark (msigdbr 26.1.0)	Il2ra
HALLMARK_IL6_JAK_STAT3_SIGNALING	exploratory	MSigDB_Hallmark (msigdbr 26.1.0)	Il2rg
HALLMARK_IL6_JAK_STAT3_SIGNALING	exploratory	MSigDB_Hallmark (msigdbr 26.1.0)	Il3ra
HALLMARK_IL6_JAK_STAT3_SIGNALING	exploratory	MSigDB_Hallmark (msigdbr 26.1.0)	Il4ra
HALLMARK_IL6_JAK_STAT3_SIGNALING	exploratory	MSigDB_Hallmark (msigdbr 26.1.0)	Il6
HALLMARK_IL6_JAK_STAT3_SIGNALING	exploratory	MSigDB_Hallmark (msigdbr 26.1.0)	Il6st
HALLMARK_IL6_JAK_STAT3_SIGNALING	exploratory	MSigDB_Hallmark (msigdbr 26.1.0)	Il7
HALLMARK_IL6_JAK_STAT3_SIGNALING	exploratory	MSigDB_Hallmark (msigdbr 26.1.0)	Il9r
HALLMARK_IL6_JAK_STAT3_SIGNALING	exploratory	MSigDB_Hallmark (msigdbr 26.1.0)	Inhbe
HALLMARK_IL6_JAK_STAT3_SIGNALING	exploratory	MSigDB_Hallmark (msigdbr 26.1.0)	Irf1
HALLMARK_IL6_JAK_STAT3_SIGNALING	exploratory	MSigDB_Hallmark (msigdbr 26.1.0)	Irf9
HALLMARK_IL6_JAK_STAT3_SIGNALING	exploratory	MSigDB_Hallmark (msigdbr 26.1.0)	Itga4
HALLMARK_IL6_JAK_STAT3_SIGNALING	exploratory	MSigDB_Hallmark (msigdbr 26.1.0)	Itgb3
HALLMARK_IL6_JAK_STAT3_SIGNALING	exploratory	MSigDB_Hallmark (msigdbr 26.1.0)	Jun
HALLMARK_IL6_JAK_STAT3_SIGNALING	exploratory	MSigDB_Hallmark (msigdbr 26.1.0)	Lepr
HALLMARK_IL6_JAK_STAT3_SIGNALING	exploratory	MSigDB_Hallmark (msigdbr 26.1.0)	Ltb
HALLMARK_IL6_JAK_STAT3_SIGNALING	exploratory	MSigDB_Hallmark (msigdbr 26.1.0)	Ltbr
HALLMARK_IL6_JAK_STAT3_SIGNALING	exploratory	MSigDB_Hallmark (msigdbr 26.1.0)	Map3k8
HALLMARK_IL6_JAK_STAT3_SIGNALING	exploratory	MSigDB_Hallmark (msigdbr 26.1.0)	Myd88
HALLMARK_IL6_JAK_STAT3_SIGNALING	exploratory	MSigDB_Hallmark (msigdbr 26.1.0)	Osmr
HALLMARK_IL6_JAK_STAT3_SIGNALING	exploratory	MSigDB_Hallmark (msigdbr 26.1.0)	Pdgfc
HALLMARK_IL6_JAK_STAT3_SIGNALING	exploratory	MSigDB_Hallmark (msigdbr 26.1.0)	Pf4
HALLMARK_IL6_JAK_STAT3_SIGNALING	exploratory	MSigDB_Hallmark (msigdbr 26.1.0)	Pik3r5
HALLMARK_IL6_JAK_STAT3_SIGNALING	exploratory	MSigDB_Hallmark (msigdbr 26.1.0)	Pim1
HALLMARK_IL6_JAK_STAT3_SIGNALING	exploratory	MSigDB_Hallmark (msigdbr 26.1.0)	Pla2g2a
HALLMARK_IL6_JAK_STAT3_SIGNALING	exploratory	MSigDB_Hallmark (msigdbr 26.1.0)	Ptpn1
HALLMARK_IL6_JAK_STAT3_SIGNALING	exploratory	MSigDB_Hallmark (msigdbr 26.1.0)	Ptpn11
HALLMARK_IL6_JAK_STAT3_SIGNALING	exploratory	MSigDB_Hallmark (msigdbr 26.1.0)	Ptpn2
HALLMARK_IL6_JAK_STAT3_SIGNALING	exploratory	MSigDB_Hallmark (msigdbr 26.1.0)	Reg1
HALLMARK_IL6_JAK_STAT3_SIGNALING	exploratory	MSigDB_Hallmark (msigdbr 26.1.0)	Socs1
HALLMARK_IL6_JAK_STAT3_SIGNALING	exploratory	MSigDB_Hallmark (msigdbr 26.1.0)	Socs3
HALLMARK_IL6_JAK_STAT3_SIGNALING	exploratory	MSigDB_Hallmark (msigdbr 26.1.0)	Stam2
HALLMARK_IL6_JAK_STAT3_SIGNALING	exploratory	MSigDB_Hallmark (msigdbr 26.1.0)	Stat1
HALLMARK_IL6_JAK_STAT3_SIGNALING	exploratory	MSigDB_Hallmark (msigdbr 26.1.0)	Stat2
HALLMARK_IL6_JAK_STAT3_SIGNALING	exploratory	MSigDB_Hallmark (msigdbr 26.1.0)	Stat3
HALLMARK_IL6_JAK_STAT3_SIGNALING	exploratory	MSigDB_Hallmark (msigdbr 26.1.0)	Tgfb1
HALLMARK_IL6_JAK_STAT3_SIGNALING	exploratory	MSigDB_Hallmark (msigdbr 26.1.0)	Tlr2
HALLMARK_IL6_JAK_STAT3_SIGNALING	exploratory	MSigDB_Hallmark (msigdbr 26.1.0)	Tnf
HALLMARK_IL6_JAK_STAT3_SIGNALING	exploratory	MSigDB_Hallmark (msigdbr 26.1.0)	Tnfrsf12a
HALLMARK_IL6_JAK_STAT3_SIGNALING	exploratory	MSigDB_Hallmark (msigdbr 26.1.0)	Tnfrsf1a
HALLMARK_IL6_JAK_STAT3_SIGNALING	exploratory	MSigDB_Hallmark (msigdbr 26.1.0)	Tnfrsf1b
HALLMARK_IL6_JAK_STAT3_SIGNALING	exploratory	MSigDB_Hallmark (msigdbr 26.1.0)	Tnfrsf21
HALLMARK_IL6_JAK_STAT3_SIGNALING	exploratory	MSigDB_Hallmark (msigdbr 26.1.0)	Tyk2
HALLMARK_INFLAMMATORY_RESPONSE	exploratory	MSigDB_Hallmark (msigdbr 26.1.0)	Abca1
HALLMARK_INFLAMMATORY_RESPONSE	exploratory	MSigDB_Hallmark (msigdbr 26.1.0)	Abi1
HALLMARK_INFLAMMATORY_RESPONSE	exploratory	MSigDB_Hallmark (msigdbr 26.1.0)	Acvr1b
HALLMARK_INFLAMMATORY_RESPONSE	exploratory	MSigDB_Hallmark (msigdbr 26.1.0)	Acvr2a
HALLMARK_INFLAMMATORY_RESPONSE	exploratory	MSigDB_Hallmark (msigdbr 26.1.0)	Adgre1
HALLMARK_INFLAMMATORY_RESPONSE	exploratory	MSigDB_Hallmark (msigdbr 26.1.0)	Adm
HALLMARK_INFLAMMATORY_RESPONSE	exploratory	MSigDB_Hallmark (msigdbr 26.1.0)	Adora2b
HALLMARK_INFLAMMATORY_RESPONSE	exploratory	MSigDB_Hallmark (msigdbr 26.1.0)	Adrm1
HALLMARK_INFLAMMATORY_RESPONSE	exploratory	MSigDB_Hallmark (msigdbr 26.1.0)	Ahr
HALLMARK_INFLAMMATORY_RESPONSE	exploratory	MSigDB_Hallmark (msigdbr 26.1.0)	Aplnr
HALLMARK_INFLAMMATORY_RESPONSE	exploratory	MSigDB_Hallmark (msigdbr 26.1.0)	Aqp9
HALLMARK_INFLAMMATORY_RESPONSE	exploratory	MSigDB_Hallmark (msigdbr 26.1.0)	Atp2a2
HALLMARK_INFLAMMATORY_RESPONSE	exploratory	MSigDB_Hallmark (msigdbr 26.1.0)	Atp2b1
HALLMARK_INFLAMMATORY_RESPONSE	exploratory	MSigDB_Hallmark (msigdbr 26.1.0)	Atp2c1
HALLMARK_INFLAMMATORY_RESPONSE	exploratory	MSigDB_Hallmark (msigdbr 26.1.0)	Axl
HALLMARK_INFLAMMATORY_RESPONSE	exploratory	MSigDB_Hallmark (msigdbr 26.1.0)	Bdkrb1
HALLMARK_INFLAMMATORY_RESPONSE	exploratory	MSigDB_Hallmark (msigdbr 26.1.0)	Best1
HALLMARK_INFLAMMATORY_RESPONSE	exploratory	MSigDB_Hallmark (msigdbr 26.1.0)	Bst2
HALLMARK_INFLAMMATORY_RESPONSE	exploratory	MSigDB_Hallmark (msigdbr 26.1.0)	Btg2
HALLMARK_INFLAMMATORY_RESPONSE	exploratory	MSigDB_Hallmark (msigdbr 26.1.0)	C3ar1
HALLMARK_INFLAMMATORY_RESPONSE	exploratory	MSigDB_Hallmark (msigdbr 26.1.0)	C5ar1
HALLMARK_INFLAMMATORY_RESPONSE	exploratory	MSigDB_Hallmark (msigdbr 26.1.0)	Calcrl
HALLMARK_INFLAMMATORY_RESPONSE	exploratory	MSigDB_Hallmark (msigdbr 26.1.0)	Ccl17
HALLMARK_INFLAMMATORY_RESPONSE	exploratory	MSigDB_Hallmark (msigdbr 26.1.0)	Ccl2
HALLMARK_INFLAMMATORY_RESPONSE	exploratory	MSigDB_Hallmark (msigdbr 26.1.0)	Ccl20
HALLMARK_INFLAMMATORY_RESPONSE	exploratory	MSigDB_Hallmark (msigdbr 26.1.0)	Ccl22
HALLMARK_INFLAMMATORY_RESPONSE	exploratory	MSigDB_Hallmark (msigdbr 26.1.0)	Ccl24
HALLMARK_INFLAMMATORY_RESPONSE	exploratory	MSigDB_Hallmark (msigdbr 26.1.0)	Ccl5
HALLMARK_INFLAMMATORY_RESPONSE	exploratory	MSigDB_Hallmark (msigdbr 26.1.0)	Ccl7
HALLMARK_INFLAMMATORY_RESPONSE	exploratory	MSigDB_Hallmark (msigdbr 26.1.0)	Ccr7
HALLMARK_INFLAMMATORY_RESPONSE	exploratory	MSigDB_Hallmark (msigdbr 26.1.0)	Ccrl2
HALLMARK_INFLAMMATORY_RESPONSE	exploratory	MSigDB_Hallmark (msigdbr 26.1.0)	Cd14
HALLMARK_INFLAMMATORY_RESPONSE	exploratory	MSigDB_Hallmark (msigdbr 26.1.0)	Cd40
HALLMARK_INFLAMMATORY_RESPONSE	exploratory	MSigDB_Hallmark (msigdbr 26.1.0)	Cd48
HALLMARK_INFLAMMATORY_RESPONSE	exploratory	MSigDB_Hallmark (msigdbr 26.1.0)	Cd55
HALLMARK_INFLAMMATORY_RESPONSE	exploratory	MSigDB_Hallmark (msigdbr 26.1.0)	Cd55b
HALLMARK_INFLAMMATORY_RESPONSE	exploratory	MSigDB_Hallmark (msigdbr 26.1.0)	Cd69
HALLMARK_INFLAMMATORY_RESPONSE	exploratory	MSigDB_Hallmark (msigdbr 26.1.0)	Cd70
HALLMARK_INFLAMMATORY_RESPONSE	exploratory	MSigDB_Hallmark (msigdbr 26.1.0)	Cd82
HALLMARK_INFLAMMATORY_RESPONSE	exploratory	MSigDB_Hallmark (msigdbr 26.1.0)	Cdkn1a
HALLMARK_INFLAMMATORY_RESPONSE	exploratory	MSigDB_Hallmark (msigdbr 26.1.0)	Chst2
HALLMARK_INFLAMMATORY_RESPONSE	exploratory	MSigDB_Hallmark (msigdbr 26.1.0)	Clec5a
HALLMARK_INFLAMMATORY_RESPONSE	exploratory	MSigDB_Hallmark (msigdbr 26.1.0)	Cmklr1
HALLMARK_INFLAMMATORY_RESPONSE	exploratory	MSigDB_Hallmark (msigdbr 26.1.0)	Csf1
HALLMARK_INFLAMMATORY_RESPONSE	exploratory	MSigDB_Hallmark (msigdbr 26.1.0)	Csf3
HALLMARK_INFLAMMATORY_RESPONSE	exploratory	MSigDB_Hallmark (msigdbr 26.1.0)	Csf3r
HALLMARK_INFLAMMATORY_RESPONSE	exploratory	MSigDB_Hallmark (msigdbr 26.1.0)	Cx3cl1
HALLMARK_INFLAMMATORY_RESPONSE	exploratory	MSigDB_Hallmark (msigdbr 26.1.0)	Cxcl10
HALLMARK_INFLAMMATORY_RESPONSE	exploratory	MSigDB_Hallmark (msigdbr 26.1.0)	Cxcl11
HALLMARK_INFLAMMATORY_RESPONSE	exploratory	MSigDB_Hallmark (msigdbr 26.1.0)	Cxcl5
HALLMARK_INFLAMMATORY_RESPONSE	exploratory	MSigDB_Hallmark (msigdbr 26.1.0)	Cxcl9
HALLMARK_INFLAMMATORY_RESPONSE	exploratory	MSigDB_Hallmark (msigdbr 26.1.0)	Cxcr6
HALLMARK_INFLAMMATORY_RESPONSE	exploratory	MSigDB_Hallmark (msigdbr 26.1.0)	Cybb
HALLMARK_INFLAMMATORY_RESPONSE	exploratory	MSigDB_Hallmark (msigdbr 26.1.0)	Dcbld2
HALLMARK_INFLAMMATORY_RESPONSE	exploratory	MSigDB_Hallmark (msigdbr 26.1.0)	Ebi3
HALLMARK_INFLAMMATORY_RESPONSE	exploratory	MSigDB_Hallmark (msigdbr 26.1.0)	Edn1
HALLMARK_INFLAMMATORY_RESPONSE	exploratory	MSigDB_Hallmark (msigdbr 26.1.0)	Eif2ak2
HALLMARK_INFLAMMATORY_RESPONSE	exploratory	MSigDB_Hallmark (msigdbr 26.1.0)	Emp3
HALLMARK_INFLAMMATORY_RESPONSE	exploratory	MSigDB_Hallmark (msigdbr 26.1.0)	Ereg
HALLMARK_INFLAMMATORY_RESPONSE	exploratory	MSigDB_Hallmark (msigdbr 26.1.0)	F3
HALLMARK_INFLAMMATORY_RESPONSE	exploratory	MSigDB_Hallmark (msigdbr 26.1.0)	Ffar2
HALLMARK_INFLAMMATORY_RESPONSE	exploratory	MSigDB_Hallmark (msigdbr 26.1.0)	Fpr1
HALLMARK_INFLAMMATORY_RESPONSE	exploratory	MSigDB_Hallmark (msigdbr 26.1.0)	Fzd5
HALLMARK_INFLAMMATORY_RESPONSE	exploratory	MSigDB_Hallmark (msigdbr 26.1.0)	Gabbr1
HALLMARK_INFLAMMATORY_RESPONSE	exploratory	MSigDB_Hallmark (msigdbr 26.1.0)	Gch1
HALLMARK_INFLAMMATORY_RESPONSE	exploratory	MSigDB_Hallmark (msigdbr 26.1.0)	Gna15
HALLMARK_INFLAMMATORY_RESPONSE	exploratory	MSigDB_Hallmark (msigdbr 26.1.0)	Gnai3
HALLMARK_INFLAMMATORY_RESPONSE	exploratory	MSigDB_Hallmark (msigdbr 26.1.0)	Gp1ba
HALLMARK_INFLAMMATORY_RESPONSE	exploratory	MSigDB_Hallmark (msigdbr 26.1.0)	Gpc3
HALLMARK_INFLAMMATORY_RESPONSE	exploratory	MSigDB_Hallmark (msigdbr 26.1.0)	Gpr132
HALLMARK_INFLAMMATORY_RESPONSE	exploratory	MSigDB_Hallmark (msigdbr 26.1.0)	Gpr183
HALLMARK_INFLAMMATORY_RESPONSE	exploratory	MSigDB_Hallmark (msigdbr 26.1.0)	Has2
HALLMARK_INFLAMMATORY_RESPONSE	exploratory	MSigDB_Hallmark (msigdbr 26.1.0)	Hbegf
HALLMARK_INFLAMMATORY_RESPONSE	exploratory	MSigDB_Hallmark (msigdbr 26.1.0)	Hif1a
HALLMARK_INFLAMMATORY_RESPONSE	exploratory	MSigDB_Hallmark (msigdbr 26.1.0)	Hpn
HALLMARK_INFLAMMATORY_RESPONSE	exploratory	MSigDB_Hallmark (msigdbr 26.1.0)	Hrh1
HALLMARK_INFLAMMATORY_RESPONSE	exploratory	MSigDB_Hallmark (msigdbr 26.1.0)	Icam1
HALLMARK_INFLAMMATORY_RESPONSE	exploratory	MSigDB_Hallmark (msigdbr 26.1.0)	Icam4
HALLMARK_INFLAMMATORY_RESPONSE	exploratory	MSigDB_Hallmark (msigdbr 26.1.0)	Icosl
HALLMARK_INFLAMMATORY_RESPONSE	exploratory	MSigDB_Hallmark (msigdbr 26.1.0)	Ifitm1
HALLMARK_INFLAMMATORY_RESPONSE	exploratory	MSigDB_Hallmark (msigdbr 26.1.0)	Ifnar1
HALLMARK_INFLAMMATORY_RESPONSE	exploratory	MSigDB_Hallmark (msigdbr 26.1.0)	Ifngr2
HALLMARK_INFLAMMATORY_RESPONSE	exploratory	MSigDB_Hallmark (msigdbr 26.1.0)	Il10
HALLMARK_INFLAMMATORY_RESPONSE	exploratory	MSigDB_Hallmark (msigdbr 26.1.0)	Il10ra
HALLMARK_INFLAMMATORY_RESPONSE	exploratory	MSigDB_Hallmark (msigdbr 26.1.0)	Il12b
HALLMARK_INFLAMMATORY_RESPONSE	exploratory	MSigDB_Hallmark (msigdbr 26.1.0)	Il15
HALLMARK_INFLAMMATORY_RESPONSE	exploratory	MSigDB_Hallmark (msigdbr 26.1.0)	Il15ra
HALLMARK_INFLAMMATORY_RESPONSE	exploratory	MSigDB_Hallmark (msigdbr 26.1.0)	Il18
HALLMARK_INFLAMMATORY_RESPONSE	exploratory	MSigDB_Hallmark (msigdbr 26.1.0)	Il18r1
HALLMARK_INFLAMMATORY_RESPONSE	exploratory	MSigDB_Hallmark (msigdbr 26.1.0)	Il18rap
HALLMARK_INFLAMMATORY_RESPONSE	exploratory	MSigDB_Hallmark (msigdbr 26.1.0)	Il1a
HALLMARK_INFLAMMATORY_RESPONSE	exploratory	MSigDB_Hallmark (msigdbr 26.1.0)	Il1b
HALLMARK_INFLAMMATORY_RESPONSE	exploratory	MSigDB_Hallmark (msigdbr 26.1.0)	Il1r1
HALLMARK_INFLAMMATORY_RESPONSE	exploratory	MSigDB_Hallmark (msigdbr 26.1.0)	Il2rb
HALLMARK_INFLAMMATORY_RESPONSE	exploratory	MSigDB_Hallmark (msigdbr 26.1.0)	Il4ra
HALLMARK_INFLAMMATORY_RESPONSE	exploratory	MSigDB_Hallmark (msigdbr 26.1.0)	Il6
HALLMARK_INFLAMMATORY_RESPONSE	exploratory	MSigDB_Hallmark (msigdbr 26.1.0)	Il7r
HALLMARK_INFLAMMATORY_RESPONSE	exploratory	MSigDB_Hallmark (msigdbr 26.1.0)	Inhba
HALLMARK_INFLAMMATORY_RESPONSE	exploratory	MSigDB_Hallmark (msigdbr 26.1.0)	Irak2
HALLMARK_INFLAMMATORY_RESPONSE	exploratory	MSigDB_Hallmark (msigdbr 26.1.0)	Irf1
HALLMARK_INFLAMMATORY_RESPONSE	exploratory	MSigDB_Hallmark (msigdbr 26.1.0)	Irf7
HALLMARK_INFLAMMATORY_RESPONSE	exploratory	MSigDB_Hallmark (msigdbr 26.1.0)	Itga5
HALLMARK_INFLAMMATORY_RESPONSE	exploratory	MSigDB_Hallmark (msigdbr 26.1.0)	Itgb3
HALLMARK_INFLAMMATORY_RESPONSE	exploratory	MSigDB_Hallmark (msigdbr 26.1.0)	Itgb8
HALLMARK_INFLAMMATORY_RESPONSE	exploratory	MSigDB_Hallmark (msigdbr 26.1.0)	Kcna3
HALLMARK_INFLAMMATORY_RESPONSE	exploratory	MSigDB_Hallmark (msigdbr 26.1.0)	Kcnj2
HALLMARK_INFLAMMATORY_RESPONSE	exploratory	MSigDB_Hallmark (msigdbr 26.1.0)	Kcnmb2
HALLMARK_INFLAMMATORY_RESPONSE	exploratory	MSigDB_Hallmark (msigdbr 26.1.0)	Kif1b
HALLMARK_INFLAMMATORY_RESPONSE	exploratory	MSigDB_Hallmark (msigdbr 26.1.0)	Klf6
HALLMARK_INFLAMMATORY_RESPONSE	exploratory	MSigDB_Hallmark (msigdbr 26.1.0)	Lamp3
HALLMARK_INFLAMMATORY_RESPONSE	exploratory	MSigDB_Hallmark (msigdbr 26.1.0)	Lck
HALLMARK_INFLAMMATORY_RESPONSE	exploratory	MSigDB_Hallmark (msigdbr 26.1.0)	Lcp2
HALLMARK_INFLAMMATORY_RESPONSE	exploratory	MSigDB_Hallmark (msigdbr 26.1.0)	Ldlr
HALLMARK_INFLAMMATORY_RESPONSE	exploratory	MSigDB_Hallmark (msigdbr 26.1.0)	Lif
HALLMARK_INFLAMMATORY_RESPONSE	exploratory	MSigDB_Hallmark (msigdbr 26.1.0)	Lpar1
HALLMARK_INFLAMMATORY_RESPONSE	exploratory	MSigDB_Hallmark (msigdbr 26.1.0)	Lta
HALLMARK_INFLAMMATORY_RESPONSE	exploratory	MSigDB_Hallmark (msigdbr 26.1.0)	Ly6e
HALLMARK_INFLAMMATORY_RESPONSE	exploratory	MSigDB_Hallmark (msigdbr 26.1.0)	Lyn
HALLMARK_INFLAMMATORY_RESPONSE	exploratory	MSigDB_Hallmark (msigdbr 26.1.0)	Marco
HALLMARK_INFLAMMATORY_RESPONSE	exploratory	MSigDB_Hallmark (msigdbr 26.1.0)	Mefv
HALLMARK_INFLAMMATORY_RESPONSE	exploratory	MSigDB_Hallmark (msigdbr 26.1.0)	Mep1a
HALLMARK_INFLAMMATORY_RESPONSE	exploratory	MSigDB_Hallmark (msigdbr 26.1.0)	Met
HALLMARK_INFLAMMATORY_RESPONSE	exploratory	MSigDB_Hallmark (msigdbr 26.1.0)	Mmp14
HALLMARK_INFLAMMATORY_RESPONSE	exploratory	MSigDB_Hallmark (msigdbr 26.1.0)	Msr1
HALLMARK_INFLAMMATORY_RESPONSE	exploratory	MSigDB_Hallmark (msigdbr 26.1.0)	Mxd1
HALLMARK_INFLAMMATORY_RESPONSE	exploratory	MSigDB_Hallmark (msigdbr 26.1.0)	Myc
HALLMARK_INFLAMMATORY_RESPONSE	exploratory	MSigDB_Hallmark (msigdbr 26.1.0)	Nampt
HALLMARK_INFLAMMATORY_RESPONSE	exploratory	MSigDB_Hallmark (msigdbr 26.1.0)	Ndp
HALLMARK_INFLAMMATORY_RESPONSE	exploratory	MSigDB_Hallmark (msigdbr 26.1.0)	Nfkb1
HALLMARK_INFLAMMATORY_RESPONSE	exploratory	MSigDB_Hallmark (msigdbr 26.1.0)	Nfkbia
HALLMARK_INFLAMMATORY_RESPONSE	exploratory	MSigDB_Hallmark (msigdbr 26.1.0)	Nlrp3
HALLMARK_INFLAMMATORY_RESPONSE	exploratory	MSigDB_Hallmark (msigdbr 26.1.0)	Nmi
HALLMARK_INFLAMMATORY_RESPONSE	exploratory	MSigDB_Hallmark (msigdbr 26.1.0)	Nmur1
HALLMARK_INFLAMMATORY_RESPONSE	exploratory	MSigDB_Hallmark (msigdbr 26.1.0)	Nod2
HALLMARK_INFLAMMATORY_RESPONSE	exploratory	MSigDB_Hallmark (msigdbr 26.1.0)	Npffr2
HALLMARK_INFLAMMATORY_RESPONSE	exploratory	MSigDB_Hallmark (msigdbr 26.1.0)	Olr1
HALLMARK_INFLAMMATORY_RESPONSE	exploratory	MSigDB_Hallmark (msigdbr 26.1.0)	Oprk1
HALLMARK_INFLAMMATORY_RESPONSE	exploratory	MSigDB_Hallmark (msigdbr 26.1.0)	Osm
HALLMARK_INFLAMMATORY_RESPONSE	exploratory	MSigDB_Hallmark (msigdbr 26.1.0)	Osmr
HALLMARK_INFLAMMATORY_RESPONSE	exploratory	MSigDB_Hallmark (msigdbr 26.1.0)	P2rx4
HALLMARK_INFLAMMATORY_RESPONSE	exploratory	MSigDB_Hallmark (msigdbr 26.1.0)	P2rx7
HALLMARK_INFLAMMATORY_RESPONSE	exploratory	MSigDB_Hallmark (msigdbr 26.1.0)	P2ry2
HALLMARK_INFLAMMATORY_RESPONSE	exploratory	MSigDB_Hallmark (msigdbr 26.1.0)	Pcdh7
HALLMARK_INFLAMMATORY_RESPONSE	exploratory	MSigDB_Hallmark (msigdbr 26.1.0)	Pde4b
HALLMARK_INFLAMMATORY_RESPONSE	exploratory	MSigDB_Hallmark (msigdbr 26.1.0)	Pdpn
HALLMARK_INFLAMMATORY_RESPONSE	exploratory	MSigDB_Hallmark (msigdbr 26.1.0)	Pik3r5
HALLMARK_INFLAMMATORY_RESPONSE	exploratory	MSigDB_Hallmark (msigdbr 26.1.0)	Plaur
HALLMARK_INFLAMMATORY_RESPONSE	exploratory	MSigDB_Hallmark (msigdbr 26.1.0)	Prok2
HALLMARK_INFLAMMATORY_RESPONSE	exploratory	MSigDB_Hallmark (msigdbr 26.1.0)	Psen1
HALLMARK_INFLAMMATORY_RESPONSE	exploratory	MSigDB_Hallmark (msigdbr 26.1.0)	Ptafr
HALLMARK_INFLAMMATORY_RESPONSE	exploratory	MSigDB_Hallmark (msigdbr 26.1.0)	Ptger2
HALLMARK_INFLAMMATORY_RESPONSE	exploratory	MSigDB_Hallmark (msigdbr 26.1.0)	Ptger4
HALLMARK_INFLAMMATORY_RESPONSE	exploratory	MSigDB_Hallmark (msigdbr 26.1.0)	Ptgir
HALLMARK_INFLAMMATORY_RESPONSE	exploratory	MSigDB_Hallmark (msigdbr 26.1.0)	Ptpre
HALLMARK_INFLAMMATORY_RESPONSE	exploratory	MSigDB_Hallmark (msigdbr 26.1.0)	Pvr
HALLMARK_INFLAMMATORY_RESPONSE	exploratory	MSigDB_Hallmark (msigdbr 26.1.0)	Raf1
HALLMARK_INFLAMMATORY_RESPONSE	exploratory	MSigDB_Hallmark (msigdbr 26.1.0)	Rasgrp1
HALLMARK_INFLAMMATORY_RESPONSE	exploratory	MSigDB_Hallmark (msigdbr 26.1.0)	Rela
HALLMARK_INFLAMMATORY_RESPONSE	exploratory	MSigDB_Hallmark (msigdbr 26.1.0)	Rgs1
HALLMARK_INFLAMMATORY_RESPONSE	exploratory	MSigDB_Hallmark (msigdbr 26.1.0)	Rgs16
HALLMARK_INFLAMMATORY_RESPONSE	exploratory	MSigDB_Hallmark (msigdbr 26.1.0)	Rhog
HALLMARK_INFLAMMATORY_RESPONSE	exploratory	MSigDB_Hallmark (msigdbr 26.1.0)	Ripk2
HALLMARK_INFLAMMATORY_RESPONSE	exploratory	MSigDB_Hallmark (msigdbr 26.1.0)	Rnf144b
HALLMARK_INFLAMMATORY_RESPONSE	exploratory	MSigDB_Hallmark (msigdbr 26.1.0)	Ros1
HALLMARK_INFLAMMATORY_RESPONSE	exploratory	MSigDB_Hallmark (msigdbr 26.1.0)	Rtp4
HALLMARK_INFLAMMATORY_RESPONSE	exploratory	MSigDB_Hallmark (msigdbr 26.1.0)	Scarf1
HALLMARK_INFLAMMATORY_RESPONSE	exploratory	MSigDB_Hallmark (msigdbr 26.1.0)	Scn1b
HALLMARK_INFLAMMATORY_RESPONSE	exploratory	MSigDB_Hallmark (msigdbr 26.1.0)	Sele
HALLMARK_INFLAMMATORY_RESPONSE	exploratory	MSigDB_Hallmark (msigdbr 26.1.0)	Selenos
HALLMARK_INFLAMMATORY_RESPONSE	exploratory	MSigDB_Hallmark (msigdbr 26.1.0)	Sell
HALLMARK_INFLAMMATORY_RESPONSE	exploratory	MSigDB_Hallmark (msigdbr 26.1.0)	Sema4d
HALLMARK_INFLAMMATORY_RESPONSE	exploratory	MSigDB_Hallmark (msigdbr 26.1.0)	Serpine1
HALLMARK_INFLAMMATORY_RESPONSE	exploratory	MSigDB_Hallmark (msigdbr 26.1.0)	Sgms2
HALLMARK_INFLAMMATORY_RESPONSE	exploratory	MSigDB_Hallmark (msigdbr 26.1.0)	Slamf1
HALLMARK_INFLAMMATORY_RESPONSE	exploratory	MSigDB_Hallmark (msigdbr 26.1.0)	Slc11a2
HALLMARK_INFLAMMATORY_RESPONSE	exploratory	MSigDB_Hallmark (msigdbr 26.1.0)	Slc1a2
HALLMARK_INFLAMMATORY_RESPONSE	exploratory	MSigDB_Hallmark (msigdbr 26.1.0)	Slc28a2
HALLMARK_INFLAMMATORY_RESPONSE	exploratory	MSigDB_Hallmark (msigdbr 26.1.0)	Slc28a2b
HALLMARK_INFLAMMATORY_RESPONSE	exploratory	MSigDB_Hallmark (msigdbr 26.1.0)	Slc31a1
HALLMARK_INFLAMMATORY_RESPONSE	exploratory	MSigDB_Hallmark (msigdbr 26.1.0)	Slc31a2
HALLMARK_INFLAMMATORY_RESPONSE	exploratory	MSigDB_Hallmark (msigdbr 26.1.0)	Slc4a4
HALLMARK_INFLAMMATORY_RESPONSE	exploratory	MSigDB_Hallmark (msigdbr 26.1.0)	Slc7a1
HALLMARK_INFLAMMATORY_RESPONSE	exploratory	MSigDB_Hallmark (msigdbr 26.1.0)	Slc7a2
HALLMARK_INFLAMMATORY_RESPONSE	exploratory	MSigDB_Hallmark (msigdbr 26.1.0)	Sphk1
HALLMARK_INFLAMMATORY_RESPONSE	exploratory	MSigDB_Hallmark (msigdbr 26.1.0)	Sri
HALLMARK_INFLAMMATORY_RESPONSE	exploratory	MSigDB_Hallmark (msigdbr 26.1.0)	Stab1
HALLMARK_INFLAMMATORY_RESPONSE	exploratory	MSigDB_Hallmark (msigdbr 26.1.0)	Tacr1
HALLMARK_INFLAMMATORY_RESPONSE	exploratory	MSigDB_Hallmark (msigdbr 26.1.0)	Tacr3
HALLMARK_INFLAMMATORY_RESPONSE	exploratory	MSigDB_Hallmark (msigdbr 26.1.0)	Tapbp
HALLMARK_INFLAMMATORY_RESPONSE	exploratory	MSigDB_Hallmark (msigdbr 26.1.0)	Timp1
HALLMARK_INFLAMMATORY_RESPONSE	exploratory	MSigDB_Hallmark (msigdbr 26.1.0)	Tlr1
HALLMARK_INFLAMMATORY_RESPONSE	exploratory	MSigDB_Hallmark (msigdbr 26.1.0)	Tlr2
HALLMARK_INFLAMMATORY_RESPONSE	exploratory	MSigDB_Hallmark (msigdbr 26.1.0)	Tlr3
HALLMARK_INFLAMMATORY_RESPONSE	exploratory	MSigDB_Hallmark (msigdbr 26.1.0)	Tnfaip6
HALLMARK_INFLAMMATORY_RESPONSE	exploratory	MSigDB_Hallmark (msigdbr 26.1.0)	Tnfrsf1b
HALLMARK_INFLAMMATORY_RESPONSE	exploratory	MSigDB_Hallmark (msigdbr 26.1.0)	Tnfrsf9
HALLMARK_INFLAMMATORY_RESPONSE	exploratory	MSigDB_Hallmark (msigdbr 26.1.0)	Tnfsf10
HALLMARK_INFLAMMATORY_RESPONSE	exploratory	MSigDB_Hallmark (msigdbr 26.1.0)	Tnfsf15
HALLMARK_INFLAMMATORY_RESPONSE	exploratory	MSigDB_Hallmark (msigdbr 26.1.0)	Tnfsf9
HALLMARK_INFLAMMATORY_RESPONSE	exploratory	MSigDB_Hallmark (msigdbr 26.1.0)	Tpbg
HALLMARK_INFLAMMATORY_RESPONSE	exploratory	MSigDB_Hallmark (msigdbr 26.1.0)	Vip
HALLMARK_INTERFERON_ALPHA_RESPONSE	exploratory	MSigDB_Hallmark (msigdbr 26.1.0)	Adar
HALLMARK_INTERFERON_ALPHA_RESPONSE	exploratory	MSigDB_Hallmark (msigdbr 26.1.0)	B2m
HALLMARK_INTERFERON_ALPHA_RESPONSE	exploratory	MSigDB_Hallmark (msigdbr 26.1.0)	Batf2
HALLMARK_INTERFERON_ALPHA_RESPONSE	exploratory	MSigDB_Hallmark (msigdbr 26.1.0)	Bst2
HALLMARK_INTERFERON_ALPHA_RESPONSE	exploratory	MSigDB_Hallmark (msigdbr 26.1.0)	C1s1
HALLMARK_INTERFERON_ALPHA_RESPONSE	exploratory	MSigDB_Hallmark (msigdbr 26.1.0)	Casp1
HALLMARK_INTERFERON_ALPHA_RESPONSE	exploratory	MSigDB_Hallmark (msigdbr 26.1.0)	Casp8
HALLMARK_INTERFERON_ALPHA_RESPONSE	exploratory	MSigDB_Hallmark (msigdbr 26.1.0)	Ccrl2
HALLMARK_INTERFERON_ALPHA_RESPONSE	exploratory	MSigDB_Hallmark (msigdbr 26.1.0)	Cd47
HALLMARK_INTERFERON_ALPHA_RESPONSE	exploratory	MSigDB_Hallmark (msigdbr 26.1.0)	Cd74
HALLMARK_INTERFERON_ALPHA_RESPONSE	exploratory	MSigDB_Hallmark (msigdbr 26.1.0)	Cmpk2
HALLMARK_INTERFERON_ALPHA_RESPONSE	exploratory	MSigDB_Hallmark (msigdbr 26.1.0)	Cmtr1
HALLMARK_INTERFERON_ALPHA_RESPONSE	exploratory	MSigDB_Hallmark (msigdbr 26.1.0)	Cnp
HALLMARK_INTERFERON_ALPHA_RESPONSE	exploratory	MSigDB_Hallmark (msigdbr 26.1.0)	Csf1
HALLMARK_INTERFERON_ALPHA_RESPONSE	exploratory	MSigDB_Hallmark (msigdbr 26.1.0)	Cxcl10
HALLMARK_INTERFERON_ALPHA_RESPONSE	exploratory	MSigDB_Hallmark (msigdbr 26.1.0)	Cxcl11
HALLMARK_INTERFERON_ALPHA_RESPONSE	exploratory	MSigDB_Hallmark (msigdbr 26.1.0)	Ddx60
HALLMARK_INTERFERON_ALPHA_RESPONSE	exploratory	MSigDB_Hallmark (msigdbr 26.1.0)	Dhx58
HALLMARK_INTERFERON_ALPHA_RESPONSE	exploratory	MSigDB_Hallmark (msigdbr 26.1.0)	Eif2ak2
HALLMARK_INTERFERON_ALPHA_RESPONSE	exploratory	MSigDB_Hallmark (msigdbr 26.1.0)	Elf1
HALLMARK_INTERFERON_ALPHA_RESPONSE	exploratory	MSigDB_Hallmark (msigdbr 26.1.0)	Epsti1
HALLMARK_INTERFERON_ALPHA_RESPONSE	exploratory	MSigDB_Hallmark (msigdbr 26.1.0)	Gbp2
HALLMARK_INTERFERON_ALPHA_RESPONSE	exploratory	MSigDB_Hallmark (msigdbr 26.1.0)	Gbp3
HALLMARK_INTERFERON_ALPHA_RESPONSE	exploratory	MSigDB_Hallmark (msigdbr 26.1.0)	Gmpr
HALLMARK_INTERFERON_ALPHA_RESPONSE	exploratory	MSigDB_Hallmark (msigdbr 26.1.0)	Helz2
HALLMARK_INTERFERON_ALPHA_RESPONSE	exploratory	MSigDB_Hallmark (msigdbr 26.1.0)	Herc6
HALLMARK_INTERFERON_ALPHA_RESPONSE	exploratory	MSigDB_Hallmark (msigdbr 26.1.0)	H2-Q10
HALLMARK_INTERFERON_ALPHA_RESPONSE	exploratory	MSigDB_Hallmark (msigdbr 26.1.0)	H2-Q7
HALLMARK_INTERFERON_ALPHA_RESPONSE	exploratory	MSigDB_Hallmark (msigdbr 26.1.0)	Ifi27
HALLMARK_INTERFERON_ALPHA_RESPONSE	exploratory	MSigDB_Hallmark (msigdbr 26.1.0)	Ifi27l2b
HALLMARK_INTERFERON_ALPHA_RESPONSE	exploratory	MSigDB_Hallmark (msigdbr 26.1.0)	Ifi30
HALLMARK_INTERFERON_ALPHA_RESPONSE	exploratory	MSigDB_Hallmark (msigdbr 26.1.0)	Ifi35
HALLMARK_INTERFERON_ALPHA_RESPONSE	exploratory	MSigDB_Hallmark (msigdbr 26.1.0)	Ifi44
HALLMARK_INTERFERON_ALPHA_RESPONSE	exploratory	MSigDB_Hallmark (msigdbr 26.1.0)	Ifi44l
HALLMARK_INTERFERON_ALPHA_RESPONSE	exploratory	MSigDB_Hallmark (msigdbr 26.1.0)	Ifih1
HALLMARK_INTERFERON_ALPHA_RESPONSE	exploratory	MSigDB_Hallmark (msigdbr 26.1.0)	Ifit2
HALLMARK_INTERFERON_ALPHA_RESPONSE	exploratory	MSigDB_Hallmark (msigdbr 26.1.0)	Ifit3
HALLMARK_INTERFERON_ALPHA_RESPONSE	exploratory	MSigDB_Hallmark (msigdbr 26.1.0)	Ifitm1
HALLMARK_INTERFERON_ALPHA_RESPONSE	exploratory	MSigDB_Hallmark (msigdbr 26.1.0)	Ifitm2
HALLMARK_INTERFERON_ALPHA_RESPONSE	exploratory	MSigDB_Hallmark (msigdbr 26.1.0)	Ifitm3
HALLMARK_INTERFERON_ALPHA_RESPONSE	exploratory	MSigDB_Hallmark (msigdbr 26.1.0)	Il15
HALLMARK_INTERFERON_ALPHA_RESPONSE	exploratory	MSigDB_Hallmark (msigdbr 26.1.0)	Il4ra
HALLMARK_INTERFERON_ALPHA_RESPONSE	exploratory	MSigDB_Hallmark (msigdbr 26.1.0)	Il7
HALLMARK_INTERFERON_ALPHA_RESPONSE	exploratory	MSigDB_Hallmark (msigdbr 26.1.0)	Irf1
HALLMARK_INTERFERON_ALPHA_RESPONSE	exploratory	MSigDB_Hallmark (msigdbr 26.1.0)	Irf2
HALLMARK_INTERFERON_ALPHA_RESPONSE	exploratory	MSigDB_Hallmark (msigdbr 26.1.0)	Irf7
HALLMARK_INTERFERON_ALPHA_RESPONSE	exploratory	MSigDB_Hallmark (msigdbr 26.1.0)	Irf9
HALLMARK_INTERFERON_ALPHA_RESPONSE	exploratory	MSigDB_Hallmark (msigdbr 26.1.0)	Isg15
HALLMARK_INTERFERON_ALPHA_RESPONSE	exploratory	MSigDB_Hallmark (msigdbr 26.1.0)	Isg20
HALLMARK_INTERFERON_ALPHA_RESPONSE	exploratory	MSigDB_Hallmark (msigdbr 26.1.0)	Lamp3
HALLMARK_INTERFERON_ALPHA_RESPONSE	exploratory	MSigDB_Hallmark (msigdbr 26.1.0)	Lap3
HALLMARK_INTERFERON_ALPHA_RESPONSE	exploratory	MSigDB_Hallmark (msigdbr 26.1.0)	Lgals3bp
HALLMARK_INTERFERON_ALPHA_RESPONSE	exploratory	MSigDB_Hallmark (msigdbr 26.1.0)	Lpar6
HALLMARK_INTERFERON_ALPHA_RESPONSE	exploratory	MSigDB_Hallmark (msigdbr 26.1.0)	Ly6e
HALLMARK_INTERFERON_ALPHA_RESPONSE	exploratory	MSigDB_Hallmark (msigdbr 26.1.0)	Mov10
HALLMARK_INTERFERON_ALPHA_RESPONSE	exploratory	MSigDB_Hallmark (msigdbr 26.1.0)	Mvb12a
HALLMARK_INTERFERON_ALPHA_RESPONSE	exploratory	MSigDB_Hallmark (msigdbr 26.1.0)	Mx2
HALLMARK_INTERFERON_ALPHA_RESPONSE	exploratory	MSigDB_Hallmark (msigdbr 26.1.0)	Ncoa7
HALLMARK_INTERFERON_ALPHA_RESPONSE	exploratory	MSigDB_Hallmark (msigdbr 26.1.0)	Nmi
HALLMARK_INTERFERON_ALPHA_RESPONSE	exploratory	MSigDB_Hallmark (msigdbr 26.1.0)	Nub1
HALLMARK_INTERFERON_ALPHA_RESPONSE	exploratory	MSigDB_Hallmark (msigdbr 26.1.0)	Oas1a
HALLMARK_INTERFERON_ALPHA_RESPONSE	exploratory	MSigDB_Hallmark (msigdbr 26.1.0)	Oas1g
HALLMARK_INTERFERON_ALPHA_RESPONSE	exploratory	MSigDB_Hallmark (msigdbr 26.1.0)	Oasl1
HALLMARK_INTERFERON_ALPHA_RESPONSE	exploratory	MSigDB_Hallmark (msigdbr 26.1.0)	Ogfr
HALLMARK_INTERFERON_ALPHA_RESPONSE	exploratory	MSigDB_Hallmark (msigdbr 26.1.0)	Parp12
HALLMARK_INTERFERON_ALPHA_RESPONSE	exploratory	MSigDB_Hallmark (msigdbr 26.1.0)	Parp14
HALLMARK_INTERFERON_ALPHA_RESPONSE	exploratory	MSigDB_Hallmark (msigdbr 26.1.0)	Parp9
HALLMARK_INTERFERON_ALPHA_RESPONSE	exploratory	MSigDB_Hallmark (msigdbr 26.1.0)	Plscr1
HALLMARK_INTERFERON_ALPHA_RESPONSE	exploratory	MSigDB_Hallmark (msigdbr 26.1.0)	Pnpt1
HALLMARK_INTERFERON_ALPHA_RESPONSE	exploratory	MSigDB_Hallmark (msigdbr 26.1.0)	Procr
HALLMARK_INTERFERON_ALPHA_RESPONSE	exploratory	MSigDB_Hallmark (msigdbr 26.1.0)	Psma3
HALLMARK_INTERFERON_ALPHA_RESPONSE	exploratory	MSigDB_Hallmark (msigdbr 26.1.0)	Psmb8
HALLMARK_INTERFERON_ALPHA_RESPONSE	exploratory	MSigDB_Hallmark (msigdbr 26.1.0)	Psmb9
HALLMARK_INTERFERON_ALPHA_RESPONSE	exploratory	MSigDB_Hallmark (msigdbr 26.1.0)	Psme1
HALLMARK_INTERFERON_ALPHA_RESPONSE	exploratory	MSigDB_Hallmark (msigdbr 26.1.0)	Psme2
HALLMARK_INTERFERON_ALPHA_RESPONSE	exploratory	MSigDB_Hallmark (msigdbr 26.1.0)	Ripk2
HALLMARK_INTERFERON_ALPHA_RESPONSE	exploratory	MSigDB_Hallmark (msigdbr 26.1.0)	Rnf31
HALLMARK_INTERFERON_ALPHA_RESPONSE	exploratory	MSigDB_Hallmark (msigdbr 26.1.0)	Rsad2
HALLMARK_INTERFERON_ALPHA_RESPONSE	exploratory	MSigDB_Hallmark (msigdbr 26.1.0)	Rtp4
HALLMARK_INTERFERON_ALPHA_RESPONSE	exploratory	MSigDB_Hallmark (msigdbr 26.1.0)	Samd9l
HALLMARK_INTERFERON_ALPHA_RESPONSE	exploratory	MSigDB_Hallmark (msigdbr 26.1.0)	Sell
HALLMARK_INTERFERON_ALPHA_RESPONSE	exploratory	MSigDB_Hallmark (msigdbr 26.1.0)	Slc25a28
HALLMARK_INTERFERON_ALPHA_RESPONSE	exploratory	MSigDB_Hallmark (msigdbr 26.1.0)	Sp110
HALLMARK_INTERFERON_ALPHA_RESPONSE	exploratory	MSigDB_Hallmark (msigdbr 26.1.0)	Stat2
HALLMARK_INTERFERON_ALPHA_RESPONSE	exploratory	MSigDB_Hallmark (msigdbr 26.1.0)	Tap1
HALLMARK_INTERFERON_ALPHA_RESPONSE	exploratory	MSigDB_Hallmark (msigdbr 26.1.0)	Tdrd7
HALLMARK_INTERFERON_ALPHA_RESPONSE	exploratory	MSigDB_Hallmark (msigdbr 26.1.0)	Tent5a
HALLMARK_INTERFERON_ALPHA_RESPONSE	exploratory	MSigDB_Hallmark (msigdbr 26.1.0)	Tmem140
HALLMARK_INTERFERON_ALPHA_RESPONSE	exploratory	MSigDB_Hallmark (msigdbr 26.1.0)	Trafd1
HALLMARK_INTERFERON_ALPHA_RESPONSE	exploratory	MSigDB_Hallmark (msigdbr 26.1.0)	Trim14
HALLMARK_INTERFERON_ALPHA_RESPONSE	exploratory	MSigDB_Hallmark (msigdbr 26.1.0)	Trim21
HALLMARK_INTERFERON_ALPHA_RESPONSE	exploratory	MSigDB_Hallmark (msigdbr 26.1.0)	Trim25
HALLMARK_INTERFERON_ALPHA_RESPONSE	exploratory	MSigDB_Hallmark (msigdbr 26.1.0)	Trim26
HALLMARK_INTERFERON_ALPHA_RESPONSE	exploratory	MSigDB_Hallmark (msigdbr 26.1.0)	Trim12c
HALLMARK_INTERFERON_ALPHA_RESPONSE	exploratory	MSigDB_Hallmark (msigdbr 26.1.0)	Trim5
HALLMARK_INTERFERON_ALPHA_RESPONSE	exploratory	MSigDB_Hallmark (msigdbr 26.1.0)	Txnip
HALLMARK_INTERFERON_ALPHA_RESPONSE	exploratory	MSigDB_Hallmark (msigdbr 26.1.0)	Uba7
HALLMARK_INTERFERON_ALPHA_RESPONSE	exploratory	MSigDB_Hallmark (msigdbr 26.1.0)	Ube2l6
HALLMARK_INTERFERON_ALPHA_RESPONSE	exploratory	MSigDB_Hallmark (msigdbr 26.1.0)	Usp18
HALLMARK_INTERFERON_ALPHA_RESPONSE	exploratory	MSigDB_Hallmark (msigdbr 26.1.0)	Wars1
HALLMARK_INTERFERON_GAMMA_RESPONSE	exploratory	MSigDB_Hallmark (msigdbr 26.1.0)	Adar
HALLMARK_INTERFERON_GAMMA_RESPONSE	exploratory	MSigDB_Hallmark (msigdbr 26.1.0)	Apol6
HALLMARK_INTERFERON_GAMMA_RESPONSE	exploratory	MSigDB_Hallmark (msigdbr 26.1.0)	Arid5b
HALLMARK_INTERFERON_GAMMA_RESPONSE	exploratory	MSigDB_Hallmark (msigdbr 26.1.0)	Arl4a
HALLMARK_INTERFERON_GAMMA_RESPONSE	exploratory	MSigDB_Hallmark (msigdbr 26.1.0)	Auts2
HALLMARK_INTERFERON_GAMMA_RESPONSE	exploratory	MSigDB_Hallmark (msigdbr 26.1.0)	B2m
HALLMARK_INTERFERON_GAMMA_RESPONSE	exploratory	MSigDB_Hallmark (msigdbr 26.1.0)	Bank1
HALLMARK_INTERFERON_GAMMA_RESPONSE	exploratory	MSigDB_Hallmark (msigdbr 26.1.0)	Batf2
HALLMARK_INTERFERON_GAMMA_RESPONSE	exploratory	MSigDB_Hallmark (msigdbr 26.1.0)	Bpgm
HALLMARK_INTERFERON_GAMMA_RESPONSE	exploratory	MSigDB_Hallmark (msigdbr 26.1.0)	Bst2
HALLMARK_INTERFERON_GAMMA_RESPONSE	exploratory	MSigDB_Hallmark (msigdbr 26.1.0)	Btg1
HALLMARK_INTERFERON_GAMMA_RESPONSE	exploratory	MSigDB_Hallmark (msigdbr 26.1.0)	C1rb
HALLMARK_INTERFERON_GAMMA_RESPONSE	exploratory	MSigDB_Hallmark (msigdbr 26.1.0)	C1s1
HALLMARK_INTERFERON_GAMMA_RESPONSE	exploratory	MSigDB_Hallmark (msigdbr 26.1.0)	Casp1
HALLMARK_INTERFERON_GAMMA_RESPONSE	exploratory	MSigDB_Hallmark (msigdbr 26.1.0)	Casp3
HALLMARK_INTERFERON_GAMMA_RESPONSE	exploratory	MSigDB_Hallmark (msigdbr 26.1.0)	Casp4
HALLMARK_INTERFERON_GAMMA_RESPONSE	exploratory	MSigDB_Hallmark (msigdbr 26.1.0)	Casp7
HALLMARK_INTERFERON_GAMMA_RESPONSE	exploratory	MSigDB_Hallmark (msigdbr 26.1.0)	Casp8
HALLMARK_INTERFERON_GAMMA_RESPONSE	exploratory	MSigDB_Hallmark (msigdbr 26.1.0)	Ccl2
HALLMARK_INTERFERON_GAMMA_RESPONSE	exploratory	MSigDB_Hallmark (msigdbr 26.1.0)	Ccl5
HALLMARK_INTERFERON_GAMMA_RESPONSE	exploratory	MSigDB_Hallmark (msigdbr 26.1.0)	Ccl7
HALLMARK_INTERFERON_GAMMA_RESPONSE	exploratory	MSigDB_Hallmark (msigdbr 26.1.0)	Cd274
HALLMARK_INTERFERON_GAMMA_RESPONSE	exploratory	MSigDB_Hallmark (msigdbr 26.1.0)	Cd38
HALLMARK_INTERFERON_GAMMA_RESPONSE	exploratory	MSigDB_Hallmark (msigdbr 26.1.0)	Cd40
HALLMARK_INTERFERON_GAMMA_RESPONSE	exploratory	MSigDB_Hallmark (msigdbr 26.1.0)	Cd69
HALLMARK_INTERFERON_GAMMA_RESPONSE	exploratory	MSigDB_Hallmark (msigdbr 26.1.0)	Cd74
HALLMARK_INTERFERON_GAMMA_RESPONSE	exploratory	MSigDB_Hallmark (msigdbr 26.1.0)	Cd86
HALLMARK_INTERFERON_GAMMA_RESPONSE	exploratory	MSigDB_Hallmark (msigdbr 26.1.0)	Cdkn1a
HALLMARK_INTERFERON_GAMMA_RESPONSE	exploratory	MSigDB_Hallmark (msigdbr 26.1.0)	Cfb
HALLMARK_INTERFERON_GAMMA_RESPONSE	exploratory	MSigDB_Hallmark (msigdbr 26.1.0)	Cfh
HALLMARK_INTERFERON_GAMMA_RESPONSE	exploratory	MSigDB_Hallmark (msigdbr 26.1.0)	Ciita
HALLMARK_INTERFERON_GAMMA_RESPONSE	exploratory	MSigDB_Hallmark (msigdbr 26.1.0)	Cmklr1
HALLMARK_INTERFERON_GAMMA_RESPONSE	exploratory	MSigDB_Hallmark (msigdbr 26.1.0)	Cmpk2
HALLMARK_INTERFERON_GAMMA_RESPONSE	exploratory	MSigDB_Hallmark (msigdbr 26.1.0)	Cmtr1
HALLMARK_INTERFERON_GAMMA_RESPONSE	exploratory	MSigDB_Hallmark (msigdbr 26.1.0)	Csf2rb2
HALLMARK_INTERFERON_GAMMA_RESPONSE	exploratory	MSigDB_Hallmark (msigdbr 26.1.0)	Cxcl10
HALLMARK_INTERFERON_GAMMA_RESPONSE	exploratory	MSigDB_Hallmark (msigdbr 26.1.0)	Cxcl11
HALLMARK_INTERFERON_GAMMA_RESPONSE	exploratory	MSigDB_Hallmark (msigdbr 26.1.0)	Cxcl9
HALLMARK_INTERFERON_GAMMA_RESPONSE	exploratory	MSigDB_Hallmark (msigdbr 26.1.0)	Ddx60
HALLMARK_INTERFERON_GAMMA_RESPONSE	exploratory	MSigDB_Hallmark (msigdbr 26.1.0)	Dhx58
HALLMARK_INTERFERON_GAMMA_RESPONSE	exploratory	MSigDB_Hallmark (msigdbr 26.1.0)	Eif2ak2
HALLMARK_INTERFERON_GAMMA_RESPONSE	exploratory	MSigDB_Hallmark (msigdbr 26.1.0)	Eif4e3
HALLMARK_INTERFERON_GAMMA_RESPONSE	exploratory	MSigDB_Hallmark (msigdbr 26.1.0)	Epsti1
HALLMARK_INTERFERON_GAMMA_RESPONSE	exploratory	MSigDB_Hallmark (msigdbr 26.1.0)	Fas
HALLMARK_INTERFERON_GAMMA_RESPONSE	exploratory	MSigDB_Hallmark (msigdbr 26.1.0)	Fcgr1
HALLMARK_INTERFERON_GAMMA_RESPONSE	exploratory	MSigDB_Hallmark (msigdbr 26.1.0)	Fgl2
HALLMARK_INTERFERON_GAMMA_RESPONSE	exploratory	MSigDB_Hallmark (msigdbr 26.1.0)	Fpr1
HALLMARK_INTERFERON_GAMMA_RESPONSE	exploratory	MSigDB_Hallmark (msigdbr 26.1.0)	Gbp3
HALLMARK_INTERFERON_GAMMA_RESPONSE	exploratory	MSigDB_Hallmark (msigdbr 26.1.0)	Gbp10
HALLMARK_INTERFERON_GAMMA_RESPONSE	exploratory	MSigDB_Hallmark (msigdbr 26.1.0)	Gbp4
HALLMARK_INTERFERON_GAMMA_RESPONSE	exploratory	MSigDB_Hallmark (msigdbr 26.1.0)	Gbp8
HALLMARK_INTERFERON_GAMMA_RESPONSE	exploratory	MSigDB_Hallmark (msigdbr 26.1.0)	Gbp9
HALLMARK_INTERFERON_GAMMA_RESPONSE	exploratory	MSigDB_Hallmark (msigdbr 26.1.0)	Gch1
HALLMARK_INTERFERON_GAMMA_RESPONSE	exploratory	MSigDB_Hallmark (msigdbr 26.1.0)	Gpr18
HALLMARK_INTERFERON_GAMMA_RESPONSE	exploratory	MSigDB_Hallmark (msigdbr 26.1.0)	Gzma
HALLMARK_INTERFERON_GAMMA_RESPONSE	exploratory	MSigDB_Hallmark (msigdbr 26.1.0)	Helz2
HALLMARK_INTERFERON_GAMMA_RESPONSE	exploratory	MSigDB_Hallmark (msigdbr 26.1.0)	Herc6
HALLMARK_INTERFERON_GAMMA_RESPONSE	exploratory	MSigDB_Hallmark (msigdbr 26.1.0)	Hif1a
HALLMARK_INTERFERON_GAMMA_RESPONSE	exploratory	MSigDB_Hallmark (msigdbr 26.1.0)	H2-Q10
HALLMARK_INTERFERON_GAMMA_RESPONSE	exploratory	MSigDB_Hallmark (msigdbr 26.1.0)	H2-Q7
HALLMARK_INTERFERON_GAMMA_RESPONSE	exploratory	MSigDB_Hallmark (msigdbr 26.1.0)	Gm8909
HALLMARK_INTERFERON_GAMMA_RESPONSE	exploratory	MSigDB_Hallmark (msigdbr 26.1.0)	H2-D1
HALLMARK_INTERFERON_GAMMA_RESPONSE	exploratory	MSigDB_Hallmark (msigdbr 26.1.0)	H2-M2
HALLMARK_INTERFERON_GAMMA_RESPONSE	exploratory	MSigDB_Hallmark (msigdbr 26.1.0)	H2-DMa
HALLMARK_INTERFERON_GAMMA_RESPONSE	exploratory	MSigDB_Hallmark (msigdbr 26.1.0)	H2-Aa
HALLMARK_INTERFERON_GAMMA_RESPONSE	exploratory	MSigDB_Hallmark (msigdbr 26.1.0)	H2-Eb1
HALLMARK_INTERFERON_GAMMA_RESPONSE	exploratory	MSigDB_Hallmark (msigdbr 26.1.0)	H2-M3
HALLMARK_INTERFERON_GAMMA_RESPONSE	exploratory	MSigDB_Hallmark (msigdbr 26.1.0)	Icam1
HALLMARK_INTERFERON_GAMMA_RESPONSE	exploratory	MSigDB_Hallmark (msigdbr 26.1.0)	Ido1
HALLMARK_INTERFERON_GAMMA_RESPONSE	exploratory	MSigDB_Hallmark (msigdbr 26.1.0)	Ifi27
HALLMARK_INTERFERON_GAMMA_RESPONSE	exploratory	MSigDB_Hallmark (msigdbr 26.1.0)	Ifi27l2b
HALLMARK_INTERFERON_GAMMA_RESPONSE	exploratory	MSigDB_Hallmark (msigdbr 26.1.0)	Ifi30
HALLMARK_INTERFERON_GAMMA_RESPONSE	exploratory	MSigDB_Hallmark (msigdbr 26.1.0)	Ifi35
HALLMARK_INTERFERON_GAMMA_RESPONSE	exploratory	MSigDB_Hallmark (msigdbr 26.1.0)	Ifi44
HALLMARK_INTERFERON_GAMMA_RESPONSE	exploratory	MSigDB_Hallmark (msigdbr 26.1.0)	Ifi44l
HALLMARK_INTERFERON_GAMMA_RESPONSE	exploratory	MSigDB_Hallmark (msigdbr 26.1.0)	Ifih1
HALLMARK_INTERFERON_GAMMA_RESPONSE	exploratory	MSigDB_Hallmark (msigdbr 26.1.0)	Ifit1bl1
HALLMARK_INTERFERON_GAMMA_RESPONSE	exploratory	MSigDB_Hallmark (msigdbr 26.1.0)	Ifit2
HALLMARK_INTERFERON_GAMMA_RESPONSE	exploratory	MSigDB_Hallmark (msigdbr 26.1.0)	Ifit3
HALLMARK_INTERFERON_GAMMA_RESPONSE	exploratory	MSigDB_Hallmark (msigdbr 26.1.0)	Ifitm2
HALLMARK_INTERFERON_GAMMA_RESPONSE	exploratory	MSigDB_Hallmark (msigdbr 26.1.0)	Ifitm3
HALLMARK_INTERFERON_GAMMA_RESPONSE	exploratory	MSigDB_Hallmark (msigdbr 26.1.0)	Ifnar2
HALLMARK_INTERFERON_GAMMA_RESPONSE	exploratory	MSigDB_Hallmark (msigdbr 26.1.0)	Il10ra
HALLMARK_INTERFERON_GAMMA_RESPONSE	exploratory	MSigDB_Hallmark (msigdbr 26.1.0)	Il15
HALLMARK_INTERFERON_GAMMA_RESPONSE	exploratory	MSigDB_Hallmark (msigdbr 26.1.0)	Il15ra
HALLMARK_INTERFERON_GAMMA_RESPONSE	exploratory	MSigDB_Hallmark (msigdbr 26.1.0)	Il18bp
HALLMARK_INTERFERON_GAMMA_RESPONSE	exploratory	MSigDB_Hallmark (msigdbr 26.1.0)	Il2rb
HALLMARK_INTERFERON_GAMMA_RESPONSE	exploratory	MSigDB_Hallmark (msigdbr 26.1.0)	Il4ra
HALLMARK_INTERFERON_GAMMA_RESPONSE	exploratory	MSigDB_Hallmark (msigdbr 26.1.0)	Il6
HALLMARK_INTERFERON_GAMMA_RESPONSE	exploratory	MSigDB_Hallmark (msigdbr 26.1.0)	Il7
HALLMARK_INTERFERON_GAMMA_RESPONSE	exploratory	MSigDB_Hallmark (msigdbr 26.1.0)	Irf1
HALLMARK_INTERFERON_GAMMA_RESPONSE	exploratory	MSigDB_Hallmark (msigdbr 26.1.0)	Irf2
HALLMARK_INTERFERON_GAMMA_RESPONSE	exploratory	MSigDB_Hallmark (msigdbr 26.1.0)	Irf4
HALLMARK_INTERFERON_GAMMA_RESPONSE	exploratory	MSigDB_Hallmark (msigdbr 26.1.0)	Irf5
HALLMARK_INTERFERON_GAMMA_RESPONSE	exploratory	MSigDB_Hallmark (msigdbr 26.1.0)	Irf7
HALLMARK_INTERFERON_GAMMA_RESPONSE	exploratory	MSigDB_Hallmark (msigdbr 26.1.0)	Irf8
HALLMARK_INTERFERON_GAMMA_RESPONSE	exploratory	MSigDB_Hallmark (msigdbr 26.1.0)	Irf9
HALLMARK_INTERFERON_GAMMA_RESPONSE	exploratory	MSigDB_Hallmark (msigdbr 26.1.0)	Isg15
HALLMARK_INTERFERON_GAMMA_RESPONSE	exploratory	MSigDB_Hallmark (msigdbr 26.1.0)	Isg20
HALLMARK_INTERFERON_GAMMA_RESPONSE	exploratory	MSigDB_Hallmark (msigdbr 26.1.0)	Isoc1
HALLMARK_INTERFERON_GAMMA_RESPONSE	exploratory	MSigDB_Hallmark (msigdbr 26.1.0)	Itgb7
HALLMARK_INTERFERON_GAMMA_RESPONSE	exploratory	MSigDB_Hallmark (msigdbr 26.1.0)	Jak2
HALLMARK_INTERFERON_GAMMA_RESPONSE	exploratory	MSigDB_Hallmark (msigdbr 26.1.0)	Klrk1
HALLMARK_INTERFERON_GAMMA_RESPONSE	exploratory	MSigDB_Hallmark (msigdbr 26.1.0)	Lap3
HALLMARK_INTERFERON_GAMMA_RESPONSE	exploratory	MSigDB_Hallmark (msigdbr 26.1.0)	Lats2
HALLMARK_INTERFERON_GAMMA_RESPONSE	exploratory	MSigDB_Hallmark (msigdbr 26.1.0)	Lcp2
HALLMARK_INTERFERON_GAMMA_RESPONSE	exploratory	MSigDB_Hallmark (msigdbr 26.1.0)	Lgals3bp
HALLMARK_INTERFERON_GAMMA_RESPONSE	exploratory	MSigDB_Hallmark (msigdbr 26.1.0)	Ly6e
HALLMARK_INTERFERON_GAMMA_RESPONSE	exploratory	MSigDB_Hallmark (msigdbr 26.1.0)	Lysmd2
HALLMARK_INTERFERON_GAMMA_RESPONSE	exploratory	MSigDB_Hallmark (msigdbr 26.1.0)	Marchf1
HALLMARK_INTERFERON_GAMMA_RESPONSE	exploratory	MSigDB_Hallmark (msigdbr 26.1.0)	Mt2
HALLMARK_INTERFERON_GAMMA_RESPONSE	exploratory	MSigDB_Hallmark (msigdbr 26.1.0)	Mthfd2
HALLMARK_INTERFERON_GAMMA_RESPONSE	exploratory	MSigDB_Hallmark (msigdbr 26.1.0)	Mvp
HALLMARK_INTERFERON_GAMMA_RESPONSE	exploratory	MSigDB_Hallmark (msigdbr 26.1.0)	Mx2
HALLMARK_INTERFERON_GAMMA_RESPONSE	exploratory	MSigDB_Hallmark (msigdbr 26.1.0)	Myd88
HALLMARK_INTERFERON_GAMMA_RESPONSE	exploratory	MSigDB_Hallmark (msigdbr 26.1.0)	Nampt
HALLMARK_INTERFERON_GAMMA_RESPONSE	exploratory	MSigDB_Hallmark (msigdbr 26.1.0)	Ncoa3
HALLMARK_INTERFERON_GAMMA_RESPONSE	exploratory	MSigDB_Hallmark (msigdbr 26.1.0)	Nfkb1
HALLMARK_INTERFERON_GAMMA_RESPONSE	exploratory	MSigDB_Hallmark (msigdbr 26.1.0)	Nfkbia
HALLMARK_INTERFERON_GAMMA_RESPONSE	exploratory	MSigDB_Hallmark (msigdbr 26.1.0)	Nlrc5
HALLMARK_INTERFERON_GAMMA_RESPONSE	exploratory	MSigDB_Hallmark (msigdbr 26.1.0)	Nmi
HALLMARK_INTERFERON_GAMMA_RESPONSE	exploratory	MSigDB_Hallmark (msigdbr 26.1.0)	Nod1
HALLMARK_INTERFERON_GAMMA_RESPONSE	exploratory	MSigDB_Hallmark (msigdbr 26.1.0)	Nup93
HALLMARK_INTERFERON_GAMMA_RESPONSE	exploratory	MSigDB_Hallmark (msigdbr 26.1.0)	Oas2
HALLMARK_INTERFERON_GAMMA_RESPONSE	exploratory	MSigDB_Hallmark (msigdbr 26.1.0)	Oas3
HALLMARK_INTERFERON_GAMMA_RESPONSE	exploratory	MSigDB_Hallmark (msigdbr 26.1.0)	Oasl1
HALLMARK_INTERFERON_GAMMA_RESPONSE	exploratory	MSigDB_Hallmark (msigdbr 26.1.0)	Ogfr
HALLMARK_INTERFERON_GAMMA_RESPONSE	exploratory	MSigDB_Hallmark (msigdbr 26.1.0)	F630111L10Rik
HALLMARK_INTERFERON_GAMMA_RESPONSE	exploratory	MSigDB_Hallmark (msigdbr 26.1.0)	Parp12
HALLMARK_INTERFERON_GAMMA_RESPONSE	exploratory	MSigDB_Hallmark (msigdbr 26.1.0)	Parp14
HALLMARK_INTERFERON_GAMMA_RESPONSE	exploratory	MSigDB_Hallmark (msigdbr 26.1.0)	Pde4b
HALLMARK_INTERFERON_GAMMA_RESPONSE	exploratory	MSigDB_Hallmark (msigdbr 26.1.0)	Peli1
HALLMARK_INTERFERON_GAMMA_RESPONSE	exploratory	MSigDB_Hallmark (msigdbr 26.1.0)	Pfkp
HALLMARK_INTERFERON_GAMMA_RESPONSE	exploratory	MSigDB_Hallmark (msigdbr 26.1.0)	Pim1
HALLMARK_INTERFERON_GAMMA_RESPONSE	exploratory	MSigDB_Hallmark (msigdbr 26.1.0)	Pla2g4a
HALLMARK_INTERFERON_GAMMA_RESPONSE	exploratory	MSigDB_Hallmark (msigdbr 26.1.0)	Plscr1
HALLMARK_INTERFERON_GAMMA_RESPONSE	exploratory	MSigDB_Hallmark (msigdbr 26.1.0)	Pml
HALLMARK_INTERFERON_GAMMA_RESPONSE	exploratory	MSigDB_Hallmark (msigdbr 26.1.0)	Pnp2
HALLMARK_INTERFERON_GAMMA_RESPONSE	exploratory	MSigDB_Hallmark (msigdbr 26.1.0)	Pnpt1
HALLMARK_INTERFERON_GAMMA_RESPONSE	exploratory	MSigDB_Hallmark (msigdbr 26.1.0)	Psma2
HALLMARK_INTERFERON_GAMMA_RESPONSE	exploratory	MSigDB_Hallmark (msigdbr 26.1.0)	Psma3
HALLMARK_INTERFERON_GAMMA_RESPONSE	exploratory	MSigDB_Hallmark (msigdbr 26.1.0)	Psmb10
HALLMARK_INTERFERON_GAMMA_RESPONSE	exploratory	MSigDB_Hallmark (msigdbr 26.1.0)	Psmb2
HALLMARK_INTERFERON_GAMMA_RESPONSE	exploratory	MSigDB_Hallmark (msigdbr 26.1.0)	Psmb8
HALLMARK_INTERFERON_GAMMA_RESPONSE	exploratory	MSigDB_Hallmark (msigdbr 26.1.0)	Psmb9
HALLMARK_INTERFERON_GAMMA_RESPONSE	exploratory	MSigDB_Hallmark (msigdbr 26.1.0)	Psme1
HALLMARK_INTERFERON_GAMMA_RESPONSE	exploratory	MSigDB_Hallmark (msigdbr 26.1.0)	Psme2
HALLMARK_INTERFERON_GAMMA_RESPONSE	exploratory	MSigDB_Hallmark (msigdbr 26.1.0)	Ptgs2
HALLMARK_INTERFERON_GAMMA_RESPONSE	exploratory	MSigDB_Hallmark (msigdbr 26.1.0)	Ptpn1
HALLMARK_INTERFERON_GAMMA_RESPONSE	exploratory	MSigDB_Hallmark (msigdbr 26.1.0)	Ptpn2
HALLMARK_INTERFERON_GAMMA_RESPONSE	exploratory	MSigDB_Hallmark (msigdbr 26.1.0)	Ptpn6
HALLMARK_INTERFERON_GAMMA_RESPONSE	exploratory	MSigDB_Hallmark (msigdbr 26.1.0)	Rapgef6
HALLMARK_INTERFERON_GAMMA_RESPONSE	exploratory	MSigDB_Hallmark (msigdbr 26.1.0)	Rbck1
HALLMARK_INTERFERON_GAMMA_RESPONSE	exploratory	MSigDB_Hallmark (msigdbr 26.1.0)	Rigi
HALLMARK_INTERFERON_GAMMA_RESPONSE	exploratory	MSigDB_Hallmark (msigdbr 26.1.0)	Ripk1
HALLMARK_INTERFERON_GAMMA_RESPONSE	exploratory	MSigDB_Hallmark (msigdbr 26.1.0)	Ripk2
HALLMARK_INTERFERON_GAMMA_RESPONSE	exploratory	MSigDB_Hallmark (msigdbr 26.1.0)	Rnf213
HALLMARK_INTERFERON_GAMMA_RESPONSE	exploratory	MSigDB_Hallmark (msigdbr 26.1.0)	Rnf31
HALLMARK_INTERFERON_GAMMA_RESPONSE	exploratory	MSigDB_Hallmark (msigdbr 26.1.0)	Rsad2
HALLMARK_INTERFERON_GAMMA_RESPONSE	exploratory	MSigDB_Hallmark (msigdbr 26.1.0)	Rtp4
HALLMARK_INTERFERON_GAMMA_RESPONSE	exploratory	MSigDB_Hallmark (msigdbr 26.1.0)	Samd9l
HALLMARK_INTERFERON_GAMMA_RESPONSE	exploratory	MSigDB_Hallmark (msigdbr 26.1.0)	Samhd1
HALLMARK_INTERFERON_GAMMA_RESPONSE	exploratory	MSigDB_Hallmark (msigdbr 26.1.0)	Sectm1a
HALLMARK_INTERFERON_GAMMA_RESPONSE	exploratory	MSigDB_Hallmark (msigdbr 26.1.0)	Selp
HALLMARK_INTERFERON_GAMMA_RESPONSE	exploratory	MSigDB_Hallmark (msigdbr 26.1.0)	Serping1
HALLMARK_INTERFERON_GAMMA_RESPONSE	exploratory	MSigDB_Hallmark (msigdbr 26.1.0)	Slamf7
HALLMARK_INTERFERON_GAMMA_RESPONSE	exploratory	MSigDB_Hallmark (msigdbr 26.1.0)	Slc25a28
HALLMARK_INTERFERON_GAMMA_RESPONSE	exploratory	MSigDB_Hallmark (msigdbr 26.1.0)	Socs1
HALLMARK_INTERFERON_GAMMA_RESPONSE	exploratory	MSigDB_Hallmark (msigdbr 26.1.0)	Socs3
HALLMARK_INTERFERON_GAMMA_RESPONSE	exploratory	MSigDB_Hallmark (msigdbr 26.1.0)	Sp110
HALLMARK_INTERFERON_GAMMA_RESPONSE	exploratory	MSigDB_Hallmark (msigdbr 26.1.0)	Sppl2a
HALLMARK_INTERFERON_GAMMA_RESPONSE	exploratory	MSigDB_Hallmark (msigdbr 26.1.0)	Sri
HALLMARK_INTERFERON_GAMMA_RESPONSE	exploratory	MSigDB_Hallmark (msigdbr 26.1.0)	Sspn
HALLMARK_INTERFERON_GAMMA_RESPONSE	exploratory	MSigDB_Hallmark (msigdbr 26.1.0)	St3gal5
HALLMARK_INTERFERON_GAMMA_RESPONSE	exploratory	MSigDB_Hallmark (msigdbr 26.1.0)	St8sia4
HALLMARK_INTERFERON_GAMMA_RESPONSE	exploratory	MSigDB_Hallmark (msigdbr 26.1.0)	Stat1
HALLMARK_INTERFERON_GAMMA_RESPONSE	exploratory	MSigDB_Hallmark (msigdbr 26.1.0)	Stat2
HALLMARK_INTERFERON_GAMMA_RESPONSE	exploratory	MSigDB_Hallmark (msigdbr 26.1.0)	Stat3
HALLMARK_INTERFERON_GAMMA_RESPONSE	exploratory	MSigDB_Hallmark (msigdbr 26.1.0)	Stat4
HALLMARK_INTERFERON_GAMMA_RESPONSE	exploratory	MSigDB_Hallmark (msigdbr 26.1.0)	Tap1
HALLMARK_INTERFERON_GAMMA_RESPONSE	exploratory	MSigDB_Hallmark (msigdbr 26.1.0)	Tapbp
HALLMARK_INTERFERON_GAMMA_RESPONSE	exploratory	MSigDB_Hallmark (msigdbr 26.1.0)	Tdrd7
HALLMARK_INTERFERON_GAMMA_RESPONSE	exploratory	MSigDB_Hallmark (msigdbr 26.1.0)	Mettl7b
HALLMARK_INTERFERON_GAMMA_RESPONSE	exploratory	MSigDB_Hallmark (msigdbr 26.1.0)	Tnfaip2
HALLMARK_INTERFERON_GAMMA_RESPONSE	exploratory	MSigDB_Hallmark (msigdbr 26.1.0)	Tnfaip3
HALLMARK_INTERFERON_GAMMA_RESPONSE	exploratory	MSigDB_Hallmark (msigdbr 26.1.0)	Tnfaip6
HALLMARK_INTERFERON_GAMMA_RESPONSE	exploratory	MSigDB_Hallmark (msigdbr 26.1.0)	Tnfsf10
HALLMARK_INTERFERON_GAMMA_RESPONSE	exploratory	MSigDB_Hallmark (msigdbr 26.1.0)	Tor1b
HALLMARK_INTERFERON_GAMMA_RESPONSE	exploratory	MSigDB_Hallmark (msigdbr 26.1.0)	Trafd1
HALLMARK_INTERFERON_GAMMA_RESPONSE	exploratory	MSigDB_Hallmark (msigdbr 26.1.0)	Trim14
HALLMARK_INTERFERON_GAMMA_RESPONSE	exploratory	MSigDB_Hallmark (msigdbr 26.1.0)	Trim21
HALLMARK_INTERFERON_GAMMA_RESPONSE	exploratory	MSigDB_Hallmark (msigdbr 26.1.0)	Trim25
HALLMARK_INTERFERON_GAMMA_RESPONSE	exploratory	MSigDB_Hallmark (msigdbr 26.1.0)	Trim26
HALLMARK_INTERFERON_GAMMA_RESPONSE	exploratory	MSigDB_Hallmark (msigdbr 26.1.0)	Txnip
HALLMARK_INTERFERON_GAMMA_RESPONSE	exploratory	MSigDB_Hallmark (msigdbr 26.1.0)	Ube2l6
HALLMARK_INTERFERON_GAMMA_RESPONSE	exploratory	MSigDB_Hallmark (msigdbr 26.1.0)	Upp1
HALLMARK_INTERFERON_GAMMA_RESPONSE	exploratory	MSigDB_Hallmark (msigdbr 26.1.0)	Usp18
HALLMARK_INTERFERON_GAMMA_RESPONSE	exploratory	MSigDB_Hallmark (msigdbr 26.1.0)	Vamp5
HALLMARK_INTERFERON_GAMMA_RESPONSE	exploratory	MSigDB_Hallmark (msigdbr 26.1.0)	Vamp8
HALLMARK_INTERFERON_GAMMA_RESPONSE	exploratory	MSigDB_Hallmark (msigdbr 26.1.0)	Vcam1
HALLMARK_INTERFERON_GAMMA_RESPONSE	exploratory	MSigDB_Hallmark (msigdbr 26.1.0)	Wars1
HALLMARK_INTERFERON_GAMMA_RESPONSE	exploratory	MSigDB_Hallmark (msigdbr 26.1.0)	Xaf1
HALLMARK_INTERFERON_GAMMA_RESPONSE	exploratory	MSigDB_Hallmark (msigdbr 26.1.0)	Xcl1
HALLMARK_INTERFERON_GAMMA_RESPONSE	exploratory	MSigDB_Hallmark (msigdbr 26.1.0)	Zbp1
HALLMARK_INTERFERON_GAMMA_RESPONSE	exploratory	MSigDB_Hallmark (msigdbr 26.1.0)	Znfx1
HALLMARK_KRAS_SIGNALING_DN	exploratory	MSigDB_Hallmark (msigdbr 26.1.0)	Abcb11
HALLMARK_KRAS_SIGNALING_DN	exploratory	MSigDB_Hallmark (msigdbr 26.1.0)	Abcg4
HALLMARK_KRAS_SIGNALING_DN	exploratory	MSigDB_Hallmark (msigdbr 26.1.0)	Actc1
HALLMARK_KRAS_SIGNALING_DN	exploratory	MSigDB_Hallmark (msigdbr 26.1.0)	Adra2c
HALLMARK_KRAS_SIGNALING_DN	exploratory	MSigDB_Hallmark (msigdbr 26.1.0)	Akr1b8
HALLMARK_KRAS_SIGNALING_DN	exploratory	MSigDB_Hallmark (msigdbr 26.1.0)	Alox12b
HALLMARK_KRAS_SIGNALING_DN	exploratory	MSigDB_Hallmark (msigdbr 26.1.0)	Ambn
HALLMARK_KRAS_SIGNALING_DN	exploratory	MSigDB_Hallmark (msigdbr 26.1.0)	Arhgdig
HALLMARK_KRAS_SIGNALING_DN	exploratory	MSigDB_Hallmark (msigdbr 26.1.0)	Arpp21
HALLMARK_KRAS_SIGNALING_DN	exploratory	MSigDB_Hallmark (msigdbr 26.1.0)	Asb7
HALLMARK_KRAS_SIGNALING_DN	exploratory	MSigDB_Hallmark (msigdbr 26.1.0)	Atp4a
HALLMARK_KRAS_SIGNALING_DN	exploratory	MSigDB_Hallmark (msigdbr 26.1.0)	Atp6v1b1
HALLMARK_KRAS_SIGNALING_DN	exploratory	MSigDB_Hallmark (msigdbr 26.1.0)	Bard1
HALLMARK_KRAS_SIGNALING_DN	exploratory	MSigDB_Hallmark (msigdbr 26.1.0)	Bmpr1b
HALLMARK_KRAS_SIGNALING_DN	exploratory	MSigDB_Hallmark (msigdbr 26.1.0)	Brdt
HALLMARK_KRAS_SIGNALING_DN	exploratory	MSigDB_Hallmark (msigdbr 26.1.0)	Btg2
HALLMARK_KRAS_SIGNALING_DN	exploratory	MSigDB_Hallmark (msigdbr 26.1.0)	Hc
HALLMARK_KRAS_SIGNALING_DN	exploratory	MSigDB_Hallmark (msigdbr 26.1.0)	Cacna1f
HALLMARK_KRAS_SIGNALING_DN	exploratory	MSigDB_Hallmark (msigdbr 26.1.0)	Cacng1
HALLMARK_KRAS_SIGNALING_DN	exploratory	MSigDB_Hallmark (msigdbr 26.1.0)	Calcb
HALLMARK_KRAS_SIGNALING_DN	exploratory	MSigDB_Hallmark (msigdbr 26.1.0)	Calm4
HALLMARK_KRAS_SIGNALING_DN	exploratory	MSigDB_Hallmark (msigdbr 26.1.0)	Camk1d
HALLMARK_KRAS_SIGNALING_DN	exploratory	MSigDB_Hallmark (msigdbr 26.1.0)	Capn9
HALLMARK_KRAS_SIGNALING_DN	exploratory	MSigDB_Hallmark (msigdbr 26.1.0)	Ccdc106
HALLMARK_KRAS_SIGNALING_DN	exploratory	MSigDB_Hallmark (msigdbr 26.1.0)	Ccna1
HALLMARK_KRAS_SIGNALING_DN	exploratory	MSigDB_Hallmark (msigdbr 26.1.0)	Ccr8
HALLMARK_KRAS_SIGNALING_DN	exploratory	MSigDB_Hallmark (msigdbr 26.1.0)	Cd207
HALLMARK_KRAS_SIGNALING_DN	exploratory	MSigDB_Hallmark (msigdbr 26.1.0)	Cd40lg
HALLMARK_KRAS_SIGNALING_DN	exploratory	MSigDB_Hallmark (msigdbr 26.1.0)	Cd80
HALLMARK_KRAS_SIGNALING_DN	exploratory	MSigDB_Hallmark (msigdbr 26.1.0)	Cdh16
HALLMARK_KRAS_SIGNALING_DN	exploratory	MSigDB_Hallmark (msigdbr 26.1.0)	Cdkal1
HALLMARK_KRAS_SIGNALING_DN	exploratory	MSigDB_Hallmark (msigdbr 26.1.0)	Celsr2
HALLMARK_KRAS_SIGNALING_DN	exploratory	MSigDB_Hallmark (msigdbr 26.1.0)	Chrng
HALLMARK_KRAS_SIGNALING_DN	exploratory	MSigDB_Hallmark (msigdbr 26.1.0)	Chst2
HALLMARK_KRAS_SIGNALING_DN	exploratory	MSigDB_Hallmark (msigdbr 26.1.0)	Ckm
HALLMARK_KRAS_SIGNALING_DN	exploratory	MSigDB_Hallmark (msigdbr 26.1.0)	Cldn16
HALLMARK_KRAS_SIGNALING_DN	exploratory	MSigDB_Hallmark (msigdbr 26.1.0)	Cldn8
HALLMARK_KRAS_SIGNALING_DN	exploratory	MSigDB_Hallmark (msigdbr 26.1.0)	Clps
HALLMARK_KRAS_SIGNALING_DN	exploratory	MSigDB_Hallmark (msigdbr 26.1.0)	Clstn3
HALLMARK_KRAS_SIGNALING_DN	exploratory	MSigDB_Hallmark (msigdbr 26.1.0)	Cntfr
HALLMARK_KRAS_SIGNALING_DN	exploratory	MSigDB_Hallmark (msigdbr 26.1.0)	Col2a1
HALLMARK_KRAS_SIGNALING_DN	exploratory	MSigDB_Hallmark (msigdbr 26.1.0)	Copz2
HALLMARK_KRAS_SIGNALING_DN	exploratory	MSigDB_Hallmark (msigdbr 26.1.0)	Coq8a
HALLMARK_KRAS_SIGNALING_DN	exploratory	MSigDB_Hallmark (msigdbr 26.1.0)	Cpa2
HALLMARK_KRAS_SIGNALING_DN	exploratory	MSigDB_Hallmark (msigdbr 26.1.0)	Cpb1
HALLMARK_KRAS_SIGNALING_DN	exploratory	MSigDB_Hallmark (msigdbr 26.1.0)	Cpeb3
HALLMARK_KRAS_SIGNALING_DN	exploratory	MSigDB_Hallmark (msigdbr 26.1.0)	Cyp11b2
HALLMARK_KRAS_SIGNALING_DN	exploratory	MSigDB_Hallmark (msigdbr 26.1.0)	Cyp39a1
HALLMARK_KRAS_SIGNALING_DN	exploratory	MSigDB_Hallmark (msigdbr 26.1.0)	Dcc
HALLMARK_KRAS_SIGNALING_DN	exploratory	MSigDB_Hallmark (msigdbr 26.1.0)	Dlk2
HALLMARK_KRAS_SIGNALING_DN	exploratory	MSigDB_Hallmark (msigdbr 26.1.0)	Dtnb
HALLMARK_KRAS_SIGNALING_DN	exploratory	MSigDB_Hallmark (msigdbr 26.1.0)	Edar
HALLMARK_KRAS_SIGNALING_DN	exploratory	MSigDB_Hallmark (msigdbr 26.1.0)	Edn1
HALLMARK_KRAS_SIGNALING_DN	exploratory	MSigDB_Hallmark (msigdbr 26.1.0)	Edn2
HALLMARK_KRAS_SIGNALING_DN	exploratory	MSigDB_Hallmark (msigdbr 26.1.0)	Efhd1
HALLMARK_KRAS_SIGNALING_DN	exploratory	MSigDB_Hallmark (msigdbr 26.1.0)	Egf
HALLMARK_KRAS_SIGNALING_DN	exploratory	MSigDB_Hallmark (msigdbr 26.1.0)	Entpd7
HALLMARK_KRAS_SIGNALING_DN	exploratory	MSigDB_Hallmark (msigdbr 26.1.0)	Epha5
HALLMARK_KRAS_SIGNALING_DN	exploratory	MSigDB_Hallmark (msigdbr 26.1.0)	Fgf16
HALLMARK_KRAS_SIGNALING_DN	exploratory	MSigDB_Hallmark (msigdbr 26.1.0)	Fgf22
HALLMARK_KRAS_SIGNALING_DN	exploratory	MSigDB_Hallmark (msigdbr 26.1.0)	Fgfr3
HALLMARK_KRAS_SIGNALING_DN	exploratory	MSigDB_Hallmark (msigdbr 26.1.0)	Fggy
HALLMARK_KRAS_SIGNALING_DN	exploratory	MSigDB_Hallmark (msigdbr 26.1.0)	Fshb
HALLMARK_KRAS_SIGNALING_DN	exploratory	MSigDB_Hallmark (msigdbr 26.1.0)	Gamt
HALLMARK_KRAS_SIGNALING_DN	exploratory	MSigDB_Hallmark (msigdbr 26.1.0)	Gdnf
HALLMARK_KRAS_SIGNALING_DN	exploratory	MSigDB_Hallmark (msigdbr 26.1.0)	Gp1ba
HALLMARK_KRAS_SIGNALING_DN	exploratory	MSigDB_Hallmark (msigdbr 26.1.0)	Gp2
HALLMARK_KRAS_SIGNALING_DN	exploratory	MSigDB_Hallmark (msigdbr 26.1.0)	Gpr19
HALLMARK_KRAS_SIGNALING_DN	exploratory	MSigDB_Hallmark (msigdbr 26.1.0)	Gpr3
HALLMARK_KRAS_SIGNALING_DN	exploratory	MSigDB_Hallmark (msigdbr 26.1.0)	Gprc5c
HALLMARK_KRAS_SIGNALING_DN	exploratory	MSigDB_Hallmark (msigdbr 26.1.0)	Grid2
HALLMARK_KRAS_SIGNALING_DN	exploratory	MSigDB_Hallmark (msigdbr 26.1.0)	Gtf3c5
HALLMARK_KRAS_SIGNALING_DN	exploratory	MSigDB_Hallmark (msigdbr 26.1.0)	Hnf1a
HALLMARK_KRAS_SIGNALING_DN	exploratory	MSigDB_Hallmark (msigdbr 26.1.0)	Hsd11b2
HALLMARK_KRAS_SIGNALING_DN	exploratory	MSigDB_Hallmark (msigdbr 26.1.0)	Htr1b
HALLMARK_KRAS_SIGNALING_DN	exploratory	MSigDB_Hallmark (msigdbr 26.1.0)	Htr1d
HALLMARK_KRAS_SIGNALING_DN	exploratory	MSigDB_Hallmark (msigdbr 26.1.0)	Idua
HALLMARK_KRAS_SIGNALING_DN	exploratory	MSigDB_Hallmark (msigdbr 26.1.0)	Ifi44l
HALLMARK_KRAS_SIGNALING_DN	exploratory	MSigDB_Hallmark (msigdbr 26.1.0)	Ifng
HALLMARK_KRAS_SIGNALING_DN	exploratory	MSigDB_Hallmark (msigdbr 26.1.0)	Igfbp2
HALLMARK_KRAS_SIGNALING_DN	exploratory	MSigDB_Hallmark (msigdbr 26.1.0)	Il12b
HALLMARK_KRAS_SIGNALING_DN	exploratory	MSigDB_Hallmark (msigdbr 26.1.0)	Il5
HALLMARK_KRAS_SIGNALING_DN	exploratory	MSigDB_Hallmark (msigdbr 26.1.0)	Insl5
HALLMARK_KRAS_SIGNALING_DN	exploratory	MSigDB_Hallmark (msigdbr 26.1.0)	Irs4
HALLMARK_KRAS_SIGNALING_DN	exploratory	MSigDB_Hallmark (msigdbr 26.1.0)	Itgb1bp2
HALLMARK_KRAS_SIGNALING_DN	exploratory	MSigDB_Hallmark (msigdbr 26.1.0)	Itih3
HALLMARK_KRAS_SIGNALING_DN	exploratory	MSigDB_Hallmark (msigdbr 26.1.0)	Kcnd1
HALLMARK_KRAS_SIGNALING_DN	exploratory	MSigDB_Hallmark (msigdbr 26.1.0)	Kcne2
HALLMARK_KRAS_SIGNALING_DN	exploratory	MSigDB_Hallmark (msigdbr 26.1.0)	Kcnmb1
HALLMARK_KRAS_SIGNALING_DN	exploratory	MSigDB_Hallmark (msigdbr 26.1.0)	Kcnn1
HALLMARK_KRAS_SIGNALING_DN	exploratory	MSigDB_Hallmark (msigdbr 26.1.0)	Kcnq2
HALLMARK_KRAS_SIGNALING_DN	exploratory	MSigDB_Hallmark (msigdbr 26.1.0)	Klhdc8a
HALLMARK_KRAS_SIGNALING_DN	exploratory	MSigDB_Hallmark (msigdbr 26.1.0)	Klk7
HALLMARK_KRAS_SIGNALING_DN	exploratory	MSigDB_Hallmark (msigdbr 26.1.0)	Klk8
HALLMARK_KRAS_SIGNALING_DN	exploratory	MSigDB_Hallmark (msigdbr 26.1.0)	Kmt2d
HALLMARK_KRAS_SIGNALING_DN	exploratory	MSigDB_Hallmark (msigdbr 26.1.0)	Krt1
HALLMARK_KRAS_SIGNALING_DN	exploratory	MSigDB_Hallmark (msigdbr 26.1.0)	Krt13
HALLMARK_KRAS_SIGNALING_DN	exploratory	MSigDB_Hallmark (msigdbr 26.1.0)	Krt15
HALLMARK_KRAS_SIGNALING_DN	exploratory	MSigDB_Hallmark (msigdbr 26.1.0)	Krt4
HALLMARK_KRAS_SIGNALING_DN	exploratory	MSigDB_Hallmark (msigdbr 26.1.0)	Krt5
HALLMARK_KRAS_SIGNALING_DN	exploratory	MSigDB_Hallmark (msigdbr 26.1.0)	Lfng
HALLMARK_KRAS_SIGNALING_DN	exploratory	MSigDB_Hallmark (msigdbr 26.1.0)	Lgals7
HALLMARK_KRAS_SIGNALING_DN	exploratory	MSigDB_Hallmark (msigdbr 26.1.0)	Lypd3
HALLMARK_KRAS_SIGNALING_DN	exploratory	MSigDB_Hallmark (msigdbr 26.1.0)	Macroh2a2
HALLMARK_KRAS_SIGNALING_DN	exploratory	MSigDB_Hallmark (msigdbr 26.1.0)	Magix
HALLMARK_KRAS_SIGNALING_DN	exploratory	MSigDB_Hallmark (msigdbr 26.1.0)	Mast3
HALLMARK_KRAS_SIGNALING_DN	exploratory	MSigDB_Hallmark (msigdbr 26.1.0)	Mefv
HALLMARK_KRAS_SIGNALING_DN	exploratory	MSigDB_Hallmark (msigdbr 26.1.0)	Mfsd6
HALLMARK_KRAS_SIGNALING_DN	exploratory	MSigDB_Hallmark (msigdbr 26.1.0)	Msh5
HALLMARK_KRAS_SIGNALING_DN	exploratory	MSigDB_Hallmark (msigdbr 26.1.0)	Mthfr
HALLMARK_KRAS_SIGNALING_DN	exploratory	MSigDB_Hallmark (msigdbr 26.1.0)	Mx2
HALLMARK_KRAS_SIGNALING_DN	exploratory	MSigDB_Hallmark (msigdbr 26.1.0)	Myh7
HALLMARK_KRAS_SIGNALING_DN	exploratory	MSigDB_Hallmark (msigdbr 26.1.0)	Myo15a
HALLMARK_KRAS_SIGNALING_DN	exploratory	MSigDB_Hallmark (msigdbr 26.1.0)	Myot
HALLMARK_KRAS_SIGNALING_DN	exploratory	MSigDB_Hallmark (msigdbr 26.1.0)	Ngb
HALLMARK_KRAS_SIGNALING_DN	exploratory	MSigDB_Hallmark (msigdbr 26.1.0)	Nos1
HALLMARK_KRAS_SIGNALING_DN	exploratory	MSigDB_Hallmark (msigdbr 26.1.0)	Nphs1
HALLMARK_KRAS_SIGNALING_DN	exploratory	MSigDB_Hallmark (msigdbr 26.1.0)	Npy4r
HALLMARK_KRAS_SIGNALING_DN	exploratory	MSigDB_Hallmark (msigdbr 26.1.0)	Nr4a2
HALLMARK_KRAS_SIGNALING_DN	exploratory	MSigDB_Hallmark (msigdbr 26.1.0)	Nr6a1
HALLMARK_KRAS_SIGNALING_DN	exploratory	MSigDB_Hallmark (msigdbr 26.1.0)	Nrip2
HALLMARK_KRAS_SIGNALING_DN	exploratory	MSigDB_Hallmark (msigdbr 26.1.0)	Ntf3
HALLMARK_KRAS_SIGNALING_DN	exploratory	MSigDB_Hallmark (msigdbr 26.1.0)	Nudt10
HALLMARK_KRAS_SIGNALING_DN	exploratory	MSigDB_Hallmark (msigdbr 26.1.0)	Nudt11
HALLMARK_KRAS_SIGNALING_DN	exploratory	MSigDB_Hallmark (msigdbr 26.1.0)	Oxt
HALLMARK_KRAS_SIGNALING_DN	exploratory	MSigDB_Hallmark (msigdbr 26.1.0)	P2rx6
HALLMARK_KRAS_SIGNALING_DN	exploratory	MSigDB_Hallmark (msigdbr 26.1.0)	P2ry4
HALLMARK_KRAS_SIGNALING_DN	exploratory	MSigDB_Hallmark (msigdbr 26.1.0)	Pax3
HALLMARK_KRAS_SIGNALING_DN	exploratory	MSigDB_Hallmark (msigdbr 26.1.0)	Pax4
HALLMARK_KRAS_SIGNALING_DN	exploratory	MSigDB_Hallmark (msigdbr 26.1.0)	Pcdhb1
HALLMARK_KRAS_SIGNALING_DN	exploratory	MSigDB_Hallmark (msigdbr 26.1.0)	Pdcd1
HALLMARK_KRAS_SIGNALING_DN	exploratory	MSigDB_Hallmark (msigdbr 26.1.0)	Pde6b
HALLMARK_KRAS_SIGNALING_DN	exploratory	MSigDB_Hallmark (msigdbr 26.1.0)	Pdk2
HALLMARK_KRAS_SIGNALING_DN	exploratory	MSigDB_Hallmark (msigdbr 26.1.0)	Pkp1
HALLMARK_KRAS_SIGNALING_DN	exploratory	MSigDB_Hallmark (msigdbr 26.1.0)	Plag1
HALLMARK_KRAS_SIGNALING_DN	exploratory	MSigDB_Hallmark (msigdbr 26.1.0)	Pnmt
HALLMARK_KRAS_SIGNALING_DN	exploratory	MSigDB_Hallmark (msigdbr 26.1.0)	Prkn
HALLMARK_KRAS_SIGNALING_DN	exploratory	MSigDB_Hallmark (msigdbr 26.1.0)	Prodh
HALLMARK_KRAS_SIGNALING_DN	exploratory	MSigDB_Hallmark (msigdbr 26.1.0)	Prop1
HALLMARK_KRAS_SIGNALING_DN	exploratory	MSigDB_Hallmark (msigdbr 26.1.0)	Ptgfr
HALLMARK_KRAS_SIGNALING_DN	exploratory	MSigDB_Hallmark (msigdbr 26.1.0)	Ptprj
HALLMARK_KRAS_SIGNALING_DN	exploratory	MSigDB_Hallmark (msigdbr 26.1.0)	Rgs11
HALLMARK_KRAS_SIGNALING_DN	exploratory	MSigDB_Hallmark (msigdbr 26.1.0)	Ribc2
HALLMARK_KRAS_SIGNALING_DN	exploratory	MSigDB_Hallmark (msigdbr 26.1.0)	Rsad2
HALLMARK_KRAS_SIGNALING_DN	exploratory	MSigDB_Hallmark (msigdbr 26.1.0)	Ryr1
HALLMARK_KRAS_SIGNALING_DN	exploratory	MSigDB_Hallmark (msigdbr 26.1.0)	Ryr2
HALLMARK_KRAS_SIGNALING_DN	exploratory	MSigDB_Hallmark (msigdbr 26.1.0)	Scgb1a1
HALLMARK_KRAS_SIGNALING_DN	exploratory	MSigDB_Hallmark (msigdbr 26.1.0)	Scn10a
HALLMARK_KRAS_SIGNALING_DN	exploratory	MSigDB_Hallmark (msigdbr 26.1.0)	Selenop
HALLMARK_KRAS_SIGNALING_DN	exploratory	MSigDB_Hallmark (msigdbr 26.1.0)	Serpina10
HALLMARK_KRAS_SIGNALING_DN	exploratory	MSigDB_Hallmark (msigdbr 26.1.0)	Serpinb2
HALLMARK_KRAS_SIGNALING_DN	exploratory	MSigDB_Hallmark (msigdbr 26.1.0)	Sgk1
HALLMARK_KRAS_SIGNALING_DN	exploratory	MSigDB_Hallmark (msigdbr 26.1.0)	Shox2
HALLMARK_KRAS_SIGNALING_DN	exploratory	MSigDB_Hallmark (msigdbr 26.1.0)	Sidt1
HALLMARK_KRAS_SIGNALING_DN	exploratory	MSigDB_Hallmark (msigdbr 26.1.0)	Skil
HALLMARK_KRAS_SIGNALING_DN	exploratory	MSigDB_Hallmark (msigdbr 26.1.0)	Slc12a3
HALLMARK_KRAS_SIGNALING_DN	exploratory	MSigDB_Hallmark (msigdbr 26.1.0)	Slc16a7
HALLMARK_KRAS_SIGNALING_DN	exploratory	MSigDB_Hallmark (msigdbr 26.1.0)	Slc25a23
HALLMARK_KRAS_SIGNALING_DN	exploratory	MSigDB_Hallmark (msigdbr 26.1.0)	Slc29a3
HALLMARK_KRAS_SIGNALING_DN	exploratory	MSigDB_Hallmark (msigdbr 26.1.0)	Slc30a3
HALLMARK_KRAS_SIGNALING_DN	exploratory	MSigDB_Hallmark (msigdbr 26.1.0)	Slc38a3
HALLMARK_KRAS_SIGNALING_DN	exploratory	MSigDB_Hallmark (msigdbr 26.1.0)	Slc5a5
HALLMARK_KRAS_SIGNALING_DN	exploratory	MSigDB_Hallmark (msigdbr 26.1.0)	Slc6a14
HALLMARK_KRAS_SIGNALING_DN	exploratory	MSigDB_Hallmark (msigdbr 26.1.0)	Slc6a3
HALLMARK_KRAS_SIGNALING_DN	exploratory	MSigDB_Hallmark (msigdbr 26.1.0)	Smpx
HALLMARK_KRAS_SIGNALING_DN	exploratory	MSigDB_Hallmark (msigdbr 26.1.0)	Sncb
HALLMARK_KRAS_SIGNALING_DN	exploratory	MSigDB_Hallmark (msigdbr 26.1.0)	Snn
HALLMARK_KRAS_SIGNALING_DN	exploratory	MSigDB_Hallmark (msigdbr 26.1.0)	Sox10
HALLMARK_KRAS_SIGNALING_DN	exploratory	MSigDB_Hallmark (msigdbr 26.1.0)	Sphk2
HALLMARK_KRAS_SIGNALING_DN	exploratory	MSigDB_Hallmark (msigdbr 26.1.0)	Sprr3
HALLMARK_KRAS_SIGNALING_DN	exploratory	MSigDB_Hallmark (msigdbr 26.1.0)	Sptbn2
HALLMARK_KRAS_SIGNALING_DN	exploratory	MSigDB_Hallmark (msigdbr 26.1.0)	Sstr4
HALLMARK_KRAS_SIGNALING_DN	exploratory	MSigDB_Hallmark (msigdbr 26.1.0)	Stag3
HALLMARK_KRAS_SIGNALING_DN	exploratory	MSigDB_Hallmark (msigdbr 26.1.0)	Synpo
HALLMARK_KRAS_SIGNALING_DN	exploratory	MSigDB_Hallmark (msigdbr 26.1.0)	Tas2r108
HALLMARK_KRAS_SIGNALING_DN	exploratory	MSigDB_Hallmark (msigdbr 26.1.0)	Tcf7l1
HALLMARK_KRAS_SIGNALING_DN	exploratory	MSigDB_Hallmark (msigdbr 26.1.0)	Tcl1
HALLMARK_KRAS_SIGNALING_DN	exploratory	MSigDB_Hallmark (msigdbr 26.1.0)	Tenm2
HALLMARK_KRAS_SIGNALING_DN	exploratory	MSigDB_Hallmark (msigdbr 26.1.0)	Tent5c
HALLMARK_KRAS_SIGNALING_DN	exploratory	MSigDB_Hallmark (msigdbr 26.1.0)	Tex15
HALLMARK_KRAS_SIGNALING_DN	exploratory	MSigDB_Hallmark (msigdbr 26.1.0)	Tfap2b
HALLMARK_KRAS_SIGNALING_DN	exploratory	MSigDB_Hallmark (msigdbr 26.1.0)	Tfcp2l1
HALLMARK_KRAS_SIGNALING_DN	exploratory	MSigDB_Hallmark (msigdbr 26.1.0)	Tff2
HALLMARK_KRAS_SIGNALING_DN	exploratory	MSigDB_Hallmark (msigdbr 26.1.0)	Tg
HALLMARK_KRAS_SIGNALING_DN	exploratory	MSigDB_Hallmark (msigdbr 26.1.0)	Tgfb2
HALLMARK_KRAS_SIGNALING_DN	exploratory	MSigDB_Hallmark (msigdbr 26.1.0)	Tgm1
HALLMARK_KRAS_SIGNALING_DN	exploratory	MSigDB_Hallmark (msigdbr 26.1.0)	Thnsl2
HALLMARK_KRAS_SIGNALING_DN	exploratory	MSigDB_Hallmark (msigdbr 26.1.0)	Thrb
HALLMARK_KRAS_SIGNALING_DN	exploratory	MSigDB_Hallmark (msigdbr 26.1.0)	Tlx1
HALLMARK_KRAS_SIGNALING_DN	exploratory	MSigDB_Hallmark (msigdbr 26.1.0)	Tnni3
HALLMARK_KRAS_SIGNALING_DN	exploratory	MSigDB_Hallmark (msigdbr 26.1.0)	Tshb
HALLMARK_KRAS_SIGNALING_DN	exploratory	MSigDB_Hallmark (msigdbr 26.1.0)	Ugt2b1
HALLMARK_KRAS_SIGNALING_DN	exploratory	MSigDB_Hallmark (msigdbr 26.1.0)	Upk3b
HALLMARK_KRAS_SIGNALING_DN	exploratory	MSigDB_Hallmark (msigdbr 26.1.0)	Vpreb1
HALLMARK_KRAS_SIGNALING_DN	exploratory	MSigDB_Hallmark (msigdbr 26.1.0)	Vpreb2
HALLMARK_KRAS_SIGNALING_DN	exploratory	MSigDB_Hallmark (msigdbr 26.1.0)	Vps50
HALLMARK_KRAS_SIGNALING_DN	exploratory	MSigDB_Hallmark (msigdbr 26.1.0)	Wnt16
HALLMARK_KRAS_SIGNALING_DN	exploratory	MSigDB_Hallmark (msigdbr 26.1.0)	Ybx2
HALLMARK_KRAS_SIGNALING_DN	exploratory	MSigDB_Hallmark (msigdbr 26.1.0)	Ypel1
HALLMARK_KRAS_SIGNALING_DN	exploratory	MSigDB_Hallmark (msigdbr 26.1.0)	Zbtb16
HALLMARK_KRAS_SIGNALING_DN	exploratory	MSigDB_Hallmark (msigdbr 26.1.0)	Zc2hc1c
HALLMARK_KRAS_SIGNALING_DN	exploratory	MSigDB_Hallmark (msigdbr 26.1.0)	Zfp112
HALLMARK_KRAS_SIGNALING_UP	exploratory	MSigDB_Hallmark (msigdbr 26.1.0)	Abcb1a
HALLMARK_KRAS_SIGNALING_UP	exploratory	MSigDB_Hallmark (msigdbr 26.1.0)	Ace
HALLMARK_KRAS_SIGNALING_UP	exploratory	MSigDB_Hallmark (msigdbr 26.1.0)	Adam17
HALLMARK_KRAS_SIGNALING_UP	exploratory	MSigDB_Hallmark (msigdbr 26.1.0)	Adam8
HALLMARK_KRAS_SIGNALING_UP	exploratory	MSigDB_Hallmark (msigdbr 26.1.0)	Adamdec1
HALLMARK_KRAS_SIGNALING_UP	exploratory	MSigDB_Hallmark (msigdbr 26.1.0)	Adgra2
HALLMARK_KRAS_SIGNALING_UP	exploratory	MSigDB_Hallmark (msigdbr 26.1.0)	Adgrl4
HALLMARK_KRAS_SIGNALING_UP	exploratory	MSigDB_Hallmark (msigdbr 26.1.0)	Akap12
HALLMARK_KRAS_SIGNALING_UP	exploratory	MSigDB_Hallmark (msigdbr 26.1.0)	Akt2
HALLMARK_KRAS_SIGNALING_UP	exploratory	MSigDB_Hallmark (msigdbr 26.1.0)	Aldh1a2
HALLMARK_KRAS_SIGNALING_UP	exploratory	MSigDB_Hallmark (msigdbr 26.1.0)	Aldh1a3
HALLMARK_KRAS_SIGNALING_UP	exploratory	MSigDB_Hallmark (msigdbr 26.1.0)	Ammecr1
HALLMARK_KRAS_SIGNALING_UP	exploratory	MSigDB_Hallmark (msigdbr 26.1.0)	Angptl4
HALLMARK_KRAS_SIGNALING_UP	exploratory	MSigDB_Hallmark (msigdbr 26.1.0)	Ank
HALLMARK_KRAS_SIGNALING_UP	exploratory	MSigDB_Hallmark (msigdbr 26.1.0)	Ano1
HALLMARK_KRAS_SIGNALING_UP	exploratory	MSigDB_Hallmark (msigdbr 26.1.0)	Anxa10
HALLMARK_KRAS_SIGNALING_UP	exploratory	MSigDB_Hallmark (msigdbr 26.1.0)	Apod
HALLMARK_KRAS_SIGNALING_UP	exploratory	MSigDB_Hallmark (msigdbr 26.1.0)	Arg1
HALLMARK_KRAS_SIGNALING_UP	exploratory	MSigDB_Hallmark (msigdbr 26.1.0)	Atg10
HALLMARK_KRAS_SIGNALING_UP	exploratory	MSigDB_Hallmark (msigdbr 26.1.0)	Avl9
HALLMARK_KRAS_SIGNALING_UP	exploratory	MSigDB_Hallmark (msigdbr 26.1.0)	Birc3
HALLMARK_KRAS_SIGNALING_UP	exploratory	MSigDB_Hallmark (msigdbr 26.1.0)	Bmp2
HALLMARK_KRAS_SIGNALING_UP	exploratory	MSigDB_Hallmark (msigdbr 26.1.0)	Bpgm
HALLMARK_KRAS_SIGNALING_UP	exploratory	MSigDB_Hallmark (msigdbr 26.1.0)	Btbd3
HALLMARK_KRAS_SIGNALING_UP	exploratory	MSigDB_Hallmark (msigdbr 26.1.0)	Btc
HALLMARK_KRAS_SIGNALING_UP	exploratory	MSigDB_Hallmark (msigdbr 26.1.0)	C3ar1
HALLMARK_KRAS_SIGNALING_UP	exploratory	MSigDB_Hallmark (msigdbr 26.1.0)	Car2
HALLMARK_KRAS_SIGNALING_UP	exploratory	MSigDB_Hallmark (msigdbr 26.1.0)	Cab39l
HALLMARK_KRAS_SIGNALING_UP	exploratory	MSigDB_Hallmark (msigdbr 26.1.0)	Cbl
HALLMARK_KRAS_SIGNALING_UP	exploratory	MSigDB_Hallmark (msigdbr 26.1.0)	Cbr4
HALLMARK_KRAS_SIGNALING_UP	exploratory	MSigDB_Hallmark (msigdbr 26.1.0)	Cbx8
HALLMARK_KRAS_SIGNALING_UP	exploratory	MSigDB_Hallmark (msigdbr 26.1.0)	Ccl20
HALLMARK_KRAS_SIGNALING_UP	exploratory	MSigDB_Hallmark (msigdbr 26.1.0)	Ccnd2
HALLMARK_KRAS_SIGNALING_UP	exploratory	MSigDB_Hallmark (msigdbr 26.1.0)	Ccser2
HALLMARK_KRAS_SIGNALING_UP	exploratory	MSigDB_Hallmark (msigdbr 26.1.0)	Cd37
HALLMARK_KRAS_SIGNALING_UP	exploratory	MSigDB_Hallmark (msigdbr 26.1.0)	Cdadc1
HALLMARK_KRAS_SIGNALING_UP	exploratory	MSigDB_Hallmark (msigdbr 26.1.0)	Cfb
HALLMARK_KRAS_SIGNALING_UP	exploratory	MSigDB_Hallmark (msigdbr 26.1.0)	Cfh
HALLMARK_KRAS_SIGNALING_UP	exploratory	MSigDB_Hallmark (msigdbr 26.1.0)	Cfhr1
HALLMARK_KRAS_SIGNALING_UP	exploratory	MSigDB_Hallmark (msigdbr 26.1.0)	Cidea
HALLMARK_KRAS_SIGNALING_UP	exploratory	MSigDB_Hallmark (msigdbr 26.1.0)	Clec4a3
HALLMARK_KRAS_SIGNALING_UP	exploratory	MSigDB_Hallmark (msigdbr 26.1.0)	Cmklr1
HALLMARK_KRAS_SIGNALING_UP	exploratory	MSigDB_Hallmark (msigdbr 26.1.0)	Cpe
HALLMARK_KRAS_SIGNALING_UP	exploratory	MSigDB_Hallmark (msigdbr 26.1.0)	Crot
HALLMARK_KRAS_SIGNALING_UP	exploratory	MSigDB_Hallmark (msigdbr 26.1.0)	Csf2
HALLMARK_KRAS_SIGNALING_UP	exploratory	MSigDB_Hallmark (msigdbr 26.1.0)	Csf2ra
HALLMARK_KRAS_SIGNALING_UP	exploratory	MSigDB_Hallmark (msigdbr 26.1.0)	Ctss
HALLMARK_KRAS_SIGNALING_UP	exploratory	MSigDB_Hallmark (msigdbr 26.1.0)	Cxcl10
HALLMARK_KRAS_SIGNALING_UP	exploratory	MSigDB_Hallmark (msigdbr 26.1.0)	Cxcr4
HALLMARK_KRAS_SIGNALING_UP	exploratory	MSigDB_Hallmark (msigdbr 26.1.0)	Dcbld2
HALLMARK_KRAS_SIGNALING_UP	exploratory	MSigDB_Hallmark (msigdbr 26.1.0)	Dnmbp
HALLMARK_KRAS_SIGNALING_UP	exploratory	MSigDB_Hallmark (msigdbr 26.1.0)	Dock2
HALLMARK_KRAS_SIGNALING_UP	exploratory	MSigDB_Hallmark (msigdbr 26.1.0)	Dusp6
HALLMARK_KRAS_SIGNALING_UP	exploratory	MSigDB_Hallmark (msigdbr 26.1.0)	Emp1
HALLMARK_KRAS_SIGNALING_UP	exploratory	MSigDB_Hallmark (msigdbr 26.1.0)	Eng
HALLMARK_KRAS_SIGNALING_UP	exploratory	MSigDB_Hallmark (msigdbr 26.1.0)	Epb41l3
HALLMARK_KRAS_SIGNALING_UP	exploratory	MSigDB_Hallmark (msigdbr 26.1.0)	Ephb2
HALLMARK_KRAS_SIGNALING_UP	exploratory	MSigDB_Hallmark (msigdbr 26.1.0)	Ereg
HALLMARK_KRAS_SIGNALING_UP	exploratory	MSigDB_Hallmark (msigdbr 26.1.0)	Ero1a
HALLMARK_KRAS_SIGNALING_UP	exploratory	MSigDB_Hallmark (msigdbr 26.1.0)	Ets1
HALLMARK_KRAS_SIGNALING_UP	exploratory	MSigDB_Hallmark (msigdbr 26.1.0)	Etv1
HALLMARK_KRAS_SIGNALING_UP	exploratory	MSigDB_Hallmark (msigdbr 26.1.0)	Etv4
HALLMARK_KRAS_SIGNALING_UP	exploratory	MSigDB_Hallmark (msigdbr 26.1.0)	Etv5
HALLMARK_KRAS_SIGNALING_UP	exploratory	MSigDB_Hallmark (msigdbr 26.1.0)	Evi5
HALLMARK_KRAS_SIGNALING_UP	exploratory	MSigDB_Hallmark (msigdbr 26.1.0)	F13a1
HALLMARK_KRAS_SIGNALING_UP	exploratory	MSigDB_Hallmark (msigdbr 26.1.0)	F2rl1
HALLMARK_KRAS_SIGNALING_UP	exploratory	MSigDB_Hallmark (msigdbr 26.1.0)	Fbxo4
HALLMARK_KRAS_SIGNALING_UP	exploratory	MSigDB_Hallmark (msigdbr 26.1.0)	Fcer1g
HALLMARK_KRAS_SIGNALING_UP	exploratory	MSigDB_Hallmark (msigdbr 26.1.0)	Fgf9
HALLMARK_KRAS_SIGNALING_UP	exploratory	MSigDB_Hallmark (msigdbr 26.1.0)	Flt4
HALLMARK_KRAS_SIGNALING_UP	exploratory	MSigDB_Hallmark (msigdbr 26.1.0)	Fuca1
HALLMARK_KRAS_SIGNALING_UP	exploratory	MSigDB_Hallmark (msigdbr 26.1.0)	G0s2
HALLMARK_KRAS_SIGNALING_UP	exploratory	MSigDB_Hallmark (msigdbr 26.1.0)	Gabra3
HALLMARK_KRAS_SIGNALING_UP	exploratory	MSigDB_Hallmark (msigdbr 26.1.0)	Gadd45g
HALLMARK_KRAS_SIGNALING_UP	exploratory	MSigDB_Hallmark (msigdbr 26.1.0)	Galnt3
HALLMARK_KRAS_SIGNALING_UP	exploratory	MSigDB_Hallmark (msigdbr 26.1.0)	Gfpt2
HALLMARK_KRAS_SIGNALING_UP	exploratory	MSigDB_Hallmark (msigdbr 26.1.0)	Glrx
HALLMARK_KRAS_SIGNALING_UP	exploratory	MSigDB_Hallmark (msigdbr 26.1.0)	Gng11
HALLMARK_KRAS_SIGNALING_UP	exploratory	MSigDB_Hallmark (msigdbr 26.1.0)	Gpnmb
HALLMARK_KRAS_SIGNALING_UP	exploratory	MSigDB_Hallmark (msigdbr 26.1.0)	Gprc5b
HALLMARK_KRAS_SIGNALING_UP	exploratory	MSigDB_Hallmark (msigdbr 26.1.0)	Gucy1a1
HALLMARK_KRAS_SIGNALING_UP	exploratory	MSigDB_Hallmark (msigdbr 26.1.0)	Gypc
HALLMARK_KRAS_SIGNALING_UP	exploratory	MSigDB_Hallmark (msigdbr 26.1.0)	H2bc3
HALLMARK_KRAS_SIGNALING_UP	exploratory	MSigDB_Hallmark (msigdbr 26.1.0)	Hbegf
HALLMARK_KRAS_SIGNALING_UP	exploratory	MSigDB_Hallmark (msigdbr 26.1.0)	Hdac9
HALLMARK_KRAS_SIGNALING_UP	exploratory	MSigDB_Hallmark (msigdbr 26.1.0)	Hkdc1
HALLMARK_KRAS_SIGNALING_UP	exploratory	MSigDB_Hallmark (msigdbr 26.1.0)	Hoxd11
HALLMARK_KRAS_SIGNALING_UP	exploratory	MSigDB_Hallmark (msigdbr 26.1.0)	Hsd11b1
HALLMARK_KRAS_SIGNALING_UP	exploratory	MSigDB_Hallmark (msigdbr 26.1.0)	Id2
HALLMARK_KRAS_SIGNALING_UP	exploratory	MSigDB_Hallmark (msigdbr 26.1.0)	Igf2
HALLMARK_KRAS_SIGNALING_UP	exploratory	MSigDB_Hallmark (msigdbr 26.1.0)	Igfbp3
HALLMARK_KRAS_SIGNALING_UP	exploratory	MSigDB_Hallmark (msigdbr 26.1.0)	Ikzf1
HALLMARK_KRAS_SIGNALING_UP	exploratory	MSigDB_Hallmark (msigdbr 26.1.0)	Il10ra
HALLMARK_KRAS_SIGNALING_UP	exploratory	MSigDB_Hallmark (msigdbr 26.1.0)	Il1b
HALLMARK_KRAS_SIGNALING_UP	exploratory	MSigDB_Hallmark (msigdbr 26.1.0)	Il1rl2
HALLMARK_KRAS_SIGNALING_UP	exploratory	MSigDB_Hallmark (msigdbr 26.1.0)	Il2rg
HALLMARK_KRAS_SIGNALING_UP	exploratory	MSigDB_Hallmark (msigdbr 26.1.0)	Il33
HALLMARK_KRAS_SIGNALING_UP	exploratory	MSigDB_Hallmark (msigdbr 26.1.0)	Il7r
HALLMARK_KRAS_SIGNALING_UP	exploratory	MSigDB_Hallmark (msigdbr 26.1.0)	Inhba
HALLMARK_KRAS_SIGNALING_UP	exploratory	MSigDB_Hallmark (msigdbr 26.1.0)	Irf8
HALLMARK_KRAS_SIGNALING_UP	exploratory	MSigDB_Hallmark (msigdbr 26.1.0)	Itga2
HALLMARK_KRAS_SIGNALING_UP	exploratory	MSigDB_Hallmark (msigdbr 26.1.0)	Itgb2
HALLMARK_KRAS_SIGNALING_UP	exploratory	MSigDB_Hallmark (msigdbr 26.1.0)	Itgbl1
HALLMARK_KRAS_SIGNALING_UP	exploratory	MSigDB_Hallmark (msigdbr 26.1.0)	Jup
HALLMARK_KRAS_SIGNALING_UP	exploratory	MSigDB_Hallmark (msigdbr 26.1.0)	Kcnn4
HALLMARK_KRAS_SIGNALING_UP	exploratory	MSigDB_Hallmark (msigdbr 26.1.0)	Kif5c
HALLMARK_KRAS_SIGNALING_UP	exploratory	MSigDB_Hallmark (msigdbr 26.1.0)	Klf4
HALLMARK_KRAS_SIGNALING_UP	exploratory	MSigDB_Hallmark (msigdbr 26.1.0)	Laptm5
HALLMARK_KRAS_SIGNALING_UP	exploratory	MSigDB_Hallmark (msigdbr 26.1.0)	Lat2
HALLMARK_KRAS_SIGNALING_UP	exploratory	MSigDB_Hallmark (msigdbr 26.1.0)	Lcp1
HALLMARK_KRAS_SIGNALING_UP	exploratory	MSigDB_Hallmark (msigdbr 26.1.0)	Lif
HALLMARK_KRAS_SIGNALING_UP	exploratory	MSigDB_Hallmark (msigdbr 26.1.0)	Ly96
HALLMARK_KRAS_SIGNALING_UP	exploratory	MSigDB_Hallmark (msigdbr 26.1.0)	Mafb
HALLMARK_KRAS_SIGNALING_UP	exploratory	MSigDB_Hallmark (msigdbr 26.1.0)	Mall
HALLMARK_KRAS_SIGNALING_UP	exploratory	MSigDB_Hallmark (msigdbr 26.1.0)	Map3k1
HALLMARK_KRAS_SIGNALING_UP	exploratory	MSigDB_Hallmark (msigdbr 26.1.0)	Map4k1
HALLMARK_KRAS_SIGNALING_UP	exploratory	MSigDB_Hallmark (msigdbr 26.1.0)	Map7
HALLMARK_KRAS_SIGNALING_UP	exploratory	MSigDB_Hallmark (msigdbr 26.1.0)	Mmd
HALLMARK_KRAS_SIGNALING_UP	exploratory	MSigDB_Hallmark (msigdbr 26.1.0)	Mmp10
HALLMARK_KRAS_SIGNALING_UP	exploratory	MSigDB_Hallmark (msigdbr 26.1.0)	Mmp11
HALLMARK_KRAS_SIGNALING_UP	exploratory	MSigDB_Hallmark (msigdbr 26.1.0)	Mmp9
HALLMARK_KRAS_SIGNALING_UP	exploratory	MSigDB_Hallmark (msigdbr 26.1.0)	Mpzl2
HALLMARK_KRAS_SIGNALING_UP	exploratory	MSigDB_Hallmark (msigdbr 26.1.0)	Mtmr10
HALLMARK_KRAS_SIGNALING_UP	exploratory	MSigDB_Hallmark (msigdbr 26.1.0)	Mycn
HALLMARK_KRAS_SIGNALING_UP	exploratory	MSigDB_Hallmark (msigdbr 26.1.0)	Nap1l2
HALLMARK_KRAS_SIGNALING_UP	exploratory	MSigDB_Hallmark (msigdbr 26.1.0)	Ngf
HALLMARK_KRAS_SIGNALING_UP	exploratory	MSigDB_Hallmark (msigdbr 26.1.0)	Nin
HALLMARK_KRAS_SIGNALING_UP	exploratory	MSigDB_Hallmark (msigdbr 26.1.0)	Nr0b2
HALLMARK_KRAS_SIGNALING_UP	exploratory	MSigDB_Hallmark (msigdbr 26.1.0)	Nr1h4
HALLMARK_KRAS_SIGNALING_UP	exploratory	MSigDB_Hallmark (msigdbr 26.1.0)	Nrp1
HALLMARK_KRAS_SIGNALING_UP	exploratory	MSigDB_Hallmark (msigdbr 26.1.0)	Pcp4
HALLMARK_KRAS_SIGNALING_UP	exploratory	MSigDB_Hallmark (msigdbr 26.1.0)	Pcsk1n
HALLMARK_KRAS_SIGNALING_UP	exploratory	MSigDB_Hallmark (msigdbr 26.1.0)	Pdcd1lg2
HALLMARK_KRAS_SIGNALING_UP	exploratory	MSigDB_Hallmark (msigdbr 26.1.0)	Pecam1
HALLMARK_KRAS_SIGNALING_UP	exploratory	MSigDB_Hallmark (msigdbr 26.1.0)	Peg3
HALLMARK_KRAS_SIGNALING_UP	exploratory	MSigDB_Hallmark (msigdbr 26.1.0)	Pigr
HALLMARK_KRAS_SIGNALING_UP	exploratory	MSigDB_Hallmark (msigdbr 26.1.0)	Plat
HALLMARK_KRAS_SIGNALING_UP	exploratory	MSigDB_Hallmark (msigdbr 26.1.0)	Plau
HALLMARK_KRAS_SIGNALING_UP	exploratory	MSigDB_Hallmark (msigdbr 26.1.0)	Plaur
HALLMARK_KRAS_SIGNALING_UP	exploratory	MSigDB_Hallmark (msigdbr 26.1.0)	Plek2
HALLMARK_KRAS_SIGNALING_UP	exploratory	MSigDB_Hallmark (msigdbr 26.1.0)	Plvap
HALLMARK_KRAS_SIGNALING_UP	exploratory	MSigDB_Hallmark (msigdbr 26.1.0)	Ppbp
HALLMARK_KRAS_SIGNALING_UP	exploratory	MSigDB_Hallmark (msigdbr 26.1.0)	Ppp1r15a
HALLMARK_KRAS_SIGNALING_UP	exploratory	MSigDB_Hallmark (msigdbr 26.1.0)	Prdm1
HALLMARK_KRAS_SIGNALING_UP	exploratory	MSigDB_Hallmark (msigdbr 26.1.0)	Prelid3b
HALLMARK_KRAS_SIGNALING_UP	exploratory	MSigDB_Hallmark (msigdbr 26.1.0)	Prkg2
HALLMARK_KRAS_SIGNALING_UP	exploratory	MSigDB_Hallmark (msigdbr 26.1.0)	Prrx1
HALLMARK_KRAS_SIGNALING_UP	exploratory	MSigDB_Hallmark (msigdbr 26.1.0)	Psmb8
HALLMARK_KRAS_SIGNALING_UP	exploratory	MSigDB_Hallmark (msigdbr 26.1.0)	Ptbp2
HALLMARK_KRAS_SIGNALING_UP	exploratory	MSigDB_Hallmark (msigdbr 26.1.0)	Ptcd2
HALLMARK_KRAS_SIGNALING_UP	exploratory	MSigDB_Hallmark (msigdbr 26.1.0)	Ptgs2
HALLMARK_KRAS_SIGNALING_UP	exploratory	MSigDB_Hallmark (msigdbr 26.1.0)	Ptprr
HALLMARK_KRAS_SIGNALING_UP	exploratory	MSigDB_Hallmark (msigdbr 26.1.0)	Rabgap1l
HALLMARK_KRAS_SIGNALING_UP	exploratory	MSigDB_Hallmark (msigdbr 26.1.0)	Rbm4
HALLMARK_KRAS_SIGNALING_UP	exploratory	MSigDB_Hallmark (msigdbr 26.1.0)	Rbp4
HALLMARK_KRAS_SIGNALING_UP	exploratory	MSigDB_Hallmark (msigdbr 26.1.0)	Reln
HALLMARK_KRAS_SIGNALING_UP	exploratory	MSigDB_Hallmark (msigdbr 26.1.0)	Retn
HALLMARK_KRAS_SIGNALING_UP	exploratory	MSigDB_Hallmark (msigdbr 26.1.0)	Rgs16
HALLMARK_KRAS_SIGNALING_UP	exploratory	MSigDB_Hallmark (msigdbr 26.1.0)	Satb1
HALLMARK_KRAS_SIGNALING_UP	exploratory	MSigDB_Hallmark (msigdbr 26.1.0)	Scg3
HALLMARK_KRAS_SIGNALING_UP	exploratory	MSigDB_Hallmark (msigdbr 26.1.0)	Scg5
HALLMARK_KRAS_SIGNALING_UP	exploratory	MSigDB_Hallmark (msigdbr 26.1.0)	Scn1b
HALLMARK_KRAS_SIGNALING_UP	exploratory	MSigDB_Hallmark (msigdbr 26.1.0)	Sdccag8
HALLMARK_KRAS_SIGNALING_UP	exploratory	MSigDB_Hallmark (msigdbr 26.1.0)	Sema3b
HALLMARK_KRAS_SIGNALING_UP	exploratory	MSigDB_Hallmark (msigdbr 26.1.0)	Serpina3c
HALLMARK_KRAS_SIGNALING_UP	exploratory	MSigDB_Hallmark (msigdbr 26.1.0)	Serpina3k
HALLMARK_KRAS_SIGNALING_UP	exploratory	MSigDB_Hallmark (msigdbr 26.1.0)	Serpina3m
HALLMARK_KRAS_SIGNALING_UP	exploratory	MSigDB_Hallmark (msigdbr 26.1.0)	Serpina3n
HALLMARK_KRAS_SIGNALING_UP	exploratory	MSigDB_Hallmark (msigdbr 26.1.0)	Slpi
HALLMARK_KRAS_SIGNALING_UP	exploratory	MSigDB_Hallmark (msigdbr 26.1.0)	Snap25
HALLMARK_KRAS_SIGNALING_UP	exploratory	MSigDB_Hallmark (msigdbr 26.1.0)	Snap91
HALLMARK_KRAS_SIGNALING_UP	exploratory	MSigDB_Hallmark (msigdbr 26.1.0)	Sox9
HALLMARK_KRAS_SIGNALING_UP	exploratory	MSigDB_Hallmark (msigdbr 26.1.0)	Sparcl1
HALLMARK_KRAS_SIGNALING_UP	exploratory	MSigDB_Hallmark (msigdbr 26.1.0)	Spon1
HALLMARK_KRAS_SIGNALING_UP	exploratory	MSigDB_Hallmark (msigdbr 26.1.0)	Spp1
HALLMARK_KRAS_SIGNALING_UP	exploratory	MSigDB_Hallmark (msigdbr 26.1.0)	Spry2
HALLMARK_KRAS_SIGNALING_UP	exploratory	MSigDB_Hallmark (msigdbr 26.1.0)	St6gal1
HALLMARK_KRAS_SIGNALING_UP	exploratory	MSigDB_Hallmark (msigdbr 26.1.0)	Strn
HALLMARK_KRAS_SIGNALING_UP	exploratory	MSigDB_Hallmark (msigdbr 26.1.0)	Tfpi
HALLMARK_KRAS_SIGNALING_UP	exploratory	MSigDB_Hallmark (msigdbr 26.1.0)	Tlr8
HALLMARK_KRAS_SIGNALING_UP	exploratory	MSigDB_Hallmark (msigdbr 26.1.0)	Tmem100
HALLMARK_KRAS_SIGNALING_UP	exploratory	MSigDB_Hallmark (msigdbr 26.1.0)	Tmem158
HALLMARK_KRAS_SIGNALING_UP	exploratory	MSigDB_Hallmark (msigdbr 26.1.0)	Tmem176a
HALLMARK_KRAS_SIGNALING_UP	exploratory	MSigDB_Hallmark (msigdbr 26.1.0)	Tmem176b
HALLMARK_KRAS_SIGNALING_UP	exploratory	MSigDB_Hallmark (msigdbr 26.1.0)	Tnfaip3
HALLMARK_KRAS_SIGNALING_UP	exploratory	MSigDB_Hallmark (msigdbr 26.1.0)	Tnfrsf1b
HALLMARK_KRAS_SIGNALING_UP	exploratory	MSigDB_Hallmark (msigdbr 26.1.0)	Tnnt2
HALLMARK_KRAS_SIGNALING_UP	exploratory	MSigDB_Hallmark (msigdbr 26.1.0)	Tor1aip2
HALLMARK_KRAS_SIGNALING_UP	exploratory	MSigDB_Hallmark (msigdbr 26.1.0)	Tph1
HALLMARK_KRAS_SIGNALING_UP	exploratory	MSigDB_Hallmark (msigdbr 26.1.0)	Traf1
HALLMARK_KRAS_SIGNALING_UP	exploratory	MSigDB_Hallmark (msigdbr 26.1.0)	Trib1
HALLMARK_KRAS_SIGNALING_UP	exploratory	MSigDB_Hallmark (msigdbr 26.1.0)	Trib2
HALLMARK_KRAS_SIGNALING_UP	exploratory	MSigDB_Hallmark (msigdbr 26.1.0)	Tspan1
HALLMARK_KRAS_SIGNALING_UP	exploratory	MSigDB_Hallmark (msigdbr 26.1.0)	Tspan13
HALLMARK_KRAS_SIGNALING_UP	exploratory	MSigDB_Hallmark (msigdbr 26.1.0)	Tspan7
HALLMARK_KRAS_SIGNALING_UP	exploratory	MSigDB_Hallmark (msigdbr 26.1.0)	Ush1c
HALLMARK_KRAS_SIGNALING_UP	exploratory	MSigDB_Hallmark (msigdbr 26.1.0)	Usp12
HALLMARK_KRAS_SIGNALING_UP	exploratory	MSigDB_Hallmark (msigdbr 26.1.0)	Vwa5a
HALLMARK_KRAS_SIGNALING_UP	exploratory	MSigDB_Hallmark (msigdbr 26.1.0)	Wdr33
HALLMARK_KRAS_SIGNALING_UP	exploratory	MSigDB_Hallmark (msigdbr 26.1.0)	Wnt7a
HALLMARK_KRAS_SIGNALING_UP	exploratory	MSigDB_Hallmark (msigdbr 26.1.0)	Yrdc
HALLMARK_KRAS_SIGNALING_UP	exploratory	MSigDB_Hallmark (msigdbr 26.1.0)	Zfp277
HALLMARK_KRAS_SIGNALING_UP	exploratory	MSigDB_Hallmark (msigdbr 26.1.0)	Zfp639
HALLMARK_MITOTIC_SPINDLE	exploratory	MSigDB_Hallmark (msigdbr 26.1.0)	Abi1
HALLMARK_MITOTIC_SPINDLE	exploratory	MSigDB_Hallmark (msigdbr 26.1.0)	Abl1
HALLMARK_MITOTIC_SPINDLE	exploratory	MSigDB_Hallmark (msigdbr 26.1.0)	Abr
HALLMARK_MITOTIC_SPINDLE	exploratory	MSigDB_Hallmark (msigdbr 26.1.0)	Actn4
HALLMARK_MITOTIC_SPINDLE	exploratory	MSigDB_Hallmark (msigdbr 26.1.0)	Akap13
HALLMARK_MITOTIC_SPINDLE	exploratory	MSigDB_Hallmark (msigdbr 26.1.0)	Alms1
HALLMARK_MITOTIC_SPINDLE	exploratory	MSigDB_Hallmark (msigdbr 26.1.0)	Als2
HALLMARK_MITOTIC_SPINDLE	exploratory	MSigDB_Hallmark (msigdbr 26.1.0)	Anln
HALLMARK_MITOTIC_SPINDLE	exploratory	MSigDB_Hallmark (msigdbr 26.1.0)	Apc
HALLMARK_MITOTIC_SPINDLE	exploratory	MSigDB_Hallmark (msigdbr 26.1.0)	Arap3
HALLMARK_MITOTIC_SPINDLE	exploratory	MSigDB_Hallmark (msigdbr 26.1.0)	Arf6
HALLMARK_MITOTIC_SPINDLE	exploratory	MSigDB_Hallmark (msigdbr 26.1.0)	Arfgef1
HALLMARK_MITOTIC_SPINDLE	exploratory	MSigDB_Hallmark (msigdbr 26.1.0)	Arfip2
HALLMARK_MITOTIC_SPINDLE	exploratory	MSigDB_Hallmark (msigdbr 26.1.0)	Arhgap10
HALLMARK_MITOTIC_SPINDLE	exploratory	MSigDB_Hallmark (msigdbr 26.1.0)	Arhgap27
HALLMARK_MITOTIC_SPINDLE	exploratory	MSigDB_Hallmark (msigdbr 26.1.0)	Arhgap29
HALLMARK_MITOTIC_SPINDLE	exploratory	MSigDB_Hallmark (msigdbr 26.1.0)	Arhgap4
HALLMARK_MITOTIC_SPINDLE	exploratory	MSigDB_Hallmark (msigdbr 26.1.0)	Arhgap5
HALLMARK_MITOTIC_SPINDLE	exploratory	MSigDB_Hallmark (msigdbr 26.1.0)	Arhgdia
HALLMARK_MITOTIC_SPINDLE	exploratory	MSigDB_Hallmark (msigdbr 26.1.0)	Arhgef11
HALLMARK_MITOTIC_SPINDLE	exploratory	MSigDB_Hallmark (msigdbr 26.1.0)	Arhgef12
HALLMARK_MITOTIC_SPINDLE	exploratory	MSigDB_Hallmark (msigdbr 26.1.0)	Arhgef2
HALLMARK_MITOTIC_SPINDLE	exploratory	MSigDB_Hallmark (msigdbr 26.1.0)	Arhgef3
HALLMARK_MITOTIC_SPINDLE	exploratory	MSigDB_Hallmark (msigdbr 26.1.0)	Arhgef7
HALLMARK_MITOTIC_SPINDLE	exploratory	MSigDB_Hallmark (msigdbr 26.1.0)	Arl8a
HALLMARK_MITOTIC_SPINDLE	exploratory	MSigDB_Hallmark (msigdbr 26.1.0)	Atg4b
HALLMARK_MITOTIC_SPINDLE	exploratory	MSigDB_Hallmark (msigdbr 26.1.0)	Aurka
HALLMARK_MITOTIC_SPINDLE	exploratory	MSigDB_Hallmark (msigdbr 26.1.0)	Bcar1
HALLMARK_MITOTIC_SPINDLE	exploratory	MSigDB_Hallmark (msigdbr 26.1.0)	Bcl2l11
HALLMARK_MITOTIC_SPINDLE	exploratory	MSigDB_Hallmark (msigdbr 26.1.0)	Bcr
HALLMARK_MITOTIC_SPINDLE	exploratory	MSigDB_Hallmark (msigdbr 26.1.0)	Bin1
HALLMARK_MITOTIC_SPINDLE	exploratory	MSigDB_Hallmark (msigdbr 26.1.0)	Birc5
HALLMARK_MITOTIC_SPINDLE	exploratory	MSigDB_Hallmark (msigdbr 26.1.0)	Brca2
HALLMARK_MITOTIC_SPINDLE	exploratory	MSigDB_Hallmark (msigdbr 26.1.0)	Bub1
HALLMARK_MITOTIC_SPINDLE	exploratory	MSigDB_Hallmark (msigdbr 26.1.0)	Capzb
HALLMARK_MITOTIC_SPINDLE	exploratory	MSigDB_Hallmark (msigdbr 26.1.0)	Ccdc88a
HALLMARK_MITOTIC_SPINDLE	exploratory	MSigDB_Hallmark (msigdbr 26.1.0)	Ccnb2
HALLMARK_MITOTIC_SPINDLE	exploratory	MSigDB_Hallmark (msigdbr 26.1.0)	Cd2ap
HALLMARK_MITOTIC_SPINDLE	exploratory	MSigDB_Hallmark (msigdbr 26.1.0)	Cdc27
HALLMARK_MITOTIC_SPINDLE	exploratory	MSigDB_Hallmark (msigdbr 26.1.0)	Cdc42
HALLMARK_MITOTIC_SPINDLE	exploratory	MSigDB_Hallmark (msigdbr 26.1.0)	Cdc42bpa
HALLMARK_MITOTIC_SPINDLE	exploratory	MSigDB_Hallmark (msigdbr 26.1.0)	Cdc42ep1
HALLMARK_MITOTIC_SPINDLE	exploratory	MSigDB_Hallmark (msigdbr 26.1.0)	Cdc42ep2
HALLMARK_MITOTIC_SPINDLE	exploratory	MSigDB_Hallmark (msigdbr 26.1.0)	Cdc42ep4
HALLMARK_MITOTIC_SPINDLE	exploratory	MSigDB_Hallmark (msigdbr 26.1.0)	Cdk1
HALLMARK_MITOTIC_SPINDLE	exploratory	MSigDB_Hallmark (msigdbr 26.1.0)	Cdk5rap2
HALLMARK_MITOTIC_SPINDLE	exploratory	MSigDB_Hallmark (msigdbr 26.1.0)	Cenpe
HALLMARK_MITOTIC_SPINDLE	exploratory	MSigDB_Hallmark (msigdbr 26.1.0)	Cenpf
HALLMARK_MITOTIC_SPINDLE	exploratory	MSigDB_Hallmark (msigdbr 26.1.0)	Cep131
HALLMARK_MITOTIC_SPINDLE	exploratory	MSigDB_Hallmark (msigdbr 26.1.0)	Cep192
HALLMARK_MITOTIC_SPINDLE	exploratory	MSigDB_Hallmark (msigdbr 26.1.0)	Cep250
HALLMARK_MITOTIC_SPINDLE	exploratory	MSigDB_Hallmark (msigdbr 26.1.0)	Cep57
HALLMARK_MITOTIC_SPINDLE	exploratory	MSigDB_Hallmark (msigdbr 26.1.0)	Cep72
HALLMARK_MITOTIC_SPINDLE	exploratory	MSigDB_Hallmark (msigdbr 26.1.0)	Ckap5
HALLMARK_MITOTIC_SPINDLE	exploratory	MSigDB_Hallmark (msigdbr 26.1.0)	Clasp1
HALLMARK_MITOTIC_SPINDLE	exploratory	MSigDB_Hallmark (msigdbr 26.1.0)	Clip1
HALLMARK_MITOTIC_SPINDLE	exploratory	MSigDB_Hallmark (msigdbr 26.1.0)	Clip2
HALLMARK_MITOTIC_SPINDLE	exploratory	MSigDB_Hallmark (msigdbr 26.1.0)	Cntrl
HALLMARK_MITOTIC_SPINDLE	exploratory	MSigDB_Hallmark (msigdbr 26.1.0)	Cntrob
HALLMARK_MITOTIC_SPINDLE	exploratory	MSigDB_Hallmark (msigdbr 26.1.0)	Cenpj
HALLMARK_MITOTIC_SPINDLE	exploratory	MSigDB_Hallmark (msigdbr 26.1.0)	Csnk1d
HALLMARK_MITOTIC_SPINDLE	exploratory	MSigDB_Hallmark (msigdbr 26.1.0)	Cttn
HALLMARK_MITOTIC_SPINDLE	exploratory	MSigDB_Hallmark (msigdbr 26.1.0)	Cyth2
HALLMARK_MITOTIC_SPINDLE	exploratory	MSigDB_Hallmark (msigdbr 26.1.0)	Dlg1
HALLMARK_MITOTIC_SPINDLE	exploratory	MSigDB_Hallmark (msigdbr 26.1.0)	Dlgap5
HALLMARK_MITOTIC_SPINDLE	exploratory	MSigDB_Hallmark (msigdbr 26.1.0)	Dock2
HALLMARK_MITOTIC_SPINDLE	exploratory	MSigDB_Hallmark (msigdbr 26.1.0)	Dock4
HALLMARK_MITOTIC_SPINDLE	exploratory	MSigDB_Hallmark (msigdbr 26.1.0)	Dst
HALLMARK_MITOTIC_SPINDLE	exploratory	MSigDB_Hallmark (msigdbr 26.1.0)	Dync1h1
HALLMARK_MITOTIC_SPINDLE	exploratory	MSigDB_Hallmark (msigdbr 26.1.0)	Dynll2
HALLMARK_MITOTIC_SPINDLE	exploratory	MSigDB_Hallmark (msigdbr 26.1.0)	Ect2
HALLMARK_MITOTIC_SPINDLE	exploratory	MSigDB_Hallmark (msigdbr 26.1.0)	Epb41
HALLMARK_MITOTIC_SPINDLE	exploratory	MSigDB_Hallmark (msigdbr 26.1.0)	Epb41l2
HALLMARK_MITOTIC_SPINDLE	exploratory	MSigDB_Hallmark (msigdbr 26.1.0)	Espl1
HALLMARK_MITOTIC_SPINDLE	exploratory	MSigDB_Hallmark (msigdbr 26.1.0)	Ezr
HALLMARK_MITOTIC_SPINDLE	exploratory	MSigDB_Hallmark (msigdbr 26.1.0)	Farp1
HALLMARK_MITOTIC_SPINDLE	exploratory	MSigDB_Hallmark (msigdbr 26.1.0)	Fbxo5
HALLMARK_MITOTIC_SPINDLE	exploratory	MSigDB_Hallmark (msigdbr 26.1.0)	Fgd4
HALLMARK_MITOTIC_SPINDLE	exploratory	MSigDB_Hallmark (msigdbr 26.1.0)	Fgd6
HALLMARK_MITOTIC_SPINDLE	exploratory	MSigDB_Hallmark (msigdbr 26.1.0)	Flna
HALLMARK_MITOTIC_SPINDLE	exploratory	MSigDB_Hallmark (msigdbr 26.1.0)	Flnb
HALLMARK_MITOTIC_SPINDLE	exploratory	MSigDB_Hallmark (msigdbr 26.1.0)	Fscn1
HALLMARK_MITOTIC_SPINDLE	exploratory	MSigDB_Hallmark (msigdbr 26.1.0)	Gemin4
HALLMARK_MITOTIC_SPINDLE	exploratory	MSigDB_Hallmark (msigdbr 26.1.0)	Gsn
HALLMARK_MITOTIC_SPINDLE	exploratory	MSigDB_Hallmark (msigdbr 26.1.0)	Hdac6
HALLMARK_MITOTIC_SPINDLE	exploratory	MSigDB_Hallmark (msigdbr 26.1.0)	Hook3
HALLMARK_MITOTIC_SPINDLE	exploratory	MSigDB_Hallmark (msigdbr 26.1.0)	Incenp
HALLMARK_MITOTIC_SPINDLE	exploratory	MSigDB_Hallmark (msigdbr 26.1.0)	Itsn1
HALLMARK_MITOTIC_SPINDLE	exploratory	MSigDB_Hallmark (msigdbr 26.1.0)	Katna1
HALLMARK_MITOTIC_SPINDLE	exploratory	MSigDB_Hallmark (msigdbr 26.1.0)	Katnb1
HALLMARK_MITOTIC_SPINDLE	exploratory	MSigDB_Hallmark (msigdbr 26.1.0)	Kif11
HALLMARK_MITOTIC_SPINDLE	exploratory	MSigDB_Hallmark (msigdbr 26.1.0)	Kif15
HALLMARK_MITOTIC_SPINDLE	exploratory	MSigDB_Hallmark (msigdbr 26.1.0)	Kif1b
HALLMARK_MITOTIC_SPINDLE	exploratory	MSigDB_Hallmark (msigdbr 26.1.0)	Kif20b
HALLMARK_MITOTIC_SPINDLE	exploratory	MSigDB_Hallmark (msigdbr 26.1.0)	Kif22
HALLMARK_MITOTIC_SPINDLE	exploratory	MSigDB_Hallmark (msigdbr 26.1.0)	Kif23
HALLMARK_MITOTIC_SPINDLE	exploratory	MSigDB_Hallmark (msigdbr 26.1.0)	Kif2c
HALLMARK_MITOTIC_SPINDLE	exploratory	MSigDB_Hallmark (msigdbr 26.1.0)	Kif3b
HALLMARK_MITOTIC_SPINDLE	exploratory	MSigDB_Hallmark (msigdbr 26.1.0)	Kif3c
HALLMARK_MITOTIC_SPINDLE	exploratory	MSigDB_Hallmark (msigdbr 26.1.0)	Kif4
HALLMARK_MITOTIC_SPINDLE	exploratory	MSigDB_Hallmark (msigdbr 26.1.0)	Kif5b
HALLMARK_MITOTIC_SPINDLE	exploratory	MSigDB_Hallmark (msigdbr 26.1.0)	Kifap3
HALLMARK_MITOTIC_SPINDLE	exploratory	MSigDB_Hallmark (msigdbr 26.1.0)	Klc1
HALLMARK_MITOTIC_SPINDLE	exploratory	MSigDB_Hallmark (msigdbr 26.1.0)	Kntc1
HALLMARK_MITOTIC_SPINDLE	exploratory	MSigDB_Hallmark (msigdbr 26.1.0)	Kptn
HALLMARK_MITOTIC_SPINDLE	exploratory	MSigDB_Hallmark (msigdbr 26.1.0)	Lats1
HALLMARK_MITOTIC_SPINDLE	exploratory	MSigDB_Hallmark (msigdbr 26.1.0)	Llgl1
HALLMARK_MITOTIC_SPINDLE	exploratory	MSigDB_Hallmark (msigdbr 26.1.0)	Lmnb1
HALLMARK_MITOTIC_SPINDLE	exploratory	MSigDB_Hallmark (msigdbr 26.1.0)	Lrpprc
HALLMARK_MITOTIC_SPINDLE	exploratory	MSigDB_Hallmark (msigdbr 26.1.0)	Map1s
HALLMARK_MITOTIC_SPINDLE	exploratory	MSigDB_Hallmark (msigdbr 26.1.0)	Map3k11
HALLMARK_MITOTIC_SPINDLE	exploratory	MSigDB_Hallmark (msigdbr 26.1.0)	Mapre1
HALLMARK_MITOTIC_SPINDLE	exploratory	MSigDB_Hallmark (msigdbr 26.1.0)	Marcks
HALLMARK_MITOTIC_SPINDLE	exploratory	MSigDB_Hallmark (msigdbr 26.1.0)	Mark4
HALLMARK_MITOTIC_SPINDLE	exploratory	MSigDB_Hallmark (msigdbr 26.1.0)	Mid1
HALLMARK_MITOTIC_SPINDLE	exploratory	MSigDB_Hallmark (msigdbr 26.1.0)	Mid1ip1
HALLMARK_MITOTIC_SPINDLE	exploratory	MSigDB_Hallmark (msigdbr 26.1.0)	Myh10
HALLMARK_MITOTIC_SPINDLE	exploratory	MSigDB_Hallmark (msigdbr 26.1.0)	Myh9
HALLMARK_MITOTIC_SPINDLE	exploratory	MSigDB_Hallmark (msigdbr 26.1.0)	Myo1e
HALLMARK_MITOTIC_SPINDLE	exploratory	MSigDB_Hallmark (msigdbr 26.1.0)	Myo9b
HALLMARK_MITOTIC_SPINDLE	exploratory	MSigDB_Hallmark (msigdbr 26.1.0)	Nck1
HALLMARK_MITOTIC_SPINDLE	exploratory	MSigDB_Hallmark (msigdbr 26.1.0)	Nck2
HALLMARK_MITOTIC_SPINDLE	exploratory	MSigDB_Hallmark (msigdbr 26.1.0)	Ndc80
HALLMARK_MITOTIC_SPINDLE	exploratory	MSigDB_Hallmark (msigdbr 26.1.0)	Nedd9
HALLMARK_MITOTIC_SPINDLE	exploratory	MSigDB_Hallmark (msigdbr 26.1.0)	Nek2
HALLMARK_MITOTIC_SPINDLE	exploratory	MSigDB_Hallmark (msigdbr 26.1.0)	Net1
HALLMARK_MITOTIC_SPINDLE	exploratory	MSigDB_Hallmark (msigdbr 26.1.0)	Nf1
HALLMARK_MITOTIC_SPINDLE	exploratory	MSigDB_Hallmark (msigdbr 26.1.0)	Nin
HALLMARK_MITOTIC_SPINDLE	exploratory	MSigDB_Hallmark (msigdbr 26.1.0)	Notch2
HALLMARK_MITOTIC_SPINDLE	exploratory	MSigDB_Hallmark (msigdbr 26.1.0)	Numa1
HALLMARK_MITOTIC_SPINDLE	exploratory	MSigDB_Hallmark (msigdbr 26.1.0)	Nusap1
HALLMARK_MITOTIC_SPINDLE	exploratory	MSigDB_Hallmark (msigdbr 26.1.0)	Ophn1
HALLMARK_MITOTIC_SPINDLE	exploratory	MSigDB_Hallmark (msigdbr 26.1.0)	Pafah1b1
HALLMARK_MITOTIC_SPINDLE	exploratory	MSigDB_Hallmark (msigdbr 26.1.0)	Palld
HALLMARK_MITOTIC_SPINDLE	exploratory	MSigDB_Hallmark (msigdbr 26.1.0)	Pcgf5
HALLMARK_MITOTIC_SPINDLE	exploratory	MSigDB_Hallmark (msigdbr 26.1.0)	Pcm1
HALLMARK_MITOTIC_SPINDLE	exploratory	MSigDB_Hallmark (msigdbr 26.1.0)	Pcnt
HALLMARK_MITOTIC_SPINDLE	exploratory	MSigDB_Hallmark (msigdbr 26.1.0)	Pdlim5
HALLMARK_MITOTIC_SPINDLE	exploratory	MSigDB_Hallmark (msigdbr 26.1.0)	Pif1
HALLMARK_MITOTIC_SPINDLE	exploratory	MSigDB_Hallmark (msigdbr 26.1.0)	Pkd2
HALLMARK_MITOTIC_SPINDLE	exploratory	MSigDB_Hallmark (msigdbr 26.1.0)	Plekhg2
HALLMARK_MITOTIC_SPINDLE	exploratory	MSigDB_Hallmark (msigdbr 26.1.0)	Plk1
HALLMARK_MITOTIC_SPINDLE	exploratory	MSigDB_Hallmark (msigdbr 26.1.0)	Ppp4r2
HALLMARK_MITOTIC_SPINDLE	exploratory	MSigDB_Hallmark (msigdbr 26.1.0)	Prc1
HALLMARK_MITOTIC_SPINDLE	exploratory	MSigDB_Hallmark (msigdbr 26.1.0)	Prex1
HALLMARK_MITOTIC_SPINDLE	exploratory	MSigDB_Hallmark (msigdbr 26.1.0)	Pxn
HALLMARK_MITOTIC_SPINDLE	exploratory	MSigDB_Hallmark (msigdbr 26.1.0)	Rab3gap1
HALLMARK_MITOTIC_SPINDLE	exploratory	MSigDB_Hallmark (msigdbr 26.1.0)	Rabgap1
HALLMARK_MITOTIC_SPINDLE	exploratory	MSigDB_Hallmark (msigdbr 26.1.0)	Racgap1
HALLMARK_MITOTIC_SPINDLE	exploratory	MSigDB_Hallmark (msigdbr 26.1.0)	Ralbp1
HALLMARK_MITOTIC_SPINDLE	exploratory	MSigDB_Hallmark (msigdbr 26.1.0)	Ranbp9
HALLMARK_MITOTIC_SPINDLE	exploratory	MSigDB_Hallmark (msigdbr 26.1.0)	Rapgef5
HALLMARK_MITOTIC_SPINDLE	exploratory	MSigDB_Hallmark (msigdbr 26.1.0)	Rapgef6
HALLMARK_MITOTIC_SPINDLE	exploratory	MSigDB_Hallmark (msigdbr 26.1.0)	Rasa1
HALLMARK_MITOTIC_SPINDLE	exploratory	MSigDB_Hallmark (msigdbr 26.1.0)	Rasa2
HALLMARK_MITOTIC_SPINDLE	exploratory	MSigDB_Hallmark (msigdbr 26.1.0)	Rasal2
HALLMARK_MITOTIC_SPINDLE	exploratory	MSigDB_Hallmark (msigdbr 26.1.0)	Rfc1
HALLMARK_MITOTIC_SPINDLE	exploratory	MSigDB_Hallmark (msigdbr 26.1.0)	Rhof
HALLMARK_MITOTIC_SPINDLE	exploratory	MSigDB_Hallmark (msigdbr 26.1.0)	Rhot2
HALLMARK_MITOTIC_SPINDLE	exploratory	MSigDB_Hallmark (msigdbr 26.1.0)	Rictor
HALLMARK_MITOTIC_SPINDLE	exploratory	MSigDB_Hallmark (msigdbr 26.1.0)	Rock1
HALLMARK_MITOTIC_SPINDLE	exploratory	MSigDB_Hallmark (msigdbr 26.1.0)	Sac3d1
HALLMARK_MITOTIC_SPINDLE	exploratory	MSigDB_Hallmark (msigdbr 26.1.0)	Sass6
HALLMARK_MITOTIC_SPINDLE	exploratory	MSigDB_Hallmark (msigdbr 26.1.0)	Septin9
HALLMARK_MITOTIC_SPINDLE	exploratory	MSigDB_Hallmark (msigdbr 26.1.0)	Shroom1
HALLMARK_MITOTIC_SPINDLE	exploratory	MSigDB_Hallmark (msigdbr 26.1.0)	Shroom2
HALLMARK_MITOTIC_SPINDLE	exploratory	MSigDB_Hallmark (msigdbr 26.1.0)	Smc1a
HALLMARK_MITOTIC_SPINDLE	exploratory	MSigDB_Hallmark (msigdbr 26.1.0)	Smc3
HALLMARK_MITOTIC_SPINDLE	exploratory	MSigDB_Hallmark (msigdbr 26.1.0)	Smc4
HALLMARK_MITOTIC_SPINDLE	exploratory	MSigDB_Hallmark (msigdbr 26.1.0)	Sorbs2
HALLMARK_MITOTIC_SPINDLE	exploratory	MSigDB_Hallmark (msigdbr 26.1.0)	Sos1
HALLMARK_MITOTIC_SPINDLE	exploratory	MSigDB_Hallmark (msigdbr 26.1.0)	Sptan1
HALLMARK_MITOTIC_SPINDLE	exploratory	MSigDB_Hallmark (msigdbr 26.1.0)	Sptbn1
HALLMARK_MITOTIC_SPINDLE	exploratory	MSigDB_Hallmark (msigdbr 26.1.0)	Ssh2
HALLMARK_MITOTIC_SPINDLE	exploratory	MSigDB_Hallmark (msigdbr 26.1.0)	Stau1
HALLMARK_MITOTIC_SPINDLE	exploratory	MSigDB_Hallmark (msigdbr 26.1.0)	Stk38l
HALLMARK_MITOTIC_SPINDLE	exploratory	MSigDB_Hallmark (msigdbr 26.1.0)	Sun2
HALLMARK_MITOTIC_SPINDLE	exploratory	MSigDB_Hallmark (msigdbr 26.1.0)	Synpo
HALLMARK_MITOTIC_SPINDLE	exploratory	MSigDB_Hallmark (msigdbr 26.1.0)	Taok2
HALLMARK_MITOTIC_SPINDLE	exploratory	MSigDB_Hallmark (msigdbr 26.1.0)	Tbcd
HALLMARK_MITOTIC_SPINDLE	exploratory	MSigDB_Hallmark (msigdbr 26.1.0)	Tiam1
HALLMARK_MITOTIC_SPINDLE	exploratory	MSigDB_Hallmark (msigdbr 26.1.0)	Tlk1
HALLMARK_MITOTIC_SPINDLE	exploratory	MSigDB_Hallmark (msigdbr 26.1.0)	Top2a
HALLMARK_MITOTIC_SPINDLE	exploratory	MSigDB_Hallmark (msigdbr 26.1.0)	Tpx2
HALLMARK_MITOTIC_SPINDLE	exploratory	MSigDB_Hallmark (msigdbr 26.1.0)	Trio
HALLMARK_MITOTIC_SPINDLE	exploratory	MSigDB_Hallmark (msigdbr 26.1.0)	Tsc1
HALLMARK_MITOTIC_SPINDLE	exploratory	MSigDB_Hallmark (msigdbr 26.1.0)	Ttk
HALLMARK_MITOTIC_SPINDLE	exploratory	MSigDB_Hallmark (msigdbr 26.1.0)	Tuba4a
HALLMARK_MITOTIC_SPINDLE	exploratory	MSigDB_Hallmark (msigdbr 26.1.0)	Tubd1
HALLMARK_MITOTIC_SPINDLE	exploratory	MSigDB_Hallmark (msigdbr 26.1.0)	Tubgcp2
HALLMARK_MITOTIC_SPINDLE	exploratory	MSigDB_Hallmark (msigdbr 26.1.0)	Tubgcp3
HALLMARK_MITOTIC_SPINDLE	exploratory	MSigDB_Hallmark (msigdbr 26.1.0)	Tubgcp5
HALLMARK_MITOTIC_SPINDLE	exploratory	MSigDB_Hallmark (msigdbr 26.1.0)	Tubgcp6
HALLMARK_MITOTIC_SPINDLE	exploratory	MSigDB_Hallmark (msigdbr 26.1.0)	Uxt
HALLMARK_MITOTIC_SPINDLE	exploratory	MSigDB_Hallmark (msigdbr 26.1.0)	Vcl
HALLMARK_MITOTIC_SPINDLE	exploratory	MSigDB_Hallmark (msigdbr 26.1.0)	Wasf1
HALLMARK_MITOTIC_SPINDLE	exploratory	MSigDB_Hallmark (msigdbr 26.1.0)	Wasf2
HALLMARK_MITOTIC_SPINDLE	exploratory	MSigDB_Hallmark (msigdbr 26.1.0)	Wasl
HALLMARK_MITOTIC_SPINDLE	exploratory	MSigDB_Hallmark (msigdbr 26.1.0)	Ywhae
HALLMARK_MTORC1_SIGNALING	exploratory	MSigDB_Hallmark (msigdbr 26.1.0)	Abcf2
HALLMARK_MTORC1_SIGNALING	exploratory	MSigDB_Hallmark (msigdbr 26.1.0)	Acaca
HALLMARK_MTORC1_SIGNALING	exploratory	MSigDB_Hallmark (msigdbr 26.1.0)	Acly
HALLMARK_MTORC1_SIGNALING	exploratory	MSigDB_Hallmark (msigdbr 26.1.0)	Acsl3
HALLMARK_MTORC1_SIGNALING	exploratory	MSigDB_Hallmark (msigdbr 26.1.0)	Actr2
HALLMARK_MTORC1_SIGNALING	exploratory	MSigDB_Hallmark (msigdbr 26.1.0)	Actr3
HALLMARK_MTORC1_SIGNALING	exploratory	MSigDB_Hallmark (msigdbr 26.1.0)	Add3
HALLMARK_MTORC1_SIGNALING	exploratory	MSigDB_Hallmark (msigdbr 26.1.0)	Adipor2
HALLMARK_MTORC1_SIGNALING	exploratory	MSigDB_Hallmark (msigdbr 26.1.0)	Ak4
HALLMARK_MTORC1_SIGNALING	exploratory	MSigDB_Hallmark (msigdbr 26.1.0)	Aldoa
HALLMARK_MTORC1_SIGNALING	exploratory	MSigDB_Hallmark (msigdbr 26.1.0)	Arpc5l
HALLMARK_MTORC1_SIGNALING	exploratory	MSigDB_Hallmark (msigdbr 26.1.0)	Asns
HALLMARK_MTORC1_SIGNALING	exploratory	MSigDB_Hallmark (msigdbr 26.1.0)	Atp2a2
HALLMARK_MTORC1_SIGNALING	exploratory	MSigDB_Hallmark (msigdbr 26.1.0)	Atp5g1
HALLMARK_MTORC1_SIGNALING	exploratory	MSigDB_Hallmark (msigdbr 26.1.0)	Atp6v1d
HALLMARK_MTORC1_SIGNALING	exploratory	MSigDB_Hallmark (msigdbr 26.1.0)	Aurka
HALLMARK_MTORC1_SIGNALING	exploratory	MSigDB_Hallmark (msigdbr 26.1.0)	Bcat1
HALLMARK_MTORC1_SIGNALING	exploratory	MSigDB_Hallmark (msigdbr 26.1.0)	Bhlhe40
HALLMARK_MTORC1_SIGNALING	exploratory	MSigDB_Hallmark (msigdbr 26.1.0)	Btg2
HALLMARK_MTORC1_SIGNALING	exploratory	MSigDB_Hallmark (msigdbr 26.1.0)	Bub1
HALLMARK_MTORC1_SIGNALING	exploratory	MSigDB_Hallmark (msigdbr 26.1.0)	Cacybp
HALLMARK_MTORC1_SIGNALING	exploratory	MSigDB_Hallmark (msigdbr 26.1.0)	Calr
HALLMARK_MTORC1_SIGNALING	exploratory	MSigDB_Hallmark (msigdbr 26.1.0)	Canx
HALLMARK_MTORC1_SIGNALING	exploratory	MSigDB_Hallmark (msigdbr 26.1.0)	Ccnf
HALLMARK_MTORC1_SIGNALING	exploratory	MSigDB_Hallmark (msigdbr 26.1.0)	Ccng1
HALLMARK_MTORC1_SIGNALING	exploratory	MSigDB_Hallmark (msigdbr 26.1.0)	Cct6a
HALLMARK_MTORC1_SIGNALING	exploratory	MSigDB_Hallmark (msigdbr 26.1.0)	Cd9
HALLMARK_MTORC1_SIGNALING	exploratory	MSigDB_Hallmark (msigdbr 26.1.0)	Cdc25a
HALLMARK_MTORC1_SIGNALING	exploratory	MSigDB_Hallmark (msigdbr 26.1.0)	Cdkn1a
HALLMARK_MTORC1_SIGNALING	exploratory	MSigDB_Hallmark (msigdbr 26.1.0)	Cfp
HALLMARK_MTORC1_SIGNALING	exploratory	MSigDB_Hallmark (msigdbr 26.1.0)	Cops5
HALLMARK_MTORC1_SIGNALING	exploratory	MSigDB_Hallmark (msigdbr 26.1.0)	Coro1a
HALLMARK_MTORC1_SIGNALING	exploratory	MSigDB_Hallmark (msigdbr 26.1.0)	Cth
HALLMARK_MTORC1_SIGNALING	exploratory	MSigDB_Hallmark (msigdbr 26.1.0)	Ctsc
HALLMARK_MTORC1_SIGNALING	exploratory	MSigDB_Hallmark (msigdbr 26.1.0)	Cxcr4
HALLMARK_MTORC1_SIGNALING	exploratory	MSigDB_Hallmark (msigdbr 26.1.0)	Cyb5b
HALLMARK_MTORC1_SIGNALING	exploratory	MSigDB_Hallmark (msigdbr 26.1.0)	Cyp51
HALLMARK_MTORC1_SIGNALING	exploratory	MSigDB_Hallmark (msigdbr 26.1.0)	Dapp1
HALLMARK_MTORC1_SIGNALING	exploratory	MSigDB_Hallmark (msigdbr 26.1.0)	Ddit3
HALLMARK_MTORC1_SIGNALING	exploratory	MSigDB_Hallmark (msigdbr 26.1.0)	Ddit4
HALLMARK_MTORC1_SIGNALING	exploratory	MSigDB_Hallmark (msigdbr 26.1.0)	Ddx39a
HALLMARK_MTORC1_SIGNALING	exploratory	MSigDB_Hallmark (msigdbr 26.1.0)	Dhcr24
HALLMARK_MTORC1_SIGNALING	exploratory	MSigDB_Hallmark (msigdbr 26.1.0)	Dhcr7
HALLMARK_MTORC1_SIGNALING	exploratory	MSigDB_Hallmark (msigdbr 26.1.0)	Dhfr
HALLMARK_MTORC1_SIGNALING	exploratory	MSigDB_Hallmark (msigdbr 26.1.0)	Ebp
HALLMARK_MTORC1_SIGNALING	exploratory	MSigDB_Hallmark (msigdbr 26.1.0)	Edem1
HALLMARK_MTORC1_SIGNALING	exploratory	MSigDB_Hallmark (msigdbr 26.1.0)	Eef1e1
HALLMARK_MTORC1_SIGNALING	exploratory	MSigDB_Hallmark (msigdbr 26.1.0)	Egln3
HALLMARK_MTORC1_SIGNALING	exploratory	MSigDB_Hallmark (msigdbr 26.1.0)	Eif2s2
HALLMARK_MTORC1_SIGNALING	exploratory	MSigDB_Hallmark (msigdbr 26.1.0)	Elovl5
HALLMARK_MTORC1_SIGNALING	exploratory	MSigDB_Hallmark (msigdbr 26.1.0)	Elovl6
HALLMARK_MTORC1_SIGNALING	exploratory	MSigDB_Hallmark (msigdbr 26.1.0)	Eno1
HALLMARK_MTORC1_SIGNALING	exploratory	MSigDB_Hallmark (msigdbr 26.1.0)	Eprs
HALLMARK_MTORC1_SIGNALING	exploratory	MSigDB_Hallmark (msigdbr 26.1.0)	Ero1a
HALLMARK_MTORC1_SIGNALING	exploratory	MSigDB_Hallmark (msigdbr 26.1.0)	Etf1
HALLMARK_MTORC1_SIGNALING	exploratory	MSigDB_Hallmark (msigdbr 26.1.0)	Fads1
HALLMARK_MTORC1_SIGNALING	exploratory	MSigDB_Hallmark (msigdbr 26.1.0)	Fads2
HALLMARK_MTORC1_SIGNALING	exploratory	MSigDB_Hallmark (msigdbr 26.1.0)	Fdxr
HALLMARK_MTORC1_SIGNALING	exploratory	MSigDB_Hallmark (msigdbr 26.1.0)	Fgl2
HALLMARK_MTORC1_SIGNALING	exploratory	MSigDB_Hallmark (msigdbr 26.1.0)	Fkbp2
HALLMARK_MTORC1_SIGNALING	exploratory	MSigDB_Hallmark (msigdbr 26.1.0)	G6pdx
HALLMARK_MTORC1_SIGNALING	exploratory	MSigDB_Hallmark (msigdbr 26.1.0)	Gapdh
HALLMARK_MTORC1_SIGNALING	exploratory	MSigDB_Hallmark (msigdbr 26.1.0)	Gbe1
HALLMARK_MTORC1_SIGNALING	exploratory	MSigDB_Hallmark (msigdbr 26.1.0)	Gclc
HALLMARK_MTORC1_SIGNALING	exploratory	MSigDB_Hallmark (msigdbr 26.1.0)	Gga2
HALLMARK_MTORC1_SIGNALING	exploratory	MSigDB_Hallmark (msigdbr 26.1.0)	Gla
HALLMARK_MTORC1_SIGNALING	exploratory	MSigDB_Hallmark (msigdbr 26.1.0)	Glrx
HALLMARK_MTORC1_SIGNALING	exploratory	MSigDB_Hallmark (msigdbr 26.1.0)	Gmps
HALLMARK_MTORC1_SIGNALING	exploratory	MSigDB_Hallmark (msigdbr 26.1.0)	Got1
HALLMARK_MTORC1_SIGNALING	exploratory	MSigDB_Hallmark (msigdbr 26.1.0)	Gpi1
HALLMARK_MTORC1_SIGNALING	exploratory	MSigDB_Hallmark (msigdbr 26.1.0)	Gsk3b
HALLMARK_MTORC1_SIGNALING	exploratory	MSigDB_Hallmark (msigdbr 26.1.0)	Gsr
HALLMARK_MTORC1_SIGNALING	exploratory	MSigDB_Hallmark (msigdbr 26.1.0)	Gtf2h1
HALLMARK_MTORC1_SIGNALING	exploratory	MSigDB_Hallmark (msigdbr 26.1.0)	Hk2
HALLMARK_MTORC1_SIGNALING	exploratory	MSigDB_Hallmark (msigdbr 26.1.0)	Hmbs
HALLMARK_MTORC1_SIGNALING	exploratory	MSigDB_Hallmark (msigdbr 26.1.0)	Hmgcr
HALLMARK_MTORC1_SIGNALING	exploratory	MSigDB_Hallmark (msigdbr 26.1.0)	Hmgcs1
HALLMARK_MTORC1_SIGNALING	exploratory	MSigDB_Hallmark (msigdbr 26.1.0)	Hprt
HALLMARK_MTORC1_SIGNALING	exploratory	MSigDB_Hallmark (msigdbr 26.1.0)	Hsp90b1
HALLMARK_MTORC1_SIGNALING	exploratory	MSigDB_Hallmark (msigdbr 26.1.0)	Hspa4
HALLMARK_MTORC1_SIGNALING	exploratory	MSigDB_Hallmark (msigdbr 26.1.0)	Hspa5
HALLMARK_MTORC1_SIGNALING	exploratory	MSigDB_Hallmark (msigdbr 26.1.0)	Hspa9
HALLMARK_MTORC1_SIGNALING	exploratory	MSigDB_Hallmark (msigdbr 26.1.0)	Hspd1
HALLMARK_MTORC1_SIGNALING	exploratory	MSigDB_Hallmark (msigdbr 26.1.0)	Hspe1
HALLMARK_MTORC1_SIGNALING	exploratory	MSigDB_Hallmark (msigdbr 26.1.0)	Idh1
HALLMARK_MTORC1_SIGNALING	exploratory	MSigDB_Hallmark (msigdbr 26.1.0)	Idi1
HALLMARK_MTORC1_SIGNALING	exploratory	MSigDB_Hallmark (msigdbr 26.1.0)	Ifi30
HALLMARK_MTORC1_SIGNALING	exploratory	MSigDB_Hallmark (msigdbr 26.1.0)	Ifrd1
HALLMARK_MTORC1_SIGNALING	exploratory	MSigDB_Hallmark (msigdbr 26.1.0)	Igfbp5
HALLMARK_MTORC1_SIGNALING	exploratory	MSigDB_Hallmark (msigdbr 26.1.0)	Immt
HALLMARK_MTORC1_SIGNALING	exploratory	MSigDB_Hallmark (msigdbr 26.1.0)	Insig1
HALLMARK_MTORC1_SIGNALING	exploratory	MSigDB_Hallmark (msigdbr 26.1.0)	Itgb2
HALLMARK_MTORC1_SIGNALING	exploratory	MSigDB_Hallmark (msigdbr 26.1.0)	Ldha
HALLMARK_MTORC1_SIGNALING	exploratory	MSigDB_Hallmark (msigdbr 26.1.0)	Ldlr
HALLMARK_MTORC1_SIGNALING	exploratory	MSigDB_Hallmark (msigdbr 26.1.0)	Lgmn
HALLMARK_MTORC1_SIGNALING	exploratory	MSigDB_Hallmark (msigdbr 26.1.0)	Lta4h
HALLMARK_MTORC1_SIGNALING	exploratory	MSigDB_Hallmark (msigdbr 26.1.0)	M6pr
HALLMARK_MTORC1_SIGNALING	exploratory	MSigDB_Hallmark (msigdbr 26.1.0)	Map2k3
HALLMARK_MTORC1_SIGNALING	exploratory	MSigDB_Hallmark (msigdbr 26.1.0)	Mcm2
HALLMARK_MTORC1_SIGNALING	exploratory	MSigDB_Hallmark (msigdbr 26.1.0)	Mcm4
HALLMARK_MTORC1_SIGNALING	exploratory	MSigDB_Hallmark (msigdbr 26.1.0)	Me1
HALLMARK_MTORC1_SIGNALING	exploratory	MSigDB_Hallmark (msigdbr 26.1.0)	Mllt11
HALLMARK_MTORC1_SIGNALING	exploratory	MSigDB_Hallmark (msigdbr 26.1.0)	Mthfd2
HALLMARK_MTORC1_SIGNALING	exploratory	MSigDB_Hallmark (msigdbr 26.1.0)	Mthfd2l
HALLMARK_MTORC1_SIGNALING	exploratory	MSigDB_Hallmark (msigdbr 26.1.0)	Nampt
HALLMARK_MTORC1_SIGNALING	exploratory	MSigDB_Hallmark (msigdbr 26.1.0)	Nfil3
HALLMARK_MTORC1_SIGNALING	exploratory	MSigDB_Hallmark (msigdbr 26.1.0)	Nfkbib
HALLMARK_MTORC1_SIGNALING	exploratory	MSigDB_Hallmark (msigdbr 26.1.0)	Nfyc
HALLMARK_MTORC1_SIGNALING	exploratory	MSigDB_Hallmark (msigdbr 26.1.0)	Slc9a3r1
HALLMARK_MTORC1_SIGNALING	exploratory	MSigDB_Hallmark (msigdbr 26.1.0)	Niban1
HALLMARK_MTORC1_SIGNALING	exploratory	MSigDB_Hallmark (msigdbr 26.1.0)	Nmt1
HALLMARK_MTORC1_SIGNALING	exploratory	MSigDB_Hallmark (msigdbr 26.1.0)	Nufip1
HALLMARK_MTORC1_SIGNALING	exploratory	MSigDB_Hallmark (msigdbr 26.1.0)	Nup205
HALLMARK_MTORC1_SIGNALING	exploratory	MSigDB_Hallmark (msigdbr 26.1.0)	Nupr1
HALLMARK_MTORC1_SIGNALING	exploratory	MSigDB_Hallmark (msigdbr 26.1.0)	P4ha1
HALLMARK_MTORC1_SIGNALING	exploratory	MSigDB_Hallmark (msigdbr 26.1.0)	Pdap1
HALLMARK_MTORC1_SIGNALING	exploratory	MSigDB_Hallmark (msigdbr 26.1.0)	Pdk1
HALLMARK_MTORC1_SIGNALING	exploratory	MSigDB_Hallmark (msigdbr 26.1.0)	Pfkl
HALLMARK_MTORC1_SIGNALING	exploratory	MSigDB_Hallmark (msigdbr 26.1.0)	Pgk1
HALLMARK_MTORC1_SIGNALING	exploratory	MSigDB_Hallmark (msigdbr 26.1.0)	Pgm1
HALLMARK_MTORC1_SIGNALING	exploratory	MSigDB_Hallmark (msigdbr 26.1.0)	Phgdh
HALLMARK_MTORC1_SIGNALING	exploratory	MSigDB_Hallmark (msigdbr 26.1.0)	Pik3r3
HALLMARK_MTORC1_SIGNALING	exploratory	MSigDB_Hallmark (msigdbr 26.1.0)	Pitpnb
HALLMARK_MTORC1_SIGNALING	exploratory	MSigDB_Hallmark (msigdbr 26.1.0)	Plk1
HALLMARK_MTORC1_SIGNALING	exploratory	MSigDB_Hallmark (msigdbr 26.1.0)	Plod2
HALLMARK_MTORC1_SIGNALING	exploratory	MSigDB_Hallmark (msigdbr 26.1.0)	Pno1
HALLMARK_MTORC1_SIGNALING	exploratory	MSigDB_Hallmark (msigdbr 26.1.0)	Pnp2
HALLMARK_MTORC1_SIGNALING	exploratory	MSigDB_Hallmark (msigdbr 26.1.0)	Polr3g
HALLMARK_MTORC1_SIGNALING	exploratory	MSigDB_Hallmark (msigdbr 26.1.0)	Ppa1
HALLMARK_MTORC1_SIGNALING	exploratory	MSigDB_Hallmark (msigdbr 26.1.0)	Ppia
HALLMARK_MTORC1_SIGNALING	exploratory	MSigDB_Hallmark (msigdbr 26.1.0)	Ppp1r15a
HALLMARK_MTORC1_SIGNALING	exploratory	MSigDB_Hallmark (msigdbr 26.1.0)	Prdx1
HALLMARK_MTORC1_SIGNALING	exploratory	MSigDB_Hallmark (msigdbr 26.1.0)	Psat1
HALLMARK_MTORC1_SIGNALING	exploratory	MSigDB_Hallmark (msigdbr 26.1.0)	Psma3
HALLMARK_MTORC1_SIGNALING	exploratory	MSigDB_Hallmark (msigdbr 26.1.0)	Psma4
HALLMARK_MTORC1_SIGNALING	exploratory	MSigDB_Hallmark (msigdbr 26.1.0)	Psmb5
HALLMARK_MTORC1_SIGNALING	exploratory	MSigDB_Hallmark (msigdbr 26.1.0)	Psmc2
HALLMARK_MTORC1_SIGNALING	exploratory	MSigDB_Hallmark (msigdbr 26.1.0)	Psmc4
HALLMARK_MTORC1_SIGNALING	exploratory	MSigDB_Hallmark (msigdbr 26.1.0)	Psmc6
HALLMARK_MTORC1_SIGNALING	exploratory	MSigDB_Hallmark (msigdbr 26.1.0)	Psmd12
HALLMARK_MTORC1_SIGNALING	exploratory	MSigDB_Hallmark (msigdbr 26.1.0)	Psmd13
HALLMARK_MTORC1_SIGNALING	exploratory	MSigDB_Hallmark (msigdbr 26.1.0)	Psmd14
HALLMARK_MTORC1_SIGNALING	exploratory	MSigDB_Hallmark (msigdbr 26.1.0)	Psme3
HALLMARK_MTORC1_SIGNALING	exploratory	MSigDB_Hallmark (msigdbr 26.1.0)	Psmg1
HALLMARK_MTORC1_SIGNALING	exploratory	MSigDB_Hallmark (msigdbr 26.1.0)	Psph
HALLMARK_MTORC1_SIGNALING	exploratory	MSigDB_Hallmark (msigdbr 26.1.0)	Qdpr
HALLMARK_MTORC1_SIGNALING	exploratory	MSigDB_Hallmark (msigdbr 26.1.0)	Rab1a
HALLMARK_MTORC1_SIGNALING	exploratory	MSigDB_Hallmark (msigdbr 26.1.0)	Rdh11
HALLMARK_MTORC1_SIGNALING	exploratory	MSigDB_Hallmark (msigdbr 26.1.0)	Rit1
HALLMARK_MTORC1_SIGNALING	exploratory	MSigDB_Hallmark (msigdbr 26.1.0)	Rpa1
HALLMARK_MTORC1_SIGNALING	exploratory	MSigDB_Hallmark (msigdbr 26.1.0)	Rpn1
HALLMARK_MTORC1_SIGNALING	exploratory	MSigDB_Hallmark (msigdbr 26.1.0)	Rrm2
HALLMARK_MTORC1_SIGNALING	exploratory	MSigDB_Hallmark (msigdbr 26.1.0)	Rrp9
HALLMARK_MTORC1_SIGNALING	exploratory	MSigDB_Hallmark (msigdbr 26.1.0)	Sc5d
HALLMARK_MTORC1_SIGNALING	exploratory	MSigDB_Hallmark (msigdbr 26.1.0)	Scd1
HALLMARK_MTORC1_SIGNALING	exploratory	MSigDB_Hallmark (msigdbr 26.1.0)	Scd2
HALLMARK_MTORC1_SIGNALING	exploratory	MSigDB_Hallmark (msigdbr 26.1.0)	Sdf2l1
HALLMARK_MTORC1_SIGNALING	exploratory	MSigDB_Hallmark (msigdbr 26.1.0)	Sec11a
HALLMARK_MTORC1_SIGNALING	exploratory	MSigDB_Hallmark (msigdbr 26.1.0)	Serp1
HALLMARK_MTORC1_SIGNALING	exploratory	MSigDB_Hallmark (msigdbr 26.1.0)	Serpinh1
HALLMARK_MTORC1_SIGNALING	exploratory	MSigDB_Hallmark (msigdbr 26.1.0)	Shmt2
HALLMARK_MTORC1_SIGNALING	exploratory	MSigDB_Hallmark (msigdbr 26.1.0)	Skap2
HALLMARK_MTORC1_SIGNALING	exploratory	MSigDB_Hallmark (msigdbr 26.1.0)	Sla
HALLMARK_MTORC1_SIGNALING	exploratory	MSigDB_Hallmark (msigdbr 26.1.0)	Slc1a4
HALLMARK_MTORC1_SIGNALING	exploratory	MSigDB_Hallmark (msigdbr 26.1.0)	Slc1a5
HALLMARK_MTORC1_SIGNALING	exploratory	MSigDB_Hallmark (msigdbr 26.1.0)	Slc2a1
HALLMARK_MTORC1_SIGNALING	exploratory	MSigDB_Hallmark (msigdbr 26.1.0)	Slc2a3
HALLMARK_MTORC1_SIGNALING	exploratory	MSigDB_Hallmark (msigdbr 26.1.0)	Slc37a4
HALLMARK_MTORC1_SIGNALING	exploratory	MSigDB_Hallmark (msigdbr 26.1.0)	Slc6a6
HALLMARK_MTORC1_SIGNALING	exploratory	MSigDB_Hallmark (msigdbr 26.1.0)	Slc7a11
HALLMARK_MTORC1_SIGNALING	exploratory	MSigDB_Hallmark (msigdbr 26.1.0)	Slc7a5
HALLMARK_MTORC1_SIGNALING	exploratory	MSigDB_Hallmark (msigdbr 26.1.0)	Sord
HALLMARK_MTORC1_SIGNALING	exploratory	MSigDB_Hallmark (msigdbr 26.1.0)	Sqle
HALLMARK_MTORC1_SIGNALING	exploratory	MSigDB_Hallmark (msigdbr 26.1.0)	Sqstm1
HALLMARK_MTORC1_SIGNALING	exploratory	MSigDB_Hallmark (msigdbr 26.1.0)	Srd5a1
HALLMARK_MTORC1_SIGNALING	exploratory	MSigDB_Hallmark (msigdbr 26.1.0)	Ssr1
HALLMARK_MTORC1_SIGNALING	exploratory	MSigDB_Hallmark (msigdbr 26.1.0)	Stard4
HALLMARK_MTORC1_SIGNALING	exploratory	MSigDB_Hallmark (msigdbr 26.1.0)	Stc1
HALLMARK_MTORC1_SIGNALING	exploratory	MSigDB_Hallmark (msigdbr 26.1.0)	Stip1
HALLMARK_MTORC1_SIGNALING	exploratory	MSigDB_Hallmark (msigdbr 26.1.0)	Sytl2
HALLMARK_MTORC1_SIGNALING	exploratory	MSigDB_Hallmark (msigdbr 26.1.0)	Tbk1
HALLMARK_MTORC1_SIGNALING	exploratory	MSigDB_Hallmark (msigdbr 26.1.0)	Tcea1
HALLMARK_MTORC1_SIGNALING	exploratory	MSigDB_Hallmark (msigdbr 26.1.0)	Tes
HALLMARK_MTORC1_SIGNALING	exploratory	MSigDB_Hallmark (msigdbr 26.1.0)	Tfrc
HALLMARK_MTORC1_SIGNALING	exploratory	MSigDB_Hallmark (msigdbr 26.1.0)	Tm7sf2
HALLMARK_MTORC1_SIGNALING	exploratory	MSigDB_Hallmark (msigdbr 26.1.0)	Tmem97
HALLMARK_MTORC1_SIGNALING	exploratory	MSigDB_Hallmark (msigdbr 26.1.0)	Tomm40
HALLMARK_MTORC1_SIGNALING	exploratory	MSigDB_Hallmark (msigdbr 26.1.0)	Tpi1
HALLMARK_MTORC1_SIGNALING	exploratory	MSigDB_Hallmark (msigdbr 26.1.0)	Trib3
HALLMARK_MTORC1_SIGNALING	exploratory	MSigDB_Hallmark (msigdbr 26.1.0)	Tuba4a
HALLMARK_MTORC1_SIGNALING	exploratory	MSigDB_Hallmark (msigdbr 26.1.0)	Tubg1
HALLMARK_MTORC1_SIGNALING	exploratory	MSigDB_Hallmark (msigdbr 26.1.0)	Txnrd1
HALLMARK_MTORC1_SIGNALING	exploratory	MSigDB_Hallmark (msigdbr 26.1.0)	Ube2d3
HALLMARK_MTORC1_SIGNALING	exploratory	MSigDB_Hallmark (msigdbr 26.1.0)	Uchl5
HALLMARK_MTORC1_SIGNALING	exploratory	MSigDB_Hallmark (msigdbr 26.1.0)	Ufm1
HALLMARK_MTORC1_SIGNALING	exploratory	MSigDB_Hallmark (msigdbr 26.1.0)	Ung
HALLMARK_MTORC1_SIGNALING	exploratory	MSigDB_Hallmark (msigdbr 26.1.0)	Uso1
HALLMARK_MTORC1_SIGNALING	exploratory	MSigDB_Hallmark (msigdbr 26.1.0)	Vldlr
HALLMARK_MTORC1_SIGNALING	exploratory	MSigDB_Hallmark (msigdbr 26.1.0)	Wars1
HALLMARK_MTORC1_SIGNALING	exploratory	MSigDB_Hallmark (msigdbr 26.1.0)	Xbp1
HALLMARK_MTORC1_SIGNALING	exploratory	MSigDB_Hallmark (msigdbr 26.1.0)	Ykt6
HALLMARK_MYC_TARGETS_V1	exploratory	MSigDB_Hallmark (msigdbr 26.1.0)	Abce1
HALLMARK_MYC_TARGETS_V1	exploratory	MSigDB_Hallmark (msigdbr 26.1.0)	Acp1
HALLMARK_MYC_TARGETS_V1	exploratory	MSigDB_Hallmark (msigdbr 26.1.0)	Aimp2
HALLMARK_MYC_TARGETS_V1	exploratory	MSigDB_Hallmark (msigdbr 26.1.0)	Ap3s1
HALLMARK_MYC_TARGETS_V1	exploratory	MSigDB_Hallmark (msigdbr 26.1.0)	Apex1
HALLMARK_MYC_TARGETS_V1	exploratory	MSigDB_Hallmark (msigdbr 26.1.0)	Bub3
HALLMARK_MYC_TARGETS_V1	exploratory	MSigDB_Hallmark (msigdbr 26.1.0)	C1qbp
HALLMARK_MYC_TARGETS_V1	exploratory	MSigDB_Hallmark (msigdbr 26.1.0)	Cad
HALLMARK_MYC_TARGETS_V1	exploratory	MSigDB_Hallmark (msigdbr 26.1.0)	Canx
HALLMARK_MYC_TARGETS_V1	exploratory	MSigDB_Hallmark (msigdbr 26.1.0)	Cbx3
HALLMARK_MYC_TARGETS_V1	exploratory	MSigDB_Hallmark (msigdbr 26.1.0)	Ccna2
HALLMARK_MYC_TARGETS_V1	exploratory	MSigDB_Hallmark (msigdbr 26.1.0)	Cct2
HALLMARK_MYC_TARGETS_V1	exploratory	MSigDB_Hallmark (msigdbr 26.1.0)	Cct3
HALLMARK_MYC_TARGETS_V1	exploratory	MSigDB_Hallmark (msigdbr 26.1.0)	Cct4
HALLMARK_MYC_TARGETS_V1	exploratory	MSigDB_Hallmark (msigdbr 26.1.0)	Cct5
HALLMARK_MYC_TARGETS_V1	exploratory	MSigDB_Hallmark (msigdbr 26.1.0)	Cct7
HALLMARK_MYC_TARGETS_V1	exploratory	MSigDB_Hallmark (msigdbr 26.1.0)	Cdc20
HALLMARK_MYC_TARGETS_V1	exploratory	MSigDB_Hallmark (msigdbr 26.1.0)	Cdc45
HALLMARK_MYC_TARGETS_V1	exploratory	MSigDB_Hallmark (msigdbr 26.1.0)	Cdk2
HALLMARK_MYC_TARGETS_V1	exploratory	MSigDB_Hallmark (msigdbr 26.1.0)	Cdk4
HALLMARK_MYC_TARGETS_V1	exploratory	MSigDB_Hallmark (msigdbr 26.1.0)	Clns1a
HALLMARK_MYC_TARGETS_V1	exploratory	MSigDB_Hallmark (msigdbr 26.1.0)	Cnbp
HALLMARK_MYC_TARGETS_V1	exploratory	MSigDB_Hallmark (msigdbr 26.1.0)	Cops5
HALLMARK_MYC_TARGETS_V1	exploratory	MSigDB_Hallmark (msigdbr 26.1.0)	Cox5a
HALLMARK_MYC_TARGETS_V1	exploratory	MSigDB_Hallmark (msigdbr 26.1.0)	Cstf2
HALLMARK_MYC_TARGETS_V1	exploratory	MSigDB_Hallmark (msigdbr 26.1.0)	Ctps
HALLMARK_MYC_TARGETS_V1	exploratory	MSigDB_Hallmark (msigdbr 26.1.0)	Cul1
HALLMARK_MYC_TARGETS_V1	exploratory	MSigDB_Hallmark (msigdbr 26.1.0)	Cyc1
HALLMARK_MYC_TARGETS_V1	exploratory	MSigDB_Hallmark (msigdbr 26.1.0)	Ddx18
HALLMARK_MYC_TARGETS_V1	exploratory	MSigDB_Hallmark (msigdbr 26.1.0)	Ddx21
HALLMARK_MYC_TARGETS_V1	exploratory	MSigDB_Hallmark (msigdbr 26.1.0)	Dek
HALLMARK_MYC_TARGETS_V1	exploratory	MSigDB_Hallmark (msigdbr 26.1.0)	Dhx15
HALLMARK_MYC_TARGETS_V1	exploratory	MSigDB_Hallmark (msigdbr 26.1.0)	Dut
HALLMARK_MYC_TARGETS_V1	exploratory	MSigDB_Hallmark (msigdbr 26.1.0)	Eef1b2
HALLMARK_MYC_TARGETS_V1	exploratory	MSigDB_Hallmark (msigdbr 26.1.0)	Eif1ax
HALLMARK_MYC_TARGETS_V1	exploratory	MSigDB_Hallmark (msigdbr 26.1.0)	Eif2s1
HALLMARK_MYC_TARGETS_V1	exploratory	MSigDB_Hallmark (msigdbr 26.1.0)	Eif2s2
HALLMARK_MYC_TARGETS_V1	exploratory	MSigDB_Hallmark (msigdbr 26.1.0)	Eif3b
HALLMARK_MYC_TARGETS_V1	exploratory	MSigDB_Hallmark (msigdbr 26.1.0)	Eif3d
HALLMARK_MYC_TARGETS_V1	exploratory	MSigDB_Hallmark (msigdbr 26.1.0)	Eif3j1
HALLMARK_MYC_TARGETS_V1	exploratory	MSigDB_Hallmark (msigdbr 26.1.0)	Eif3j2
HALLMARK_MYC_TARGETS_V1	exploratory	MSigDB_Hallmark (msigdbr 26.1.0)	Eif4a1
HALLMARK_MYC_TARGETS_V1	exploratory	MSigDB_Hallmark (msigdbr 26.1.0)	Eif4e
HALLMARK_MYC_TARGETS_V1	exploratory	MSigDB_Hallmark (msigdbr 26.1.0)	Eif4g2
HALLMARK_MYC_TARGETS_V1	exploratory	MSigDB_Hallmark (msigdbr 26.1.0)	Eif4h
HALLMARK_MYC_TARGETS_V1	exploratory	MSigDB_Hallmark (msigdbr 26.1.0)	Eprs
HALLMARK_MYC_TARGETS_V1	exploratory	MSigDB_Hallmark (msigdbr 26.1.0)	Erh
HALLMARK_MYC_TARGETS_V1	exploratory	MSigDB_Hallmark (msigdbr 26.1.0)	Etf1
HALLMARK_MYC_TARGETS_V1	exploratory	MSigDB_Hallmark (msigdbr 26.1.0)	Exosc7
HALLMARK_MYC_TARGETS_V1	exploratory	MSigDB_Hallmark (msigdbr 26.1.0)	Fam120a
HALLMARK_MYC_TARGETS_V1	exploratory	MSigDB_Hallmark (msigdbr 26.1.0)	Fbl
HALLMARK_MYC_TARGETS_V1	exploratory	MSigDB_Hallmark (msigdbr 26.1.0)	G3bp1
HALLMARK_MYC_TARGETS_V1	exploratory	MSigDB_Hallmark (msigdbr 26.1.0)	Glo1
HALLMARK_MYC_TARGETS_V1	exploratory	MSigDB_Hallmark (msigdbr 26.1.0)	Gnl3
HALLMARK_MYC_TARGETS_V1	exploratory	MSigDB_Hallmark (msigdbr 26.1.0)	Got2
HALLMARK_MYC_TARGETS_V1	exploratory	MSigDB_Hallmark (msigdbr 26.1.0)	Gspt1
HALLMARK_MYC_TARGETS_V1	exploratory	MSigDB_Hallmark (msigdbr 26.1.0)	H2az1
HALLMARK_MYC_TARGETS_V1	exploratory	MSigDB_Hallmark (msigdbr 26.1.0)	Hdac2
HALLMARK_MYC_TARGETS_V1	exploratory	MSigDB_Hallmark (msigdbr 26.1.0)	Hddc2
HALLMARK_MYC_TARGETS_V1	exploratory	MSigDB_Hallmark (msigdbr 26.1.0)	Hdgf
HALLMARK_MYC_TARGETS_V1	exploratory	MSigDB_Hallmark (msigdbr 26.1.0)	Hnrnpa1
HALLMARK_MYC_TARGETS_V1	exploratory	MSigDB_Hallmark (msigdbr 26.1.0)	Hnrnpa2b1
HALLMARK_MYC_TARGETS_V1	exploratory	MSigDB_Hallmark (msigdbr 26.1.0)	Hnrnpa3
HALLMARK_MYC_TARGETS_V1	exploratory	MSigDB_Hallmark (msigdbr 26.1.0)	Hnrnpc
HALLMARK_MYC_TARGETS_V1	exploratory	MSigDB_Hallmark (msigdbr 26.1.0)	Hnrnpd
HALLMARK_MYC_TARGETS_V1	exploratory	MSigDB_Hallmark (msigdbr 26.1.0)	Hnrnpr
HALLMARK_MYC_TARGETS_V1	exploratory	MSigDB_Hallmark (msigdbr 26.1.0)	Hnrnpu
HALLMARK_MYC_TARGETS_V1	exploratory	MSigDB_Hallmark (msigdbr 26.1.0)	Hprt
HALLMARK_MYC_TARGETS_V1	exploratory	MSigDB_Hallmark (msigdbr 26.1.0)	Hsp90ab1
HALLMARK_MYC_TARGETS_V1	exploratory	MSigDB_Hallmark (msigdbr 26.1.0)	Hspd1
HALLMARK_MYC_TARGETS_V1	exploratory	MSigDB_Hallmark (msigdbr 26.1.0)	Hspe1
HALLMARK_MYC_TARGETS_V1	exploratory	MSigDB_Hallmark (msigdbr 26.1.0)	Iars
HALLMARK_MYC_TARGETS_V1	exploratory	MSigDB_Hallmark (msigdbr 26.1.0)	Ifrd1
HALLMARK_MYC_TARGETS_V1	exploratory	MSigDB_Hallmark (msigdbr 26.1.0)	Ilf2
HALLMARK_MYC_TARGETS_V1	exploratory	MSigDB_Hallmark (msigdbr 26.1.0)	Impdh2
HALLMARK_MYC_TARGETS_V1	exploratory	MSigDB_Hallmark (msigdbr 26.1.0)	Kars
HALLMARK_MYC_TARGETS_V1	exploratory	MSigDB_Hallmark (msigdbr 26.1.0)	Kpna2
HALLMARK_MYC_TARGETS_V1	exploratory	MSigDB_Hallmark (msigdbr 26.1.0)	Kpnb1
HALLMARK_MYC_TARGETS_V1	exploratory	MSigDB_Hallmark (msigdbr 26.1.0)	Ldha
HALLMARK_MYC_TARGETS_V1	exploratory	MSigDB_Hallmark (msigdbr 26.1.0)	Lsm2
HALLMARK_MYC_TARGETS_V1	exploratory	MSigDB_Hallmark (msigdbr 26.1.0)	Lsm7
HALLMARK_MYC_TARGETS_V1	exploratory	MSigDB_Hallmark (msigdbr 26.1.0)	Mad2l1
HALLMARK_MYC_TARGETS_V1	exploratory	MSigDB_Hallmark (msigdbr 26.1.0)	Mcm2
HALLMARK_MYC_TARGETS_V1	exploratory	MSigDB_Hallmark (msigdbr 26.1.0)	Mcm4
HALLMARK_MYC_TARGETS_V1	exploratory	MSigDB_Hallmark (msigdbr 26.1.0)	Mcm5
HALLMARK_MYC_TARGETS_V1	exploratory	MSigDB_Hallmark (msigdbr 26.1.0)	Mcm6
HALLMARK_MYC_TARGETS_V1	exploratory	MSigDB_Hallmark (msigdbr 26.1.0)	Mcm7
HALLMARK_MYC_TARGETS_V1	exploratory	MSigDB_Hallmark (msigdbr 26.1.0)	Mrpl23
HALLMARK_MYC_TARGETS_V1	exploratory	MSigDB_Hallmark (msigdbr 26.1.0)	Mrpl9
HALLMARK_MYC_TARGETS_V1	exploratory	MSigDB_Hallmark (msigdbr 26.1.0)	Mrps18b
HALLMARK_MYC_TARGETS_V1	exploratory	MSigDB_Hallmark (msigdbr 26.1.0)	Myc
HALLMARK_MYC_TARGETS_V1	exploratory	MSigDB_Hallmark (msigdbr 26.1.0)	Nap1l1
HALLMARK_MYC_TARGETS_V1	exploratory	MSigDB_Hallmark (msigdbr 26.1.0)	Ncbp1
HALLMARK_MYC_TARGETS_V1	exploratory	MSigDB_Hallmark (msigdbr 26.1.0)	Ncbp2
HALLMARK_MYC_TARGETS_V1	exploratory	MSigDB_Hallmark (msigdbr 26.1.0)	Ndufab1
HALLMARK_MYC_TARGETS_V1	exploratory	MSigDB_Hallmark (msigdbr 26.1.0)	Nhp2
HALLMARK_MYC_TARGETS_V1	exploratory	MSigDB_Hallmark (msigdbr 26.1.0)	Nme1
HALLMARK_MYC_TARGETS_V1	exploratory	MSigDB_Hallmark (msigdbr 26.1.0)	Nolc1
HALLMARK_MYC_TARGETS_V1	exploratory	MSigDB_Hallmark (msigdbr 26.1.0)	Nop16
HALLMARK_MYC_TARGETS_V1	exploratory	MSigDB_Hallmark (msigdbr 26.1.0)	Nop56
HALLMARK_MYC_TARGETS_V1	exploratory	MSigDB_Hallmark (msigdbr 26.1.0)	Npm1
HALLMARK_MYC_TARGETS_V1	exploratory	MSigDB_Hallmark (msigdbr 26.1.0)	Odc1
HALLMARK_MYC_TARGETS_V1	exploratory	MSigDB_Hallmark (msigdbr 26.1.0)	Orc2
HALLMARK_MYC_TARGETS_V1	exploratory	MSigDB_Hallmark (msigdbr 26.1.0)	Pa2g4
HALLMARK_MYC_TARGETS_V1	exploratory	MSigDB_Hallmark (msigdbr 26.1.0)	Pabpc1
HALLMARK_MYC_TARGETS_V1	exploratory	MSigDB_Hallmark (msigdbr 26.1.0)	Pabpc4
HALLMARK_MYC_TARGETS_V1	exploratory	MSigDB_Hallmark (msigdbr 26.1.0)	Pcbp1
HALLMARK_MYC_TARGETS_V1	exploratory	MSigDB_Hallmark (msigdbr 26.1.0)	Pcna
HALLMARK_MYC_TARGETS_V1	exploratory	MSigDB_Hallmark (msigdbr 26.1.0)	Pgk1
HALLMARK_MYC_TARGETS_V1	exploratory	MSigDB_Hallmark (msigdbr 26.1.0)	Phb
HALLMARK_MYC_TARGETS_V1	exploratory	MSigDB_Hallmark (msigdbr 26.1.0)	Phb2
HALLMARK_MYC_TARGETS_V1	exploratory	MSigDB_Hallmark (msigdbr 26.1.0)	Pold2
HALLMARK_MYC_TARGETS_V1	exploratory	MSigDB_Hallmark (msigdbr 26.1.0)	Pole3
HALLMARK_MYC_TARGETS_V1	exploratory	MSigDB_Hallmark (msigdbr 26.1.0)	Ppia
HALLMARK_MYC_TARGETS_V1	exploratory	MSigDB_Hallmark (msigdbr 26.1.0)	Ppm1g
HALLMARK_MYC_TARGETS_V1	exploratory	MSigDB_Hallmark (msigdbr 26.1.0)	Prdx3
HALLMARK_MYC_TARGETS_V1	exploratory	MSigDB_Hallmark (msigdbr 26.1.0)	Prdx4
HALLMARK_MYC_TARGETS_V1	exploratory	MSigDB_Hallmark (msigdbr 26.1.0)	Prpf31
HALLMARK_MYC_TARGETS_V1	exploratory	MSigDB_Hallmark (msigdbr 26.1.0)	Prps2
HALLMARK_MYC_TARGETS_V1	exploratory	MSigDB_Hallmark (msigdbr 26.1.0)	Psma1
HALLMARK_MYC_TARGETS_V1	exploratory	MSigDB_Hallmark (msigdbr 26.1.0)	Psma2
HALLMARK_MYC_TARGETS_V1	exploratory	MSigDB_Hallmark (msigdbr 26.1.0)	Psma4
HALLMARK_MYC_TARGETS_V1	exploratory	MSigDB_Hallmark (msigdbr 26.1.0)	Psma6
HALLMARK_MYC_TARGETS_V1	exploratory	MSigDB_Hallmark (msigdbr 26.1.0)	Psma7
HALLMARK_MYC_TARGETS_V1	exploratory	MSigDB_Hallmark (msigdbr 26.1.0)	Psmb2
HALLMARK_MYC_TARGETS_V1	exploratory	MSigDB_Hallmark (msigdbr 26.1.0)	Psmb3
HALLMARK_MYC_TARGETS_V1	exploratory	MSigDB_Hallmark (msigdbr 26.1.0)	Psmc4
HALLMARK_MYC_TARGETS_V1	exploratory	MSigDB_Hallmark (msigdbr 26.1.0)	Psmc6
HALLMARK_MYC_TARGETS_V1	exploratory	MSigDB_Hallmark (msigdbr 26.1.0)	Psmd1
HALLMARK_MYC_TARGETS_V1	exploratory	MSigDB_Hallmark (msigdbr 26.1.0)	Psmd14
HALLMARK_MYC_TARGETS_V1	exploratory	MSigDB_Hallmark (msigdbr 26.1.0)	Psmd3
HALLMARK_MYC_TARGETS_V1	exploratory	MSigDB_Hallmark (msigdbr 26.1.0)	Psmd7
HALLMARK_MYC_TARGETS_V1	exploratory	MSigDB_Hallmark (msigdbr 26.1.0)	Psmd8
HALLMARK_MYC_TARGETS_V1	exploratory	MSigDB_Hallmark (msigdbr 26.1.0)	Ptges3
HALLMARK_MYC_TARGETS_V1	exploratory	MSigDB_Hallmark (msigdbr 26.1.0)	Pwp1
HALLMARK_MYC_TARGETS_V1	exploratory	MSigDB_Hallmark (msigdbr 26.1.0)	Rack1
HALLMARK_MYC_TARGETS_V1	exploratory	MSigDB_Hallmark (msigdbr 26.1.0)	Rad23b
HALLMARK_MYC_TARGETS_V1	exploratory	MSigDB_Hallmark (msigdbr 26.1.0)	Ran
HALLMARK_MYC_TARGETS_V1	exploratory	MSigDB_Hallmark (msigdbr 26.1.0)	Ranbp1
HALLMARK_MYC_TARGETS_V1	exploratory	MSigDB_Hallmark (msigdbr 26.1.0)	Rfc4
HALLMARK_MYC_TARGETS_V1	exploratory	MSigDB_Hallmark (msigdbr 26.1.0)	Rnps1
HALLMARK_MYC_TARGETS_V1	exploratory	MSigDB_Hallmark (msigdbr 26.1.0)	Rpl14
HALLMARK_MYC_TARGETS_V1	exploratory	MSigDB_Hallmark (msigdbr 26.1.0)	Rpl18
HALLMARK_MYC_TARGETS_V1	exploratory	MSigDB_Hallmark (msigdbr 26.1.0)	Rpl22
HALLMARK_MYC_TARGETS_V1	exploratory	MSigDB_Hallmark (msigdbr 26.1.0)	Rpl34
HALLMARK_MYC_TARGETS_V1	exploratory	MSigDB_Hallmark (msigdbr 26.1.0)	Rpl6
HALLMARK_MYC_TARGETS_V1	exploratory	MSigDB_Hallmark (msigdbr 26.1.0)	Rplp0
HALLMARK_MYC_TARGETS_V1	exploratory	MSigDB_Hallmark (msigdbr 26.1.0)	Rps10
HALLMARK_MYC_TARGETS_V1	exploratory	MSigDB_Hallmark (msigdbr 26.1.0)	Rps2
HALLMARK_MYC_TARGETS_V1	exploratory	MSigDB_Hallmark (msigdbr 26.1.0)	Rps3
HALLMARK_MYC_TARGETS_V1	exploratory	MSigDB_Hallmark (msigdbr 26.1.0)	Rps5
HALLMARK_MYC_TARGETS_V1	exploratory	MSigDB_Hallmark (msigdbr 26.1.0)	Rps6
HALLMARK_MYC_TARGETS_V1	exploratory	MSigDB_Hallmark (msigdbr 26.1.0)	Rrm1
HALLMARK_MYC_TARGETS_V1	exploratory	MSigDB_Hallmark (msigdbr 26.1.0)	Rrp9
HALLMARK_MYC_TARGETS_V1	exploratory	MSigDB_Hallmark (msigdbr 26.1.0)	Rsl1d1
HALLMARK_MYC_TARGETS_V1	exploratory	MSigDB_Hallmark (msigdbr 26.1.0)	Ruvbl2
HALLMARK_MYC_TARGETS_V1	exploratory	MSigDB_Hallmark (msigdbr 26.1.0)	Serbp1
HALLMARK_MYC_TARGETS_V1	exploratory	MSigDB_Hallmark (msigdbr 26.1.0)	Set
HALLMARK_MYC_TARGETS_V1	exploratory	MSigDB_Hallmark (msigdbr 26.1.0)	Sf3a1
HALLMARK_MYC_TARGETS_V1	exploratory	MSigDB_Hallmark (msigdbr 26.1.0)	Sf3b3
HALLMARK_MYC_TARGETS_V1	exploratory	MSigDB_Hallmark (msigdbr 26.1.0)	Slc25a3
HALLMARK_MYC_TARGETS_V1	exploratory	MSigDB_Hallmark (msigdbr 26.1.0)	Smarcc1
HALLMARK_MYC_TARGETS_V1	exploratory	MSigDB_Hallmark (msigdbr 26.1.0)	Snrpa
HALLMARK_MYC_TARGETS_V1	exploratory	MSigDB_Hallmark (msigdbr 26.1.0)	Snrpa1
HALLMARK_MYC_TARGETS_V1	exploratory	MSigDB_Hallmark (msigdbr 26.1.0)	Snrpb2
HALLMARK_MYC_TARGETS_V1	exploratory	MSigDB_Hallmark (msigdbr 26.1.0)	Snrpd1
HALLMARK_MYC_TARGETS_V1	exploratory	MSigDB_Hallmark (msigdbr 26.1.0)	Snrpd2
HALLMARK_MYC_TARGETS_V1	exploratory	MSigDB_Hallmark (msigdbr 26.1.0)	Snrpd3
HALLMARK_MYC_TARGETS_V1	exploratory	MSigDB_Hallmark (msigdbr 26.1.0)	Snrpg
HALLMARK_MYC_TARGETS_V1	exploratory	MSigDB_Hallmark (msigdbr 26.1.0)	Srm
HALLMARK_MYC_TARGETS_V1	exploratory	MSigDB_Hallmark (msigdbr 26.1.0)	Srpk1
HALLMARK_MYC_TARGETS_V1	exploratory	MSigDB_Hallmark (msigdbr 26.1.0)	Srsf1
HALLMARK_MYC_TARGETS_V1	exploratory	MSigDB_Hallmark (msigdbr 26.1.0)	Srsf2
HALLMARK_MYC_TARGETS_V1	exploratory	MSigDB_Hallmark (msigdbr 26.1.0)	Srsf3
HALLMARK_MYC_TARGETS_V1	exploratory	MSigDB_Hallmark (msigdbr 26.1.0)	Srsf7
HALLMARK_MYC_TARGETS_V1	exploratory	MSigDB_Hallmark (msigdbr 26.1.0)	Ssb
HALLMARK_MYC_TARGETS_V1	exploratory	MSigDB_Hallmark (msigdbr 26.1.0)	Ssbp1
HALLMARK_MYC_TARGETS_V1	exploratory	MSigDB_Hallmark (msigdbr 26.1.0)	Stard7
HALLMARK_MYC_TARGETS_V1	exploratory	MSigDB_Hallmark (msigdbr 26.1.0)	Syncrip
HALLMARK_MYC_TARGETS_V1	exploratory	MSigDB_Hallmark (msigdbr 26.1.0)	Tardbp
HALLMARK_MYC_TARGETS_V1	exploratory	MSigDB_Hallmark (msigdbr 26.1.0)	Tcp1
HALLMARK_MYC_TARGETS_V1	exploratory	MSigDB_Hallmark (msigdbr 26.1.0)	Tfdp1
HALLMARK_MYC_TARGETS_V1	exploratory	MSigDB_Hallmark (msigdbr 26.1.0)	Tomm70a
HALLMARK_MYC_TARGETS_V1	exploratory	MSigDB_Hallmark (msigdbr 26.1.0)	Tra2b
HALLMARK_MYC_TARGETS_V1	exploratory	MSigDB_Hallmark (msigdbr 26.1.0)	Trim28
HALLMARK_MYC_TARGETS_V1	exploratory	MSigDB_Hallmark (msigdbr 26.1.0)	Tufm
HALLMARK_MYC_TARGETS_V1	exploratory	MSigDB_Hallmark (msigdbr 26.1.0)	Txnl4a
HALLMARK_MYC_TARGETS_V1	exploratory	MSigDB_Hallmark (msigdbr 26.1.0)	Tyms
HALLMARK_MYC_TARGETS_V1	exploratory	MSigDB_Hallmark (msigdbr 26.1.0)	U2af1
HALLMARK_MYC_TARGETS_V1	exploratory	MSigDB_Hallmark (msigdbr 26.1.0)	Uba2
HALLMARK_MYC_TARGETS_V1	exploratory	MSigDB_Hallmark (msigdbr 26.1.0)	Ube2e1
HALLMARK_MYC_TARGETS_V1	exploratory	MSigDB_Hallmark (msigdbr 26.1.0)	Ube2l3
HALLMARK_MYC_TARGETS_V1	exploratory	MSigDB_Hallmark (msigdbr 26.1.0)	Usp1
HALLMARK_MYC_TARGETS_V1	exploratory	MSigDB_Hallmark (msigdbr 26.1.0)	Vbp1
HALLMARK_MYC_TARGETS_V1	exploratory	MSigDB_Hallmark (msigdbr 26.1.0)	Vdac1
HALLMARK_MYC_TARGETS_V1	exploratory	MSigDB_Hallmark (msigdbr 26.1.0)	Vdac3
HALLMARK_MYC_TARGETS_V1	exploratory	MSigDB_Hallmark (msigdbr 26.1.0)	Xpo1
HALLMARK_MYC_TARGETS_V1	exploratory	MSigDB_Hallmark (msigdbr 26.1.0)	Xpot
HALLMARK_MYC_TARGETS_V1	exploratory	MSigDB_Hallmark (msigdbr 26.1.0)	Xrcc6
HALLMARK_MYC_TARGETS_V1	exploratory	MSigDB_Hallmark (msigdbr 26.1.0)	Ywhae
HALLMARK_MYC_TARGETS_V1	exploratory	MSigDB_Hallmark (msigdbr 26.1.0)	Ywhaq
HALLMARK_MYOGENESIS	exploratory	MSigDB_Hallmark (msigdbr 26.1.0)	Ablim1
HALLMARK_MYOGENESIS	exploratory	MSigDB_Hallmark (msigdbr 26.1.0)	Ache
HALLMARK_MYOGENESIS	exploratory	MSigDB_Hallmark (msigdbr 26.1.0)	Acsl1
HALLMARK_MYOGENESIS	exploratory	MSigDB_Hallmark (msigdbr 26.1.0)	Acta1
HALLMARK_MYOGENESIS	exploratory	MSigDB_Hallmark (msigdbr 26.1.0)	Actc1
HALLMARK_MYOGENESIS	exploratory	MSigDB_Hallmark (msigdbr 26.1.0)	Actn2
HALLMARK_MYOGENESIS	exploratory	MSigDB_Hallmark (msigdbr 26.1.0)	Actn3
HALLMARK_MYOGENESIS	exploratory	MSigDB_Hallmark (msigdbr 26.1.0)	Adam12
HALLMARK_MYOGENESIS	exploratory	MSigDB_Hallmark (msigdbr 26.1.0)	Adcy9
HALLMARK_MYOGENESIS	exploratory	MSigDB_Hallmark (msigdbr 26.1.0)	Aebp1
HALLMARK_MYOGENESIS	exploratory	MSigDB_Hallmark (msigdbr 26.1.0)	Agl
HALLMARK_MYOGENESIS	exploratory	MSigDB_Hallmark (msigdbr 26.1.0)	Agrn
HALLMARK_MYOGENESIS	exploratory	MSigDB_Hallmark (msigdbr 26.1.0)	Ak1
HALLMARK_MYOGENESIS	exploratory	MSigDB_Hallmark (msigdbr 26.1.0)	Akt2
HALLMARK_MYOGENESIS	exploratory	MSigDB_Hallmark (msigdbr 26.1.0)	Ankrd2
HALLMARK_MYOGENESIS	exploratory	MSigDB_Hallmark (msigdbr 26.1.0)	Aplnr
HALLMARK_MYOGENESIS	exploratory	MSigDB_Hallmark (msigdbr 26.1.0)	Apod
HALLMARK_MYOGENESIS	exploratory	MSigDB_Hallmark (msigdbr 26.1.0)	App
HALLMARK_MYOGENESIS	exploratory	MSigDB_Hallmark (msigdbr 26.1.0)	Atp2a1
HALLMARK_MYOGENESIS	exploratory	MSigDB_Hallmark (msigdbr 26.1.0)	Atp6ap1
HALLMARK_MYOGENESIS	exploratory	MSigDB_Hallmark (msigdbr 26.1.0)	Bag1
HALLMARK_MYOGENESIS	exploratory	MSigDB_Hallmark (msigdbr 26.1.0)	Bdkrb2
HALLMARK_MYOGENESIS	exploratory	MSigDB_Hallmark (msigdbr 26.1.0)	Bhlhe40
HALLMARK_MYOGENESIS	exploratory	MSigDB_Hallmark (msigdbr 26.1.0)	Bin1
HALLMARK_MYOGENESIS	exploratory	MSigDB_Hallmark (msigdbr 26.1.0)	Cacna1h
HALLMARK_MYOGENESIS	exploratory	MSigDB_Hallmark (msigdbr 26.1.0)	Cacng1
HALLMARK_MYOGENESIS	exploratory	MSigDB_Hallmark (msigdbr 26.1.0)	Camk2b
HALLMARK_MYOGENESIS	exploratory	MSigDB_Hallmark (msigdbr 26.1.0)	Casq1
HALLMARK_MYOGENESIS	exploratory	MSigDB_Hallmark (msigdbr 26.1.0)	Casq2
HALLMARK_MYOGENESIS	exploratory	MSigDB_Hallmark (msigdbr 26.1.0)	Cav3
HALLMARK_MYOGENESIS	exploratory	MSigDB_Hallmark (msigdbr 26.1.0)	Cd36
HALLMARK_MYOGENESIS	exploratory	MSigDB_Hallmark (msigdbr 26.1.0)	Cdh13
HALLMARK_MYOGENESIS	exploratory	MSigDB_Hallmark (msigdbr 26.1.0)	Cdkn1a
HALLMARK_MYOGENESIS	exploratory	MSigDB_Hallmark (msigdbr 26.1.0)	Cfd
HALLMARK_MYOGENESIS	exploratory	MSigDB_Hallmark (msigdbr 26.1.0)	Chrna1
HALLMARK_MYOGENESIS	exploratory	MSigDB_Hallmark (msigdbr 26.1.0)	Chrnb1
HALLMARK_MYOGENESIS	exploratory	MSigDB_Hallmark (msigdbr 26.1.0)	Chrng
HALLMARK_MYOGENESIS	exploratory	MSigDB_Hallmark (msigdbr 26.1.0)	Ckb
HALLMARK_MYOGENESIS	exploratory	MSigDB_Hallmark (msigdbr 26.1.0)	Ckm
HALLMARK_MYOGENESIS	exploratory	MSigDB_Hallmark (msigdbr 26.1.0)	Ckmt2
HALLMARK_MYOGENESIS	exploratory	MSigDB_Hallmark (msigdbr 26.1.0)	Clu
HALLMARK_MYOGENESIS	exploratory	MSigDB_Hallmark (msigdbr 26.1.0)	Cnn3
HALLMARK_MYOGENESIS	exploratory	MSigDB_Hallmark (msigdbr 26.1.0)	Col15a1
HALLMARK_MYOGENESIS	exploratory	MSigDB_Hallmark (msigdbr 26.1.0)	Col1a1
HALLMARK_MYOGENESIS	exploratory	MSigDB_Hallmark (msigdbr 26.1.0)	Col3a1
HALLMARK_MYOGENESIS	exploratory	MSigDB_Hallmark (msigdbr 26.1.0)	Col4a2
HALLMARK_MYOGENESIS	exploratory	MSigDB_Hallmark (msigdbr 26.1.0)	Col6a2
HALLMARK_MYOGENESIS	exploratory	MSigDB_Hallmark (msigdbr 26.1.0)	Col6a3
HALLMARK_MYOGENESIS	exploratory	MSigDB_Hallmark (msigdbr 26.1.0)	Cox6a2
HALLMARK_MYOGENESIS	exploratory	MSigDB_Hallmark (msigdbr 26.1.0)	Cox7a1
HALLMARK_MYOGENESIS	exploratory	MSigDB_Hallmark (msigdbr 26.1.0)	Crat
HALLMARK_MYOGENESIS	exploratory	MSigDB_Hallmark (msigdbr 26.1.0)	Cryab
HALLMARK_MYOGENESIS	exploratory	MSigDB_Hallmark (msigdbr 26.1.0)	Csrp3
HALLMARK_MYOGENESIS	exploratory	MSigDB_Hallmark (msigdbr 26.1.0)	Ctf1
HALLMARK_MYOGENESIS	exploratory	MSigDB_Hallmark (msigdbr 26.1.0)	Dapk2
HALLMARK_MYOGENESIS	exploratory	MSigDB_Hallmark (msigdbr 26.1.0)	Denn2b
HALLMARK_MYOGENESIS	exploratory	MSigDB_Hallmark (msigdbr 26.1.0)	Des
HALLMARK_MYOGENESIS	exploratory	MSigDB_Hallmark (msigdbr 26.1.0)	Dmd
HALLMARK_MYOGENESIS	exploratory	MSigDB_Hallmark (msigdbr 26.1.0)	Dmpk
HALLMARK_MYOGENESIS	exploratory	MSigDB_Hallmark (msigdbr 26.1.0)	Dtna
HALLMARK_MYOGENESIS	exploratory	MSigDB_Hallmark (msigdbr 26.1.0)	Efs
HALLMARK_MYOGENESIS	exploratory	MSigDB_Hallmark (msigdbr 26.1.0)	Eif4a2
HALLMARK_MYOGENESIS	exploratory	MSigDB_Hallmark (msigdbr 26.1.0)	Eno3
HALLMARK_MYOGENESIS	exploratory	MSigDB_Hallmark (msigdbr 26.1.0)	Ephb3
HALLMARK_MYOGENESIS	exploratory	MSigDB_Hallmark (msigdbr 26.1.0)	Erbb3
HALLMARK_MYOGENESIS	exploratory	MSigDB_Hallmark (msigdbr 26.1.0)	Fabp3
HALLMARK_MYOGENESIS	exploratory	MSigDB_Hallmark (msigdbr 26.1.0)	Fdps
HALLMARK_MYOGENESIS	exploratory	MSigDB_Hallmark (msigdbr 26.1.0)	Fgf2
HALLMARK_MYOGENESIS	exploratory	MSigDB_Hallmark (msigdbr 26.1.0)	Fhl1
HALLMARK_MYOGENESIS	exploratory	MSigDB_Hallmark (msigdbr 26.1.0)	Fkbp1b
HALLMARK_MYOGENESIS	exploratory	MSigDB_Hallmark (msigdbr 26.1.0)	Flii
HALLMARK_MYOGENESIS	exploratory	MSigDB_Hallmark (msigdbr 26.1.0)	Foxo4
HALLMARK_MYOGENESIS	exploratory	MSigDB_Hallmark (msigdbr 26.1.0)	Fst
HALLMARK_MYOGENESIS	exploratory	MSigDB_Hallmark (msigdbr 26.1.0)	Fxyd1
HALLMARK_MYOGENESIS	exploratory	MSigDB_Hallmark (msigdbr 26.1.0)	Gaa
HALLMARK_MYOGENESIS	exploratory	MSigDB_Hallmark (msigdbr 26.1.0)	Gabarapl2
HALLMARK_MYOGENESIS	exploratory	MSigDB_Hallmark (msigdbr 26.1.0)	Gadd45b
HALLMARK_MYOGENESIS	exploratory	MSigDB_Hallmark (msigdbr 26.1.0)	Gja5
HALLMARK_MYOGENESIS	exploratory	MSigDB_Hallmark (msigdbr 26.1.0)	Gnao1
HALLMARK_MYOGENESIS	exploratory	MSigDB_Hallmark (msigdbr 26.1.0)	Gpx3
HALLMARK_MYOGENESIS	exploratory	MSigDB_Hallmark (msigdbr 26.1.0)	Gsn
HALLMARK_MYOGENESIS	exploratory	MSigDB_Hallmark (msigdbr 26.1.0)	Hbegf
HALLMARK_MYOGENESIS	exploratory	MSigDB_Hallmark (msigdbr 26.1.0)	Hdac5
HALLMARK_MYOGENESIS	exploratory	MSigDB_Hallmark (msigdbr 26.1.0)	Hrc
HALLMARK_MYOGENESIS	exploratory	MSigDB_Hallmark (msigdbr 26.1.0)	Hspb2
HALLMARK_MYOGENESIS	exploratory	MSigDB_Hallmark (msigdbr 26.1.0)	Hspb8
HALLMARK_MYOGENESIS	exploratory	MSigDB_Hallmark (msigdbr 26.1.0)	Ifrd1
HALLMARK_MYOGENESIS	exploratory	MSigDB_Hallmark (msigdbr 26.1.0)	Igf1
HALLMARK_MYOGENESIS	exploratory	MSigDB_Hallmark (msigdbr 26.1.0)	Igfbp3
HALLMARK_MYOGENESIS	exploratory	MSigDB_Hallmark (msigdbr 26.1.0)	Igfbp7
HALLMARK_MYOGENESIS	exploratory	MSigDB_Hallmark (msigdbr 26.1.0)	Itga7
HALLMARK_MYOGENESIS	exploratory	MSigDB_Hallmark (msigdbr 26.1.0)	Itgb1
HALLMARK_MYOGENESIS	exploratory	MSigDB_Hallmark (msigdbr 26.1.0)	Itgb4
HALLMARK_MYOGENESIS	exploratory	MSigDB_Hallmark (msigdbr 26.1.0)	Itgb5
HALLMARK_MYOGENESIS	exploratory	MSigDB_Hallmark (msigdbr 26.1.0)	Kcnh1
HALLMARK_MYOGENESIS	exploratory	MSigDB_Hallmark (msigdbr 26.1.0)	Kcnh2
HALLMARK_MYOGENESIS	exploratory	MSigDB_Hallmark (msigdbr 26.1.0)	Kifc3
HALLMARK_MYOGENESIS	exploratory	MSigDB_Hallmark (msigdbr 26.1.0)	Klf5
HALLMARK_MYOGENESIS	exploratory	MSigDB_Hallmark (msigdbr 26.1.0)	Lama2
HALLMARK_MYOGENESIS	exploratory	MSigDB_Hallmark (msigdbr 26.1.0)	Large1
HALLMARK_MYOGENESIS	exploratory	MSigDB_Hallmark (msigdbr 26.1.0)	Ldb3
HALLMARK_MYOGENESIS	exploratory	MSigDB_Hallmark (msigdbr 26.1.0)	Lpin1
HALLMARK_MYOGENESIS	exploratory	MSigDB_Hallmark (msigdbr 26.1.0)	Lsp1
HALLMARK_MYOGENESIS	exploratory	MSigDB_Hallmark (msigdbr 26.1.0)	Mapk12
HALLMARK_MYOGENESIS	exploratory	MSigDB_Hallmark (msigdbr 26.1.0)	Mapre3
HALLMARK_MYOGENESIS	exploratory	MSigDB_Hallmark (msigdbr 26.1.0)	Mb
HALLMARK_MYOGENESIS	exploratory	MSigDB_Hallmark (msigdbr 26.1.0)	Mef2a
HALLMARK_MYOGENESIS	exploratory	MSigDB_Hallmark (msigdbr 26.1.0)	Mef2c
HALLMARK_MYOGENESIS	exploratory	MSigDB_Hallmark (msigdbr 26.1.0)	Mef2d
HALLMARK_MYOGENESIS	exploratory	MSigDB_Hallmark (msigdbr 26.1.0)	Mras
HALLMARK_MYOGENESIS	exploratory	MSigDB_Hallmark (msigdbr 26.1.0)	Mybpc3
HALLMARK_MYOGENESIS	exploratory	MSigDB_Hallmark (msigdbr 26.1.0)	Mybph
HALLMARK_MYOGENESIS	exploratory	MSigDB_Hallmark (msigdbr 26.1.0)	Myf6
HALLMARK_MYOGENESIS	exploratory	MSigDB_Hallmark (msigdbr 26.1.0)	Myh1
HALLMARK_MYOGENESIS	exploratory	MSigDB_Hallmark (msigdbr 26.1.0)	Myh11
HALLMARK_MYOGENESIS	exploratory	MSigDB_Hallmark (msigdbr 26.1.0)	Myh2
HALLMARK_MYOGENESIS	exploratory	MSigDB_Hallmark (msigdbr 26.1.0)	Myh3
HALLMARK_MYOGENESIS	exploratory	MSigDB_Hallmark (msigdbr 26.1.0)	Myh4
HALLMARK_MYOGENESIS	exploratory	MSigDB_Hallmark (msigdbr 26.1.0)	Myh7
HALLMARK_MYOGENESIS	exploratory	MSigDB_Hallmark (msigdbr 26.1.0)	Myh8
HALLMARK_MYOGENESIS	exploratory	MSigDB_Hallmark (msigdbr 26.1.0)	Myh9
HALLMARK_MYOGENESIS	exploratory	MSigDB_Hallmark (msigdbr 26.1.0)	Myl1
HALLMARK_MYOGENESIS	exploratory	MSigDB_Hallmark (msigdbr 26.1.0)	Mylpf
HALLMARK_MYOGENESIS	exploratory	MSigDB_Hallmark (msigdbr 26.1.0)	Myl2
HALLMARK_MYOGENESIS	exploratory	MSigDB_Hallmark (msigdbr 26.1.0)	Myl3
HALLMARK_MYOGENESIS	exploratory	MSigDB_Hallmark (msigdbr 26.1.0)	Myl4
HALLMARK_MYOGENESIS	exploratory	MSigDB_Hallmark (msigdbr 26.1.0)	Myl6b
HALLMARK_MYOGENESIS	exploratory	MSigDB_Hallmark (msigdbr 26.1.0)	Myl7
HALLMARK_MYOGENESIS	exploratory	MSigDB_Hallmark (msigdbr 26.1.0)	Mylk
HALLMARK_MYOGENESIS	exploratory	MSigDB_Hallmark (msigdbr 26.1.0)	Myo1c
HALLMARK_MYOGENESIS	exploratory	MSigDB_Hallmark (msigdbr 26.1.0)	Myog
HALLMARK_MYOGENESIS	exploratory	MSigDB_Hallmark (msigdbr 26.1.0)	Myom1
HALLMARK_MYOGENESIS	exploratory	MSigDB_Hallmark (msigdbr 26.1.0)	Myom2
HALLMARK_MYOGENESIS	exploratory	MSigDB_Hallmark (msigdbr 26.1.0)	Myoz1
HALLMARK_MYOGENESIS	exploratory	MSigDB_Hallmark (msigdbr 26.1.0)	Nav2
HALLMARK_MYOGENESIS	exploratory	MSigDB_Hallmark (msigdbr 26.1.0)	Ncam1
HALLMARK_MYOGENESIS	exploratory	MSigDB_Hallmark (msigdbr 26.1.0)	Nos1
HALLMARK_MYOGENESIS	exploratory	MSigDB_Hallmark (msigdbr 26.1.0)	Notch1
HALLMARK_MYOGENESIS	exploratory	MSigDB_Hallmark (msigdbr 26.1.0)	Nqo1
HALLMARK_MYOGENESIS	exploratory	MSigDB_Hallmark (msigdbr 26.1.0)	Ocel1
HALLMARK_MYOGENESIS	exploratory	MSigDB_Hallmark (msigdbr 26.1.0)	Pcx
HALLMARK_MYOGENESIS	exploratory	MSigDB_Hallmark (msigdbr 26.1.0)	Pde4dip
HALLMARK_MYOGENESIS	exploratory	MSigDB_Hallmark (msigdbr 26.1.0)	Pdlim7
HALLMARK_MYOGENESIS	exploratory	MSigDB_Hallmark (msigdbr 26.1.0)	Pfkm
HALLMARK_MYOGENESIS	exploratory	MSigDB_Hallmark (msigdbr 26.1.0)	Pgam2
HALLMARK_MYOGENESIS	exploratory	MSigDB_Hallmark (msigdbr 26.1.0)	Pick1
HALLMARK_MYOGENESIS	exploratory	MSigDB_Hallmark (msigdbr 26.1.0)	Pkia
HALLMARK_MYOGENESIS	exploratory	MSigDB_Hallmark (msigdbr 26.1.0)	Plxnb2
HALLMARK_MYOGENESIS	exploratory	MSigDB_Hallmark (msigdbr 26.1.0)	Ppfia4
HALLMARK_MYOGENESIS	exploratory	MSigDB_Hallmark (msigdbr 26.1.0)	Ppp1r3c
HALLMARK_MYOGENESIS	exploratory	MSigDB_Hallmark (msigdbr 26.1.0)	Prnp
HALLMARK_MYOGENESIS	exploratory	MSigDB_Hallmark (msigdbr 26.1.0)	Psen2
HALLMARK_MYOGENESIS	exploratory	MSigDB_Hallmark (msigdbr 26.1.0)	Ptgis
HALLMARK_MYOGENESIS	exploratory	MSigDB_Hallmark (msigdbr 26.1.0)	Ptp4a3
HALLMARK_MYOGENESIS	exploratory	MSigDB_Hallmark (msigdbr 26.1.0)	Pvalb
HALLMARK_MYOGENESIS	exploratory	MSigDB_Hallmark (msigdbr 26.1.0)	Pygm
HALLMARK_MYOGENESIS	exploratory	MSigDB_Hallmark (msigdbr 26.1.0)	Rb1
HALLMARK_MYOGENESIS	exploratory	MSigDB_Hallmark (msigdbr 26.1.0)	Reep1
HALLMARK_MYOGENESIS	exploratory	MSigDB_Hallmark (msigdbr 26.1.0)	Rit1
HALLMARK_MYOGENESIS	exploratory	MSigDB_Hallmark (msigdbr 26.1.0)	Ryr1
HALLMARK_MYOGENESIS	exploratory	MSigDB_Hallmark (msigdbr 26.1.0)	Scd1
HALLMARK_MYOGENESIS	exploratory	MSigDB_Hallmark (msigdbr 26.1.0)	Scd2
HALLMARK_MYOGENESIS	exploratory	MSigDB_Hallmark (msigdbr 26.1.0)	Schip1
HALLMARK_MYOGENESIS	exploratory	MSigDB_Hallmark (msigdbr 26.1.0)	Sgca
HALLMARK_MYOGENESIS	exploratory	MSigDB_Hallmark (msigdbr 26.1.0)	Sgcd
HALLMARK_MYOGENESIS	exploratory	MSigDB_Hallmark (msigdbr 26.1.0)	Sgcg
HALLMARK_MYOGENESIS	exploratory	MSigDB_Hallmark (msigdbr 26.1.0)	Sh2b1
HALLMARK_MYOGENESIS	exploratory	MSigDB_Hallmark (msigdbr 26.1.0)	Sh3bgr
HALLMARK_MYOGENESIS	exploratory	MSigDB_Hallmark (msigdbr 26.1.0)	Sirt2
HALLMARK_MYOGENESIS	exploratory	MSigDB_Hallmark (msigdbr 26.1.0)	Slc6a8
HALLMARK_MYOGENESIS	exploratory	MSigDB_Hallmark (msigdbr 26.1.0)	Sln
HALLMARK_MYOGENESIS	exploratory	MSigDB_Hallmark (msigdbr 26.1.0)	Smtn
HALLMARK_MYOGENESIS	exploratory	MSigDB_Hallmark (msigdbr 26.1.0)	Sod3
HALLMARK_MYOGENESIS	exploratory	MSigDB_Hallmark (msigdbr 26.1.0)	Sorbs1
HALLMARK_MYOGENESIS	exploratory	MSigDB_Hallmark (msigdbr 26.1.0)	Sorbs3
HALLMARK_MYOGENESIS	exploratory	MSigDB_Hallmark (msigdbr 26.1.0)	Sparc
HALLMARK_MYOGENESIS	exploratory	MSigDB_Hallmark (msigdbr 26.1.0)	Spdef
HALLMARK_MYOGENESIS	exploratory	MSigDB_Hallmark (msigdbr 26.1.0)	Speg
HALLMARK_MYOGENESIS	exploratory	MSigDB_Hallmark (msigdbr 26.1.0)	Sphk1
HALLMARK_MYOGENESIS	exploratory	MSigDB_Hallmark (msigdbr 26.1.0)	Sptan1
HALLMARK_MYOGENESIS	exploratory	MSigDB_Hallmark (msigdbr 26.1.0)	Sspn
HALLMARK_MYOGENESIS	exploratory	MSigDB_Hallmark (msigdbr 26.1.0)	Stc2
HALLMARK_MYOGENESIS	exploratory	MSigDB_Hallmark (msigdbr 26.1.0)	Svil
HALLMARK_MYOGENESIS	exploratory	MSigDB_Hallmark (msigdbr 26.1.0)	Syngr2
HALLMARK_MYOGENESIS	exploratory	MSigDB_Hallmark (msigdbr 26.1.0)	Tagln
HALLMARK_MYOGENESIS	exploratory	MSigDB_Hallmark (msigdbr 26.1.0)	Tcap
HALLMARK_MYOGENESIS	exploratory	MSigDB_Hallmark (msigdbr 26.1.0)	Tead4
HALLMARK_MYOGENESIS	exploratory	MSigDB_Hallmark (msigdbr 26.1.0)	Tgfb1
HALLMARK_MYOGENESIS	exploratory	MSigDB_Hallmark (msigdbr 26.1.0)	Tnnc1
HALLMARK_MYOGENESIS	exploratory	MSigDB_Hallmark (msigdbr 26.1.0)	Tnnc2
HALLMARK_MYOGENESIS	exploratory	MSigDB_Hallmark (msigdbr 26.1.0)	Tnni1
HALLMARK_MYOGENESIS	exploratory	MSigDB_Hallmark (msigdbr 26.1.0)	Tnni2
HALLMARK_MYOGENESIS	exploratory	MSigDB_Hallmark (msigdbr 26.1.0)	Tnnt1
HALLMARK_MYOGENESIS	exploratory	MSigDB_Hallmark (msigdbr 26.1.0)	Tnnt2
HALLMARK_MYOGENESIS	exploratory	MSigDB_Hallmark (msigdbr 26.1.0)	Tnnt3
HALLMARK_MYOGENESIS	exploratory	MSigDB_Hallmark (msigdbr 26.1.0)	Tpd52l1
HALLMARK_MYOGENESIS	exploratory	MSigDB_Hallmark (msigdbr 26.1.0)	Tpm2
HALLMARK_MYOGENESIS	exploratory	MSigDB_Hallmark (msigdbr 26.1.0)	Tpm3
HALLMARK_MYOGENESIS	exploratory	MSigDB_Hallmark (msigdbr 26.1.0)	Tsc2
HALLMARK_MYOGENESIS	exploratory	MSigDB_Hallmark (msigdbr 26.1.0)	Vipr1
HALLMARK_MYOGENESIS	exploratory	MSigDB_Hallmark (msigdbr 26.1.0)	Wwtr1
HALLMARK_NOTCH_SIGNALING	exploratory	MSigDB_Hallmark (msigdbr 26.1.0)	Aph1a
HALLMARK_NOTCH_SIGNALING	exploratory	MSigDB_Hallmark (msigdbr 26.1.0)	Arrb1
HALLMARK_NOTCH_SIGNALING	exploratory	MSigDB_Hallmark (msigdbr 26.1.0)	Ccnd1
HALLMARK_NOTCH_SIGNALING	exploratory	MSigDB_Hallmark (msigdbr 26.1.0)	Cul1
HALLMARK_NOTCH_SIGNALING	exploratory	MSigDB_Hallmark (msigdbr 26.1.0)	Dll1
HALLMARK_NOTCH_SIGNALING	exploratory	MSigDB_Hallmark (msigdbr 26.1.0)	Dtx1
HALLMARK_NOTCH_SIGNALING	exploratory	MSigDB_Hallmark (msigdbr 26.1.0)	Dtx2
HALLMARK_NOTCH_SIGNALING	exploratory	MSigDB_Hallmark (msigdbr 26.1.0)	Dtx4
HALLMARK_NOTCH_SIGNALING	exploratory	MSigDB_Hallmark (msigdbr 26.1.0)	Fbxw11
HALLMARK_NOTCH_SIGNALING	exploratory	MSigDB_Hallmark (msigdbr 26.1.0)	Fzd1
HALLMARK_NOTCH_SIGNALING	exploratory	MSigDB_Hallmark (msigdbr 26.1.0)	Fzd5
HALLMARK_NOTCH_SIGNALING	exploratory	MSigDB_Hallmark (msigdbr 26.1.0)	Fzd7
HALLMARK_NOTCH_SIGNALING	exploratory	MSigDB_Hallmark (msigdbr 26.1.0)	Hes1
HALLMARK_NOTCH_SIGNALING	exploratory	MSigDB_Hallmark (msigdbr 26.1.0)	Heyl
HALLMARK_NOTCH_SIGNALING	exploratory	MSigDB_Hallmark (msigdbr 26.1.0)	Jag1
HALLMARK_NOTCH_SIGNALING	exploratory	MSigDB_Hallmark (msigdbr 26.1.0)	Kat2a
HALLMARK_NOTCH_SIGNALING	exploratory	MSigDB_Hallmark (msigdbr 26.1.0)	Lfng
HALLMARK_NOTCH_SIGNALING	exploratory	MSigDB_Hallmark (msigdbr 26.1.0)	Maml2
HALLMARK_NOTCH_SIGNALING	exploratory	MSigDB_Hallmark (msigdbr 26.1.0)	Notch1
HALLMARK_NOTCH_SIGNALING	exploratory	MSigDB_Hallmark (msigdbr 26.1.0)	Notch2
HALLMARK_NOTCH_SIGNALING	exploratory	MSigDB_Hallmark (msigdbr 26.1.0)	Notch3
HALLMARK_NOTCH_SIGNALING	exploratory	MSigDB_Hallmark (msigdbr 26.1.0)	Ppard
HALLMARK_NOTCH_SIGNALING	exploratory	MSigDB_Hallmark (msigdbr 26.1.0)	Prkca
HALLMARK_NOTCH_SIGNALING	exploratory	MSigDB_Hallmark (msigdbr 26.1.0)	Psen2
HALLMARK_NOTCH_SIGNALING	exploratory	MSigDB_Hallmark (msigdbr 26.1.0)	Psenen
HALLMARK_NOTCH_SIGNALING	exploratory	MSigDB_Hallmark (msigdbr 26.1.0)	Rbx1
HALLMARK_NOTCH_SIGNALING	exploratory	MSigDB_Hallmark (msigdbr 26.1.0)	Sap30
HALLMARK_NOTCH_SIGNALING	exploratory	MSigDB_Hallmark (msigdbr 26.1.0)	Skp1
HALLMARK_NOTCH_SIGNALING	exploratory	MSigDB_Hallmark (msigdbr 26.1.0)	St3gal6
HALLMARK_NOTCH_SIGNALING	exploratory	MSigDB_Hallmark (msigdbr 26.1.0)	Tcf7l2
HALLMARK_NOTCH_SIGNALING	exploratory	MSigDB_Hallmark (msigdbr 26.1.0)	Wnt2
HALLMARK_NOTCH_SIGNALING	exploratory	MSigDB_Hallmark (msigdbr 26.1.0)	Wnt5a
HALLMARK_P53_PATHWAY	exploratory	MSigDB_Hallmark (msigdbr 26.1.0)	Abat
HALLMARK_P53_PATHWAY	exploratory	MSigDB_Hallmark (msigdbr 26.1.0)	Abcc5
HALLMARK_P53_PATHWAY	exploratory	MSigDB_Hallmark (msigdbr 26.1.0)	Abhd4
HALLMARK_P53_PATHWAY	exploratory	MSigDB_Hallmark (msigdbr 26.1.0)	Acvr1b
HALLMARK_P53_PATHWAY	exploratory	MSigDB_Hallmark (msigdbr 26.1.0)	Ada
HALLMARK_P53_PATHWAY	exploratory	MSigDB_Hallmark (msigdbr 26.1.0)	Aen
HALLMARK_P53_PATHWAY	exploratory	MSigDB_Hallmark (msigdbr 26.1.0)	Ak1
HALLMARK_P53_PATHWAY	exploratory	MSigDB_Hallmark (msigdbr 26.1.0)	Alox8
HALLMARK_P53_PATHWAY	exploratory	MSigDB_Hallmark (msigdbr 26.1.0)	Ankra2
HALLMARK_P53_PATHWAY	exploratory	MSigDB_Hallmark (msigdbr 26.1.0)	Apaf1
HALLMARK_P53_PATHWAY	exploratory	MSigDB_Hallmark (msigdbr 26.1.0)	App
HALLMARK_P53_PATHWAY	exploratory	MSigDB_Hallmark (msigdbr 26.1.0)	Atf3
HALLMARK_P53_PATHWAY	exploratory	MSigDB_Hallmark (msigdbr 26.1.0)	Baiap2
HALLMARK_P53_PATHWAY	exploratory	MSigDB_Hallmark (msigdbr 26.1.0)	Bak1
HALLMARK_P53_PATHWAY	exploratory	MSigDB_Hallmark (msigdbr 26.1.0)	Bax
HALLMARK_P53_PATHWAY	exploratory	MSigDB_Hallmark (msigdbr 26.1.0)	Blcap
HALLMARK_P53_PATHWAY	exploratory	MSigDB_Hallmark (msigdbr 26.1.0)	Bmp2
HALLMARK_P53_PATHWAY	exploratory	MSigDB_Hallmark (msigdbr 26.1.0)	Btg1
HALLMARK_P53_PATHWAY	exploratory	MSigDB_Hallmark (msigdbr 26.1.0)	Btg2
HALLMARK_P53_PATHWAY	exploratory	MSigDB_Hallmark (msigdbr 26.1.0)	Casp1
HALLMARK_P53_PATHWAY	exploratory	MSigDB_Hallmark (msigdbr 26.1.0)	Ccnd2
HALLMARK_P53_PATHWAY	exploratory	MSigDB_Hallmark (msigdbr 26.1.0)	Ccnd3
HALLMARK_P53_PATHWAY	exploratory	MSigDB_Hallmark (msigdbr 26.1.0)	Ccng1
HALLMARK_P53_PATHWAY	exploratory	MSigDB_Hallmark (msigdbr 26.1.0)	Ccnk
HALLMARK_P53_PATHWAY	exploratory	MSigDB_Hallmark (msigdbr 26.1.0)	Ccp110
HALLMARK_P53_PATHWAY	exploratory	MSigDB_Hallmark (msigdbr 26.1.0)	Cd81
HALLMARK_P53_PATHWAY	exploratory	MSigDB_Hallmark (msigdbr 26.1.0)	Cd82
HALLMARK_P53_PATHWAY	exploratory	MSigDB_Hallmark (msigdbr 26.1.0)	Cdh13
HALLMARK_P53_PATHWAY	exploratory	MSigDB_Hallmark (msigdbr 26.1.0)	Cdk5r1
HALLMARK_P53_PATHWAY	exploratory	MSigDB_Hallmark (msigdbr 26.1.0)	Cdkn1a
HALLMARK_P53_PATHWAY	exploratory	MSigDB_Hallmark (msigdbr 26.1.0)	Cdkn2a
HALLMARK_P53_PATHWAY	exploratory	MSigDB_Hallmark (msigdbr 26.1.0)	Cdkn2aip
HALLMARK_P53_PATHWAY	exploratory	MSigDB_Hallmark (msigdbr 26.1.0)	Cdkn2b
HALLMARK_P53_PATHWAY	exploratory	MSigDB_Hallmark (msigdbr 26.1.0)	Cebpa
HALLMARK_P53_PATHWAY	exploratory	MSigDB_Hallmark (msigdbr 26.1.0)	Cgrrf1
HALLMARK_P53_PATHWAY	exploratory	MSigDB_Hallmark (msigdbr 26.1.0)	Clca2
HALLMARK_P53_PATHWAY	exploratory	MSigDB_Hallmark (msigdbr 26.1.0)	Coq8a
HALLMARK_P53_PATHWAY	exploratory	MSigDB_Hallmark (msigdbr 26.1.0)	Csrnp2
HALLMARK_P53_PATHWAY	exploratory	MSigDB_Hallmark (msigdbr 26.1.0)	Ctsd
HALLMARK_P53_PATHWAY	exploratory	MSigDB_Hallmark (msigdbr 26.1.0)	Ctsf
HALLMARK_P53_PATHWAY	exploratory	MSigDB_Hallmark (msigdbr 26.1.0)	Cyfip2
HALLMARK_P53_PATHWAY	exploratory	MSigDB_Hallmark (msigdbr 26.1.0)	Dcxr
HALLMARK_P53_PATHWAY	exploratory	MSigDB_Hallmark (msigdbr 26.1.0)	Ddb2
HALLMARK_P53_PATHWAY	exploratory	MSigDB_Hallmark (msigdbr 26.1.0)	Ddit3
HALLMARK_P53_PATHWAY	exploratory	MSigDB_Hallmark (msigdbr 26.1.0)	Ddit4
HALLMARK_P53_PATHWAY	exploratory	MSigDB_Hallmark (msigdbr 26.1.0)	Def6
HALLMARK_P53_PATHWAY	exploratory	MSigDB_Hallmark (msigdbr 26.1.0)	Dgka
HALLMARK_P53_PATHWAY	exploratory	MSigDB_Hallmark (msigdbr 26.1.0)	Dnttip2
HALLMARK_P53_PATHWAY	exploratory	MSigDB_Hallmark (msigdbr 26.1.0)	Dram1
HALLMARK_P53_PATHWAY	exploratory	MSigDB_Hallmark (msigdbr 26.1.0)	Ei24
HALLMARK_P53_PATHWAY	exploratory	MSigDB_Hallmark (msigdbr 26.1.0)	Elp1
HALLMARK_P53_PATHWAY	exploratory	MSigDB_Hallmark (msigdbr 26.1.0)	Epha2
HALLMARK_P53_PATHWAY	exploratory	MSigDB_Hallmark (msigdbr 26.1.0)	Ephx1
HALLMARK_P53_PATHWAY	exploratory	MSigDB_Hallmark (msigdbr 26.1.0)	Eps8l2
HALLMARK_P53_PATHWAY	exploratory	MSigDB_Hallmark (msigdbr 26.1.0)	Ercc5
HALLMARK_P53_PATHWAY	exploratory	MSigDB_Hallmark (msigdbr 26.1.0)	F2r
HALLMARK_P53_PATHWAY	exploratory	MSigDB_Hallmark (msigdbr 26.1.0)	Fam162a
HALLMARK_P53_PATHWAY	exploratory	MSigDB_Hallmark (msigdbr 26.1.0)	Fas
HALLMARK_P53_PATHWAY	exploratory	MSigDB_Hallmark (msigdbr 26.1.0)	Fbxw7
HALLMARK_P53_PATHWAY	exploratory	MSigDB_Hallmark (msigdbr 26.1.0)	Fdxr
HALLMARK_P53_PATHWAY	exploratory	MSigDB_Hallmark (msigdbr 26.1.0)	Fgf13
HALLMARK_P53_PATHWAY	exploratory	MSigDB_Hallmark (msigdbr 26.1.0)	Fos
HALLMARK_P53_PATHWAY	exploratory	MSigDB_Hallmark (msigdbr 26.1.0)	Foxo3
HALLMARK_P53_PATHWAY	exploratory	MSigDB_Hallmark (msigdbr 26.1.0)	Fuca1
HALLMARK_P53_PATHWAY	exploratory	MSigDB_Hallmark (msigdbr 26.1.0)	Gadd45a
HALLMARK_P53_PATHWAY	exploratory	MSigDB_Hallmark (msigdbr 26.1.0)	Gls2
HALLMARK_P53_PATHWAY	exploratory	MSigDB_Hallmark (msigdbr 26.1.0)	Gm2a
HALLMARK_P53_PATHWAY	exploratory	MSigDB_Hallmark (msigdbr 26.1.0)	Gpx2
HALLMARK_P53_PATHWAY	exploratory	MSigDB_Hallmark (msigdbr 26.1.0)	H1f2
HALLMARK_P53_PATHWAY	exploratory	MSigDB_Hallmark (msigdbr 26.1.0)	H2ac25
HALLMARK_P53_PATHWAY	exploratory	MSigDB_Hallmark (msigdbr 26.1.0)	H2aj
HALLMARK_P53_PATHWAY	exploratory	MSigDB_Hallmark (msigdbr 26.1.0)	Hbegf
HALLMARK_P53_PATHWAY	exploratory	MSigDB_Hallmark (msigdbr 26.1.0)	Hdac3
HALLMARK_P53_PATHWAY	exploratory	MSigDB_Hallmark (msigdbr 26.1.0)	Hexim1
HALLMARK_P53_PATHWAY	exploratory	MSigDB_Hallmark (msigdbr 26.1.0)	Hint1
HALLMARK_P53_PATHWAY	exploratory	MSigDB_Hallmark (msigdbr 26.1.0)	Hmox1
HALLMARK_P53_PATHWAY	exploratory	MSigDB_Hallmark (msigdbr 26.1.0)	Hras
HALLMARK_P53_PATHWAY	exploratory	MSigDB_Hallmark (msigdbr 26.1.0)	Hspa4l
HALLMARK_P53_PATHWAY	exploratory	MSigDB_Hallmark (msigdbr 26.1.0)	Ier3
HALLMARK_P53_PATHWAY	exploratory	MSigDB_Hallmark (msigdbr 26.1.0)	Ier5
HALLMARK_P53_PATHWAY	exploratory	MSigDB_Hallmark (msigdbr 26.1.0)	Ifi30
HALLMARK_P53_PATHWAY	exploratory	MSigDB_Hallmark (msigdbr 26.1.0)	Il1a
HALLMARK_P53_PATHWAY	exploratory	MSigDB_Hallmark (msigdbr 26.1.0)	Inhbb
HALLMARK_P53_PATHWAY	exploratory	MSigDB_Hallmark (msigdbr 26.1.0)	Ip6k2
HALLMARK_P53_PATHWAY	exploratory	MSigDB_Hallmark (msigdbr 26.1.0)	Irag2
HALLMARK_P53_PATHWAY	exploratory	MSigDB_Hallmark (msigdbr 26.1.0)	Irak1
HALLMARK_P53_PATHWAY	exploratory	MSigDB_Hallmark (msigdbr 26.1.0)	Iscu
HALLMARK_P53_PATHWAY	exploratory	MSigDB_Hallmark (msigdbr 26.1.0)	Itgb4
HALLMARK_P53_PATHWAY	exploratory	MSigDB_Hallmark (msigdbr 26.1.0)	Jag2
HALLMARK_P53_PATHWAY	exploratory	MSigDB_Hallmark (msigdbr 26.1.0)	Jun
HALLMARK_P53_PATHWAY	exploratory	MSigDB_Hallmark (msigdbr 26.1.0)	Kif13b
HALLMARK_P53_PATHWAY	exploratory	MSigDB_Hallmark (msigdbr 26.1.0)	Klf4
HALLMARK_P53_PATHWAY	exploratory	MSigDB_Hallmark (msigdbr 26.1.0)	Klk8
HALLMARK_P53_PATHWAY	exploratory	MSigDB_Hallmark (msigdbr 26.1.0)	Krt17
HALLMARK_P53_PATHWAY	exploratory	MSigDB_Hallmark (msigdbr 26.1.0)	Ldhb
HALLMARK_P53_PATHWAY	exploratory	MSigDB_Hallmark (msigdbr 26.1.0)	Lif
HALLMARK_P53_PATHWAY	exploratory	MSigDB_Hallmark (msigdbr 26.1.0)	Mapkapk3
HALLMARK_P53_PATHWAY	exploratory	MSigDB_Hallmark (msigdbr 26.1.0)	Mdm2
HALLMARK_P53_PATHWAY	exploratory	MSigDB_Hallmark (msigdbr 26.1.0)	Mknk2
HALLMARK_P53_PATHWAY	exploratory	MSigDB_Hallmark (msigdbr 26.1.0)	Mxd1
HALLMARK_P53_PATHWAY	exploratory	MSigDB_Hallmark (msigdbr 26.1.0)	Mxd4
HALLMARK_P53_PATHWAY	exploratory	MSigDB_Hallmark (msigdbr 26.1.0)	Ndrg1
HALLMARK_P53_PATHWAY	exploratory	MSigDB_Hallmark (msigdbr 26.1.0)	Nhlh2
HALLMARK_P53_PATHWAY	exploratory	MSigDB_Hallmark (msigdbr 26.1.0)	Ninj1
HALLMARK_P53_PATHWAY	exploratory	MSigDB_Hallmark (msigdbr 26.1.0)	Nol8
HALLMARK_P53_PATHWAY	exploratory	MSigDB_Hallmark (msigdbr 26.1.0)	Notch1
HALLMARK_P53_PATHWAY	exploratory	MSigDB_Hallmark (msigdbr 26.1.0)	Nudt15
HALLMARK_P53_PATHWAY	exploratory	MSigDB_Hallmark (msigdbr 26.1.0)	Nupr1
HALLMARK_P53_PATHWAY	exploratory	MSigDB_Hallmark (msigdbr 26.1.0)	Osgin1
HALLMARK_P53_PATHWAY	exploratory	MSigDB_Hallmark (msigdbr 26.1.0)	Pcna
HALLMARK_P53_PATHWAY	exploratory	MSigDB_Hallmark (msigdbr 26.1.0)	Pdgfa
HALLMARK_P53_PATHWAY	exploratory	MSigDB_Hallmark (msigdbr 26.1.0)	Perp
HALLMARK_P53_PATHWAY	exploratory	MSigDB_Hallmark (msigdbr 26.1.0)	Phlda3
HALLMARK_P53_PATHWAY	exploratory	MSigDB_Hallmark (msigdbr 26.1.0)	Pidd1
HALLMARK_P53_PATHWAY	exploratory	MSigDB_Hallmark (msigdbr 26.1.0)	Pitpnc1
HALLMARK_P53_PATHWAY	exploratory	MSigDB_Hallmark (msigdbr 26.1.0)	Plk2
HALLMARK_P53_PATHWAY	exploratory	MSigDB_Hallmark (msigdbr 26.1.0)	Plk3
HALLMARK_P53_PATHWAY	exploratory	MSigDB_Hallmark (msigdbr 26.1.0)	Plxnb2
HALLMARK_P53_PATHWAY	exploratory	MSigDB_Hallmark (msigdbr 26.1.0)	Pmm1
HALLMARK_P53_PATHWAY	exploratory	MSigDB_Hallmark (msigdbr 26.1.0)	Polh
HALLMARK_P53_PATHWAY	exploratory	MSigDB_Hallmark (msigdbr 26.1.0)	Pom121
HALLMARK_P53_PATHWAY	exploratory	MSigDB_Hallmark (msigdbr 26.1.0)	Ppm1d
HALLMARK_P53_PATHWAY	exploratory	MSigDB_Hallmark (msigdbr 26.1.0)	Ppp1r15a
HALLMARK_P53_PATHWAY	exploratory	MSigDB_Hallmark (msigdbr 26.1.0)	Prkab1
HALLMARK_P53_PATHWAY	exploratory	MSigDB_Hallmark (msigdbr 26.1.0)	Prmt2
HALLMARK_P53_PATHWAY	exploratory	MSigDB_Hallmark (msigdbr 26.1.0)	Procr
HALLMARK_P53_PATHWAY	exploratory	MSigDB_Hallmark (msigdbr 26.1.0)	Ptpn14
HALLMARK_P53_PATHWAY	exploratory	MSigDB_Hallmark (msigdbr 26.1.0)	Ptpre
HALLMARK_P53_PATHWAY	exploratory	MSigDB_Hallmark (msigdbr 26.1.0)	Rab40c
HALLMARK_P53_PATHWAY	exploratory	MSigDB_Hallmark (msigdbr 26.1.0)	Rack1
HALLMARK_P53_PATHWAY	exploratory	MSigDB_Hallmark (msigdbr 26.1.0)	Rad51c
HALLMARK_P53_PATHWAY	exploratory	MSigDB_Hallmark (msigdbr 26.1.0)	Rad9a
HALLMARK_P53_PATHWAY	exploratory	MSigDB_Hallmark (msigdbr 26.1.0)	Ralgds
HALLMARK_P53_PATHWAY	exploratory	MSigDB_Hallmark (msigdbr 26.1.0)	Rap2b
HALLMARK_P53_PATHWAY	exploratory	MSigDB_Hallmark (msigdbr 26.1.0)	Rb1
HALLMARK_P53_PATHWAY	exploratory	MSigDB_Hallmark (msigdbr 26.1.0)	Rchy1
HALLMARK_P53_PATHWAY	exploratory	MSigDB_Hallmark (msigdbr 26.1.0)	Retsat
HALLMARK_P53_PATHWAY	exploratory	MSigDB_Hallmark (msigdbr 26.1.0)	Rgs16
HALLMARK_P53_PATHWAY	exploratory	MSigDB_Hallmark (msigdbr 26.1.0)	Rhbdf2
HALLMARK_P53_PATHWAY	exploratory	MSigDB_Hallmark (msigdbr 26.1.0)	Rnf19b
HALLMARK_P53_PATHWAY	exploratory	MSigDB_Hallmark (msigdbr 26.1.0)	Rpl18
HALLMARK_P53_PATHWAY	exploratory	MSigDB_Hallmark (msigdbr 26.1.0)	Rpl36
HALLMARK_P53_PATHWAY	exploratory	MSigDB_Hallmark (msigdbr 26.1.0)	Rps12
HALLMARK_P53_PATHWAY	exploratory	MSigDB_Hallmark (msigdbr 26.1.0)	Rps27l
HALLMARK_P53_PATHWAY	exploratory	MSigDB_Hallmark (msigdbr 26.1.0)	Rrad
HALLMARK_P53_PATHWAY	exploratory	MSigDB_Hallmark (msigdbr 26.1.0)	Rrp8
HALLMARK_P53_PATHWAY	exploratory	MSigDB_Hallmark (msigdbr 26.1.0)	Rxra
HALLMARK_P53_PATHWAY	exploratory	MSigDB_Hallmark (msigdbr 26.1.0)	S100a10
HALLMARK_P53_PATHWAY	exploratory	MSigDB_Hallmark (msigdbr 26.1.0)	S100a4
HALLMARK_P53_PATHWAY	exploratory	MSigDB_Hallmark (msigdbr 26.1.0)	Sat1
HALLMARK_P53_PATHWAY	exploratory	MSigDB_Hallmark (msigdbr 26.1.0)	Sdc1
HALLMARK_P53_PATHWAY	exploratory	MSigDB_Hallmark (msigdbr 26.1.0)	Sec61a1
HALLMARK_P53_PATHWAY	exploratory	MSigDB_Hallmark (msigdbr 26.1.0)	Serpinb5
HALLMARK_P53_PATHWAY	exploratory	MSigDB_Hallmark (msigdbr 26.1.0)	Sertad3
HALLMARK_P53_PATHWAY	exploratory	MSigDB_Hallmark (msigdbr 26.1.0)	Sesn1
HALLMARK_P53_PATHWAY	exploratory	MSigDB_Hallmark (msigdbr 26.1.0)	Sfn
HALLMARK_P53_PATHWAY	exploratory	MSigDB_Hallmark (msigdbr 26.1.0)	Slc19a2
HALLMARK_P53_PATHWAY	exploratory	MSigDB_Hallmark (msigdbr 26.1.0)	Slc35d1
HALLMARK_P53_PATHWAY	exploratory	MSigDB_Hallmark (msigdbr 26.1.0)	Slc3a2
HALLMARK_P53_PATHWAY	exploratory	MSigDB_Hallmark (msigdbr 26.1.0)	Slc7a11
HALLMARK_P53_PATHWAY	exploratory	MSigDB_Hallmark (msigdbr 26.1.0)	Socs1
HALLMARK_P53_PATHWAY	exploratory	MSigDB_Hallmark (msigdbr 26.1.0)	Sp1
HALLMARK_P53_PATHWAY	exploratory	MSigDB_Hallmark (msigdbr 26.1.0)	Sphk1
HALLMARK_P53_PATHWAY	exploratory	MSigDB_Hallmark (msigdbr 26.1.0)	St14
HALLMARK_P53_PATHWAY	exploratory	MSigDB_Hallmark (msigdbr 26.1.0)	Steap3
HALLMARK_P53_PATHWAY	exploratory	MSigDB_Hallmark (msigdbr 26.1.0)	Stom
HALLMARK_P53_PATHWAY	exploratory	MSigDB_Hallmark (msigdbr 26.1.0)	Tap1
HALLMARK_P53_PATHWAY	exploratory	MSigDB_Hallmark (msigdbr 26.1.0)	Tax1bp3
HALLMARK_P53_PATHWAY	exploratory	MSigDB_Hallmark (msigdbr 26.1.0)	Tchh
HALLMARK_P53_PATHWAY	exploratory	MSigDB_Hallmark (msigdbr 26.1.0)	Tcn2
HALLMARK_P53_PATHWAY	exploratory	MSigDB_Hallmark (msigdbr 26.1.0)	Tgfa
HALLMARK_P53_PATHWAY	exploratory	MSigDB_Hallmark (msigdbr 26.1.0)	Tgfb1
HALLMARK_P53_PATHWAY	exploratory	MSigDB_Hallmark (msigdbr 26.1.0)	Tm4sf1
HALLMARK_P53_PATHWAY	exploratory	MSigDB_Hallmark (msigdbr 26.1.0)	Tm7sf3
HALLMARK_P53_PATHWAY	exploratory	MSigDB_Hallmark (msigdbr 26.1.0)	Tnfsf9
HALLMARK_P53_PATHWAY	exploratory	MSigDB_Hallmark (msigdbr 26.1.0)	Tnni1
HALLMARK_P53_PATHWAY	exploratory	MSigDB_Hallmark (msigdbr 26.1.0)	Tob1
HALLMARK_P53_PATHWAY	exploratory	MSigDB_Hallmark (msigdbr 26.1.0)	Trp53
HALLMARK_P53_PATHWAY	exploratory	MSigDB_Hallmark (msigdbr 26.1.0)	Trp63
HALLMARK_P53_PATHWAY	exploratory	MSigDB_Hallmark (msigdbr 26.1.0)	Tpd52l1
HALLMARK_P53_PATHWAY	exploratory	MSigDB_Hallmark (msigdbr 26.1.0)	Tprkb
HALLMARK_P53_PATHWAY	exploratory	MSigDB_Hallmark (msigdbr 26.1.0)	Traf4
HALLMARK_P53_PATHWAY	exploratory	MSigDB_Hallmark (msigdbr 26.1.0)	Trafd1
HALLMARK_P53_PATHWAY	exploratory	MSigDB_Hallmark (msigdbr 26.1.0)	Triap1
HALLMARK_P53_PATHWAY	exploratory	MSigDB_Hallmark (msigdbr 26.1.0)	Trib3
HALLMARK_P53_PATHWAY	exploratory	MSigDB_Hallmark (msigdbr 26.1.0)	Tsc22d1
HALLMARK_P53_PATHWAY	exploratory	MSigDB_Hallmark (msigdbr 26.1.0)	Tspyl2
HALLMARK_P53_PATHWAY	exploratory	MSigDB_Hallmark (msigdbr 26.1.0)	Txnip
HALLMARK_P53_PATHWAY	exploratory	MSigDB_Hallmark (msigdbr 26.1.0)	Upp1
HALLMARK_P53_PATHWAY	exploratory	MSigDB_Hallmark (msigdbr 26.1.0)	Vamp8
HALLMARK_P53_PATHWAY	exploratory	MSigDB_Hallmark (msigdbr 26.1.0)	Vdr
HALLMARK_P53_PATHWAY	exploratory	MSigDB_Hallmark (msigdbr 26.1.0)	Vwa5a
HALLMARK_P53_PATHWAY	exploratory	MSigDB_Hallmark (msigdbr 26.1.0)	Wrap73
HALLMARK_P53_PATHWAY	exploratory	MSigDB_Hallmark (msigdbr 26.1.0)	Wwp1
HALLMARK_P53_PATHWAY	exploratory	MSigDB_Hallmark (msigdbr 26.1.0)	Xpc
HALLMARK_P53_PATHWAY	exploratory	MSigDB_Hallmark (msigdbr 26.1.0)	Zbtb16
HALLMARK_P53_PATHWAY	exploratory	MSigDB_Hallmark (msigdbr 26.1.0)	Zfp36l1
HALLMARK_P53_PATHWAY	exploratory	MSigDB_Hallmark (msigdbr 26.1.0)	Zmat3
HALLMARK_P53_PATHWAY	exploratory	MSigDB_Hallmark (msigdbr 26.1.0)	Zfp365
HALLMARK_PI3K_AKT_MTOR_SIGNALING	exploratory	MSigDB_Hallmark (msigdbr 26.1.0)	Acaca
HALLMARK_PI3K_AKT_MTOR_SIGNALING	exploratory	MSigDB_Hallmark (msigdbr 26.1.0)	Actr2
HALLMARK_PI3K_AKT_MTOR_SIGNALING	exploratory	MSigDB_Hallmark (msigdbr 26.1.0)	Actr3
HALLMARK_PI3K_AKT_MTOR_SIGNALING	exploratory	MSigDB_Hallmark (msigdbr 26.1.0)	Adcy2
HALLMARK_PI3K_AKT_MTOR_SIGNALING	exploratory	MSigDB_Hallmark (msigdbr 26.1.0)	Akt1
HALLMARK_PI3K_AKT_MTOR_SIGNALING	exploratory	MSigDB_Hallmark (msigdbr 26.1.0)	Akt1s1
HALLMARK_PI3K_AKT_MTOR_SIGNALING	exploratory	MSigDB_Hallmark (msigdbr 26.1.0)	Ap2m1
HALLMARK_PI3K_AKT_MTOR_SIGNALING	exploratory	MSigDB_Hallmark (msigdbr 26.1.0)	Arf1
HALLMARK_PI3K_AKT_MTOR_SIGNALING	exploratory	MSigDB_Hallmark (msigdbr 26.1.0)	Arhgdia
HALLMARK_PI3K_AKT_MTOR_SIGNALING	exploratory	MSigDB_Hallmark (msigdbr 26.1.0)	Arpc3
HALLMARK_PI3K_AKT_MTOR_SIGNALING	exploratory	MSigDB_Hallmark (msigdbr 26.1.0)	Atf1
HALLMARK_PI3K_AKT_MTOR_SIGNALING	exploratory	MSigDB_Hallmark (msigdbr 26.1.0)	Cab39
HALLMARK_PI3K_AKT_MTOR_SIGNALING	exploratory	MSigDB_Hallmark (msigdbr 26.1.0)	Cab39l
HALLMARK_PI3K_AKT_MTOR_SIGNALING	exploratory	MSigDB_Hallmark (msigdbr 26.1.0)	Calr
HALLMARK_PI3K_AKT_MTOR_SIGNALING	exploratory	MSigDB_Hallmark (msigdbr 26.1.0)	Camk4
HALLMARK_PI3K_AKT_MTOR_SIGNALING	exploratory	MSigDB_Hallmark (msigdbr 26.1.0)	Cdk1
HALLMARK_PI3K_AKT_MTOR_SIGNALING	exploratory	MSigDB_Hallmark (msigdbr 26.1.0)	Cdk2
HALLMARK_PI3K_AKT_MTOR_SIGNALING	exploratory	MSigDB_Hallmark (msigdbr 26.1.0)	Cdk4
HALLMARK_PI3K_AKT_MTOR_SIGNALING	exploratory	MSigDB_Hallmark (msigdbr 26.1.0)	Cdkn1a
HALLMARK_PI3K_AKT_MTOR_SIGNALING	exploratory	MSigDB_Hallmark (msigdbr 26.1.0)	Cdkn1b
HALLMARK_PI3K_AKT_MTOR_SIGNALING	exploratory	MSigDB_Hallmark (msigdbr 26.1.0)	Cfl1
HALLMARK_PI3K_AKT_MTOR_SIGNALING	exploratory	MSigDB_Hallmark (msigdbr 26.1.0)	Cltc
HALLMARK_PI3K_AKT_MTOR_SIGNALING	exploratory	MSigDB_Hallmark (msigdbr 26.1.0)	Csnk2b
HALLMARK_PI3K_AKT_MTOR_SIGNALING	exploratory	MSigDB_Hallmark (msigdbr 26.1.0)	Cxcr4
HALLMARK_PI3K_AKT_MTOR_SIGNALING	exploratory	MSigDB_Hallmark (msigdbr 26.1.0)	Dapp1
HALLMARK_PI3K_AKT_MTOR_SIGNALING	exploratory	MSigDB_Hallmark (msigdbr 26.1.0)	Ddit3
HALLMARK_PI3K_AKT_MTOR_SIGNALING	exploratory	MSigDB_Hallmark (msigdbr 26.1.0)	Dusp3
HALLMARK_PI3K_AKT_MTOR_SIGNALING	exploratory	MSigDB_Hallmark (msigdbr 26.1.0)	E2f1
HALLMARK_PI3K_AKT_MTOR_SIGNALING	exploratory	MSigDB_Hallmark (msigdbr 26.1.0)	Ecsit
HALLMARK_PI3K_AKT_MTOR_SIGNALING	exploratory	MSigDB_Hallmark (msigdbr 26.1.0)	Egfr
HALLMARK_PI3K_AKT_MTOR_SIGNALING	exploratory	MSigDB_Hallmark (msigdbr 26.1.0)	Eif4e
HALLMARK_PI3K_AKT_MTOR_SIGNALING	exploratory	MSigDB_Hallmark (msigdbr 26.1.0)	Fasl
HALLMARK_PI3K_AKT_MTOR_SIGNALING	exploratory	MSigDB_Hallmark (msigdbr 26.1.0)	Fgf17
HALLMARK_PI3K_AKT_MTOR_SIGNALING	exploratory	MSigDB_Hallmark (msigdbr 26.1.0)	Fgf22
HALLMARK_PI3K_AKT_MTOR_SIGNALING	exploratory	MSigDB_Hallmark (msigdbr 26.1.0)	Fgf6
HALLMARK_PI3K_AKT_MTOR_SIGNALING	exploratory	MSigDB_Hallmark (msigdbr 26.1.0)	Gna14
HALLMARK_PI3K_AKT_MTOR_SIGNALING	exploratory	MSigDB_Hallmark (msigdbr 26.1.0)	Gngt1
HALLMARK_PI3K_AKT_MTOR_SIGNALING	exploratory	MSigDB_Hallmark (msigdbr 26.1.0)	Grb2
HALLMARK_PI3K_AKT_MTOR_SIGNALING	exploratory	MSigDB_Hallmark (msigdbr 26.1.0)	Grk2
HALLMARK_PI3K_AKT_MTOR_SIGNALING	exploratory	MSigDB_Hallmark (msigdbr 26.1.0)	Gsk3b
HALLMARK_PI3K_AKT_MTOR_SIGNALING	exploratory	MSigDB_Hallmark (msigdbr 26.1.0)	Hras
HALLMARK_PI3K_AKT_MTOR_SIGNALING	exploratory	MSigDB_Hallmark (msigdbr 26.1.0)	Hsp90b1
HALLMARK_PI3K_AKT_MTOR_SIGNALING	exploratory	MSigDB_Hallmark (msigdbr 26.1.0)	Il2rg
HALLMARK_PI3K_AKT_MTOR_SIGNALING	exploratory	MSigDB_Hallmark (msigdbr 26.1.0)	Il4
HALLMARK_PI3K_AKT_MTOR_SIGNALING	exploratory	MSigDB_Hallmark (msigdbr 26.1.0)	Irak4
HALLMARK_PI3K_AKT_MTOR_SIGNALING	exploratory	MSigDB_Hallmark (msigdbr 26.1.0)	Itpr2
HALLMARK_PI3K_AKT_MTOR_SIGNALING	exploratory	MSigDB_Hallmark (msigdbr 26.1.0)	Lck
HALLMARK_PI3K_AKT_MTOR_SIGNALING	exploratory	MSigDB_Hallmark (msigdbr 26.1.0)	Map2k3
HALLMARK_PI3K_AKT_MTOR_SIGNALING	exploratory	MSigDB_Hallmark (msigdbr 26.1.0)	Map2k6
HALLMARK_PI3K_AKT_MTOR_SIGNALING	exploratory	MSigDB_Hallmark (msigdbr 26.1.0)	Map3k7
HALLMARK_PI3K_AKT_MTOR_SIGNALING	exploratory	MSigDB_Hallmark (msigdbr 26.1.0)	Mapk1
HALLMARK_PI3K_AKT_MTOR_SIGNALING	exploratory	MSigDB_Hallmark (msigdbr 26.1.0)	Mapk10
HALLMARK_PI3K_AKT_MTOR_SIGNALING	exploratory	MSigDB_Hallmark (msigdbr 26.1.0)	Mapk8
HALLMARK_PI3K_AKT_MTOR_SIGNALING	exploratory	MSigDB_Hallmark (msigdbr 26.1.0)	Mapk9
HALLMARK_PI3K_AKT_MTOR_SIGNALING	exploratory	MSigDB_Hallmark (msigdbr 26.1.0)	Mapkap1
HALLMARK_PI3K_AKT_MTOR_SIGNALING	exploratory	MSigDB_Hallmark (msigdbr 26.1.0)	Mknk1
HALLMARK_PI3K_AKT_MTOR_SIGNALING	exploratory	MSigDB_Hallmark (msigdbr 26.1.0)	Mknk2
HALLMARK_PI3K_AKT_MTOR_SIGNALING	exploratory	MSigDB_Hallmark (msigdbr 26.1.0)	Myd88
HALLMARK_PI3K_AKT_MTOR_SIGNALING	exploratory	MSigDB_Hallmark (msigdbr 26.1.0)	Nck1
HALLMARK_PI3K_AKT_MTOR_SIGNALING	exploratory	MSigDB_Hallmark (msigdbr 26.1.0)	Nfkbib
HALLMARK_PI3K_AKT_MTOR_SIGNALING	exploratory	MSigDB_Hallmark (msigdbr 26.1.0)	Ngf
HALLMARK_PI3K_AKT_MTOR_SIGNALING	exploratory	MSigDB_Hallmark (msigdbr 26.1.0)	Nod1
HALLMARK_PI3K_AKT_MTOR_SIGNALING	exploratory	MSigDB_Hallmark (msigdbr 26.1.0)	Pak4
HALLMARK_PI3K_AKT_MTOR_SIGNALING	exploratory	MSigDB_Hallmark (msigdbr 26.1.0)	Pdk1
HALLMARK_PI3K_AKT_MTOR_SIGNALING	exploratory	MSigDB_Hallmark (msigdbr 26.1.0)	Pfn1
HALLMARK_PI3K_AKT_MTOR_SIGNALING	exploratory	MSigDB_Hallmark (msigdbr 26.1.0)	Pik3r3
HALLMARK_PI3K_AKT_MTOR_SIGNALING	exploratory	MSigDB_Hallmark (msigdbr 26.1.0)	Pikfyve
HALLMARK_PI3K_AKT_MTOR_SIGNALING	exploratory	MSigDB_Hallmark (msigdbr 26.1.0)	Pin1
HALLMARK_PI3K_AKT_MTOR_SIGNALING	exploratory	MSigDB_Hallmark (msigdbr 26.1.0)	Pitx2
HALLMARK_PI3K_AKT_MTOR_SIGNALING	exploratory	MSigDB_Hallmark (msigdbr 26.1.0)	Pla2g12a
HALLMARK_PI3K_AKT_MTOR_SIGNALING	exploratory	MSigDB_Hallmark (msigdbr 26.1.0)	Plcb1
HALLMARK_PI3K_AKT_MTOR_SIGNALING	exploratory	MSigDB_Hallmark (msigdbr 26.1.0)	Plcg1
HALLMARK_PI3K_AKT_MTOR_SIGNALING	exploratory	MSigDB_Hallmark (msigdbr 26.1.0)	Ppp1ca
HALLMARK_PI3K_AKT_MTOR_SIGNALING	exploratory	MSigDB_Hallmark (msigdbr 26.1.0)	Ppp2r1b
HALLMARK_PI3K_AKT_MTOR_SIGNALING	exploratory	MSigDB_Hallmark (msigdbr 26.1.0)	Prkaa2
HALLMARK_PI3K_AKT_MTOR_SIGNALING	exploratory	MSigDB_Hallmark (msigdbr 26.1.0)	Prkag1
HALLMARK_PI3K_AKT_MTOR_SIGNALING	exploratory	MSigDB_Hallmark (msigdbr 26.1.0)	Prkar2a
HALLMARK_PI3K_AKT_MTOR_SIGNALING	exploratory	MSigDB_Hallmark (msigdbr 26.1.0)	Prkcb
HALLMARK_PI3K_AKT_MTOR_SIGNALING	exploratory	MSigDB_Hallmark (msigdbr 26.1.0)	Pten
HALLMARK_PI3K_AKT_MTOR_SIGNALING	exploratory	MSigDB_Hallmark (msigdbr 26.1.0)	Ptpn11
HALLMARK_PI3K_AKT_MTOR_SIGNALING	exploratory	MSigDB_Hallmark (msigdbr 26.1.0)	Rac1
HALLMARK_PI3K_AKT_MTOR_SIGNALING	exploratory	MSigDB_Hallmark (msigdbr 26.1.0)	Raf1
HALLMARK_PI3K_AKT_MTOR_SIGNALING	exploratory	MSigDB_Hallmark (msigdbr 26.1.0)	Ralb
HALLMARK_PI3K_AKT_MTOR_SIGNALING	exploratory	MSigDB_Hallmark (msigdbr 26.1.0)	Ripk1
HALLMARK_PI3K_AKT_MTOR_SIGNALING	exploratory	MSigDB_Hallmark (msigdbr 26.1.0)	Rit1
HALLMARK_PI3K_AKT_MTOR_SIGNALING	exploratory	MSigDB_Hallmark (msigdbr 26.1.0)	Rps6ka1
HALLMARK_PI3K_AKT_MTOR_SIGNALING	exploratory	MSigDB_Hallmark (msigdbr 26.1.0)	Rps6ka3
HALLMARK_PI3K_AKT_MTOR_SIGNALING	exploratory	MSigDB_Hallmark (msigdbr 26.1.0)	Rptor
HALLMARK_PI3K_AKT_MTOR_SIGNALING	exploratory	MSigDB_Hallmark (msigdbr 26.1.0)	Sfn
HALLMARK_PI3K_AKT_MTOR_SIGNALING	exploratory	MSigDB_Hallmark (msigdbr 26.1.0)	Sla
HALLMARK_PI3K_AKT_MTOR_SIGNALING	exploratory	MSigDB_Hallmark (msigdbr 26.1.0)	Slc2a1
HALLMARK_PI3K_AKT_MTOR_SIGNALING	exploratory	MSigDB_Hallmark (msigdbr 26.1.0)	Smad2
HALLMARK_PI3K_AKT_MTOR_SIGNALING	exploratory	MSigDB_Hallmark (msigdbr 26.1.0)	Sqstm1
HALLMARK_PI3K_AKT_MTOR_SIGNALING	exploratory	MSigDB_Hallmark (msigdbr 26.1.0)	Stat2
HALLMARK_PI3K_AKT_MTOR_SIGNALING	exploratory	MSigDB_Hallmark (msigdbr 26.1.0)	Tbk1
HALLMARK_PI3K_AKT_MTOR_SIGNALING	exploratory	MSigDB_Hallmark (msigdbr 26.1.0)	Them4
HALLMARK_PI3K_AKT_MTOR_SIGNALING	exploratory	MSigDB_Hallmark (msigdbr 26.1.0)	Tiam1
HALLMARK_PI3K_AKT_MTOR_SIGNALING	exploratory	MSigDB_Hallmark (msigdbr 26.1.0)	Tnfrsf1a
HALLMARK_PI3K_AKT_MTOR_SIGNALING	exploratory	MSigDB_Hallmark (msigdbr 26.1.0)	Traf2
HALLMARK_PI3K_AKT_MTOR_SIGNALING	exploratory	MSigDB_Hallmark (msigdbr 26.1.0)	Trib3
HALLMARK_PI3K_AKT_MTOR_SIGNALING	exploratory	MSigDB_Hallmark (msigdbr 26.1.0)	Tsc2
HALLMARK_PI3K_AKT_MTOR_SIGNALING	exploratory	MSigDB_Hallmark (msigdbr 26.1.0)	Ube2d3
HALLMARK_PI3K_AKT_MTOR_SIGNALING	exploratory	MSigDB_Hallmark (msigdbr 26.1.0)	Ube2n
HALLMARK_PI3K_AKT_MTOR_SIGNALING	exploratory	MSigDB_Hallmark (msigdbr 26.1.0)	Vav3
HALLMARK_PI3K_AKT_MTOR_SIGNALING	exploratory	MSigDB_Hallmark (msigdbr 26.1.0)	Ywhab
HALLMARK_PROTEIN_SECRETION	exploratory	MSigDB_Hallmark (msigdbr 26.1.0)	Abca1
HALLMARK_PROTEIN_SECRETION	exploratory	MSigDB_Hallmark (msigdbr 26.1.0)	Adam10
HALLMARK_PROTEIN_SECRETION	exploratory	MSigDB_Hallmark (msigdbr 26.1.0)	Anp32e
HALLMARK_PROTEIN_SECRETION	exploratory	MSigDB_Hallmark (msigdbr 26.1.0)	Ap1g1
HALLMARK_PROTEIN_SECRETION	exploratory	MSigDB_Hallmark (msigdbr 26.1.0)	Ap2b1
HALLMARK_PROTEIN_SECRETION	exploratory	MSigDB_Hallmark (msigdbr 26.1.0)	Ap2m1
HALLMARK_PROTEIN_SECRETION	exploratory	MSigDB_Hallmark (msigdbr 26.1.0)	Ap2s1
HALLMARK_PROTEIN_SECRETION	exploratory	MSigDB_Hallmark (msigdbr 26.1.0)	Ap3b1
HALLMARK_PROTEIN_SECRETION	exploratory	MSigDB_Hallmark (msigdbr 26.1.0)	Ap3s1
HALLMARK_PROTEIN_SECRETION	exploratory	MSigDB_Hallmark (msigdbr 26.1.0)	Arcn1
HALLMARK_PROTEIN_SECRETION	exploratory	MSigDB_Hallmark (msigdbr 26.1.0)	Arf1
HALLMARK_PROTEIN_SECRETION	exploratory	MSigDB_Hallmark (msigdbr 26.1.0)	Arfgap3
HALLMARK_PROTEIN_SECRETION	exploratory	MSigDB_Hallmark (msigdbr 26.1.0)	Arfgef1
HALLMARK_PROTEIN_SECRETION	exploratory	MSigDB_Hallmark (msigdbr 26.1.0)	Arfgef2
HALLMARK_PROTEIN_SECRETION	exploratory	MSigDB_Hallmark (msigdbr 26.1.0)	Arfip1
HALLMARK_PROTEIN_SECRETION	exploratory	MSigDB_Hallmark (msigdbr 26.1.0)	Atp1a1
HALLMARK_PROTEIN_SECRETION	exploratory	MSigDB_Hallmark (msigdbr 26.1.0)	Atp6v1b1
HALLMARK_PROTEIN_SECRETION	exploratory	MSigDB_Hallmark (msigdbr 26.1.0)	Atp6v1h
HALLMARK_PROTEIN_SECRETION	exploratory	MSigDB_Hallmark (msigdbr 26.1.0)	Atp7a
HALLMARK_PROTEIN_SECRETION	exploratory	MSigDB_Hallmark (msigdbr 26.1.0)	Bet1
HALLMARK_PROTEIN_SECRETION	exploratory	MSigDB_Hallmark (msigdbr 26.1.0)	Bnip3
HALLMARK_PROTEIN_SECRETION	exploratory	MSigDB_Hallmark (msigdbr 26.1.0)	Cav2
HALLMARK_PROTEIN_SECRETION	exploratory	MSigDB_Hallmark (msigdbr 26.1.0)	Cd63
HALLMARK_PROTEIN_SECRETION	exploratory	MSigDB_Hallmark (msigdbr 26.1.0)	Clcn3
HALLMARK_PROTEIN_SECRETION	exploratory	MSigDB_Hallmark (msigdbr 26.1.0)	Cln5
HALLMARK_PROTEIN_SECRETION	exploratory	MSigDB_Hallmark (msigdbr 26.1.0)	Clta
HALLMARK_PROTEIN_SECRETION	exploratory	MSigDB_Hallmark (msigdbr 26.1.0)	Cltc
HALLMARK_PROTEIN_SECRETION	exploratory	MSigDB_Hallmark (msigdbr 26.1.0)	Cog2
HALLMARK_PROTEIN_SECRETION	exploratory	MSigDB_Hallmark (msigdbr 26.1.0)	Copb1
HALLMARK_PROTEIN_SECRETION	exploratory	MSigDB_Hallmark (msigdbr 26.1.0)	Copb2
HALLMARK_PROTEIN_SECRETION	exploratory	MSigDB_Hallmark (msigdbr 26.1.0)	Cope
HALLMARK_PROTEIN_SECRETION	exploratory	MSigDB_Hallmark (msigdbr 26.1.0)	Ctsc
HALLMARK_PROTEIN_SECRETION	exploratory	MSigDB_Hallmark (msigdbr 26.1.0)	Dnm1l
HALLMARK_PROTEIN_SECRETION	exploratory	MSigDB_Hallmark (msigdbr 26.1.0)	Dop1a
HALLMARK_PROTEIN_SECRETION	exploratory	MSigDB_Hallmark (msigdbr 26.1.0)	Dst
HALLMARK_PROTEIN_SECRETION	exploratory	MSigDB_Hallmark (msigdbr 26.1.0)	Egfr
HALLMARK_PROTEIN_SECRETION	exploratory	MSigDB_Hallmark (msigdbr 26.1.0)	Ergic3
HALLMARK_PROTEIN_SECRETION	exploratory	MSigDB_Hallmark (msigdbr 26.1.0)	Galc
HALLMARK_PROTEIN_SECRETION	exploratory	MSigDB_Hallmark (msigdbr 26.1.0)	Gbf1
HALLMARK_PROTEIN_SECRETION	exploratory	MSigDB_Hallmark (msigdbr 26.1.0)	Gla
HALLMARK_PROTEIN_SECRETION	exploratory	MSigDB_Hallmark (msigdbr 26.1.0)	Gnas
HALLMARK_PROTEIN_SECRETION	exploratory	MSigDB_Hallmark (msigdbr 26.1.0)	Golga4
HALLMARK_PROTEIN_SECRETION	exploratory	MSigDB_Hallmark (msigdbr 26.1.0)	Gosr2
HALLMARK_PROTEIN_SECRETION	exploratory	MSigDB_Hallmark (msigdbr 26.1.0)	Ica1
HALLMARK_PROTEIN_SECRETION	exploratory	MSigDB_Hallmark (msigdbr 26.1.0)	Igf2r
HALLMARK_PROTEIN_SECRETION	exploratory	MSigDB_Hallmark (msigdbr 26.1.0)	Kif1b
HALLMARK_PROTEIN_SECRETION	exploratory	MSigDB_Hallmark (msigdbr 26.1.0)	Krt18
HALLMARK_PROTEIN_SECRETION	exploratory	MSigDB_Hallmark (msigdbr 26.1.0)	Lamp2
HALLMARK_PROTEIN_SECRETION	exploratory	MSigDB_Hallmark (msigdbr 26.1.0)	Lman1
HALLMARK_PROTEIN_SECRETION	exploratory	MSigDB_Hallmark (msigdbr 26.1.0)	M6pr
HALLMARK_PROTEIN_SECRETION	exploratory	MSigDB_Hallmark (msigdbr 26.1.0)	Mapk1
HALLMARK_PROTEIN_SECRETION	exploratory	MSigDB_Hallmark (msigdbr 26.1.0)	Mon2
HALLMARK_PROTEIN_SECRETION	exploratory	MSigDB_Hallmark (msigdbr 26.1.0)	Napa
HALLMARK_PROTEIN_SECRETION	exploratory	MSigDB_Hallmark (msigdbr 26.1.0)	Napg
HALLMARK_PROTEIN_SECRETION	exploratory	MSigDB_Hallmark (msigdbr 26.1.0)	Ocrl
HALLMARK_PROTEIN_SECRETION	exploratory	MSigDB_Hallmark (msigdbr 26.1.0)	Pam
HALLMARK_PROTEIN_SECRETION	exploratory	MSigDB_Hallmark (msigdbr 26.1.0)	Ppt1
HALLMARK_PROTEIN_SECRETION	exploratory	MSigDB_Hallmark (msigdbr 26.1.0)	Rab14
HALLMARK_PROTEIN_SECRETION	exploratory	MSigDB_Hallmark (msigdbr 26.1.0)	Rab22a
HALLMARK_PROTEIN_SECRETION	exploratory	MSigDB_Hallmark (msigdbr 26.1.0)	Rab2a
HALLMARK_PROTEIN_SECRETION	exploratory	MSigDB_Hallmark (msigdbr 26.1.0)	Rab5a
HALLMARK_PROTEIN_SECRETION	exploratory	MSigDB_Hallmark (msigdbr 26.1.0)	Rab9
HALLMARK_PROTEIN_SECRETION	exploratory	MSigDB_Hallmark (msigdbr 26.1.0)	Rer1
HALLMARK_PROTEIN_SECRETION	exploratory	MSigDB_Hallmark (msigdbr 26.1.0)	Rps6ka3
HALLMARK_PROTEIN_SECRETION	exploratory	MSigDB_Hallmark (msigdbr 26.1.0)	Scamp1
HALLMARK_PROTEIN_SECRETION	exploratory	MSigDB_Hallmark (msigdbr 26.1.0)	Scamp3
HALLMARK_PROTEIN_SECRETION	exploratory	MSigDB_Hallmark (msigdbr 26.1.0)	Scrn1
HALLMARK_PROTEIN_SECRETION	exploratory	MSigDB_Hallmark (msigdbr 26.1.0)	Sec22b
HALLMARK_PROTEIN_SECRETION	exploratory	MSigDB_Hallmark (msigdbr 26.1.0)	Sec24d
HALLMARK_PROTEIN_SECRETION	exploratory	MSigDB_Hallmark (msigdbr 26.1.0)	Sec31a
HALLMARK_PROTEIN_SECRETION	exploratory	MSigDB_Hallmark (msigdbr 26.1.0)	Sgms1
HALLMARK_PROTEIN_SECRETION	exploratory	MSigDB_Hallmark (msigdbr 26.1.0)	Sh3gl2
HALLMARK_PROTEIN_SECRETION	exploratory	MSigDB_Hallmark (msigdbr 26.1.0)	Snap23
HALLMARK_PROTEIN_SECRETION	exploratory	MSigDB_Hallmark (msigdbr 26.1.0)	Snx2
HALLMARK_PROTEIN_SECRETION	exploratory	MSigDB_Hallmark (msigdbr 26.1.0)	Sod1
HALLMARK_PROTEIN_SECRETION	exploratory	MSigDB_Hallmark (msigdbr 26.1.0)	Sspn
HALLMARK_PROTEIN_SECRETION	exploratory	MSigDB_Hallmark (msigdbr 26.1.0)	Stam
HALLMARK_PROTEIN_SECRETION	exploratory	MSigDB_Hallmark (msigdbr 26.1.0)	Stx12
HALLMARK_PROTEIN_SECRETION	exploratory	MSigDB_Hallmark (msigdbr 26.1.0)	Stx16
HALLMARK_PROTEIN_SECRETION	exploratory	MSigDB_Hallmark (msigdbr 26.1.0)	Stx7
HALLMARK_PROTEIN_SECRETION	exploratory	MSigDB_Hallmark (msigdbr 26.1.0)	Tmed10
HALLMARK_PROTEIN_SECRETION	exploratory	MSigDB_Hallmark (msigdbr 26.1.0)	Tmed2
HALLMARK_PROTEIN_SECRETION	exploratory	MSigDB_Hallmark (msigdbr 26.1.0)	Tmx1
HALLMARK_PROTEIN_SECRETION	exploratory	MSigDB_Hallmark (msigdbr 26.1.0)	Tom1l1
HALLMARK_PROTEIN_SECRETION	exploratory	MSigDB_Hallmark (msigdbr 26.1.0)	Tpd52
HALLMARK_PROTEIN_SECRETION	exploratory	MSigDB_Hallmark (msigdbr 26.1.0)	Tsg101
HALLMARK_PROTEIN_SECRETION	exploratory	MSigDB_Hallmark (msigdbr 26.1.0)	Tspan8
HALLMARK_PROTEIN_SECRETION	exploratory	MSigDB_Hallmark (msigdbr 26.1.0)	Uso1
HALLMARK_PROTEIN_SECRETION	exploratory	MSigDB_Hallmark (msigdbr 26.1.0)	Vamp3
HALLMARK_PROTEIN_SECRETION	exploratory	MSigDB_Hallmark (msigdbr 26.1.0)	Vamp4
HALLMARK_PROTEIN_SECRETION	exploratory	MSigDB_Hallmark (msigdbr 26.1.0)	Vamp7
HALLMARK_PROTEIN_SECRETION	exploratory	MSigDB_Hallmark (msigdbr 26.1.0)	Vps45
HALLMARK_PROTEIN_SECRETION	exploratory	MSigDB_Hallmark (msigdbr 26.1.0)	Vps4b
HALLMARK_PROTEIN_SECRETION	exploratory	MSigDB_Hallmark (msigdbr 26.1.0)	Yipf6
HALLMARK_PROTEIN_SECRETION	exploratory	MSigDB_Hallmark (msigdbr 26.1.0)	Ykt6
HALLMARK_PROTEIN_SECRETION	exploratory	MSigDB_Hallmark (msigdbr 26.1.0)	Zw10
HALLMARK_REACTIVE_OXYGEN_SPECIES_PATHWAY	exploratory	MSigDB_Hallmark (msigdbr 26.1.0)	Abcc1
HALLMARK_REACTIVE_OXYGEN_SPECIES_PATHWAY	exploratory	MSigDB_Hallmark (msigdbr 26.1.0)	Atox1
HALLMARK_REACTIVE_OXYGEN_SPECIES_PATHWAY	exploratory	MSigDB_Hallmark (msigdbr 26.1.0)	Cat
HALLMARK_REACTIVE_OXYGEN_SPECIES_PATHWAY	exploratory	MSigDB_Hallmark (msigdbr 26.1.0)	Cdkn2d
HALLMARK_REACTIVE_OXYGEN_SPECIES_PATHWAY	exploratory	MSigDB_Hallmark (msigdbr 26.1.0)	Egln2
HALLMARK_REACTIVE_OXYGEN_SPECIES_PATHWAY	exploratory	MSigDB_Hallmark (msigdbr 26.1.0)	Ercc2
HALLMARK_REACTIVE_OXYGEN_SPECIES_PATHWAY	exploratory	MSigDB_Hallmark (msigdbr 26.1.0)	Fes
HALLMARK_REACTIVE_OXYGEN_SPECIES_PATHWAY	exploratory	MSigDB_Hallmark (msigdbr 26.1.0)	Ftl1
HALLMARK_REACTIVE_OXYGEN_SPECIES_PATHWAY	exploratory	MSigDB_Hallmark (msigdbr 26.1.0)	G6pdx
HALLMARK_REACTIVE_OXYGEN_SPECIES_PATHWAY	exploratory	MSigDB_Hallmark (msigdbr 26.1.0)	Gclc
HALLMARK_REACTIVE_OXYGEN_SPECIES_PATHWAY	exploratory	MSigDB_Hallmark (msigdbr 26.1.0)	Gclm
HALLMARK_REACTIVE_OXYGEN_SPECIES_PATHWAY	exploratory	MSigDB_Hallmark (msigdbr 26.1.0)	Glrx
HALLMARK_REACTIVE_OXYGEN_SPECIES_PATHWAY	exploratory	MSigDB_Hallmark (msigdbr 26.1.0)	Glrx2
HALLMARK_REACTIVE_OXYGEN_SPECIES_PATHWAY	exploratory	MSigDB_Hallmark (msigdbr 26.1.0)	Gpx3
HALLMARK_REACTIVE_OXYGEN_SPECIES_PATHWAY	exploratory	MSigDB_Hallmark (msigdbr 26.1.0)	Gpx4
HALLMARK_REACTIVE_OXYGEN_SPECIES_PATHWAY	exploratory	MSigDB_Hallmark (msigdbr 26.1.0)	Gsr
HALLMARK_REACTIVE_OXYGEN_SPECIES_PATHWAY	exploratory	MSigDB_Hallmark (msigdbr 26.1.0)	Hhex
HALLMARK_REACTIVE_OXYGEN_SPECIES_PATHWAY	exploratory	MSigDB_Hallmark (msigdbr 26.1.0)	Hmox2
HALLMARK_REACTIVE_OXYGEN_SPECIES_PATHWAY	exploratory	MSigDB_Hallmark (msigdbr 26.1.0)	Ipcef1
HALLMARK_REACTIVE_OXYGEN_SPECIES_PATHWAY	exploratory	MSigDB_Hallmark (msigdbr 26.1.0)	Junb
HALLMARK_REACTIVE_OXYGEN_SPECIES_PATHWAY	exploratory	MSigDB_Hallmark (msigdbr 26.1.0)	Lamtor5
HALLMARK_REACTIVE_OXYGEN_SPECIES_PATHWAY	exploratory	MSigDB_Hallmark (msigdbr 26.1.0)	Lsp1
HALLMARK_REACTIVE_OXYGEN_SPECIES_PATHWAY	exploratory	MSigDB_Hallmark (msigdbr 26.1.0)	Mbp
HALLMARK_REACTIVE_OXYGEN_SPECIES_PATHWAY	exploratory	MSigDB_Hallmark (msigdbr 26.1.0)	Mgst1
HALLMARK_REACTIVE_OXYGEN_SPECIES_PATHWAY	exploratory	MSigDB_Hallmark (msigdbr 26.1.0)	Mpo
HALLMARK_REACTIVE_OXYGEN_SPECIES_PATHWAY	exploratory	MSigDB_Hallmark (msigdbr 26.1.0)	Msra
HALLMARK_REACTIVE_OXYGEN_SPECIES_PATHWAY	exploratory	MSigDB_Hallmark (msigdbr 26.1.0)	Ndufa6
HALLMARK_REACTIVE_OXYGEN_SPECIES_PATHWAY	exploratory	MSigDB_Hallmark (msigdbr 26.1.0)	Ndufb4
HALLMARK_REACTIVE_OXYGEN_SPECIES_PATHWAY	exploratory	MSigDB_Hallmark (msigdbr 26.1.0)	Ndufs2
HALLMARK_REACTIVE_OXYGEN_SPECIES_PATHWAY	exploratory	MSigDB_Hallmark (msigdbr 26.1.0)	Nqo1
HALLMARK_REACTIVE_OXYGEN_SPECIES_PATHWAY	exploratory	MSigDB_Hallmark (msigdbr 26.1.0)	Oxsr1
HALLMARK_REACTIVE_OXYGEN_SPECIES_PATHWAY	exploratory	MSigDB_Hallmark (msigdbr 26.1.0)	Pdlim1
HALLMARK_REACTIVE_OXYGEN_SPECIES_PATHWAY	exploratory	MSigDB_Hallmark (msigdbr 26.1.0)	Pfkp
HALLMARK_REACTIVE_OXYGEN_SPECIES_PATHWAY	exploratory	MSigDB_Hallmark (msigdbr 26.1.0)	Prdx1
HALLMARK_REACTIVE_OXYGEN_SPECIES_PATHWAY	exploratory	MSigDB_Hallmark (msigdbr 26.1.0)	Prdx2
HALLMARK_REACTIVE_OXYGEN_SPECIES_PATHWAY	exploratory	MSigDB_Hallmark (msigdbr 26.1.0)	Prdx4
HALLMARK_REACTIVE_OXYGEN_SPECIES_PATHWAY	exploratory	MSigDB_Hallmark (msigdbr 26.1.0)	Prdx6
HALLMARK_REACTIVE_OXYGEN_SPECIES_PATHWAY	exploratory	MSigDB_Hallmark (msigdbr 26.1.0)	Prnp
HALLMARK_REACTIVE_OXYGEN_SPECIES_PATHWAY	exploratory	MSigDB_Hallmark (msigdbr 26.1.0)	Ptpa
HALLMARK_REACTIVE_OXYGEN_SPECIES_PATHWAY	exploratory	MSigDB_Hallmark (msigdbr 26.1.0)	Sbno2
HALLMARK_REACTIVE_OXYGEN_SPECIES_PATHWAY	exploratory	MSigDB_Hallmark (msigdbr 26.1.0)	Scaf4
HALLMARK_REACTIVE_OXYGEN_SPECIES_PATHWAY	exploratory	MSigDB_Hallmark (msigdbr 26.1.0)	Selenos
HALLMARK_REACTIVE_OXYGEN_SPECIES_PATHWAY	exploratory	MSigDB_Hallmark (msigdbr 26.1.0)	Sod1
HALLMARK_REACTIVE_OXYGEN_SPECIES_PATHWAY	exploratory	MSigDB_Hallmark (msigdbr 26.1.0)	Srxn1
HALLMARK_REACTIVE_OXYGEN_SPECIES_PATHWAY	exploratory	MSigDB_Hallmark (msigdbr 26.1.0)	Stk25
HALLMARK_REACTIVE_OXYGEN_SPECIES_PATHWAY	exploratory	MSigDB_Hallmark (msigdbr 26.1.0)	Txn1
HALLMARK_REACTIVE_OXYGEN_SPECIES_PATHWAY	exploratory	MSigDB_Hallmark (msigdbr 26.1.0)	Txnrd1
HALLMARK_REACTIVE_OXYGEN_SPECIES_PATHWAY	exploratory	MSigDB_Hallmark (msigdbr 26.1.0)	Txnrd2
HALLMARK_SPERMATOGENESIS	exploratory	MSigDB_Hallmark (msigdbr 26.1.0)	Ace
HALLMARK_SPERMATOGENESIS	exploratory	MSigDB_Hallmark (msigdbr 26.1.0)	Acrbp
HALLMARK_SPERMATOGENESIS	exploratory	MSigDB_Hallmark (msigdbr 26.1.0)	Acrv1
HALLMARK_SPERMATOGENESIS	exploratory	MSigDB_Hallmark (msigdbr 26.1.0)	Actl7b
HALLMARK_SPERMATOGENESIS	exploratory	MSigDB_Hallmark (msigdbr 26.1.0)	Adad1
HALLMARK_SPERMATOGENESIS	exploratory	MSigDB_Hallmark (msigdbr 26.1.0)	Adam2
HALLMARK_SPERMATOGENESIS	exploratory	MSigDB_Hallmark (msigdbr 26.1.0)	Adcyap1
HALLMARK_SPERMATOGENESIS	exploratory	MSigDB_Hallmark (msigdbr 26.1.0)	Agfg1
HALLMARK_SPERMATOGENESIS	exploratory	MSigDB_Hallmark (msigdbr 26.1.0)	Akap4
HALLMARK_SPERMATOGENESIS	exploratory	MSigDB_Hallmark (msigdbr 26.1.0)	Alox15
HALLMARK_SPERMATOGENESIS	exploratory	MSigDB_Hallmark (msigdbr 26.1.0)	Arl4a
HALLMARK_SPERMATOGENESIS	exploratory	MSigDB_Hallmark (msigdbr 26.1.0)	Art3
HALLMARK_SPERMATOGENESIS	exploratory	MSigDB_Hallmark (msigdbr 26.1.0)	Aurka
HALLMARK_SPERMATOGENESIS	exploratory	MSigDB_Hallmark (msigdbr 26.1.0)	Braf
HALLMARK_SPERMATOGENESIS	exploratory	MSigDB_Hallmark (msigdbr 26.1.0)	Bub1
HALLMARK_SPERMATOGENESIS	exploratory	MSigDB_Hallmark (msigdbr 26.1.0)	Camk4
HALLMARK_SPERMATOGENESIS	exploratory	MSigDB_Hallmark (msigdbr 26.1.0)	Ccna1
HALLMARK_SPERMATOGENESIS	exploratory	MSigDB_Hallmark (msigdbr 26.1.0)	Ccnb2
HALLMARK_SPERMATOGENESIS	exploratory	MSigDB_Hallmark (msigdbr 26.1.0)	Cct6b
HALLMARK_SPERMATOGENESIS	exploratory	MSigDB_Hallmark (msigdbr 26.1.0)	Cdk1
HALLMARK_SPERMATOGENESIS	exploratory	MSigDB_Hallmark (msigdbr 26.1.0)	Cdkn3
HALLMARK_SPERMATOGENESIS	exploratory	MSigDB_Hallmark (msigdbr 26.1.0)	Cftr
HALLMARK_SPERMATOGENESIS	exploratory	MSigDB_Hallmark (msigdbr 26.1.0)	Chfr
HALLMARK_SPERMATOGENESIS	exploratory	MSigDB_Hallmark (msigdbr 26.1.0)	Chrm4
HALLMARK_SPERMATOGENESIS	exploratory	MSigDB_Hallmark (msigdbr 26.1.0)	Clgn
HALLMARK_SPERMATOGENESIS	exploratory	MSigDB_Hallmark (msigdbr 26.1.0)	Clpb
HALLMARK_SPERMATOGENESIS	exploratory	MSigDB_Hallmark (msigdbr 26.1.0)	Clvs1
HALLMARK_SPERMATOGENESIS	exploratory	MSigDB_Hallmark (msigdbr 26.1.0)	Cnih2
HALLMARK_SPERMATOGENESIS	exploratory	MSigDB_Hallmark (msigdbr 26.1.0)	Coil
HALLMARK_SPERMATOGENESIS	exploratory	MSigDB_Hallmark (msigdbr 26.1.0)	Crisp2
HALLMARK_SPERMATOGENESIS	exploratory	MSigDB_Hallmark (msigdbr 26.1.0)	Csnk2a2
HALLMARK_SPERMATOGENESIS	exploratory	MSigDB_Hallmark (msigdbr 26.1.0)	Cst8
HALLMARK_SPERMATOGENESIS	exploratory	MSigDB_Hallmark (msigdbr 26.1.0)	Dbf4
HALLMARK_SPERMATOGENESIS	exploratory	MSigDB_Hallmark (msigdbr 26.1.0)	Dcc
HALLMARK_SPERMATOGENESIS	exploratory	MSigDB_Hallmark (msigdbr 26.1.0)	Ddx25
HALLMARK_SPERMATOGENESIS	exploratory	MSigDB_Hallmark (msigdbr 26.1.0)	Ddx4
HALLMARK_SPERMATOGENESIS	exploratory	MSigDB_Hallmark (msigdbr 26.1.0)	Dmc1
HALLMARK_SPERMATOGENESIS	exploratory	MSigDB_Hallmark (msigdbr 26.1.0)	Dmrt1
HALLMARK_SPERMATOGENESIS	exploratory	MSigDB_Hallmark (msigdbr 26.1.0)	Dnajb8
HALLMARK_SPERMATOGENESIS	exploratory	MSigDB_Hallmark (msigdbr 26.1.0)	Dpep3
HALLMARK_SPERMATOGENESIS	exploratory	MSigDB_Hallmark (msigdbr 26.1.0)	Elovl3
HALLMARK_SPERMATOGENESIS	exploratory	MSigDB_Hallmark (msigdbr 26.1.0)	Ezh2
HALLMARK_SPERMATOGENESIS	exploratory	MSigDB_Hallmark (msigdbr 26.1.0)	Gad1
HALLMARK_SPERMATOGENESIS	exploratory	MSigDB_Hallmark (msigdbr 26.1.0)	Gapdhs
HALLMARK_SPERMATOGENESIS	exploratory	MSigDB_Hallmark (msigdbr 26.1.0)	Gfi1
HALLMARK_SPERMATOGENESIS	exploratory	MSigDB_Hallmark (msigdbr 26.1.0)	Gmcl1
HALLMARK_SPERMATOGENESIS	exploratory	MSigDB_Hallmark (msigdbr 26.1.0)	Gpr182
HALLMARK_SPERMATOGENESIS	exploratory	MSigDB_Hallmark (msigdbr 26.1.0)	Grm8
HALLMARK_SPERMATOGENESIS	exploratory	MSigDB_Hallmark (msigdbr 26.1.0)	Gsg1
HALLMARK_SPERMATOGENESIS	exploratory	MSigDB_Hallmark (msigdbr 26.1.0)	Gstm5
HALLMARK_SPERMATOGENESIS	exploratory	MSigDB_Hallmark (msigdbr 26.1.0)	H1f6
HALLMARK_SPERMATOGENESIS	exploratory	MSigDB_Hallmark (msigdbr 26.1.0)	Hba-x
HALLMARK_SPERMATOGENESIS	exploratory	MSigDB_Hallmark (msigdbr 26.1.0)	Hoxb1
HALLMARK_SPERMATOGENESIS	exploratory	MSigDB_Hallmark (msigdbr 26.1.0)	Hspa1l
HALLMARK_SPERMATOGENESIS	exploratory	MSigDB_Hallmark (msigdbr 26.1.0)	Hspa2
HALLMARK_SPERMATOGENESIS	exploratory	MSigDB_Hallmark (msigdbr 26.1.0)	Hspa4l
HALLMARK_SPERMATOGENESIS	exploratory	MSigDB_Hallmark (msigdbr 26.1.0)	Htr5a
HALLMARK_SPERMATOGENESIS	exploratory	MSigDB_Hallmark (msigdbr 26.1.0)	Ide
HALLMARK_SPERMATOGENESIS	exploratory	MSigDB_Hallmark (msigdbr 26.1.0)	Ift88
HALLMARK_SPERMATOGENESIS	exploratory	MSigDB_Hallmark (msigdbr 26.1.0)	Il12rb2
HALLMARK_SPERMATOGENESIS	exploratory	MSigDB_Hallmark (msigdbr 26.1.0)	Il13ra2
HALLMARK_SPERMATOGENESIS	exploratory	MSigDB_Hallmark (msigdbr 26.1.0)	Ip6k1
HALLMARK_SPERMATOGENESIS	exploratory	MSigDB_Hallmark (msigdbr 26.1.0)	Jam3
HALLMARK_SPERMATOGENESIS	exploratory	MSigDB_Hallmark (msigdbr 26.1.0)	Kif2c
HALLMARK_SPERMATOGENESIS	exploratory	MSigDB_Hallmark (msigdbr 26.1.0)	Ldhc
HALLMARK_SPERMATOGENESIS	exploratory	MSigDB_Hallmark (msigdbr 26.1.0)	Lpin1
HALLMARK_SPERMATOGENESIS	exploratory	MSigDB_Hallmark (msigdbr 26.1.0)	Map7
HALLMARK_SPERMATOGENESIS	exploratory	MSigDB_Hallmark (msigdbr 26.1.0)	Mast2
HALLMARK_SPERMATOGENESIS	exploratory	MSigDB_Hallmark (msigdbr 26.1.0)	Mep1b
HALLMARK_SPERMATOGENESIS	exploratory	MSigDB_Hallmark (msigdbr 26.1.0)	Mlf1
HALLMARK_SPERMATOGENESIS	exploratory	MSigDB_Hallmark (msigdbr 26.1.0)	Mllt10
HALLMARK_SPERMATOGENESIS	exploratory	MSigDB_Hallmark (msigdbr 26.1.0)	Mtnr1a
HALLMARK_SPERMATOGENESIS	exploratory	MSigDB_Hallmark (msigdbr 26.1.0)	Mtor
HALLMARK_SPERMATOGENESIS	exploratory	MSigDB_Hallmark (msigdbr 26.1.0)	Naa11
HALLMARK_SPERMATOGENESIS	exploratory	MSigDB_Hallmark (msigdbr 26.1.0)	Ncaph
HALLMARK_SPERMATOGENESIS	exploratory	MSigDB_Hallmark (msigdbr 26.1.0)	Nefh
HALLMARK_SPERMATOGENESIS	exploratory	MSigDB_Hallmark (msigdbr 26.1.0)	Nek2
HALLMARK_SPERMATOGENESIS	exploratory	MSigDB_Hallmark (msigdbr 26.1.0)	Nf2
HALLMARK_SPERMATOGENESIS	exploratory	MSigDB_Hallmark (msigdbr 26.1.0)	Nos1
HALLMARK_SPERMATOGENESIS	exploratory	MSigDB_Hallmark (msigdbr 26.1.0)	Nphp1
HALLMARK_SPERMATOGENESIS	exploratory	MSigDB_Hallmark (msigdbr 26.1.0)	Npy5r
HALLMARK_SPERMATOGENESIS	exploratory	MSigDB_Hallmark (msigdbr 26.1.0)	Oaz3
HALLMARK_SPERMATOGENESIS	exploratory	MSigDB_Hallmark (msigdbr 26.1.0)	Odf1
HALLMARK_SPERMATOGENESIS	exploratory	MSigDB_Hallmark (msigdbr 26.1.0)	Pacrg
HALLMARK_SPERMATOGENESIS	exploratory	MSigDB_Hallmark (msigdbr 26.1.0)	Papolb
HALLMARK_SPERMATOGENESIS	exploratory	MSigDB_Hallmark (msigdbr 26.1.0)	Parp2
HALLMARK_SPERMATOGENESIS	exploratory	MSigDB_Hallmark (msigdbr 26.1.0)	Pcsk1n
HALLMARK_SPERMATOGENESIS	exploratory	MSigDB_Hallmark (msigdbr 26.1.0)	Pcsk4
HALLMARK_SPERMATOGENESIS	exploratory	MSigDB_Hallmark (msigdbr 26.1.0)	Pdha2
HALLMARK_SPERMATOGENESIS	exploratory	MSigDB_Hallmark (msigdbr 26.1.0)	Pebp1
HALLMARK_SPERMATOGENESIS	exploratory	MSigDB_Hallmark (msigdbr 26.1.0)	Pgk2
HALLMARK_SPERMATOGENESIS	exploratory	MSigDB_Hallmark (msigdbr 26.1.0)	Pgs1
HALLMARK_SPERMATOGENESIS	exploratory	MSigDB_Hallmark (msigdbr 26.1.0)	Phf7
HALLMARK_SPERMATOGENESIS	exploratory	MSigDB_Hallmark (msigdbr 26.1.0)	Phkg2
HALLMARK_SPERMATOGENESIS	exploratory	MSigDB_Hallmark (msigdbr 26.1.0)	Pias2
HALLMARK_SPERMATOGENESIS	exploratory	MSigDB_Hallmark (msigdbr 26.1.0)	Pomc
HALLMARK_SPERMATOGENESIS	exploratory	MSigDB_Hallmark (msigdbr 26.1.0)	Prkar2a
HALLMARK_SPERMATOGENESIS	exploratory	MSigDB_Hallmark (msigdbr 26.1.0)	Prm2
HALLMARK_SPERMATOGENESIS	exploratory	MSigDB_Hallmark (msigdbr 26.1.0)	Psmg1
HALLMARK_SPERMATOGENESIS	exploratory	MSigDB_Hallmark (msigdbr 26.1.0)	Rad17
HALLMARK_SPERMATOGENESIS	exploratory	MSigDB_Hallmark (msigdbr 26.1.0)	Rfc4
HALLMARK_SPERMATOGENESIS	exploratory	MSigDB_Hallmark (msigdbr 26.1.0)	Rpl39l
HALLMARK_SPERMATOGENESIS	exploratory	MSigDB_Hallmark (msigdbr 26.1.0)	Scg3
HALLMARK_SPERMATOGENESIS	exploratory	MSigDB_Hallmark (msigdbr 26.1.0)	Scg5
HALLMARK_SPERMATOGENESIS	exploratory	MSigDB_Hallmark (msigdbr 26.1.0)	Septin4
HALLMARK_SPERMATOGENESIS	exploratory	MSigDB_Hallmark (msigdbr 26.1.0)	She
HALLMARK_SPERMATOGENESIS	exploratory	MSigDB_Hallmark (msigdbr 26.1.0)	Sirt1
HALLMARK_SPERMATOGENESIS	exploratory	MSigDB_Hallmark (msigdbr 26.1.0)	Slc12a2
HALLMARK_SPERMATOGENESIS	exploratory	MSigDB_Hallmark (msigdbr 26.1.0)	Slc2a5
HALLMARK_SPERMATOGENESIS	exploratory	MSigDB_Hallmark (msigdbr 26.1.0)	Snap91
HALLMARK_SPERMATOGENESIS	exploratory	MSigDB_Hallmark (msigdbr 26.1.0)	Spata6
HALLMARK_SPERMATOGENESIS	exploratory	MSigDB_Hallmark (msigdbr 26.1.0)	Theg
HALLMARK_SPERMATOGENESIS	exploratory	MSigDB_Hallmark (msigdbr 26.1.0)	Stam2
HALLMARK_SPERMATOGENESIS	exploratory	MSigDB_Hallmark (msigdbr 26.1.0)	Strbp
HALLMARK_SPERMATOGENESIS	exploratory	MSigDB_Hallmark (msigdbr 26.1.0)	Sycp1
HALLMARK_SPERMATOGENESIS	exploratory	MSigDB_Hallmark (msigdbr 26.1.0)	Taldo1
HALLMARK_SPERMATOGENESIS	exploratory	MSigDB_Hallmark (msigdbr 26.1.0)	Tcp11
HALLMARK_SPERMATOGENESIS	exploratory	MSigDB_Hallmark (msigdbr 26.1.0)	Tekt2
HALLMARK_SPERMATOGENESIS	exploratory	MSigDB_Hallmark (msigdbr 26.1.0)	Tktl1
HALLMARK_SPERMATOGENESIS	exploratory	MSigDB_Hallmark (msigdbr 26.1.0)	Tle4
HALLMARK_SPERMATOGENESIS	exploratory	MSigDB_Hallmark (msigdbr 26.1.0)	Tnni3
HALLMARK_SPERMATOGENESIS	exploratory	MSigDB_Hallmark (msigdbr 26.1.0)	Tnp1
HALLMARK_SPERMATOGENESIS	exploratory	MSigDB_Hallmark (msigdbr 26.1.0)	Tnp2
HALLMARK_SPERMATOGENESIS	exploratory	MSigDB_Hallmark (msigdbr 26.1.0)	Topbp1
HALLMARK_SPERMATOGENESIS	exploratory	MSigDB_Hallmark (msigdbr 26.1.0)	Tsn
HALLMARK_SPERMATOGENESIS	exploratory	MSigDB_Hallmark (msigdbr 26.1.0)	Tssk2
HALLMARK_SPERMATOGENESIS	exploratory	MSigDB_Hallmark (msigdbr 26.1.0)	Ttk
HALLMARK_SPERMATOGENESIS	exploratory	MSigDB_Hallmark (msigdbr 26.1.0)	Tuba3a
HALLMARK_SPERMATOGENESIS	exploratory	MSigDB_Hallmark (msigdbr 26.1.0)	Tulp2
HALLMARK_SPERMATOGENESIS	exploratory	MSigDB_Hallmark (msigdbr 26.1.0)	Vdac3
HALLMARK_SPERMATOGENESIS	exploratory	MSigDB_Hallmark (msigdbr 26.1.0)	Ybx2
HALLMARK_SPERMATOGENESIS	exploratory	MSigDB_Hallmark (msigdbr 26.1.0)	Zc2hc1c
HALLMARK_SPERMATOGENESIS	exploratory	MSigDB_Hallmark (msigdbr 26.1.0)	Zc3h14
HALLMARK_SPERMATOGENESIS	exploratory	MSigDB_Hallmark (msigdbr 26.1.0)	Znrf4
HALLMARK_SPERMATOGENESIS	exploratory	MSigDB_Hallmark (msigdbr 26.1.0)	Zpbp
HALLMARK_TGF_BETA_SIGNALING	exploratory	MSigDB_Hallmark (msigdbr 26.1.0)	Acvr1
HALLMARK_TGF_BETA_SIGNALING	exploratory	MSigDB_Hallmark (msigdbr 26.1.0)	Apc
HALLMARK_TGF_BETA_SIGNALING	exploratory	MSigDB_Hallmark (msigdbr 26.1.0)	Arid4b
HALLMARK_TGF_BETA_SIGNALING	exploratory	MSigDB_Hallmark (msigdbr 26.1.0)	Bcar3
HALLMARK_TGF_BETA_SIGNALING	exploratory	MSigDB_Hallmark (msigdbr 26.1.0)	Bmp2
HALLMARK_TGF_BETA_SIGNALING	exploratory	MSigDB_Hallmark (msigdbr 26.1.0)	Bmpr1a
HALLMARK_TGF_BETA_SIGNALING	exploratory	MSigDB_Hallmark (msigdbr 26.1.0)	Bmpr2
HALLMARK_TGF_BETA_SIGNALING	exploratory	MSigDB_Hallmark (msigdbr 26.1.0)	Cdh1
HALLMARK_TGF_BETA_SIGNALING	exploratory	MSigDB_Hallmark (msigdbr 26.1.0)	Cdk9
HALLMARK_TGF_BETA_SIGNALING	exploratory	MSigDB_Hallmark (msigdbr 26.1.0)	Cdkn1c
HALLMARK_TGF_BETA_SIGNALING	exploratory	MSigDB_Hallmark (msigdbr 26.1.0)	Ctnnb1
HALLMARK_TGF_BETA_SIGNALING	exploratory	MSigDB_Hallmark (msigdbr 26.1.0)	Eng
HALLMARK_TGF_BETA_SIGNALING	exploratory	MSigDB_Hallmark (msigdbr 26.1.0)	Fkbp1a
HALLMARK_TGF_BETA_SIGNALING	exploratory	MSigDB_Hallmark (msigdbr 26.1.0)	Fnta
HALLMARK_TGF_BETA_SIGNALING	exploratory	MSigDB_Hallmark (msigdbr 26.1.0)	Furin
HALLMARK_TGF_BETA_SIGNALING	exploratory	MSigDB_Hallmark (msigdbr 26.1.0)	Hdac1
HALLMARK_TGF_BETA_SIGNALING	exploratory	MSigDB_Hallmark (msigdbr 26.1.0)	Hipk2
HALLMARK_TGF_BETA_SIGNALING	exploratory	MSigDB_Hallmark (msigdbr 26.1.0)	Id1
HALLMARK_TGF_BETA_SIGNALING	exploratory	MSigDB_Hallmark (msigdbr 26.1.0)	Id2
HALLMARK_TGF_BETA_SIGNALING	exploratory	MSigDB_Hallmark (msigdbr 26.1.0)	Id3
HALLMARK_TGF_BETA_SIGNALING	exploratory	MSigDB_Hallmark (msigdbr 26.1.0)	Ifngr2
HALLMARK_TGF_BETA_SIGNALING	exploratory	MSigDB_Hallmark (msigdbr 26.1.0)	Junb
HALLMARK_TGF_BETA_SIGNALING	exploratory	MSigDB_Hallmark (msigdbr 26.1.0)	Klf10
HALLMARK_TGF_BETA_SIGNALING	exploratory	MSigDB_Hallmark (msigdbr 26.1.0)	Lefty2
HALLMARK_TGF_BETA_SIGNALING	exploratory	MSigDB_Hallmark (msigdbr 26.1.0)	Ltbp2
HALLMARK_TGF_BETA_SIGNALING	exploratory	MSigDB_Hallmark (msigdbr 26.1.0)	Map3k7
HALLMARK_TGF_BETA_SIGNALING	exploratory	MSigDB_Hallmark (msigdbr 26.1.0)	Ncor2
HALLMARK_TGF_BETA_SIGNALING	exploratory	MSigDB_Hallmark (msigdbr 26.1.0)	Nog
HALLMARK_TGF_BETA_SIGNALING	exploratory	MSigDB_Hallmark (msigdbr 26.1.0)	Pmepa1
HALLMARK_TGF_BETA_SIGNALING	exploratory	MSigDB_Hallmark (msigdbr 26.1.0)	Ppm1a
HALLMARK_TGF_BETA_SIGNALING	exploratory	MSigDB_Hallmark (msigdbr 26.1.0)	Ppp1ca
HALLMARK_TGF_BETA_SIGNALING	exploratory	MSigDB_Hallmark (msigdbr 26.1.0)	Ppp1r15a
HALLMARK_TGF_BETA_SIGNALING	exploratory	MSigDB_Hallmark (msigdbr 26.1.0)	Rab31
HALLMARK_TGF_BETA_SIGNALING	exploratory	MSigDB_Hallmark (msigdbr 26.1.0)	Rhoa
HALLMARK_TGF_BETA_SIGNALING	exploratory	MSigDB_Hallmark (msigdbr 26.1.0)	Serpine1
HALLMARK_TGF_BETA_SIGNALING	exploratory	MSigDB_Hallmark (msigdbr 26.1.0)	Ski
HALLMARK_TGF_BETA_SIGNALING	exploratory	MSigDB_Hallmark (msigdbr 26.1.0)	Skil
HALLMARK_TGF_BETA_SIGNALING	exploratory	MSigDB_Hallmark (msigdbr 26.1.0)	Slc20a1
HALLMARK_TGF_BETA_SIGNALING	exploratory	MSigDB_Hallmark (msigdbr 26.1.0)	Smad1
HALLMARK_TGF_BETA_SIGNALING	exploratory	MSigDB_Hallmark (msigdbr 26.1.0)	Smad3
HALLMARK_TGF_BETA_SIGNALING	exploratory	MSigDB_Hallmark (msigdbr 26.1.0)	Smad6
HALLMARK_TGF_BETA_SIGNALING	exploratory	MSigDB_Hallmark (msigdbr 26.1.0)	Smad7
HALLMARK_TGF_BETA_SIGNALING	exploratory	MSigDB_Hallmark (msigdbr 26.1.0)	Smurf1
HALLMARK_TGF_BETA_SIGNALING	exploratory	MSigDB_Hallmark (msigdbr 26.1.0)	Smurf2
HALLMARK_TGF_BETA_SIGNALING	exploratory	MSigDB_Hallmark (msigdbr 26.1.0)	Sptbn1
HALLMARK_TGF_BETA_SIGNALING	exploratory	MSigDB_Hallmark (msigdbr 26.1.0)	Tgfb1
HALLMARK_TGF_BETA_SIGNALING	exploratory	MSigDB_Hallmark (msigdbr 26.1.0)	Tgfbr1
HALLMARK_TGF_BETA_SIGNALING	exploratory	MSigDB_Hallmark (msigdbr 26.1.0)	Tgif1
HALLMARK_TGF_BETA_SIGNALING	exploratory	MSigDB_Hallmark (msigdbr 26.1.0)	Thbs1
HALLMARK_TGF_BETA_SIGNALING	exploratory	MSigDB_Hallmark (msigdbr 26.1.0)	Tjp1
HALLMARK_TGF_BETA_SIGNALING	exploratory	MSigDB_Hallmark (msigdbr 26.1.0)	Trim33
HALLMARK_TGF_BETA_SIGNALING	exploratory	MSigDB_Hallmark (msigdbr 26.1.0)	Ube2d3
HALLMARK_TGF_BETA_SIGNALING	exploratory	MSigDB_Hallmark (msigdbr 26.1.0)	Wwtr1
HALLMARK_TGF_BETA_SIGNALING	exploratory	MSigDB_Hallmark (msigdbr 26.1.0)	Xiap
HALLMARK_TNFA_SIGNALING_VIA_NFKB	exploratory	MSigDB_Hallmark (msigdbr 26.1.0)	Abca1
HALLMARK_TNFA_SIGNALING_VIA_NFKB	exploratory	MSigDB_Hallmark (msigdbr 26.1.0)	Ackr3
HALLMARK_TNFA_SIGNALING_VIA_NFKB	exploratory	MSigDB_Hallmark (msigdbr 26.1.0)	Areg
HALLMARK_TNFA_SIGNALING_VIA_NFKB	exploratory	MSigDB_Hallmark (msigdbr 26.1.0)	Atf3
HALLMARK_TNFA_SIGNALING_VIA_NFKB	exploratory	MSigDB_Hallmark (msigdbr 26.1.0)	Atp2b1
HALLMARK_TNFA_SIGNALING_VIA_NFKB	exploratory	MSigDB_Hallmark (msigdbr 26.1.0)	B4galt1
HALLMARK_TNFA_SIGNALING_VIA_NFKB	exploratory	MSigDB_Hallmark (msigdbr 26.1.0)	B4galt5
HALLMARK_TNFA_SIGNALING_VIA_NFKB	exploratory	MSigDB_Hallmark (msigdbr 26.1.0)	Bcl2a1a
HALLMARK_TNFA_SIGNALING_VIA_NFKB	exploratory	MSigDB_Hallmark (msigdbr 26.1.0)	Bcl3
HALLMARK_TNFA_SIGNALING_VIA_NFKB	exploratory	MSigDB_Hallmark (msigdbr 26.1.0)	Bcl6
HALLMARK_TNFA_SIGNALING_VIA_NFKB	exploratory	MSigDB_Hallmark (msigdbr 26.1.0)	Bhlhe40
HALLMARK_TNFA_SIGNALING_VIA_NFKB	exploratory	MSigDB_Hallmark (msigdbr 26.1.0)	Birc2
HALLMARK_TNFA_SIGNALING_VIA_NFKB	exploratory	MSigDB_Hallmark (msigdbr 26.1.0)	Birc3
HALLMARK_TNFA_SIGNALING_VIA_NFKB	exploratory	MSigDB_Hallmark (msigdbr 26.1.0)	Bmp2
HALLMARK_TNFA_SIGNALING_VIA_NFKB	exploratory	MSigDB_Hallmark (msigdbr 26.1.0)	Btg1
HALLMARK_TNFA_SIGNALING_VIA_NFKB	exploratory	MSigDB_Hallmark (msigdbr 26.1.0)	Btg2
HALLMARK_TNFA_SIGNALING_VIA_NFKB	exploratory	MSigDB_Hallmark (msigdbr 26.1.0)	Btg3
HALLMARK_TNFA_SIGNALING_VIA_NFKB	exploratory	MSigDB_Hallmark (msigdbr 26.1.0)	Ccl2
HALLMARK_TNFA_SIGNALING_VIA_NFKB	exploratory	MSigDB_Hallmark (msigdbr 26.1.0)	Ccl20
HALLMARK_TNFA_SIGNALING_VIA_NFKB	exploratory	MSigDB_Hallmark (msigdbr 26.1.0)	Ccl4
HALLMARK_TNFA_SIGNALING_VIA_NFKB	exploratory	MSigDB_Hallmark (msigdbr 26.1.0)	Ccl5
HALLMARK_TNFA_SIGNALING_VIA_NFKB	exploratory	MSigDB_Hallmark (msigdbr 26.1.0)	Ccn1
HALLMARK_TNFA_SIGNALING_VIA_NFKB	exploratory	MSigDB_Hallmark (msigdbr 26.1.0)	Ccnd1
HALLMARK_TNFA_SIGNALING_VIA_NFKB	exploratory	MSigDB_Hallmark (msigdbr 26.1.0)	Ccnl1
HALLMARK_TNFA_SIGNALING_VIA_NFKB	exploratory	MSigDB_Hallmark (msigdbr 26.1.0)	Ccrl2
HALLMARK_TNFA_SIGNALING_VIA_NFKB	exploratory	MSigDB_Hallmark (msigdbr 26.1.0)	Cd44
HALLMARK_TNFA_SIGNALING_VIA_NFKB	exploratory	MSigDB_Hallmark (msigdbr 26.1.0)	Cd69
HALLMARK_TNFA_SIGNALING_VIA_NFKB	exploratory	MSigDB_Hallmark (msigdbr 26.1.0)	Cd80
HALLMARK_TNFA_SIGNALING_VIA_NFKB	exploratory	MSigDB_Hallmark (msigdbr 26.1.0)	Cd83
HALLMARK_TNFA_SIGNALING_VIA_NFKB	exploratory	MSigDB_Hallmark (msigdbr 26.1.0)	Cdkn1a
HALLMARK_TNFA_SIGNALING_VIA_NFKB	exploratory	MSigDB_Hallmark (msigdbr 26.1.0)	Cebpb
HALLMARK_TNFA_SIGNALING_VIA_NFKB	exploratory	MSigDB_Hallmark (msigdbr 26.1.0)	Cebpd
HALLMARK_TNFA_SIGNALING_VIA_NFKB	exploratory	MSigDB_Hallmark (msigdbr 26.1.0)	Cflar
HALLMARK_TNFA_SIGNALING_VIA_NFKB	exploratory	MSigDB_Hallmark (msigdbr 26.1.0)	Clcf1
HALLMARK_TNFA_SIGNALING_VIA_NFKB	exploratory	MSigDB_Hallmark (msigdbr 26.1.0)	Csf1
HALLMARK_TNFA_SIGNALING_VIA_NFKB	exploratory	MSigDB_Hallmark (msigdbr 26.1.0)	Csf2
HALLMARK_TNFA_SIGNALING_VIA_NFKB	exploratory	MSigDB_Hallmark (msigdbr 26.1.0)	Cxcl1
HALLMARK_TNFA_SIGNALING_VIA_NFKB	exploratory	MSigDB_Hallmark (msigdbr 26.1.0)	Cxcl2
HALLMARK_TNFA_SIGNALING_VIA_NFKB	exploratory	MSigDB_Hallmark (msigdbr 26.1.0)	Cxcl3
HALLMARK_TNFA_SIGNALING_VIA_NFKB	exploratory	MSigDB_Hallmark (msigdbr 26.1.0)	Cxcl10
HALLMARK_TNFA_SIGNALING_VIA_NFKB	exploratory	MSigDB_Hallmark (msigdbr 26.1.0)	Cxcl11
HALLMARK_TNFA_SIGNALING_VIA_NFKB	exploratory	MSigDB_Hallmark (msigdbr 26.1.0)	Cxcl5
HALLMARK_TNFA_SIGNALING_VIA_NFKB	exploratory	MSigDB_Hallmark (msigdbr 26.1.0)	Dennd5a
HALLMARK_TNFA_SIGNALING_VIA_NFKB	exploratory	MSigDB_Hallmark (msigdbr 26.1.0)	Dnajb4
HALLMARK_TNFA_SIGNALING_VIA_NFKB	exploratory	MSigDB_Hallmark (msigdbr 26.1.0)	Dram1
HALLMARK_TNFA_SIGNALING_VIA_NFKB	exploratory	MSigDB_Hallmark (msigdbr 26.1.0)	Dusp1
HALLMARK_TNFA_SIGNALING_VIA_NFKB	exploratory	MSigDB_Hallmark (msigdbr 26.1.0)	Dusp2
HALLMARK_TNFA_SIGNALING_VIA_NFKB	exploratory	MSigDB_Hallmark (msigdbr 26.1.0)	Dusp4
HALLMARK_TNFA_SIGNALING_VIA_NFKB	exploratory	MSigDB_Hallmark (msigdbr 26.1.0)	Dusp5
HALLMARK_TNFA_SIGNALING_VIA_NFKB	exploratory	MSigDB_Hallmark (msigdbr 26.1.0)	Edn1
HALLMARK_TNFA_SIGNALING_VIA_NFKB	exploratory	MSigDB_Hallmark (msigdbr 26.1.0)	Efna1
HALLMARK_TNFA_SIGNALING_VIA_NFKB	exploratory	MSigDB_Hallmark (msigdbr 26.1.0)	Egr1
HALLMARK_TNFA_SIGNALING_VIA_NFKB	exploratory	MSigDB_Hallmark (msigdbr 26.1.0)	Egr2
HALLMARK_TNFA_SIGNALING_VIA_NFKB	exploratory	MSigDB_Hallmark (msigdbr 26.1.0)	Egr3
HALLMARK_TNFA_SIGNALING_VIA_NFKB	exploratory	MSigDB_Hallmark (msigdbr 26.1.0)	Ehd1
HALLMARK_TNFA_SIGNALING_VIA_NFKB	exploratory	MSigDB_Hallmark (msigdbr 26.1.0)	Eif1
HALLMARK_TNFA_SIGNALING_VIA_NFKB	exploratory	MSigDB_Hallmark (msigdbr 26.1.0)	Ets2
HALLMARK_TNFA_SIGNALING_VIA_NFKB	exploratory	MSigDB_Hallmark (msigdbr 26.1.0)	F2rl1
HALLMARK_TNFA_SIGNALING_VIA_NFKB	exploratory	MSigDB_Hallmark (msigdbr 26.1.0)	F3
HALLMARK_TNFA_SIGNALING_VIA_NFKB	exploratory	MSigDB_Hallmark (msigdbr 26.1.0)	Fjx1
HALLMARK_TNFA_SIGNALING_VIA_NFKB	exploratory	MSigDB_Hallmark (msigdbr 26.1.0)	Fos
HALLMARK_TNFA_SIGNALING_VIA_NFKB	exploratory	MSigDB_Hallmark (msigdbr 26.1.0)	Fosb
HALLMARK_TNFA_SIGNALING_VIA_NFKB	exploratory	MSigDB_Hallmark (msigdbr 26.1.0)	Fosl1
HALLMARK_TNFA_SIGNALING_VIA_NFKB	exploratory	MSigDB_Hallmark (msigdbr 26.1.0)	Fosl2
HALLMARK_TNFA_SIGNALING_VIA_NFKB	exploratory	MSigDB_Hallmark (msigdbr 26.1.0)	Fut4
HALLMARK_TNFA_SIGNALING_VIA_NFKB	exploratory	MSigDB_Hallmark (msigdbr 26.1.0)	G0s2
HALLMARK_TNFA_SIGNALING_VIA_NFKB	exploratory	MSigDB_Hallmark (msigdbr 26.1.0)	Gadd45a
HALLMARK_TNFA_SIGNALING_VIA_NFKB	exploratory	MSigDB_Hallmark (msigdbr 26.1.0)	Gadd45b
HALLMARK_TNFA_SIGNALING_VIA_NFKB	exploratory	MSigDB_Hallmark (msigdbr 26.1.0)	Gch1
HALLMARK_TNFA_SIGNALING_VIA_NFKB	exploratory	MSigDB_Hallmark (msigdbr 26.1.0)	Gem
HALLMARK_TNFA_SIGNALING_VIA_NFKB	exploratory	MSigDB_Hallmark (msigdbr 26.1.0)	Gfpt2
HALLMARK_TNFA_SIGNALING_VIA_NFKB	exploratory	MSigDB_Hallmark (msigdbr 26.1.0)	Gpr183
HALLMARK_TNFA_SIGNALING_VIA_NFKB	exploratory	MSigDB_Hallmark (msigdbr 26.1.0)	Hbegf
HALLMARK_TNFA_SIGNALING_VIA_NFKB	exploratory	MSigDB_Hallmark (msigdbr 26.1.0)	Hes1
HALLMARK_TNFA_SIGNALING_VIA_NFKB	exploratory	MSigDB_Hallmark (msigdbr 26.1.0)	Icam1
HALLMARK_TNFA_SIGNALING_VIA_NFKB	exploratory	MSigDB_Hallmark (msigdbr 26.1.0)	Icosl
HALLMARK_TNFA_SIGNALING_VIA_NFKB	exploratory	MSigDB_Hallmark (msigdbr 26.1.0)	Id2
HALLMARK_TNFA_SIGNALING_VIA_NFKB	exploratory	MSigDB_Hallmark (msigdbr 26.1.0)	Ier2
HALLMARK_TNFA_SIGNALING_VIA_NFKB	exploratory	MSigDB_Hallmark (msigdbr 26.1.0)	Ier3
HALLMARK_TNFA_SIGNALING_VIA_NFKB	exploratory	MSigDB_Hallmark (msigdbr 26.1.0)	Ier5
HALLMARK_TNFA_SIGNALING_VIA_NFKB	exploratory	MSigDB_Hallmark (msigdbr 26.1.0)	Ifih1
HALLMARK_TNFA_SIGNALING_VIA_NFKB	exploratory	MSigDB_Hallmark (msigdbr 26.1.0)	Ifit2
HALLMARK_TNFA_SIGNALING_VIA_NFKB	exploratory	MSigDB_Hallmark (msigdbr 26.1.0)	Ifngr2
HALLMARK_TNFA_SIGNALING_VIA_NFKB	exploratory	MSigDB_Hallmark (msigdbr 26.1.0)	Il12b
HALLMARK_TNFA_SIGNALING_VIA_NFKB	exploratory	MSigDB_Hallmark (msigdbr 26.1.0)	Il15ra
HALLMARK_TNFA_SIGNALING_VIA_NFKB	exploratory	MSigDB_Hallmark (msigdbr 26.1.0)	Il18
HALLMARK_TNFA_SIGNALING_VIA_NFKB	exploratory	MSigDB_Hallmark (msigdbr 26.1.0)	Il1a
HALLMARK_TNFA_SIGNALING_VIA_NFKB	exploratory	MSigDB_Hallmark (msigdbr 26.1.0)	Il1b
HALLMARK_TNFA_SIGNALING_VIA_NFKB	exploratory	MSigDB_Hallmark (msigdbr 26.1.0)	Il23a
HALLMARK_TNFA_SIGNALING_VIA_NFKB	exploratory	MSigDB_Hallmark (msigdbr 26.1.0)	Il6
HALLMARK_TNFA_SIGNALING_VIA_NFKB	exploratory	MSigDB_Hallmark (msigdbr 26.1.0)	Il6st
HALLMARK_TNFA_SIGNALING_VIA_NFKB	exploratory	MSigDB_Hallmark (msigdbr 26.1.0)	Il7r
HALLMARK_TNFA_SIGNALING_VIA_NFKB	exploratory	MSigDB_Hallmark (msigdbr 26.1.0)	Inhba
HALLMARK_TNFA_SIGNALING_VIA_NFKB	exploratory	MSigDB_Hallmark (msigdbr 26.1.0)	Irf1
HALLMARK_TNFA_SIGNALING_VIA_NFKB	exploratory	MSigDB_Hallmark (msigdbr 26.1.0)	Irs2
HALLMARK_TNFA_SIGNALING_VIA_NFKB	exploratory	MSigDB_Hallmark (msigdbr 26.1.0)	Jag1
HALLMARK_TNFA_SIGNALING_VIA_NFKB	exploratory	MSigDB_Hallmark (msigdbr 26.1.0)	Jun
HALLMARK_TNFA_SIGNALING_VIA_NFKB	exploratory	MSigDB_Hallmark (msigdbr 26.1.0)	Junb
HALLMARK_TNFA_SIGNALING_VIA_NFKB	exploratory	MSigDB_Hallmark (msigdbr 26.1.0)	Kdm6b
HALLMARK_TNFA_SIGNALING_VIA_NFKB	exploratory	MSigDB_Hallmark (msigdbr 26.1.0)	Klf10
HALLMARK_TNFA_SIGNALING_VIA_NFKB	exploratory	MSigDB_Hallmark (msigdbr 26.1.0)	Klf2
HALLMARK_TNFA_SIGNALING_VIA_NFKB	exploratory	MSigDB_Hallmark (msigdbr 26.1.0)	Klf4
HALLMARK_TNFA_SIGNALING_VIA_NFKB	exploratory	MSigDB_Hallmark (msigdbr 26.1.0)	Klf6
HALLMARK_TNFA_SIGNALING_VIA_NFKB	exploratory	MSigDB_Hallmark (msigdbr 26.1.0)	Klf9
HALLMARK_TNFA_SIGNALING_VIA_NFKB	exploratory	MSigDB_Hallmark (msigdbr 26.1.0)	Kynu
HALLMARK_TNFA_SIGNALING_VIA_NFKB	exploratory	MSigDB_Hallmark (msigdbr 26.1.0)	Lamb3
HALLMARK_TNFA_SIGNALING_VIA_NFKB	exploratory	MSigDB_Hallmark (msigdbr 26.1.0)	Ldlr
HALLMARK_TNFA_SIGNALING_VIA_NFKB	exploratory	MSigDB_Hallmark (msigdbr 26.1.0)	Lif
HALLMARK_TNFA_SIGNALING_VIA_NFKB	exploratory	MSigDB_Hallmark (msigdbr 26.1.0)	Litaf
HALLMARK_TNFA_SIGNALING_VIA_NFKB	exploratory	MSigDB_Hallmark (msigdbr 26.1.0)	Maff
HALLMARK_TNFA_SIGNALING_VIA_NFKB	exploratory	MSigDB_Hallmark (msigdbr 26.1.0)	Map2k3
HALLMARK_TNFA_SIGNALING_VIA_NFKB	exploratory	MSigDB_Hallmark (msigdbr 26.1.0)	Map3k8
HALLMARK_TNFA_SIGNALING_VIA_NFKB	exploratory	MSigDB_Hallmark (msigdbr 26.1.0)	Marcks
HALLMARK_TNFA_SIGNALING_VIA_NFKB	exploratory	MSigDB_Hallmark (msigdbr 26.1.0)	Mcl1
HALLMARK_TNFA_SIGNALING_VIA_NFKB	exploratory	MSigDB_Hallmark (msigdbr 26.1.0)	Msc
HALLMARK_TNFA_SIGNALING_VIA_NFKB	exploratory	MSigDB_Hallmark (msigdbr 26.1.0)	Mxd1
HALLMARK_TNFA_SIGNALING_VIA_NFKB	exploratory	MSigDB_Hallmark (msigdbr 26.1.0)	Myc
HALLMARK_TNFA_SIGNALING_VIA_NFKB	exploratory	MSigDB_Hallmark (msigdbr 26.1.0)	Nampt
HALLMARK_TNFA_SIGNALING_VIA_NFKB	exploratory	MSigDB_Hallmark (msigdbr 26.1.0)	Nfat5
HALLMARK_TNFA_SIGNALING_VIA_NFKB	exploratory	MSigDB_Hallmark (msigdbr 26.1.0)	Nfe2l2
HALLMARK_TNFA_SIGNALING_VIA_NFKB	exploratory	MSigDB_Hallmark (msigdbr 26.1.0)	Nfil3
HALLMARK_TNFA_SIGNALING_VIA_NFKB	exploratory	MSigDB_Hallmark (msigdbr 26.1.0)	Nfkb1
HALLMARK_TNFA_SIGNALING_VIA_NFKB	exploratory	MSigDB_Hallmark (msigdbr 26.1.0)	Nfkb2
HALLMARK_TNFA_SIGNALING_VIA_NFKB	exploratory	MSigDB_Hallmark (msigdbr 26.1.0)	Nfkbia
HALLMARK_TNFA_SIGNALING_VIA_NFKB	exploratory	MSigDB_Hallmark (msigdbr 26.1.0)	Nfkbie
HALLMARK_TNFA_SIGNALING_VIA_NFKB	exploratory	MSigDB_Hallmark (msigdbr 26.1.0)	Ninj1
HALLMARK_TNFA_SIGNALING_VIA_NFKB	exploratory	MSigDB_Hallmark (msigdbr 26.1.0)	Nr4a1
HALLMARK_TNFA_SIGNALING_VIA_NFKB	exploratory	MSigDB_Hallmark (msigdbr 26.1.0)	Nr4a2
HALLMARK_TNFA_SIGNALING_VIA_NFKB	exploratory	MSigDB_Hallmark (msigdbr 26.1.0)	Nr4a3
HALLMARK_TNFA_SIGNALING_VIA_NFKB	exploratory	MSigDB_Hallmark (msigdbr 26.1.0)	Olr1
HALLMARK_TNFA_SIGNALING_VIA_NFKB	exploratory	MSigDB_Hallmark (msigdbr 26.1.0)	Panx1
HALLMARK_TNFA_SIGNALING_VIA_NFKB	exploratory	MSigDB_Hallmark (msigdbr 26.1.0)	Pde4b
HALLMARK_TNFA_SIGNALING_VIA_NFKB	exploratory	MSigDB_Hallmark (msigdbr 26.1.0)	Pdlim5
HALLMARK_TNFA_SIGNALING_VIA_NFKB	exploratory	MSigDB_Hallmark (msigdbr 26.1.0)	Per1
HALLMARK_TNFA_SIGNALING_VIA_NFKB	exploratory	MSigDB_Hallmark (msigdbr 26.1.0)	Pfkfb3
HALLMARK_TNFA_SIGNALING_VIA_NFKB	exploratory	MSigDB_Hallmark (msigdbr 26.1.0)	Phlda1
HALLMARK_TNFA_SIGNALING_VIA_NFKB	exploratory	MSigDB_Hallmark (msigdbr 26.1.0)	Phlda2
HALLMARK_TNFA_SIGNALING_VIA_NFKB	exploratory	MSigDB_Hallmark (msigdbr 26.1.0)	Plau
HALLMARK_TNFA_SIGNALING_VIA_NFKB	exploratory	MSigDB_Hallmark (msigdbr 26.1.0)	Plaur
HALLMARK_TNFA_SIGNALING_VIA_NFKB	exploratory	MSigDB_Hallmark (msigdbr 26.1.0)	Plek
HALLMARK_TNFA_SIGNALING_VIA_NFKB	exploratory	MSigDB_Hallmark (msigdbr 26.1.0)	Plk2
HALLMARK_TNFA_SIGNALING_VIA_NFKB	exploratory	MSigDB_Hallmark (msigdbr 26.1.0)	Plpp3
HALLMARK_TNFA_SIGNALING_VIA_NFKB	exploratory	MSigDB_Hallmark (msigdbr 26.1.0)	Pmepa1
HALLMARK_TNFA_SIGNALING_VIA_NFKB	exploratory	MSigDB_Hallmark (msigdbr 26.1.0)	Pnrc1
HALLMARK_TNFA_SIGNALING_VIA_NFKB	exploratory	MSigDB_Hallmark (msigdbr 26.1.0)	Ppp1r15a
HALLMARK_TNFA_SIGNALING_VIA_NFKB	exploratory	MSigDB_Hallmark (msigdbr 26.1.0)	Ptger4
HALLMARK_TNFA_SIGNALING_VIA_NFKB	exploratory	MSigDB_Hallmark (msigdbr 26.1.0)	Ptgs2
HALLMARK_TNFA_SIGNALING_VIA_NFKB	exploratory	MSigDB_Hallmark (msigdbr 26.1.0)	Ptpre
HALLMARK_TNFA_SIGNALING_VIA_NFKB	exploratory	MSigDB_Hallmark (msigdbr 26.1.0)	Ptx3
HALLMARK_TNFA_SIGNALING_VIA_NFKB	exploratory	MSigDB_Hallmark (msigdbr 26.1.0)	Rcan1
HALLMARK_TNFA_SIGNALING_VIA_NFKB	exploratory	MSigDB_Hallmark (msigdbr 26.1.0)	Rel
HALLMARK_TNFA_SIGNALING_VIA_NFKB	exploratory	MSigDB_Hallmark (msigdbr 26.1.0)	Rela
HALLMARK_TNFA_SIGNALING_VIA_NFKB	exploratory	MSigDB_Hallmark (msigdbr 26.1.0)	Relb
HALLMARK_TNFA_SIGNALING_VIA_NFKB	exploratory	MSigDB_Hallmark (msigdbr 26.1.0)	Rhob
HALLMARK_TNFA_SIGNALING_VIA_NFKB	exploratory	MSigDB_Hallmark (msigdbr 26.1.0)	Rigi
HALLMARK_TNFA_SIGNALING_VIA_NFKB	exploratory	MSigDB_Hallmark (msigdbr 26.1.0)	Ripk2
HALLMARK_TNFA_SIGNALING_VIA_NFKB	exploratory	MSigDB_Hallmark (msigdbr 26.1.0)	Rnf19b
HALLMARK_TNFA_SIGNALING_VIA_NFKB	exploratory	MSigDB_Hallmark (msigdbr 26.1.0)	Sat1
HALLMARK_TNFA_SIGNALING_VIA_NFKB	exploratory	MSigDB_Hallmark (msigdbr 26.1.0)	Sdc4
HALLMARK_TNFA_SIGNALING_VIA_NFKB	exploratory	MSigDB_Hallmark (msigdbr 26.1.0)	Serpinb2
HALLMARK_TNFA_SIGNALING_VIA_NFKB	exploratory	MSigDB_Hallmark (msigdbr 26.1.0)	Serpinb8
HALLMARK_TNFA_SIGNALING_VIA_NFKB	exploratory	MSigDB_Hallmark (msigdbr 26.1.0)	Serpine1
HALLMARK_TNFA_SIGNALING_VIA_NFKB	exploratory	MSigDB_Hallmark (msigdbr 26.1.0)	Sgk1
HALLMARK_TNFA_SIGNALING_VIA_NFKB	exploratory	MSigDB_Hallmark (msigdbr 26.1.0)	Sik1
HALLMARK_TNFA_SIGNALING_VIA_NFKB	exploratory	MSigDB_Hallmark (msigdbr 26.1.0)	Slc16a6
HALLMARK_TNFA_SIGNALING_VIA_NFKB	exploratory	MSigDB_Hallmark (msigdbr 26.1.0)	Slc2a3
HALLMARK_TNFA_SIGNALING_VIA_NFKB	exploratory	MSigDB_Hallmark (msigdbr 26.1.0)	Slc2a6
HALLMARK_TNFA_SIGNALING_VIA_NFKB	exploratory	MSigDB_Hallmark (msigdbr 26.1.0)	Smad3
HALLMARK_TNFA_SIGNALING_VIA_NFKB	exploratory	MSigDB_Hallmark (msigdbr 26.1.0)	Snn
HALLMARK_TNFA_SIGNALING_VIA_NFKB	exploratory	MSigDB_Hallmark (msigdbr 26.1.0)	Socs3
HALLMARK_TNFA_SIGNALING_VIA_NFKB	exploratory	MSigDB_Hallmark (msigdbr 26.1.0)	Sphk1
HALLMARK_TNFA_SIGNALING_VIA_NFKB	exploratory	MSigDB_Hallmark (msigdbr 26.1.0)	Spsb1
HALLMARK_TNFA_SIGNALING_VIA_NFKB	exploratory	MSigDB_Hallmark (msigdbr 26.1.0)	Sqstm1
HALLMARK_TNFA_SIGNALING_VIA_NFKB	exploratory	MSigDB_Hallmark (msigdbr 26.1.0)	Stat5a
HALLMARK_TNFA_SIGNALING_VIA_NFKB	exploratory	MSigDB_Hallmark (msigdbr 26.1.0)	Tank
HALLMARK_TNFA_SIGNALING_VIA_NFKB	exploratory	MSigDB_Hallmark (msigdbr 26.1.0)	Tap1
HALLMARK_TNFA_SIGNALING_VIA_NFKB	exploratory	MSigDB_Hallmark (msigdbr 26.1.0)	Tgif1
HALLMARK_TNFA_SIGNALING_VIA_NFKB	exploratory	MSigDB_Hallmark (msigdbr 26.1.0)	Tiparp
HALLMARK_TNFA_SIGNALING_VIA_NFKB	exploratory	MSigDB_Hallmark (msigdbr 26.1.0)	Tlr2
HALLMARK_TNFA_SIGNALING_VIA_NFKB	exploratory	MSigDB_Hallmark (msigdbr 26.1.0)	Tnc
HALLMARK_TNFA_SIGNALING_VIA_NFKB	exploratory	MSigDB_Hallmark (msigdbr 26.1.0)	Tnf
HALLMARK_TNFA_SIGNALING_VIA_NFKB	exploratory	MSigDB_Hallmark (msigdbr 26.1.0)	Tnfaip2
HALLMARK_TNFA_SIGNALING_VIA_NFKB	exploratory	MSigDB_Hallmark (msigdbr 26.1.0)	Tnfaip3
HALLMARK_TNFA_SIGNALING_VIA_NFKB	exploratory	MSigDB_Hallmark (msigdbr 26.1.0)	Tnfaip6
HALLMARK_TNFA_SIGNALING_VIA_NFKB	exploratory	MSigDB_Hallmark (msigdbr 26.1.0)	Tnfaip8
HALLMARK_TNFA_SIGNALING_VIA_NFKB	exploratory	MSigDB_Hallmark (msigdbr 26.1.0)	Tnfrsf9
HALLMARK_TNFA_SIGNALING_VIA_NFKB	exploratory	MSigDB_Hallmark (msigdbr 26.1.0)	Tnfsf9
HALLMARK_TNFA_SIGNALING_VIA_NFKB	exploratory	MSigDB_Hallmark (msigdbr 26.1.0)	Tnip1
HALLMARK_TNFA_SIGNALING_VIA_NFKB	exploratory	MSigDB_Hallmark (msigdbr 26.1.0)	Tnip2
HALLMARK_TNFA_SIGNALING_VIA_NFKB	exploratory	MSigDB_Hallmark (msigdbr 26.1.0)	Traf1
HALLMARK_TNFA_SIGNALING_VIA_NFKB	exploratory	MSigDB_Hallmark (msigdbr 26.1.0)	Trib1
HALLMARK_TNFA_SIGNALING_VIA_NFKB	exploratory	MSigDB_Hallmark (msigdbr 26.1.0)	Trip10
HALLMARK_TNFA_SIGNALING_VIA_NFKB	exploratory	MSigDB_Hallmark (msigdbr 26.1.0)	Tsc22d1
HALLMARK_TNFA_SIGNALING_VIA_NFKB	exploratory	MSigDB_Hallmark (msigdbr 26.1.0)	Tubb2a
HALLMARK_TNFA_SIGNALING_VIA_NFKB	exploratory	MSigDB_Hallmark (msigdbr 26.1.0)	Vegfa
HALLMARK_TNFA_SIGNALING_VIA_NFKB	exploratory	MSigDB_Hallmark (msigdbr 26.1.0)	Yrdc
HALLMARK_TNFA_SIGNALING_VIA_NFKB	exploratory	MSigDB_Hallmark (msigdbr 26.1.0)	Zbtb10
HALLMARK_TNFA_SIGNALING_VIA_NFKB	exploratory	MSigDB_Hallmark (msigdbr 26.1.0)	Zc3h12a
HALLMARK_TNFA_SIGNALING_VIA_NFKB	exploratory	MSigDB_Hallmark (msigdbr 26.1.0)	Zfp36
HALLMARK_UNFOLDED_PROTEIN_RESPONSE	exploratory	MSigDB_Hallmark (msigdbr 26.1.0)	Aldh18a1
HALLMARK_UNFOLDED_PROTEIN_RESPONSE	exploratory	MSigDB_Hallmark (msigdbr 26.1.0)	Arfgap1
HALLMARK_UNFOLDED_PROTEIN_RESPONSE	exploratory	MSigDB_Hallmark (msigdbr 26.1.0)	Asns
HALLMARK_UNFOLDED_PROTEIN_RESPONSE	exploratory	MSigDB_Hallmark (msigdbr 26.1.0)	Atf3
HALLMARK_UNFOLDED_PROTEIN_RESPONSE	exploratory	MSigDB_Hallmark (msigdbr 26.1.0)	Atf4
HALLMARK_UNFOLDED_PROTEIN_RESPONSE	exploratory	MSigDB_Hallmark (msigdbr 26.1.0)	Atf6
HALLMARK_UNFOLDED_PROTEIN_RESPONSE	exploratory	MSigDB_Hallmark (msigdbr 26.1.0)	Atp6v0d1
HALLMARK_UNFOLDED_PROTEIN_RESPONSE	exploratory	MSigDB_Hallmark (msigdbr 26.1.0)	Bag3
HALLMARK_UNFOLDED_PROTEIN_RESPONSE	exploratory	MSigDB_Hallmark (msigdbr 26.1.0)	Banf1
HALLMARK_UNFOLDED_PROTEIN_RESPONSE	exploratory	MSigDB_Hallmark (msigdbr 26.1.0)	Calr
HALLMARK_UNFOLDED_PROTEIN_RESPONSE	exploratory	MSigDB_Hallmark (msigdbr 26.1.0)	Ccl2
HALLMARK_UNFOLDED_PROTEIN_RESPONSE	exploratory	MSigDB_Hallmark (msigdbr 26.1.0)	Cebpb
HALLMARK_UNFOLDED_PROTEIN_RESPONSE	exploratory	MSigDB_Hallmark (msigdbr 26.1.0)	Cebpg
HALLMARK_UNFOLDED_PROTEIN_RESPONSE	exploratory	MSigDB_Hallmark (msigdbr 26.1.0)	Chac1
HALLMARK_UNFOLDED_PROTEIN_RESPONSE	exploratory	MSigDB_Hallmark (msigdbr 26.1.0)	Cks1b
HALLMARK_UNFOLDED_PROTEIN_RESPONSE	exploratory	MSigDB_Hallmark (msigdbr 26.1.0)	Cnot2
HALLMARK_UNFOLDED_PROTEIN_RESPONSE	exploratory	MSigDB_Hallmark (msigdbr 26.1.0)	Cnot4
HALLMARK_UNFOLDED_PROTEIN_RESPONSE	exploratory	MSigDB_Hallmark (msigdbr 26.1.0)	Cnot6
HALLMARK_UNFOLDED_PROTEIN_RESPONSE	exploratory	MSigDB_Hallmark (msigdbr 26.1.0)	Cxxc1
HALLMARK_UNFOLDED_PROTEIN_RESPONSE	exploratory	MSigDB_Hallmark (msigdbr 26.1.0)	Dcp1a
HALLMARK_UNFOLDED_PROTEIN_RESPONSE	exploratory	MSigDB_Hallmark (msigdbr 26.1.0)	Dcp2
HALLMARK_UNFOLDED_PROTEIN_RESPONSE	exploratory	MSigDB_Hallmark (msigdbr 26.1.0)	Dctn1
HALLMARK_UNFOLDED_PROTEIN_RESPONSE	exploratory	MSigDB_Hallmark (msigdbr 26.1.0)	Ddit4
HALLMARK_UNFOLDED_PROTEIN_RESPONSE	exploratory	MSigDB_Hallmark (msigdbr 26.1.0)	Ddx10
HALLMARK_UNFOLDED_PROTEIN_RESPONSE	exploratory	MSigDB_Hallmark (msigdbr 26.1.0)	Dkc1
HALLMARK_UNFOLDED_PROTEIN_RESPONSE	exploratory	MSigDB_Hallmark (msigdbr 26.1.0)	Dnaja4
HALLMARK_UNFOLDED_PROTEIN_RESPONSE	exploratory	MSigDB_Hallmark (msigdbr 26.1.0)	Dnajb9
HALLMARK_UNFOLDED_PROTEIN_RESPONSE	exploratory	MSigDB_Hallmark (msigdbr 26.1.0)	Dnajc3
HALLMARK_UNFOLDED_PROTEIN_RESPONSE	exploratory	MSigDB_Hallmark (msigdbr 26.1.0)	Edc4
HALLMARK_UNFOLDED_PROTEIN_RESPONSE	exploratory	MSigDB_Hallmark (msigdbr 26.1.0)	Edem1
HALLMARK_UNFOLDED_PROTEIN_RESPONSE	exploratory	MSigDB_Hallmark (msigdbr 26.1.0)	Eef2
HALLMARK_UNFOLDED_PROTEIN_RESPONSE	exploratory	MSigDB_Hallmark (msigdbr 26.1.0)	Eif2ak3
HALLMARK_UNFOLDED_PROTEIN_RESPONSE	exploratory	MSigDB_Hallmark (msigdbr 26.1.0)	Eif2s1
HALLMARK_UNFOLDED_PROTEIN_RESPONSE	exploratory	MSigDB_Hallmark (msigdbr 26.1.0)	Eif4a1
HALLMARK_UNFOLDED_PROTEIN_RESPONSE	exploratory	MSigDB_Hallmark (msigdbr 26.1.0)	Eif4a2
HALLMARK_UNFOLDED_PROTEIN_RESPONSE	exploratory	MSigDB_Hallmark (msigdbr 26.1.0)	Eif4a3
HALLMARK_UNFOLDED_PROTEIN_RESPONSE	exploratory	MSigDB_Hallmark (msigdbr 26.1.0)	Eif4e
HALLMARK_UNFOLDED_PROTEIN_RESPONSE	exploratory	MSigDB_Hallmark (msigdbr 26.1.0)	Eif4ebp1
HALLMARK_UNFOLDED_PROTEIN_RESPONSE	exploratory	MSigDB_Hallmark (msigdbr 26.1.0)	Eif4g1
HALLMARK_UNFOLDED_PROTEIN_RESPONSE	exploratory	MSigDB_Hallmark (msigdbr 26.1.0)	Ern1
HALLMARK_UNFOLDED_PROTEIN_RESPONSE	exploratory	MSigDB_Hallmark (msigdbr 26.1.0)	Ero1a
HALLMARK_UNFOLDED_PROTEIN_RESPONSE	exploratory	MSigDB_Hallmark (msigdbr 26.1.0)	Exoc2
HALLMARK_UNFOLDED_PROTEIN_RESPONSE	exploratory	MSigDB_Hallmark (msigdbr 26.1.0)	Exosc1
HALLMARK_UNFOLDED_PROTEIN_RESPONSE	exploratory	MSigDB_Hallmark (msigdbr 26.1.0)	Exosc10
HALLMARK_UNFOLDED_PROTEIN_RESPONSE	exploratory	MSigDB_Hallmark (msigdbr 26.1.0)	Exosc2
HALLMARK_UNFOLDED_PROTEIN_RESPONSE	exploratory	MSigDB_Hallmark (msigdbr 26.1.0)	Exosc4
HALLMARK_UNFOLDED_PROTEIN_RESPONSE	exploratory	MSigDB_Hallmark (msigdbr 26.1.0)	Exosc5
HALLMARK_UNFOLDED_PROTEIN_RESPONSE	exploratory	MSigDB_Hallmark (msigdbr 26.1.0)	Exosc9
HALLMARK_UNFOLDED_PROTEIN_RESPONSE	exploratory	MSigDB_Hallmark (msigdbr 26.1.0)	Fkbp14
HALLMARK_UNFOLDED_PROTEIN_RESPONSE	exploratory	MSigDB_Hallmark (msigdbr 26.1.0)	Fus
HALLMARK_UNFOLDED_PROTEIN_RESPONSE	exploratory	MSigDB_Hallmark (msigdbr 26.1.0)	Gemin4
HALLMARK_UNFOLDED_PROTEIN_RESPONSE	exploratory	MSigDB_Hallmark (msigdbr 26.1.0)	Gosr2
HALLMARK_UNFOLDED_PROTEIN_RESPONSE	exploratory	MSigDB_Hallmark (msigdbr 26.1.0)	H2ax
HALLMARK_UNFOLDED_PROTEIN_RESPONSE	exploratory	MSigDB_Hallmark (msigdbr 26.1.0)	Herpud1
HALLMARK_UNFOLDED_PROTEIN_RESPONSE	exploratory	MSigDB_Hallmark (msigdbr 26.1.0)	Hsp90b1
HALLMARK_UNFOLDED_PROTEIN_RESPONSE	exploratory	MSigDB_Hallmark (msigdbr 26.1.0)	Hspa5
HALLMARK_UNFOLDED_PROTEIN_RESPONSE	exploratory	MSigDB_Hallmark (msigdbr 26.1.0)	Hspa9
HALLMARK_UNFOLDED_PROTEIN_RESPONSE	exploratory	MSigDB_Hallmark (msigdbr 26.1.0)	Hyou1
HALLMARK_UNFOLDED_PROTEIN_RESPONSE	exploratory	MSigDB_Hallmark (msigdbr 26.1.0)	Iars
HALLMARK_UNFOLDED_PROTEIN_RESPONSE	exploratory	MSigDB_Hallmark (msigdbr 26.1.0)	Ifit1bl1
HALLMARK_UNFOLDED_PROTEIN_RESPONSE	exploratory	MSigDB_Hallmark (msigdbr 26.1.0)	Igfbp1
HALLMARK_UNFOLDED_PROTEIN_RESPONSE	exploratory	MSigDB_Hallmark (msigdbr 26.1.0)	Imp3
HALLMARK_UNFOLDED_PROTEIN_RESPONSE	exploratory	MSigDB_Hallmark (msigdbr 26.1.0)	Kdelr3
HALLMARK_UNFOLDED_PROTEIN_RESPONSE	exploratory	MSigDB_Hallmark (msigdbr 26.1.0)	Khsrp
HALLMARK_UNFOLDED_PROTEIN_RESPONSE	exploratory	MSigDB_Hallmark (msigdbr 26.1.0)	Kif5b
HALLMARK_UNFOLDED_PROTEIN_RESPONSE	exploratory	MSigDB_Hallmark (msigdbr 26.1.0)	Lsm1
HALLMARK_UNFOLDED_PROTEIN_RESPONSE	exploratory	MSigDB_Hallmark (msigdbr 26.1.0)	Lsm4
HALLMARK_UNFOLDED_PROTEIN_RESPONSE	exploratory	MSigDB_Hallmark (msigdbr 26.1.0)	Mthfd2
HALLMARK_UNFOLDED_PROTEIN_RESPONSE	exploratory	MSigDB_Hallmark (msigdbr 26.1.0)	Mtrex
HALLMARK_UNFOLDED_PROTEIN_RESPONSE	exploratory	MSigDB_Hallmark (msigdbr 26.1.0)	Nabp1
HALLMARK_UNFOLDED_PROTEIN_RESPONSE	exploratory	MSigDB_Hallmark (msigdbr 26.1.0)	Nfya
HALLMARK_UNFOLDED_PROTEIN_RESPONSE	exploratory	MSigDB_Hallmark (msigdbr 26.1.0)	Nfyb
HALLMARK_UNFOLDED_PROTEIN_RESPONSE	exploratory	MSigDB_Hallmark (msigdbr 26.1.0)	Nhp2
HALLMARK_UNFOLDED_PROTEIN_RESPONSE	exploratory	MSigDB_Hallmark (msigdbr 26.1.0)	Nolc1
HALLMARK_UNFOLDED_PROTEIN_RESPONSE	exploratory	MSigDB_Hallmark (msigdbr 26.1.0)	Nop14
HALLMARK_UNFOLDED_PROTEIN_RESPONSE	exploratory	MSigDB_Hallmark (msigdbr 26.1.0)	Nop56
HALLMARK_UNFOLDED_PROTEIN_RESPONSE	exploratory	MSigDB_Hallmark (msigdbr 26.1.0)	Npm1
HALLMARK_UNFOLDED_PROTEIN_RESPONSE	exploratory	MSigDB_Hallmark (msigdbr 26.1.0)	Paip1
HALLMARK_UNFOLDED_PROTEIN_RESPONSE	exploratory	MSigDB_Hallmark (msigdbr 26.1.0)	Parn
HALLMARK_UNFOLDED_PROTEIN_RESPONSE	exploratory	MSigDB_Hallmark (msigdbr 26.1.0)	Pdia5
HALLMARK_UNFOLDED_PROTEIN_RESPONSE	exploratory	MSigDB_Hallmark (msigdbr 26.1.0)	Pdia6
HALLMARK_UNFOLDED_PROTEIN_RESPONSE	exploratory	MSigDB_Hallmark (msigdbr 26.1.0)	Pop4
HALLMARK_UNFOLDED_PROTEIN_RESPONSE	exploratory	MSigDB_Hallmark (msigdbr 26.1.0)	Preb
HALLMARK_UNFOLDED_PROTEIN_RESPONSE	exploratory	MSigDB_Hallmark (msigdbr 26.1.0)	Psat1
HALLMARK_UNFOLDED_PROTEIN_RESPONSE	exploratory	MSigDB_Hallmark (msigdbr 26.1.0)	Rps14
HALLMARK_UNFOLDED_PROTEIN_RESPONSE	exploratory	MSigDB_Hallmark (msigdbr 26.1.0)	Rrp9
HALLMARK_UNFOLDED_PROTEIN_RESPONSE	exploratory	MSigDB_Hallmark (msigdbr 26.1.0)	Sdad1
HALLMARK_UNFOLDED_PROTEIN_RESPONSE	exploratory	MSigDB_Hallmark (msigdbr 26.1.0)	Sec11a
HALLMARK_UNFOLDED_PROTEIN_RESPONSE	exploratory	MSigDB_Hallmark (msigdbr 26.1.0)	Sec31a
HALLMARK_UNFOLDED_PROTEIN_RESPONSE	exploratory	MSigDB_Hallmark (msigdbr 26.1.0)	Serp1
HALLMARK_UNFOLDED_PROTEIN_RESPONSE	exploratory	MSigDB_Hallmark (msigdbr 26.1.0)	Shc1
HALLMARK_UNFOLDED_PROTEIN_RESPONSE	exploratory	MSigDB_Hallmark (msigdbr 26.1.0)	Ttc37
HALLMARK_UNFOLDED_PROTEIN_RESPONSE	exploratory	MSigDB_Hallmark (msigdbr 26.1.0)	Slc1a4
HALLMARK_UNFOLDED_PROTEIN_RESPONSE	exploratory	MSigDB_Hallmark (msigdbr 26.1.0)	Slc30a5
HALLMARK_UNFOLDED_PROTEIN_RESPONSE	exploratory	MSigDB_Hallmark (msigdbr 26.1.0)	Slc7a5
HALLMARK_UNFOLDED_PROTEIN_RESPONSE	exploratory	MSigDB_Hallmark (msigdbr 26.1.0)	Spcs1
HALLMARK_UNFOLDED_PROTEIN_RESPONSE	exploratory	MSigDB_Hallmark (msigdbr 26.1.0)	Spcs3
HALLMARK_UNFOLDED_PROTEIN_RESPONSE	exploratory	MSigDB_Hallmark (msigdbr 26.1.0)	Srpr
HALLMARK_UNFOLDED_PROTEIN_RESPONSE	exploratory	MSigDB_Hallmark (msigdbr 26.1.0)	Srprb
HALLMARK_UNFOLDED_PROTEIN_RESPONSE	exploratory	MSigDB_Hallmark (msigdbr 26.1.0)	Ssr1
HALLMARK_UNFOLDED_PROTEIN_RESPONSE	exploratory	MSigDB_Hallmark (msigdbr 26.1.0)	Stc2
HALLMARK_UNFOLDED_PROTEIN_RESPONSE	exploratory	MSigDB_Hallmark (msigdbr 26.1.0)	Tars
HALLMARK_UNFOLDED_PROTEIN_RESPONSE	exploratory	MSigDB_Hallmark (msigdbr 26.1.0)	Tatdn2
HALLMARK_UNFOLDED_PROTEIN_RESPONSE	exploratory	MSigDB_Hallmark (msigdbr 26.1.0)	Tspyl2
HALLMARK_UNFOLDED_PROTEIN_RESPONSE	exploratory	MSigDB_Hallmark (msigdbr 26.1.0)	Tubb2a
HALLMARK_UNFOLDED_PROTEIN_RESPONSE	exploratory	MSigDB_Hallmark (msigdbr 26.1.0)	Vegfa
HALLMARK_UNFOLDED_PROTEIN_RESPONSE	exploratory	MSigDB_Hallmark (msigdbr 26.1.0)	Wfs1
HALLMARK_UNFOLDED_PROTEIN_RESPONSE	exploratory	MSigDB_Hallmark (msigdbr 26.1.0)	Wipi1
HALLMARK_UNFOLDED_PROTEIN_RESPONSE	exploratory	MSigDB_Hallmark (msigdbr 26.1.0)	Xbp1
HALLMARK_UNFOLDED_PROTEIN_RESPONSE	exploratory	MSigDB_Hallmark (msigdbr 26.1.0)	Xpot
HALLMARK_UNFOLDED_PROTEIN_RESPONSE	exploratory	MSigDB_Hallmark (msigdbr 26.1.0)	Yif1a
HALLMARK_UNFOLDED_PROTEIN_RESPONSE	exploratory	MSigDB_Hallmark (msigdbr 26.1.0)	Ywhaz
HALLMARK_UNFOLDED_PROTEIN_RESPONSE	exploratory	MSigDB_Hallmark (msigdbr 26.1.0)	Zbtb17
HALLMARK_UV_RESPONSE_DN	exploratory	MSigDB_Hallmark (msigdbr 26.1.0)	Abcc1
HALLMARK_UV_RESPONSE_DN	exploratory	MSigDB_Hallmark (msigdbr 26.1.0)	Acvr2a
HALLMARK_UV_RESPONSE_DN	exploratory	MSigDB_Hallmark (msigdbr 26.1.0)	Add3
HALLMARK_UV_RESPONSE_DN	exploratory	MSigDB_Hallmark (msigdbr 26.1.0)	Adgrl2
HALLMARK_UV_RESPONSE_DN	exploratory	MSigDB_Hallmark (msigdbr 26.1.0)	Adora2b
HALLMARK_UV_RESPONSE_DN	exploratory	MSigDB_Hallmark (msigdbr 26.1.0)	Aggf1
HALLMARK_UV_RESPONSE_DN	exploratory	MSigDB_Hallmark (msigdbr 26.1.0)	Akt3
HALLMARK_UV_RESPONSE_DN	exploratory	MSigDB_Hallmark (msigdbr 26.1.0)	Amph
HALLMARK_UV_RESPONSE_DN	exploratory	MSigDB_Hallmark (msigdbr 26.1.0)	Anxa2
HALLMARK_UV_RESPONSE_DN	exploratory	MSigDB_Hallmark (msigdbr 26.1.0)	Anxa4
HALLMARK_UV_RESPONSE_DN	exploratory	MSigDB_Hallmark (msigdbr 26.1.0)	Apbb2
HALLMARK_UV_RESPONSE_DN	exploratory	MSigDB_Hallmark (msigdbr 26.1.0)	Arhgef9
HALLMARK_UV_RESPONSE_DN	exploratory	MSigDB_Hallmark (msigdbr 26.1.0)	Atp2b1
HALLMARK_UV_RESPONSE_DN	exploratory	MSigDB_Hallmark (msigdbr 26.1.0)	Atp2b4
HALLMARK_UV_RESPONSE_DN	exploratory	MSigDB_Hallmark (msigdbr 26.1.0)	Atp2c1
HALLMARK_UV_RESPONSE_DN	exploratory	MSigDB_Hallmark (msigdbr 26.1.0)	Atrn
HALLMARK_UV_RESPONSE_DN	exploratory	MSigDB_Hallmark (msigdbr 26.1.0)	Atrx
HALLMARK_UV_RESPONSE_DN	exploratory	MSigDB_Hallmark (msigdbr 26.1.0)	Atxn1
HALLMARK_UV_RESPONSE_DN	exploratory	MSigDB_Hallmark (msigdbr 26.1.0)	Bckdhb
HALLMARK_UV_RESPONSE_DN	exploratory	MSigDB_Hallmark (msigdbr 26.1.0)	Bdnf
HALLMARK_UV_RESPONSE_DN	exploratory	MSigDB_Hallmark (msigdbr 26.1.0)	Bhlhe40
HALLMARK_UV_RESPONSE_DN	exploratory	MSigDB_Hallmark (msigdbr 26.1.0)	Bmpr1a
HALLMARK_UV_RESPONSE_DN	exploratory	MSigDB_Hallmark (msigdbr 26.1.0)	Cacna1a
HALLMARK_UV_RESPONSE_DN	exploratory	MSigDB_Hallmark (msigdbr 26.1.0)	Cap2
HALLMARK_UV_RESPONSE_DN	exploratory	MSigDB_Hallmark (msigdbr 26.1.0)	Cav1
HALLMARK_UV_RESPONSE_DN	exploratory	MSigDB_Hallmark (msigdbr 26.1.0)	Ccn1
HALLMARK_UV_RESPONSE_DN	exploratory	MSigDB_Hallmark (msigdbr 26.1.0)	Cdc42bpa
HALLMARK_UV_RESPONSE_DN	exploratory	MSigDB_Hallmark (msigdbr 26.1.0)	Cdk13
HALLMARK_UV_RESPONSE_DN	exploratory	MSigDB_Hallmark (msigdbr 26.1.0)	Cdkn1b
HALLMARK_UV_RESPONSE_DN	exploratory	MSigDB_Hallmark (msigdbr 26.1.0)	Cdon
HALLMARK_UV_RESPONSE_DN	exploratory	MSigDB_Hallmark (msigdbr 26.1.0)	Celf2
HALLMARK_UV_RESPONSE_DN	exploratory	MSigDB_Hallmark (msigdbr 26.1.0)	Cited2
HALLMARK_UV_RESPONSE_DN	exploratory	MSigDB_Hallmark (msigdbr 26.1.0)	Col11a1
HALLMARK_UV_RESPONSE_DN	exploratory	MSigDB_Hallmark (msigdbr 26.1.0)	Col1a1
HALLMARK_UV_RESPONSE_DN	exploratory	MSigDB_Hallmark (msigdbr 26.1.0)	Col1a2
HALLMARK_UV_RESPONSE_DN	exploratory	MSigDB_Hallmark (msigdbr 26.1.0)	Col3a1
HALLMARK_UV_RESPONSE_DN	exploratory	MSigDB_Hallmark (msigdbr 26.1.0)	Col5a2
HALLMARK_UV_RESPONSE_DN	exploratory	MSigDB_Hallmark (msigdbr 26.1.0)	Dab2
HALLMARK_UV_RESPONSE_DN	exploratory	MSigDB_Hallmark (msigdbr 26.1.0)	Dbp
HALLMARK_UV_RESPONSE_DN	exploratory	MSigDB_Hallmark (msigdbr 26.1.0)	Ddah1
HALLMARK_UV_RESPONSE_DN	exploratory	MSigDB_Hallmark (msigdbr 26.1.0)	Dlc1
HALLMARK_UV_RESPONSE_DN	exploratory	MSigDB_Hallmark (msigdbr 26.1.0)	Dlg1
HALLMARK_UV_RESPONSE_DN	exploratory	MSigDB_Hallmark (msigdbr 26.1.0)	Dmac2l
HALLMARK_UV_RESPONSE_DN	exploratory	MSigDB_Hallmark (msigdbr 26.1.0)	Dusp1
HALLMARK_UV_RESPONSE_DN	exploratory	MSigDB_Hallmark (msigdbr 26.1.0)	Dyrk1a
HALLMARK_UV_RESPONSE_DN	exploratory	MSigDB_Hallmark (msigdbr 26.1.0)	Efemp1
HALLMARK_UV_RESPONSE_DN	exploratory	MSigDB_Hallmark (msigdbr 26.1.0)	Erbb2
HALLMARK_UV_RESPONSE_DN	exploratory	MSigDB_Hallmark (msigdbr 26.1.0)	F3
HALLMARK_UV_RESPONSE_DN	exploratory	MSigDB_Hallmark (msigdbr 26.1.0)	Fbln5
HALLMARK_UV_RESPONSE_DN	exploratory	MSigDB_Hallmark (msigdbr 26.1.0)	Fhl2
HALLMARK_UV_RESPONSE_DN	exploratory	MSigDB_Hallmark (msigdbr 26.1.0)	Fyn
HALLMARK_UV_RESPONSE_DN	exploratory	MSigDB_Hallmark (msigdbr 26.1.0)	Fzd2
HALLMARK_UV_RESPONSE_DN	exploratory	MSigDB_Hallmark (msigdbr 26.1.0)	Gcnt1
HALLMARK_UV_RESPONSE_DN	exploratory	MSigDB_Hallmark (msigdbr 26.1.0)	Gja1
HALLMARK_UV_RESPONSE_DN	exploratory	MSigDB_Hallmark (msigdbr 26.1.0)	Grk5
HALLMARK_UV_RESPONSE_DN	exploratory	MSigDB_Hallmark (msigdbr 26.1.0)	Has2
HALLMARK_UV_RESPONSE_DN	exploratory	MSigDB_Hallmark (msigdbr 26.1.0)	Ica1
HALLMARK_UV_RESPONSE_DN	exploratory	MSigDB_Hallmark (msigdbr 26.1.0)	Id1
HALLMARK_UV_RESPONSE_DN	exploratory	MSigDB_Hallmark (msigdbr 26.1.0)	Igf1r
HALLMARK_UV_RESPONSE_DN	exploratory	MSigDB_Hallmark (msigdbr 26.1.0)	Igfbp5
HALLMARK_UV_RESPONSE_DN	exploratory	MSigDB_Hallmark (msigdbr 26.1.0)	Inpp4b
HALLMARK_UV_RESPONSE_DN	exploratory	MSigDB_Hallmark (msigdbr 26.1.0)	Insig1
HALLMARK_UV_RESPONSE_DN	exploratory	MSigDB_Hallmark (msigdbr 26.1.0)	Irs1
HALLMARK_UV_RESPONSE_DN	exploratory	MSigDB_Hallmark (msigdbr 26.1.0)	Itgb3
HALLMARK_UV_RESPONSE_DN	exploratory	MSigDB_Hallmark (msigdbr 26.1.0)	Kalrn
HALLMARK_UV_RESPONSE_DN	exploratory	MSigDB_Hallmark (msigdbr 26.1.0)	Kcnma1
HALLMARK_UV_RESPONSE_DN	exploratory	MSigDB_Hallmark (msigdbr 26.1.0)	Kit
HALLMARK_UV_RESPONSE_DN	exploratory	MSigDB_Hallmark (msigdbr 26.1.0)	Lamc1
HALLMARK_UV_RESPONSE_DN	exploratory	MSigDB_Hallmark (msigdbr 26.1.0)	Ldlr
HALLMARK_UV_RESPONSE_DN	exploratory	MSigDB_Hallmark (msigdbr 26.1.0)	Lpar1
HALLMARK_UV_RESPONSE_DN	exploratory	MSigDB_Hallmark (msigdbr 26.1.0)	Ltbp1
HALLMARK_UV_RESPONSE_DN	exploratory	MSigDB_Hallmark (msigdbr 26.1.0)	Magi2
HALLMARK_UV_RESPONSE_DN	exploratory	MSigDB_Hallmark (msigdbr 26.1.0)	Map1b
HALLMARK_UV_RESPONSE_DN	exploratory	MSigDB_Hallmark (msigdbr 26.1.0)	Map2k5
HALLMARK_UV_RESPONSE_DN	exploratory	MSigDB_Hallmark (msigdbr 26.1.0)	Mapk14
HALLMARK_UV_RESPONSE_DN	exploratory	MSigDB_Hallmark (msigdbr 26.1.0)	Met
HALLMARK_UV_RESPONSE_DN	exploratory	MSigDB_Hallmark (msigdbr 26.1.0)	Mgll
HALLMARK_UV_RESPONSE_DN	exploratory	MSigDB_Hallmark (msigdbr 26.1.0)	Mgmt
HALLMARK_UV_RESPONSE_DN	exploratory	MSigDB_Hallmark (msigdbr 26.1.0)	Mios
HALLMARK_UV_RESPONSE_DN	exploratory	MSigDB_Hallmark (msigdbr 26.1.0)	Mmp16
HALLMARK_UV_RESPONSE_DN	exploratory	MSigDB_Hallmark (msigdbr 26.1.0)	Mrps31
HALLMARK_UV_RESPONSE_DN	exploratory	MSigDB_Hallmark (msigdbr 26.1.0)	Mt1
HALLMARK_UV_RESPONSE_DN	exploratory	MSigDB_Hallmark (msigdbr 26.1.0)	Mta1
HALLMARK_UV_RESPONSE_DN	exploratory	MSigDB_Hallmark (msigdbr 26.1.0)	Myc
HALLMARK_UV_RESPONSE_DN	exploratory	MSigDB_Hallmark (msigdbr 26.1.0)	Nek7
HALLMARK_UV_RESPONSE_DN	exploratory	MSigDB_Hallmark (msigdbr 26.1.0)	Nfib
HALLMARK_UV_RESPONSE_DN	exploratory	MSigDB_Hallmark (msigdbr 26.1.0)	Nfkb1
HALLMARK_UV_RESPONSE_DN	exploratory	MSigDB_Hallmark (msigdbr 26.1.0)	Nipbl
HALLMARK_UV_RESPONSE_DN	exploratory	MSigDB_Hallmark (msigdbr 26.1.0)	Notch2
HALLMARK_UV_RESPONSE_DN	exploratory	MSigDB_Hallmark (msigdbr 26.1.0)	Nr1d2
HALLMARK_UV_RESPONSE_DN	exploratory	MSigDB_Hallmark (msigdbr 26.1.0)	Nr3c1
HALLMARK_UV_RESPONSE_DN	exploratory	MSigDB_Hallmark (msigdbr 26.1.0)	Nrp1
HALLMARK_UV_RESPONSE_DN	exploratory	MSigDB_Hallmark (msigdbr 26.1.0)	Pdgfrb
HALLMARK_UV_RESPONSE_DN	exploratory	MSigDB_Hallmark (msigdbr 26.1.0)	Pdlim5
HALLMARK_UV_RESPONSE_DN	exploratory	MSigDB_Hallmark (msigdbr 26.1.0)	Pex14
HALLMARK_UV_RESPONSE_DN	exploratory	MSigDB_Hallmark (msigdbr 26.1.0)	Phf3
HALLMARK_UV_RESPONSE_DN	exploratory	MSigDB_Hallmark (msigdbr 26.1.0)	Pias3
HALLMARK_UV_RESPONSE_DN	exploratory	MSigDB_Hallmark (msigdbr 26.1.0)	Pik3cd
HALLMARK_UV_RESPONSE_DN	exploratory	MSigDB_Hallmark (msigdbr 26.1.0)	Pik3r3
HALLMARK_UV_RESPONSE_DN	exploratory	MSigDB_Hallmark (msigdbr 26.1.0)	Plcb4
HALLMARK_UV_RESPONSE_DN	exploratory	MSigDB_Hallmark (msigdbr 26.1.0)	Plpp3
HALLMARK_UV_RESPONSE_DN	exploratory	MSigDB_Hallmark (msigdbr 26.1.0)	Pmp22
HALLMARK_UV_RESPONSE_DN	exploratory	MSigDB_Hallmark (msigdbr 26.1.0)	Pparg
HALLMARK_UV_RESPONSE_DN	exploratory	MSigDB_Hallmark (msigdbr 26.1.0)	Prdm2
HALLMARK_UV_RESPONSE_DN	exploratory	MSigDB_Hallmark (msigdbr 26.1.0)	Prkar2b
HALLMARK_UV_RESPONSE_DN	exploratory	MSigDB_Hallmark (msigdbr 26.1.0)	Prkca
HALLMARK_UV_RESPONSE_DN	exploratory	MSigDB_Hallmark (msigdbr 26.1.0)	Prkce
HALLMARK_UV_RESPONSE_DN	exploratory	MSigDB_Hallmark (msigdbr 26.1.0)	Pten
HALLMARK_UV_RESPONSE_DN	exploratory	MSigDB_Hallmark (msigdbr 26.1.0)	Ptgfr
HALLMARK_UV_RESPONSE_DN	exploratory	MSigDB_Hallmark (msigdbr 26.1.0)	Ptpn21
HALLMARK_UV_RESPONSE_DN	exploratory	MSigDB_Hallmark (msigdbr 26.1.0)	Ptprm
HALLMARK_UV_RESPONSE_DN	exploratory	MSigDB_Hallmark (msigdbr 26.1.0)	Rasa2
HALLMARK_UV_RESPONSE_DN	exploratory	MSigDB_Hallmark (msigdbr 26.1.0)	Rbpms
HALLMARK_UV_RESPONSE_DN	exploratory	MSigDB_Hallmark (msigdbr 26.1.0)	Rgs4
HALLMARK_UV_RESPONSE_DN	exploratory	MSigDB_Hallmark (msigdbr 26.1.0)	Rnd3
HALLMARK_UV_RESPONSE_DN	exploratory	MSigDB_Hallmark (msigdbr 26.1.0)	Runx1
HALLMARK_UV_RESPONSE_DN	exploratory	MSigDB_Hallmark (msigdbr 26.1.0)	Rxra
HALLMARK_UV_RESPONSE_DN	exploratory	MSigDB_Hallmark (msigdbr 26.1.0)	Scaf8
HALLMARK_UV_RESPONSE_DN	exploratory	MSigDB_Hallmark (msigdbr 26.1.0)	Schip1
HALLMARK_UV_RESPONSE_DN	exploratory	MSigDB_Hallmark (msigdbr 26.1.0)	Scn8a
HALLMARK_UV_RESPONSE_DN	exploratory	MSigDB_Hallmark (msigdbr 26.1.0)	Sdc2
HALLMARK_UV_RESPONSE_DN	exploratory	MSigDB_Hallmark (msigdbr 26.1.0)	Serpine1
HALLMARK_UV_RESPONSE_DN	exploratory	MSigDB_Hallmark (msigdbr 26.1.0)	Sfmbt1
HALLMARK_UV_RESPONSE_DN	exploratory	MSigDB_Hallmark (msigdbr 26.1.0)	Sipa1l1
HALLMARK_UV_RESPONSE_DN	exploratory	MSigDB_Hallmark (msigdbr 26.1.0)	Slc22a18
HALLMARK_UV_RESPONSE_DN	exploratory	MSigDB_Hallmark (msigdbr 26.1.0)	Slc7a1
HALLMARK_UV_RESPONSE_DN	exploratory	MSigDB_Hallmark (msigdbr 26.1.0)	Smad3
HALLMARK_UV_RESPONSE_DN	exploratory	MSigDB_Hallmark (msigdbr 26.1.0)	Smad7
HALLMARK_UV_RESPONSE_DN	exploratory	MSigDB_Hallmark (msigdbr 26.1.0)	Snai2
HALLMARK_UV_RESPONSE_DN	exploratory	MSigDB_Hallmark (msigdbr 26.1.0)	Spop
HALLMARK_UV_RESPONSE_DN	exploratory	MSigDB_Hallmark (msigdbr 26.1.0)	Sri
HALLMARK_UV_RESPONSE_DN	exploratory	MSigDB_Hallmark (msigdbr 26.1.0)	Syne1
HALLMARK_UV_RESPONSE_DN	exploratory	MSigDB_Hallmark (msigdbr 26.1.0)	Synj2
HALLMARK_UV_RESPONSE_DN	exploratory	MSigDB_Hallmark (msigdbr 26.1.0)	Tent4a
HALLMARK_UV_RESPONSE_DN	exploratory	MSigDB_Hallmark (msigdbr 26.1.0)	Tfpi
HALLMARK_UV_RESPONSE_DN	exploratory	MSigDB_Hallmark (msigdbr 26.1.0)	Tgfbr2
HALLMARK_UV_RESPONSE_DN	exploratory	MSigDB_Hallmark (msigdbr 26.1.0)	Tgfbr3
HALLMARK_UV_RESPONSE_DN	exploratory	MSigDB_Hallmark (msigdbr 26.1.0)	Tjp1
HALLMARK_UV_RESPONSE_DN	exploratory	MSigDB_Hallmark (msigdbr 26.1.0)	Togaram1
HALLMARK_UV_RESPONSE_DN	exploratory	MSigDB_Hallmark (msigdbr 26.1.0)	Vav2
HALLMARK_UV_RESPONSE_DN	exploratory	MSigDB_Hallmark (msigdbr 26.1.0)	Vldlr
HALLMARK_UV_RESPONSE_DN	exploratory	MSigDB_Hallmark (msigdbr 26.1.0)	Wdr37
HALLMARK_UV_RESPONSE_DN	exploratory	MSigDB_Hallmark (msigdbr 26.1.0)	Ythdc1
HALLMARK_UV_RESPONSE_DN	exploratory	MSigDB_Hallmark (msigdbr 26.1.0)	Zmiz1
HALLMARK_UV_RESPONSE_UP	exploratory	MSigDB_Hallmark (msigdbr 26.1.0)	Abcb1a
HALLMARK_UV_RESPONSE_UP	exploratory	MSigDB_Hallmark (msigdbr 26.1.0)	Acaa1a
HALLMARK_UV_RESPONSE_UP	exploratory	MSigDB_Hallmark (msigdbr 26.1.0)	Ago2
HALLMARK_UV_RESPONSE_UP	exploratory	MSigDB_Hallmark (msigdbr 26.1.0)	Alas1
HALLMARK_UV_RESPONSE_UP	exploratory	MSigDB_Hallmark (msigdbr 26.1.0)	Aldoa
HALLMARK_UV_RESPONSE_UP	exploratory	MSigDB_Hallmark (msigdbr 26.1.0)	Amd1
HALLMARK_UV_RESPONSE_UP	exploratory	MSigDB_Hallmark (msigdbr 26.1.0)	Ap2s1
HALLMARK_UV_RESPONSE_UP	exploratory	MSigDB_Hallmark (msigdbr 26.1.0)	Apom
HALLMARK_UV_RESPONSE_UP	exploratory	MSigDB_Hallmark (msigdbr 26.1.0)	Aqp3
HALLMARK_UV_RESPONSE_UP	exploratory	MSigDB_Hallmark (msigdbr 26.1.0)	Arrb2
HALLMARK_UV_RESPONSE_UP	exploratory	MSigDB_Hallmark (msigdbr 26.1.0)	Asns
HALLMARK_UV_RESPONSE_UP	exploratory	MSigDB_Hallmark (msigdbr 26.1.0)	Atf3
HALLMARK_UV_RESPONSE_UP	exploratory	MSigDB_Hallmark (msigdbr 26.1.0)	Atp6v1c1
HALLMARK_UV_RESPONSE_UP	exploratory	MSigDB_Hallmark (msigdbr 26.1.0)	Atp6v1f
HALLMARK_UV_RESPONSE_UP	exploratory	MSigDB_Hallmark (msigdbr 26.1.0)	Bak1
HALLMARK_UV_RESPONSE_UP	exploratory	MSigDB_Hallmark (msigdbr 26.1.0)	Bcl2l11
HALLMARK_UV_RESPONSE_UP	exploratory	MSigDB_Hallmark (msigdbr 26.1.0)	Bid
HALLMARK_UV_RESPONSE_UP	exploratory	MSigDB_Hallmark (msigdbr 26.1.0)	Bmp2
HALLMARK_UV_RESPONSE_UP	exploratory	MSigDB_Hallmark (msigdbr 26.1.0)	Bsg
HALLMARK_UV_RESPONSE_UP	exploratory	MSigDB_Hallmark (msigdbr 26.1.0)	Btg1
HALLMARK_UV_RESPONSE_UP	exploratory	MSigDB_Hallmark (msigdbr 26.1.0)	Btg2
HALLMARK_UV_RESPONSE_UP	exploratory	MSigDB_Hallmark (msigdbr 26.1.0)	Btg3
HALLMARK_UV_RESPONSE_UP	exploratory	MSigDB_Hallmark (msigdbr 26.1.0)	Car2
HALLMARK_UV_RESPONSE_UP	exploratory	MSigDB_Hallmark (msigdbr 26.1.0)	Casp3
HALLMARK_UV_RESPONSE_UP	exploratory	MSigDB_Hallmark (msigdbr 26.1.0)	Cck
HALLMARK_UV_RESPONSE_UP	exploratory	MSigDB_Hallmark (msigdbr 26.1.0)	Ccnd3
HALLMARK_UV_RESPONSE_UP	exploratory	MSigDB_Hallmark (msigdbr 26.1.0)	Ccne1
HALLMARK_UV_RESPONSE_UP	exploratory	MSigDB_Hallmark (msigdbr 26.1.0)	Cdc34
HALLMARK_UV_RESPONSE_UP	exploratory	MSigDB_Hallmark (msigdbr 26.1.0)	Cdc5l
HALLMARK_UV_RESPONSE_UP	exploratory	MSigDB_Hallmark (msigdbr 26.1.0)	Cdk2
HALLMARK_UV_RESPONSE_UP	exploratory	MSigDB_Hallmark (msigdbr 26.1.0)	Cdkn1c
HALLMARK_UV_RESPONSE_UP	exploratory	MSigDB_Hallmark (msigdbr 26.1.0)	Cdkn2b
HALLMARK_UV_RESPONSE_UP	exploratory	MSigDB_Hallmark (msigdbr 26.1.0)	Cdo1
HALLMARK_UV_RESPONSE_UP	exploratory	MSigDB_Hallmark (msigdbr 26.1.0)	Cebpg
HALLMARK_UV_RESPONSE_UP	exploratory	MSigDB_Hallmark (msigdbr 26.1.0)	Chka
HALLMARK_UV_RESPONSE_UP	exploratory	MSigDB_Hallmark (msigdbr 26.1.0)	Chrna5
HALLMARK_UV_RESPONSE_UP	exploratory	MSigDB_Hallmark (msigdbr 26.1.0)	Clcn2
HALLMARK_UV_RESPONSE_UP	exploratory	MSigDB_Hallmark (msigdbr 26.1.0)	Cltb
HALLMARK_UV_RESPONSE_UP	exploratory	MSigDB_Hallmark (msigdbr 26.1.0)	Cnp
HALLMARK_UV_RESPONSE_UP	exploratory	MSigDB_Hallmark (msigdbr 26.1.0)	Col2a1
HALLMARK_UV_RESPONSE_UP	exploratory	MSigDB_Hallmark (msigdbr 26.1.0)	Creg1
HALLMARK_UV_RESPONSE_UP	exploratory	MSigDB_Hallmark (msigdbr 26.1.0)	Ctsl
HALLMARK_UV_RESPONSE_UP	exploratory	MSigDB_Hallmark (msigdbr 26.1.0)	Cxcl1
HALLMARK_UV_RESPONSE_UP	exploratory	MSigDB_Hallmark (msigdbr 26.1.0)	Cyb5b
HALLMARK_UV_RESPONSE_UP	exploratory	MSigDB_Hallmark (msigdbr 26.1.0)	Cyb5r1
HALLMARK_UV_RESPONSE_UP	exploratory	MSigDB_Hallmark (msigdbr 26.1.0)	Cyp1a1
HALLMARK_UV_RESPONSE_UP	exploratory	MSigDB_Hallmark (msigdbr 26.1.0)	Ddx21
HALLMARK_UV_RESPONSE_UP	exploratory	MSigDB_Hallmark (msigdbr 26.1.0)	Dgat1
HALLMARK_UV_RESPONSE_UP	exploratory	MSigDB_Hallmark (msigdbr 26.1.0)	Dlg4
HALLMARK_UV_RESPONSE_UP	exploratory	MSigDB_Hallmark (msigdbr 26.1.0)	Dnaja1
HALLMARK_UV_RESPONSE_UP	exploratory	MSigDB_Hallmark (msigdbr 26.1.0)	Dnajb1
HALLMARK_UV_RESPONSE_UP	exploratory	MSigDB_Hallmark (msigdbr 26.1.0)	E2f5
HALLMARK_UV_RESPONSE_UP	exploratory	MSigDB_Hallmark (msigdbr 26.1.0)	Eif2s3x
HALLMARK_UV_RESPONSE_UP	exploratory	MSigDB_Hallmark (msigdbr 26.1.0)	Eif5
HALLMARK_UV_RESPONSE_UP	exploratory	MSigDB_Hallmark (msigdbr 26.1.0)	Eno2
HALLMARK_UV_RESPONSE_UP	exploratory	MSigDB_Hallmark (msigdbr 26.1.0)	Epcam
HALLMARK_UV_RESPONSE_UP	exploratory	MSigDB_Hallmark (msigdbr 26.1.0)	Ephx1
HALLMARK_UV_RESPONSE_UP	exploratory	MSigDB_Hallmark (msigdbr 26.1.0)	Fen1
HALLMARK_UV_RESPONSE_UP	exploratory	MSigDB_Hallmark (msigdbr 26.1.0)	Fgf18
HALLMARK_UV_RESPONSE_UP	exploratory	MSigDB_Hallmark (msigdbr 26.1.0)	Fkbp4
HALLMARK_UV_RESPONSE_UP	exploratory	MSigDB_Hallmark (msigdbr 26.1.0)	Fmo1
HALLMARK_UV_RESPONSE_UP	exploratory	MSigDB_Hallmark (msigdbr 26.1.0)	Fos
HALLMARK_UV_RESPONSE_UP	exploratory	MSigDB_Hallmark (msigdbr 26.1.0)	Fosb
HALLMARK_UV_RESPONSE_UP	exploratory	MSigDB_Hallmark (msigdbr 26.1.0)	Furin
HALLMARK_UV_RESPONSE_UP	exploratory	MSigDB_Hallmark (msigdbr 26.1.0)	Gal
HALLMARK_UV_RESPONSE_UP	exploratory	MSigDB_Hallmark (msigdbr 26.1.0)	Gch1
HALLMARK_UV_RESPONSE_UP	exploratory	MSigDB_Hallmark (msigdbr 26.1.0)	Ggh
HALLMARK_UV_RESPONSE_UP	exploratory	MSigDB_Hallmark (msigdbr 26.1.0)	Gls
HALLMARK_UV_RESPONSE_UP	exploratory	MSigDB_Hallmark (msigdbr 26.1.0)	Gpx3
HALLMARK_UV_RESPONSE_UP	exploratory	MSigDB_Hallmark (msigdbr 26.1.0)	Grina
HALLMARK_UV_RESPONSE_UP	exploratory	MSigDB_Hallmark (msigdbr 26.1.0)	Grpel1
HALLMARK_UV_RESPONSE_UP	exploratory	MSigDB_Hallmark (msigdbr 26.1.0)	H2ax
HALLMARK_UV_RESPONSE_UP	exploratory	MSigDB_Hallmark (msigdbr 26.1.0)	H2-M3
HALLMARK_UV_RESPONSE_UP	exploratory	MSigDB_Hallmark (msigdbr 26.1.0)	H2-Q1
HALLMARK_UV_RESPONSE_UP	exploratory	MSigDB_Hallmark (msigdbr 26.1.0)	H2-Q2
HALLMARK_UV_RESPONSE_UP	exploratory	MSigDB_Hallmark (msigdbr 26.1.0)	Hmox1
HALLMARK_UV_RESPONSE_UP	exploratory	MSigDB_Hallmark (msigdbr 26.1.0)	Hnrnpu
HALLMARK_UV_RESPONSE_UP	exploratory	MSigDB_Hallmark (msigdbr 26.1.0)	Hspa13
HALLMARK_UV_RESPONSE_UP	exploratory	MSigDB_Hallmark (msigdbr 26.1.0)	Hspa2
HALLMARK_UV_RESPONSE_UP	exploratory	MSigDB_Hallmark (msigdbr 26.1.0)	Htr7
HALLMARK_UV_RESPONSE_UP	exploratory	MSigDB_Hallmark (msigdbr 26.1.0)	Hyal2
HALLMARK_UV_RESPONSE_UP	exploratory	MSigDB_Hallmark (msigdbr 26.1.0)	Icam1
HALLMARK_UV_RESPONSE_UP	exploratory	MSigDB_Hallmark (msigdbr 26.1.0)	Igfbp2
HALLMARK_UV_RESPONSE_UP	exploratory	MSigDB_Hallmark (msigdbr 26.1.0)	Il6
HALLMARK_UV_RESPONSE_UP	exploratory	MSigDB_Hallmark (msigdbr 26.1.0)	Il6st
HALLMARK_UV_RESPONSE_UP	exploratory	MSigDB_Hallmark (msigdbr 26.1.0)	Irf1
HALLMARK_UV_RESPONSE_UP	exploratory	MSigDB_Hallmark (msigdbr 26.1.0)	Junb
HALLMARK_UV_RESPONSE_UP	exploratory	MSigDB_Hallmark (msigdbr 26.1.0)	Kcnh2
HALLMARK_UV_RESPONSE_UP	exploratory	MSigDB_Hallmark (msigdbr 26.1.0)	Klhdc3
HALLMARK_UV_RESPONSE_UP	exploratory	MSigDB_Hallmark (msigdbr 26.1.0)	Lhx2
HALLMARK_UV_RESPONSE_UP	exploratory	MSigDB_Hallmark (msigdbr 26.1.0)	Lyn
HALLMARK_UV_RESPONSE_UP	exploratory	MSigDB_Hallmark (msigdbr 26.1.0)	Maoa
HALLMARK_UV_RESPONSE_UP	exploratory	MSigDB_Hallmark (msigdbr 26.1.0)	Mapk8ip2
HALLMARK_UV_RESPONSE_UP	exploratory	MSigDB_Hallmark (msigdbr 26.1.0)	Mark2
HALLMARK_UV_RESPONSE_UP	exploratory	MSigDB_Hallmark (msigdbr 26.1.0)	Mgat1
HALLMARK_UV_RESPONSE_UP	exploratory	MSigDB_Hallmark (msigdbr 26.1.0)	Mmp14
HALLMARK_UV_RESPONSE_UP	exploratory	MSigDB_Hallmark (msigdbr 26.1.0)	Mrpl23
HALLMARK_UV_RESPONSE_UP	exploratory	MSigDB_Hallmark (msigdbr 26.1.0)	Msx1
HALLMARK_UV_RESPONSE_UP	exploratory	MSigDB_Hallmark (msigdbr 26.1.0)	Nat2
HALLMARK_UV_RESPONSE_UP	exploratory	MSigDB_Hallmark (msigdbr 26.1.0)	Nfkbia
HALLMARK_UV_RESPONSE_UP	exploratory	MSigDB_Hallmark (msigdbr 26.1.0)	Nkx2-5
HALLMARK_UV_RESPONSE_UP	exploratory	MSigDB_Hallmark (msigdbr 26.1.0)	Nptx2
HALLMARK_UV_RESPONSE_UP	exploratory	MSigDB_Hallmark (msigdbr 26.1.0)	Nptxr
HALLMARK_UV_RESPONSE_UP	exploratory	MSigDB_Hallmark (msigdbr 26.1.0)	Nr4a1
HALLMARK_UV_RESPONSE_UP	exploratory	MSigDB_Hallmark (msigdbr 26.1.0)	Ntrk3
HALLMARK_UV_RESPONSE_UP	exploratory	MSigDB_Hallmark (msigdbr 26.1.0)	Nupl1
HALLMARK_UV_RESPONSE_UP	exploratory	MSigDB_Hallmark (msigdbr 26.1.0)	Nxf1
HALLMARK_UV_RESPONSE_UP	exploratory	MSigDB_Hallmark (msigdbr 26.1.0)	Olfm1
HALLMARK_UV_RESPONSE_UP	exploratory	MSigDB_Hallmark (msigdbr 26.1.0)	Onecut1
HALLMARK_UV_RESPONSE_UP	exploratory	MSigDB_Hallmark (msigdbr 26.1.0)	Parp2
HALLMARK_UV_RESPONSE_UP	exploratory	MSigDB_Hallmark (msigdbr 26.1.0)	Pdap1
HALLMARK_UV_RESPONSE_UP	exploratory	MSigDB_Hallmark (msigdbr 26.1.0)	Pdlim3
HALLMARK_UV_RESPONSE_UP	exploratory	MSigDB_Hallmark (msigdbr 26.1.0)	Plcl1
HALLMARK_UV_RESPONSE_UP	exploratory	MSigDB_Hallmark (msigdbr 26.1.0)	Pole3
HALLMARK_UV_RESPONSE_UP	exploratory	MSigDB_Hallmark (msigdbr 26.1.0)	Polg2
HALLMARK_UV_RESPONSE_UP	exploratory	MSigDB_Hallmark (msigdbr 26.1.0)	Polr2h
HALLMARK_UV_RESPONSE_UP	exploratory	MSigDB_Hallmark (msigdbr 26.1.0)	Ppat
HALLMARK_UV_RESPONSE_UP	exploratory	MSigDB_Hallmark (msigdbr 26.1.0)	Ppif
HALLMARK_UV_RESPONSE_UP	exploratory	MSigDB_Hallmark (msigdbr 26.1.0)	Ppp1r2
HALLMARK_UV_RESPONSE_UP	exploratory	MSigDB_Hallmark (msigdbr 26.1.0)	Ppt1
HALLMARK_UV_RESPONSE_UP	exploratory	MSigDB_Hallmark (msigdbr 26.1.0)	Prkaca
HALLMARK_UV_RESPONSE_UP	exploratory	MSigDB_Hallmark (msigdbr 26.1.0)	Prkcd
HALLMARK_UV_RESPONSE_UP	exploratory	MSigDB_Hallmark (msigdbr 26.1.0)	Prpf3
HALLMARK_UV_RESPONSE_UP	exploratory	MSigDB_Hallmark (msigdbr 26.1.0)	Psmc3
HALLMARK_UV_RESPONSE_UP	exploratory	MSigDB_Hallmark (msigdbr 26.1.0)	Ptprd
HALLMARK_UV_RESPONSE_UP	exploratory	MSigDB_Hallmark (msigdbr 26.1.0)	Rab27a
HALLMARK_UV_RESPONSE_UP	exploratory	MSigDB_Hallmark (msigdbr 26.1.0)	Rasgrp1
HALLMARK_UV_RESPONSE_UP	exploratory	MSigDB_Hallmark (msigdbr 26.1.0)	Ret
HALLMARK_UV_RESPONSE_UP	exploratory	MSigDB_Hallmark (msigdbr 26.1.0)	Rfc4
HALLMARK_UV_RESPONSE_UP	exploratory	MSigDB_Hallmark (msigdbr 26.1.0)	Rhob
HALLMARK_UV_RESPONSE_UP	exploratory	MSigDB_Hallmark (msigdbr 26.1.0)	Rpn1
HALLMARK_UV_RESPONSE_UP	exploratory	MSigDB_Hallmark (msigdbr 26.1.0)	Rrad
HALLMARK_UV_RESPONSE_UP	exploratory	MSigDB_Hallmark (msigdbr 26.1.0)	Rxrb
HALLMARK_UV_RESPONSE_UP	exploratory	MSigDB_Hallmark (msigdbr 26.1.0)	Selenow
HALLMARK_UV_RESPONSE_UP	exploratory	MSigDB_Hallmark (msigdbr 26.1.0)	Shox2
HALLMARK_UV_RESPONSE_UP	exploratory	MSigDB_Hallmark (msigdbr 26.1.0)	Sigmar1
HALLMARK_UV_RESPONSE_UP	exploratory	MSigDB_Hallmark (msigdbr 26.1.0)	Slc25a4
HALLMARK_UV_RESPONSE_UP	exploratory	MSigDB_Hallmark (msigdbr 26.1.0)	Slc6a12
HALLMARK_UV_RESPONSE_UP	exploratory	MSigDB_Hallmark (msigdbr 26.1.0)	Slc6a8
HALLMARK_UV_RESPONSE_UP	exploratory	MSigDB_Hallmark (msigdbr 26.1.0)	Spr
HALLMARK_UV_RESPONSE_UP	exploratory	MSigDB_Hallmark (msigdbr 26.1.0)	Sqstm1
HALLMARK_UV_RESPONSE_UP	exploratory	MSigDB_Hallmark (msigdbr 26.1.0)	Stard3
HALLMARK_UV_RESPONSE_UP	exploratory	MSigDB_Hallmark (msigdbr 26.1.0)	Stip1
HALLMARK_UV_RESPONSE_UP	exploratory	MSigDB_Hallmark (msigdbr 26.1.0)	Stk25
HALLMARK_UV_RESPONSE_UP	exploratory	MSigDB_Hallmark (msigdbr 26.1.0)	Sult1a1
HALLMARK_UV_RESPONSE_UP	exploratory	MSigDB_Hallmark (msigdbr 26.1.0)	Tacr3
HALLMARK_UV_RESPONSE_UP	exploratory	MSigDB_Hallmark (msigdbr 26.1.0)	Tap1
HALLMARK_UV_RESPONSE_UP	exploratory	MSigDB_Hallmark (msigdbr 26.1.0)	Tars
HALLMARK_UV_RESPONSE_UP	exploratory	MSigDB_Hallmark (msigdbr 26.1.0)	Tchh
HALLMARK_UV_RESPONSE_UP	exploratory	MSigDB_Hallmark (msigdbr 26.1.0)	Tfrc
HALLMARK_UV_RESPONSE_UP	exploratory	MSigDB_Hallmark (msigdbr 26.1.0)	Tgfbrap1
HALLMARK_UV_RESPONSE_UP	exploratory	MSigDB_Hallmark (msigdbr 26.1.0)	Tmbim6
HALLMARK_UV_RESPONSE_UP	exploratory	MSigDB_Hallmark (msigdbr 26.1.0)	Tst
HALLMARK_UV_RESPONSE_UP	exploratory	MSigDB_Hallmark (msigdbr 26.1.0)	Tuba4a
HALLMARK_UV_RESPONSE_UP	exploratory	MSigDB_Hallmark (msigdbr 26.1.0)	Tyro3
HALLMARK_UV_RESPONSE_UP	exploratory	MSigDB_Hallmark (msigdbr 26.1.0)	Urod
HALLMARK_UV_RESPONSE_UP	exploratory	MSigDB_Hallmark (msigdbr 26.1.0)	Wiz
HALLMARK_UV_RESPONSE_UP	exploratory	MSigDB_Hallmark (msigdbr 26.1.0)	Ykt6
HALLMARK_WNT_BETA_CATENIN_SIGNALING	exploratory	MSigDB_Hallmark (msigdbr 26.1.0)	Adam17
HALLMARK_WNT_BETA_CATENIN_SIGNALING	exploratory	MSigDB_Hallmark (msigdbr 26.1.0)	Axin1
HALLMARK_WNT_BETA_CATENIN_SIGNALING	exploratory	MSigDB_Hallmark (msigdbr 26.1.0)	Axin2
HALLMARK_WNT_BETA_CATENIN_SIGNALING	exploratory	MSigDB_Hallmark (msigdbr 26.1.0)	Ccnd2
HALLMARK_WNT_BETA_CATENIN_SIGNALING	exploratory	MSigDB_Hallmark (msigdbr 26.1.0)	Csnk1e
HALLMARK_WNT_BETA_CATENIN_SIGNALING	exploratory	MSigDB_Hallmark (msigdbr 26.1.0)	Ctnnb1
HALLMARK_WNT_BETA_CATENIN_SIGNALING	exploratory	MSigDB_Hallmark (msigdbr 26.1.0)	Cul1
HALLMARK_WNT_BETA_CATENIN_SIGNALING	exploratory	MSigDB_Hallmark (msigdbr 26.1.0)	Dkk1
HALLMARK_WNT_BETA_CATENIN_SIGNALING	exploratory	MSigDB_Hallmark (msigdbr 26.1.0)	Dkk4
HALLMARK_WNT_BETA_CATENIN_SIGNALING	exploratory	MSigDB_Hallmark (msigdbr 26.1.0)	Dll1
HALLMARK_WNT_BETA_CATENIN_SIGNALING	exploratory	MSigDB_Hallmark (msigdbr 26.1.0)	Dvl2
HALLMARK_WNT_BETA_CATENIN_SIGNALING	exploratory	MSigDB_Hallmark (msigdbr 26.1.0)	Peg12
HALLMARK_WNT_BETA_CATENIN_SIGNALING	exploratory	MSigDB_Hallmark (msigdbr 26.1.0)	Fzd1
HALLMARK_WNT_BETA_CATENIN_SIGNALING	exploratory	MSigDB_Hallmark (msigdbr 26.1.0)	Fzd8
HALLMARK_WNT_BETA_CATENIN_SIGNALING	exploratory	MSigDB_Hallmark (msigdbr 26.1.0)	Gnai1
HALLMARK_WNT_BETA_CATENIN_SIGNALING	exploratory	MSigDB_Hallmark (msigdbr 26.1.0)	Hdac11
HALLMARK_WNT_BETA_CATENIN_SIGNALING	exploratory	MSigDB_Hallmark (msigdbr 26.1.0)	Hdac2
HALLMARK_WNT_BETA_CATENIN_SIGNALING	exploratory	MSigDB_Hallmark (msigdbr 26.1.0)	Hdac5
HALLMARK_WNT_BETA_CATENIN_SIGNALING	exploratory	MSigDB_Hallmark (msigdbr 26.1.0)	Hey1
HALLMARK_WNT_BETA_CATENIN_SIGNALING	exploratory	MSigDB_Hallmark (msigdbr 26.1.0)	Hey2
HALLMARK_WNT_BETA_CATENIN_SIGNALING	exploratory	MSigDB_Hallmark (msigdbr 26.1.0)	Jag1
HALLMARK_WNT_BETA_CATENIN_SIGNALING	exploratory	MSigDB_Hallmark (msigdbr 26.1.0)	Jag2
HALLMARK_WNT_BETA_CATENIN_SIGNALING	exploratory	MSigDB_Hallmark (msigdbr 26.1.0)	Kat2a
HALLMARK_WNT_BETA_CATENIN_SIGNALING	exploratory	MSigDB_Hallmark (msigdbr 26.1.0)	Lef1
HALLMARK_WNT_BETA_CATENIN_SIGNALING	exploratory	MSigDB_Hallmark (msigdbr 26.1.0)	Maml1
HALLMARK_WNT_BETA_CATENIN_SIGNALING	exploratory	MSigDB_Hallmark (msigdbr 26.1.0)	Myc
HALLMARK_WNT_BETA_CATENIN_SIGNALING	exploratory	MSigDB_Hallmark (msigdbr 26.1.0)	Ncor2
HALLMARK_WNT_BETA_CATENIN_SIGNALING	exploratory	MSigDB_Hallmark (msigdbr 26.1.0)	Ncstn
HALLMARK_WNT_BETA_CATENIN_SIGNALING	exploratory	MSigDB_Hallmark (msigdbr 26.1.0)	Nkd1
HALLMARK_WNT_BETA_CATENIN_SIGNALING	exploratory	MSigDB_Hallmark (msigdbr 26.1.0)	Notch1
HALLMARK_WNT_BETA_CATENIN_SIGNALING	exploratory	MSigDB_Hallmark (msigdbr 26.1.0)	Notch4
HALLMARK_WNT_BETA_CATENIN_SIGNALING	exploratory	MSigDB_Hallmark (msigdbr 26.1.0)	Numb
HALLMARK_WNT_BETA_CATENIN_SIGNALING	exploratory	MSigDB_Hallmark (msigdbr 26.1.0)	Ppard
HALLMARK_WNT_BETA_CATENIN_SIGNALING	exploratory	MSigDB_Hallmark (msigdbr 26.1.0)	Psen2
HALLMARK_WNT_BETA_CATENIN_SIGNALING	exploratory	MSigDB_Hallmark (msigdbr 26.1.0)	Ptch1
HALLMARK_WNT_BETA_CATENIN_SIGNALING	exploratory	MSigDB_Hallmark (msigdbr 26.1.0)	Rbpj
HALLMARK_WNT_BETA_CATENIN_SIGNALING	exploratory	MSigDB_Hallmark (msigdbr 26.1.0)	Skp2
HALLMARK_WNT_BETA_CATENIN_SIGNALING	exploratory	MSigDB_Hallmark (msigdbr 26.1.0)	Tcf7
HALLMARK_WNT_BETA_CATENIN_SIGNALING	exploratory	MSigDB_Hallmark (msigdbr 26.1.0)	Trp53
HALLMARK_WNT_BETA_CATENIN_SIGNALING	exploratory	MSigDB_Hallmark (msigdbr 26.1.0)	Wnt1
HALLMARK_WNT_BETA_CATENIN_SIGNALING	exploratory	MSigDB_Hallmark (msigdbr 26.1.0)	Wnt5b
HALLMARK_WNT_BETA_CATENIN_SIGNALING	exploratory	MSigDB_Hallmark (msigdbr 26.1.0)	Wnt6
HALLMARK_XENOBIOTIC_METABOLISM	exploratory	MSigDB_Hallmark (msigdbr 26.1.0)	Gm10768
HALLMARK_XENOBIOTIC_METABOLISM	exploratory	MSigDB_Hallmark (msigdbr 26.1.0)	Abcc3
HALLMARK_XENOBIOTIC_METABOLISM	exploratory	MSigDB_Hallmark (msigdbr 26.1.0)	Abcd2
HALLMARK_XENOBIOTIC_METABOLISM	exploratory	MSigDB_Hallmark (msigdbr 26.1.0)	Abhd6
HALLMARK_XENOBIOTIC_METABOLISM	exploratory	MSigDB_Hallmark (msigdbr 26.1.0)	Aco2
HALLMARK_XENOBIOTIC_METABOLISM	exploratory	MSigDB_Hallmark (msigdbr 26.1.0)	Acox1
HALLMARK_XENOBIOTIC_METABOLISM	exploratory	MSigDB_Hallmark (msigdbr 26.1.0)	Acox2
HALLMARK_XENOBIOTIC_METABOLISM	exploratory	MSigDB_Hallmark (msigdbr 26.1.0)	Acox3
HALLMARK_XENOBIOTIC_METABOLISM	exploratory	MSigDB_Hallmark (msigdbr 26.1.0)	Acp1
HALLMARK_XENOBIOTIC_METABOLISM	exploratory	MSigDB_Hallmark (msigdbr 26.1.0)	Acp2
HALLMARK_XENOBIOTIC_METABOLISM	exploratory	MSigDB_Hallmark (msigdbr 26.1.0)	Acsm1
HALLMARK_XENOBIOTIC_METABOLISM	exploratory	MSigDB_Hallmark (msigdbr 26.1.0)	Adh1
HALLMARK_XENOBIOTIC_METABOLISM	exploratory	MSigDB_Hallmark (msigdbr 26.1.0)	Adh5
HALLMARK_XENOBIOTIC_METABOLISM	exploratory	MSigDB_Hallmark (msigdbr 26.1.0)	Adh7
HALLMARK_XENOBIOTIC_METABOLISM	exploratory	MSigDB_Hallmark (msigdbr 26.1.0)	Ahcy
HALLMARK_XENOBIOTIC_METABOLISM	exploratory	MSigDB_Hallmark (msigdbr 26.1.0)	Akr1c20
HALLMARK_XENOBIOTIC_METABOLISM	exploratory	MSigDB_Hallmark (msigdbr 26.1.0)	Akr1c6
HALLMARK_XENOBIOTIC_METABOLISM	exploratory	MSigDB_Hallmark (msigdbr 26.1.0)	Akr1c18
HALLMARK_XENOBIOTIC_METABOLISM	exploratory	MSigDB_Hallmark (msigdbr 26.1.0)	Alas1
HALLMARK_XENOBIOTIC_METABOLISM	exploratory	MSigDB_Hallmark (msigdbr 26.1.0)	Aldh2
HALLMARK_XENOBIOTIC_METABOLISM	exploratory	MSigDB_Hallmark (msigdbr 26.1.0)	Aldh3a1
HALLMARK_XENOBIOTIC_METABOLISM	exploratory	MSigDB_Hallmark (msigdbr 26.1.0)	Aldh9a1
HALLMARK_XENOBIOTIC_METABOLISM	exploratory	MSigDB_Hallmark (msigdbr 26.1.0)	Angptl3
HALLMARK_XENOBIOTIC_METABOLISM	exploratory	MSigDB_Hallmark (msigdbr 26.1.0)	Aox1
HALLMARK_XENOBIOTIC_METABOLISM	exploratory	MSigDB_Hallmark (msigdbr 26.1.0)	Ap4b1
HALLMARK_XENOBIOTIC_METABOLISM	exploratory	MSigDB_Hallmark (msigdbr 26.1.0)	Apoe
HALLMARK_XENOBIOTIC_METABOLISM	exploratory	MSigDB_Hallmark (msigdbr 26.1.0)	Aqp9
HALLMARK_XENOBIOTIC_METABOLISM	exploratory	MSigDB_Hallmark (msigdbr 26.1.0)	Arg1
HALLMARK_XENOBIOTIC_METABOLISM	exploratory	MSigDB_Hallmark (msigdbr 26.1.0)	Arg2
HALLMARK_XENOBIOTIC_METABOLISM	exploratory	MSigDB_Hallmark (msigdbr 26.1.0)	Arpp19
HALLMARK_XENOBIOTIC_METABOLISM	exploratory	MSigDB_Hallmark (msigdbr 26.1.0)	Asl
HALLMARK_XENOBIOTIC_METABOLISM	exploratory	MSigDB_Hallmark (msigdbr 26.1.0)	Atoh8
HALLMARK_XENOBIOTIC_METABOLISM	exploratory	MSigDB_Hallmark (msigdbr 26.1.0)	Atp2a2
HALLMARK_XENOBIOTIC_METABOLISM	exploratory	MSigDB_Hallmark (msigdbr 26.1.0)	Bcar1
HALLMARK_XENOBIOTIC_METABOLISM	exploratory	MSigDB_Hallmark (msigdbr 26.1.0)	Bcat1
HALLMARK_XENOBIOTIC_METABOLISM	exploratory	MSigDB_Hallmark (msigdbr 26.1.0)	Blvrb
HALLMARK_XENOBIOTIC_METABOLISM	exploratory	MSigDB_Hallmark (msigdbr 26.1.0)	Bphl
HALLMARK_XENOBIOTIC_METABOLISM	exploratory	MSigDB_Hallmark (msigdbr 26.1.0)	Car2
HALLMARK_XENOBIOTIC_METABOLISM	exploratory	MSigDB_Hallmark (msigdbr 26.1.0)	Casp6
HALLMARK_XENOBIOTIC_METABOLISM	exploratory	MSigDB_Hallmark (msigdbr 26.1.0)	Cat
HALLMARK_XENOBIOTIC_METABOLISM	exploratory	MSigDB_Hallmark (msigdbr 26.1.0)	Cbr1
HALLMARK_XENOBIOTIC_METABOLISM	exploratory	MSigDB_Hallmark (msigdbr 26.1.0)	Ccl25
HALLMARK_XENOBIOTIC_METABOLISM	exploratory	MSigDB_Hallmark (msigdbr 26.1.0)	Cd36
HALLMARK_XENOBIOTIC_METABOLISM	exploratory	MSigDB_Hallmark (msigdbr 26.1.0)	Cda
HALLMARK_XENOBIOTIC_METABOLISM	exploratory	MSigDB_Hallmark (msigdbr 26.1.0)	Cdo1
HALLMARK_XENOBIOTIC_METABOLISM	exploratory	MSigDB_Hallmark (msigdbr 26.1.0)	Ces1d
HALLMARK_XENOBIOTIC_METABOLISM	exploratory	MSigDB_Hallmark (msigdbr 26.1.0)	Cfb
HALLMARK_XENOBIOTIC_METABOLISM	exploratory	MSigDB_Hallmark (msigdbr 26.1.0)	Cndp2
HALLMARK_XENOBIOTIC_METABOLISM	exploratory	MSigDB_Hallmark (msigdbr 26.1.0)	Comt
HALLMARK_XENOBIOTIC_METABOLISM	exploratory	MSigDB_Hallmark (msigdbr 26.1.0)	Crot
HALLMARK_XENOBIOTIC_METABOLISM	exploratory	MSigDB_Hallmark (msigdbr 26.1.0)	Crp
HALLMARK_XENOBIOTIC_METABOLISM	exploratory	MSigDB_Hallmark (msigdbr 26.1.0)	Csad
HALLMARK_XENOBIOTIC_METABOLISM	exploratory	MSigDB_Hallmark (msigdbr 26.1.0)	Cyb5a
HALLMARK_XENOBIOTIC_METABOLISM	exploratory	MSigDB_Hallmark (msigdbr 26.1.0)	Cyfip2
HALLMARK_XENOBIOTIC_METABOLISM	exploratory	MSigDB_Hallmark (msigdbr 26.1.0)	Cyp17a1
HALLMARK_XENOBIOTIC_METABOLISM	exploratory	MSigDB_Hallmark (msigdbr 26.1.0)	Cyp1a1
HALLMARK_XENOBIOTIC_METABOLISM	exploratory	MSigDB_Hallmark (msigdbr 26.1.0)	Cyp1a2
HALLMARK_XENOBIOTIC_METABOLISM	exploratory	MSigDB_Hallmark (msigdbr 26.1.0)	Cyp26a1
HALLMARK_XENOBIOTIC_METABOLISM	exploratory	MSigDB_Hallmark (msigdbr 26.1.0)	Cyp27a1
HALLMARK_XENOBIOTIC_METABOLISM	exploratory	MSigDB_Hallmark (msigdbr 26.1.0)	Cyp2c55
HALLMARK_XENOBIOTIC_METABOLISM	exploratory	MSigDB_Hallmark (msigdbr 26.1.0)	Cyp2e1
HALLMARK_XENOBIOTIC_METABOLISM	exploratory	MSigDB_Hallmark (msigdbr 26.1.0)	Cyp2j9
HALLMARK_XENOBIOTIC_METABOLISM	exploratory	MSigDB_Hallmark (msigdbr 26.1.0)	Cyp2s1
HALLMARK_XENOBIOTIC_METABOLISM	exploratory	MSigDB_Hallmark (msigdbr 26.1.0)	Cyp4f14
HALLMARK_XENOBIOTIC_METABOLISM	exploratory	MSigDB_Hallmark (msigdbr 26.1.0)	Cyp4f15
HALLMARK_XENOBIOTIC_METABOLISM	exploratory	MSigDB_Hallmark (msigdbr 26.1.0)	Dcxr
HALLMARK_XENOBIOTIC_METABOLISM	exploratory	MSigDB_Hallmark (msigdbr 26.1.0)	Ddah2
HALLMARK_XENOBIOTIC_METABOLISM	exploratory	MSigDB_Hallmark (msigdbr 26.1.0)	Ddc
HALLMARK_XENOBIOTIC_METABOLISM	exploratory	MSigDB_Hallmark (msigdbr 26.1.0)	Ddt
HALLMARK_XENOBIOTIC_METABOLISM	exploratory	MSigDB_Hallmark (msigdbr 26.1.0)	Dhps
HALLMARK_XENOBIOTIC_METABOLISM	exploratory	MSigDB_Hallmark (msigdbr 26.1.0)	Dhrs1
HALLMARK_XENOBIOTIC_METABOLISM	exploratory	MSigDB_Hallmark (msigdbr 26.1.0)	Dhrs7
HALLMARK_XENOBIOTIC_METABOLISM	exploratory	MSigDB_Hallmark (msigdbr 26.1.0)	Ech1
HALLMARK_XENOBIOTIC_METABOLISM	exploratory	MSigDB_Hallmark (msigdbr 26.1.0)	Elovl5
HALLMARK_XENOBIOTIC_METABOLISM	exploratory	MSigDB_Hallmark (msigdbr 26.1.0)	Enpep
HALLMARK_XENOBIOTIC_METABOLISM	exploratory	MSigDB_Hallmark (msigdbr 26.1.0)	Entpd5
HALLMARK_XENOBIOTIC_METABOLISM	exploratory	MSigDB_Hallmark (msigdbr 26.1.0)	Epha2
HALLMARK_XENOBIOTIC_METABOLISM	exploratory	MSigDB_Hallmark (msigdbr 26.1.0)	Ephx1
HALLMARK_XENOBIOTIC_METABOLISM	exploratory	MSigDB_Hallmark (msigdbr 26.1.0)	Esr1
HALLMARK_XENOBIOTIC_METABOLISM	exploratory	MSigDB_Hallmark (msigdbr 26.1.0)	Etfdh
HALLMARK_XENOBIOTIC_METABOLISM	exploratory	MSigDB_Hallmark (msigdbr 26.1.0)	Ets2
HALLMARK_XENOBIOTIC_METABOLISM	exploratory	MSigDB_Hallmark (msigdbr 26.1.0)	F10
HALLMARK_XENOBIOTIC_METABOLISM	exploratory	MSigDB_Hallmark (msigdbr 26.1.0)	F11
HALLMARK_XENOBIOTIC_METABOLISM	exploratory	MSigDB_Hallmark (msigdbr 26.1.0)	Fabp1
HALLMARK_XENOBIOTIC_METABOLISM	exploratory	MSigDB_Hallmark (msigdbr 26.1.0)	Fah
HALLMARK_XENOBIOTIC_METABOLISM	exploratory	MSigDB_Hallmark (msigdbr 26.1.0)	Fas
HALLMARK_XENOBIOTIC_METABOLISM	exploratory	MSigDB_Hallmark (msigdbr 26.1.0)	Fbln1
HALLMARK_XENOBIOTIC_METABOLISM	exploratory	MSigDB_Hallmark (msigdbr 26.1.0)	Fbp1
HALLMARK_XENOBIOTIC_METABOLISM	exploratory	MSigDB_Hallmark (msigdbr 26.1.0)	Fetub
HALLMARK_XENOBIOTIC_METABOLISM	exploratory	MSigDB_Hallmark (msigdbr 26.1.0)	Fmo1
HALLMARK_XENOBIOTIC_METABOLISM	exploratory	MSigDB_Hallmark (msigdbr 26.1.0)	Fmo3
HALLMARK_XENOBIOTIC_METABOLISM	exploratory	MSigDB_Hallmark (msigdbr 26.1.0)	G6pc
HALLMARK_XENOBIOTIC_METABOLISM	exploratory	MSigDB_Hallmark (msigdbr 26.1.0)	Gabarapl1
HALLMARK_XENOBIOTIC_METABOLISM	exploratory	MSigDB_Hallmark (msigdbr 26.1.0)	Gad1
HALLMARK_XENOBIOTIC_METABOLISM	exploratory	MSigDB_Hallmark (msigdbr 26.1.0)	Gart
HALLMARK_XENOBIOTIC_METABOLISM	exploratory	MSigDB_Hallmark (msigdbr 26.1.0)	Gch1
HALLMARK_XENOBIOTIC_METABOLISM	exploratory	MSigDB_Hallmark (msigdbr 26.1.0)	Gckr
HALLMARK_XENOBIOTIC_METABOLISM	exploratory	MSigDB_Hallmark (msigdbr 26.1.0)	Gclc
HALLMARK_XENOBIOTIC_METABOLISM	exploratory	MSigDB_Hallmark (msigdbr 26.1.0)	Gcnt2
HALLMARK_XENOBIOTIC_METABOLISM	exploratory	MSigDB_Hallmark (msigdbr 26.1.0)	Gnmt
HALLMARK_XENOBIOTIC_METABOLISM	exploratory	MSigDB_Hallmark (msigdbr 26.1.0)	Gsr
HALLMARK_XENOBIOTIC_METABOLISM	exploratory	MSigDB_Hallmark (msigdbr 26.1.0)	Gss
HALLMARK_XENOBIOTIC_METABOLISM	exploratory	MSigDB_Hallmark (msigdbr 26.1.0)	Gsta1
HALLMARK_XENOBIOTIC_METABOLISM	exploratory	MSigDB_Hallmark (msigdbr 26.1.0)	Gsta3
HALLMARK_XENOBIOTIC_METABOLISM	exploratory	MSigDB_Hallmark (msigdbr 26.1.0)	Gstm4
HALLMARK_XENOBIOTIC_METABOLISM	exploratory	MSigDB_Hallmark (msigdbr 26.1.0)	Gsto1
HALLMARK_XENOBIOTIC_METABOLISM	exploratory	MSigDB_Hallmark (msigdbr 26.1.0)	Gstt2
HALLMARK_XENOBIOTIC_METABOLISM	exploratory	MSigDB_Hallmark (msigdbr 26.1.0)	Hacl1
HALLMARK_XENOBIOTIC_METABOLISM	exploratory	MSigDB_Hallmark (msigdbr 26.1.0)	Hes6
HALLMARK_XENOBIOTIC_METABOLISM	exploratory	MSigDB_Hallmark (msigdbr 26.1.0)	Hgfac
HALLMARK_XENOBIOTIC_METABOLISM	exploratory	MSigDB_Hallmark (msigdbr 26.1.0)	Hmox1
HALLMARK_XENOBIOTIC_METABOLISM	exploratory	MSigDB_Hallmark (msigdbr 26.1.0)	Hnf4a
HALLMARK_XENOBIOTIC_METABOLISM	exploratory	MSigDB_Hallmark (msigdbr 26.1.0)	Hprt
HALLMARK_XENOBIOTIC_METABOLISM	exploratory	MSigDB_Hallmark (msigdbr 26.1.0)	Hrg
HALLMARK_XENOBIOTIC_METABOLISM	exploratory	MSigDB_Hallmark (msigdbr 26.1.0)	Hsd11b1
HALLMARK_XENOBIOTIC_METABOLISM	exploratory	MSigDB_Hallmark (msigdbr 26.1.0)	Hsd17b2
HALLMARK_XENOBIOTIC_METABOLISM	exploratory	MSigDB_Hallmark (msigdbr 26.1.0)	Id2
HALLMARK_XENOBIOTIC_METABOLISM	exploratory	MSigDB_Hallmark (msigdbr 26.1.0)	Idh1
HALLMARK_XENOBIOTIC_METABOLISM	exploratory	MSigDB_Hallmark (msigdbr 26.1.0)	Igf1
HALLMARK_XENOBIOTIC_METABOLISM	exploratory	MSigDB_Hallmark (msigdbr 26.1.0)	Igfbp1
HALLMARK_XENOBIOTIC_METABOLISM	exploratory	MSigDB_Hallmark (msigdbr 26.1.0)	Igfbp4
HALLMARK_XENOBIOTIC_METABOLISM	exploratory	MSigDB_Hallmark (msigdbr 26.1.0)	Il1r1
HALLMARK_XENOBIOTIC_METABOLISM	exploratory	MSigDB_Hallmark (msigdbr 26.1.0)	Irf8
HALLMARK_XENOBIOTIC_METABOLISM	exploratory	MSigDB_Hallmark (msigdbr 26.1.0)	Itih1
HALLMARK_XENOBIOTIC_METABOLISM	exploratory	MSigDB_Hallmark (msigdbr 26.1.0)	Itih4
HALLMARK_XENOBIOTIC_METABOLISM	exploratory	MSigDB_Hallmark (msigdbr 26.1.0)	Jup
HALLMARK_XENOBIOTIC_METABOLISM	exploratory	MSigDB_Hallmark (msigdbr 26.1.0)	Kars
HALLMARK_XENOBIOTIC_METABOLISM	exploratory	MSigDB_Hallmark (msigdbr 26.1.0)	Kynu
HALLMARK_XENOBIOTIC_METABOLISM	exploratory	MSigDB_Hallmark (msigdbr 26.1.0)	Lcat
HALLMARK_XENOBIOTIC_METABOLISM	exploratory	MSigDB_Hallmark (msigdbr 26.1.0)	Leap2
HALLMARK_XENOBIOTIC_METABOLISM	exploratory	MSigDB_Hallmark (msigdbr 26.1.0)	Lonp1
HALLMARK_XENOBIOTIC_METABOLISM	exploratory	MSigDB_Hallmark (msigdbr 26.1.0)	Lpin2
HALLMARK_XENOBIOTIC_METABOLISM	exploratory	MSigDB_Hallmark (msigdbr 26.1.0)	Man1a
HALLMARK_XENOBIOTIC_METABOLISM	exploratory	MSigDB_Hallmark (msigdbr 26.1.0)	Maoa
HALLMARK_XENOBIOTIC_METABOLISM	exploratory	MSigDB_Hallmark (msigdbr 26.1.0)	Marchf6
HALLMARK_XENOBIOTIC_METABOLISM	exploratory	MSigDB_Hallmark (msigdbr 26.1.0)	Mbl2
HALLMARK_XENOBIOTIC_METABOLISM	exploratory	MSigDB_Hallmark (msigdbr 26.1.0)	Mccc2
HALLMARK_XENOBIOTIC_METABOLISM	exploratory	MSigDB_Hallmark (msigdbr 26.1.0)	Mpp2
HALLMARK_XENOBIOTIC_METABOLISM	exploratory	MSigDB_Hallmark (msigdbr 26.1.0)	Mt2
HALLMARK_XENOBIOTIC_METABOLISM	exploratory	MSigDB_Hallmark (msigdbr 26.1.0)	Mthfd1
HALLMARK_XENOBIOTIC_METABOLISM	exploratory	MSigDB_Hallmark (msigdbr 26.1.0)	Ndrg2
HALLMARK_XENOBIOTIC_METABOLISM	exploratory	MSigDB_Hallmark (msigdbr 26.1.0)	Nfs1
HALLMARK_XENOBIOTIC_METABOLISM	exploratory	MSigDB_Hallmark (msigdbr 26.1.0)	Ninj1
HALLMARK_XENOBIOTIC_METABOLISM	exploratory	MSigDB_Hallmark (msigdbr 26.1.0)	Nmt1
HALLMARK_XENOBIOTIC_METABOLISM	exploratory	MSigDB_Hallmark (msigdbr 26.1.0)	Npc1
HALLMARK_XENOBIOTIC_METABOLISM	exploratory	MSigDB_Hallmark (msigdbr 26.1.0)	Nqo1
HALLMARK_XENOBIOTIC_METABOLISM	exploratory	MSigDB_Hallmark (msigdbr 26.1.0)	Papss2
HALLMARK_XENOBIOTIC_METABOLISM	exploratory	MSigDB_Hallmark (msigdbr 26.1.0)	Pcx
HALLMARK_XENOBIOTIC_METABOLISM	exploratory	MSigDB_Hallmark (msigdbr 26.1.0)	Pdk4
HALLMARK_XENOBIOTIC_METABOLISM	exploratory	MSigDB_Hallmark (msigdbr 26.1.0)	Pdlim5
HALLMARK_XENOBIOTIC_METABOLISM	exploratory	MSigDB_Hallmark (msigdbr 26.1.0)	Pemt
HALLMARK_XENOBIOTIC_METABOLISM	exploratory	MSigDB_Hallmark (msigdbr 26.1.0)	Pgd
HALLMARK_XENOBIOTIC_METABOLISM	exploratory	MSigDB_Hallmark (msigdbr 26.1.0)	Pgrmc1
HALLMARK_XENOBIOTIC_METABOLISM	exploratory	MSigDB_Hallmark (msigdbr 26.1.0)	Pink1
HALLMARK_XENOBIOTIC_METABOLISM	exploratory	MSigDB_Hallmark (msigdbr 26.1.0)	Plg
HALLMARK_XENOBIOTIC_METABOLISM	exploratory	MSigDB_Hallmark (msigdbr 26.1.0)	Pmm1
HALLMARK_XENOBIOTIC_METABOLISM	exploratory	MSigDB_Hallmark (msigdbr 26.1.0)	Por
HALLMARK_XENOBIOTIC_METABOLISM	exploratory	MSigDB_Hallmark (msigdbr 26.1.0)	Ppard
HALLMARK_XENOBIOTIC_METABOLISM	exploratory	MSigDB_Hallmark (msigdbr 26.1.0)	Pros1
HALLMARK_XENOBIOTIC_METABOLISM	exploratory	MSigDB_Hallmark (msigdbr 26.1.0)	Psmb10
HALLMARK_XENOBIOTIC_METABOLISM	exploratory	MSigDB_Hallmark (msigdbr 26.1.0)	Ptgds
HALLMARK_XENOBIOTIC_METABOLISM	exploratory	MSigDB_Hallmark (msigdbr 26.1.0)	Ptges
HALLMARK_XENOBIOTIC_METABOLISM	exploratory	MSigDB_Hallmark (msigdbr 26.1.0)	Ptges3
HALLMARK_XENOBIOTIC_METABOLISM	exploratory	MSigDB_Hallmark (msigdbr 26.1.0)	Ptgr1
HALLMARK_XENOBIOTIC_METABOLISM	exploratory	MSigDB_Hallmark (msigdbr 26.1.0)	Pts
HALLMARK_XENOBIOTIC_METABOLISM	exploratory	MSigDB_Hallmark (msigdbr 26.1.0)	Pycr1
HALLMARK_XENOBIOTIC_METABOLISM	exploratory	MSigDB_Hallmark (msigdbr 26.1.0)	Rap1gap
HALLMARK_XENOBIOTIC_METABOLISM	exploratory	MSigDB_Hallmark (msigdbr 26.1.0)	Rbp4
HALLMARK_XENOBIOTIC_METABOLISM	exploratory	MSigDB_Hallmark (msigdbr 26.1.0)	Reg1
HALLMARK_XENOBIOTIC_METABOLISM	exploratory	MSigDB_Hallmark (msigdbr 26.1.0)	Retsat
HALLMARK_XENOBIOTIC_METABOLISM	exploratory	MSigDB_Hallmark (msigdbr 26.1.0)	Sar1b
HALLMARK_XENOBIOTIC_METABOLISM	exploratory	MSigDB_Hallmark (msigdbr 26.1.0)	Serpina6
HALLMARK_XENOBIOTIC_METABOLISM	exploratory	MSigDB_Hallmark (msigdbr 26.1.0)	Serpine1
HALLMARK_XENOBIOTIC_METABOLISM	exploratory	MSigDB_Hallmark (msigdbr 26.1.0)	Sertad1
HALLMARK_XENOBIOTIC_METABOLISM	exploratory	MSigDB_Hallmark (msigdbr 26.1.0)	Shmt2
HALLMARK_XENOBIOTIC_METABOLISM	exploratory	MSigDB_Hallmark (msigdbr 26.1.0)	Slc12a4
HALLMARK_XENOBIOTIC_METABOLISM	exploratory	MSigDB_Hallmark (msigdbr 26.1.0)	Slc1a5
HALLMARK_XENOBIOTIC_METABOLISM	exploratory	MSigDB_Hallmark (msigdbr 26.1.0)	Slc22a1
HALLMARK_XENOBIOTIC_METABOLISM	exploratory	MSigDB_Hallmark (msigdbr 26.1.0)	Slc35b1
HALLMARK_XENOBIOTIC_METABOLISM	exploratory	MSigDB_Hallmark (msigdbr 26.1.0)	Slc35d1
HALLMARK_XENOBIOTIC_METABOLISM	exploratory	MSigDB_Hallmark (msigdbr 26.1.0)	Slc46a3
HALLMARK_XENOBIOTIC_METABOLISM	exploratory	MSigDB_Hallmark (msigdbr 26.1.0)	Slc6a12
HALLMARK_XENOBIOTIC_METABOLISM	exploratory	MSigDB_Hallmark (msigdbr 26.1.0)	Slc6a6
HALLMARK_XENOBIOTIC_METABOLISM	exploratory	MSigDB_Hallmark (msigdbr 26.1.0)	Smox
HALLMARK_XENOBIOTIC_METABOLISM	exploratory	MSigDB_Hallmark (msigdbr 26.1.0)	Spint2
HALLMARK_XENOBIOTIC_METABOLISM	exploratory	MSigDB_Hallmark (msigdbr 26.1.0)	Ssr3
HALLMARK_XENOBIOTIC_METABOLISM	exploratory	MSigDB_Hallmark (msigdbr 26.1.0)	Tat
HALLMARK_XENOBIOTIC_METABOLISM	exploratory	MSigDB_Hallmark (msigdbr 26.1.0)	Tdo2
HALLMARK_XENOBIOTIC_METABOLISM	exploratory	MSigDB_Hallmark (msigdbr 26.1.0)	Tgfb2
HALLMARK_XENOBIOTIC_METABOLISM	exploratory	MSigDB_Hallmark (msigdbr 26.1.0)	Tkfc
HALLMARK_XENOBIOTIC_METABOLISM	exploratory	MSigDB_Hallmark (msigdbr 26.1.0)	Tmbim6
HALLMARK_XENOBIOTIC_METABOLISM	exploratory	MSigDB_Hallmark (msigdbr 26.1.0)	Tmem176b
HALLMARK_XENOBIOTIC_METABOLISM	exploratory	MSigDB_Hallmark (msigdbr 26.1.0)	Tmem97
HALLMARK_XENOBIOTIC_METABOLISM	exploratory	MSigDB_Hallmark (msigdbr 26.1.0)	Tnfrsf1a
HALLMARK_XENOBIOTIC_METABOLISM	exploratory	MSigDB_Hallmark (msigdbr 26.1.0)	Tpst1
HALLMARK_XENOBIOTIC_METABOLISM	exploratory	MSigDB_Hallmark (msigdbr 26.1.0)	Ttpa
HALLMARK_XENOBIOTIC_METABOLISM	exploratory	MSigDB_Hallmark (msigdbr 26.1.0)	Tyr
HALLMARK_XENOBIOTIC_METABOLISM	exploratory	MSigDB_Hallmark (msigdbr 26.1.0)	Ugdh
HALLMARK_XENOBIOTIC_METABOLISM	exploratory	MSigDB_Hallmark (msigdbr 26.1.0)	Upb1
HALLMARK_XENOBIOTIC_METABOLISM	exploratory	MSigDB_Hallmark (msigdbr 26.1.0)	Upp1
HALLMARK_XENOBIOTIC_METABOLISM	exploratory	MSigDB_Hallmark (msigdbr 26.1.0)	Vnn1
HALLMARK_XENOBIOTIC_METABOLISM	exploratory	MSigDB_Hallmark (msigdbr 26.1.0)	Vtn
HALLMARK_XENOBIOTIC_METABOLISM	exploratory	MSigDB_Hallmark (msigdbr 26.1.0)	Xdh
