cell_type	contrast	pathway_name	pathway_source	tier	NES	pvalue	padj_bh	leading_edge_genes	leading_edge_size	n_set_genes	n_panel_genes	dataset
B.cell	MBRT_vs_Ctrl	HALLMARK_EPITHELIAL_MESENCHYMAL_TRANSITION	MSigDB_Hallmark	exploratory	1.78891997199018	0.00145064310587387	0.0643289640233736	Col5a1,Col1a1,Col6a2,Acta2,Tagln,Notch2,Cxcl2,Vcan,Bgn,Col16a1,Wnt5a,Col1a2,Col12a1,Mfap5,Prss2,Mmp14,Lgals1,Vegfc	18	206	56	Mutter_02
B.cell	MBRT_vs_Ctrl	HALLMARK_UV_RESPONSE_DN	MSigDB_Hallmark	exploratory	1.89020636381349	0.00252270447150485	0.0643289640233736	Col1a1,Cav1,Rxra,Notch2,Anxa2,Met,Col1a2,Anxa4,Mapk14,Smad3,Pparg	11	144	26	Mutter_02
B.cell	MBRT_vs_Ctrl	TypeII_interferon	project	primary	-1.78546115051135	0.00669998598563318	0.113899761755764	Ciita,H2-Eb1,H2-Aa,H2-Ab1,Cd74	5	17	8	Mutter_02
B.cell	MBRT_vs_Ctrl	HALLMARK_G2M_CHECKPOINT	MSigDB_Hallmark	exploratory	1.79280969010173	0.00941457538144467	0.12003583611342	Ccnd1,Notch2,Nusap1,Mt2,Mapk14,Smad3,Stmn1,Chek1,Cenpf,Ube2c,Hif1a,Mki67,Pttg1,Ezh2,Tgfb1	15	198	21	Mutter_02
B.cell	MBRT_vs_Ctrl	HALLMARK_COMPLEMENT	MSigDB_Hallmark	exploratory	1.49808551537849	0.0274826514754222	0.20242927875554	Gzmb,Lgals3,S100a9,Ltf,C1qa,Cxcl2,C1qc,Fcer1g,Mmp14,Calm1,Ccl5,Mmp12,Jak2	13	196	32	Mutter_02
B.cell	MBRT_vs_Ctrl	HALLMARK_INTERFERON_ALPHA_RESPONSE	MSigDB_Hallmark	exploratory	-1.58959195570652	0.027784410809584	0.20242927875554	Ifi27,Ifitm2,Sell,Cd74,Casp8,B2m,Tap1,Bst2,Ifitm1,Ccrl2	10	100	21	Mutter_02
B.cell	MBRT_vs_Ctrl	HALLMARK_KRAS_SIGNALING_DN	MSigDB_Hallmark	exploratory	-1.59214343706796	0.0270864677321266	0.20242927875554	Tgfb2,Cpb1,Fgfr3	3	202	7	Mutter_02
B.cell	MBRT_vs_Ctrl	HALLMARK_ESTROGEN_RESPONSE_LATE	MSigDB_Hallmark	exploratory	1.59713781193648	0.0342111073488707	0.218095809349051	Ccnd1,Pgr,Cav1,S100a9,Ltf,Cd9,Fabp5,Cdh1,Jak2,Krt19,Cxcl14,Xbp1	12	206	24	Mutter_02
B.cell	MBRT_vs_Ctrl	HALLMARK_GLYCOLYSIS	MSigDB_Hallmark	exploratory	1.5600236359137	0.0532552274042923	0.249313622652477	Col5a1,Ldha,Vcan,Met,Egfr,Il13ra1,Stmn1,Mif,Ier3,Cd44	10	200	16	Mutter_02
B.cell	MBRT_vs_Ctrl	HALLMARK_HYPOXIA	MSigDB_Hallmark	exploratory	1.46437361216762	0.0537735264544557	0.249313622652477	Col5a1,Cav1,Ldha,Anxa2,Bgn,Egfr,Mt2,Ackr3,Plac8,S100a4,Vhl,Mif,Ier3,Dusp1,Tgfb3,Ndrg1,Rbpj	17	200	34	Mutter_02
B.cell	MBRT_vs_Ctrl	HALLMARK_INTERFERON_GAMMA_RESPONSE	MSigDB_Hallmark	exploratory	-1.43377813041777	0.047724933160715	0.249313622652477	Ciita,H2-Eb1,H2-Aa,Ifi27,H2-DMa,Ifitm2,H2-D1,Cd74,Casp8,B2m,Arid5b,Casp3,H2-M3,Tap1,Bst2,Stat3,Cd69,Ifnar2,Irf4,Icam1,Tnfaip6,Cxcl9,Stat1,Nfkbia,Cd40	25	205	52	Mutter_02
B.cell	MBRT_vs_Ctrl	HALLMARK_ALLOGRAFT_REJECTION	MSigDB_Hallmark	exploratory	-1.29925939410773	0.0806962025316456	0.326923076923077	Ets1,Ltb,Tgfb2,H2-DMb1,H2-T23,H2-Aa,Cd2,H2-DMa,Il16,Prf1,Tlr3,Il12rb1,Ifngr2,Cd74,Fyb,Cd3e,Ptprc,B2m	18	201	79	Mutter_02
B.cell	MBRT_vs_Ctrl	HALLMARK_CHOLESTEROL_HOMEOSTASIS	MSigDB_Hallmark	exploratory	1.40343324735781	0.0833333333333333	0.326923076923077	Lgals3,Fasn,Cd9,Fabp5,Ctnnb1,Pparg	6	75	13	Mutter_02
B.cell	MBRT_vs_Ctrl	HALLMARK_NOTCH_SIGNALING	MSigDB_Hallmark	exploratory	1.43064604518625	0.0962800875273523	0.350734604563926	Ccnd1,Notch2,Wnt5a,Fzd1	4	32	10	Mutter_02
B.cell	MBRT_vs_Ctrl	HALLMARK_UV_RESPONSE_UP	MSigDB_Hallmark	exploratory	-1.30661356559187	0.123924268502582	0.421342512908778	H2-Q1,Fgf18,Casp3,H2-M3,Epcam,Tap1,Sqstm1,Icam1,Junb,Nfkbia	10	158	19	Mutter_02
B.cell	MBRT_vs_Ctrl	HALLMARK_MITOTIC_SPINDLE	MSigDB_Hallmark	exploratory	1.27283622107828	0.186363636363636	0.551787016776076	Gsn,Notch2,Nusap1	3	199	11	Mutter_02
B.cell	MBRT_vs_Ctrl	HALLMARK_MYOGENESIS	MSigDB_Hallmark	exploratory	1.23239787357635	0.184210526315789	0.551787016776076	Col1a1,Col6a2,Gsn,Cfd,Tagln	5	201	27	Mutter_02
B.cell	MBRT_vs_Ctrl	HALLMARK_XENOBIOTIC_METABOLISM	MSigDB_Hallmark	exploratory	1.27635580205041	0.194748358862144	0.551787016776076	Arg1,Mt2,Apoe,Tnfrsf1a	4	203	10	Mutter_02
B.cell	MBRT_vs_Ctrl	HALLMARK_FATTY_ACID_METABOLISM	MSigDB_Hallmark	exploratory	1.19968361463289	0.24507658643326	0.595185995623632	Fasn,Ldha,S100a10,Lgals1	4	157	10	Mutter_02
B.cell	MBRT_vs_Ctrl	HALLMARK_IL2_STAT5_SIGNALING	MSigDB_Hallmark	exploratory	-1.17701074832023	0.233722871452421	0.595185995623632	Ltb,Il18r1,Tnfrsf18,Flt3l,Bcl2,Sell,Cd81,Casp3,Spp1,Cd48	10	199	41	Mutter_02
B.cell	MBRT_vs_Ctrl	HALLMARK_UNFOLDED_PROTEIN_RESPONSE	MSigDB_Hallmark	exploratory	1.24372969297477	0.222929936305732	0.595185995623632	Ccl2,Xbp1,Vegfa,Bag3,Atf3	5	113	6	Mutter_02
B.cell	MBRT_vs_Ctrl	HALLMARK_COAGULATION	MSigDB_Hallmark	exploratory	1.14229472935081	0.260969976905312	0.604975855553223	Gsn,Cfd,Pf4,C1qa,Cd9	5	139	23	Mutter_02
B.cell	MBRT_vs_Ctrl	HALLMARK_ADIPOGENESIS	MSigDB_Hallmark	exploratory	1.14559255378302	0.286057692307692	0.634301839464883	Fabp4,Stat5a,Apoe,Sorbs1,Pparg	5	200	15	Mutter_02
B.cell	MBRT_vs_Ctrl	HALLMARK_ESTROGEN_RESPONSE_EARLY	MSigDB_Hallmark	exploratory	1.11307335812019	0.309302325581395	0.657267441860465	Ccnd1,Pgr,Fasn,Krt18,Jak2,Krt19,Xbp1	7	200	22	Mutter_02
B.cell	MBRT_vs_Ctrl	HALLMARK_APICAL_SURFACE	MSigDB_Hallmark	exploratory	-1.09147092313746	0.337016574585635	0.677622377622378	Gata3	1	44	9	Mutter_02
B.cell	MBRT_vs_Ctrl	HALLMARK_PROTEIN_SECRETION	MSigDB_Hallmark	exploratory	-1.0989944659416	0.345454545454545	0.677622377622378	Arf1,Sod1,Lamp2	3	96	8	Mutter_02
B.cell	MBRT_vs_Ctrl	HALLMARK_HEDGEHOG_SIGNALING	MSigDB_Hallmark	exploratory	-1.08071965194002	0.419776119402985	0.73822696860525	Hey1,Celsr1	2	36	3	Mutter_02
B.cell	MBRT_vs_Ctrl	HALLMARK_PEROXISOME	MSigDB_Hallmark	exploratory	-1.10290081769882	0.39365671641791	0.73822696860525	Sod1	1	102	3	Mutter_02
B.cell	MBRT_vs_Ctrl	HALLMARK_TGF_BETA_SIGNALING	MSigDB_Hallmark	exploratory	1.04617313276237	0.411627906976744	0.73822696860525	Acvr1,Cdh1,Ctnnb1,Smad3	4	54	12	Mutter_02
B.cell	MBRT_vs_Ctrl	HALLMARK_KRAS_SIGNALING_UP	MSigDB_Hallmark	exploratory	0.987954073790219	0.464114832535885	0.788995215311005	Arg1,Il1b,Etv5,Il7r	4	203	27	Mutter_02
B.cell	MBRT_vs_Ctrl	HALLMARK_SPERMATOGENESIS	MSigDB_Hallmark	exploratory	-0.993955917536406	0.514925373134328	0.847135291285508	Ace	1	135	3	Mutter_02
B.cell	MBRT_vs_Ctrl	HALLMARK_IL6_JAK_STAT3_SIGNALING	MSigDB_Hallmark	exploratory	-0.960427960675503	0.551260504201681	0.878571428571429	Ltb,Acvrl1,Il10rb,Cd36,Il18r1,Il12rb1,Ifngr2	7	88	39	Mutter_02
B.cell	MBRT_vs_Ctrl	HALLMARK_ANDROGEN_RESPONSE	MSigDB_Hallmark	exploratory	0.894038239875097	0.604761904761905	0.892265193370166	Ccnd1,Akt1,Krt19,Ndrg1,Selenop,Lifr,Sat1,Maf	8	112	13	Mutter_02
B.cell	MBRT_vs_Ctrl	HALLMARK_APOPTOSIS	MSigDB_Hallmark	exploratory	0.930823785463249	0.578005115089514	0.892265193370166	Ccnd1,Il1b,Cav1,Lgals3,Gsn,Hgf	6	160	54	Mutter_02
B.cell	MBRT_vs_Ctrl	HALLMARK_HEME_METABOLISM	MSigDB_Hallmark	exploratory	-0.892667846645728	0.629834254143646	0.892265193370166	Lamp2,Slc2a1,Nr3c1	3	194	4	Mutter_02
B.cell	MBRT_vs_Ctrl	HALLMARK_MTORC1_SIGNALING	MSigDB_Hallmark	exploratory	0.879323380936956	0.618181818181818	0.892265193370166	Ldha,Cd9,Serpinh1,Xbp1	4	201	11	Mutter_02
B.cell	MBRT_vs_Ctrl	HALLMARK_INFLAMMATORY_RESPONSE	MSigDB_Hallmark	exploratory	-0.868325326673331	0.721854304635762	0.968804461484838	Cxcl5,Ccl20,Best1,Il18r1,Rela,Tlr3,Ifngr2,Tnfsf9,Sell,Ccr7,Cd48,Bst2,Il1a,Cd69,Ifitm1,Il18,Itgb8,Cx3cl1,Ccrl2,Ldlr,Tlr1,Icam1,Tnfaip6,Cxcl9,Nfkbia,Cd40,Gpr183,Il10ra,Il10,Il2rb,Lyn,Ifnar1	32	201	67	Mutter_02
B.cell	MBRT_vs_Ctrl	HALLMARK_P53_PATHWAY	MSigDB_Hallmark	exploratory	-0.854715991564063	0.709122203098107	0.968804461484838	Krt17,Itgb4,Tnfsf9,Rack1,Cd81,Jun,Tap1,Il1a,Bax,Ddit3	10	199	30	Mutter_02
B.cell	MBRT_vs_Ctrl	DNA_Damage_Repair	project	primary	0.731892131539539	0.820568927789934	0.972789115646259	Atm	1	18	10	Mutter_02
B.cell	MBRT_vs_Ctrl	HALLMARK_ANGIOGENESIS	MSigDB_Hallmark	exploratory	0.638900558142336	0.916666666666667	0.972789115646259	Pf4,Vcan	2	36	13	Mutter_02
B.cell	MBRT_vs_Ctrl	HALLMARK_APICAL_JUNCTION	MSigDB_Hallmark	exploratory	-0.67860745460914	0.934595524956971	0.972789115646259	Itgb4,Fyb,Ptprc,Syk,Vwf,Actg2,Ptk2,Mmp9,Cx3cl1,Myl12b,Mapk13,Icam1	12	199	30	Mutter_02
B.cell	MBRT_vs_Ctrl	HALLMARK_BILE_ACID_METABOLISM	MSigDB_Hallmark	exploratory	0.677446360265907	0.848421052631579	0.972789115646259	Rxra	1	112	5	Mutter_02
B.cell	MBRT_vs_Ctrl	HALLMARK_DNA_REPAIR	MSigDB_Hallmark	exploratory	0.62802097328366	0.909473684210526	0.972789115646259	Npr2,Pcna,Trp53,Tyms,Nt5c3	5	150	5	Mutter_02
B.cell	MBRT_vs_Ctrl	HALLMARK_E2F_TARGETS	MSigDB_Hallmark	exploratory	-0.674331541597236	0.881239242685026	0.972789115646259	Tubb5,Chek2,Brca1,Birc5,Msh2,Myc,H2az1,Top2a,Hmgb2,Trp53,Dnmt1,Pcna,Ezh2,Pttg1,Cdkn1a,Mki67,Chek1,Stmn1	18	200	18	Mutter_02
B.cell	MBRT_vs_Ctrl	HALLMARK_MYC_TARGETS_V1	MSigDB_Hallmark	exploratory	0.608127194261737	0.934640522875817	0.972789115646259	Ldha	1	201	9	Mutter_02
B.cell	MBRT_vs_Ctrl	HALLMARK_OXIDATIVE_PHOSPHORYLATION	MSigDB_Hallmark	exploratory	0.701937498234825	0.81917211328976	0.972789115646259	Ldha	1	199	4	Mutter_02
B.cell	MBRT_vs_Ctrl	HALLMARK_PI3K_AKT_MTOR_SIGNALING	MSigDB_Hallmark	exploratory	-0.767688166806121	0.781569965870307	0.972789115646259	Arf1,Smad2	2	105	15	Mutter_02
B.cell	MBRT_vs_Ctrl	HALLMARK_REACTIVE_OXYGEN_SPECIES_PATHWAY	MSigDB_Hallmark	exploratory	0.73571538188966	0.788671023965142	0.972789115646259	Fes	1	48	4	Mutter_02
B.cell	MBRT_vs_Ctrl	TypeI_interferon	project	primary	-0.618102423510316	0.917448405253283	0.972789115646259	Mx1,Ifitm1,Stat1,Ifit1	4	19	7	Mutter_02
B.cell	MBRT_vs_Ctrl	HALLMARK_TNFA_SIGNALING_VIA_NFKB	MSigDB_Hallmark	exploratory	0.696458630335575	0.954545454545455	0.973636363636364	Ccnd1,Il1b,Il7r,Ccl2,Cxcl2,Il23a,Stat5a,Ccl5,Ackr3,Smad3	10	199	59	Mutter_02
B.cell	MBRT_vs_Ctrl	HALLMARK_WNT_BETA_CATENIN_SIGNALING	MSigDB_Hallmark	exploratory	0.437219373131681	0.997674418604651	0.997674418604651	Ctnnb1,Fzd1,Hdac11,Rbpj	4	42	12	Mutter_02
B.cell	MBRT_vs_SBRT	HALLMARK_APOPTOSIS	MSigDB_Hallmark	exploratory	-1.50425103982566	0.0302244091983977	0.359718274524697	Hmgb2,Top2a,Krt18,Clu,Lmna,Gsn,Ccnd1,Casp3,Gpx1,Sod1,Sqstm1,Lum,Tnfrsf12a,Tgfb2,Anxa1,Rela	16	160	54	Mutter_02
B.cell	MBRT_vs_SBRT	HALLMARK_E2F_TARGETS	MSigDB_Hallmark	exploratory	-1.63918887866046	0.0232752342438932	0.359718274524697	Mki67,Hmgb2,Top2a,Tubb5,Stmn1,Pcna,Dnmt1,Pttg1	8	200	18	Mutter_02
B.cell	MBRT_vs_SBRT	HALLMARK_G2M_CHECKPOINT	MSigDB_Hallmark	exploratory	-1.59415813478761	0.0352664975024213	0.359718274524697	Mki67,Top2a,Ccnd1,Nusap1,Cenpf,Stmn1,Abl1	7	198	21	Mutter_02
B.cell	MBRT_vs_SBRT	HALLMARK_MITOTIC_SPINDLE	MSigDB_Hallmark	exploratory	-1.65885595050342	0.0186653672978835	0.359718274524697	Top2a,Gsn,Nusap1,Cenpf,Abl1,Dst,Ezr	7	199	11	Mutter_02
B.cell	MBRT_vs_SBRT	HALLMARK_PROTEIN_SECRETION	MSigDB_Hallmark	exploratory	-1.60275709494848	0.0350904498900513	0.359718274524697	Krt18,Arf1,Sod1,Ica1,Dst,Lamp2	6	96	8	Mutter_02
B.cell	MBRT_vs_SBRT	HALLMARK_KRAS_SIGNALING_UP	MSigDB_Hallmark	exploratory	1.52845568406166	0.0466476949478112	0.379025598678778	Etv4,Il7r,Spry2,Igf2,Etv5,Il1b,Cidea,Apod,Ace,Arg1,Adgrl4,Fcer1g	12	203	27	Mutter_02
B.cell	MBRT_vs_SBRT	HALLMARK_PEROXISOME	MSigDB_Hallmark	exploratory	-1.43518135474476	0.0520231213872832	0.379025598678778	Top2a,Sod1	2	102	3	Mutter_02
B.cell	MBRT_vs_SBRT	HALLMARK_ANDROGEN_RESPONSE	MSigDB_Hallmark	exploratory	-1.3572392994967	0.127306273062731	0.554347826086957	Krt8,Ccnd1,Myl12a,Krt19,Akt1,B2m	6	112	13	Mutter_02
B.cell	MBRT_vs_SBRT	HALLMARK_ESTROGEN_RESPONSE_EARLY	MSigDB_Hallmark	exploratory	-1.35632950635538	0.105820105820106	0.554347826086957	Krt8,Krt18,Ccnd1	3	200	22	Mutter_02
B.cell	MBRT_vs_SBRT	HALLMARK_MTORC1_SIGNALING	MSigDB_Hallmark	exploratory	-1.45169386101111	0.0914285714285714	0.554347826086957	Ldlr,Ppia,Sqstm1,Hsp90b1,Ldha,Xbp1,Cd9	7	201	11	Mutter_02
B.cell	MBRT_vs_SBRT	HALLMARK_MYC_TARGETS_V1	MSigDB_Hallmark	exploratory	-1.3616468190034	0.130434782608696	0.554347826086957	Ppia,Ptges3,Pcna,Ldha,Rack1,H2az1,Myc,Hsp90ab1	8	201	9	Mutter_02
B.cell	MBRT_vs_SBRT	HALLMARK_UV_RESPONSE_DN	MSigDB_Hallmark	exploratory	-1.30097087799493	0.126559714795009	0.554347826086957	Ldlr,Col1a2,Nfkb1,Fyn,Ica1,Adgrl2,Col1a1,Tgfbr2,Anxa2	9	144	26	Mutter_02
B.cell	MBRT_vs_SBRT	HALLMARK_COAGULATION	MSigDB_Hallmark	exploratory	-1.29323901648342	0.164021164021164	0.557671957671958	Clu,Gsn,Fyn,Dusp6,Lamp2,Rac1,Anxa1,Cd9,Vwf	9	139	23	Mutter_02
B.cell	MBRT_vs_SBRT	HALLMARK_ESTROGEN_RESPONSE_LATE	MSigDB_Hallmark	exploratory	-1.27874749666233	0.157142857142857	0.557671957671958	Top2a,Ccnd1,Tnnc1,Krt19,Xbp1,Cd9,Jak2,Cdh1	8	206	24	Mutter_02
B.cell	MBRT_vs_SBRT	HALLMARK_FATTY_ACID_METABOLISM	MSigDB_Hallmark	exploratory	-1.33629479894346	0.145833333333333	0.557671957671958	Lgals1,S100a10,Hsp90aa1,Mif,Ldha	5	157	10	Mutter_02
B.cell	MBRT_vs_SBRT	HALLMARK_TNFA_SIGNALING_VIA_NFKB	MSigDB_Hallmark	exploratory	1.18265312225406	0.189655172413793	0.604525862068966	Cdkn1a,Ackr3,Il7r,Cxcl2,Sat1,Smad3,Ccl2,Il15ra,Icam1,Il1b,Cd80,Il23a,Cd83,Ptger4,Ccl5,Ccrl2,Dusp1,Olr1	18	199	59	Mutter_02
B.cell	MBRT_vs_SBRT	HALLMARK_CHOLESTEROL_HOMEOSTASIS	MSigDB_Hallmark	exploratory	-1.19575491620204	0.247232472324723	0.608184268561627	Ldlr,Clu,Cxcl16,Tnfrsf12a,Alcam,Cd9	6	75	13	Mutter_02
B.cell	MBRT_vs_SBRT	HALLMARK_COMPLEMENT	MSigDB_Hallmark	exploratory	-1.19229992021178	0.221631205673759	0.608184268561627	Clu,Gzmb,Casp3,Fyn,Dusp6,Gata3,Lamp2,Gzma	8	196	32	Mutter_02
B.cell	MBRT_vs_SBRT	HALLMARK_EPITHELIAL_MESENCHYMAL_TRANSITION	MSigDB_Hallmark	exploratory	-1.1461317235866	0.250428816466552	0.608184268561627	Tpm1,Lgals1,Col1a2,Acta2,Col4a1,Dst,Col5a3,Lum,Tnfrsf12a,Il15,Tpm2,Col1a1,Itgb1,Tagln,Col6a2,Vim,Gadd45b,Vcam1,Jun,Col5a1,Serpinh1,Cd44	22	206	56	Mutter_02
B.cell	MBRT_vs_SBRT	HALLMARK_OXIDATIVE_PHOSPHORYLATION	MSigDB_Hallmark	exploratory	-1.2172143379261	0.231939163498099	0.608184268561627	Ldha,Glud1,Atp5e	3	199	4	Mutter_02
B.cell	MBRT_vs_SBRT	HALLMARK_SPERMATOGENESIS	MSigDB_Hallmark	exploratory	1.23159881230084	0.213250517598344	0.608184268561627	Ace	1	135	3	Mutter_02
B.cell	MBRT_vs_SBRT	HALLMARK_MYOGENESIS	MSigDB_Hallmark	exploratory	-1.12072452189561	0.285198555956679	0.661142106990483	Clu,Itgb4,Gsn,Tnnc1,Tpm2,Col1a1,Itgb1,Cryab,Tagln,Col6a2,Gadd45b	11	201	27	Mutter_02
B.cell	MBRT_vs_SBRT	HALLMARK_HYPOXIA	MSigDB_Hallmark	exploratory	1.0896659813262	0.328735632183908	0.728935532233883	Egfr,Cdkn1a,Plac8,Ackr3	4	200	34	Mutter_02
B.cell	MBRT_vs_SBRT	HALLMARK_TGF_BETA_SIGNALING	MSigDB_Hallmark	exploratory	1.10070063668857	0.347732181425486	0.731645569620253	Apc,Smad3,Acvr1,Tgfb1,Thbs1	5	54	12	Mutter_02
B.cell	MBRT_vs_SBRT	TypeI_interferon	project	primary	1.07954917639564	0.358649789029536	0.731645569620253	Oas2,Mx1,Oasl1	3	19	7	Mutter_02
B.cell	MBRT_vs_SBRT	HALLMARK_APICAL_SURFACE	MSigDB_Hallmark	exploratory	1.07699586956237	0.378435517970402	0.740471869328494	Efna5,Ephb4,Il2rb	3	44	9	Mutter_02
B.cell	MBRT_vs_SBRT	HALLMARK_GLYCOLYSIS	MSigDB_Hallmark	exploratory	-1.03978770741065	0.392014519056261	0.740471869328494	Ppia,Stmn1,Sod1,Mif,Sox9,Ldha,Ier3,Col5a1,Cd44,Dcn,Vegfa	11	200	16	Mutter_02
B.cell	MBRT_vs_SBRT	HALLMARK_BILE_ACID_METABOLISM	MSigDB_Hallmark	exploratory	0.960872634018802	0.531049250535332	0.846359743040685	Apoa1,Gc,Rxra	3	112	5	Mutter_02
B.cell	MBRT_vs_SBRT	HALLMARK_KRAS_SIGNALING_DN	MSigDB_Hallmark	exploratory	-0.961464217103541	0.479166666666667	0.846359743040685	Cpb1,Tgfb2	2	202	7	Mutter_02
B.cell	MBRT_vs_SBRT	HALLMARK_P53_PATHWAY	MSigDB_Hallmark	exploratory	-0.960995563635174	0.506261180679785	0.846359743040685	Itgb4,Hdac3,S100a10,S100a4,Pcna	5	199	30	Mutter_02
B.cell	MBRT_vs_SBRT	HALLMARK_PI3K_AKT_MTOR_SIGNALING	MSigDB_Hallmark	exploratory	-0.930145377045939	0.524861878453039	0.846359743040685	Arf1,Sqstm1,Akt1,Rac1,Hsp90b1,Fasl,Tnfrsf1a	7	105	15	Mutter_02
B.cell	MBRT_vs_SBRT	TypeII_interferon	project	primary	0.951735227466853	0.513684210526316	0.846359743040685	Cxcl9,H2-Eb1	2	17	8	Mutter_02
B.cell	MBRT_vs_SBRT	HALLMARK_DNA_REPAIR	MSigDB_Hallmark	exploratory	0.892943974053564	0.610278372591007	0.889262771489752	Tyms	1	150	5	Mutter_02
B.cell	MBRT_vs_SBRT	HALLMARK_INFLAMMATORY_RESPONSE	MSigDB_Hallmark	exploratory	-0.926853746387659	0.609427609427609	0.889262771489752	Ldlr,Tlr3,Ifnar1,Csf3,Nfkb1,Bst2,Axl,Il4ra,Il15,Fzd5,Ahr,Ifngr2,Rela	13	201	67	Mutter_02
B.cell	MBRT_vs_SBRT	HALLMARK_INTERFERON_ALPHA_RESPONSE	MSigDB_Hallmark	exploratory	-0.894136998476575	0.597883597883598	0.889262771489752	Bst2,Il4ra,Ifi27,Il15,B2m,Ifitm3,Cd47	7	100	21	Mutter_02
B.cell	MBRT_vs_SBRT	DNA_Damage_Repair	project	primary	0.804713770703749	0.723628691983122	0.921241050119332	Cdkn1a,Chek1,Atm,Chek2,Brca1	5	18	10	Mutter_02
B.cell	MBRT_vs_SBRT	HALLMARK_ADIPOGENESIS	MSigDB_Hallmark	exploratory	-0.678523472896428	0.885819521178637	0.921241050119332	Col4a1,Sod1,Fabp4	3	200	15	Mutter_02
B.cell	MBRT_vs_SBRT	HALLMARK_ALLOGRAFT_REJECTION	MSigDB_Hallmark	exploratory	0.852362034971173	0.785714285714286	0.921241050119332	Cd28,Egfr,Tap2,Ccl2,Ccl19,Icam1,Il1b,Ccl11,Il2rb,Cxcl9,Cd80,Il12rb1,Il2,Ccl5,H2-DMb1,Tgfb1	16	201	79	Mutter_02
B.cell	MBRT_vs_SBRT	HALLMARK_ANGIOGENESIS	MSigDB_Hallmark	exploratory	0.791978720681777	0.754347826086957	0.921241050119332	Ptk2,Pdgfa,Olr1,Pf4,Spp1,App,Vcan,Cxcl5	8	36	13	Mutter_02
B.cell	MBRT_vs_SBRT	HALLMARK_APICAL_JUNCTION	MSigDB_Hallmark	exploratory	-0.690422437618453	0.912343470483005	0.921241050119332	Itgb4,Itgb1,Cx3cl1,Itga3,Vwf,Cdh1,Fyb	7	199	30	Mutter_02
B.cell	MBRT_vs_SBRT	HALLMARK_HEDGEHOG_SIGNALING	MSigDB_Hallmark	exploratory	-0.789713487706698	0.755298651252408	0.921241050119332	Vegfa,Hey1,Celsr1	3	36	3	Mutter_02
B.cell	MBRT_vs_SBRT	HALLMARK_HEME_METABOLISM	MSigDB_Hallmark	exploratory	-0.823932999101961	0.720532319391635	0.921241050119332	Lamp2	1	194	4	Mutter_02
B.cell	MBRT_vs_SBRT	HALLMARK_IL2_STAT5_SIGNALING	MSigDB_Hallmark	exploratory	0.692021739644645	0.921241050119332	0.921241050119332	Etv4,Tlr7,Cst7,Rora,Il2rb,Cd83,Bcl2l1,Itgae,Ndrg1	9	199	41	Mutter_02
B.cell	MBRT_vs_SBRT	HALLMARK_IL6_JAK_STAT3_SIGNALING	MSigDB_Hallmark	exploratory	0.78290755500214	0.833723653395785	0.921241050119332	Pdgfc,Il13ra1,Cxcl2,Il15ra,Il1b,Acvrl1,Cxcl9,Il12rb1,Ltbr,Tgfb1,Pf4,Csf2ra,Cxcl1	13	88	39	Mutter_02
B.cell	MBRT_vs_SBRT	HALLMARK_INTERFERON_GAMMA_RESPONSE	MSigDB_Hallmark	exploratory	0.73255440594965	0.903529411764706	0.921241050119332	Cdkn1a,Oas2,Ccl2,Il15ra,Icam1,Il2rb,Cxcl9,H2-Eb1	8	205	52	Mutter_02
B.cell	MBRT_vs_SBRT	HALLMARK_NOTCH_SIGNALING	MSigDB_Hallmark	exploratory	-0.664851273680197	0.895833333333333	0.921241050119332	Ccnd1,Fzd5	2	32	10	Mutter_02
B.cell	MBRT_vs_SBRT	HALLMARK_REACTIVE_OXYGEN_SPECIES_PATHWAY	MSigDB_Hallmark	exploratory	-0.639150839648183	0.906844106463878	0.921241050119332	Sod1	1	48	4	Mutter_02
B.cell	MBRT_vs_SBRT	HALLMARK_UNFOLDED_PROTEIN_RESPONSE	MSigDB_Hallmark	exploratory	-0.740318723201848	0.794573643410853	0.921241050119332	Hsp90b1,Xbp1,Bag3	3	113	6	Mutter_02
B.cell	MBRT_vs_SBRT	HALLMARK_UV_RESPONSE_UP	MSigDB_Hallmark	exploratory	-0.657694093228671	0.919642857142857	0.921241050119332	Casp3,Sqstm1,Epcam	3	158	19	Mutter_02
B.cell	MBRT_vs_SBRT	HALLMARK_WNT_BETA_CATENIN_SIGNALING	MSigDB_Hallmark	exploratory	0.685208651795214	0.885529157667387	0.921241050119332	Fzd1,Hdac5,Ppard,Wnt5b,Hdac11,Dll1,Hey1,Trp53,Jag1,Myc,Ctnnb1,Rbpj	12	42	12	Mutter_02
B.cell	MBRT_vs_SBRT	HALLMARK_XENOBIOTIC_METABOLISM	MSigDB_Hallmark	exploratory	0.719349421798933	0.824894514767933	0.921241050119332	Igf1,Arg1,Apoe,Esr1,Ppard,Mt2	6	203	10	Mutter_02
B.cell	SBRT_vs_Ctrl	HALLMARK_G2M_CHECKPOINT	MSigDB_Hallmark	exploratory	1.99331694007795	0.000449039770344983	0.0114505141437971	Mki67,Ccnd1,Top2a,Nusap1,Cenpf,Stmn1,Ube2c,Pttg1	8	198	21	Mutter_02
B.cell	SBRT_vs_Ctrl	HALLMARK_UV_RESPONSE_DN	MSigDB_Hallmark	exploratory	1.99975915191332	0.000299544564613841	0.0114505141437971	Col1a1,Col1a2,Ldlr,Anxa2,Nfkb1,Fyn,Ica1,Anxa4,Met,Adgrl2,Cav1	11	144	26	Mutter_02
B.cell	SBRT_vs_Ctrl	HALLMARK_CHOLESTEROL_HOMEOSTASIS	MSigDB_Hallmark	exploratory	2.02060686328576	0.000814875512921151	0.0138528837196596	Ldlr,Cd9,Alcam,Ctnnb1,Tnfrsf12a,Cxcl16,Clu,Fasn	8	75	13	Mutter_02
B.cell	SBRT_vs_Ctrl	HALLMARK_EPITHELIAL_MESENCHYMAL_TRANSITION	MSigDB_Hallmark	exploratory	1.80739542713097	0.00111302771103866	0.0141911033157429	Col1a1,Acta2,Col5a1,Col1a2,Lgals1,Col6a2,Tagln,Col4a1,Tnfrsf12a,Itgb1,Il15,Col16a1,Mfap5,Gadd45b,Col5a3,Serpinh1,Dst,Myl9,Cd44,Vegfc,Vim,Col12a1,Bgn	23	206	56	Mutter_02
B.cell	SBRT_vs_Ctrl	TypeII_interferon	project	primary	-1.81429251256802	0.00192545109636633	0.0196396011829366	H2-Eb1,Ciita,H2-Aa,Cxcl9	4	17	8	Mutter_02
B.cell	SBRT_vs_Ctrl	HALLMARK_ESTROGEN_RESPONSE_LATE	MSigDB_Hallmark	exploratory	1.80432262937986	0.00471809747799551	0.0401038285629618	Ccnd1,Top2a,Cd9,Krt19,Cdh1,Jak2,Pgr,Xbp1,Ltf,Cd44,Cav1	11	206	24	Mutter_02
B.cell	SBRT_vs_Ctrl	HALLMARK_APOPTOSIS	MSigDB_Hallmark	exploratory	1.65099238291378	0.0063074383096052	0.0402099192237332	Ccnd1,Krt18,Gsn,Hmgb2,Top2a,Lmna,Ctnnb1,Fasl,Anxa1,Tnfrsf12a,Ier3,Gadd45b,Gpx1,Hgf,Cd44,Casp3,Cav1,Clu,Bgn	19	160	54	Mutter_02
B.cell	SBRT_vs_Ctrl	HALLMARK_GLYCOLYSIS	MSigDB_Hallmark	exploratory	1.79430619767918	0.00619668421864713	0.0402099192237332	Col5a1,Ldha,Stmn1,Mif,Ier3,Ppia,Met,Cd44,Dcn,Vcan,Vegfa	11	200	16	Mutter_02
B.cell	SBRT_vs_Ctrl	HALLMARK_ANDROGEN_RESPONSE	MSigDB_Hallmark	exploratory	1.83761094084064	0.0086916940031608	0.0421437678373371	Ccnd1,Krt8,Akt1,Krt19	4	112	13	Mutter_02
B.cell	SBRT_vs_Ctrl	HALLMARK_E2F_TARGETS	MSigDB_Hallmark	exploratory	1.7026606939939	0.00811637446550915	0.0421437678373371	Mki67,Hmgb2,Top2a,Stmn1,Pcna,Pttg1	6	200	18	Mutter_02
B.cell	SBRT_vs_Ctrl	HALLMARK_ESTROGEN_RESPONSE_EARLY	MSigDB_Hallmark	exploratory	1.70657023491348	0.00908983227864134	0.0421437678373371	Ccnd1,Krt8,Krt18,Krt19,Jak2,Pgr,Xbp1	7	200	22	Mutter_02
B.cell	SBRT_vs_Ctrl	HALLMARK_MYOGENESIS	MSigDB_Hallmark	exploratory	1.6851505664233	0.0121224468135278	0.0515203989574931	Gsn,Col1a1,Col6a2,Tagln,Cfd,Itgb1,Gadd45b,Sorbs1	8	201	27	Mutter_02
B.cell	SBRT_vs_Ctrl	HALLMARK_ALLOGRAFT_REJECTION	MSigDB_Hallmark	exploratory	-1.36216005632709	0.0243666254290673	0.0828465264588289	H2-DMb1,Cd28,Il12rb1,H2-Aa,H2-T23,Tap2,H2-DMa,Icam1,Ltb,Ccl19,Cxcl9,Prf1,Cd80,Il2rb,Cd2,Egfr,Fgr,Ets1,Ccl11,H2-M3,Tap1,Ptprc,Il10,Il16,Brca1,Lif	26	201	79	Mutter_02
B.cell	SBRT_vs_Ctrl	HALLMARK_PEROXISOME	MSigDB_Hallmark	exploratory	1.53016659536965	0.0238702966667458	0.0828465264588289	Top2a	1	102	3	Mutter_02
B.cell	SBRT_vs_Ctrl	HALLMARK_UNFOLDED_PROTEIN_RESPONSE	MSigDB_Hallmark	exploratory	1.56826487194756	0.0227001311846174	0.0828465264588289	Xbp1,Bag3,Hsp90b1,Vegfa	4	113	6	Mutter_02
B.cell	SBRT_vs_Ctrl	HALLMARK_MITOTIC_SPINDLE	MSigDB_Hallmark	exploratory	1.62836753994001	0.0327641015453139	0.101705408330157	Gsn,Top2a,Nusap1,Cenpf	4	199	11	Mutter_02
B.cell	SBRT_vs_Ctrl	HALLMARK_SPERMATOGENESIS	MSigDB_Hallmark	exploratory	-1.45237259659079	0.033901802776719	0.101705408330157	Ace	1	135	3	Mutter_02
B.cell	SBRT_vs_Ctrl	HALLMARK_FATTY_ACID_METABOLISM	MSigDB_Hallmark	exploratory	1.48296204574505	0.0579710144927536	0.155606407322654	S100a10,Lgals1,Ldha,Mif,Hsp90aa1	5	157	10	Mutter_02
B.cell	SBRT_vs_Ctrl	HALLMARK_KRAS_SIGNALING_UP	MSigDB_Hallmark	exploratory	-1.44303665207893	0.0566037735849057	0.155606407322654	Ace,Cidea,Spp1,Igf2,Etv4,Ets1,Il10ra,Cd37,Ccl20,Spry2,Lif	11	203	27	Mutter_02
B.cell	SBRT_vs_Ctrl	HALLMARK_PROTEIN_SECRETION	MSigDB_Hallmark	exploratory	1.50150895859281	0.063265306122449	0.161326530612245	Krt18,Ica1,Dst,Cd63	4	96	8	Mutter_02
B.cell	SBRT_vs_Ctrl	HALLMARK_APICAL_SURFACE	MSigDB_Hallmark	exploratory	-1.48072676288024	0.0735009671179884	0.178502348715115	Il2rb,Efna5,Brca1,Gata3,Ephb4	5	44	9	Mutter_02
B.cell	SBRT_vs_Ctrl	HALLMARK_MTORC1_SIGNALING	MSigDB_Hallmark	exploratory	1.44532764287177	0.0896130346232179	0.207739307535642	Ldlr,Ldha,Cd9,Xbp1,Serpinh1,Ppia	6	201	11	Mutter_02
B.cell	SBRT_vs_Ctrl	HALLMARK_MYC_TARGETS_V1	MSigDB_Hallmark	exploratory	1.36921386416446	0.115463917525773	0.256028686687584	Ldha,Pcna,Ptges3,Ppia	4	201	9	Mutter_02
B.cell	SBRT_vs_Ctrl	HALLMARK_COMPLEMENT	MSigDB_Hallmark	exploratory	1.2768253618259	0.12241054613936	0.260122410546139	Gzmb,Jak2,Fyn,Gzma,C1qa,Ltf,Casp3,Clu,Dusp5,Calm1	10	196	32	Mutter_02
B.cell	SBRT_vs_Ctrl	HALLMARK_BILE_ACID_METABOLISM	MSigDB_Hallmark	exploratory	-1.34091912421558	0.140655105973025	0.286936416184971	Gc,Apoa1	2	112	5	Mutter_02
B.cell	SBRT_vs_Ctrl	HALLMARK_UV_RESPONSE_UP	MSigDB_Hallmark	exploratory	-1.29786511980346	0.152129817444219	0.29840848806366	Icam1,H2-Q1,Fgf18,Bid,Junb,H2-M3,Tap1	7	158	19	Mutter_02
B.cell	SBRT_vs_Ctrl	HALLMARK_COAGULATION	MSigDB_Hallmark	exploratory	1.23933940944285	0.181640625	0.343098958333333	Gsn,Cd9,Cfd,Fyn,Anxa1,C1qa,Rac1	7	139	23	Mutter_02
B.cell	SBRT_vs_Ctrl	HALLMARK_ADIPOGENESIS	MSigDB_Hallmark	exploratory	1.24884771362584	0.203187250996016	0.361030927835052	Fabp4,Col4a1,Stat5a,Sorbs1	4	200	15	Mutter_02
B.cell	SBRT_vs_Ctrl	HALLMARK_INTERFERON_GAMMA_RESPONSE	MSigDB_Hallmark	exploratory	-1.17160492329116	0.206349206349206	0.361030927835052	H2-Eb1,Ciita,H2-Aa,H2-DMa,Cdkn1a,Icam1,Ifitm2,Cxcl9,Il2rb	9	205	52	Mutter_02
B.cell	SBRT_vs_Ctrl	HALLMARK_OXIDATIVE_PHOSPHORYLATION	MSigDB_Hallmark	exploratory	1.27780290554589	0.212371134020619	0.361030927835052	Ldha,Glud1	2	199	4	Mutter_02
B.cell	SBRT_vs_Ctrl	HALLMARK_XENOBIOTIC_METABOLISM	MSigDB_Hallmark	exploratory	1.18383033429087	0.256728778467909	0.422360248447205	Arg1,Ptges3,Tnfrsf1a	3	203	10	Mutter_02
B.cell	SBRT_vs_Ctrl	HALLMARK_HYPOXIA	MSigDB_Hallmark	exploratory	1.10730779820242	0.291743119266055	0.464965596330275	Col5a1,S100a4,Ldha,Anxa2,Mif,Tgfb3,Ier3,Rbpj,Cav1,Bgn,Dcn,Vhl,Btg1,Vegfa	14	200	34	Mutter_02
B.cell	SBRT_vs_Ctrl	HALLMARK_KRAS_SIGNALING_DN	MSigDB_Hallmark	exploratory	-1.08740832271393	0.37	0.571818181818182	Cd80,Celsr2,Fgfr3,Tgfb2	4	202	7	Mutter_02
B.cell	SBRT_vs_Ctrl	HALLMARK_IL6_JAK_STAT3_SIGNALING	MSigDB_Hallmark	exploratory	-1.03078434214669	0.393548387096774	0.588685714285714	Acvrl1,Il12rb1,Pdgfc,Ltb,Cxcl9,Cd36	6	88	39	Mutter_02
B.cell	SBRT_vs_Ctrl	TypeI_interferon	project	primary	-1.05234303902795	0.404	0.588685714285714	Mx1,Ifitm1,Oasl1,Oas2	4	19	7	Mutter_02
B.cell	SBRT_vs_Ctrl	HALLMARK_ANGIOGENESIS	MSigDB_Hallmark	exploratory	-1.01522274240851	0.42315369261477	0.599467731204258	Cxcl5,Ptk2,Spp1,Pdgfa	4	36	13	Mutter_02
B.cell	SBRT_vs_Ctrl	HALLMARK_NOTCH_SIGNALING	MSigDB_Hallmark	exploratory	1.01982404850416	0.436853002070393	0.602148732583515	Ccnd1	1	32	10	Mutter_02
B.cell	SBRT_vs_Ctrl	HALLMARK_HEME_METABOLISM	MSigDB_Hallmark	exploratory	-0.95735025350003	0.560928433268859	0.752825002545047	Slc2a1	1	194	4	Mutter_02
B.cell	SBRT_vs_Ctrl	HALLMARK_P53_PATHWAY	MSigDB_Hallmark	exploratory	0.882877893449929	0.615819209039548	0.805302042590178	S100a10,S100a4,Hdac3,Pcna,Ier3	5	199	30	Mutter_02
B.cell	SBRT_vs_Ctrl	HALLMARK_PI3K_AKT_MTOR_SIGNALING	MSigDB_Hallmark	exploratory	0.855043339327974	0.677290836653386	0.842483723642017	Akt1,Tnfrsf1a,Fasl,Rac1	4	105	15	Mutter_02
B.cell	SBRT_vs_Ctrl	HALLMARK_TNFA_SIGNALING_VIA_NFKB	MSigDB_Hallmark	exploratory	-0.881706161912107	0.665158371040724	0.842483723642017	Cxcl5,Cdkn1a,Icam1,Cd80,Tnfsf9,Ccrl2,Ackr3,Junb,Sat1,Tap1,Ptger4,Ccl20,Cd69,Clcf1,Lif,Il15ra,Tlr2,Dusp2,Tnfaip6	19	199	59	Mutter_02
B.cell	SBRT_vs_Ctrl	HALLMARK_INFLAMMATORY_RESPONSE	MSigDB_Hallmark	exploratory	-0.878951336404102	0.698198198198198	0.847812097812098	Cxcl5,Cdkn1a,Icam1,Cxcl9,Il2rb,Tnfsf9,Ccrl2,Ccr7,Best1,Il10,Ptger4,Il10ra,Ccl20,Cd69,Lif,Il15ra,Il18r1,Tlr2,Cd48,Tnfaip6,Sell,Tlr1,Lamp3,Gpr183,Ifitm1	25	201	67	Mutter_02
B.cell	SBRT_vs_Ctrl	HALLMARK_INTERFERON_ALPHA_RESPONSE	MSigDB_Hallmark	exploratory	-0.803601543103957	0.750511247443763	0.890141246968184	Ifitm2,Ccrl2,Tap1,Sell,Lamp3,H2-Q10,Ifitm1,Oasl1,Casp8,Cd74	10	100	21	Mutter_02
B.cell	SBRT_vs_Ctrl	HALLMARK_DNA_REPAIR	MSigDB_Hallmark	exploratory	-0.692765386645418	0.828516377649326	0.918572505654687	Tyms	1	150	5	Mutter_02
B.cell	SBRT_vs_Ctrl	HALLMARK_HEDGEHOG_SIGNALING	MSigDB_Hallmark	exploratory	-0.731098949405207	0.823529411764706	0.918572505654687	Celsr1,Hey1	2	36	3	Mutter_02
B.cell	SBRT_vs_Ctrl	HALLMARK_REACTIVE_OXYGEN_SPECIES_PATHWAY	MSigDB_Hallmark	exploratory	-0.690641617468633	0.827852998065764	0.918572505654687	Junb,Gpx3	2	48	4	Mutter_02
B.cell	SBRT_vs_Ctrl	HALLMARK_TGF_BETA_SIGNALING	MSigDB_Hallmark	exploratory	-0.69444541090343	0.8635477582846	0.937041184521588	Apc,Thbs1,Junb	3	54	12	Mutter_02
B.cell	SBRT_vs_Ctrl	DNA_Damage_Repair	project	primary	-0.630850744158145	0.922928709055877	0.976196319018405	Cdkn1a,Chek2,Brca1	3	18	10	Mutter_02
B.cell	SBRT_vs_Ctrl	HALLMARK_IL2_STAT5_SIGNALING	MSigDB_Hallmark	exploratory	0.698035459530445	0.939226519337017	0.976196319018405	Spry4,Xbp1,Itga6,Alcam,Il4ra,Anxa4,Gadd45b,Cd44,Casp3,Il3ra,Ctla4,Ahr,Ifitm3	13	199	41	Mutter_02
B.cell	SBRT_vs_Ctrl	HALLMARK_WNT_BETA_CATENIN_SIGNALING	MSigDB_Hallmark	exploratory	0.557148892607072	0.957055214723926	0.976196319018405	Ctnnb1,Rbpj	2	42	12	Mutter_02
B.cell	SBRT_vs_Ctrl	HALLMARK_APICAL_JUNCTION	MSigDB_Hallmark	exploratory	-0.50901382816336	0.995753715498939	0.995753715498939	Icam1,Ptk2,Egfr,Ptprc,Syk,Actg2,Mmp2,Mapk13,Myl12b,Mmp9,Cd34	11	199	30	Mutter_02
BM.Neutrophil	MBRT_vs_Ctrl	TypeII_interferon	project	primary	-2.02625270935712	3.49414479374574e-05	0.00174707239687287	Cxcl9,H2-Eb1,Cd74,H2-Ab1,H2-Aa,Stat1,Cxcl10	7	17	7	Mutter_02
BM.Neutrophil	MBRT_vs_Ctrl	HALLMARK_INTERFERON_GAMMA_RESPONSE	MSigDB_Hallmark	exploratory	-1.85007927459027	0.00056913353745945	0.0142283384364862	Cxcl9,Casp3,H2-Eb1,Bst2,H2-D1,B2m,Cd74,H2-M3,Ifi27,H2-DMa,Jak2,H2-Aa,Stat1,Nlrc5,Cxcl10	15	205	51	Mutter_02
BM.Neutrophil	MBRT_vs_Ctrl	HALLMARK_TNFA_SIGNALING_VIA_NFKB	MSigDB_Hallmark	exploratory	1.73251144465709	0.00433566360656783	0.0722610601094638	Cxcl2,Cxcl3,Il1b,Zfp36,Ier3,Csf1,Gpr183,Ccl4,Fos,Tnfaip6,Ifih1,Cd44,Ccrl2,Il18,Dusp1,Nfkbia,Olr1,Cdkn1a,Vegfa,Dusp4,Cd69	21	199	60	Mutter_02
BM.Neutrophil	MBRT_vs_Ctrl	HALLMARK_MYC_TARGETS_V1	MSigDB_Hallmark	exploratory	-1.73860953912983	0.0148758664889731	0.148758664889731	Rack1,Hsp90ab1,H2az1,Pcna	4	201	9	Mutter_02
BM.Neutrophil	MBRT_vs_Ctrl	HALLMARK_PROTEIN_SECRETION	MSigDB_Hallmark	exploratory	-1.67649382646282	0.0146419560114995	0.148758664889731	Sod1,Krt18,Arf1,Cd63	4	96	8	Mutter_02
BM.Neutrophil	MBRT_vs_Ctrl	HALLMARK_ANDROGEN_RESPONSE	MSigDB_Hallmark	exploratory	-1.72520402308837	0.0179472227260883	0.149560189384069	B2m,Maf,Krt8,Akt1,Myl12a,Ccnd1,Mertk	7	112	12	Mutter_02
BM.Neutrophil	MBRT_vs_Ctrl	HALLMARK_INFLAMMATORY_RESPONSE	MSigDB_Hallmark	exploratory	1.49941092312152	0.0240616172801905	0.171868694858503	Il1b,Osm,Nlrp3,Csf1,Gpr183,Il15,Cd14,Il4ra,Cxcr6,Tnfaip6,Ccrl2,Il18,Met,Nfkbia,Olr1,Cdkn1a,Cd69,Ccr7,Ffar2,Csf3r,Sell,Ptger4,Ahr,Cx3cl1,Best1	25	201	65	Mutter_02
BM.Neutrophil	MBRT_vs_Ctrl	HALLMARK_FATTY_ACID_METABOLISM	MSigDB_Hallmark	exploratory	-1.5717967721537	0.04233054614033	0.264565913377062	Hsp90aa1,Lgals1,S100a10,H2az1	4	157	10	Mutter_02
BM.Neutrophil	MBRT_vs_Ctrl	HALLMARK_CHOLESTEROL_HOMEOSTASIS	MSigDB_Hallmark	exploratory	-1.52701568427472	0.0575815738963532	0.287907869481766	Cxcl16,Lgals3,Clu	3	75	12	Mutter_02
BM.Neutrophil	MBRT_vs_Ctrl	HALLMARK_EPITHELIAL_MESENCHYMAL_TRANSITION	MSigDB_Hallmark	exploratory	1.38742133752024	0.0543478260869565	0.287907869481766	Cxcl2,Cxcl3,Bgn,Wnt5a,Col5a3,Col1a1,Il15,Tnfrsf11b,Vegfc,Prss2,Col3a1,Mfap5,Cd44,Itga2,Col1a2,Vegfa,Col6a2,Snai2	18	206	58	Mutter_02
BM.Neutrophil	MBRT_vs_Ctrl	HALLMARK_TGF_BETA_SIGNALING	MSigDB_Hallmark	exploratory	-1.48316663569435	0.0660194174757282	0.30008826125331	Smad3,Hdac1,Thbs1,Eng,Ifngr2,Tgfb1	6	54	10	Mutter_02
BM.Neutrophil	MBRT_vs_Ctrl	HALLMARK_KRAS_SIGNALING_DN	MSigDB_Hallmark	exploratory	1.44502362722429	0.0823045267489712	0.342935528120713	Ifng,Celsr2,Krt1,Ryr2,Tgfb2	5	202	8	Mutter_02
BM.Neutrophil	MBRT_vs_Ctrl	HALLMARK_OXIDATIVE_PHOSPHORYLATION	MSigDB_Hallmark	exploratory	-1.36751834571521	0.108208955223881	0.416188289322618	Atp5e,Glud1,Bax	3	199	4	Mutter_02
BM.Neutrophil	MBRT_vs_Ctrl	HALLMARK_COAGULATION	MSigDB_Hallmark	exploratory	-1.330856659892	0.143126177024482	0.511164917944579	Fn1,Mmp2,Clu,Thbs1,Mmp14,Cfd,Dusp6,C1qa,Anxa1	9	139	23	Mutter_02
BM.Neutrophil	MBRT_vs_Ctrl	HALLMARK_ALLOGRAFT_REJECTION	MSigDB_Hallmark	exploratory	-1.17651182025276	0.171322160148976	0.513059701492537	Cxcl9,H2-DMb1,B2m,Cd74,H2-M3,H2-T23,H2-DMa,Ltb,Jak2,H2-Aa,Cd47,Il12rb1,Stat1,Lif,Akt1,Csk,Ifngr1,Irf4,Gzma,Cd79a,Cd3d,Tnf,Ifngr2,Gzmb,Tgfb1,Cd3e,Ets1,Fyb,Eif5a,Ccl5,Tap1,Icam1	32	201	76	Mutter_02
BM.Neutrophil	MBRT_vs_Ctrl	HALLMARK_COMPLEMENT	MSigDB_Hallmark	exploratory	-1.22720239342142	0.177655677655678	0.513059701492537	Casp3,Fn1,Jak2,Lgals3,Clu,Mmp14,Dusp6,C1qc,C1qa,Gata3,Gzma	11	196	34	Mutter_02
BM.Neutrophil	MBRT_vs_Ctrl	HALLMARK_IL6_JAK_STAT3_SIGNALING	MSigDB_Hallmark	exploratory	1.23557411771702	0.159192825112108	0.513059701492537	Cxcl2,Cxcl3,Il1b,Pf4,Csf1,Cd14,Il4ra,Il10rb,Il3ra,Il17ra,Cd44	11	88	45	Mutter_02
BM.Neutrophil	MBRT_vs_Ctrl	HALLMARK_REACTIVE_OXYGEN_SPECIES_PATHWAY	MSigDB_Hallmark	exploratory	-1.28680078162833	0.184701492537313	0.513059701492537	Sod1	1	48	4	Mutter_02
BM.Neutrophil	MBRT_vs_Ctrl	HALLMARK_APOPTOSIS	MSigDB_Hallmark	exploratory	-1.19240507401273	0.196296296296296	0.516569200779727	Sod1,Casp3,Sqstm1,Krt18,Rela,Lgals3,Mmp2,Clu,Erbb2,Bax,Ifngr1,Gpx1,Ccnd1,Anxa1,Tnf,Hmgb2,Lmna,Lum,Ptk2	19	160	52	Mutter_02
BM.Neutrophil	MBRT_vs_Ctrl	HALLMARK_BILE_ACID_METABOLISM	MSigDB_Hallmark	exploratory	-1.19808603069561	0.283809523809524	0.525573192239859	Sod1	1	112	5	Mutter_02
BM.Neutrophil	MBRT_vs_Ctrl	HALLMARK_ESTROGEN_RESPONSE_LATE	MSigDB_Hallmark	exploratory	1.12227000048181	0.279735682819383	0.525573192239859	Zfp36,Fos,Tnnc1,Celsr2,Xbp1,Cd44	6	206	25	Mutter_02
BM.Neutrophil	MBRT_vs_Ctrl	HALLMARK_INTERFERON_ALPHA_RESPONSE	MSigDB_Hallmark	exploratory	-1.17472862030261	0.260456273764259	0.525573192239859	Bst2,B2m,Cd74,Ifi27,Cd47,Cxcl10	6	100	22	Mutter_02
BM.Neutrophil	MBRT_vs_Ctrl	HALLMARK_NOTCH_SIGNALING	MSigDB_Hallmark	exploratory	1.14287664026044	0.278481012658228	0.525573192239859	Wnt5a,Maml2,Fzd7	3	32	9	Mutter_02
BM.Neutrophil	MBRT_vs_Ctrl	HALLMARK_P53_PATHWAY	MSigDB_Hallmark	exploratory	-1.13268753232843	0.283333333333333	0.525573192239859	Itgb4,Rack1,S100a4,Pdgfa,S100a10,Lif,Pcna,Bax	8	199	29	Mutter_02
BM.Neutrophil	MBRT_vs_Ctrl	HALLMARK_PI3K_AKT_MTOR_SIGNALING	MSigDB_Hallmark	exploratory	-1.199329560097	0.225242718446602	0.525573192239859	Sqstm1,Hsp90b1,Arf1,Akt1	4	105	14	Mutter_02
BM.Neutrophil	MBRT_vs_Ctrl	HALLMARK_UV_RESPONSE_UP	MSigDB_Hallmark	exploratory	-1.15648545159855	0.283464566929134	0.525573192239859	Casp3,H2-M3,Sqstm1,Mmp14	4	158	19	Mutter_02
BM.Neutrophil	MBRT_vs_Ctrl	HALLMARK_XENOBIOTIC_METABOLISM	MSigDB_Hallmark	exploratory	1.20454908018969	0.24948024948025	0.525573192239859	Arg1,Tgfb2,Cd36,Igf1,Ppard,Tnfrsf1a,Mt2	7	203	12	Mutter_02
BM.Neutrophil	MBRT_vs_Ctrl	HALLMARK_HYPOXIA	MSigDB_Hallmark	exploratory	1.09204425275789	0.315217391304348	0.562888198757764	Bgn,Zfp36,Ier3,Fos,Dusp1,Cdkn1a,Vegfa,Egfr,Atf3,Cav1	10	200	36	Mutter_02
BM.Neutrophil	MBRT_vs_Ctrl	HALLMARK_KRAS_SIGNALING_UP	MSigDB_Hallmark	exploratory	0.98521892219792	0.449781659388646	0.775485619635597	Arg1,Il1b,Gpnmb,Adgrl4,Apod,Igf2	6	203	30	Mutter_02
BM.Neutrophil	MBRT_vs_Ctrl	HALLMARK_ADIPOGENESIS	MSigDB_Hallmark	exploratory	-0.848201437631482	0.67378640776699	0.857180247775257	Sod1	1	200	13	Mutter_02
BM.Neutrophil	MBRT_vs_Ctrl	HALLMARK_APICAL_JUNCTION	MSigDB_Hallmark	exploratory	0.811154047667853	0.751091703056769	0.857180247775257	Cd274,Vwf,Tnfrsf11b,Cd34,Itga2,Col17a1,Actg2,Egfr,Cx3cl1,Ptprc	10	199	30	Mutter_02
BM.Neutrophil	MBRT_vs_Ctrl	HALLMARK_APICAL_SURFACE	MSigDB_Hallmark	exploratory	-0.90556444102247	0.588349514563107	0.857180247775257	Gata3,Ephb4,App,Il2rb,Il2rg	5	44	10	Mutter_02
BM.Neutrophil	MBRT_vs_Ctrl	HALLMARK_DNA_REPAIR	MSigDB_Hallmark	exploratory	-0.828886944320529	0.676190476190476	0.857180247775257	Nt5c3,Pcna	2	150	5	Mutter_02
BM.Neutrophil	MBRT_vs_Ctrl	HALLMARK_E2F_TARGETS	MSigDB_Hallmark	exploratory	-0.813652803974722	0.736328125	0.857180247775257	H2az1,Pcna,Birc5,Hmgb2	4	200	15	Mutter_02
BM.Neutrophil	MBRT_vs_Ctrl	HALLMARK_HEDGEHOG_SIGNALING	MSigDB_Hallmark	exploratory	0.816817056930086	0.688841201716738	0.857180247775257	Vegfa	1	36	4	Mutter_02
BM.Neutrophil	MBRT_vs_Ctrl	HALLMARK_HEME_METABOLISM	MSigDB_Hallmark	exploratory	0.942556821407626	0.592050209205021	0.857180247775257	Slc2a1,Aqp3	2	194	3	Mutter_02
BM.Neutrophil	MBRT_vs_Ctrl	HALLMARK_IL2_STAT5_SIGNALING	MSigDB_Hallmark	exploratory	-0.884884878941473	0.658671586715867	0.857180247775257	Casp3,Spp1,Ltb,Cxcl10,Lif,Il18r1,Ifngr1,Anxa4,Ctla4,Irf4,Tnfrsf4,Cd83	12	199	43	Mutter_02
BM.Neutrophil	MBRT_vs_Ctrl	HALLMARK_MTORC1_SIGNALING	MSigDB_Hallmark	exploratory	-0.77766130990655	0.754318618042226	0.857180247775257	Sqstm1,Hsp90b1	2	201	12	Mutter_02
BM.Neutrophil	MBRT_vs_Ctrl	HALLMARK_MYOGENESIS	MSigDB_Hallmark	exploratory	0.811179120737632	0.749445676274945	0.857180247775257	Col1a1,Sorbs1,Apod,Tnnc1,Col3a1,Cdkn1a,Col6a2	7	201	27	Mutter_02
BM.Neutrophil	MBRT_vs_Ctrl	HALLMARK_SPERMATOGENESIS	MSigDB_Hallmark	exploratory	0.898026284012512	0.642259414225942	0.857180247775257	Mtor,Ace	2	135	3	Mutter_02
BM.Neutrophil	MBRT_vs_Ctrl	HALLMARK_UNFOLDED_PROTEIN_RESPONSE	MSigDB_Hallmark	exploratory	0.862710781491543	0.635220125786164	0.857180247775257	Xbp1,Vegfa,Atf3,Ccl2	4	113	5	Mutter_02
BM.Neutrophil	MBRT_vs_Ctrl	HALLMARK_UV_RESPONSE_DN	MSigDB_Hallmark	exploratory	0.846308407662553	0.68942731277533	0.857180247775257	Col1a1,Col3a1,Dusp1,Met,Col1a2,Snai2,Kit,Cav1,Igf1r,Ldlr,Tgfbr2	11	144	25	Mutter_02
BM.Neutrophil	MBRT_vs_Ctrl	HALLMARK_WNT_BETA_CATENIN_SIGNALING	MSigDB_Hallmark	exploratory	0.806557847706728	0.726899383983573	0.857180247775257	Trp53,Hdac11,Ppard,Hdac5	4	42	10	Mutter_02
BM.Neutrophil	MBRT_vs_Ctrl	TypeI_interferon	project	primary	-0.806597474189892	0.707930367504836	0.857180247775257	Stat1,Oasl1,Mx1,Ifitm3	4	19	6	Mutter_02
BM.Neutrophil	MBRT_vs_Ctrl	HALLMARK_ANGIOGENESIS	MSigDB_Hallmark	exploratory	-0.775575592064507	0.79296875	0.881076388888889	Spp1,S100a4,Pdgfa,Vtn,Lum,Ptk2	6	36	15	Mutter_02
BM.Neutrophil	MBRT_vs_Ctrl	HALLMARK_G2M_CHECKPOINT	MSigDB_Hallmark	exploratory	-0.699815901032345	0.880626223091977	0.917318982387476	Smad3,H2az1,Birc5,Ccnd1,Tgfb1	5	198	20	Mutter_02
BM.Neutrophil	MBRT_vs_Ctrl	HALLMARK_GLYCOLYSIS	MSigDB_Hallmark	exploratory	0.730577259606492	0.877338877338877	0.917318982387476	Ier3,Cd44,Met,Vegfa,Egfr	5	200	17	Mutter_02
BM.Neutrophil	MBRT_vs_Ctrl	HALLMARK_MITOTIC_SPINDLE	MSigDB_Hallmark	exploratory	0.672958669092812	0.875527426160338	0.917318982387476	Cenpf	1	199	9	Mutter_02
BM.Neutrophil	MBRT_vs_Ctrl	HALLMARK_ESTROGEN_RESPONSE_EARLY	MSigDB_Hallmark	exploratory	-0.652675830142457	0.933456561922366	0.952506695839149	Krt18,Jak2,Krt8,Krt15,Ccnd1	5	200	24	Mutter_02
BM.Neutrophil	MBRT_vs_Ctrl	DNA_Damage_Repair	project	primary	0.462116401375504	0.991561181434599	0.991561181434599	Cdkn1a,Atm,Atr,Gadd45b,Parp1	5	18	9	Mutter_02
BM.Neutrophil	MBRT_vs_SBRT	HALLMARK_ANDROGEN_RESPONSE	MSigDB_Hallmark	exploratory	-1.8636394140154	0.00347140036911967	0.173570018455983	Krt8,Krt19,Ccnd1,Akt1,B2m,Arid5b,Mertk,Maf	8	112	12	Mutter_02
BM.Neutrophil	MBRT_vs_SBRT	DNA_Damage_Repair	project	primary	1.54443262357792	0.0478011472275335	0.492610837438424	Cdkn1a,Atm,Ddit3,Gadd45b,Brca1,Atr,Chek1	7	18	9	Mutter_02
BM.Neutrophil	MBRT_vs_SBRT	HALLMARK_ESTROGEN_RESPONSE_EARLY	MSigDB_Hallmark	exploratory	-1.46886799879763	0.0689655172413793	0.492610837438424	Krt18,Krt8,Krt19,Ccnd1	4	200	24	Mutter_02
BM.Neutrophil	MBRT_vs_SBRT	HALLMARK_FATTY_ACID_METABOLISM	MSigDB_Hallmark	exploratory	-1.53467939775322	0.0590631364562118	0.492610837438424	S100a10,Lgals1,Hsp90aa1,Glul,Cidea,Ldha	6	157	10	Mutter_02
BM.Neutrophil	MBRT_vs_SBRT	HALLMARK_SPERMATOGENESIS	MSigDB_Hallmark	exploratory	1.44284069062192	0.0563106796116505	0.492610837438424	Ace	1	135	3	Mutter_02
BM.Neutrophil	MBRT_vs_SBRT	HALLMARK_UV_RESPONSE_DN	MSigDB_Hallmark	exploratory	-1.48813169649736	0.0682302771855011	0.492610837438424	Col1a2,Col1a1,Nfkb1,Anxa2,Anxa4,Ica1,Erbb2	7	144	25	Mutter_02
BM.Neutrophil	MBRT_vs_SBRT	TypeII_interferon	project	primary	-1.64525560523369	0.0198146054493182	0.492610837438424	Cxcl10,H2-Eb1,Cd74,Cxcl9,H2-Ab1	5	17	7	Mutter_02
BM.Neutrophil	MBRT_vs_SBRT	HALLMARK_APOPTOSIS	MSigDB_Hallmark	exploratory	-1.29133004732961	0.0971302428256071	0.536130536130536	Krt18,Casp3,Hmgb2,Lmna,Gpx1,Ccnd1,Sod1,Erbb2,Ifngr1,Bgn,Sqstm1,Ctnnb1	12	160	52	Mutter_02
BM.Neutrophil	MBRT_vs_SBRT	HALLMARK_ESTROGEN_RESPONSE_LATE	MSigDB_Hallmark	exploratory	-1.32069630843846	0.138592750533049	0.536130536130536	Krt19,Cxcl14,Ccnd1,Dusp2,S100a9,Xbp1,Cdh1,Cxcl12	8	206	25	Mutter_02
BM.Neutrophil	MBRT_vs_SBRT	HALLMARK_HYPOXIA	MSigDB_Hallmark	exploratory	1.35483432949198	0.0882352941176471	0.536130536130536	Cdkn1a,Atf3,Zfp36,Cxcr4,Ackr3,Ddit3,Egfr,Pgf,Jun,Igfbp3,Mt2,Mt1,Dusp1,Ier3,Cav1,Ets1	16	200	36	Mutter_02
BM.Neutrophil	MBRT_vs_SBRT	HALLMARK_KRAS_SIGNALING_DN	MSigDB_Hallmark	exploratory	1.35834807710418	0.122605363984674	0.536130536130536	Ifng,Ryr2,Tcl1,Fgfr3,Tgfb2	5	202	8	Mutter_02
BM.Neutrophil	MBRT_vs_SBRT	HALLMARK_OXIDATIVE_PHOSPHORYLATION	MSigDB_Hallmark	exploratory	-1.36312757905921	0.139393939393939	0.536130536130536	Atp5e,Glud1,Ldha,Bax	4	199	4	Mutter_02
BM.Neutrophil	MBRT_vs_SBRT	HALLMARK_PROTEIN_SECRETION	MSigDB_Hallmark	exploratory	-1.3945857165463	0.108333333333333	0.536130536130536	Krt18,Sod1,Ica1	3	96	8	Mutter_02
BM.Neutrophil	MBRT_vs_SBRT	HALLMARK_ALLOGRAFT_REJECTION	MSigDB_Hallmark	exploratory	-1.21568690117289	0.162946428571429	0.581951530612245	Gzmb,Fyb,Ifngr2,Cd74,Ccl5,Akt1,Il16,Ccr5,Cd3d,Ifngr1,Icam1,Ccl2,Ccr1,Cxcl9,Ltb,B2m,Mmp9,Eif5a,Tlr2,Timp1,Il10	21	201	76	Mutter_02
BM.Neutrophil	MBRT_vs_SBRT	HALLMARK_COAGULATION	MSigDB_Hallmark	exploratory	-1.21315091834053	0.187368421052632	0.624561403508772	Cfd,Rac1,Dusp6,Pdgfb,Clu,Mmp9,Timp1,Mmp2	8	139	23	Mutter_02
BM.Neutrophil	MBRT_vs_SBRT	HALLMARK_EPITHELIAL_MESENCHYMAL_TRANSITION	MSigDB_Hallmark	exploratory	-1.15282370950275	0.206140350877193	0.644188596491228	Col1a2,Col1a1,Col6a2,Serpinh1,Lgals1,Col5a1,Bgn,Col4a1,Col12a1,Thbs2,Mfap5,Acta2,Cxcl12,Notch2,Vim,Timp1,Itgb5,Mmp2,Col6a3,Col3a1,Cxcl5,Emp3	22	206	58	Mutter_02
BM.Neutrophil	MBRT_vs_SBRT	HALLMARK_COMPLEMENT	MSigDB_Hallmark	exploratory	-1.15396099323141	0.235164835164835	0.691661279896574	Casp3,Gzmb,Ccl5,Dusp6,Pdgfb,S100a9,Clu,Timp1,Pfn1,C1qc	10	196	34	Mutter_02
BM.Neutrophil	MBRT_vs_SBRT	HALLMARK_INTERFERON_GAMMA_RESPONSE	MSigDB_Hallmark	exploratory	-1.11842396190192	0.259825327510917	0.721176807718025	Casp3,Nfkb1,Cxcl10,H2-Eb1,Cd74,Ccl5,Nlrc5,Icam1,Ccl2,Bst2,Cxcl9,B2m,Stat3	13	205	51	Mutter_02
BM.Neutrophil	MBRT_vs_SBRT	HALLMARK_KRAS_SIGNALING_UP	MSigDB_Hallmark	exploratory	1.15353104419962	0.274047186932849	0.721176807718025	Csf2,Ace,Igf2,Spry2,Cxcr4,Adgrl4,Sox9,Itga2,Igfbp3,Gpnmb,Ccl20,Etv5	12	203	30	Mutter_02
BM.Neutrophil	MBRT_vs_SBRT	HALLMARK_MYC_TARGETS_V1	MSigDB_Hallmark	exploratory	-1.17042895293651	0.298538622129436	0.746346555323591	Ppia,Pcna,Ptges3	3	201	9	Mutter_02
BM.Neutrophil	MBRT_vs_SBRT	HALLMARK_ADIPOGENESIS	MSigDB_Hallmark	exploratory	-1.09949568971345	0.334710743801653	0.796930342384888	Fabp4,Sod1,Ifngr1,Col4a1	4	200	13	Mutter_02
BM.Neutrophil	MBRT_vs_SBRT	HALLMARK_TGF_BETA_SIGNALING	MSigDB_Hallmark	exploratory	-1.07955373025432	0.35234215885947	0.800777633771524	Ifngr2,Hdac1,Ctnnb1,Cdh1,Eng	5	54	10	Mutter_02
BM.Neutrophil	MBRT_vs_SBRT	HALLMARK_TNFA_SIGNALING_VIA_NFKB	MSigDB_Hallmark	exploratory	1.04488613103358	0.374311926605505	0.813721579577184	Cdkn1a,Csf2,Cxcl2,Smad3,Atf3,Zfp36,Junb,Ackr3,Ccrl2,Dusp4,Gadd45b,Ptger4,Cxcl3,Jun	14	199	60	Mutter_02
BM.Neutrophil	MBRT_vs_SBRT	HALLMARK_PI3K_AKT_MTOR_SIGNALING	MSigDB_Hallmark	exploratory	1.04005772220767	0.393063583815029	0.81888246628131	Cdkn1a,Cxcr4,Ddit3,Egfr	4	105	14	Mutter_02
BM.Neutrophil	MBRT_vs_SBRT	HALLMARK_ANGIOGENESIS	MSigDB_Hallmark	exploratory	-0.874258519855062	0.624489795918367	0.862835794342644	Pdgfa,S100a4,Timp1,Col3a1,Cxcl5,Lum	6	36	15	Mutter_02
BM.Neutrophil	MBRT_vs_SBRT	HALLMARK_APICAL_JUNCTION	MSigDB_Hallmark	exploratory	0.871849871273367	0.656987295825771	0.862835794342644	Tnfrsf11b,Cd274,Myl9,Col16a1,Mapk14,Egfr,Mapk13,Itga2,Cx3cl1,Myl12b,Cd34,Vwf,Vcan	13	199	30	Mutter_02
BM.Neutrophil	MBRT_vs_SBRT	HALLMARK_APICAL_SURFACE	MSigDB_Hallmark	exploratory	0.967202847112076	0.524461839530333	0.862835794342644	Efna5,Brca1,Cx3cl1,Gata3,App	5	44	10	Mutter_02
BM.Neutrophil	MBRT_vs_SBRT	HALLMARK_BILE_ACID_METABOLISM	MSigDB_Hallmark	exploratory	0.862265105660549	0.652694610778443	0.862835794342644	Apoa1,Ar,Gc	3	112	5	Mutter_02
BM.Neutrophil	MBRT_vs_SBRT	HALLMARK_E2F_TARGETS	MSigDB_Hallmark	exploratory	0.909581260073024	0.57421875	0.862835794342644	Cdkn1a	1	200	15	Mutter_02
BM.Neutrophil	MBRT_vs_SBRT	HALLMARK_GLYCOLYSIS	MSigDB_Hallmark	exploratory	-0.831179733298868	0.693790149892934	0.862835794342644	Ppia,Col5a1,Sod1	3	200	17	Mutter_02
BM.Neutrophil	MBRT_vs_SBRT	HALLMARK_HEDGEHOG_SIGNALING	MSigDB_Hallmark	exploratory	1.03145158778991	0.449704142011834	0.862835794342644	Adgrg1,Hey1,Vegfa,Celsr1	4	36	4	Mutter_02
BM.Neutrophil	MBRT_vs_SBRT	HALLMARK_HEME_METABOLISM	MSigDB_Hallmark	exploratory	1.01608372126697	0.487378640776699	0.862835794342644	Aqp3	1	194	3	Mutter_02
BM.Neutrophil	MBRT_vs_SBRT	HALLMARK_IL2_STAT5_SIGNALING	MSigDB_Hallmark	exploratory	-0.931213000345976	0.565022421524664	0.862835794342644	Casp3,Cxcl10,Anxa4,Ifngr1,Xbp1,Ahr,Col6a1,Ltb	8	199	43	Mutter_02
BM.Neutrophil	MBRT_vs_SBRT	HALLMARK_IL6_JAK_STAT3_SIGNALING	MSigDB_Hallmark	exploratory	-0.845372425503535	0.733780760626398	0.862835794342644	Ifnar1,Ifngr2,Cxcl10,Ifngr1,Ccr1,Acvrl1,Cxcl9,Ltb,Il17ra,Stat3	10	88	45	Mutter_02
BM.Neutrophil	MBRT_vs_SBRT	HALLMARK_MITOTIC_SPINDLE	MSigDB_Hallmark	exploratory	-0.976416012483294	0.475991649269311	0.862835794342644	Nusap1,Notch2,Ezr,Birc5	4	199	9	Mutter_02
BM.Neutrophil	MBRT_vs_SBRT	HALLMARK_MTORC1_SIGNALING	MSigDB_Hallmark	exploratory	0.960985465813742	0.524461839530333	0.862835794342644	Cdkn1a,Cxcr4,Ddit3	3	201	12	Mutter_02
BM.Neutrophil	MBRT_vs_SBRT	HALLMARK_MYOGENESIS	MSigDB_Hallmark	exploratory	-0.905131786045752	0.594771241830065	0.862835794342644	Col1a1,Cfd,Col6a2,Igfbp7,Itgb4	5	201	27	Mutter_02
BM.Neutrophil	MBRT_vs_SBRT	HALLMARK_P53_PATHWAY	MSigDB_Hallmark	exploratory	0.855849693471907	0.681159420289855	0.862835794342644	Cdkn1a,Atf3,Ddit3,Serpinb5,Jun,Krt17,Tm4sf1	7	199	29	Mutter_02
BM.Neutrophil	MBRT_vs_SBRT	HALLMARK_REACTIVE_OXYGEN_SPECIES_PATHWAY	MSigDB_Hallmark	exploratory	-1.04626729441468	0.456565656565657	0.862835794342644	Sod1,Fes	2	48	4	Mutter_02
BM.Neutrophil	MBRT_vs_SBRT	HALLMARK_UNFOLDED_PROTEIN_RESPONSE	MSigDB_Hallmark	exploratory	-0.78968692759147	0.718562874251497	0.862835794342644	Ccl2,Xbp1	2	113	5	Mutter_02
BM.Neutrophil	MBRT_vs_SBRT	HALLMARK_UV_RESPONSE_UP	MSigDB_Hallmark	exploratory	0.811606138956177	0.730696798493409	0.862835794342644	Fgf18,Atf3,Junb,H2-Q1	4	158	19	Mutter_02
BM.Neutrophil	MBRT_vs_SBRT	HALLMARK_WNT_BETA_CATENIN_SIGNALING	MSigDB_Hallmark	exploratory	0.870471733769019	0.657534246575342	0.862835794342644	Hdac5,Dll1,Ppard	3	42	10	Mutter_02
BM.Neutrophil	MBRT_vs_SBRT	HALLMARK_XENOBIOTIC_METABOLISM	MSigDB_Hallmark	exploratory	0.792394279389367	0.759295499021526	0.862835794342644	Ppard,Mt2,Igf1,Cd36,Reg1,Tgfb2,Esr1	7	203	12	Mutter_02
BM.Neutrophil	MBRT_vs_SBRT	TypeI_interferon	project	primary	0.809326817909789	0.744510978043912	0.862835794342644	Oas2,Oasl1,Ifitm3,Ifitm1,Stat1,Mx1	6	19	6	Mutter_02
BM.Neutrophil	MBRT_vs_SBRT	HALLMARK_CHOLESTEROL_HOMEOSTASIS	MSigDB_Hallmark	exploratory	-0.708090030516339	0.841140529531568	0.934600588368409	Cxcl16,Ctnnb1,Clu	3	75	12	Mutter_02
BM.Neutrophil	MBRT_vs_SBRT	HALLMARK_DNA_REPAIR	MSigDB_Hallmark	exploratory	-0.601089261887539	0.918163672654691	0.936901706790501	Pcna	1	150	5	Mutter_02
BM.Neutrophil	MBRT_vs_SBRT	HALLMARK_G2M_CHECKPOINT	MSigDB_Hallmark	exploratory	0.666471266188888	0.89753320683112	0.936901706790501	Smad3,Efna5,Mapk14,Cenpf,Mt2	5	198	20	Mutter_02
BM.Neutrophil	MBRT_vs_SBRT	HALLMARK_INFLAMMATORY_RESPONSE	MSigDB_Hallmark	exploratory	-0.793123284708488	0.866812227074236	0.936901706790501	Ifnar1,Nfkb1,Ifngr2,Cxcl10,Ccl5,Icam1,Ccl2,Bst2,Ahr,Cxcl9,Gpr183,Tlr2,Timp1,Il10,Cxcl5,Ccr7,Emp3,Osmr,Il10ra,Msr1,Cd48,Il1a,Il18r1,Fzd5,Mmp14,Il4ra,Lamp3	27	201	65	Mutter_02
BM.Neutrophil	MBRT_vs_SBRT	HALLMARK_INTERFERON_ALPHA_RESPONSE	MSigDB_Hallmark	exploratory	-0.674445204843628	0.901673640167364	0.936901706790501	Cxcl10,Cd74,Bst2,B2m	4	100	22	Mutter_02
BM.Neutrophil	MBRT_vs_SBRT	HALLMARK_NOTCH_SIGNALING	MSigDB_Hallmark	exploratory	-0.551172802085901	0.949895615866388	0.949895615866388	Ccnd1,Notch2	2	32	9	Mutter_02
BM.Neutrophil	SBRT_vs_Ctrl	DNA_Damage_Repair	project	primary	-1.51892883419932	0.0696404788952265	0.567802271209085	Cdkn1a,Ddit3,Atm,Brca1,Gadd45b,Chek1	6	18	9	Mutter_02
BM.Neutrophil	SBRT_vs_Ctrl	HALLMARK_APICAL_SURFACE	MSigDB_Hallmark	exploratory	-1.38019955715775	0.102204408817635	0.567802271209085	Gata3,Efna5,App,Brca1	4	44	10	Mutter_02
BM.Neutrophil	SBRT_vs_Ctrl	HALLMARK_BILE_ACID_METABOLISM	MSigDB_Hallmark	exploratory	-1.48711209976095	0.069224300734498	0.567802271209085	Apoa1,Sod1	2	112	5	Mutter_02
BM.Neutrophil	SBRT_vs_Ctrl	HALLMARK_EPITHELIAL_MESENCHYMAL_TRANSITION	MSigDB_Hallmark	exploratory	1.51559194176437	0.0187384830466773	0.567802271209085	Col1a1,Col1a2,Bgn,Col6a2,Col5a3,Mfap5,Serpinh1,Col3a1,Acta2,Col12a1,Col5a1,Col4a1,Cxcl3,Col6a3,Wnt5a,Thbs2,Cxcl12,Timp1	18	206	58	Mutter_02
BM.Neutrophil	SBRT_vs_Ctrl	HALLMARK_ESTROGEN_RESPONSE_EARLY	MSigDB_Hallmark	exploratory	1.40862335479995	0.0811359026369168	0.567802271209085	Krt19,Xbp1,Krt8,Krt18,Fos,Celsr2,Cxcl12,Pgr,Ccnd1,Cd44	10	200	24	Mutter_02
BM.Neutrophil	SBRT_vs_Ctrl	HALLMARK_ESTROGEN_RESPONSE_LATE	MSigDB_Hallmark	exploratory	1.45833933339709	0.0615079365079365	0.567802271209085	Krt19,Xbp1,S100a9,Cxcl14,Fos,Celsr2,Cxcl12,Pgr,Ccnd1,Cd44	10	206	25	Mutter_02
BM.Neutrophil	SBRT_vs_Ctrl	HALLMARK_INTERFERON_GAMMA_RESPONSE	MSigDB_Hallmark	exploratory	-1.41778741401388	0.0556660039761431	0.567802271209085	Cdkn1a,Ifi27,Stat4,H2-M3,H2-D1,Oas3,Cxcl9,Ifitm2,Jak2,Tap1,H2-Aa,Stat1,Bst2,H2-DMa,Oasl1,B2m	16	205	51	Mutter_02
BM.Neutrophil	SBRT_vs_Ctrl	HALLMARK_KRAS_SIGNALING_UP	MSigDB_Hallmark	exploratory	-1.3943103224404	0.0773809523809524	0.567802271209085	Csf2,Spp1,Spry2,Cxcr4,Igfbp3,Ccl20,Ace,Lif,Ets1,Slpi	10	203	30	Mutter_02
BM.Neutrophil	SBRT_vs_Ctrl	HALLMARK_UV_RESPONSE_DN	MSigDB_Hallmark	exploratory	1.36944645283969	0.0972222222222222	0.567802271209085	Col1a1,Col1a2,Col3a1,Anxa2,Ica1	5	144	25	Mutter_02
BM.Neutrophil	SBRT_vs_Ctrl	HALLMARK_INFLAMMATORY_RESPONSE	MSigDB_Hallmark	exploratory	1.25735766205152	0.119675456389452	0.598377281947262	Gpr183,Il1b,Nlrp3,Ahr,Il4ra,Ccl2,Ccr7,Ifnar1,Il10,Csf1,Ifngr2,Ccl5,Nfkb1,Sell,Nfkbia,Il18,Timp1,Cd48,Ffar2,Tnfaip6,Icam1,Cxcl5,Osmr,Cxcl10,Tlr2,Il10ra,Myc,Csf3r,Fzd5	29	201	65	Mutter_02
BM.Neutrophil	SBRT_vs_Ctrl	HALLMARK_ALLOGRAFT_REJECTION	MSigDB_Hallmark	exploratory	1.14435805613112	0.243664717348928	0.753648233486943	Il1b,Nlrp3,Pf4,Ccr1,Ccr5,Il4ra,Ccl2,Srgn,Il10,Csf1,Gzmb,Fyb,Ptprc,Ifngr2,Il16,Mmp9,Ccl5,Ccl4,Il18,Fgr,Timp1	21	201	76	Mutter_02
BM.Neutrophil	SBRT_vs_Ctrl	HALLMARK_APOPTOSIS	MSigDB_Hallmark	exploratory	1.07952892325868	0.316532258064516	0.753648233486943	Bgn,Il1b,Hmgb2,Krt18,Lmna,Hspb1,Hgf,Il18,Timp1,Ier3,Ctnnb1,Ccnd1,Cd44,Gpx1	14	160	52	Mutter_02
BM.Neutrophil	SBRT_vs_Ctrl	HALLMARK_HYPOXIA	MSigDB_Hallmark	exploratory	-1.11980260422181	0.265346534653465	0.753648233486943	Cdkn1a,Cxcr4,Igfbp3,Ackr3,Ddit3,Mt1,Plac8,Ets1,Pgf	9	200	36	Mutter_02
BM.Neutrophil	SBRT_vs_Ctrl	HALLMARK_IL6_JAK_STAT3_SIGNALING	MSigDB_Hallmark	exploratory	1.1150789873769	0.276679841897233	0.753648233486943	Il17ra,Il1b,Pf4,Ccr1,Il4ra,Il3ra,Ifnar1,Csf1,Cxcl3,Ifngr2	10	88	45	Mutter_02
BM.Neutrophil	SBRT_vs_Ctrl	HALLMARK_MITOTIC_SPINDLE	MSigDB_Hallmark	exploratory	1.12365859414971	0.312127236580517	0.753648233486943	Nusap1,Abl1,Cenpf,Notch2,Gsn	5	199	9	Mutter_02
BM.Neutrophil	SBRT_vs_Ctrl	HALLMARK_MYC_TARGETS_V1	MSigDB_Hallmark	exploratory	-1.17294807037868	0.2625250501002	0.753648233486943	Rack1,Tyms,Hsp90ab1,H2az1	4	201	9	Mutter_02
BM.Neutrophil	SBRT_vs_Ctrl	HALLMARK_P53_PATHWAY	MSigDB_Hallmark	exploratory	-1.16250484922788	0.230616302186879	0.753648233486943	Cdkn1a,Rack1,Ddit3,Lif,Tap1,App,Itgb4,Tgfb1,Atf3,Tm4sf1	10	199	29	Mutter_02
BM.Neutrophil	SBRT_vs_Ctrl	HALLMARK_UNFOLDED_PROTEIN_RESPONSE	MSigDB_Hallmark	exploratory	1.18708026635216	0.296	0.753648233486943	Xbp1,Ccl2	2	113	5	Mutter_02
BM.Neutrophil	SBRT_vs_Ctrl	HALLMARK_UV_RESPONSE_UP	MSigDB_Hallmark	exploratory	-1.1274273308927	0.310344827586207	0.753648233486943	Fgf18,H2-M3,H2-Q1,Tap1,Junb,Atf3,Mmp14,Aqp3,Sqstm1	9	158	19	Mutter_02
BM.Neutrophil	SBRT_vs_Ctrl	HALLMARK_XENOBIOTIC_METABOLISM	MSigDB_Hallmark	exploratory	1.1404459333345	0.273858921161826	0.753648233486943	Arg1,Ptges3,Tnfrsf1a	3	203	12	Mutter_02
BM.Neutrophil	SBRT_vs_Ctrl	TypeII_interferon	project	primary	-1.27107614096833	0.194	0.753648233486943	Cxcl9,H2-Aa,Stat1,H2-Ab1	4	17	7	Mutter_02
BM.Neutrophil	SBRT_vs_Ctrl	HALLMARK_MYOGENESIS	MSigDB_Hallmark	exploratory	1.04482568310285	0.391304347826087	0.816831683168317	Col1a1,Col6a2,Col3a1,Igfbp7,Apod,Col6a3	6	201	27	Mutter_02
BM.Neutrophil	SBRT_vs_Ctrl	HALLMARK_SPERMATOGENESIS	MSigDB_Hallmark	exploratory	-1.0804022704308	0.386694386694387	0.816831683168317	Ace	1	135	3	Mutter_02
BM.Neutrophil	SBRT_vs_Ctrl	TypeI_interferon	project	primary	-1.06924714007115	0.392079207920792	0.816831683168317	Stat1,Oasl1	2	19	6	Mutter_02
BM.Neutrophil	SBRT_vs_Ctrl	HALLMARK_ANDROGEN_RESPONSE	MSigDB_Hallmark	exploratory	1.02096383670024	0.419087136929461	0.831879779954381	Krt19,Krt8,Arid5b,Ccnd1	4	112	12	Mutter_02
BM.Neutrophil	SBRT_vs_Ctrl	HALLMARK_IL2_STAT5_SIGNALING	MSigDB_Hallmark	exploratory	0.975278059701478	0.482490272373541	0.831879779954381	Xbp1,Ahr,Il4ra,Il3ra,Spry4,Il10,Csf1,Col6a1,Sell,Cd44,Cd48	11	199	43	Mutter_02
BM.Neutrophil	SBRT_vs_Ctrl	HALLMARK_NOTCH_SIGNALING	MSigDB_Hallmark	exploratory	1.01459124652784	0.457256461232604	0.831879779954381	Fzd7,Wnt5a,Ccnd1,Notch2,Maml2	5	32	9	Mutter_02
BM.Neutrophil	SBRT_vs_Ctrl	HALLMARK_PI3K_AKT_MTOR_SIGNALING	MSigDB_Hallmark	exploratory	-0.98274165043359	0.476470588235294	0.831879779954381	Cdkn1a,Cxcr4,Ddit3	3	105	14	Mutter_02
BM.Neutrophil	SBRT_vs_Ctrl	HALLMARK_TGF_BETA_SIGNALING	MSigDB_Hallmark	exploratory	-1.01714602283921	0.442885771543086	0.831879779954381	Smad3,Tgfb1,Junb,Thbs1,Acvr1	5	54	10	Mutter_02
BM.Neutrophil	SBRT_vs_Ctrl	HALLMARK_INTERFERON_ALPHA_RESPONSE	MSigDB_Hallmark	exploratory	-0.957036703523667	0.508910891089109	0.848184818481848	Ifi27,Ifitm2,Tap1,Cd47,Bst2,Oasl1,B2m	7	100	22	Mutter_02
BM.Neutrophil	SBRT_vs_Ctrl	HALLMARK_CHOLESTEROL_HOMEOSTASIS	MSigDB_Hallmark	exploratory	-0.935414206946873	0.544230769230769	0.850360576923077	Lgals3,Fabp5,Atf3,Cxcl16,Fasn,Cd9,Alcam,Clu	8	75	12	Mutter_02
BM.Neutrophil	SBRT_vs_Ctrl	HALLMARK_G2M_CHECKPOINT	MSigDB_Hallmark	exploratory	-0.926313380563351	0.538934426229508	0.850360576923077	Smad3,Mapk14,Efna5,H2az1,Tgfb1	5	198	20	Mutter_02
BM.Neutrophil	SBRT_vs_Ctrl	HALLMARK_DNA_REPAIR	MSigDB_Hallmark	exploratory	-0.917701148348249	0.575697211155379	0.851703406813627	Tyms,Nt5c3	2	150	5	Mutter_02
BM.Neutrophil	SBRT_vs_Ctrl	HALLMARK_REACTIVE_OXYGEN_SPECIES_PATHWAY	MSigDB_Hallmark	exploratory	-0.926900824089928	0.579158316633267	0.851703406813627	Sod1,Junb	2	48	4	Mutter_02
BM.Neutrophil	SBRT_vs_Ctrl	HALLMARK_E2F_TARGETS	MSigDB_Hallmark	exploratory	-0.912550718721819	0.607843137254902	0.861879666227492	Cdkn1a,H2az1,Brca1	3	200	15	Mutter_02
BM.Neutrophil	SBRT_vs_Ctrl	HALLMARK_TNFA_SIGNALING_VIA_NFKB	MSigDB_Hallmark	exploratory	0.908376255940304	0.620553359683794	0.861879666227492	Gpr183,Il1b,Ccl2,Ifih1,Csf1,Fos,Cxcl3,Ifngr2,Ccl5,Nfkb1,Ccl4,Nfkbia,Il18,Ier3,Ccnd1,Cd44	16	199	60	Mutter_02
BM.Neutrophil	SBRT_vs_Ctrl	HALLMARK_MTORC1_SIGNALING	MSigDB_Hallmark	exploratory	-0.866430219392751	0.648076923076923	0.875779625779626	Cdkn1a,Cxcr4,Ddit3	3	201	12	Mutter_02
BM.Neutrophil	SBRT_vs_Ctrl	HALLMARK_OXIDATIVE_PHOSPHORYLATION	MSigDB_Hallmark	exploratory	-0.832690794387372	0.693386773547094	0.912351017825124	Bax,Atp5e,Glud1,Ldha	4	199	4	Mutter_02
BM.Neutrophil	SBRT_vs_Ctrl	HALLMARK_ADIPOGENESIS	MSigDB_Hallmark	exploratory	0.808678975830935	0.725050916496945	0.929552457047365	Fabp4,Col4a1,Cidea,Sorbs1,Vegfb,Stat5a,Ifngr1	7	200	13	Mutter_02
BM.Neutrophil	SBRT_vs_Ctrl	HALLMARK_ANGIOGENESIS	MSigDB_Hallmark	exploratory	0.754170005148945	0.792682926829268	0.943670150987224	Pf4,Col3a1	2	36	15	Mutter_02
BM.Neutrophil	SBRT_vs_Ctrl	HALLMARK_COAGULATION	MSigDB_Hallmark	exploratory	0.783534160441979	0.768172888015717	0.943670150987224	Pf4,Rac1,Pdgfb,Mmp9,Timp1,Cfd	6	139	23	Mutter_02
BM.Neutrophil	SBRT_vs_Ctrl	HALLMARK_COMPLEMENT	MSigDB_Hallmark	exploratory	0.806233192425373	0.779381443298969	0.943670150987224	S100a9,Pdgfb,Gzmb,Cxcl3,Ccl5,Timp1,Calm1,Pfn1	8	196	34	Mutter_02
BM.Neutrophil	SBRT_vs_Ctrl	HALLMARK_APICAL_JUNCTION	MSigDB_Hallmark	exploratory	-0.760175109225097	0.857142857142857	0.959548829472147	Myl9,Mapk13,Mapk14,Col16a1,Myl12b,Itgb4,Itgb1,Ptk2,Vcam1,Mmp2	10	199	30	Mutter_02
BM.Neutrophil	SBRT_vs_Ctrl	HALLMARK_FATTY_ACID_METABOLISM	MSigDB_Hallmark	exploratory	0.633352423020955	0.898608349900596	0.959548829472147	S100a10,Cidea,Lgals1,Glul	4	157	10	Mutter_02
BM.Neutrophil	SBRT_vs_Ctrl	HALLMARK_GLYCOLYSIS	MSigDB_Hallmark	exploratory	-0.687524440286019	0.875751503006012	0.959548829472147	Cxcr4,Igfbp3	2	200	17	Mutter_02
BM.Neutrophil	SBRT_vs_Ctrl	HALLMARK_HEDGEHOG_SIGNALING	MSigDB_Hallmark	exploratory	-0.703577527904711	0.843687374749499	0.959548829472147	Hey1,Adgrg1,Celsr1	3	36	4	Mutter_02
BM.Neutrophil	SBRT_vs_Ctrl	HALLMARK_KRAS_SIGNALING_DN	MSigDB_Hallmark	exploratory	-0.59490095254482	0.940357852882704	0.959548829472147	Krt15,Tcl1,Fgfr3	3	202	8	Mutter_02
BM.Neutrophil	SBRT_vs_Ctrl	HALLMARK_PROTEIN_SECRETION	MSigDB_Hallmark	exploratory	0.640869568722516	0.905811623246493	0.959548829472147	Krt18,Ica1	2	96	8	Mutter_02
BM.Neutrophil	SBRT_vs_Ctrl	HALLMARK_WNT_BETA_CATENIN_SIGNALING	MSigDB_Hallmark	exploratory	-0.616482810919823	0.929859719438878	0.959548829472147	Dll1,Hdac5	2	42	10	Mutter_02
BM.Neutrophil	SBRT_vs_Ctrl	HALLMARK_HEME_METABOLISM	MSigDB_Hallmark	exploratory	0.53132868697059	0.959692898272553	0.959692898272553	Slc2a1,Lamp2,Aqp3	3	194	3	Mutter_02
Blood.endothelial	MBRT_vs_Ctrl	HALLMARK_EPITHELIAL_MESENCHYMAL_TRANSITION	MSigDB_Hallmark	exploratory	1.80911009521473	0.000436056688734949	0.0220918940347998	Col3a1,Col6a3,Col5a3,Col1a1,Bgn,Serpinh1,Col5a2,Col6a2,Col4a1,Col1a2,Itga2,Cxcl12,Col12a1,Pdgfrb,Col11a1,Timp1,Mmp14,Vcan,Gadd45b,Tgfb1,Wnt5a,Cxcl3,Col5a1,Il15	24	206	72	Mutter_02
Blood.endothelial	MBRT_vs_Ctrl	HALLMARK_UV_RESPONSE_DN	MSigDB_Hallmark	exploratory	1.90803508934493	0.000849688232107683	0.0220918940347998	Col3a1,Col1a1,Fyn,Col5a2,Cav1,Col1a2,Nr3c1,Pdgfrb,Col11a1,Nfkb1,Rxra	11	144	32	Mutter_02
Blood.endothelial	MBRT_vs_Ctrl	HALLMARK_ADIPOGENESIS	MSigDB_Hallmark	exploratory	1.69654311290849	0.0106225211448696	0.0925913491120302	Col15a1,Col4a1,Fabp4,Lep,Sorbs1,Stat5a,Fzd4,Cd36	8	200	19	Mutter_02
Blood.endothelial	MBRT_vs_Ctrl	HALLMARK_ANGIOGENESIS	MSigDB_Hallmark	exploratory	1.75642171237116	0.00692940772010027	0.0925913491120302	Col3a1,Col5a2,Pf4,Tnfrsf21,Timp1,Olr1,Vcan	7	36	19	Mutter_02
Blood.endothelial	MBRT_vs_Ctrl	HALLMARK_KRAS_SIGNALING_DN	MSigDB_Hallmark	exploratory	-1.68183875990141	0.00851305907093987	0.0925913491120302	Krt15,Cpb1,Il12b,Cntfr,Fgfr3,Krt1,Egf	7	202	19	Mutter_02
Blood.endothelial	MBRT_vs_Ctrl	HALLMARK_MYC_TARGETS_V1	MSigDB_Hallmark	exploratory	-1.71057578846507	0.0106836172052343	0.0925913491120302	Tyms,Rack1,H2az1,Hsp90ab1,Myc	5	201	9	Mutter_02
Blood.endothelial	MBRT_vs_Ctrl	HALLMARK_ANDROGEN_RESPONSE	MSigDB_Hallmark	exploratory	-1.54692908909	0.0326356329377875	0.212131614095618	Tsc22d1,Krt19,Maf,Krt8,Itgav,Mertk,Myl12a	7	112	17	Mutter_02
Blood.endothelial	MBRT_vs_Ctrl	HALLMARK_SPERMATOGENESIS	MSigDB_Hallmark	exploratory	-1.55426690753032	0.0288376201652664	0.212131614095618	Ace,Cdkn3,Scg5	3	135	6	Mutter_02
Blood.endothelial	MBRT_vs_Ctrl	HALLMARK_UNFOLDED_PROTEIN_RESPONSE	MSigDB_Hallmark	exploratory	1.56333226690262	0.0404158156868905	0.233513601746479	Ccl2,Xbp1	2	113	6	Mutter_02
Blood.endothelial	MBRT_vs_Ctrl	HALLMARK_WNT_BETA_CATENIN_SIGNALING	MSigDB_Hallmark	exploratory	-1.5573627127722	0.050656660412758	0.263414634146342	Notch1,Rbpj,Tcf7,Fzd1,Wnt5b	5	42	15	Mutter_02
Blood.endothelial	MBRT_vs_Ctrl	HALLMARK_INTERFERON_GAMMA_RESPONSE	MSigDB_Hallmark	exploratory	-1.35532478558754	0.0610412926391382	0.288558837930472	Ciita,Fpr1,Cd38,Il2rb,H2-D1,Casp3,Cmklr1,H2-M3,Cd40,Ifitm2,Ifi27,Klrk1,Xcl1,Bst2,H2-Aa,Stat4,Ido1	17	205	65	Mutter_02
Blood.endothelial	MBRT_vs_Ctrl	HALLMARK_APICAL_SURFACE	MSigDB_Hallmark	exploratory	-1.38234820766409	0.101123595505618	0.392241379310345	Gata3,Il2rb,Hspb1,Efna5,Cx3cl1,Brca1,Ephb4	7	44	10	Mutter_02
Blood.endothelial	MBRT_vs_Ctrl	HALLMARK_E2F_TARGETS	MSigDB_Hallmark	exploratory	-1.39563996215494	0.0926275992438563	0.392241379310345	Tubb5,Cdkn3,Hmgb2,Mlh1,Msh2,H2az1,Myc	7	200	20	Mutter_02
Blood.endothelial	MBRT_vs_Ctrl	HALLMARK_MYOGENESIS	MSigDB_Hallmark	exploratory	1.33780542757963	0.105603448275862	0.392241379310345	Col3a1,Col6a3,Col15a1,Col1a1,Col6a2,Apod,Sorbs1,Gadd45b,Cd36,Tgfb1,Igfbp7,Gpx3,App	13	201	38	Mutter_02
Blood.endothelial	MBRT_vs_Ctrl	HALLMARK_COAGULATION	MSigDB_Hallmark	exploratory	1.3201184386562	0.133192389006343	0.461733615221987	Pdgfb,Fyn,Pf4,Itga2,Vwf,Timp1,Olr1,Mmp14	8	139	28	Mutter_02
Blood.endothelial	MBRT_vs_Ctrl	TypeII_interferon	project	primary	-1.27094431613548	0.181647940074906	0.590355805243446	Ciita,H2-Aa,H2-Ab1,H2-Eb1	4	17	8	Mutter_02
Blood.endothelial	MBRT_vs_Ctrl	HALLMARK_COMPLEMENT	MSigDB_Hallmark	exploratory	1.122787457993	0.259259259259259	0.768313306631064	S100a9,Pdgfb,Fyn,Timp1,Cd40lg,Olr1,Mmp14,Calm1,Pfn1,Cd36	10	196	42	Mutter_02
Blood.endothelial	MBRT_vs_Ctrl	HALLMARK_HYPOXIA	MSigDB_Hallmark	exploratory	1.08245893992493	0.306209850107066	0.768313306631064	Bgn,Pdgfb,Cav1,Nr3c1,Col5a1,Egfr,Anxa2,Vegfa,Dusp1,Igfbp3,Ackr3,Ndrg1,Fos,Dcn,Ldha,Vhl,Ets1,Efna1,Plac8,Cdkn1a	20	200	39	Mutter_02
Blood.endothelial	MBRT_vs_Ctrl	HALLMARK_P53_PATHWAY	MSigDB_Hallmark	exploratory	-1.09150804699926	0.310280373831776	0.768313306631064	Notch1,Krt17,Tsc22d1,Acvr1b,Itgb4,Lif,Rack1,Epha2,Bmp2	9	199	39	Mutter_02
Blood.endothelial	MBRT_vs_Ctrl	HALLMARK_UV_RESPONSE_UP	MSigDB_Hallmark	exploratory	-1.11056547767686	0.294007490636704	0.768313306631064	Casp3,Cxcl1,Junb,H2-M3,Sqstm1,Bmp2	6	158	24	Mutter_02
Blood.endothelial	MBRT_vs_Ctrl	TypeI_interferon	project	primary	1.16797872852666	0.291220556745182	0.768313306631064	Ifitm1,Ifit1	2	19	7	Mutter_02
Blood.endothelial	MBRT_vs_Ctrl	HALLMARK_CHOLESTEROL_HOMEOSTASIS	MSigDB_Hallmark	exploratory	-0.980495904175538	0.463740458015267	0.860977388767323	Clu,Alcam,Cd9,Tnfrsf12a	4	75	13	Mutter_02
Blood.endothelial	MBRT_vs_Ctrl	HALLMARK_ESTROGEN_RESPONSE_EARLY	MSigDB_Hallmark	exploratory	-0.955962160934041	0.489908256880734	0.860977388767323	Krt15,Krt19,Muc1,Il17rb,Krt8,Myc,Bcl2,Dhrs2,Krt18,Fkbp5,Ptges,Slc2a1	12	200	33	Mutter_02
Blood.endothelial	MBRT_vs_Ctrl	HALLMARK_IL6_JAK_STAT3_SIGNALING	MSigDB_Hallmark	exploratory	-0.985471573583134	0.486583184257603	0.860977388767323	Cd38,Ifnar1,Acvr1b,Pdgfc,Cxcl1,Csf2ra,Cntfr,Il12rb1,Il17rb	9	88	56	Mutter_02
Blood.endothelial	MBRT_vs_Ctrl	HALLMARK_INFLAMMATORY_RESPONSE	MSigDB_Hallmark	exploratory	0.9823399112924	0.49671772428884	0.860977388767323	Ifitm1,Ccl2,Il1b,Ifngr2,Cd48,Tnfrsf9,Il4ra,Timp1,Nfkb1,Lamp3,Olr1,Mmp14,Osm,Hif1a,Gpr183,Il10ra,Msr1,Il15,Nod2,Cxcl10	20	201	86	Mutter_02
Blood.endothelial	MBRT_vs_Ctrl	HALLMARK_KRAS_SIGNALING_UP	MSigDB_Hallmark	exploratory	-1.04199029116368	0.391304347826087	0.860977388767323	Slpi,Sox9,Ace,Cmklr1,Pdcd1lg2,Csf2ra,Spry2,Lif	8	203	49	Mutter_02
Blood.endothelial	MBRT_vs_Ctrl	HALLMARK_MTORC1_SIGNALING	MSigDB_Hallmark	exploratory	1.03461582868632	0.402150537634409	0.860977388767323	Serpinh1,Xbp1	2	201	14	Mutter_02
Blood.endothelial	MBRT_vs_Ctrl	HALLMARK_NOTCH_SIGNALING	MSigDB_Hallmark	exploratory	1.03889624497269	0.425619834710744	0.860977388767323	Notch3	1	32	12	Mutter_02
Blood.endothelial	MBRT_vs_Ctrl	HALLMARK_PEROXISOME	MSigDB_Hallmark	exploratory	-1.01328033271564	0.483870967741936	0.860977388767323	Sod1,Msh2	2	102	4	Mutter_02
Blood.endothelial	MBRT_vs_Ctrl	HALLMARK_REACTIVE_OXYGEN_SPECIES_PATHWAY	MSigDB_Hallmark	exploratory	-1.0698164587799	0.401904761904762	0.860977388767323	Sod1,Junb	2	48	5	Mutter_02
Blood.endothelial	MBRT_vs_Ctrl	HALLMARK_ESTROGEN_RESPONSE_LATE	MSigDB_Hallmark	exploratory	0.966517373571382	0.517094017094017	0.867383512544803	S100a9,Fabp5,Cav1,Xbp1,Cxcl12	5	206	35	Mutter_02
Blood.endothelial	MBRT_vs_Ctrl	HALLMARK_GLYCOLYSIS	MSigDB_Hallmark	exploratory	-0.91919334114643	0.558441558441558	0.907467532467532	Sox9,Sod1,Met,Mertk	4	200	18	Mutter_02
Blood.endothelial	MBRT_vs_Ctrl	HALLMARK_IL2_STAT5_SIGNALING	MSigDB_Hallmark	exploratory	-0.924403946683949	0.588021778584392	0.90961262553802	Il2rb,Casp3,Tlr7,Lif,Muc1,Flt3l,Alcam,Il1rl1,Eomes,Itgav,Bmp2,Cd83,Myc,Bcl2,Spp1,Il18r1,Etv4,Tnfrsf4,Tnfrsf18,Cd86	20	199	58	Mutter_02
Blood.endothelial	MBRT_vs_Ctrl	HALLMARK_TGF_BETA_SIGNALING	MSigDB_Hallmark	exploratory	-0.887019375141938	0.594746716697936	0.90961262553802	Tgfbr1,Junb,Smad3	3	54	15	Mutter_02
Blood.endothelial	MBRT_vs_Ctrl	HALLMARK_DNA_REPAIR	MSigDB_Hallmark	exploratory	-0.776600483683747	0.754285714285714	0.956655052264808	Tyms	1	150	5	Mutter_02
Blood.endothelial	MBRT_vs_Ctrl	HALLMARK_G2M_CHECKPOINT	MSigDB_Hallmark	exploratory	-0.827853380045051	0.728782287822878	0.956655052264808	Cdkn3,Smad3,Efna5,Egf,H2az1,Myc	6	198	23	Mutter_02
Blood.endothelial	MBRT_vs_Ctrl	HALLMARK_HEDGEHOG_SIGNALING	MSigDB_Hallmark	exploratory	0.82323021872562	0.675052410901468	0.956655052264808	Adgrg1,Hey1,Vegfa	3	36	5	Mutter_02
Blood.endothelial	MBRT_vs_Ctrl	HALLMARK_MITOTIC_SPINDLE	MSigDB_Hallmark	exploratory	0.829756962429211	0.697033898305085	0.956655052264808	Plekhg2,Cenpf,Abl1,Top2a,Nusap1	5	199	11	Mutter_02
Blood.endothelial	MBRT_vs_Ctrl	HALLMARK_OXIDATIVE_PHOSPHORYLATION	MSigDB_Hallmark	exploratory	0.769471547727974	0.749473684210526	0.956655052264808	Ldha,Glud1,Atp5e,Bax	4	199	4	Mutter_02
Blood.endothelial	MBRT_vs_Ctrl	HALLMARK_PANCREAS_BETA_CELLS	MSigDB_Hallmark	exploratory	-0.824254385678617	0.709677419354839	0.956655052264808	Gcg	1	40	4	Mutter_02
Blood.endothelial	MBRT_vs_Ctrl	HALLMARK_PI3K_AKT_MTOR_SIGNALING	MSigDB_Hallmark	exploratory	0.800608531236739	0.753653444676409	0.956655052264808	Pfn1,Egfr,Tnfrsf1a,Fasl,Il2rg	5	105	16	Mutter_02
Blood.endothelial	MBRT_vs_Ctrl	DNA_Damage_Repair	project	primary	0.663298668537222	0.88034188034188	0.968054887908054	Gadd45b,Chek2,Cdkn1a,Ddit3,Atm,Bax,Chek1,Atr,Parp1,Brca1	10	18	10	Mutter_02
Blood.endothelial	MBRT_vs_Ctrl	HALLMARK_APOPTOSIS	MSigDB_Hallmark	exploratory	-0.777467257025044	0.888288288288288	0.968054887908054	Clu,Cd38,Sod1,Casp3,Hspb1,Mmp2,Hmgb2,Sqstm1	8	160	64	Mutter_02
Blood.endothelial	MBRT_vs_Ctrl	HALLMARK_BILE_ACID_METABOLISM	MSigDB_Hallmark	exploratory	-0.642963595760229	0.897579143389199	0.968054887908054	Sod1	1	112	6	Mutter_02
Blood.endothelial	MBRT_vs_Ctrl	HALLMARK_HEME_METABOLISM	MSigDB_Hallmark	exploratory	0.628547541060816	0.91220556745182	0.968054887908054	Nr3c1	1	194	7	Mutter_02
Blood.endothelial	MBRT_vs_Ctrl	HALLMARK_INTERFERON_ALPHA_RESPONSE	MSigDB_Hallmark	exploratory	0.779762597699463	0.782608695652174	0.968054887908054	Ifitm1,Il4ra,Lamp3,Il15,Cxcl10	5	100	23	Mutter_02
Blood.endothelial	MBRT_vs_Ctrl	HALLMARK_PROTEIN_SECRETION	MSigDB_Hallmark	exploratory	-0.738969061493399	0.804878048780488	0.968054887908054	Sod1	1	96	9	Mutter_02
Blood.endothelial	MBRT_vs_Ctrl	HALLMARK_TNFA_SIGNALING_VIA_NFKB	MSigDB_Hallmark	exploratory	0.763202579932864	0.909090909090909	0.968054887908054	Ccl2,Il1b,Ifngr2,Tnfrsf9,Rigi,Nfkb1,Csf2,Olr1,Stat5a,Gadd45b,Il6st,Gpr183	12	199	76	Mutter_02
Blood.endothelial	MBRT_vs_Ctrl	HALLMARK_XENOBIOTIC_METABOLISM	MSigDB_Hallmark	exploratory	0.699744287456066	0.871035940803383	0.968054887908054	Arg1,Cd36,Reg1,Tnfrsf1a,Ddc	5	203	20	Mutter_02
Blood.endothelial	MBRT_vs_Ctrl	HALLMARK_ALLOGRAFT_REJECTION	MSigDB_Hallmark	exploratory	0.761861203132526	0.945414847161572	0.983231441048035	Ccl2,Inhbb,Il1b,Pf4,Ifngr2,Ifnar2,Il4ra,Timp1,Cd40lg,Srgn,Tgfb1,Ncr1,Hif1a,Csk,Il15,Elane,Cxcr3,Ifng,Il11,Egfr,Il10	21	201	102	Mutter_02
Blood.endothelial	MBRT_vs_Ctrl	HALLMARK_APICAL_JUNCTION	MSigDB_Hallmark	exploratory	0.577142925518169	0.987068965517241	0.997881355932203	Cd34,Itga2,Vwf,Vcan,Pfn1,Rac2,Egfr,Myl9,Pecam1	9	199	38	Mutter_02
Blood.endothelial	MBRT_vs_Ctrl	HALLMARK_FATTY_ACID_METABOLISM	MSigDB_Hallmark	exploratory	0.442765579558732	0.997881355932203	0.997881355932203	Cd36,Fasn,Cidea,S100a10,Ldha	5	157	11	Mutter_02
Blood.endothelial	MBRT_vs_SBRT	HALLMARK_EPITHELIAL_MESENCHYMAL_TRANSITION	MSigDB_Hallmark	exploratory	-2.19286397529981	3.50539085429677e-07	1.82280324423432e-05	Col5a3,Col5a1,Acta2,Col1a2,Cdh11,Myl9,Col1a1,Igfbp3,Tpm2,Fgf2,Col6a3,Serpinh1,Col16a1,Mfap5,Col6a2,Pdgfrb,Lum,Lgals1,Tagln,Col12a1,Col5a2,Cxcl12,Tpm1,Dcn,Col3a1,Mgp,Dst,Areg,Itgb1,Col4a1,Snai2,Bgn	32	206	72	Mutter_02
Blood.endothelial	MBRT_vs_SBRT	HALLMARK_G2M_CHECKPOINT	MSigDB_Hallmark	exploratory	-2.02612075364374	0.000205777228608246	0.00535020794381438	Top2a,Mki67,Stmn1,Nusap1,Ube2c,Pttg1,Ccnd1,Birc5,Myc,Abl1,Ezh2	11	198	23	Mutter_02
Blood.endothelial	MBRT_vs_SBRT	HALLMARK_E2F_TARGETS	MSigDB_Hallmark	exploratory	-1.85258084827445	0.00238678254685929	0.0310281731091708	Hmgb2,Top2a,Mki67,Dnmt1,Stmn1,Pcna,Tubb5,Pttg1,Birc5,Myc,Msh2,Mlh1,Ezh2	13	200	20	Mutter_02
Blood.endothelial	MBRT_vs_SBRT	HALLMARK_UV_RESPONSE_DN	MSigDB_Hallmark	exploratory	-1.78927098643665	0.00213711114651578	0.0310281731091708	Ldlr,Ica1,Col1a2,Col1a1,Adgrl2,Igfbp5,Pdgfrb,Col5a2,Fyn,Myc,Anxa2,Nfkb1,Col3a1	13	144	32	Mutter_02
Blood.endothelial	MBRT_vs_SBRT	HALLMARK_IL6_JAK_STAT3_SIGNALING	MSigDB_Hallmark	exploratory	1.64347582099561	0.00386817760842131	0.0348145968960804	Csf3r,Csf2,Tnfrsf21,Fas,Ltb,Pdgfc,Acvrl1,Acvr1b,Il1b,Il1r2,Il17rb,Il13ra1,Il2ra,Cntfr,Cxcl2	15	88	56	Mutter_02
Blood.endothelial	MBRT_vs_SBRT	TypeI_interferon	project	primary	1.78348223648294	0.00401706887262467	0.0348145968960804	Mx1,Oas2,Ifitm1	3	19	7	Mutter_02
Blood.endothelial	MBRT_vs_SBRT	DNA_Damage_Repair	project	primary	1.84536819228954	0.00617253324355386	0.0401214660831001	Cdkn1a,Bax,Chek2	3	18	10	Mutter_02
Blood.endothelial	MBRT_vs_SBRT	HALLMARK_GLYCOLYSIS	MSigDB_Hallmark	exploratory	-1.80452855295646	0.00548793954777852	0.0401214660831001	Stmn1,Col5a1,Ldha,Igfbp3,Ppia,Sod1,Dcn,Ier3	8	200	18	Mutter_02
Blood.endothelial	MBRT_vs_SBRT	HALLMARK_MITOTIC_SPINDLE	MSigDB_Hallmark	exploratory	-1.72258069286439	0.00976098582028033	0.0563968069616197	Top2a,Nusap1,Birc5,Ezr,Abl1,Dst,Plekhg2	7	199	11	Mutter_02
Blood.endothelial	MBRT_vs_SBRT	HALLMARK_MYC_TARGETS_V1	MSigDB_Hallmark	exploratory	-1.66413544567592	0.0205152221959833	0.106679155419113	Pcna,Ldha,Ppia,Myc,Ptges3	5	201	9	Mutter_02
Blood.endothelial	MBRT_vs_SBRT	HALLMARK_COAGULATION	MSigDB_Hallmark	exploratory	-1.61156688546348	0.0237830322964239	0.112428879946731	Vwf,Clu,Apoc1,Pdgfb,Mmp9,Rac1,Fyn,Anxa1,Dusp6,Cd9,Cfd,Pecam1	12	139	28	Mutter_02
Blood.endothelial	MBRT_vs_SBRT	HALLMARK_INTERFERON_GAMMA_RESPONSE	MSigDB_Hallmark	exploratory	1.43557614507842	0.0288613099660027	0.125065676519345	Cdkn1a,Fas,Ido1,Cd69,Oas2,Irf4,Cd40,Ptgs2,Il2rb,Cxcl9,Cd274,Mt2,Ccl5,Klrk1,Cmklr1,Gzma,Ifi44l,Il10ra,Ifitm2,Rigi,Cd38,Stat4,Lgals3bp,Tnfsf10,Il15,Vcam1,Ccl2,Cxcl10,Ifi27,Il7,Tap1,Oas3,H2-Eb1,Fpr1	34	205	65	Mutter_02
Blood.endothelial	MBRT_vs_SBRT	HALLMARK_INFLAMMATORY_RESPONSE	MSigDB_Hallmark	exploratory	1.33958391722442	0.0338397476971142	0.135358990788457	Cdkn1a,Csf3r,Cd55,Acvr1b,Il1b,Il1a,Cd69,Clec5a,Ifitm1,Msr1,Cd40,Il2rb,Cxcl9,Olr1,Cx3cl1,Inhba,Cd14,Ccl20,Ccrl2,Ccl5,Il18r1,Ptger4,Il7r,Osm,Cxcr6,Cmklr1,Tnfsf9,Icosl,Il10ra,Best1,Ccr7	31	201	86	Mutter_02
Blood.endothelial	MBRT_vs_SBRT	HALLMARK_APICAL_JUNCTION	MSigDB_Hallmark	exploratory	-1.42986722720984	0.0531710893270419	0.197492617500441	Cdh11,Myl9,Vwf,Actg2,Col16a1,Mmp9,Pfn1,Itgb1,Cdh1,Icam1,Pecam1,Cd276	12	199	38	Mutter_02
Blood.endothelial	MBRT_vs_SBRT	HALLMARK_MYOGENESIS	MSigDB_Hallmark	exploratory	-1.36323831518069	0.0662020905923345	0.229500580720093	Col1a1,Clu,Igfbp3,Tpm2,Fgf2,Col6a3,Sorbs1,Col6a2,Col15a1,Tagln,Igfbp7,Col3a1,Notch1,Myh11,Itgb1	15	201	38	Mutter_02
Blood.endothelial	MBRT_vs_SBRT	HALLMARK_P53_PATHWAY	MSigDB_Hallmark	exploratory	1.36616409012653	0.0763723150357995	0.233609434227152	Cdkn1a,Bax,Fas,Acvr1b,Il1a,Fgf13,Inhbb	7	199	39	Mutter_02
Blood.endothelial	MBRT_vs_SBRT	HALLMARK_PEROXISOME	MSigDB_Hallmark	exploratory	-1.44443458112277	0.075	0.233609434227152	Top2a,Sod1,Msh2	3	102	4	Mutter_02
Blood.endothelial	MBRT_vs_SBRT	HALLMARK_ESTROGEN_RESPONSE_EARLY	MSigDB_Hallmark	exploratory	-1.34530192396304	0.0869565217391304	0.251207729468599	Krt8,Ccnd1,Xbp1,Krt18,Krt15,Cxcl12,Myc,Il6st,Krt19,Bcl2,Ptges,Areg	12	200	33	Mutter_02
Blood.endothelial	MBRT_vs_SBRT	HALLMARK_ALLOGRAFT_REJECTION	MSigDB_Hallmark	exploratory	1.25557661567855	0.0958904109589041	0.255094339622642	H2-Ob,Fgr,Fas,Ltb,Itgal,Cd80,Il1b,Il2ra,Ccl4,Inhbb,H2-DMb1,Itk,Irf4,Ncr1,Cd40,Egfr,Cd28,Il2rb,Cxcl9,H2-T23,Ccr2,Inhba,Ccl5,Cd3e,Il12rb1,Ifng,Il2rg,Cd3g,Gzma	29	201	102	Mutter_02
Blood.endothelial	MBRT_vs_SBRT	HALLMARK_FATTY_ACID_METABOLISM	MSigDB_Hallmark	exploratory	-1.40711747009621	0.0981132075471698	0.255094339622642	Ldha,S100a10,Hsp90aa1,Lgals1	4	157	11	Mutter_02
Blood.endothelial	MBRT_vs_SBRT	HALLMARK_APICAL_SURFACE	MSigDB_Hallmark	exploratory	1.41046886437752	0.118279569892473	0.292882744495648	Efna5,Il2rb,Gata3,Cx3cl1,Il2rg,Hspb1	6	44	10	Mutter_02
Blood.endothelial	MBRT_vs_SBRT	HALLMARK_ANDROGEN_RESPONSE	MSigDB_Hallmark	exploratory	-1.31265051641746	0.157894736842105	0.348286604361371	Krt8,Ccnd1,Akt1,Arid5b,Myl12a,Krt19	6	112	17	Mutter_02
Blood.endothelial	MBRT_vs_SBRT	HALLMARK_KRAS_SIGNALING_UP	MSigDB_Hallmark	exploratory	1.2047592518453	0.157894736842105	0.348286604361371	Fgf9,Csf2,Cidea,Il1b,Il33,Scg5,Ptgs2,Arg1,Cxcr4,Inhba,Ccl20,Tlr8,Il7r,Il2rg,Cmklr1,Spp1,Il10ra,Tnfrsf1b,Ace,St6gal1,Bmp2,Sox9,Gpnmb,Lif,Itga2,Spry2,Cxcl10,Etv5	28	203	49	Mutter_02
Blood.endothelial	MBRT_vs_SBRT	HALLMARK_MTORC1_SIGNALING	MSigDB_Hallmark	exploratory	-1.28170837907092	0.160747663551402	0.348286604361371	Ldha,Ldlr,Ppia,Xbp1,Serpinh1,Igfbp5,Hsp90b1	7	201	14	Mutter_02
Blood.endothelial	MBRT_vs_SBRT	HALLMARK_PROTEIN_SECRETION	MSigDB_Hallmark	exploratory	-1.30075494569452	0.169776119402985	0.348968105065666	Ica1,Sod1,Krt18,Arf1,Dst	5	96	9	Mutter_02
Blood.endothelial	MBRT_vs_SBRT	HALLMARK_UNFOLDED_PROTEIN_RESPONSE	MSigDB_Hallmark	exploratory	-1.31985126681785	0.174484052532833	0.348968105065666	Xbp1,Hsp90b1	2	113	6	Mutter_02
Blood.endothelial	MBRT_vs_SBRT	HALLMARK_KRAS_SIGNALING_DN	MSigDB_Hallmark	exploratory	1.24486007638004	0.181818181818182	0.35016835016835	Cd80,Tcl1,Cntfr,Ryr2,Egf,Ifng,Ifi44l,Krt4,Il12b	9	202	19	Mutter_02
Blood.endothelial	MBRT_vs_SBRT	HALLMARK_APOPTOSIS	MSigDB_Hallmark	exploratory	1.17684555608845	0.191326530612245	0.355320699708455	Cdkn1a,Bax,Fas,Lgals3,Gpx3,Bcl2l1,Il1b,Il1a,Cd69	9	160	64	Mutter_02
Blood.endothelial	MBRT_vs_SBRT	HALLMARK_NOTCH_SIGNALING	MSigDB_Hallmark	exploratory	-1.26002345659022	0.208255159474672	0.373423044575273	Ccnd1,Jag1,Notch3,Notch1,Dll1	5	32	12	Mutter_02
Blood.endothelial	MBRT_vs_SBRT	HALLMARK_ESTROGEN_RESPONSE_LATE	MSigDB_Hallmark	exploratory	-1.1710049778585	0.231707317073171	0.401626016260163	Top2a,Ccnd1,Xbp1,Cxcl12,Il6st,Krt19,Bcl2,Ptges,Areg,Cdh1,Cd9,Dusp2,Tnnc1,Fgfr3,Jak2	15	206	35	Mutter_02
Blood.endothelial	MBRT_vs_SBRT	HALLMARK_CHOLESTEROL_HOMEOSTASIS	MSigDB_Hallmark	exploratory	-1.19723177894266	0.255198487712665	0.414697542533081	Ldlr,Clu,Jag1,Ctnnb1	4	75	13	Mutter_02
Blood.endothelial	MBRT_vs_SBRT	HALLMARK_WNT_BETA_CATENIN_SIGNALING	MSigDB_Hallmark	exploratory	-1.19790012061643	0.247272727272727	0.414697542533081	Jag1,Ctnnb1,Myc,Notch1,Dll1,Rbpj,Tcf7,Trp53	8	42	15	Mutter_02
Blood.endothelial	MBRT_vs_SBRT	HALLMARK_COMPLEMENT	MSigDB_Hallmark	exploratory	-1.118692644653	0.280068728522337	0.43470832316329	Gzmb,Dusp5,Clu,Apoc1,Pdgfb,Calm1,Hspa1a,Fyn,Pfn1	9	196	42	Mutter_02
Blood.endothelial	MBRT_vs_SBRT	HALLMARK_PANCREAS_BETA_CELLS	MSigDB_Hallmark	exploratory	1.1950099847814	0.284232365145228	0.43470832316329	Iapp,Gcg	2	40	4	Mutter_02
Blood.endothelial	MBRT_vs_SBRT	HALLMARK_TNFA_SIGNALING_VIA_NFKB	MSigDB_Hallmark	exploratory	1.07805861629863	0.298387096774194	0.44331797235023	Cdkn1a,Csf2,Cd80,Il1b,Il1a,Cd69,Ccl4,Cxcl2,Cflar,Ptgs2,Cd83,Il23a,Olr1,Smad3,Inhba,Cxcl1,Ccl20,Ccrl2,Ccl5,Ptger4,Il7r	21	199	76	Mutter_02
Blood.endothelial	MBRT_vs_SBRT	HALLMARK_BILE_ACID_METABOLISM	MSigDB_Hallmark	exploratory	-1.10172223224805	0.371482176360225	0.522083058668425	Sod1,Ar,Rxra	3	112	6	Mutter_02
Blood.endothelial	MBRT_vs_SBRT	HALLMARK_PI3K_AKT_MTOR_SIGNALING	MSigDB_Hallmark	exploratory	1.05421542007015	0.36784140969163	0.522083058668425	Cdkn1a	1	105	16	Mutter_02
Blood.endothelial	MBRT_vs_SBRT	TypeII_interferon	project	primary	1.03083678395167	0.422907488986784	0.578715511245073	Cxcl9,Cxcl10,H2-Eb1,Ciita,H2-Aa,H2-Ab1	6	17	8	Mutter_02
Blood.endothelial	MBRT_vs_SBRT	HALLMARK_UV_RESPONSE_UP	MSigDB_Hallmark	exploratory	0.997041918714595	0.439461883408072	0.585949177877429	Gpx3,Fgf18,Epcam,Cxcl1,H2-Q1,H2-Q2,Fos,Bmp2,Rxrb	9	158	24	Mutter_02
Blood.endothelial	MBRT_vs_SBRT	HALLMARK_ANGIOGENESIS	MSigDB_Hallmark	exploratory	-0.975392334112549	0.461111111111111	0.599444444444444	Jag1,Lum,Col5a2,Col3a1,S100a4,Fgfr1	6	36	19	Mutter_02
Blood.endothelial	MBRT_vs_SBRT	HALLMARK_ADIPOGENESIS	MSigDB_Hallmark	exploratory	-0.969304029545438	0.474074074074074	0.60126467931346	Sod1,Sorbs1,Col15a1,Stat5a,Ifngr1,Col4a1,Pparg,Fzd4,Vegfb	9	200	19	Mutter_02
Blood.endothelial	MBRT_vs_SBRT	HALLMARK_HYPOXIA	MSigDB_Hallmark	exploratory	-0.980033519423323	0.490566037735849	0.607367475292004	Col5a1,Ldha,Igfbp3,Pdgfb,Anxa2,Dcn,Ier3,Bcl2,S100a4,Vhl,Mif,Bgn,Rbpj	13	200	39	Mutter_02
Blood.endothelial	MBRT_vs_SBRT	HALLMARK_HEDGEHOG_SIGNALING	MSigDB_Hallmark	exploratory	0.959830432138417	0.509473684210526	0.616107711138311	Cntfr,Celsr1	2	36	5	Mutter_02
Blood.endothelial	MBRT_vs_SBRT	HALLMARK_IL2_STAT5_SIGNALING	MSigDB_Hallmark	exploratory	0.952198568757562	0.526992287917738	0.622809067539145	Csf2,Tnfrsf21,Ltb,Bcl2l1,Il1r2,Il2ra,Irf4,Eomes,Il2rb,Itgav,Cd83,Anxa4,Tnfrsf18	13	199	58	Mutter_02
Blood.endothelial	MBRT_vs_SBRT	HALLMARK_DNA_REPAIR	MSigDB_Hallmark	exploratory	-0.854934164149443	0.666034155597723	0.769639468690702	Pcna	1	150	5	Mutter_02
Blood.endothelial	MBRT_vs_SBRT	HALLMARK_OXIDATIVE_PHOSPHORYLATION	MSigDB_Hallmark	exploratory	0.796421638543272	0.70746887966805	0.799747429189969	Bax	1	199	4	Mutter_02
Blood.endothelial	MBRT_vs_SBRT	HALLMARK_REACTIVE_OXYGEN_SPECIES_PATHWAY	MSigDB_Hallmark	exploratory	0.756236863228604	0.785263157894737	0.868801791713326	Gpx3	1	48	5	Mutter_02
Blood.endothelial	MBRT_vs_SBRT	HALLMARK_HEME_METABOLISM	MSigDB_Hallmark	exploratory	-0.657080656448711	0.881700554528651	0.916968576709797	Ackr1,Aqp3,Nr3c1,Slc2a1,Epor,Lamp2,Myl4	7	194	7	Mutter_02
Blood.endothelial	MBRT_vs_SBRT	HALLMARK_INTERFERON_ALPHA_RESPONSE	MSigDB_Hallmark	exploratory	0.717591858813504	0.864035087719298	0.916968576709797	Ifitm1,Ccrl2,Ifi44l,Ifitm2,Lgals3bp,Il15,Cxcl10,Ifi27,Il7,Tap1	10	100	23	Mutter_02
Blood.endothelial	MBRT_vs_SBRT	HALLMARK_SPERMATOGENESIS	MSigDB_Hallmark	exploratory	0.675437969088632	0.869936034115139	0.916968576709797	Scg5,Il12rb2	2	135	6	Mutter_02
Blood.endothelial	MBRT_vs_SBRT	HALLMARK_XENOBIOTIC_METABOLISM	MSigDB_Hallmark	exploratory	-0.64833494837352	0.932971014492754	0.951264563796533	Tnfrsf1a,Ptges3,Ptges,Il1r1	4	203	20	Mutter_02
Blood.endothelial	MBRT_vs_SBRT	HALLMARK_TGF_BETA_SIGNALING	MSigDB_Hallmark	exploratory	0.509969967948066	0.982300884955752	0.982300884955752	Apc,Bmpr1a,Smad3	3	54	15	Mutter_02
Blood.endothelial	SBRT_vs_Ctrl	HALLMARK_EPITHELIAL_MESENCHYMAL_TRANSITION	MSigDB_Hallmark	exploratory	2.20809015815881	3.36633384772945e-07	1.75049360081931e-05	Col5a3,Col6a3,Col1a1,Col1a2,Col3a1,Col5a1,Serpinh1,Col6a2,Myl9,Col5a2,Acta2,Bgn,Col12a1,Pdgfrb,Cxcl12,Col4a1,Igfbp3,Mfap5,Dcn,Gadd45b,Wnt5a,Mmp14,Itgb1,Lum,Col16a1,Cald1,Lgals1,Itga5,Cdh11,Vcan,Tpm2,Timp1,Dst,Areg,Fgf2,Snai2,Itga2	37	206	72	Mutter_02
Blood.endothelial	SBRT_vs_Ctrl	HALLMARK_UV_RESPONSE_DN	MSigDB_Hallmark	exploratory	2.07103776654149	9.51152433728441e-05	0.00247299632769395	Col1a1,Col1a2,Col3a1,Fyn,Col5a2,Pdgfrb,Ldlr,Ica1,Nfkb1,Adgrl2,Cav1,Anxa2,Rxra,Nr3c1	14	144	32	Mutter_02
Blood.endothelial	SBRT_vs_Ctrl	HALLMARK_INTERFERON_GAMMA_RESPONSE	MSigDB_Hallmark	exploratory	-1.85553289436432	0.000280418447756403	0.00486058642777764	Cdkn1a,Fpr1,Ciita,Il2rb,Cd40,Fas,Cd38,Ido1,Cmklr1,Klrk1,Ifitm2,Oas2,Ifi27,H2-M3,Ptgs2,Cd69,Stat4,Irf4,Cd274,H2-Aa,H2-Eb1,H2-D1	22	205	65	Mutter_02
Blood.endothelial	SBRT_vs_Ctrl	HALLMARK_APICAL_SURFACE	MSigDB_Hallmark	exploratory	-1.89055347210413	0.00191866469602589	0.0249426410483366	Gata3,Il2rb,Efna5,Hspb1,Cx3cl1	5	44	10	Mutter_02
Blood.endothelial	SBRT_vs_Ctrl	HALLMARK_IL6_JAK_STAT3_SIGNALING	MSigDB_Hallmark	exploratory	-1.6950383148036	0.00297134876430443	0.0309020271487661	Pdgfc,Acvr1b,Il17rb,Csf3r,Cntfr,Fas,Cd38,Cxcl1,Acvrl1,Il12rb1,Ltb	11	88	56	Mutter_02
Blood.endothelial	SBRT_vs_Ctrl	HALLMARK_E2F_TARGETS	MSigDB_Hallmark	exploratory	1.71248206126953	0.00636330618160998	0.0551486535739532	Top2a,Mki67,Stmn1,Hmgb2,Pttg1,Dnmt1,Pcna	7	200	20	Mutter_02
Blood.endothelial	SBRT_vs_Ctrl	HALLMARK_G2M_CHECKPOINT	MSigDB_Hallmark	exploratory	1.65189259367977	0.0134039182349896	0.0995719640313517	Top2a,Mki67,Stmn1,Nusap1,Pttg1,Ube2c,Ccnd1	7	198	23	Mutter_02
Blood.endothelial	SBRT_vs_Ctrl	HALLMARK_COAGULATION	MSigDB_Hallmark	exploratory	1.56153745853485	0.0192821633400063	0.11140805485337	Pdgfb,Vwf,Fyn,Apoc1,Rac1,Pecam1,Mmp14,Pf4,Cfd,Mmp9,Timp1,Itga2,Anxa1	13	139	28	Mutter_02
Blood.endothelial	SBRT_vs_Ctrl	HALLMARK_PEROXISOME	MSigDB_Hallmark	exploratory	1.62437593551521	0.0174646175889976	0.11140805485337	Top2a	1	102	4	Mutter_02
Blood.endothelial	SBRT_vs_Ctrl	HALLMARK_ADIPOGENESIS	MSigDB_Hallmark	exploratory	1.5862817505934	0.0243386792590656	0.126561132147141	Col15a1,Sorbs1,Col4a1,Stat5a,Fzd4,Fabp4,Lep,Cd36,Pparg,Ifngr1,Vegfb,Sparcl1	12	200	19	Mutter_02
Blood.endothelial	SBRT_vs_Ctrl	HALLMARK_KRAS_SIGNALING_DN	MSigDB_Hallmark	exploratory	-1.52584513064954	0.033811794822594	0.15983757552499	Cntfr,Cd80,Il12b,Egf,Krt15,Cpb1,Tcl1,Krt1	8	202	19	Mutter_02
Blood.endothelial	SBRT_vs_Ctrl	DNA_Damage_Repair	project	primary	-1.57009344328273	0.04494893043767	0.171578293981426	Cdkn1a,Bax	2	18	10	Mutter_02
Blood.endothelial	SBRT_vs_Ctrl	HALLMARK_MITOTIC_SPINDLE	MSigDB_Hallmark	exploratory	1.54393486954157	0.0461941560719223	0.171578293981426	Top2a,Nusap1,Plekhg2,Abl1,Birc5	5	199	11	Mutter_02
Blood.endothelial	SBRT_vs_Ctrl	HALLMARK_MYOGENESIS	MSigDB_Hallmark	exploratory	1.51794916476496	0.0413386354180802	0.171578293981426	Col6a3,Col1a1,Col3a1,Col15a1,Col6a2,Sorbs1,Igfbp3,Igfbp7,Apod,Gadd45b,Itgb1,Cfd,Myh11,Tpm2,Cd36,Fgf2	16	201	38	Mutter_02
Blood.endothelial	SBRT_vs_Ctrl	HALLMARK_P53_PATHWAY	MSigDB_Hallmark	exploratory	-1.41074039835603	0.0573394495412844	0.198776758409786	Cdkn1a,Bax,Acvr1b,Fas,Il1a,Itgb4,Lif	7	199	39	Mutter_02
Blood.endothelial	SBRT_vs_Ctrl	HALLMARK_ANGIOGENESIS	MSigDB_Hallmark	exploratory	1.41591232279969	0.0753676470588235	0.217728758169935	Col3a1,Col5a2,Jag1,Fgfr1,Lum,Pf4,Vcan,Timp1,Vegfa,S100a4	10	36	19	Mutter_02
Blood.endothelial	SBRT_vs_Ctrl	HALLMARK_GLYCOLYSIS	MSigDB_Hallmark	exploratory	1.42402513085621	0.0712945590994371	0.217728758169935	Stmn1,Col5a1,Ldha,Igfbp3,Ppia,Dcn,Ier3,Vcan	8	200	18	Mutter_02
Blood.endothelial	SBRT_vs_Ctrl	HALLMARK_UNFOLDED_PROTEIN_RESPONSE	MSigDB_Hallmark	exploratory	1.43039640497687	0.0742971887550201	0.217728758169935	Xbp1,Hsp90b1,Ccl2,Vegfa	4	113	6	Mutter_02
Blood.endothelial	SBRT_vs_Ctrl	TypeII_interferon	project	primary	-1.44244185216629	0.0813008130081301	0.222507488232777	Ciita,H2-Aa,H2-Eb1,H2-Ab1,Cxcl9	5	17	8	Mutter_02
Blood.endothelial	SBRT_vs_Ctrl	HALLMARK_KRAS_SIGNALING_UP	MSigDB_Hallmark	exploratory	-1.31173516166294	0.0892448512585813	0.232036613272311	Sox9,Ace,Cmklr1,Lif,Scg5,Spry2,Pdcd1lg2,Slpi,Ptgs2,Bmp2,Fgf9,Spp1,Inhba,Cidea	14	203	49	Mutter_02
Blood.endothelial	SBRT_vs_Ctrl	HALLMARK_UV_RESPONSE_UP	MSigDB_Hallmark	exploratory	-1.35059037424769	0.0956521739130435	0.236853002070393	Fgf18,Cxcl1,Junb,H2-M3,Epcam,Bmp2,H2-Q1,Gpx3,Sqstm1	9	158	24	Mutter_02
Blood.endothelial	SBRT_vs_Ctrl	HALLMARK_APICAL_JUNCTION	MSigDB_Hallmark	exploratory	1.29554405945396	0.110332749562172	0.260786498965133	Vwf,Myl9,Pfn1,Cd34,Pecam1,Itgb1,Col16a1,Cdh1,Cd276,Actg2,Cdh11,Vcan,Mmp9	13	199	38	Mutter_02
Blood.endothelial	SBRT_vs_Ctrl	HALLMARK_MYC_TARGETS_V1	MSigDB_Hallmark	exploratory	1.3603384105093	0.124031007751938	0.280417930569599	Ldha,Pcna,Ppia,Ptges3	4	201	9	Mutter_02
Blood.endothelial	SBRT_vs_Ctrl	HALLMARK_INFLAMMATORY_RESPONSE	MSigDB_Hallmark	exploratory	-1.22123783875685	0.134663341645885	0.291770573566085	Cdkn1a,Acvr1b,Fpr1,Il2rb,Csf3r,Cd40,Cmklr1,Il12b,Il1a,Lif,Cx3cl1,Clec5a,Il18r1,Ccrl2,Cd69,Inhba,Met,Tnfsf9,Ccl20,Cd55,Tlr1,Tnfsf15,Ptger4,Best1	24	201	86	Mutter_02
Blood.endothelial	SBRT_vs_Ctrl	TypeI_interferon	project	primary	-1.32502758275578	0.146881287726358	0.305513078470825	Mx1,Oas2	2	19	7	Mutter_02
Blood.endothelial	SBRT_vs_Ctrl	HALLMARK_ALLOGRAFT_REJECTION	MSigDB_Hallmark	exploratory	-1.16197658993391	0.171990171990172	0.308396170465136	H2-DMb1,Il2rb,Cd40,Itk,Fas,Fgr,Cd80,Il12b,Il12rb1,Ltb,Lif,H2-T23,Itgal,H2-Ob,H2-M3,Il2ra,Inhba,Stat4,Cd79a,Cd3e,Irf4,H2-Aa,Ccl4,Krt1,Cd3g,Tlr1,Cd28,Cd8a,Cd8b1	29	201	102	Mutter_02
Blood.endothelial	SBRT_vs_Ctrl	HALLMARK_COMPLEMENT	MSigDB_Hallmark	exploratory	1.20481705738268	0.1625	0.308396170465136	Pdgfb,Fyn,Calm1,Dusp5,Gzmb,Pfn1,Apoc1,Calm3	8	196	42	Mutter_02
Blood.endothelial	SBRT_vs_Ctrl	HALLMARK_ESTROGEN_RESPONSE_LATE	MSigDB_Hallmark	exploratory	1.23469591304268	0.170212765957447	0.308396170465136	Top2a,Xbp1,Cxcl12,Ccnd1,Il6st,Cav1,Dusp2,Cdh1,Jak2,Areg,Cxcl14,Celsr2	12	206	35	Mutter_02
Blood.endothelial	SBRT_vs_Ctrl	HALLMARK_HYPOXIA	MSigDB_Hallmark	exploratory	1.23024496049873	0.167844522968198	0.308396170465136	Pdgfb,Col5a1,Ldha,Bgn,Igfbp3,Cav1,Anxa2,Nr3c1,Dcn,Vhl,Ier3	11	200	39	Mutter_02
Blood.endothelial	SBRT_vs_Ctrl	HALLMARK_NOTCH_SIGNALING	MSigDB_Hallmark	exploratory	1.27792881883662	0.178502879078695	0.309404990403071	Notch3,Ccnd1,Jag1,Wnt5a	4	32	12	Mutter_02
Blood.endothelial	SBRT_vs_Ctrl	HALLMARK_SPERMATOGENESIS	MSigDB_Hallmark	exploratory	-1.24954001168068	0.226190476190476	0.379416282642089	Ace,Scg5,Il12rb2,Cdkn3	4	135	6	Mutter_02
Blood.endothelial	SBRT_vs_Ctrl	HALLMARK_TNFA_SIGNALING_VIA_NFKB	MSigDB_Hallmark	exploratory	-1.13591547274629	0.236009732360097	0.383515815085158	Cdkn1a,Cxcl1,Smad3,Cd80,Il12b,Il1a,Clcf1,Cd83,Junb,Lif,Ccrl2,Ptgs2,Cd69,Bmp2,Il23a,Cflar,Inhba,Tnfsf9,Tsc22d1,Ccl4,Ccl20,Sqstm1	22	199	76	Mutter_02
Blood.endothelial	SBRT_vs_Ctrl	HALLMARK_FATTY_ACID_METABOLISM	MSigDB_Hallmark	exploratory	1.20105729755173	0.244274809160305	0.384917881101087	Ldha,S100a10,Lgals1,Cd36,Hsp90aa1	5	157	11	Mutter_02
Blood.endothelial	SBRT_vs_Ctrl	HALLMARK_MTORC1_SIGNALING	MSigDB_Hallmark	exploratory	1.16923938132518	0.277456647398844	0.424345460727644	Serpinh1,Xbp1,Ldha,Ldlr,Ppia,Hsp90b1	6	201	14	Mutter_02
Blood.endothelial	SBRT_vs_Ctrl	HALLMARK_PANCREAS_BETA_CELLS	MSigDB_Hallmark	exploratory	-1.18861107021154	0.287090558766859	0.42653454445362	Gcg	1	40	4	Mutter_02
Blood.endothelial	SBRT_vs_Ctrl	HALLMARK_CHOLESTEROL_HOMEOSTASIS	MSigDB_Hallmark	exploratory	1.11739500763469	0.34816247582205	0.502901353965184	Ldlr,Ctnnb1,Jag1	3	75	13	Mutter_02
Blood.endothelial	SBRT_vs_Ctrl	HALLMARK_PROTEIN_SECRETION	MSigDB_Hallmark	exploratory	1.03554209134499	0.401162790697674	0.563796354494029	Ica1,Arf1,Dst,Krt18	4	96	9	Mutter_02
Blood.endothelial	SBRT_vs_Ctrl	HALLMARK_ANDROGEN_RESPONSE	MSigDB_Hallmark	exploratory	-0.975152661900993	0.484076433121019	0.661168384879725	Fkbp5,Itgav,Maf,Mertk,Tsc22d1	5	112	17	Mutter_02
Blood.endothelial	SBRT_vs_Ctrl	HALLMARK_BILE_ACID_METABOLISM	MSigDB_Hallmark	exploratory	0.975333070454515	0.502008032128514	0.661168384879725	Rxra,Ar,Gc	3	112	6	Mutter_02
Blood.endothelial	SBRT_vs_Ctrl	HALLMARK_IL2_STAT5_SIGNALING	MSigDB_Hallmark	exploratory	-0.959564153938115	0.530516431924883	0.661168384879725	Il2rb,Eomes,Ltb,Itgav,Cd83,Lif,Muc1,Tnfrsf18,Il18r1,Il1rl1,Bcl2l1,Il2ra,Bmp2,Spp1	14	199	58	Mutter_02
Blood.endothelial	SBRT_vs_Ctrl	HALLMARK_REACTIVE_OXYGEN_SPECIES_PATHWAY	MSigDB_Hallmark	exploratory	-0.950205726614531	0.519607843137255	0.661168384879725	Junb,Gpx3	2	48	5	Mutter_02
Blood.endothelial	SBRT_vs_Ctrl	HALLMARK_TGF_BETA_SIGNALING	MSigDB_Hallmark	exploratory	-0.949474732472759	0.534020618556701	0.661168384879725	Tgfbr1,Smad3,Junb,Apc,Bmp2	5	54	15	Mutter_02
Blood.endothelial	SBRT_vs_Ctrl	HALLMARK_PI3K_AKT_MTOR_SIGNALING	MSigDB_Hallmark	exploratory	0.897093658946366	0.604914933837429	0.731525036268519	Pfn1,Tnfrsf1a,Akt1,Rac1,Hsp90b1,Arf1	6	105	16	Mutter_02
Blood.endothelial	SBRT_vs_Ctrl	HALLMARK_APOPTOSIS	MSigDB_Hallmark	exploratory	-0.914032844754056	0.634204275534442	0.73285827395091	Cdkn1a,Bax,Fas,Cd38,Il1a,Hspb1,Lgals3,Bcl2l1,Cd69,Bmp2,Cflar,Mmp2	12	160	64	Mutter_02
Blood.endothelial	SBRT_vs_Ctrl	HALLMARK_ESTROGEN_RESPONSE_EARLY	MSigDB_Hallmark	exploratory	0.892344555242348	0.632798573975045	0.73285827395091	Xbp1,Cxcl12,Ccnd1,Il6st,Jak2,Krt8,Areg,Ar,Celsr2,Krt18	10	200	33	Mutter_02
Blood.endothelial	SBRT_vs_Ctrl	HALLMARK_OXIDATIVE_PHOSPHORYLATION	MSigDB_Hallmark	exploratory	-0.76887398583015	0.753371868978805	0.851637764932563	Bax	1	199	4	Mutter_02
Blood.endothelial	SBRT_vs_Ctrl	HALLMARK_DNA_REPAIR	MSigDB_Hallmark	exploratory	0.703449127971171	0.841784989858012	0.931336584523758	Pcna	1	150	5	Mutter_02
Blood.endothelial	SBRT_vs_Ctrl	HALLMARK_HEDGEHOG_SIGNALING	MSigDB_Hallmark	exploratory	-0.62630906499197	0.903921568627451	0.936263736263736	Cntfr,Celsr1	2	36	5	Mutter_02
Blood.endothelial	SBRT_vs_Ctrl	HALLMARK_HEME_METABOLISM	MSigDB_Hallmark	exploratory	-0.586312455039771	0.929577464788732	0.936263736263736	Epor,Slc2a1,Myl4,Lamp2	4	194	7	Mutter_02
Blood.endothelial	SBRT_vs_Ctrl	HALLMARK_INTERFERON_ALPHA_RESPONSE	MSigDB_Hallmark	exploratory	-0.675706609649389	0.936263736263736	0.936263736263736	Ifitm2,Ifi27,Ccrl2	3	100	23	Mutter_02
Blood.endothelial	SBRT_vs_Ctrl	HALLMARK_WNT_BETA_CATENIN_SIGNALING	MSigDB_Hallmark	exploratory	0.642912730709375	0.911025145067698	0.936263736263736	Ctnnb1,Jag1,Hey1,Dll1,Trp53	5	42	15	Mutter_02
Blood.endothelial	SBRT_vs_Ctrl	HALLMARK_XENOBIOTIC_METABOLISM	MSigDB_Hallmark	exploratory	-0.649506644641263	0.924778761061947	0.936263736263736	Fas,Epha2,Crp,Hsd17b2,Esr1	5	203	20	Mutter_02
CD8.T.cell	MBRT_vs_Ctrl	HALLMARK_ALLOGRAFT_REJECTION	MSigDB_Hallmark	exploratory	1.68346813920898	0.00168327517986861	0.0875303093531679	Il4ra,Il1b,Fasl,Pf4,Ccl4,Gzma,Cd3d,Ncr1,Srgn,Ccl2,Ccr2,Nlrp3,Stat4,Itgal,Cd3e,Cd8b1,Cxcr3,Gzmb,Cd4,Timp1,Fyb,Ccr5,Il2,Ptprc,Tgfb1,Il2rb,Ccl11,Il10,Ccl5,Il16,Hif1a,Itk,Il2rg,Ifng	34	201	102	Mutter_02
CD8.T.cell	MBRT_vs_Ctrl	HALLMARK_EPITHELIAL_MESENCHYMAL_TRANSITION	MSigDB_Hallmark	exploratory	1.63145417366299	0.003612636977465	0.0939285614140899	Col3a1,Col5a3,Col5a2,Col1a1,Acta2,Bgn,Cxcl12,Col1a2,Col12a1,Pdgfrb,Col6a2,Wnt5a,Timp1,Mfap5,Cxcl2,Col4a1,Cdh11	17	206	72	Mutter_02
CD8.T.cell	MBRT_vs_Ctrl	HALLMARK_ANGIOGENESIS	MSigDB_Hallmark	exploratory	1.63510709589369	0.0160658972034038	0.139237775762833	Col3a1,Col5a2,Pf4,Jag1,Timp1	5	36	19	Mutter_02
CD8.T.cell	MBRT_vs_Ctrl	HALLMARK_GLYCOLYSIS	MSigDB_Hallmark	exploratory	-1.6450410947985	0.0152120635362597	0.139237775762833	Igfbp3,Sox9,Sod1,Ldha,Met,Il13ra1,Mertk	7	200	18	Mutter_02
CD8.T.cell	MBRT_vs_Ctrl	HALLMARK_PROTEIN_SECRETION	MSigDB_Hallmark	exploratory	-1.62747477013449	0.0146265502908339	0.139237775762833	Sod1,Lamp2,Arf1	3	96	9	Mutter_02
CD8.T.cell	MBRT_vs_Ctrl	HALLMARK_TGF_BETA_SIGNALING	MSigDB_Hallmark	exploratory	-1.68495735387191	0.0160588698118784	0.139237775762833	Smad3,Bmpr1a,Tgfbr1,Bmpr2,Thbs1,Junb,Acvr1,Ifngr2	8	54	15	Mutter_02
CD8.T.cell	MBRT_vs_Ctrl	HALLMARK_OXIDATIVE_PHOSPHORYLATION	MSigDB_Hallmark	exploratory	-1.48999247136075	0.0253547806483742	0.183294328564766	Atp5e,Ldha,Glud1	3	199	4	Mutter_02
CD8.T.cell	MBRT_vs_Ctrl	HALLMARK_TNFA_SIGNALING_VIA_NFKB	MSigDB_Hallmark	exploratory	1.44852230441846	0.0281991274715024	0.183294328564766	Il1b,Ccl4,Dusp2,Ccl2,Il1a,Nfkbia,Ldlr,Ccrl2,Jag1,Cxcl2,Dusp5,Il15ra,Ccl20,Csf2,Ccnd1,Tnfrsf9,Ier3,Il7r,Ccl5,Btg1,Stat5a,Olr1,Cxcl5,Gadd45b	24	199	76	Mutter_02
CD8.T.cell	MBRT_vs_Ctrl	HALLMARK_INFLAMMATORY_RESPONSE	MSigDB_Hallmark	exploratory	1.36576370267094	0.0340016155982029	0.196453779011839	Il4ra,Il1b,Cd48,Ifitm1,Ccl2,Nlrp3,Ffar2,Il1a,Nfkbia,Msr1,Ldlr,Ccrl2,Timp1,Il15ra,Ccr7,Csf3r,Ccl20,Tnfrsf9,Il2rb,Il7r,Il10,Best1,Ccl5	23	201	86	Mutter_02
CD8.T.cell	MBRT_vs_Ctrl	HALLMARK_UV_RESPONSE_DN	MSigDB_Hallmark	exploratory	1.48507736911828	0.042043298197772	0.214486058406204	Col3a1,Col5a2,Col1a1,Fyn,Col1a2,Pdgfrb,Ldlr	7	144	32	Mutter_02
CD8.T.cell	MBRT_vs_Ctrl	TypeII_interferon	project	primary	-1.50180918363136	0.0453720508166969	0.214486058406204	Ciita,H2-Aa,H2-Ab1,Cxcl9,H2-Eb1,Cd74,Stat1	7	17	8	Mutter_02
CD8.T.cell	MBRT_vs_Ctrl	HALLMARK_SPERMATOGENESIS	MSigDB_Hallmark	exploratory	-1.43565316540775	0.0567765567765568	0.246031746031746	Cdkn3,Ace	2	135	6	Mutter_02
CD8.T.cell	MBRT_vs_Ctrl	HALLMARK_WNT_BETA_CATENIN_SIGNALING	MSigDB_Hallmark	exploratory	-1.41463110524213	0.0770642201834862	0.308256880733945	Wnt5b,Fzd8,Notch1,Myc,Tcf7	5	42	15	Mutter_02
CD8.T.cell	MBRT_vs_Ctrl	HALLMARK_COMPLEMENT	MSigDB_Hallmark	exploratory	1.31122769439402	0.101809954751131	0.352941176470588	S100a9,Gzma,Mmp12,Fyn,Pdgfb,Gzmb,Timp1,Cxcl2,Dusp5,Ltf,Ccl5,Pfn1,C1qa,Olr1,C1qc	15	196	42	Mutter_02
CD8.T.cell	MBRT_vs_Ctrl	HALLMARK_G2M_CHECKPOINT	MSigDB_Hallmark	exploratory	-1.3820904551661	0.0986964618249534	0.352941176470588	Egf,Smad3,Cdkn3,Efna5,Myc,Mapk14	6	198	23	Mutter_02
CD8.T.cell	MBRT_vs_Ctrl	HALLMARK_HEDGEHOG_SIGNALING	MSigDB_Hallmark	exploratory	-1.36006219222933	0.120817843866171	0.392657992565056	Celsr1,Adgrg1,Cntfr,Vegfa	4	36	5	Mutter_02
CD8.T.cell	MBRT_vs_Ctrl	HALLMARK_KRAS_SIGNALING_DN	MSigDB_Hallmark	exploratory	-1.31404062866747	0.144177449168207	0.44101337392628	Egf,Cpb1,Krt15,Ifi44l,Fgfr3,Krt1,Il12b,Cd40lg,Tgfb2,Cntfr,Selenop	11	202	19	Mutter_02
CD8.T.cell	MBRT_vs_Ctrl	HALLMARK_ADIPOGENESIS	MSigDB_Hallmark	exploratory	-1.25729131686849	0.175600739371534	0.48689138576779	Adipoq,Sod1,Fzd4,Lifr,Sparcl1,Angpt1,Ifngr1,Vegfb	8	200	19	Mutter_02
CD8.T.cell	MBRT_vs_Ctrl	HALLMARK_PEROXISOME	MSigDB_Hallmark	exploratory	-1.25879842609282	0.177902621722846	0.48689138576779	Sod1,Msh2,Ttr	3	102	4	Mutter_02
CD8.T.cell	MBRT_vs_Ctrl	HALLMARK_ANDROGEN_RESPONSE	MSigDB_Hallmark	exploratory	-1.23531228336824	0.205882352941176	0.509803921568627	Fkbp5,Lifr,Arid5b,Mertk,Maf	5	112	17	Mutter_02
CD8.T.cell	MBRT_vs_Ctrl	HALLMARK_CHOLESTEROL_HOMEOSTASIS	MSigDB_Hallmark	exploratory	1.24838774620518	0.203947368421053	0.509803921568627	Fabp5,Ldlr,Jag1,Clu,Pparg,Tnfrsf12a,Fasn,Lgals3	8	75	13	Mutter_02
CD8.T.cell	MBRT_vs_Ctrl	HALLMARK_MYC_TARGETS_V1	MSigDB_Hallmark	exploratory	-1.18863181157679	0.236499068901304	0.558997799221263	Ldha,Myc,Rack1,Pcna	4	201	9	Mutter_02
CD8.T.cell	MBRT_vs_Ctrl	HALLMARK_FATTY_ACID_METABOLISM	MSigDB_Hallmark	exploratory	-1.16873653799635	0.278388278388278	0.579047619047619	Glul,Ldha,Ppara	3	157	11	Mutter_02
CD8.T.cell	MBRT_vs_Ctrl	HALLMARK_HEME_METABOLISM	MSigDB_Hallmark	exploratory	-1.18709400579909	0.270909090909091	0.579047619047619	Ackr1,Lamp2,Nr3c1	3	194	7	Mutter_02
CD8.T.cell	MBRT_vs_Ctrl	HALLMARK_UV_RESPONSE_UP	MSigDB_Hallmark	exploratory	-1.14395804314789	0.273234200743494	0.579047619047619	Rxrb,Sqstm1,Junb,H2-Q1,Bid,Casp3,H2-Q2,Fgf18,Atf3,Il6st,H2-M3,Tap1	12	158	24	Mutter_02
CD8.T.cell	MBRT_vs_Ctrl	HALLMARK_E2F_TARGETS	MSigDB_Hallmark	exploratory	-1.1334321680996	0.30164533820841	0.58094657729027	Cdkn3,Mlh1,Myc,Pcna,Tubb5,Chek2,Msh2	7	200	20	Mutter_02
CD8.T.cell	MBRT_vs_Ctrl	HALLMARK_MYOGENESIS	MSigDB_Hallmark	exploratory	1.09125054685777	0.294642857142857	0.58094657729027	Col3a1,Col1a1,Col15a1,Apod,Col6a2,Igf1,Myl4	7	201	39	Mutter_02
CD8.T.cell	MBRT_vs_Ctrl	HALLMARK_P53_PATHWAY	MSigDB_Hallmark	exploratory	-1.07503360164737	0.344765342960289	0.640278494069108	Acvr1b,Notch1,Fas,Epha2,Rack1,Pcna,Tm4sf1,Itgb4,Rb1,Fgf13,Rxra,Ddit3	12	199	39	Mutter_02
CD8.T.cell	MBRT_vs_Ctrl	HALLMARK_BILE_ACID_METABOLISM	MSigDB_Hallmark	exploratory	-1.11409484256077	0.366300366300366	0.656814449917898	Sod1,Apoa1,Rxra,Ttr	4	112	6	Mutter_02
CD8.T.cell	MBRT_vs_Ctrl	HALLMARK_NOTCH_SIGNALING	MSigDB_Hallmark	exploratory	0.962598425099475	0.485169491525424	0.840960451977401	Notch3,Wnt5a,Jag1,Ccnd1	4	32	12	Mutter_02
CD8.T.cell	MBRT_vs_Ctrl	HALLMARK_ESTROGEN_RESPONSE_LATE	MSigDB_Hallmark	exploratory	0.951905764432764	0.536363636363636	0.899706744868035	S100a9,Dusp2,Cxcl12,Fabp5,Pgr,Ltf,Ccnd1,Cav1,Sfn,Celsr2,Cd44,Krt19,Cxcl14,Areg,Cdh1	15	206	35	Mutter_02
CD8.T.cell	MBRT_vs_Ctrl	DNA_Damage_Repair	project	primary	-0.820253908294991	0.702803738317757	0.96940344403444	Parp1,Chek2,Ddit3,Brca1,Cdkn1a,Atm	6	18	10	Mutter_02
CD8.T.cell	MBRT_vs_Ctrl	HALLMARK_APOPTOSIS	MSigDB_Hallmark	exploratory	0.917276445188732	0.63231850117096	0.96940344403444	Il1b,Fasl,Bgn,Pdgfrb,Il1a,Timp1,Hgf,Ccnd1,Ier3,Hmgb2,Cav1	11	160	64	Mutter_02
CD8.T.cell	MBRT_vs_Ctrl	HALLMARK_COAGULATION	MSigDB_Hallmark	exploratory	-0.84529178402855	0.705223880597015	0.96940344403444	Fn1,Lamp2,Mmp7,Fgg,Thbs1,Pecam1,Apoa1,Bmp1	8	139	28	Mutter_02
CD8.T.cell	MBRT_vs_Ctrl	HALLMARK_DNA_REPAIR	MSigDB_Hallmark	exploratory	-0.850599655196771	0.669144981412639	0.96940344403444	Nt5c3,Pcna,Npr2	3	150	5	Mutter_02
CD8.T.cell	MBRT_vs_Ctrl	HALLMARK_ESTROGEN_RESPONSE_EARLY	MSigDB_Hallmark	exploratory	-0.74186040856609	0.874326750448833	0.96940344403444	Fkbp5,Krt15,Rara,Celsr1,Myc,Xbp1,Ptges	7	200	33	Mutter_02
CD8.T.cell	MBRT_vs_Ctrl	HALLMARK_IL2_STAT5_SIGNALING	MSigDB_Hallmark	exploratory	-0.820702933354855	0.785330948121646	0.96940344403444	Ahr,Tnfsf10,Bmpr2,Icos,Il1r2,Tnfrsf21,Il1rl1,Myc,Ifngr1,Il2ra,Xbp1,Alcam,Tnfrsf1b,Spp1	14	199	58	Mutter_02
CD8.T.cell	MBRT_vs_Ctrl	HALLMARK_IL6_JAK_STAT3_SIGNALING	MSigDB_Hallmark	exploratory	0.770707737446762	0.893333333333333	0.96940344403444	Il4ra,Il1b,Pf4,Il3ra,Cxcl2,Il15ra,Csf3r,Csf2,Tgfb1	9	88	56	Mutter_02
CD8.T.cell	MBRT_vs_Ctrl	HALLMARK_INTERFERON_ALPHA_RESPONSE	MSigDB_Hallmark	exploratory	0.835987358698145	0.70752688172043	0.96940344403444	Il4ra,Ifitm1,Ccrl2	3	100	23	Mutter_02
CD8.T.cell	MBRT_vs_Ctrl	HALLMARK_INTERFERON_GAMMA_RESPONSE	MSigDB_Hallmark	exploratory	-0.814424420706475	0.816112084063047	0.96940344403444	Tnfsf10,Fas,Ifi44l,Ifi27,Ciita,Il7,H2-Aa,Arid5b,Tnfaip6,H2-DMa,H2-D1,Fpr1,Cxcl9,Casp3,H2-Eb1,Cd274,Ptgs2,Nlrc5,Oas2,Il10ra,B2m,Mt2,Bst2,Cd74,H2-M3,Stat1,Tap1,Il15,Vcam1,Xcl1,H2-Q10,Jak2,Ifitm2,Cdkn1a,Ifitm3	35	205	65	Mutter_02
CD8.T.cell	MBRT_vs_Ctrl	HALLMARK_KRAS_SIGNALING_UP	MSigDB_Hallmark	exploratory	-0.844175954039912	0.735241502683363	0.96940344403444	Igfbp3,Sox9,Ace,Spry2,Slpi,Adgra2,Tlr8,Sparcl1,Pecam1,Cd37,Tnfrsf1b,Spp1	12	203	49	Mutter_02
CD8.T.cell	MBRT_vs_Ctrl	HALLMARK_MTORC1_SIGNALING	MSigDB_Hallmark	exploratory	-0.681555385722498	0.894833948339483	0.96940344403444	Ldha,Sqstm1,Xbp1,Ddit3,Igfbp5,Hsp90b1,Cdkn1a,Itgb2	8	201	14	Mutter_02
CD8.T.cell	MBRT_vs_Ctrl	HALLMARK_PANCREAS_BETA_CELLS	MSigDB_Hallmark	exploratory	-0.752693598140871	0.788389513108614	0.96940344403444	Sst	1	40	4	Mutter_02
CD8.T.cell	MBRT_vs_Ctrl	HALLMARK_PI3K_AKT_MTOR_SIGNALING	MSigDB_Hallmark	exploratory	0.698683616537465	0.849673202614379	0.96940344403444	Fasl,Pfn1,Sfn,Il2rg,Slc2a1	5	105	16	Mutter_02
CD8.T.cell	MBRT_vs_Ctrl	HALLMARK_REACTIVE_OXYGEN_SPECIES_PATHWAY	MSigDB_Hallmark	exploratory	-0.773716288365455	0.756505576208179	0.96940344403444	Sod1,Junb	2	48	5	Mutter_02
CD8.T.cell	MBRT_vs_Ctrl	HALLMARK_UNFOLDED_PROTEIN_RESPONSE	MSigDB_Hallmark	exploratory	0.644864951407906	0.881578947368421	0.96940344403444	Ccl2	1	113	6	Mutter_02
CD8.T.cell	MBRT_vs_Ctrl	HALLMARK_XENOBIOTIC_METABOLISM	MSigDB_Hallmark	exploratory	-0.769830602966859	0.787934186471664	0.96940344403444	Esr1,Fas,Epha2,Ptges,Tgfb2,Mt2,Hsd17b2,Ptgds,Ppard,Cd36	10	203	20	Mutter_02
CD8.T.cell	MBRT_vs_Ctrl	TypeI_interferon	project	primary	0.82557755779139	0.692477876106195	0.96940344403444	Ifitm1	1	19	7	Mutter_02
CD8.T.cell	MBRT_vs_Ctrl	HALLMARK_HYPOXIA	MSigDB_Hallmark	exploratory	0.716280898561588	0.919642857142857	0.971578947368421	Pgf,Bgn,Pdgfb,Ier3,Cav1,Btg1,Dcn,Slc2a1,Anxa2,Plac8,S100a4	11	200	39	Mutter_02
CD8.T.cell	MBRT_vs_Ctrl	HALLMARK_MITOTIC_SPINDLE	MSigDB_Hallmark	exploratory	0.608243485970262	0.93421052631579	0.971578947368421	Plekhg2,Gsn,Top2a,Notch2,Ezr,Nusap1,Abl1,Birc5,Cenpf,Apc,Dst	11	199	11	Mutter_02
CD8.T.cell	MBRT_vs_Ctrl	HALLMARK_APICAL_JUNCTION	MSigDB_Hallmark	exploratory	0.565299360884879	0.986516853932584	0.986516853932584	Vwf,Syk,Fyb,Cdh11,Ptprc,Pfn1,Cd34,Itga2,Vcan,Cdh1,Cd86	11	199	38	Mutter_02
CD8.T.cell	MBRT_vs_Ctrl	HALLMARK_APICAL_SURFACE	MSigDB_Hallmark	exploratory	-0.501561852430415	0.977570093457944	0.986516853932584	Efna5,Ephb4,Brca1,App,Cx3cl1,Gata3,Hspb1	7	44	10	Mutter_02
CD8.T.cell	MBRT_vs_SBRT	HALLMARK_EPITHELIAL_MESENCHYMAL_TRANSITION	MSigDB_Hallmark	exploratory	-1.87737645579728	0.000142343322989388	0.00740185279544816	Acta2,Dcn,Col3a1,Col5a3,Tpm1,Col1a2,Tpm2,Igfbp3,Col6a2,Gadd45b,Col4a1,Areg,Col1a1,Col4a2,Myl9,Dst,Col5a1,Fzd8,Jun,Col16a1,Vegfa,Il15,Mfap5,Tnfrsf12a,Emp3,Vim,Col12a1,Col6a3,Serpinh1,Lgals1,Mgp	31	206	72	Mutter_02
CD8.T.cell	MBRT_vs_SBRT	HALLMARK_UV_RESPONSE_DN	MSigDB_Hallmark	exploratory	-1.94601588147279	0.000517769910225982	0.0134620176658755	Col3a1,Ldlr,Col1a2,Adgrl2,Ica1,Col1a1,Tgfbr2,Dusp1,Bmpr1a,Nfkb1,Cav1,Rxra,Mapk14,Nr3c1,Fyn	15	144	32	Mutter_02
CD8.T.cell	MBRT_vs_SBRT	HALLMARK_MYOGENESIS	MSigDB_Hallmark	exploratory	-1.87006200200553	0.000976926371794006	0.0169333904444294	Gsn,Tnnc1,Col3a1,Igfbp7,Apod,Tpm2,Igfbp3,Col6a2,Gadd45b,Col1a1,Mb,Col4a2,Tcap,Rb1,Cryab	15	201	39	Mutter_02
CD8.T.cell	MBRT_vs_SBRT	HALLMARK_MITOTIC_SPINDLE	MSigDB_Hallmark	exploratory	-1.86955164148106	0.0023592990653364	0.0306708878493732	Gsn,Top2a,Plekhg2,Nusap1,Abl1,Dst,Birc5,Ezr	8	199	11	Mutter_02
CD8.T.cell	MBRT_vs_SBRT	HALLMARK_KRAS_SIGNALING_UP	MSigDB_Hallmark	exploratory	1.64923756764036	0.00366484094065693	0.0372449845820162	Ptgs2,Cxcr4,Csf2,Cmklr1,Il1b,Fgf9,Bmp2,Il7r,Arg1,Inhba,Scg5,Lif,Ccl20,Il33,Gpnmb,Cidea,Pdcd1lg2	17	203	49	Mutter_02
CD8.T.cell	MBRT_vs_SBRT	HALLMARK_PROTEIN_SECRETION	MSigDB_Hallmark	exploratory	-1.80186372149677	0.00429749822100187	0.0372449845820162	Sod1,Ica1,Arf1,Dst,Krt18,Igf2r	6	96	9	Mutter_02
CD8.T.cell	MBRT_vs_SBRT	HALLMARK_INFLAMMATORY_RESPONSE	MSigDB_Hallmark	exploratory	1.54619515640151	0.00833515539619644	0.0619182972288878	Msr1,Clec5a,Cd69,Cmklr1,Il1b,Il1a,Nlrp3,Best1,Cdkn1a,Cd14,Cd40,Ccrl2,Tlr1,Il12b,Csf3r,Il7r,Inhba,Fpr1,Lif,Ccl20,Ccr7,Olr1	22	201	86	Mutter_02
CD8.T.cell	MBRT_vs_SBRT	HALLMARK_ADIPOGENESIS	MSigDB_Hallmark	exploratory	-1.71697515862115	0.0107398791263425	0.0698092143212265	Col4a1,Ifngr1,Sod1,Fzd4,Sparcl1,Stat5a,Fabp4,Col15a1,Vegfb,Lifr	10	200	19	Mutter_02
CD8.T.cell	MBRT_vs_SBRT	HALLMARK_G2M_CHECKPOINT	MSigDB_Hallmark	exploratory	-1.60478988075904	0.0245764067619336	0.141997016846727	Top2a,Nusap1,Mki67,Abl1,Stmn1,Ccnd1,Mapk14,Birc5	8	198	23	Mutter_02
CD8.T.cell	MBRT_vs_SBRT	HALLMARK_ESTROGEN_RESPONSE_LATE	MSigDB_Hallmark	exploratory	-1.4883938920192	0.027659592684494	0.143829881959369	Ptges,Tnnc1,Top2a,Xbp1,Krt19,Areg,Cav1,Pgr,Fos,Ccnd1,Cdh1,Celsr2,Zfp36	13	206	35	Mutter_02
CD8.T.cell	MBRT_vs_SBRT	HALLMARK_OXIDATIVE_PHOSPHORYLATION	MSigDB_Hallmark	exploratory	-1.51813832636593	0.0332470309404987	0.157167782627812	Ldha,Glud1,Atp5e	3	199	4	Mutter_02
CD8.T.cell	MBRT_vs_SBRT	HALLMARK_KRAS_SIGNALING_DN	MSigDB_Hallmark	exploratory	1.49413498963849	0.0396702727626883	0.171904515304983	Ifng,Il12b,Krt4,Tcl1,Ryr2,Ifi44l,Pdcd1,Cd80	8	202	19	Mutter_02
CD8.T.cell	MBRT_vs_SBRT	HALLMARK_ESTROGEN_RESPONSE_EARLY	MSigDB_Hallmark	exploratory	-1.38920492234541	0.0681399631675875	0.27255985267035	Ptges,Xbp1,Krt19,Areg,Krt8,Pgr,Fos,Krt18,Ccnd1,Fasn,Celsr2,Ar	12	200	33	Mutter_02
CD8.T.cell	MBRT_vs_SBRT	HALLMARK_ALLOGRAFT_REJECTION	MSigDB_Hallmark	exploratory	1.26002252040888	0.0847457627118644	0.276026432672517	Cd8b1,Il1b,Nlrp3,Itk,Cd40,Itgal,Ifng,Cd8a,Tlr1,Il12b,Cd3e,Cd28,Irf4,Il16,Inhba,Ccl4,Fas,Lif,Il12rb1,Il2,Pf4,Cxcl9,H2-DMb1,Cd80,Inhbb,Stat4	26	201	102	Mutter_02
CD8.T.cell	MBRT_vs_SBRT	HALLMARK_E2F_TARGETS	MSigDB_Hallmark	exploratory	-1.39804051099956	0.0902394106813996	0.276026432672517	Top2a,Dnmt1,Hmgb2,Mki67,Pcna,Stmn1,Mlh1,Birc5	8	200	20	Mutter_02
CD8.T.cell	MBRT_vs_SBRT	HALLMARK_HYPOXIA	MSigDB_Hallmark	exploratory	-1.32741239628363	0.0892531876138433	0.276026432672517	Dcn,Igfbp3,Ldha,Dusp1,Col5a1,Cav1,Jun,S100a4,Vegfa,Fos,Nr3c1,Tgfb3,Zfp36,Inha,Rora,Ier3	16	200	39	Mutter_02
CD8.T.cell	MBRT_vs_SBRT	HALLMARK_PEROXISOME	MSigDB_Hallmark	exploratory	-1.41909320635117	0.0880626223091977	0.276026432672517	Top2a,Sod1	2	102	4	Mutter_02
CD8.T.cell	MBRT_vs_SBRT	HALLMARK_UNFOLDED_PROTEIN_RESPONSE	MSigDB_Hallmark	exploratory	-1.3734769105059	0.115606936416185	0.333975594091201	Xbp1,Bag3,Vegfa	3	113	6	Mutter_02
CD8.T.cell	MBRT_vs_SBRT	HALLMARK_PANCREAS_BETA_CELLS	MSigDB_Hallmark	exploratory	1.35720491830592	0.122199592668024	0.334440990459856	Iapp,Gcg,Sst	3	40	4	Mutter_02
CD8.T.cell	MBRT_vs_SBRT	HALLMARK_GLYCOLYSIS	MSigDB_Hallmark	exploratory	-1.33939955199633	0.137184115523466	0.356678700361011	Dcn,Igfbp3,Ldha,Sod1,Col5a1,Vegfa,Stmn1,Ier3,Sox9,Ppia	10	200	18	Mutter_02
CD8.T.cell	MBRT_vs_SBRT	HALLMARK_TGF_BETA_SIGNALING	MSigDB_Hallmark	exploratory	-1.30749577738429	0.150735294117647	0.373249299719888	Junb,Hdac1,Bmpr1a,Ifngr2,Cdh1,Ctnnb1	6	54	15	Mutter_02
CD8.T.cell	MBRT_vs_SBRT	HALLMARK_MYC_TARGETS_V1	MSigDB_Hallmark	exploratory	-1.31249397076485	0.167924528301887	0.396912521440823	Ldha,Pcna,Ptges3	3	201	9	Mutter_02
CD8.T.cell	MBRT_vs_SBRT	HALLMARK_ANDROGEN_RESPONSE	MSigDB_Hallmark	exploratory	-1.27700987262593	0.176579925650558	0.399224179731696	Arid5b,Krt19,Krt8,Selenop,Ccnd1,Lifr,Myl12a,Maf,B2m,Akt1	10	112	17	Mutter_02
CD8.T.cell	MBRT_vs_SBRT	HALLMARK_TNFA_SIGNALING_VIA_NFKB	MSigDB_Hallmark	exploratory	1.16281195251711	0.200945626477541	0.43538219070134	Ptgs2,Csf2,Cd69,Il1b,Il1a,Cdkn1a,Bmp2,Cxcl2,Ccrl2,Il12b,Sat1,Il7r,Inhba,Ccl4,Lif,Cflar,Ccl20,Olr1	18	199	76	Mutter_02
CD8.T.cell	MBRT_vs_SBRT	HALLMARK_APOPTOSIS	MSigDB_Hallmark	exploratory	-1.15679540879861	0.225352112676056	0.468732394366197	Gsn,Dcn,Top2a,Hmgb2,Gadd45b,Ifngr1,Sod1,Fasl,Cav1,Jun,Krt18,Ccnd1,Gpx1,Sqstm1,Igf2r,Tnfrsf12a,Rela,Lmna,Hspb1,Ctnnb1,Ier3,Clu	22	160	64	Mutter_02
CD8.T.cell	MBRT_vs_SBRT	HALLMARK_IL6_JAK_STAT3_SIGNALING	MSigDB_Hallmark	exploratory	1.12656447139467	0.244988864142539	0.489977728285078	Csf2,Il1b,Cd14,Il17rb,Cxcl2,Acvrl1,Csf3r,Fas,Pdgfc,Il12rb1,Pf4,Cxcl9,Tnfrsf21,Il13ra1	14	88	56	Mutter_02
CD8.T.cell	MBRT_vs_SBRT	HALLMARK_IL2_STAT5_SIGNALING	MSigDB_Hallmark	exploratory	-1.11291007685959	0.279279279279279	0.500776638707673	Xbp1,Itga6,Sell,Gadd45b,Ifngr1,Ahr,Cd81,Col6a1,Cd48,Spry4,Il10ra,Igf2r,Alcam,Icos,Rora,Cd86	16	199	58	Mutter_02
CD8.T.cell	MBRT_vs_SBRT	HALLMARK_REACTIVE_OXYGEN_SPECIES_PATHWAY	MSigDB_Hallmark	exploratory	-1.19067086021831	0.276061776061776	0.500776638707673	Junb,Sod1	2	48	5	Mutter_02
CD8.T.cell	MBRT_vs_SBRT	TypeI_interferon	project	primary	1.19232368209303	0.275641025641026	0.500776638707673	Mx1,Ifit1	2	19	7	Mutter_02
CD8.T.cell	MBRT_vs_SBRT	HALLMARK_FATTY_ACID_METABOLISM	MSigDB_Hallmark	exploratory	-1.12847706626099	0.304672897196262	0.522248087795145	Ldha,Glul,Fasn,Lgals1,S100a10,Hsp90aa1	6	157	11	Mutter_02
CD8.T.cell	MBRT_vs_SBRT	TypeII_interferon	project	primary	1.14582012350342	0.311340206185567	0.522248087795145	Cxcl9,Cxcl10,Ciita,H2-Ab1,H2-Eb1	5	17	8	Mutter_02
CD8.T.cell	MBRT_vs_SBRT	HALLMARK_MTORC1_SIGNALING	MSigDB_Hallmark	exploratory	-1.04136946714444	0.403377110694184	0.635624538063563	Xbp1,Ldlr,Ldha,Sqstm1,Igfbp5,Serpinh1,Ppia,Cd9,Hsp90b1	9	201	14	Mutter_02
CD8.T.cell	MBRT_vs_SBRT	HALLMARK_NOTCH_SIGNALING	MSigDB_Hallmark	exploratory	-1.05317387624125	0.4	0.635624538063563	Fzd7,Fzd5,Maml2,Ccnd1	4	32	12	Mutter_02
CD8.T.cell	MBRT_vs_SBRT	HALLMARK_APICAL_JUNCTION	MSigDB_Hallmark	exploratory	-1.00023635484293	0.474074074074074	0.704338624338624	Rac2,Myl9,Col17a1,Col16a1,Mapk14,Pfn1,Cdh1,Src,Cd86,Icam1,Vwf,Itgb4,Actg2,Cldn4,Ptprc	15	199	38	Mutter_02
CD8.T.cell	MBRT_vs_SBRT	HALLMARK_XENOBIOTIC_METABOLISM	MSigDB_Hallmark	exploratory	-0.985382941944068	0.469613259668508	0.704338624338624	Ptges,Il1r1,Ptges3	3	203	20	Mutter_02
CD8.T.cell	MBRT_vs_SBRT	HALLMARK_PI3K_AKT_MTOR_SIGNALING	MSigDB_Hallmark	exploratory	-0.920410847184304	0.534322820037106	0.771799628942486	Fasl,Arf1,Tnfrsf1a,Rac1,Pfn1,Sqstm1	6	105	16	Mutter_02
CD8.T.cell	MBRT_vs_SBRT	DNA_Damage_Repair	project	primary	0.92427499391824	0.585263157894737	0.819997971808133	Cdkn1a,Chek2,Atm	3	18	10	Mutter_02
CD8.T.cell	MBRT_vs_SBRT	HALLMARK_BILE_ACID_METABOLISM	MSigDB_Hallmark	exploratory	-0.892420432237356	0.599229287090559	0.819997971808133	Sod1,Rxra,Ar	3	112	6	Mutter_02
CD8.T.cell	MBRT_vs_SBRT	HALLMARK_CHOLESTEROL_HOMEOSTASIS	MSigDB_Hallmark	exploratory	-0.857318675599067	0.646616541353383	0.862155388471178	Ldlr,Fasn,Tnfrsf12a,Alcam,Ctnnb1,Clu,Cd9	7	75	13	Mutter_02
CD8.T.cell	MBRT_vs_SBRT	HALLMARK_COAGULATION	MSigDB_Hallmark	exploratory	-0.848143451716383	0.703839122486289	0.914990859232176	Gsn,Rac1,Fyn,Dusp6,Clu,Cfd,Cd9,Vwf	8	139	28	Mutter_02
CD8.T.cell	MBRT_vs_SBRT	HALLMARK_COMPLEMENT	MSigDB_Hallmark	exploratory	-0.806284019559857	0.807763401109057	0.962284533370908	Dusp5,Gzma,Col4a2,Calm1,Calm3,Pfn1,Fyn,Gzmb,Dusp6,Src	10	196	42	Mutter_02
CD8.T.cell	MBRT_vs_SBRT	HALLMARK_DNA_REPAIR	MSigDB_Hallmark	exploratory	-0.705999171851241	0.824324324324324	0.962284533370908	Pcna	1	150	5	Mutter_02
CD8.T.cell	MBRT_vs_SBRT	HALLMARK_HEME_METABOLISM	MSigDB_Hallmark	exploratory	0.724876872178484	0.805555555555556	0.962284533370908	Myl4,Epor	2	194	7	Mutter_02
CD8.T.cell	MBRT_vs_SBRT	HALLMARK_INTERFERON_ALPHA_RESPONSE	MSigDB_Hallmark	exploratory	-0.778028924425949	0.77737881508079	0.962284533370908	Sell,Il15,Bst2,B2m,Ifih1,H2-Q10,Lamp3,Cd47,Ifi27,Ifitm3	10	100	23	Mutter_02
CD8.T.cell	MBRT_vs_SBRT	HALLMARK_INTERFERON_GAMMA_RESPONSE	MSigDB_Hallmark	exploratory	0.803654505995382	0.867924528301887	0.962284533370908	Ptgs2,Cd69,Cmklr1,Cdkn1a,Cd40,Irf4,Fpr1,Fas,Ifi44l,Cxcl9,Stat4,Cxcl10,Hif1a,Ciita,Ifnar2,Tnfsf10,Il7,Il15ra,Il6,H2-M3,Lgals3bp	21	205	65	Mutter_02
CD8.T.cell	MBRT_vs_SBRT	HALLMARK_P53_PATHWAY	MSigDB_Hallmark	exploratory	0.761993456752331	0.869757174392936	0.962284533370908	Il1a,Cdkn1a,Bmp2,Krt17,Sat1,Fas,Lif	7	199	39	Mutter_02
CD8.T.cell	MBRT_vs_SBRT	HALLMARK_SPERMATOGENESIS	MSigDB_Hallmark	exploratory	0.671059893781672	0.84472049689441	0.962284533370908	Scg5	1	135	6	Mutter_02
CD8.T.cell	MBRT_vs_SBRT	HALLMARK_ANGIOGENESIS	MSigDB_Hallmark	exploratory	0.706883116669414	0.898004434589801	0.972838137472284	Olr1,Pf4,Tnfrsf21,Vcan,Timp1,Cxcl5,Vtn,Spp1,Ptk2,App,Itgav	11	36	19	Mutter_02
CD8.T.cell	MBRT_vs_SBRT	HALLMARK_UV_RESPONSE_UP	MSigDB_Hallmark	exploratory	-0.666471332529654	0.922794117647059	0.979291716686675	Junb,Fos,Sqstm1,Icam1,Gpx3,Aqp3,Casp3	7	158	24	Mutter_02
CD8.T.cell	MBRT_vs_SBRT	HALLMARK_APICAL_SURFACE	MSigDB_Hallmark	exploratory	0.5617159074261	0.966315789473684	0.99289322715986	Efna5,App,Cx3cl1,Brca1,Gata3,Ephb4,Lyn,Il2rg,Il2rb,Hspb1	10	44	10	Mutter_02
CD8.T.cell	MBRT_vs_SBRT	HALLMARK_WNT_BETA_CATENIN_SIGNALING	MSigDB_Hallmark	exploratory	0.568030068508126	0.973799126637555	0.99289322715986	Tcf7,Fzd1	2	42	15	Mutter_02
CD8.T.cell	MBRT_vs_SBRT	HALLMARK_HEDGEHOG_SIGNALING	MSigDB_Hallmark	exploratory	-0.420593277047496	1	1	Vegfa	1	36	5	Mutter_02
CD8.T.cell	SBRT_vs_Ctrl	HALLMARK_EPITHELIAL_MESENCHYMAL_TRANSITION	MSigDB_Hallmark	exploratory	2.04563986610098	1.18877519240035e-05	0.000618163100048181	Col3a1,Col5a3,Acta2,Col1a1,Dcn,Col1a2,Col5a2,Col6a2,Bgn,Col4a1,Col12a1,Gadd45b,Mfap5,Areg,Cxcl12,Wnt5a,Col5a1,Tnfrsf12a,Serpinh1,Myl9,Col6a3,Tpm2	22	206	72	Mutter_02
CD8.T.cell	SBRT_vs_Ctrl	HALLMARK_UV_RESPONSE_DN	MSigDB_Hallmark	exploratory	1.80887993371126	0.00143665494665511	0.037353028613033	Col3a1,Col1a1,Col1a2,Col5a2,Ldlr,Fyn,Tgfbr2,Cav1,Nfkb1	9	144	32	Mutter_02
CD8.T.cell	SBRT_vs_Ctrl	HALLMARK_MYOGENESIS	MSigDB_Hallmark	exploratory	1.76379062528331	0.00232774552273203	0.0403475890606886	Col3a1,Col1a1,Apod,Gsn,Col6a2,Igfbp7,Col15a1,Gadd45b,Tnnc1,Clu,Col6a3,Tpm2	12	201	39	Mutter_02
CD8.T.cell	SBRT_vs_Ctrl	HALLMARK_KRAS_SIGNALING_DN	MSigDB_Hallmark	exploratory	-1.78920666676311	0.00473416643568473	0.0615441636639014	Egf,Ifi44l,Il12b,Tcl1,Cpb1,Cntfr,Krt15,Ifng,Krt1,Fgfr3,Cd80,Ryr2	12	202	19	Mutter_02
CD8.T.cell	SBRT_vs_Ctrl	HALLMARK_ESTROGEN_RESPONSE_EARLY	MSigDB_Hallmark	exploratory	1.68058617881802	0.00957228874448073	0.0865810334679159	Ptges,Pgr,Krt19,Areg,Ccnd1,Cxcl12,Celsr2,Krt18,Krt8,Xbp1,Fasn,Aqp3,Sfn,Muc1,Fos,Ar	16	200	33	Mutter_02
CD8.T.cell	SBRT_vs_Ctrl	HALLMARK_ESTROGEN_RESPONSE_LATE	MSigDB_Hallmark	exploratory	1.62777648458471	0.00999011924629799	0.0865810334679159	Top2a,Ptges,Pgr,Krt19,Areg,Cav1,Ccnd1,Cxcl12,Dusp2,Tnnc1,Celsr2,Cdh1,Xbp1	13	206	35	Mutter_02
CD8.T.cell	SBRT_vs_Ctrl	HALLMARK_KRAS_SIGNALING_UP	MSigDB_Hallmark	exploratory	-1.58993231097578	0.0143816836957579	0.104191617588104	Ptgs2,Cxcr4,Spry2,Cmklr1,Inhba,Bmp2,Csf2,Adgra2,Lif,Scg5,Ace,Spp1,Sox9,Fgf9,Cidea,Pecam1,Tnfrsf1b	17	203	49	Mutter_02
CD8.T.cell	SBRT_vs_Ctrl	HALLMARK_MITOTIC_SPINDLE	MSigDB_Hallmark	exploratory	1.64658923355117	0.0160294796289391	0.104191617588104	Gsn,Top2a,Plekhg2,Nusap1,Abl1,Ezr,Birc5	7	199	11	Mutter_02
CD8.T.cell	SBRT_vs_Ctrl	TypeII_interferon	project	primary	-1.64434040847151	0.0234233950135094	0.135335171189165	Ciita,Cxcl9,H2-Aa,H2-Ab1,H2-Eb1	5	17	8	Mutter_02
CD8.T.cell	SBRT_vs_Ctrl	HALLMARK_IL6_JAK_STAT3_SIGNALING	MSigDB_Hallmark	exploratory	-1.37328058408196	0.0590645593616164	0.280828082808281	Acvr1b,Fas,Cd14,Pdgfc,Il12rb1,Tnfrsf21,Acvrl1,Il13ra1,Cxcl9,Il7,Il17rb,Csf2	12	88	56	Mutter_02
CD8.T.cell	SBRT_vs_Ctrl	HALLMARK_PEROXISOME	MSigDB_Hallmark	exploratory	1.44663800276253	0.0594059405940594	0.280828082808281	Top2a	1	102	4	Mutter_02
CD8.T.cell	SBRT_vs_Ctrl	HALLMARK_ADIPOGENESIS	MSigDB_Hallmark	exploratory	1.40082178248456	0.0928571428571429	0.344897959183673	Col4a1,Col15a1,Fabp4,Stat5a	4	200	19	Mutter_02
CD8.T.cell	SBRT_vs_Ctrl	HALLMARK_E2F_TARGETS	MSigDB_Hallmark	exploratory	1.39681605706786	0.0864197530864198	0.344897959183673	Top2a,Hmgb2,Mki67,Dnmt1,Stmn1	5	200	20	Mutter_02
CD8.T.cell	SBRT_vs_Ctrl	HALLMARK_SPERMATOGENESIS	MSigDB_Hallmark	exploratory	-1.4351322878717	0.0835073068893528	0.344897959183673	Scg5,Ace,Cdkn3	3	135	6	Mutter_02
CD8.T.cell	SBRT_vs_Ctrl	HALLMARK_APICAL_JUNCTION	MSigDB_Hallmark	exploratory	1.25829635366521	0.159574468085106	0.43064182194617	Vwf,Pfn1,Cdh1,Col17a1,Ptprc,Cd86,Myl9,Rac2,Src,Icam1,Cdh11,Cd34	12	199	38	Mutter_02
CD8.T.cell	SBRT_vs_Ctrl	HALLMARK_APOPTOSIS	MSigDB_Hallmark	exploratory	1.25079510125182	0.13527397260274	0.43064182194617	Fasl,Dcn,Gsn,Bgn,Top2a,Hmgb2,Gadd45b,Cav1,Ccnd1,Ier3,Krt18,Lmna,Tnfrsf12a,Clu	14	160	64	Mutter_02
CD8.T.cell	SBRT_vs_Ctrl	HALLMARK_CHOLESTEROL_HOMEOSTASIS	MSigDB_Hallmark	exploratory	1.34197444996416	0.132692307692308	0.43064182194617	Ldlr,Jag1,Tnfrsf12a,Fasn,Clu	5	75	13	Mutter_02
CD8.T.cell	SBRT_vs_Ctrl	HALLMARK_COMPLEMENT	MSigDB_Hallmark	exploratory	1.20715305269446	0.173913043478261	0.43064182194617	Gzma,Dusp5,Fyn,Gzmb,Pdgfb,Pfn1	6	196	42	Mutter_02
CD8.T.cell	SBRT_vs_Ctrl	HALLMARK_G2M_CHECKPOINT	MSigDB_Hallmark	exploratory	1.25390189589201	0.173674588665448	0.43064182194617	Top2a,Mki67,Stmn1,Nusap1,Ccnd1,Abl1	6	198	23	Mutter_02
CD8.T.cell	SBRT_vs_Ctrl	HALLMARK_IL2_STAT5_SIGNALING	MSigDB_Hallmark	exploratory	1.21302030855491	0.152801358234295	0.43064182194617	Cd48,Col6a1,Spry4,Sell,Il4ra,Gadd45b,Il3ra,Itga6,Cd81,Xbp1,Cd86,Il10,Il2rb,Tnfrsf9,Igf2r	15	199	58	Mutter_02
CD8.T.cell	SBRT_vs_Ctrl	HALLMARK_INTERFERON_GAMMA_RESPONSE	MSigDB_Hallmark	exploratory	-1.21108632909734	0.143198090692124	0.43064182194617	Ptgs2,Fas,Ifi44l,Cdkn1a,Tnfsf10,Cd69,Ciita,Fpr1,Cmklr1,Cxcl9,Il7,Cd40,H2-Aa,H2-DMa,Irf4,H2-Eb1,H2-M3,Tnfaip6	18	205	65	Mutter_02
CD8.T.cell	SBRT_vs_Ctrl	HALLMARK_ANGIOGENESIS	MSigDB_Hallmark	exploratory	1.26639929195199	0.1875	0.443181818181818	Col3a1,Col5a2,S100a4,Jag1,Pf4,Fgfr1	6	36	19	Mutter_02
CD8.T.cell	SBRT_vs_Ctrl	HALLMARK_HYPOXIA	MSigDB_Hallmark	exploratory	1.18508725859249	0.215547703180212	0.487325241972653	Dcn,Bgn,Cav1,Pdgfb,Ier3,S100a4,Col5a1	7	200	39	Mutter_02
CD8.T.cell	SBRT_vs_Ctrl	HALLMARK_INFLAMMATORY_RESPONSE	MSigDB_Hallmark	exploratory	-1.08392176654116	0.291044776119403	0.630597014925373	Clec5a,Acvr1b,Cdkn1a,Cd14,Tnfsf10,Msr1,Il12b,Cd69,Fpr1,Cmklr1,Inhba,Cxcl9,Cd40,Met,Tlr1,Lif,Best1	17	201	86	Mutter_02
CD8.T.cell	SBRT_vs_Ctrl	HALLMARK_TGF_BETA_SIGNALING	MSigDB_Hallmark	exploratory	-1.13073854251605	0.319502074688797	0.649659863945578	Tgfbr1,Smad3,Bmpr2,Bmp2,Thbs1,Apc	6	54	15	Mutter_02
CD8.T.cell	SBRT_vs_Ctrl	HALLMARK_TNFA_SIGNALING_VIA_NFKB	MSigDB_Hallmark	exploratory	1.09466159647892	0.324829931972789	0.649659863945578	Klf2,Ldlr,Dusp5,Gadd45b,Areg,Junb,Ccnd1,Ier3,Nfkb1,Stat5a,Dusp2,Nfkbia,Jag1,Zfp36,Ccl2,Tnfrsf9,Icam1,Dusp1,Fos,Ifih1,Ccl4,Ccl5	22	199	76	Mutter_02
CD8.T.cell	SBRT_vs_Ctrl	DNA_Damage_Repair	project	primary	-1.03056378416345	0.43558282208589	0.705426356589147	Chek2,Cdkn1a,Atm,Brca1,Bax	5	18	10	Mutter_02
CD8.T.cell	SBRT_vs_Ctrl	HALLMARK_GLYCOLYSIS	MSigDB_Hallmark	exploratory	0.965829848296219	0.501811594202899	0.705426356589147	Dcn,Stmn1,Ier3,Col5a1	4	200	18	Mutter_02
CD8.T.cell	SBRT_vs_Ctrl	HALLMARK_HEME_METABOLISM	MSigDB_Hallmark	exploratory	-0.993432149647848	0.475409836065574	0.705426356589147	Lamp2,Epor	2	194	7	Mutter_02
CD8.T.cell	SBRT_vs_Ctrl	HALLMARK_NOTCH_SIGNALING	MSigDB_Hallmark	exploratory	0.961477376141593	0.515503875968992	0.705426356589147	Ccnd1,Wnt5a,Jag1,Fzd7,Dll1,Fzd5,Maml2,Notch2	8	32	12	Mutter_02
CD8.T.cell	SBRT_vs_Ctrl	HALLMARK_P53_PATHWAY	MSigDB_Hallmark	exploratory	-0.980836855245269	0.490825688073395	0.705426356589147	Acvr1b,Fas,Cdkn1a,Bmp2,Krt17,Sat1,Lif,Notch1,Tm4sf1,Atf3,Bax,Il1a,App,Inhbb,Tsc22d1,Tap1,Tnfsf9,Rack1,Ddit3,Pdgfa	20	199	39	Mutter_02
CD8.T.cell	SBRT_vs_Ctrl	HALLMARK_PANCREAS_BETA_CELLS	MSigDB_Hallmark	exploratory	-1.1021840592489	0.368209255533199	0.705426356589147	Sst,Iapp,Gcg	3	40	4	Mutter_02
CD8.T.cell	SBRT_vs_Ctrl	HALLMARK_PI3K_AKT_MTOR_SIGNALING	MSigDB_Hallmark	exploratory	1.01574154781866	0.443609022556391	0.705426356589147	Fasl,Pfn1,Tnfrsf1a,Sfn,Il2rg,Akt1	6	105	16	Mutter_02
CD8.T.cell	SBRT_vs_Ctrl	HALLMARK_PROTEIN_SECRETION	MSigDB_Hallmark	exploratory	0.970865783592632	0.50294695481336	0.705426356589147	Krt18,Ica1,Igf2r,Dst	4	96	9	Mutter_02
CD8.T.cell	SBRT_vs_Ctrl	HALLMARK_UNFOLDED_PROTEIN_RESPONSE	MSigDB_Hallmark	exploratory	1.05062127255013	0.41793893129771	0.705426356589147	Xbp1,Ccl2,Bag3,Vegfa	4	113	6	Mutter_02
CD8.T.cell	SBRT_vs_Ctrl	HALLMARK_UV_RESPONSE_UP	MSigDB_Hallmark	exploratory	-1.02748318648525	0.424379232505643	0.705426356589147	Rxrb,Bmp2,Bid,H2-Q1,H2-M3,Fgf18,H2-Q2,Atf3,Epcam,Tap1	10	158	24	Mutter_02
CD8.T.cell	SBRT_vs_Ctrl	HALLMARK_WNT_BETA_CATENIN_SIGNALING	MSigDB_Hallmark	exploratory	-0.980532176830265	0.470954356846473	0.705426356589147	Tcf7,Fzd1,Notch1,Wnt5b,Hey1,Fzd8	6	42	15	Mutter_02
CD8.T.cell	SBRT_vs_Ctrl	HALLMARK_XENOBIOTIC_METABOLISM	MSigDB_Hallmark	exploratory	0.973245481883037	0.467372134038801	0.705426356589147	Ptges,Arg1,Tnfrsf1a,Il1r1,Ptges3	5	203	20	Mutter_02
CD8.T.cell	SBRT_vs_Ctrl	HALLMARK_REACTIVE_OXYGEN_SPECIES_PATHWAY	MSigDB_Hallmark	exploratory	0.965630046626197	0.548076923076923	0.730769230769231	Junb,Fes,Gpx3	3	48	5	Mutter_02
CD8.T.cell	SBRT_vs_Ctrl	HALLMARK_COAGULATION	MSigDB_Hallmark	exploratory	0.882720507291569	0.61013986013986	0.773835920177384	Gsn,Fyn,Vwf,Pdgfb	4	139	28	Mutter_02
CD8.T.cell	SBRT_vs_Ctrl	HALLMARK_HEDGEHOG_SIGNALING	MSigDB_Hallmark	exploratory	-0.894056872328322	0.597510373443983	0.773835920177384	Cntfr,Hey1,Celsr1	3	36	5	Mutter_02
CD8.T.cell	SBRT_vs_Ctrl	HALLMARK_ANDROGEN_RESPONSE	MSigDB_Hallmark	exploratory	0.834955964383692	0.694139194139194	0.821932487944276	Krt19,Arid5b,Ccnd1,Krt8	4	112	17	Mutter_02
CD8.T.cell	SBRT_vs_Ctrl	HALLMARK_INTERFERON_ALPHA_RESPONSE	MSigDB_Hallmark	exploratory	0.843018505694455	0.689213893967093	0.821932487944276	Sell,Il4ra,Ifitm1	3	100	23	Mutter_02
CD8.T.cell	SBRT_vs_Ctrl	HALLMARK_MTORC1_SIGNALING	MSigDB_Hallmark	exploratory	0.816339721325061	0.695481335952849	0.821932487944276	Ldlr,Xbp1,Serpinh1,Ppia	4	201	14	Mutter_02
CD8.T.cell	SBRT_vs_Ctrl	HALLMARK_ALLOGRAFT_REJECTION	MSigDB_Hallmark	exploratory	0.874221904713252	0.732258064516129	0.846164874551971	Gzma,Fasl,Il4ra,Cd3d,Ncr1,Gzmb,Cxcr3,Ptprc,Cd86,Csk,Il10,Ccl2,Il2rb,Pf4,Icam1,Srgn,Il2rg,Ccl4,Cd4,Ccl5,Il27ra,Ccl19,Fyb,Akt1,Tnf,Tlr3,Ccr5,Cd79a,Eif5a,Ifngr1	30	201	102	Mutter_02
CD8.T.cell	SBRT_vs_Ctrl	TypeI_interferon	project	primary	-0.7769674843812	0.752049180327869	0.850142551674982	Mx1	1	19	7	Mutter_02
CD8.T.cell	SBRT_vs_Ctrl	HALLMARK_BILE_ACID_METABOLISM	MSigDB_Hallmark	exploratory	-0.754586778614914	0.772442588726514	0.854617332208058	Apoa1	1	112	6	Mutter_02
CD8.T.cell	SBRT_vs_Ctrl	HALLMARK_MYC_TARGETS_V1	MSigDB_Hallmark	exploratory	0.738608145345363	0.799607072691552	0.866240995415848	Ptges3,Ppia,Pcna	3	201	9	Mutter_02
CD8.T.cell	SBRT_vs_Ctrl	HALLMARK_APICAL_SURFACE	MSigDB_Hallmark	exploratory	-0.663326661725897	0.860940695296524	0.913651350110596	Efna5,Brca1,App,Cx3cl1,Ephb4	5	44	10	Mutter_02
CD8.T.cell	SBRT_vs_Ctrl	HALLMARK_DNA_REPAIR	MSigDB_Hallmark	exploratory	-0.607812151822928	0.925311203319502	0.962323651452282	Npr2,Tyms,Nt5c3	3	150	5	Mutter_02
CD8.T.cell	SBRT_vs_Ctrl	HALLMARK_FATTY_ACID_METABOLISM	MSigDB_Hallmark	exploratory	0.57299120675951	0.965250965250965	0.976237623762376	Fasn,S100a10,Lgals1	3	157	11	Mutter_02
CD8.T.cell	SBRT_vs_Ctrl	HALLMARK_OXIDATIVE_PHOSPHORYLATION	MSigDB_Hallmark	exploratory	0.468175265741415	0.976237623762376	0.976237623762376	Glud1,Ldha	2	199	4	Mutter_02
Colon.Treg.Nrplo	MBRT_vs_Ctrl	HALLMARK_CHOLESTEROL_HOMEOSTASIS	MSigDB_Hallmark	exploratory	1.61258631427346	0.0191259998440488	0.453284037234803	Fabp5,Ldlr,Tnfrsf12a,Ctnnb1	4	75	8	Mutter_02
Colon.Treg.Nrplo	MBRT_vs_Ctrl	HALLMARK_ESTROGEN_RESPONSE_LATE	MSigDB_Hallmark	exploratory	1.55162422492683	0.0432386918666608	0.453284037234803	Fabp5,Cd44,Ccnd1,Cd9,Zfp36,Xbp1	6	206	7	Mutter_02
Colon.Treg.Nrplo	MBRT_vs_Ctrl	HALLMARK_INTERFERON_ALPHA_RESPONSE	MSigDB_Hallmark	exploratory	-1.57449109053819	0.0299527914563763	0.453284037234803	Il15,Ifi27,Casp8,Ifitm3,Ifitm2,Cd74,Cd47,B2m	8	100	14	Mutter_02
Colon.Treg.Nrplo	MBRT_vs_Ctrl	HALLMARK_KRAS_SIGNALING_UP	MSigDB_Hallmark	exploratory	-1.54091639307726	0.0539623853850956	0.453284037234803	Slpi,Spp1,Eng	3	203	9	Mutter_02
Colon.Treg.Nrplo	MBRT_vs_Ctrl	TypeII_interferon	project	primary	-1.53535748938264	0.0431812987559149	0.453284037234803	H2-Aa,Cxcl9,H2-Ab1,Cd74	4	17	6	Mutter_02
Colon.Treg.Nrplo	MBRT_vs_Ctrl	HALLMARK_ADIPOGENESIS	MSigDB_Hallmark	exploratory	1.34617945039834	0.117424242424242	0.671278625954198	Col4a1,Vegfb,Apoe	3	200	4	Mutter_02
Colon.Treg.Nrplo	MBRT_vs_Ctrl	HALLMARK_FATTY_ACID_METABOLISM	MSigDB_Hallmark	exploratory	1.36661448761338	0.110694183864916	0.671278625954198	S100a10,Ldha,Lgals1,Mif	4	157	5	Mutter_02
Colon.Treg.Nrplo	MBRT_vs_Ctrl	HALLMARK_MTORC1_SIGNALING	MSigDB_Hallmark	exploratory	1.34647259906159	0.127862595419847	0.671278625954198	Ldlr,Ldha,Cdkn1a,Serpinh1,Cd9,Ppia,Xbp1	7	201	10	Mutter_02
Colon.Treg.Nrplo	MBRT_vs_Ctrl	HALLMARK_APOPTOSIS	MSigDB_Hallmark	exploratory	1.2824732260895	0.15045871559633	0.702140672782875	Lmna,Cd44,Tnfrsf12a,Hmgb2,Ctnnb1,Ccnd1,Cdkn1a,Ier3	8	160	29	Mutter_02
Colon.Treg.Nrplo	MBRT_vs_Ctrl	HALLMARK_GLYCOLYSIS	MSigDB_Hallmark	exploratory	1.25810199517566	0.195075757575758	0.742203742203742	Cd44,Ldha,Ier3,Ppia,Mif	5	200	8	Mutter_02
Colon.Treg.Nrplo	MBRT_vs_Ctrl	HALLMARK_INTERFERON_GAMMA_RESPONSE	MSigDB_Hallmark	exploratory	-1.17604482310897	0.199095022624434	0.742203742203742	H2-Aa,Il15,Cxcl9,Ifi27,H2-D1,Casp8,Ifitm3,Ifitm2,Cd74,Casp3	10	205	35	Mutter_02
Colon.Treg.Nrplo	MBRT_vs_Ctrl	HALLMARK_TNFA_SIGNALING_VIA_NFKB	MSigDB_Hallmark	exploratory	1.18654377132327	0.225433526011561	0.742203742203742	Ldlr,Nfkb1,Cd44,Ccnd1,Cdkn1a,Ier3,Nfkbia,Cxcl10,Ccl4,Zfp36,Tlr2,Gadd45b	12	199	24	Mutter_02
Colon.Treg.Nrplo	MBRT_vs_Ctrl	HALLMARK_UV_RESPONSE_DN	MSigDB_Hallmark	exploratory	1.19082444406433	0.22972972972973	0.742203742203742	Ldlr,Col1a1,Nfkb1	3	144	11	Mutter_02
Colon.Treg.Nrplo	MBRT_vs_Ctrl	HALLMARK_ANGIOGENESIS	MSigDB_Hallmark	exploratory	-1.13898860256196	0.342553191489362	0.80996384089996	Spp1	1	36	5	Mutter_02
Colon.Treg.Nrplo	MBRT_vs_Ctrl	HALLMARK_E2F_TARGETS	MSigDB_Hallmark	exploratory	1.09293926036381	0.366412213740458	0.80996384089996	Pttg1,Hmgb2,Cdkn1a	3	200	10	Mutter_02
Colon.Treg.Nrplo	MBRT_vs_Ctrl	HALLMARK_HYPOXIA	MSigDB_Hallmark	exploratory	1.12125948848489	0.30550284629981	0.80996384089996	S100a4,Ldha,Ndrg1,Cdkn1a,Ier3,Bgn,Anxa2,Zfp36,Mif	9	200	18	Mutter_02
Colon.Treg.Nrplo	MBRT_vs_Ctrl	HALLMARK_IL2_STAT5_SIGNALING	MSigDB_Hallmark	exploratory	-1.06946431233056	0.364406779661017	0.80996384089996	Spp1,Igf1r,Ifitm3,Myc,Casp3,Anxa4	6	199	15	Mutter_02
Colon.Treg.Nrplo	MBRT_vs_Ctrl	HALLMARK_P53_PATHWAY	MSigDB_Hallmark	exploratory	1.11463301950946	0.3125	0.80996384089996	S100a10,S100a4,Ndrg1,Cdkn1a,Ier3,Rxra	6	199	19	Mutter_02
Colon.Treg.Nrplo	MBRT_vs_Ctrl	HALLMARK_UNFOLDED_PROTEIN_RESPONSE	MSigDB_Hallmark	exploratory	-1.16041834410029	0.341719077568134	0.80996384089996	Atf3,Vegfa,Hsp90b1	3	113	4	Mutter_02
Colon.Treg.Nrplo	MBRT_vs_Ctrl	HALLMARK_ALLOGRAFT_REJECTION	MSigDB_Hallmark	exploratory	-0.851709621977589	0.70989010989011	0.9426944971537	H2-Aa,H2-T23,Il15,Cxcl9,Cd74,Ptprc,Cd47,B2m,Ets1,H2-DMa	10	201	30	Mutter_02
Colon.Treg.Nrplo	MBRT_vs_Ctrl	HALLMARK_ANDROGEN_RESPONSE	MSigDB_Hallmark	exploratory	0.874686952415344	0.620300751879699	0.9426944971537	Ccnd1,Ndrg1	2	112	7	Mutter_02
Colon.Treg.Nrplo	MBRT_vs_Ctrl	HALLMARK_APICAL_SURFACE	MSigDB_Hallmark	exploratory	-0.822217560780253	0.695560253699789	0.9426944971537	Ephb4,App,Cx3cl1	3	44	3	Mutter_02
Colon.Treg.Nrplo	MBRT_vs_Ctrl	HALLMARK_COAGULATION	MSigDB_Hallmark	exploratory	-0.832807461540021	0.670807453416149	0.9426944971537	Fn1,Apoc1	2	139	12	Mutter_02
Colon.Treg.Nrplo	MBRT_vs_Ctrl	HALLMARK_COMPLEMENT	MSigDB_Hallmark	exploratory	0.777130369156715	0.785578747628084	0.9426944971537	Mmp12	1	196	18	Mutter_02
Colon.Treg.Nrplo	MBRT_vs_Ctrl	HALLMARK_EPITHELIAL_MESENCHYMAL_TRANSITION	MSigDB_Hallmark	exploratory	-0.957136294579293	0.509316770186335	0.9426944971537	Spp1,Fn1,Vim,Il15	4	206	24	Mutter_02
Colon.Treg.Nrplo	MBRT_vs_Ctrl	HALLMARK_G2M_CHECKPOINT	MSigDB_Hallmark	exploratory	0.916588850930575	0.577220077220077	0.9426944971537	Pttg1,Ccnd1,Hif1a,Nusap1	4	198	11	Mutter_02
Colon.Treg.Nrplo	MBRT_vs_Ctrl	HALLMARK_IL6_JAK_STAT3_SIGNALING	MSigDB_Hallmark	exploratory	0.844950124935437	0.683809523809524	0.9426944971537	Cd44,Tnfrsf12a,Il4ra,Cxcl10,Cd9,Tlr2	6	88	14	Mutter_02
Colon.Treg.Nrplo	MBRT_vs_Ctrl	HALLMARK_INFLAMMATORY_RESPONSE	MSigDB_Hallmark	exploratory	0.932997459075336	0.551181102362205	0.9426944971537	Ldlr,Nfkb1,Cdkn1a,Il4ra,Hif1a,Nfkbia,Mmp14,Cxcl10	8	201	20	Mutter_02
Colon.Treg.Nrplo	MBRT_vs_Ctrl	HALLMARK_MYC_TARGETS_V1	MSigDB_Hallmark	exploratory	-0.758693896432169	0.770526315789474	0.9426944971537	Rack1,Myc,Hsp90ab1,Tyms	4	201	8	Mutter_02
Colon.Treg.Nrplo	MBRT_vs_Ctrl	HALLMARK_MYOGENESIS	MSigDB_Hallmark	exploratory	0.937116257570239	0.551136363636364	0.9426944971537	Col1a1,Cdkn1a	2	201	8	Mutter_02
Colon.Treg.Nrplo	MBRT_vs_Ctrl	HALLMARK_PI3K_AKT_MTOR_SIGNALING	MSigDB_Hallmark	exploratory	0.834189861585148	0.67816091954023	0.9426944971537	Pfn1,Cdkn1a,Rac1	3	105	9	Mutter_02
Colon.Treg.Nrplo	MBRT_vs_Ctrl	HALLMARK_PROTEIN_SECRETION	MSigDB_Hallmark	exploratory	0.742528465084382	0.776315789473684	0.9426944971537	Krt18,Cd63,Ica1,Sod1,Dst	5	96	7	Mutter_02
Colon.Treg.Nrplo	MBRT_vs_Ctrl	HALLMARK_WNT_BETA_CATENIN_SIGNALING	MSigDB_Hallmark	exploratory	0.812907639079152	0.729166666666667	0.9426944971537	Ctnnb1	1	42	4	Mutter_02
Colon.Treg.Nrplo	MBRT_vs_Ctrl	HALLMARK_XENOBIOTIC_METABOLISM	MSigDB_Hallmark	exploratory	0.994690718469482	0.4573055028463	0.9426944971537	Arg1	1	203	6	Mutter_02
Colon.Treg.Nrplo	MBRT_vs_Ctrl	TypeI_interferon	project	primary	-0.724007633861661	0.785106382978723	0.9426944971537	Ifitm3,Oas2,Oasl1,Mx1,Stat1	5	19	5	Mutter_02
Colon.Treg.Nrplo	MBRT_vs_Ctrl	DNA_Damage_Repair	project	primary	0.567725479890245	0.935606060606061	0.96488209695375	Cdkn1a,Gadd45b	2	18	4	Mutter_02
Colon.Treg.Nrplo	MBRT_vs_Ctrl	HALLMARK_APICAL_JUNCTION	MSigDB_Hallmark	exploratory	-0.684670315171306	0.836477987421384	0.96488209695375	Itga3,Ptprc	2	199	6	Mutter_02
Colon.Treg.Nrplo	MBRT_vs_Ctrl	HALLMARK_DNA_REPAIR	MSigDB_Hallmark	exploratory	-0.610638709130454	0.917547568710359	0.96488209695375	Tyms	1	150	3	Mutter_02
Colon.Treg.Nrplo	MBRT_vs_Ctrl	HALLMARK_ESTROGEN_RESPONSE_EARLY	MSigDB_Hallmark	exploratory	0.635506223983967	0.9272030651341	0.96488209695375	Cd44,Ccnd1	2	200	9	Mutter_02
Colon.Treg.Nrplo	MBRT_vs_Ctrl	HALLMARK_OXIDATIVE_PHOSPHORYLATION	MSigDB_Hallmark	exploratory	0.663264082476116	0.865530303030303	0.96488209695375	Ldha	1	199	4	Mutter_02
Colon.Treg.Nrplo	MBRT_vs_Ctrl	HALLMARK_UV_RESPONSE_UP	MSigDB_Hallmark	exploratory	-0.576804710195606	0.941908713692946	0.96488209695375	Atf3,Casp3	2	158	9	Mutter_02
Colon.Treg.Nrplo	MBRT_vs_Ctrl	HALLMARK_MITOTIC_SPINDLE	MSigDB_Hallmark	exploratory	-0.487182349786075	0.983228511530398	0.983228511530398	Ezr,Dst,Birc5,Nusap1	4	199	4	Mutter_02
Colon.Treg.Nrplo	MBRT_vs_SBRT	HALLMARK_ESTROGEN_RESPONSE_EARLY	MSigDB_Hallmark	exploratory	-1.83480597857274	0.00300390146530778	0.126163861542927	Krt8,Krt18,Ccnd1,Xbp1	4	200	9	Mutter_02
Colon.Treg.Nrplo	MBRT_vs_SBRT	HALLMARK_INTERFERON_GAMMA_RESPONSE	MSigDB_Hallmark	exploratory	1.63780214051685	0.00766644136546402	0.160995268674744	Cxcl10,Ccl5,Cdkn1a,Lgals3bp,Oasl1,Mt2,H2-DMa,Cxcl9,Tap1,H2-M3,Stat1,Bst2,H2-Aa,Ifitm3,Gzma,Ifitm2	16	205	35	Mutter_02
Colon.Treg.Nrplo	MBRT_vs_SBRT	HALLMARK_ALLOGRAFT_REJECTION	MSigDB_Hallmark	exploratory	1.52258600288272	0.0241344970877572	0.253412219421451	Ccl5,Srgn,Ccl4,H2-DMa,Cxcl9,Tap1,H2-M3,Stat1,Tlr2,H2-Aa,Mmp9,Gzma,Ly75	13	201	30	Mutter_02
Colon.Treg.Nrplo	MBRT_vs_SBRT	TypeII_interferon	project	primary	1.59529453596555	0.0230716415576653	0.253412219421451	Cxcl10,H2-Ab1,Cxcl9,Stat1,H2-Aa	5	17	6	Mutter_02
Colon.Treg.Nrplo	MBRT_vs_SBRT	HALLMARK_INTERFERON_ALPHA_RESPONSE	MSigDB_Hallmark	exploratory	1.57055555475809	0.0323952231187246	0.272119874197286	Cxcl10,Lgals3bp,Oasl1,Tap1,Bst2,Ifitm3,Ifitm2	7	100	14	Mutter_02
Colon.Treg.Nrplo	MBRT_vs_SBRT	HALLMARK_APOPTOSIS	MSigDB_Hallmark	exploratory	-1.38905041738208	0.0762124711316397	0.355658198614319	Casp3,Krt18,Ccnd1,Hmgb2,Lmna,Clu,Tnfrsf12a,Gpx1,Rela,Jun,Ier3	11	160	29	Mutter_02
Colon.Treg.Nrplo	MBRT_vs_SBRT	HALLMARK_FATTY_ACID_METABOLISM	MSigDB_Hallmark	exploratory	-1.49720001841683	0.0603621730382294	0.355658198614319	Lgals1,S100a10,Ldha,Mif	4	157	5	Mutter_02
Colon.Treg.Nrplo	MBRT_vs_SBRT	HALLMARK_INFLAMMATORY_RESPONSE	MSigDB_Hallmark	exploratory	1.49383514743174	0.0573476702508961	0.355658198614319	Cxcl10,Ccl5,Cdkn1a,Cxcl9,Tlr2,Bst2	6	201	20	Mutter_02
Colon.Treg.Nrplo	MBRT_vs_SBRT	HALLMARK_TNFA_SIGNALING_VIA_NFKB	MSigDB_Hallmark	exploratory	1.43008206286405	0.0740740740740741	0.355658198614319	Cxcl10,Ccl5,Cdkn1a,Ccl4,Sat1,Tap1,Vegfa,Tlr2	8	199	24	Mutter_02
Colon.Treg.Nrplo	MBRT_vs_SBRT	HALLMARK_COMPLEMENT	MSigDB_Hallmark	exploratory	1.39405696735912	0.0955056179775281	0.401123595505618	Mmp12,Ccl5,C1qc,C1qa,Lgals3	5	196	18	Mutter_02
Colon.Treg.Nrplo	MBRT_vs_SBRT	HALLMARK_XENOBIOTIC_METABOLISM	MSigDB_Hallmark	exploratory	1.37787138354968	0.109195402298851	0.41692789968652	Apoe,Mt2,Arg1	3	203	6	Mutter_02
Colon.Treg.Nrplo	MBRT_vs_SBRT	TypeI_interferon	project	primary	1.36421832045915	0.126482213438735	0.442687747035573	Oasl1,Mx1,Stat1,Ifitm3	4	19	5	Mutter_02
Colon.Treg.Nrplo	MBRT_vs_SBRT	HALLMARK_UV_RESPONSE_DN	MSigDB_Hallmark	exploratory	-1.31330724421563	0.138528138528139	0.447552447552448	Nfkb1,Col1a2,Anxa4,Ldlr	4	144	11	Mutter_02
Colon.Treg.Nrplo	MBRT_vs_SBRT	HALLMARK_MYC_TARGETS_V1	MSigDB_Hallmark	exploratory	-1.30823419368657	0.16557734204793	0.496732026143791	Ppia,Ldha,Rack1,Hsp90ab1	4	201	8	Mutter_02
Colon.Treg.Nrplo	MBRT_vs_SBRT	DNA_Damage_Repair	project	primary	1.21233989388956	0.254368932038835	0.562289218191109	Cdkn1a	1	18	4	Mutter_02
Colon.Treg.Nrplo	MBRT_vs_SBRT	HALLMARK_ANDROGEN_RESPONSE	MSigDB_Hallmark	exploratory	-1.23204324666432	0.235546038543897	0.562289218191109	Krt8,Ccnd1	2	112	7	Mutter_02
Colon.Treg.Nrplo	MBRT_vs_SBRT	HALLMARK_G2M_CHECKPOINT	MSigDB_Hallmark	exploratory	-1.21383585966225	0.214285714285714	0.562289218191109	Mki67,Ccnd1	2	198	11	Mutter_02
Colon.Treg.Nrplo	MBRT_vs_SBRT	HALLMARK_MITOTIC_SPINDLE	MSigDB_Hallmark	exploratory	-1.24311197968386	0.253578732106339	0.562289218191109	Ezr,Nusap1,Dst,Birc5	4	199	4	Mutter_02
Colon.Treg.Nrplo	MBRT_vs_SBRT	HALLMARK_OXIDATIVE_PHOSPHORYLATION	MSigDB_Hallmark	exploratory	-1.30300014584831	0.202453987730061	0.562289218191109	Atp5e,Ldha,Bax	3	199	4	Mutter_02
Colon.Treg.Nrplo	MBRT_vs_SBRT	HALLMARK_ANGIOGENESIS	MSigDB_Hallmark	exploratory	1.12829464674905	0.341897233201581	0.644444444444445	Vegfa,App	2	36	5	Mutter_02
Colon.Treg.Nrplo	MBRT_vs_SBRT	HALLMARK_DNA_REPAIR	MSigDB_Hallmark	exploratory	1.09024784578151	0.391304347826087	0.644444444444445	Nt5c3,Tyms,Pcna	3	150	3	Mutter_02
Colon.Treg.Nrplo	MBRT_vs_SBRT	HALLMARK_E2F_TARGETS	MSigDB_Hallmark	exploratory	-1.05875141128244	0.397826086956522	0.644444444444445	Mki67,Hmgb2	2	200	10	Mutter_02
Colon.Treg.Nrplo	MBRT_vs_SBRT	HALLMARK_ESTROGEN_RESPONSE_LATE	MSigDB_Hallmark	exploratory	-1.07829693194918	0.36830835117773	0.644444444444445	Ccnd1,Cd9,Xbp1	3	206	7	Mutter_02
Colon.Treg.Nrplo	MBRT_vs_SBRT	HALLMARK_GLYCOLYSIS	MSigDB_Hallmark	exploratory	-1.10889501765894	0.324618736383442	0.644444444444445	Ppia,Ldha,Ier3,Sod1,Mif	5	200	8	Mutter_02
Colon.Treg.Nrplo	MBRT_vs_SBRT	HALLMARK_KRAS_SIGNALING_UP	MSigDB_Hallmark	exploratory	1.02689441672576	0.429357798165138	0.644444444444445	Cxcl10,Arg1	2	203	9	Mutter_02
Colon.Treg.Nrplo	MBRT_vs_SBRT	HALLMARK_MTORC1_SIGNALING	MSigDB_Hallmark	exploratory	-1.05416518693585	0.4	0.644444444444445	Cd9,Ppia,Xbp1,Ldha,Ldlr	5	201	10	Mutter_02
Colon.Treg.Nrplo	MBRT_vs_SBRT	HALLMARK_P53_PATHWAY	MSigDB_Hallmark	exploratory	1.00738438425037	0.42962962962963	0.644444444444445	Cdkn1a,Ndrg1,Sat1,Tap1,Tm4sf1	5	199	19	Mutter_02
Colon.Treg.Nrplo	MBRT_vs_SBRT	HALLMARK_PI3K_AKT_MTOR_SIGNALING	MSigDB_Hallmark	exploratory	1.14027402896118	0.310091743119266	0.644444444444445	Cdkn1a	1	105	9	Mutter_02
Colon.Treg.Nrplo	MBRT_vs_SBRT	HALLMARK_ADIPOGENESIS	MSigDB_Hallmark	exploratory	1.03767180529877	0.477669902912621	0.647165674913874	Apoe,Col4a1,Vegfb	3	200	4	Mutter_02
Colon.Treg.Nrplo	MBRT_vs_SBRT	HALLMARK_PROTEIN_SECRETION	MSigDB_Hallmark	exploratory	-0.986934713050035	0.473233404710921	0.647165674913874	Krt18	1	96	7	Mutter_02
Colon.Treg.Nrplo	MBRT_vs_SBRT	HALLMARK_WNT_BETA_CATENIN_SIGNALING	MSigDB_Hallmark	exploratory	-1.02334196570199	0.458077709611452	0.647165674913874	Rbpj	1	42	4	Mutter_02
Colon.Treg.Nrplo	MBRT_vs_SBRT	HALLMARK_HYPOXIA	MSigDB_Hallmark	exploratory	0.966788417482861	0.49625468164794	0.651334269662921	Cdkn1a,Mt2,Ndrg1,Vegfa	4	200	18	Mutter_02
Colon.Treg.Nrplo	MBRT_vs_SBRT	HALLMARK_APICAL_JUNCTION	MSigDB_Hallmark	exploratory	-0.910837951606325	0.552083333333333	0.702651515151515	Itga3,Itgb4	2	199	6	Mutter_02
Colon.Treg.Nrplo	MBRT_vs_SBRT	HALLMARK_COAGULATION	MSigDB_Hallmark	exploratory	-0.92557504375445	0.59041394335512	0.70939226519337	Cd9,Clu,Dusp6	3	139	12	Mutter_02
Colon.Treg.Nrplo	MBRT_vs_SBRT	HALLMARK_IL6_JAK_STAT3_SIGNALING	MSigDB_Hallmark	exploratory	0.887068843490732	0.591160220994475	0.70939226519337	Cxcl10,Cxcl9,Stat1,Tlr2	4	88	14	Mutter_02
Colon.Treg.Nrplo	MBRT_vs_SBRT	HALLMARK_UV_RESPONSE_UP	MSigDB_Hallmark	exploratory	-0.852672359439225	0.645514223194748	0.75309992706054	Casp3	1	158	9	Mutter_02
Colon.Treg.Nrplo	MBRT_vs_SBRT	HALLMARK_MYOGENESIS	MSigDB_Hallmark	exploratory	0.856604229672331	0.666666666666667	0.756756756756757	Cdkn1a	1	201	8	Mutter_02
Colon.Treg.Nrplo	MBRT_vs_SBRT	HALLMARK_CHOLESTEROL_HOMEOSTASIS	MSigDB_Hallmark	exploratory	-0.806901267521517	0.710239651416122	0.78500171998624	Cd9,Clu,Tnfrsf12a	3	75	8	Mutter_02
Colon.Treg.Nrplo	MBRT_vs_SBRT	HALLMARK_APICAL_SURFACE	MSigDB_Hallmark	exploratory	0.741780391352436	0.784584980237154	0.844937671024628	App,Cx3cl1	2	44	3	Mutter_02
Colon.Treg.Nrplo	MBRT_vs_SBRT	HALLMARK_IL2_STAT5_SIGNALING	MSigDB_Hallmark	exploratory	0.718878888330323	0.838888888888889	0.871464910968128	Cxcl10,Ndrg1	2	199	15	Mutter_02
Colon.Treg.Nrplo	MBRT_vs_SBRT	HALLMARK_UNFOLDED_PROTEIN_RESPONSE	MSigDB_Hallmark	exploratory	-0.672499434794888	0.850715746421268	0.871464910968128	Xbp1,Hsp90b1,Atf3	3	113	4	Mutter_02
Colon.Treg.Nrplo	MBRT_vs_SBRT	HALLMARK_EPITHELIAL_MESENCHYMAL_TRANSITION	MSigDB_Hallmark	exploratory	-0.710197509687911	0.891954022988506	0.891954022988506	Col1a2,Lgals1,Tnfrsf12a,Jun	4	206	24	Mutter_02
Colon.Treg.Nrplo	SBRT_vs_Ctrl	HALLMARK_INTERFERON_ALPHA_RESPONSE	MSigDB_Hallmark	exploratory	-2.00846556522727	0.000375329258195459	0.00788191442210463	Cxcl10,Lgals3bp,Oasl1,Ifitm3,Il15,Ifitm2,Cd74,Bst2,Ifi27,Tap1	10	100	14	Mutter_02
Colon.Treg.Nrplo	SBRT_vs_Ctrl	HALLMARK_INTERFERON_GAMMA_RESPONSE	MSigDB_Hallmark	exploratory	-1.9898214477722	0.000235477667318494	0.00788191442210463	Ccl5,Cxcl10,H2-Aa,Cxcl9,Lgals3bp,H2-DMa,Oasl1,Ifitm3,Cdkn1a,Mt2,Il15,H2-D1,Ifitm2,Cd74,Bst2,Ifi27,Tap1,H2-M3	18	205	35	Mutter_02
Colon.Treg.Nrplo	SBRT_vs_Ctrl	HALLMARK_ESTROGEN_RESPONSE_EARLY	MSigDB_Hallmark	exploratory	1.76652603680507	0.00677106939675041	0.0593853547649832	Krt8,Ccnd1,Krt18,Cd44,Xbp1	5	200	9	Mutter_02
Colon.Treg.Nrplo	SBRT_vs_Ctrl	HALLMARK_ESTROGEN_RESPONSE_LATE	MSigDB_Hallmark	exploratory	1.73386392487956	0.00706968509106942	0.0593853547649832	Ccnd1,Cd9,Cd44,Xbp1	4	206	7	Mutter_02
Colon.Treg.Nrplo	SBRT_vs_Ctrl	TypeII_interferon	project	primary	-1.71649914192866	0.00433714059511009	0.0593853547649832	H2-Ab1,Cxcl10,H2-Aa,Cxcl9,Cd74	5	17	6	Mutter_02
Colon.Treg.Nrplo	SBRT_vs_Ctrl	HALLMARK_APOPTOSIS	MSigDB_Hallmark	exploratory	1.62798858511414	0.00871711601796359	0.0610198121257451	Hmgb2,Lmna,Ccnd1,Krt18,Tnfrsf12a,Casp3,Ier3,Cd44,Ctnnb1,Jun,Gadd45b,Gpx1	12	160	29	Mutter_02
Colon.Treg.Nrplo	SBRT_vs_Ctrl	HALLMARK_FATTY_ACID_METABOLISM	MSigDB_Hallmark	exploratory	1.59368907152221	0.0199190386325412	0.119514231795247	S100a10,Lgals1,Ldha,Mif	4	157	5	Mutter_02
Colon.Treg.Nrplo	SBRT_vs_Ctrl	HALLMARK_CHOLESTEROL_HOMEOSTASIS	MSigDB_Hallmark	exploratory	1.55158739745976	0.0362390039789567	0.169115351901798	Ldlr,Tnfrsf12a,Cd9,Ctnnb1	4	75	8	Mutter_02
Colon.Treg.Nrplo	SBRT_vs_Ctrl	HALLMARK_MTORC1_SIGNALING	MSigDB_Hallmark	exploratory	1.64660575566221	0.0337087952591168	0.169115351901798	Ldlr,Cd9,Ldha,Ppia,Xbp1	5	201	10	Mutter_02
Colon.Treg.Nrplo	SBRT_vs_Ctrl	HALLMARK_UV_RESPONSE_DN	MSigDB_Hallmark	exploratory	1.52358654183676	0.0546558704453441	0.229554655870445	Nfkb1,Ldlr,Col1a1,Col1a2	4	144	11	Mutter_02
Colon.Treg.Nrplo	SBRT_vs_Ctrl	HALLMARK_KRAS_SIGNALING_UP	MSigDB_Hallmark	exploratory	-1.487949912983	0.0749506903353057	0.28617536309844	Spp1,Cxcl10,Eng,Slpi	4	203	9	Mutter_02
Colon.Treg.Nrplo	SBRT_vs_Ctrl	HALLMARK_ALLOGRAFT_REJECTION	MSigDB_Hallmark	exploratory	-1.36285653580735	0.0930693069306931	0.325742574257426	Ccl5,H2-Aa,Cxcl9,H2-T23,H2-DMa,Il15,Cd74,Tap1,H2-M3,Ptprc,Ccl4,Stat1,Mmp9,Ets1,Tlr2	15	201	30	Mutter_02
Colon.Treg.Nrplo	SBRT_vs_Ctrl	TypeI_interferon	project	primary	-1.37131419372502	0.102083333333333	0.329807692307692	Oasl1,Ifitm3,Mx1	3	19	5	Mutter_02
Colon.Treg.Nrplo	SBRT_vs_Ctrl	HALLMARK_ANDROGEN_RESPONSE	MSigDB_Hallmark	exploratory	1.32347051085968	0.135658914728682	0.342457775189284	Krt8,Ccnd1	2	112	7	Mutter_02
Colon.Treg.Nrplo	SBRT_vs_Ctrl	HALLMARK_DNA_REPAIR	MSigDB_Hallmark	exploratory	-1.29677140363121	0.138613861386139	0.342457775189284	Tyms,Nt5c3	2	150	3	Mutter_02
Colon.Treg.Nrplo	SBRT_vs_Ctrl	HALLMARK_GLYCOLYSIS	MSigDB_Hallmark	exploratory	1.3441634893311	0.119521912350598	0.342457775189284	Ldha,Ppia,Ier3,Cd44	4	200	8	Mutter_02
Colon.Treg.Nrplo	SBRT_vs_Ctrl	HALLMARK_OXIDATIVE_PHOSPHORYLATION	MSigDB_Hallmark	exploratory	1.31844566790311	0.1285140562249	0.342457775189284	Ldha	1	199	4	Mutter_02
Colon.Treg.Nrplo	SBRT_vs_Ctrl	HALLMARK_MITOTIC_SPINDLE	MSigDB_Hallmark	exploratory	1.2564961247042	0.178714859437751	0.417001338688086	Ezr,Nusap1,Birc5,Dst	4	199	4	Mutter_02
Colon.Treg.Nrplo	SBRT_vs_Ctrl	HALLMARK_COMPLEMENT	MSigDB_Hallmark	exploratory	-1.22573706055662	0.190384615384615	0.42085020242915	Ccl5,Fn1,C1qc,C1qa,Lgals3	5	196	18	Mutter_02
Colon.Treg.Nrplo	SBRT_vs_Ctrl	HALLMARK_INFLAMMATORY_RESPONSE	MSigDB_Hallmark	exploratory	-1.20242629984303	0.206349206349206	0.433333333333333	Ccl5,Cxcl10,Cxcl9,Cdkn1a,Il15,Bst2	6	201	20	Mutter_02
Colon.Treg.Nrplo	SBRT_vs_Ctrl	HALLMARK_E2F_TARGETS	MSigDB_Hallmark	exploratory	1.20430933569731	0.234126984126984	0.468253968253968	Hmgb2,Mki67	2	200	10	Mutter_02
Colon.Treg.Nrplo	SBRT_vs_Ctrl	HALLMARK_ANGIOGENESIS	MSigDB_Hallmark	exploratory	-1.20530942495078	0.254166666666667	0.485227272727273	Spp1,Vegfa	2	36	5	Mutter_02
Colon.Treg.Nrplo	SBRT_vs_Ctrl	HALLMARK_MYC_TARGETS_V1	MSigDB_Hallmark	exploratory	1.06962711544282	0.382470119521912	0.698423696518275	Ldha,Ppia	2	201	8	Mutter_02
Colon.Treg.Nrplo	SBRT_vs_Ctrl	HALLMARK_WNT_BETA_CATENIN_SIGNALING	MSigDB_Hallmark	exploratory	1.08605219652923	0.401606425702811	0.70281124497992	Ctnnb1,Rbpj	2	42	4	Mutter_02
Colon.Treg.Nrplo	SBRT_vs_Ctrl	HALLMARK_EPITHELIAL_MESENCHYMAL_TRANSITION	MSigDB_Hallmark	exploratory	-1.00680849164276	0.440545808966862	0.711650922177238	Spp1,Fn1,Vegfa,Sat1,Vim,Il15	6	206	24	Mutter_02
Colon.Treg.Nrplo	SBRT_vs_Ctrl	HALLMARK_G2M_CHECKPOINT	MSigDB_Hallmark	exploratory	1.01226224350154	0.437246963562753	0.711650922177238	Ccnd1,Mki67	2	198	11	Mutter_02
Colon.Treg.Nrplo	SBRT_vs_Ctrl	HALLMARK_IL2_STAT5_SIGNALING	MSigDB_Hallmark	exploratory	-0.927172028219066	0.540540540540541	0.822674418604651	Spp1,Cxcl10,Ifitm3	3	199	15	Mutter_02
Colon.Treg.Nrplo	SBRT_vs_Ctrl	HALLMARK_PROTEIN_SECRETION	MSigDB_Hallmark	exploratory	0.932105426522184	0.548449612403101	0.822674418604651	Krt18	1	96	7	Mutter_02
Colon.Treg.Nrplo	SBRT_vs_Ctrl	HALLMARK_HYPOXIA	MSigDB_Hallmark	exploratory	0.893076072622866	0.605809128630705	0.877378738016884	Ldha,Ier3,Rbpj,S100a4,Jun,Mif	6	200	18	Mutter_02
Colon.Treg.Nrplo	SBRT_vs_Ctrl	HALLMARK_TNFA_SIGNALING_VIA_NFKB	MSigDB_Hallmark	exploratory	0.867894064400922	0.646216768916155	0.904703476482618	Nfkb1,Ccnd1,Ldlr,Ier3,Cd44	5	199	24	Mutter_02
Colon.Treg.Nrplo	SBRT_vs_Ctrl	DNA_Damage_Repair	project	primary	-0.819280891006502	0.692460317460317	0.916878818737271	Cdkn1a,Chek1	2	18	4	Mutter_02
Colon.Treg.Nrplo	SBRT_vs_Ctrl	HALLMARK_XENOBIOTIC_METABOLISM	MSigDB_Hallmark	exploratory	-0.810360963129843	0.69857433808554	0.916878818737271	Mt2,Apoe	2	203	6	Mutter_02
Colon.Treg.Nrplo	SBRT_vs_Ctrl	HALLMARK_COAGULATION	MSigDB_Hallmark	exploratory	0.782326925121665	0.753535353535354	0.959044995408632	Cd9,Dusp6,Mmp14,Clu,Rac1	5	139	12	Mutter_02
Colon.Treg.Nrplo	SBRT_vs_Ctrl	HALLMARK_IL6_JAK_STAT3_SIGNALING	MSigDB_Hallmark	exploratory	0.765733305234232	0.797938144329897	0.971428571428571	Tnfrsf12a,Cd9,Cd44	3	88	14	Mutter_02
Colon.Treg.Nrplo	SBRT_vs_Ctrl	HALLMARK_UNFOLDED_PROTEIN_RESPONSE	MSigDB_Hallmark	exploratory	-0.730005180369756	0.80952380952381	0.971428571428571	Vegfa	1	113	4	Mutter_02
Colon.Treg.Nrplo	SBRT_vs_Ctrl	HALLMARK_ADIPOGENESIS	MSigDB_Hallmark	exploratory	-0.487008994629451	0.986111111111111	0.993939393939394	Apoe,Vegfb,Col4a1,Sod1	4	200	4	Mutter_02
Colon.Treg.Nrplo	SBRT_vs_Ctrl	HALLMARK_APICAL_JUNCTION	MSigDB_Hallmark	exploratory	-0.472914861832127	0.991853360488798	0.993939393939394	Ptprc,Mmp9,Cx3cl1,Itgb4,Itga3,Pfn1	6	199	6	Mutter_02
Colon.Treg.Nrplo	SBRT_vs_Ctrl	HALLMARK_APICAL_SURFACE	MSigDB_Hallmark	exploratory	-0.662621332142489	0.869306930693069	0.993939393939394	App,Cx3cl1,Ephb4	3	44	3	Mutter_02
Colon.Treg.Nrplo	SBRT_vs_Ctrl	HALLMARK_MYOGENESIS	MSigDB_Hallmark	exploratory	0.641375891075818	0.906374501992032	0.993939393939394	Col1a1,Gadd45b,Clu	3	201	8	Mutter_02
Colon.Treg.Nrplo	SBRT_vs_Ctrl	HALLMARK_P53_PATHWAY	MSigDB_Hallmark	exploratory	0.637764645641007	0.948453608247423	0.993939393939394	S100a10,Ier3,S100a4,Jun,Cd81	5	199	19	Mutter_02
Colon.Treg.Nrplo	SBRT_vs_Ctrl	HALLMARK_PI3K_AKT_MTOR_SIGNALING	MSigDB_Hallmark	exploratory	0.663376780297693	0.880808080808081	0.993939393939394	Akt1,Rac1,Pfn1	3	105	9	Mutter_02
Colon.Treg.Nrplo	SBRT_vs_Ctrl	HALLMARK_UV_RESPONSE_UP	MSigDB_Hallmark	exploratory	0.441825253832431	0.993939393939394	0.993939393939394	Casp3,Mmp14	2	158	9	Mutter_02
DN4	MBRT_vs_Ctrl	HALLMARK_MTORC1_SIGNALING	MSigDB_Hallmark	exploratory	1.53681273222906	0.0211128406661655	0.316692609992482	Ldha,Hsp90b1,Ppia	3	201	3	Mutter_02
DN4	MBRT_vs_Ctrl	HALLMARK_ESTROGEN_RESPONSE_EARLY	MSigDB_Hallmark	exploratory	1.06063720780621	0.398130841121495	0.597196261682243	Ccnd1	1	200	3	Mutter_02
DN4	MBRT_vs_Ctrl	HALLMARK_FATTY_ACID_METABOLISM	MSigDB_Hallmark	exploratory	1.35886923697687	0.12781954887218	0.597196261682243	Ldha,Lgals1,S100a10,Mif	4	157	5	Mutter_02
DN4	MBRT_vs_Ctrl	HALLMARK_G2M_CHECKPOINT	MSigDB_Hallmark	exploratory	1.11834296251847	0.330841121495327	0.597196261682243	Ccnd1	1	198	3	Mutter_02
DN4	MBRT_vs_Ctrl	HALLMARK_GLYCOLYSIS	MSigDB_Hallmark	exploratory	1.07258971211673	0.396330275229358	0.597196261682243	Ldha,Ppia,Mif	3	200	4	Mutter_02
DN4	MBRT_vs_Ctrl	HALLMARK_HYPOXIA	MSigDB_Hallmark	exploratory	1.14761517404729	0.31015037593985	0.597196261682243	Ldha,Anxa2,Mif,Rbpj	4	200	5	Mutter_02
DN4	MBRT_vs_Ctrl	HALLMARK_INTERFERON_ALPHA_RESPONSE	MSigDB_Hallmark	exploratory	-1.05833680814866	0.397435897435897	0.597196261682243	Cd74,B2m	2	100	3	Mutter_02
DN4	MBRT_vs_Ctrl	HALLMARK_INTERFERON_GAMMA_RESPONSE	MSigDB_Hallmark	exploratory	-1.43804184721544	0.0851063829787234	0.597196261682243	H2-D1,Cd74,B2m,Mt2	4	205	5	Mutter_02
DN4	MBRT_vs_Ctrl	HALLMARK_MYC_TARGETS_V1	MSigDB_Hallmark	exploratory	1.24377435681927	0.211009174311927	0.597196261682243	Ldha,Ppia,Rack1	3	201	4	Mutter_02
DN4	MBRT_vs_Ctrl	HALLMARK_PI3K_AKT_MTOR_SIGNALING	MSigDB_Hallmark	exploratory	1.1149058202909	0.344954128440367	0.597196261682243	Hsp90b1,Pfn1,Akt1	3	105	4	Mutter_02
DN4	MBRT_vs_Ctrl	HALLMARK_ANDROGEN_RESPONSE	MSigDB_Hallmark	exploratory	0.973633398825619	0.524770642201835	0.653353057199211	Ccnd1	1	112	4	Mutter_02
DN4	MBRT_vs_Ctrl	HALLMARK_APOPTOSIS	MSigDB_Hallmark	exploratory	0.97709085089221	0.49814126394052	0.653353057199211	Ccnd1,Ctnnb1,Ifitm3,Krt18,Anxa1,Lmna	6	160	9	Mutter_02
DN4	MBRT_vs_Ctrl	HALLMARK_COAGULATION	MSigDB_Hallmark	exploratory	-0.933257739281606	0.566239316239316	0.653353057199211	Dusp6,Rac1,Anxa1	3	139	3	Mutter_02
DN4	MBRT_vs_Ctrl	HALLMARK_ALLOGRAFT_REJECTION	MSigDB_Hallmark	exploratory	-0.828828713672001	0.678958785249458	0.727455841338705	Cd74,B2m	2	201	4	Mutter_02
DN4	MBRT_vs_Ctrl	HALLMARK_EPITHELIAL_MESENCHYMAL_TRANSITION	MSigDB_Hallmark	exploratory	0.729929265566862	0.817669172932331	0.817669172932331	Lgals1	1	206	5	Mutter_02
DN4	MBRT_vs_SBRT	HALLMARK_EPITHELIAL_MESENCHYMAL_TRANSITION	MSigDB_Hallmark	exploratory	-1.77070001130882	0.0103886018563595	0.0779145139226964	Lgals1,Tpm1,Cald1,Vim	4	206	5	Mutter_02
DN4	MBRT_vs_SBRT	HALLMARK_INTERFERON_GAMMA_RESPONSE	MSigDB_Hallmark	exploratory	1.609293362161	0.00848725084716774	0.0779145139226964	Ifitm3,Mt2,Cd74	3	205	5	Mutter_02
DN4	MBRT_vs_SBRT	HALLMARK_FATTY_ACID_METABOLISM	MSigDB_Hallmark	exploratory	-1.60188819398879	0.0412360019674632	0.206180009837316	S100a10,Lgals1,Mif,Ldha,Hsp90aa1	5	157	5	Mutter_02
DN4	MBRT_vs_SBRT	HALLMARK_GLYCOLYSIS	MSigDB_Hallmark	exploratory	-1.54296004330169	0.0639269406392694	0.23972602739726	Stmn1,Ppia,Mif,Ldha	4	200	4	Mutter_02
DN4	MBRT_vs_SBRT	HALLMARK_HYPOXIA	MSigDB_Hallmark	exploratory	1.30464594473703	0.148648648648649	0.371621621621622	Mt2	1	200	5	Mutter_02
DN4	MBRT_vs_SBRT	HALLMARK_INTERFERON_ALPHA_RESPONSE	MSigDB_Hallmark	exploratory	1.31583359794431	0.130357142857143	0.371621621621622	Ifitm3,Cd74	2	100	3	Mutter_02
DN4	MBRT_vs_SBRT	HALLMARK_COAGULATION	MSigDB_Hallmark	exploratory	1.20332625373044	0.225	0.482142857142857	Anxa1,Rac1	2	139	3	Mutter_02
DN4	MBRT_vs_SBRT	HALLMARK_ALLOGRAFT_REJECTION	MSigDB_Hallmark	exploratory	1.14558833093298	0.296819787985866	0.506711409395973	Cd74,Eif5a,B2m	3	201	4	Mutter_02
DN4	MBRT_vs_SBRT	HALLMARK_APOPTOSIS	MSigDB_Hallmark	exploratory	1.13093567818603	0.307814992025518	0.506711409395973	Ifitm3,Anxa1	2	160	9	Mutter_02
DN4	MBRT_vs_SBRT	HALLMARK_ESTROGEN_RESPONSE_EARLY	MSigDB_Hallmark	exploratory	-1.13588870830723	0.337807606263982	0.506711409395973	Krt8	1	200	3	Mutter_02
DN4	MBRT_vs_SBRT	HALLMARK_ANDROGEN_RESPONSE	MSigDB_Hallmark	exploratory	-1.07363384934121	0.378995433789954	0.51681195516812	Krt8	1	112	4	Mutter_02
DN4	MBRT_vs_SBRT	HALLMARK_MYC_TARGETS_V1	MSigDB_Hallmark	exploratory	1.0018662920842	0.492932862190813	0.616166077738516	Rack1,Hsp90ab1	2	201	4	Mutter_02
DN4	MBRT_vs_SBRT	HALLMARK_G2M_CHECKPOINT	MSigDB_Hallmark	exploratory	0.942841564755578	0.573214285714286	0.661401098901099	Mt2	1	198	3	Mutter_02
DN4	MBRT_vs_SBRT	HALLMARK_PI3K_AKT_MTOR_SIGNALING	MSigDB_Hallmark	exploratory	0.842040900506876	0.713780918727915	0.764765270065623	Rac1,Hsp90b1,Pfn1	3	105	4	Mutter_02
DN4	MBRT_vs_SBRT	HALLMARK_MTORC1_SIGNALING	MSigDB_Hallmark	exploratory	-0.730133099077687	0.80089485458613	0.80089485458613	Ppia,Ldha,Hsp90b1	3	201	3	Mutter_02
DN4	SBRT_vs_Ctrl	HALLMARK_INTERFERON_GAMMA_RESPONSE	MSigDB_Hallmark	exploratory	-1.81152318485078	0.00182592213959732	0.0273888320939598	Cd74,Mt2,Ifitm3,H2-D1,B2m	5	205	5	Mutter_02
DN4	SBRT_vs_Ctrl	HALLMARK_FATTY_ACID_METABOLISM	MSigDB_Hallmark	exploratory	1.69388929232461	0.0160086097697365	0.120064573273024	Lgals1,S100a10,Ldha	3	157	5	Mutter_02
DN4	SBRT_vs_Ctrl	HALLMARK_ESTROGEN_RESPONSE_EARLY	MSigDB_Hallmark	exploratory	1.4627683705688	0.0705086389673523	0.264407396127571	Krt8,Ccnd1	2	200	3	Mutter_02
DN4	SBRT_vs_Ctrl	HALLMARK_INTERFERON_ALPHA_RESPONSE	MSigDB_Hallmark	exploratory	-1.46075227412279	0.0557553956834532	0.264407396127571	Cd74,Ifitm3,B2m	3	100	3	Mutter_02
DN4	SBRT_vs_Ctrl	HALLMARK_EPITHELIAL_MESENCHYMAL_TRANSITION	MSigDB_Hallmark	exploratory	1.42634496460614	0.100436681222707	0.296420581655481	Lgals1,Cald1	2	206	5	Mutter_02
DN4	SBRT_vs_Ctrl	HALLMARK_GLYCOLYSIS	MSigDB_Hallmark	exploratory	1.39320027354157	0.118568232662192	0.296420581655481	Ldha,Ppia,Mif	3	200	4	Mutter_02
DN4	SBRT_vs_Ctrl	HALLMARK_COAGULATION	MSigDB_Hallmark	exploratory	-1.30283310935276	0.161870503597122	0.346865364850976	Dusp6,Anxa1,Rac1	3	139	3	Mutter_02
DN4	SBRT_vs_Ctrl	HALLMARK_ALLOGRAFT_REJECTION	MSigDB_Hallmark	exploratory	-1.1879298818144	0.276785714285714	0.461309523809524	Cd74,B2m	2	201	4	Mutter_02
DN4	SBRT_vs_Ctrl	HALLMARK_MTORC1_SIGNALING	MSigDB_Hallmark	exploratory	1.2028288090478	0.257777777777778	0.461309523809524	Ldha,Ppia,Hsp90b1	3	201	3	Mutter_02
DN4	SBRT_vs_Ctrl	HALLMARK_ANDROGEN_RESPONSE	MSigDB_Hallmark	exploratory	1.022294113874	0.472035794183445	0.659955257270694	Krt8,Ccnd1	2	112	4	Mutter_02
DN4	SBRT_vs_Ctrl	HALLMARK_APOPTOSIS	MSigDB_Hallmark	exploratory	0.95583630068682	0.503386004514673	0.659955257270694	Ctnnb1,Ccnd1,Hmgb2	3	160	9	Mutter_02
DN4	SBRT_vs_Ctrl	HALLMARK_MYC_TARGETS_V1	MSigDB_Hallmark	exploratory	0.958488253158652	0.527964205816555	0.659955257270694	Ldha,Ppia	2	201	4	Mutter_02
DN4	SBRT_vs_Ctrl	HALLMARK_G2M_CHECKPOINT	MSigDB_Hallmark	exploratory	-0.927868823293909	0.58273381294964	0.672385168788046	Mt2	1	198	3	Mutter_02
DN4	SBRT_vs_Ctrl	HALLMARK_HYPOXIA	MSigDB_Hallmark	exploratory	0.663500675008999	0.866812227074236	0.885714285714286	Ldha,Mif,Anxa2	3	200	5	Mutter_02
DN4	SBRT_vs_Ctrl	HALLMARK_PI3K_AKT_MTOR_SIGNALING	MSigDB_Hallmark	exploratory	-0.663992956939828	0.885714285714286	0.885714285714286	Rac1,Pfn1,Hsp90b1,Akt1	4	105	4	Mutter_02
Dendritic	MBRT_vs_Ctrl	HALLMARK_UV_RESPONSE_DN	MSigDB_Hallmark	exploratory	1.86965657512892	0.000982916273143192	0.051111646203446	Col3a1,Col5a2,Fyn,Col1a1,Col1a2,Acvr2a,Rxra	7	144	32	Mutter_02
Dendritic	MBRT_vs_Ctrl	HALLMARK_ALLOGRAFT_REJECTION	MSigDB_Hallmark	exploratory	1.51990902951378	0.0071047285034813	0.0738891764362055	Pf4,Ccr2,Timp1,Il1b,Srgn,Fgr,Il4ra,Acvr2a,Elane,Cxcr3,Ifnar2,Ccl11,Il10,Ccl5,Il6,Cd3d,Ccr5,Ccl2,Hif1a,Tgfb1,Cd3e,Il16,Tnf,Fasl,Ptprc,Csf1,Krt1,Il18,Jak2,Ifngr2,Fyb,Icam1,Ccr1,Lif,Gzma,Csk,Il2rg	37	201	102	Mutter_02
Dendritic	MBRT_vs_Ctrl	HALLMARK_EPITHELIAL_MESENCHYMAL_TRANSITION	MSigDB_Hallmark	exploratory	1.53775500787238	0.00504160503848432	0.0738891764362055	Col3a1,Col5a2,Col1a1,Col1a2,Bgn,Timp1,Acta2,Col5a3,Col6a3,Mfap5,Serpinh1,Col4a1,Col12a1,Itga5,Il6,Dcn,Cxcl12	17	206	72	Mutter_02
Dendritic	MBRT_vs_Ctrl	HALLMARK_PANCREAS_BETA_CELLS	MSigDB_Hallmark	exploratory	-1.71311050218492	0.00628018431845035	0.0738891764362055	Gcg,Dpp4,Iapp	3	40	4	Mutter_02
Dendritic	MBRT_vs_Ctrl	HALLMARK_PEROXISOME	MSigDB_Hallmark	exploratory	-1.75080989225408	0.00398346339933726	0.0738891764362055	Sod1	1	102	4	Mutter_02
Dendritic	MBRT_vs_Ctrl	HALLMARK_ESTROGEN_RESPONSE_LATE	MSigDB_Hallmark	exploratory	1.62011304133605	0.0107610280716065	0.0860684048363578	S100a9,Xbp1,Fabp5,Il6st,Krt13,Cdh1,Agr2,Cxcl12,Cxcl14,Fos,Zfp36,Dusp2,Cd44,Jak2,Dhrs2	15	206	35	Mutter_02
Dendritic	MBRT_vs_Ctrl	HALLMARK_INFLAMMATORY_RESPONSE	MSigDB_Hallmark	exploratory	1.54678039764414	0.0115861314202789	0.0860684048363578	Timp1,Il1b,Il4ra,Lamp3,Acvr2a,Il10,Axl,Ccl5,Itga5,Il6,Ccl2,Ffar2,Nfkbia,Hif1a,Csf3r,Il10ra,Best1,Nfkb1,Cdkn1a,Ccr7,Mmp14,Il7r,Csf1,Osm,Cxcl10,Il18,Ifngr2,Tnfrsf9,Icam1,Cmklr1,Cxcl5,Lif,Cxcr6,Msr1,Il1r1,Tlr3,Nod2,Fzd5,Cd48,Il15ra,Cd40,Ptger4,Ifitm1,Nlrp3	44	201	86	Mutter_02
Dendritic	MBRT_vs_Ctrl	HALLMARK_WNT_BETA_CATENIN_SIGNALING	MSigDB_Hallmark	exploratory	-1.69174814548066	0.0143086052827476	0.0930059343378597	Hdac11,Notch1,Fzd1,Wnt5b,Hdac5,Ppard,Dll1,Rbpj,Tcf7,Fzd8	10	42	15	Mutter_02
Dendritic	MBRT_vs_Ctrl	HALLMARK_ANGIOGENESIS	MSigDB_Hallmark	exploratory	1.62307910395272	0.0178573457193779	0.103175775267517	Col3a1,Col5a2,Pf4,Timp1	4	36	19	Mutter_02
Dendritic	MBRT_vs_Ctrl	HALLMARK_TGF_BETA_SIGNALING	MSigDB_Hallmark	exploratory	-1.58132354430791	0.0306443132177081	0.159350428732082	Junb,Thbs1,Bmp2,Tgfbr1,Smad3,Eng,Acvr1	7	54	15	Mutter_02
Dendritic	MBRT_vs_Ctrl	HALLMARK_ESTROGEN_RESPONSE_EARLY	MSigDB_Hallmark	exploratory	1.48625944574829	0.0377998186840697	0.178690051961057	Xbp1,Il6st,Ar,Krt13,Cxcl12,Fos,Cd44,Muc1,Krt15,Jak2,Dhrs2,Rara	12	200	33	Mutter_02
Dendritic	MBRT_vs_Ctrl	HALLMARK_HEDGEHOG_SIGNALING	MSigDB_Hallmark	exploratory	-1.41666746273188	0.0736434108527132	0.319121447028424	Vegfa	1	36	4	Mutter_02
Dendritic	MBRT_vs_Ctrl	HALLMARK_TNFA_SIGNALING_VIA_NFKB	MSigDB_Hallmark	exploratory	1.26714704480561	0.0960548885077187	0.384219554030875	Il1b,Il6st,Rigi,Dusp5,Stat5a,Ccl5,Il6,Phlda2,Ccl2,Ier3,Nfkbia,Csf2,Fos,Zfp36,Nfkb1,Cdkn1a,Tnf,Il7r,Dusp2,Csf1,Cd44,Cxcl10,Il18,Ifih1,Ifngr2,Tnfrsf9,Icam1,Cxcl5,Lif,Gadd45b,Cflar	31	199	76	Mutter_02
Dendritic	MBRT_vs_Ctrl	HALLMARK_COMPLEMENT	MSigDB_Hallmark	exploratory	1.28703559037468	0.116487455197133	0.42124833997344	Fyn,S100a9,Calm1,Timp1,Dusp5,Pdgfb,Ccl5,Il6,Pfn1,Mmp12,Mmp14,Itgam,Jak2	13	196	42	Mutter_02
Dendritic	MBRT_vs_Ctrl	HALLMARK_SPERMATOGENESIS	MSigDB_Hallmark	exploratory	-1.37614951879707	0.121513944223108	0.42124833997344	Cdkn3,Ace	2	135	6	Mutter_02
Dendritic	MBRT_vs_Ctrl	HALLMARK_PROTEIN_SECRETION	MSigDB_Hallmark	exploratory	-1.33051129549284	0.140562248995984	0.456827309236948	Sod1,Dst,Lamp2,Ica1	4	96	9	Mutter_02
Dendritic	MBRT_vs_Ctrl	HALLMARK_IL6_JAK_STAT3_SIGNALING	MSigDB_Hallmark	exploratory	1.2215828247995	0.152512998266898	0.466510347639922	Pf4,Il1b,Il4ra,Il6st,Il6,Tgfb1,Csf3r,Csf2,Tnf,Csf1,Cd44,Cxcl10,Ifngr2,Ccr1,Il1r2,Il17ra,Reg1,Il2rg,Il3ra,Il1r1	20	88	55	Mutter_02
Dendritic	MBRT_vs_Ctrl	HALLMARK_ADIPOGENESIS	MSigDB_Hallmark	exploratory	1.24728992249802	0.18796992481203	0.52700679488656	Gpx3,Lifr,Col4a1,Stat5a,Apoe,Cidea,Col15a1,Fabp4	8	200	19	Mutter_02
Dendritic	MBRT_vs_Ctrl	HALLMARK_P53_PATHWAY	MSigDB_Hallmark	exploratory	-1.20212020538231	0.192560175054705	0.52700679488656	Itgb4,Epha2,Tnfsf9,Bmp2,Notch1,Acvr1b,Tm4sf1,Rack1,Rb1,Bax,Ndrg1,Tsc22d1,Fgf13,Jun	14	199	39	Mutter_02
Dendritic	MBRT_vs_Ctrl	HALLMARK_REACTIVE_OXYGEN_SPECIES_PATHWAY	MSigDB_Hallmark	exploratory	-1.24904458702109	0.222437137330754	0.578336557059961	Sod1,Junb	2	48	5	Mutter_02
Dendritic	MBRT_vs_Ctrl	HALLMARK_E2F_TARGETS	MSigDB_Hallmark	exploratory	-1.13340358834505	0.279661016949153	0.692493946731235	Cdkn3,Tubb5,Brca1,Chek2	4	200	20	Mutter_02
Dendritic	MBRT_vs_Ctrl	HALLMARK_MYC_TARGETS_V1	MSigDB_Hallmark	exploratory	-1.10919777043474	0.323293172690763	0.764147499087258	Tyms,Hsp90ab1,Rack1	3	201	9	Mutter_02
Dendritic	MBRT_vs_Ctrl	HALLMARK_DNA_REPAIR	MSigDB_Hallmark	exploratory	-1.11537132389933	0.34816247582205	0.787149945336809	Tyms,Nt5c3	2	150	5	Mutter_02
Dendritic	MBRT_vs_Ctrl	DNA_Damage_Repair	project	primary	-1.05985818352154	0.383983572895277	0.787628865979381	Atm,Brca1,Chek2,Bax	4	18	10	Mutter_02
Dendritic	MBRT_vs_Ctrl	HALLMARK_COAGULATION	MSigDB_Hallmark	exploratory	1.06263667612549	0.392233009708738	0.787628865979381	Pf4,Fyn,Timp1,Pdgfb	4	139	26	Mutter_02
Dendritic	MBRT_vs_Ctrl	HALLMARK_GLYCOLYSIS	MSigDB_Hallmark	exploratory	-1.03829410536266	0.393814432989691	0.787628865979381	Vegfa,Sod1	2	200	18	Mutter_02
Dendritic	MBRT_vs_Ctrl	HALLMARK_APICAL_SURFACE	MSigDB_Hallmark	exploratory	-0.987669880994164	0.474332648870637	0.795654765847519	Ephb4,Brca1,Gata3,Cx3cl1,Il2rb,Efna5	6	44	10	Mutter_02
Dendritic	MBRT_vs_Ctrl	HALLMARK_BILE_ACID_METABOLISM	MSigDB_Hallmark	exploratory	1.02848315315913	0.46	0.795654765847519	Rxra,Ar	2	112	6	Mutter_02
Dendritic	MBRT_vs_Ctrl	HALLMARK_MITOTIC_SPINDLE	MSigDB_Hallmark	exploratory	1.01919280174768	0.440613026819923	0.795654765847519	Nusap1,Abl1,Apc	3	199	11	Mutter_02
Dendritic	MBRT_vs_Ctrl	HALLMARK_NOTCH_SIGNALING	MSigDB_Hallmark	exploratory	-1.02143326368718	0.448637316561845	0.795654765847519	Notch1,Fzd1,Ppard,Dll1	4	32	12	Mutter_02
Dendritic	MBRT_vs_Ctrl	HALLMARK_UV_RESPONSE_UP	MSigDB_Hallmark	exploratory	-1.00567343453362	0.435416666666667	0.795654765847519	Junb,Casp3,Sqstm1,Bmp2,Rxrb,Epcam	6	158	24	Mutter_02
Dendritic	MBRT_vs_Ctrl	HALLMARK_UNFOLDED_PROTEIN_RESPONSE	MSigDB_Hallmark	exploratory	-0.952411141333373	0.50199203187251	0.815737051792829	Vegfa,Bag3	2	113	6	Mutter_02
Dendritic	MBRT_vs_Ctrl	HALLMARK_MYOGENESIS	MSigDB_Hallmark	exploratory	0.953360979034089	0.537174721189591	0.846457136419962	Col3a1,Col1a1,Gpx3,Col6a3,Apod,Mb,Tgfb1,Igfbp7,Cdkn1a,Myl7,Col15a1,Itgb5,Tagln,Gadd45b,Col6a2	15	201	38	Mutter_02
Dendritic	MBRT_vs_Ctrl	HALLMARK_APICAL_JUNCTION	MSigDB_Hallmark	exploratory	-0.93016488745402	0.568965517241379	0.870182555780933	Itgb4,Cdh11,Icam2,Pecam1,Itga3,Cd276,Itga2,Src,Mmp2,Cldn4,Mapk13,Cx3cl1	12	199	38	Mutter_02
Dendritic	MBRT_vs_Ctrl	HALLMARK_INTERFERON_GAMMA_RESPONSE	MSigDB_Hallmark	exploratory	0.905207724528667	0.634315424610052	0.912046771629314	Il4ra,Rigi,Ifnar2,Ccl5,Il6,Ccl2,Nfkbia,Hif1a,Il10ra,Nfkb1,Cdkn1a,Cxcl10,Ifih1,Oas3,Jak2,Icam1,Cmklr1	17	205	65	Mutter_02
Dendritic	MBRT_vs_Ctrl	HALLMARK_KRAS_SIGNALING_DN	MSigDB_Hallmark	exploratory	0.90620141640542	0.617021276595745	0.912046771629314	Krt13,Krt4,Selenop,Krt1,Krt15	5	202	18	Mutter_02
Dendritic	MBRT_vs_Ctrl	HALLMARK_MTORC1_SIGNALING	MSigDB_Hallmark	exploratory	0.855729729879919	0.648956356736243	0.912046771629314	Xbp1,Serpinh1	2	201	14	Mutter_02
Dendritic	MBRT_vs_Ctrl	HALLMARK_APOPTOSIS	MSigDB_Hallmark	exploratory	0.830285406644765	0.794782608695652	0.9611324570273	Bgn,Timp1,Il1b,Gpx3,Hspb1,Il6,Dcn,Ier3,Gpx1,Cdkn1a,Tnf,Fasl,Cd44,Il18,Ctnnb1,Rara,Hgf,Gadd45b,Cflar	19	160	64	Mutter_02
Dendritic	MBRT_vs_Ctrl	HALLMARK_G2M_CHECKPOINT	MSigDB_Hallmark	exploratory	0.807380494091791	0.738963531669866	0.9611324570273	Nusap1,Abl1,Hif1a,Tgfb1,Mapk14	5	198	23	Mutter_02
Dendritic	MBRT_vs_Ctrl	HALLMARK_HYPOXIA	MSigDB_Hallmark	exploratory	0.826788954517866	0.741284403669725	0.9611324570273	Bgn,Pdgfb,Il6,Dcn,Ier3,Fos,Zfp36,Anxa2,Cdkn1a	9	200	39	Mutter_02
Dendritic	MBRT_vs_Ctrl	HALLMARK_IL2_STAT5_SIGNALING	MSigDB_Hallmark	exploratory	0.82144416106717	0.788830715532286	0.9611324570273	Xbp1,Il4ra,Spry4,Il10,Csf2,Il10ra,Ctla4,Csf1,Cd44,Cxcl10,Muc1,Tnfrsf9,Il1r2,Tlr7,Lif,Gadd45b,Il3ra,Rora,Igf2r,Cd48	20	199	58	Mutter_02
Dendritic	MBRT_vs_Ctrl	HALLMARK_KRAS_SIGNALING_UP	MSigDB_Hallmark	exploratory	-0.840467285401984	0.750593824228028	0.9611324570273	Ets1,Spry2,Slpi,Bmp2,Pecam1,Ace,Eng,Tnfrsf1b,Inhba,Sox9,Itgb2,Etv4,Sparcl1,Ccl20,Itga2,Dusp6,Spp1	17	203	49	Mutter_02
Dendritic	MBRT_vs_Ctrl	HALLMARK_PI3K_AKT_MTOR_SIGNALING	MSigDB_Hallmark	exploratory	0.774365523995142	0.780155642023346	0.9611324570273	Pfn1,Cdkn1a,Fasl,Rac1,Il2rg,Akt1,Sfn,Slc2a1,Tnfrsf1a	9	105	16	Mutter_02
Dendritic	MBRT_vs_Ctrl	HALLMARK_ANDROGEN_RESPONSE	MSigDB_Hallmark	exploratory	-0.587902175413495	0.959660297239915	0.984448951994591	Arid5b,Krt8,Ndrg1,Itgav,Tsc22d1,B2m	6	112	17	Mutter_02
Dendritic	MBRT_vs_Ctrl	HALLMARK_CHOLESTEROL_HOMEOSTASIS	MSigDB_Hallmark	exploratory	0.623732160917961	0.927450980392157	0.984448951994591	Fabp5	1	75	13	Mutter_02
Dendritic	MBRT_vs_Ctrl	HALLMARK_FATTY_ACID_METABOLISM	MSigDB_Hallmark	exploratory	0.532954391482494	0.96551724137931	0.984448951994591	Cidea,S100a10,Ldha	3	157	11	Mutter_02
Dendritic	MBRT_vs_Ctrl	HALLMARK_HEME_METABOLISM	MSigDB_Hallmark	exploratory	-0.576937859959707	0.953907815631263	0.984448951994591	Lamp2,Ackr1,Aqp3,Myl4,Slc2a1,Epor,Nr3c1	7	194	7	Mutter_02
Dendritic	MBRT_vs_Ctrl	HALLMARK_INTERFERON_ALPHA_RESPONSE	MSigDB_Hallmark	exploratory	-0.680367525511765	0.902286902286902	0.984448951994591	Ifitm2,Ifi27,Cd47,Bst2,Oasl1,Ccrl2,Il15,B2m,Ifitm3	9	100	23	Mutter_02
Dendritic	MBRT_vs_Ctrl	HALLMARK_XENOBIOTIC_METABOLISM	MSigDB_Hallmark	exploratory	0.720075823493592	0.856603773584906	0.984448951994591	Arg1,Vtn,Apoe	3	203	20	Mutter_02
Dendritic	MBRT_vs_Ctrl	TypeII_interferon	project	primary	-0.663871864275642	0.872763419483101	0.984448951994591	Ciita	1	17	8	Mutter_02
Dendritic	MBRT_vs_Ctrl	TypeI_interferon	project	primary	0.67804927662175	0.852882703777336	0.984448951994591	Ifit1,Mx1,Ifitm1,Oas2	4	19	7	Mutter_02
Dendritic	MBRT_vs_Ctrl	HALLMARK_OXIDATIVE_PHOSPHORYLATION	MSigDB_Hallmark	exploratory	-0.445159721740719	0.996124031007752	0.996124031007752	Bax,Atp5e	2	199	4	Mutter_02
Dendritic	MBRT_vs_SBRT	DNA_Damage_Repair	project	primary	1.88278216426177	0.00192857615208314	0.0887789692312999	Cdkn1a,Bax,Chek2	3	18	10	Mutter_02
Dendritic	MBRT_vs_SBRT	HALLMARK_TNFA_SIGNALING_VIA_NFKB	MSigDB_Hallmark	exploratory	1.58068062286673	0.00341457573966538	0.0887789692312999	Cdkn1a,Cd80,Sat1,Ccrl2,Rigi,Cd69,Ccl5,Efna1,Lif,Il6,Dusp1,Csf1,Cd83,Dusp2,Il6st,Cflar,Olr1,Tnfsf9,Ptgs2,Csf2,Dusp4,Inhba,Smad3,Icam1,Fos,Il12b,Il7r,Ccl20,Nfkbia,Cxcl1,Ccl4	31	199	76	Mutter_02
Dendritic	MBRT_vs_SBRT	HALLMARK_EPITHELIAL_MESENCHYMAL_TRANSITION	MSigDB_Hallmark	exploratory	-1.47757714658487	0.0138576499252112	0.109969404779369	Acta2,Col5a1,Col1a2,Col3a1,Col1a1,Col6a2,Col5a3,Tagln,Col6a3,Lum,Mfap5,Col16a1,Vim,Col12a1,Wnt5a,Areg,Vcan,Il15,Tpm1,Bgn,Col4a1,Dcn,Myl9,Vegfc,Emp3,Serpinh1,Mmp2	27	206	72	Mutter_02
Dendritic	MBRT_vs_SBRT	HALLMARK_INTERFERON_GAMMA_RESPONSE	MSigDB_Hallmark	exploratory	1.49351177022115	0.0148035737202997	0.109969404779369	Cdkn1a,Fas,Vcam1,Rigi,Ifi44l,Cd69,Ccl5,Il6,Mt2,Lgals3bp,Cd40,Ptgs2,Cxcl9,Cmklr1,Icam1,Hif1a,Xcl1,Cd38,Cd274,Nfkbia,Il2rb,Oasl1,Il15ra,Cxcl10,Klrk1,Gzma	26	205	65	Mutter_02
Dendritic	MBRT_vs_SBRT	HALLMARK_P53_PATHWAY	MSigDB_Hallmark	exploratory	1.62877165838763	0.0116653788209698	0.109969404779369	Cdkn1a,Bax,Sat1,Fas,Lif,Acvr1b,App,Pdgfa,Tnfsf9,Tm4sf1	10	199	39	Mutter_02
Dendritic	MBRT_vs_SBRT	HALLMARK_PI3K_AKT_MTOR_SIGNALING	MSigDB_Hallmark	exploratory	1.70783593685012	0.0141364598831188	0.109969404779369	Cdkn1a,Cxcr4	2	105	16	Mutter_02
Dendritic	MBRT_vs_SBRT	HALLMARK_UV_RESPONSE_DN	MSigDB_Hallmark	exploratory	-1.61552170290181	0.0102646579118852	0.109969404779369	Col1a2,Col3a1,Col1a1,Ldlr,Adgrl2,Ica1,Nfkb1,Igfbp5,Fyn,Anxa2,Cav1,Myc	12	144	32	Mutter_02
Dendritic	MBRT_vs_SBRT	HALLMARK_MYOGENESIS	MSigDB_Hallmark	exploratory	-1.57207456113639	0.0185242303050828	0.120407496983038	Cfd,Col3a1,Col1a1,Col6a2,Apod,Tagln,Col6a3,Clu,Gsn,Rb1,Myh11,Notch1	12	201	38	Mutter_02
Dendritic	MBRT_vs_SBRT	HALLMARK_KRAS_SIGNALING_UP	MSigDB_Hallmark	exploratory	1.44803541577637	0.0294171592560968	0.159582157536827	Cxcr4,Lif,Sox9,Pdcd1lg2,Csf2ra,Spp1,Spry2,Ace,Arg1,Ptgs2,Csf2,Inhba,Cmklr1,Pecam1,Fgf9,Itgb2,Il33,Il7r,Cidea,Ccl20,St6gal1,Etv5,Tlr8,Slpi,Ets1,Cxcl10	26	203	49	Mutter_02
Dendritic	MBRT_vs_SBRT	HALLMARK_NOTCH_SIGNALING	MSigDB_Hallmark	exploratory	-1.59850426596105	0.0306888764493899	0.159582157536827	Ccnd1,Wnt5a,Notch1,Fzd5,Dll1	5	32	12	Mutter_02
Dendritic	MBRT_vs_SBRT	HALLMARK_APOPTOSIS	MSigDB_Hallmark	exploratory	1.38653989076623	0.0471085672029127	0.204137124545955	Cdkn1a,Bax,Sat1,Fas,Bcl2l1,Timp1,Lgals3,Cd69,Hspb1,Il6,Igf2r	11	160	64	Mutter_02
Dendritic	MBRT_vs_SBRT	HALLMARK_ESTROGEN_RESPONSE_EARLY	MSigDB_Hallmark	exploratory	-1.48897489423851	0.0440670192970566	0.204137124545955	Ar,Xbp1,Thsd4,Krt8,Krt18,Ccnd1,Aqp3,Krt19,Areg,Fasn,Krt13,Myc,Dhrs2	13	200	33	Mutter_02
Dendritic	MBRT_vs_SBRT	HALLMARK_INFLAMMATORY_RESPONSE	MSigDB_Hallmark	exploratory	1.35414765396208	0.0547045951859956	0.218818380743982	Cdkn1a,Ccrl2,Best1,Timp1,Mmp14,Cd69,Ccl5,Lif,Clec5a,Il6,Csf1,Acvr1b,Nlrp3,Olr1,Cd40,Tnfsf9,Cxcl9,Osmr,Itga5,Inhba,Cd14,Cd70,Msr1,Cmklr1,Icam1,Cx3cl1,Hif1a,Acvr2a,Marco,Tnfsf15	30	201	86	Mutter_02
Dendritic	MBRT_vs_SBRT	HALLMARK_IL6_JAK_STAT3_SIGNALING	MSigDB_Hallmark	exploratory	1.38523604628757	0.0619266055045872	0.230013106159895	Pdgfc,Fas,Tnfrsf21,Il1r2,Il6,Csf1,Csf2ra,Acvr1b,Il6st,Il17rb,Csf2,Cxcl9,Osmr,Acvrl1,Cd14,Il10rb,Il2ra,Cd38,Cxcl1,Il17ra,Csf3r,Il13ra1,Il18r1,Il15ra,Cxcl10	25	88	55	Mutter_02
Dendritic	MBRT_vs_SBRT	HALLMARK_ADIPOGENESIS	MSigDB_Hallmark	exploratory	-1.38361814140335	0.0856610800744879	0.296958410924891	Fabp4,Lifr,Stat5a,Vegfb,Sod1,Col4a1,Fzd4	7	200	19	Mutter_02
Dendritic	MBRT_vs_SBRT	HALLMARK_MITOTIC_SPINDLE	MSigDB_Hallmark	exploratory	-1.39522729710943	0.106741573033708	0.32650363516193	Top2a,Nusap1,Gsn,Cenpf,Birc5,Plekhg2,Notch2,Dst	8	199	11	Mutter_02
Dendritic	MBRT_vs_SBRT	HALLMARK_UV_RESPONSE_UP	MSigDB_Hallmark	exploratory	1.41949737041556	0.106290672451193	0.32650363516193	Mmp14,H2-Q1,Il6,Il6st,Rxrb,H2-Q2,Icam1,Fos,Epcam,Nfkbia,Cxcl1	11	158	24	Mutter_02
Dendritic	MBRT_vs_SBRT	HALLMARK_APICAL_SURFACE	MSigDB_Hallmark	exploratory	1.35967456990277	0.126849894291755	0.347168131745855	Efna5,Hspb1,Gata3,App,Cx3cl1	5	44	10	Mutter_02
Dendritic	MBRT_vs_SBRT	HALLMARK_MTORC1_SIGNALING	MSigDB_Hallmark	exploratory	1.37984053481145	0.126086956521739	0.347168131745855	Cdkn1a,Cxcr4	2	201	14	Mutter_02
Dendritic	MBRT_vs_SBRT	HALLMARK_MYC_TARGETS_V1	MSigDB_Hallmark	exploratory	-1.35749702177729	0.138836772983114	0.360975609756098	Pcna,Ldha,Myc,Ppia,Ptges3	5	201	9	Mutter_02
Dendritic	MBRT_vs_SBRT	HALLMARK_ANDROGEN_RESPONSE	MSigDB_Hallmark	exploratory	-1.24196966160299	0.178030303030303	0.413226160029229	Lifr,Selenop,Krt8,Ccnd1,Krt19,Azgp1,Arid5b,Maf,Akt1	9	112	17	Mutter_02
Dendritic	MBRT_vs_SBRT	HALLMARK_FATTY_ACID_METABOLISM	MSigDB_Hallmark	exploratory	-1.28926652003113	0.170411985018727	0.413226160029229	Ldha,Fasn,S100a10,Hsp90aa1,Glul,Mif,Lgals1	7	157	11	Mutter_02
Dendritic	MBRT_vs_SBRT	HALLMARK_XENOBIOTIC_METABOLISM	MSigDB_Hallmark	exploratory	1.27117019784524	0.182773109243697	0.413226160029229	Fas,Crp,Esr1,Mt2,Arg1,Igf1,Vtn,Hsd17b2,Tgfb2	9	203	20	Mutter_02
Dendritic	MBRT_vs_SBRT	HALLMARK_HYPOXIA	MSigDB_Hallmark	exploratory	1.20878392854329	0.196162046908316	0.42501776830135	Cdkn1a,Cxcr4,Efna1,Il6,Dusp1	5	200	39	Mutter_02
Dendritic	MBRT_vs_SBRT	HALLMARK_COMPLEMENT	MSigDB_Hallmark	exploratory	1.13566881452612	0.267515923566879	0.556433121019108	Timp1,Mmp14,Lgals3,Ccl5,Gata3,Src,Il6,Gzmk,Olr1,Mmp12,Ltf	11	196	42	Mutter_02
Dendritic	MBRT_vs_SBRT	HALLMARK_G2M_CHECKPOINT	MSigDB_Hallmark	exploratory	-1.13784874576918	0.306691449814126	0.590254706533776	Mki67,Top2a,Nusap1,Stmn1,Ccnd1,Myc,Cenpf,Birc5,Ezh2,Ube2c,Notch2	11	198	23	Mutter_02
Dendritic	MBRT_vs_SBRT	HALLMARK_PEROXISOME	MSigDB_Hallmark	exploratory	-1.16931067817801	0.306640625	0.590254706533776	Top2a,Sod1	2	102	4	Mutter_02
Dendritic	MBRT_vs_SBRT	HALLMARK_UNFOLDED_PROTEIN_RESPONSE	MSigDB_Hallmark	exploratory	-1.13011636908169	0.317829457364341	0.590254706533776	Xbp1,Hsp90b1,Bag3,Vegfa	4	113	6	Mutter_02
Dendritic	MBRT_vs_SBRT	HALLMARK_REACTIVE_OXYGEN_SPECIES_PATHWAY	MSigDB_Hallmark	exploratory	-1.1422761980979	0.335249042145594	0.601136213502444	Fes,Sod1	2	48	5	Mutter_02
Dendritic	MBRT_vs_SBRT	HALLMARK_COAGULATION	MSigDB_Hallmark	exploratory	-1.07124574574477	0.358490566037736	0.605911934257329	Cfd,Dpp4,Clu,Gsn,Fyn,Mmp9	6	139	26	Mutter_02
Dendritic	MBRT_vs_SBRT	HALLMARK_E2F_TARGETS	MSigDB_Hallmark	exploratory	-1.07765822761289	0.361216730038023	0.605911934257329	Hmgb2,Mki67,Top2a,Pcna,Stmn1,Tubb5,Dnmt1	7	200	20	Mutter_02
Dendritic	MBRT_vs_SBRT	HALLMARK_BILE_ACID_METABOLISM	MSigDB_Hallmark	exploratory	-1.04884994137198	0.395348837209302	0.642441860465116	Ar,Sod1	2	112	6	Mutter_02
Dendritic	MBRT_vs_SBRT	HALLMARK_CHOLESTEROL_HOMEOSTASIS	MSigDB_Hallmark	exploratory	-1.02476742872626	0.411985018726592	0.649188514357054	Ldlr,Clu,Alcam,Fasn	4	75	13	Mutter_02
Dendritic	MBRT_vs_SBRT	HALLMARK_ANGIOGENESIS	MSigDB_Hallmark	exploratory	0.976445965799414	0.443010752688172	0.669418794133623	Tnfrsf21,Timp1,Olr1,Spp1,App,Pdgfa,Vtn	7	36	19	Mutter_02
Dendritic	MBRT_vs_SBRT	HALLMARK_GLYCOLYSIS	MSigDB_Hallmark	exploratory	-1.00676665310713	0.450570342205323	0.669418794133623	Col5a1,Stmn1,Ldha,Vcan,Sod1,Dcn,Ppia	7	200	18	Mutter_02
Dendritic	MBRT_vs_SBRT	HALLMARK_ESTROGEN_RESPONSE_LATE	MSigDB_Hallmark	exploratory	-0.974390044560153	0.495069033530572	0.689841888672298	Cdh1,Top2a,Xbp1,Ccnd1,Krt19,Areg,Krt13,Cav1,Dhrs2	9	206	35	Mutter_02
Dendritic	MBRT_vs_SBRT	HALLMARK_SPERMATOGENESIS	MSigDB_Hallmark	exploratory	0.959233512843577	0.504115226337449	0.689841888672298	Ace,Cdkn3	2	135	6	Mutter_02
Dendritic	MBRT_vs_SBRT	TypeII_interferon	project	primary	-0.977744322287635	0.486328125	0.689841888672298	Ciita,Cd74,H2-Ab1	3	17	8	Mutter_02
Dendritic	MBRT_vs_SBRT	HALLMARK_IL2_STAT5_SIGNALING	MSigDB_Hallmark	exploratory	-0.940602776397377	0.557142857142857	0.73125	Cd48,Sell,Xbp1,Col6a1,Il10,Ahr,Cst7,Bmp2,Flt3l,Alcam,Myc,Il4ra,Itga6,Il3ra	14	199	58	Mutter_02
Dendritic	MBRT_vs_SBRT	TypeI_interferon	project	primary	0.891580208292849	0.5625	0.73125	Mx1	1	19	7	Mutter_02
Dendritic	MBRT_vs_SBRT	HALLMARK_TGF_BETA_SIGNALING	MSigDB_Hallmark	exploratory	-0.919385713748577	0.58955223880597	0.747724790680743	Cdh1,Hdac1,Bmp2	3	54	15	Mutter_02
Dendritic	MBRT_vs_SBRT	HALLMARK_KRAS_SIGNALING_DN	MSigDB_Hallmark	exploratory	0.854980153569981	0.640756302521008	0.793317326930772	Cd80,Ifi44l	2	202	18	Mutter_02
Dendritic	MBRT_vs_SBRT	HALLMARK_PANCREAS_BETA_CELLS	MSigDB_Hallmark	exploratory	0.832279132046625	0.661224489795918	0.799620313241576	Gcg	1	40	4	Mutter_02
Dendritic	MBRT_vs_SBRT	HALLMARK_INTERFERON_ALPHA_RESPONSE	MSigDB_Hallmark	exploratory	-0.846627018415947	0.680297397769517	0.803987833727611	Sell,Ifitm1,Ifitm2,H2-Q10,Il15,Cd74,Il4ra	7	100	23	Mutter_02
Dendritic	MBRT_vs_SBRT	HALLMARK_OXIDATIVE_PHOSPHORYLATION	MSigDB_Hallmark	exploratory	0.762798332764592	0.738775510204082	0.853696145124717	Bax	1	199	4	Mutter_02
Dendritic	MBRT_vs_SBRT	HALLMARK_ALLOGRAFT_REJECTION	MSigDB_Hallmark	exploratory	0.837227471281889	0.8	0.885106382978723	Cd80,Fas,Timp1,Ccl11,Ccl5,Tap2,Lif,Il6,Csf1,H2-T23,Nlrp3,Cd40,Itgal,Cxcl9,Inhba,Inhbb,Icam1,Hif1a,Acvr2a,Il2ra,Srgn,Itgb2,Il12b,Cd3e,Tgfb2,Krt1,Ccl4	27	201	102	Mutter_02
Dendritic	MBRT_vs_SBRT	HALLMARK_DNA_REPAIR	MSigDB_Hallmark	exploratory	-0.755336172441536	0.795019157088123	0.885106382978723	Pcna,Nt5c3	2	150	5	Mutter_02
Dendritic	MBRT_vs_SBRT	HALLMARK_HEME_METABOLISM	MSigDB_Hallmark	exploratory	-0.684081277273941	0.875494071146245	0.910513833992095	Aqp3,Ackr1	2	194	7	Mutter_02
Dendritic	MBRT_vs_SBRT	HALLMARK_PROTEIN_SECRETION	MSigDB_Hallmark	exploratory	0.678737287757038	0.861407249466951	0.910513833992095	Cd63,Igf2r	2	96	9	Mutter_02
Dendritic	MBRT_vs_SBRT	HALLMARK_WNT_BETA_CATENIN_SIGNALING	MSigDB_Hallmark	exploratory	0.71916620837193	0.841201716738197	0.910513833992095	Tcf7	1	42	15	Mutter_02
Dendritic	MBRT_vs_SBRT	HALLMARK_APICAL_JUNCTION	MSigDB_Hallmark	exploratory	-0.670527542154676	0.933837429111531	0.952147966937248	Cdh1,Fyb,Col16a1,Ptprc,Mmp9,Vcan,Myl9,Rac2,Mmp2,Pfn1,Actg2,Col17a1,Cd34,Itga2,Cdh11,Vwf,Syk,Cldn4	18	199	38	Mutter_02
Dendritic	MBRT_vs_SBRT	HALLMARK_HEDGEHOG_SIGNALING	MSigDB_Hallmark	exploratory	0.482849461606508	0.983673469387755	0.983673469387755	Hey1,Celsr1	2	36	4	Mutter_02
Dendritic	SBRT_vs_Ctrl	HALLMARK_EPITHELIAL_MESENCHYMAL_TRANSITION	MSigDB_Hallmark	exploratory	1.82323875506875	0.000320062302985184	0.0166432397552296	Col3a1,Acta2,Col1a1,Col1a2,Col5a2,Col5a3,Col5a1,Bgn,Col6a3,Col6a2,Mfap5,Col12a1,Tagln,Col4a1,Serpinh1,Dcn,Wnt5a	17	206	72	Mutter_02
Dendritic	SBRT_vs_Ctrl	HALLMARK_P53_PATHWAY	MSigDB_Hallmark	exploratory	-1.90010454938665	0.000725695071516667	0.0188680718594333	Cdkn1a,Bax,Tnfsf9,Itgb4,Fas,Acvr1b,Epha2,Sat1,Tm4sf1	9	199	39	Mutter_02
Dendritic	SBRT_vs_Ctrl	HALLMARK_UV_RESPONSE_DN	MSigDB_Hallmark	exploratory	1.75508901126965	0.00289199175511178	0.0501278570886042	Col3a1,Col1a1,Col1a2,Fyn,Col5a2,Ldlr,Nfkb1,Anxa2,Rxra,Igfbp5	10	144	32	Mutter_02
Dendritic	SBRT_vs_Ctrl	DNA_Damage_Repair	project	primary	-1.83062703868331	0.00399022908587681	0.0518729781163985	Cdkn1a,Bax,Chek2,Atm	4	18	10	Mutter_02
Dendritic	SBRT_vs_Ctrl	HALLMARK_ESTROGEN_RESPONSE_EARLY	MSigDB_Hallmark	exploratory	1.64487213331722	0.00953830480802321	0.0991983700034414	Xbp1,Ar,Krt13,Ccnd1,Dhrs2,Fasn,Cxcl12,Thsd4,Cd44,Aqp3,Krt15,Krt18,Areg,Pgr,Krt19,Il6st,Myc,Krt8,Jak2,Celsr2	20	200	33	Mutter_02
Dendritic	SBRT_vs_Ctrl	HALLMARK_TNFA_SIGNALING_VIA_NFKB	MSigDB_Hallmark	exploratory	-1.4355938483677	0.0228946948543447	0.198420688737654	Cdkn1a,Cd80,Tnfsf9,Ccrl2,Vegfa,Sat1,Efna1,Smad3,Junb,Dusp4,Inhba,Clcf1,Cd69	13	199	76	Mutter_02
Dendritic	SBRT_vs_Ctrl	HALLMARK_APICAL_SURFACE	MSigDB_Hallmark	exploratory	-1.55373854335853	0.0342842259915778	0.227075382216507	Efna5,Gata3,Ephb4,Cx3cl1,Il2rb,App	6	44	10	Mutter_02
Dendritic	SBRT_vs_Ctrl	HALLMARK_KRAS_SIGNALING_UP	MSigDB_Hallmark	exploratory	-1.4618911538737	0.0349346741871549	0.227075382216507	Spry2,Cxcr4,Ets1,Sox9,Slpi,Ace,Pecam1,Inhba,Spp1,Itgb2,Csf2ra,Ccl20,Pdcd1lg2,Eng	14	203	49	Mutter_02
Dendritic	SBRT_vs_Ctrl	HALLMARK_ADIPOGENESIS	MSigDB_Hallmark	exploratory	1.5357419620721	0.0480788431096452	0.277788871300172	Lifr,Fabp4,Stat5a,Col4a1,Gpx3	5	200	19	Mutter_02
Dendritic	SBRT_vs_Ctrl	HALLMARK_MYOGENESIS	MSigDB_Hallmark	exploratory	1.42511607211768	0.0632090761750405	0.323809523809524	Col3a1,Col1a1,Col6a3,Col6a2,Apod,Cfd,Tagln	7	201	38	Mutter_02
Dendritic	SBRT_vs_Ctrl	HALLMARK_UV_RESPONSE_UP	MSigDB_Hallmark	exploratory	-1.40318703215673	0.0692124105011933	0.323809523809524	Rxrb,Junb,H2-Q1,Epcam,Casp3,Sqstm1,Cxcl1,Mmp14	8	158	24	Mutter_02
Dendritic	SBRT_vs_Ctrl	HALLMARK_WNT_BETA_CATENIN_SIGNALING	MSigDB_Hallmark	exploratory	-1.42939944770293	0.0747252747252747	0.323809523809524	Tcf7,Hdac5,Ppard,Wnt5b,Hdac11,Fzd1	6	42	15	Mutter_02
Dendritic	SBRT_vs_Ctrl	HALLMARK_ESTROGEN_RESPONSE_LATE	MSigDB_Hallmark	exploratory	1.35995824815246	0.0953947368421053	0.354323308270677	Xbp1,Cdh1,S100a9,Krt13,Top2a,Ccnd1,Dhrs2,Cxcl12,Cd44,Areg,Pgr,Cxcl14,Krt19,Zfp36,Il6st,Jak2,Celsr2	17	206	35	Mutter_02
Dendritic	SBRT_vs_Ctrl	HALLMARK_MITOTIC_SPINDLE	MSigDB_Hallmark	exploratory	1.43479108487697	0.0945179584120983	0.354323308270677	Nusap1,Top2a,Abl1,Notch2,Cenpf,Gsn,Plekhg2,Birc5	8	199	11	Mutter_02
Dendritic	SBRT_vs_Ctrl	HALLMARK_SPERMATOGENESIS	MSigDB_Hallmark	exploratory	-1.39643934009726	0.11228813559322	0.389265536723164	Cdkn3,Ace	2	135	6	Mutter_02
Dendritic	SBRT_vs_Ctrl	HALLMARK_ALLOGRAFT_REJECTION	MSigDB_Hallmark	exploratory	1.20398060429355	0.155898876404494	0.476867151354924	Pf4,Il10,Il4ra,Elane,Fasl,Ccr2,Fyb,Ptprc,Fgr,Cd3d,Icosl,Il1b,Csk,Il18,Cxcr3,Cd74,Gzmb,Il2rg,Il16,Tgfb1,Ccl2,Srgn,Mmp9,Ifnar2,Akt1,Ly75,Ccr1,Ccr5,Cd40lg,Il7,Acvr2a,Ncr1,Ifngr2,Tlr2	34	201	102	Mutter_02
Dendritic	SBRT_vs_Ctrl	HALLMARK_HYPOXIA	MSigDB_Hallmark	exploratory	-1.22621528864618	0.152406417112299	0.476867151354924	Cdkn1a,Cxcr4,Ets1,Vegfa,Efna1	5	200	39	Mutter_02
Dendritic	SBRT_vs_Ctrl	HALLMARK_ANGIOGENESIS	MSigDB_Hallmark	exploratory	1.22975443867678	0.201413427561837	0.551236749116608	Col3a1,Col5a2,Pf4	3	36	19	Mutter_02
Dendritic	SBRT_vs_Ctrl	HALLMARK_PI3K_AKT_MTOR_SIGNALING	MSigDB_Hallmark	exploratory	-1.23426429760538	0.197339246119734	0.551236749116608	Cdkn1a,Cxcr4	2	105	16	Mutter_02
Dendritic	SBRT_vs_Ctrl	HALLMARK_APOPTOSIS	MSigDB_Hallmark	exploratory	-1.13538364185764	0.219373219373219	0.57037037037037	Cdkn1a,Bax,Bcl2l1,Fas,Sat1,Cd38,Cd69,Lgals3,Erbb2,Casp3	10	160	64	Mutter_02
Dendritic	SBRT_vs_Ctrl	HALLMARK_G2M_CHECKPOINT	MSigDB_Hallmark	exploratory	1.18374640690428	0.233108108108108	0.577220077220077	Nusap1,Mki67,Top2a,Stmn1,Ccnd1,Abl1,Tgfb1,Ube2c,Notch2,Ezh2,Cenpf,Pttg1	12	198	23	Mutter_02
Dendritic	SBRT_vs_Ctrl	HALLMARK_APICAL_JUNCTION	MSigDB_Hallmark	exploratory	-1.11233853701729	0.277922077922078	0.58978354978355	Itgb4,Icam2,Pecam1,Vcam1,Src,Cdh11,Mapk13,Myl12b,Itga3,Cx3cl1,Bmp1	11	199	38	Mutter_02
Dendritic	SBRT_vs_Ctrl	HALLMARK_E2F_TARGETS	MSigDB_Hallmark	exploratory	-1.15086099290148	0.272727272727273	0.58978354978355	Cdkn1a,Cdkn3,Chek2	3	200	20	Mutter_02
Dendritic	SBRT_vs_Ctrl	HALLMARK_HEDGEHOG_SIGNALING	MSigDB_Hallmark	exploratory	-1.20763919785725	0.283549783549784	0.58978354978355	Vegfa	1	36	4	Mutter_02
Dendritic	SBRT_vs_Ctrl	HALLMARK_PANCREAS_BETA_CELLS	MSigDB_Hallmark	exploratory	-1.20592606084629	0.283549783549784	0.58978354978355	Gcg	1	40	4	Mutter_02
Dendritic	SBRT_vs_Ctrl	HALLMARK_INTERFERON_GAMMA_RESPONSE	MSigDB_Hallmark	exploratory	-1.04641137762807	0.337142857142857	0.674285714285714	Cdkn1a,Fas,Vcam1,Cd38,Ifi27,Cd69,Ifi44l,Casp3,Oasl1,H2-D1,Xcl1,Il2rb,Ifitm2,Cxcl9,Cd274,Mt2,Ptgs2,Klrk1	18	205	65	Mutter_02
Dendritic	SBRT_vs_Ctrl	HALLMARK_BILE_ACID_METABOLISM	MSigDB_Hallmark	exploratory	1.10114850197165	0.369811320754717	0.712229210342418	Ar,Rxra	2	112	6	Mutter_02
Dendritic	SBRT_vs_Ctrl	HALLMARK_ANDROGEN_RESPONSE	MSigDB_Hallmark	exploratory	1.0493575867633	0.39247311827957	0.728878648233487	Lifr,Selenop,Ccnd1,Azgp1,Akt1,Krt19,Maf	7	112	17	Mutter_02
Dendritic	SBRT_vs_Ctrl	HALLMARK_FATTY_ACID_METABOLISM	MSigDB_Hallmark	exploratory	1.04591624632942	0.421550094517958	0.730686830497795	Ldha,S100a10,Fasn	3	157	11	Mutter_02
Dendritic	SBRT_vs_Ctrl	HALLMARK_XENOBIOTIC_METABOLISM	MSigDB_Hallmark	exploratory	-1.02306000029554	0.411363636363636	0.730686830497795	Fas,Epha2,Esr1,Crp,Ppard,Cd36,Mt2,Tgfb2,Hsd17b2,Igf1,Ptges	11	203	20	Mutter_02
Dendritic	SBRT_vs_Ctrl	HALLMARK_COAGULATION	MSigDB_Hallmark	exploratory	0.965449885578158	0.508741258741259	0.748685594111462	Fyn,Pf4,Cfd	3	139	26	Mutter_02
Dendritic	SBRT_vs_Ctrl	HALLMARK_COMPLEMENT	MSigDB_Hallmark	exploratory	0.977789483260081	0.491171749598716	0.748685594111462	Fyn,Calm1,S100a9,Dusp5,Pfn1,Spock2,Gzmb	7	196	42	Mutter_02
Dendritic	SBRT_vs_Ctrl	HALLMARK_DNA_REPAIR	MSigDB_Hallmark	exploratory	-1.03492899052913	0.47741935483871	0.748685594111462	Npr2,Tyms	2	150	5	Mutter_02
Dendritic	SBRT_vs_Ctrl	HALLMARK_IL2_STAT5_SIGNALING	MSigDB_Hallmark	exploratory	0.938764933885882	0.561514195583596	0.748685594111462	Xbp1,Il10,Cd48,Il4ra,Spry4,Sell,Col6a1,Il3ra,Cd44,Cst7,Ahr,Itga6,Ctla4,Itgae,Icos	15	199	58	Mutter_02
Dendritic	SBRT_vs_Ctrl	HALLMARK_MTORC1_SIGNALING	MSigDB_Hallmark	exploratory	-0.937437395460021	0.554112554112554	0.748685594111462	Cdkn1a,Cxcr4	2	201	14	Mutter_02
Dendritic	SBRT_vs_Ctrl	HALLMARK_NOTCH_SIGNALING	MSigDB_Hallmark	exploratory	0.95486979807655	0.525139664804469	0.748685594111462	Wnt5a,Ccnd1,Fzd5,Notch2	4	32	12	Mutter_02
Dendritic	SBRT_vs_Ctrl	HALLMARK_TGF_BETA_SIGNALING	MSigDB_Hallmark	exploratory	-0.962400908402575	0.503296703296703	0.748685594111462	Tgfbr1,Smad3,Junb,Thbs1,Eng	5	54	15	Mutter_02
Dendritic	SBRT_vs_Ctrl	HALLMARK_UNFOLDED_PROTEIN_RESPONSE	MSigDB_Hallmark	exploratory	0.920237897472933	0.558490566037736	0.748685594111462	Xbp1,Ccl2,Hsp90b1	3	113	6	Mutter_02
Dendritic	SBRT_vs_Ctrl	TypeII_interferon	project	primary	1.00047608032965	0.487804878048781	0.748685594111462	Cd74,Ciita,H2-Ab1	3	17	8	Mutter_02
Dendritic	SBRT_vs_Ctrl	HALLMARK_GLYCOLYSIS	MSigDB_Hallmark	exploratory	0.877756538453446	0.614310645724258	0.793909465020576	Col5a1,Dcn,Stmn1,Ldha,Cd44,Ier3	6	200	18	Mutter_02
Dendritic	SBRT_vs_Ctrl	HALLMARK_IL6_JAK_STAT3_SIGNALING	MSigDB_Hallmark	exploratory	-0.912161475725576	0.626702997275204	0.793909465020576	Pdgfc,Tnfrsf21,Fas,Acvr1b,Cd38,Il12rb1,Csf2ra,Il17rb,Osmr,Il13ra1,Il2ra,Acvrl1,Cxcl1,Cd36,Cxcl9,Cd14,Cd9	17	88	55	Mutter_02
Dendritic	SBRT_vs_Ctrl	HALLMARK_INTERFERON_ALPHA_RESPONSE	MSigDB_Hallmark	exploratory	0.863280302651175	0.673986486486487	0.793909465020576	Il4ra,Lamp3,Ifitm1,Sell,Cd74	5	100	23	Mutter_02
Dendritic	SBRT_vs_Ctrl	HALLMARK_OXIDATIVE_PHOSPHORYLATION	MSigDB_Hallmark	exploratory	0.848418341223944	0.653703703703704	0.793909465020576	Glud1,Ldha	2	199	4	Mutter_02
Dendritic	SBRT_vs_Ctrl	HALLMARK_PEROXISOME	MSigDB_Hallmark	exploratory	0.816798303093123	0.687037037037037	0.793909465020576	Top2a	1	102	4	Mutter_02
Dendritic	SBRT_vs_Ctrl	HALLMARK_PROTEIN_SECRETION	MSigDB_Hallmark	exploratory	-0.837487586740954	0.663179916317992	0.793909465020576	Cd63,Sod1,Igf2r,Egfr,Lamp2	5	96	9	Mutter_02
Dendritic	SBRT_vs_Ctrl	HALLMARK_CHOLESTEROL_HOMEOSTASIS	MSigDB_Hallmark	exploratory	0.758821785580181	0.77634011090573	0.809741697416974	Ldlr,Fasn,Ctnnb1	3	75	13	Mutter_02
Dendritic	SBRT_vs_Ctrl	HALLMARK_HEME_METABOLISM	MSigDB_Hallmark	exploratory	0.740728642134561	0.77859778597786	0.809741697416974	Aqp3,Slc2a1,Ackr1,Nr3c1,Epor,Myl4,Lamp2	7	194	7	Mutter_02
Dendritic	SBRT_vs_Ctrl	HALLMARK_INFLAMMATORY_RESPONSE	MSigDB_Hallmark	exploratory	0.844360432635858	0.761764705882353	0.809741697416974	Il10,Cd48,Il4ra,Ldlr,Nfkb1,Lamp3,Ifitm1,Sell,Icosl,Il1b,Gpr183,Il18,Osm,Fzd5,Axl,Ccr7,Ccl2,Cxcr6	18	201	86	Mutter_02
Dendritic	SBRT_vs_Ctrl	HALLMARK_MYC_TARGETS_V1	MSigDB_Hallmark	exploratory	0.745280063948854	0.776717557251908	0.809741697416974	Pcna,Ldha,Ptges3	3	201	9	Mutter_02
Dendritic	SBRT_vs_Ctrl	TypeI_interferon	project	primary	0.744768725746845	0.776752767527675	0.809741697416974	Ifitm1,Ifit1,Oas2	3	19	7	Mutter_02
Dendritic	SBRT_vs_Ctrl	HALLMARK_KRAS_SIGNALING_DN	MSigDB_Hallmark	exploratory	0.695090919275784	0.879581151832461	0.884543761638734	Selenop,Krt13,Krt4,Krt15,Pdcd1,Cd40lg	6	202	18	Mutter_02
Dendritic	SBRT_vs_Ctrl	HALLMARK_REACTIVE_OXYGEN_SPECIES_PATHWAY	MSigDB_Hallmark	exploratory	0.652567528657618	0.884543761638734	0.884543761638734	Gpx3,Fes	2	48	5	Mutter_02
Fibroblastic.reticular	MBRT_vs_Ctrl	HALLMARK_EPITHELIAL_MESENCHYMAL_TRANSITION	MSigDB_Hallmark	exploratory	1.79745425316483	0.000432181887737632	0.0224734581623569	Bmp1,Notch2,Dcn,Il6,Tnfrsf11b,Cxcl1,Mmp14,Col3a1,Col5a3,Mfap5,Cxcl5,Col1a1,Timp1,Vcan,Col5a2,Bgn,Jun,Lum,Itgb5,Col12a1,Col1a2,Cxcl2,Cxcl12,Col16a1,Serpinh1,Dst,Col5a1	27	206	72	Mutter_02
Fibroblastic.reticular	MBRT_vs_Ctrl	HALLMARK_ANGIOGENESIS	MSigDB_Hallmark	exploratory	1.75599827666052	0.0124060145043235	0.0921589648892603	Pf4,Col3a1,Cxcl5,Timp1,Vcan,Col5a2,Lum,App	8	36	19	Mutter_02
Fibroblastic.reticular	MBRT_vs_Ctrl	HALLMARK_COAGULATION	MSigDB_Hallmark	exploratory	1.65174626793282	0.0120565564722183	0.0921589648892603	Bmp1,Pf4,Dpp4,Mmp14,Timp1,Fyn,C1qa,Rac1,Pdgfb	9	139	28	Mutter_02
Fibroblastic.reticular	MBRT_vs_Ctrl	HALLMARK_IL6_JAK_STAT3_SIGNALING	MSigDB_Hallmark	exploratory	1.57199296446446	0.0100968068979929	0.0921589648892603	Pf4,Il6,Cd38,Cxcl1,Il1b,Il17ra,Osmr,Csf1,Il4ra,Jun,Ifnar1,Il1r2,Il6st,Csf2,Cxcl2,Ifngr2,Il1r1,Reg1,Csf3r,Ltbr,Ccr1,Il3ra	22	88	56	Mutter_02
Fibroblastic.reticular	MBRT_vs_Ctrl	HALLMARK_PANCREAS_BETA_CELLS	MSigDB_Hallmark	exploratory	1.60692304710158	0.0119738488583654	0.0921589648892603	Dpp4	1	40	4	Mutter_02
Fibroblastic.reticular	MBRT_vs_Ctrl	HALLMARK_PEROXISOME	MSigDB_Hallmark	exploratory	-1.67980491532209	0.00637667286304947	0.0921589648892603	Ttr,Sod1	2	102	4	Mutter_02
Fibroblastic.reticular	MBRT_vs_Ctrl	HALLMARK_TGF_BETA_SIGNALING	MSigDB_Hallmark	exploratory	-1.73668064923573	0.0110249778167591	0.0921589648892603	Bmp2,Acvr1,Tgfbr1,Junb,Smad3,Apc,Eng,Bmpr1a	8	54	15	Mutter_02
Fibroblastic.reticular	MBRT_vs_Ctrl	HALLMARK_INFLAMMATORY_RESPONSE	MSigDB_Hallmark	exploratory	1.4035014972371	0.0180505879299793	0.117328821544865	Cd48,Il6,Rgs1,Nfkb1,Il1b,Mmp14,Ffar2,Cxcl5,Tnfaip6,Timp1,Osmr,Csf1,Il4ra,Hif1a,Ifnar1,Cd70,Ldlr,Axl,Cd55,Msr1,Sell,Ifngr2,Ahr,Il1r1,Osm,Csf3r	26	201	86	Mutter_02
Fibroblastic.reticular	MBRT_vs_Ctrl	HALLMARK_APICAL_SURFACE	MSigDB_Hallmark	exploratory	-1.65091905454749	0.0298919613854079	0.161912695970909	Gata3,Cx3cl1,Ephb4,Il2rb,Lyn	5	44	10	Mutter_02
Fibroblastic.reticular	MBRT_vs_Ctrl	HALLMARK_DNA_REPAIR	MSigDB_Hallmark	exploratory	-1.56104213560091	0.0311370569174826	0.161912695970909	Nt5c3,Tyms,Pcna	3	150	5	Mutter_02
Fibroblastic.reticular	MBRT_vs_Ctrl	HALLMARK_UV_RESPONSE_DN	MSigDB_Hallmark	exploratory	1.44644044003629	0.0406930092943597	0.192366953027882	Notch2,Nfkb1,Col3a1,Tgfbr2,Col1a1,Dusp1,Col5a2,Fyn,Ldlr,Col1a2,Igf1r,Mapk14,Anxa2,Cav1	14	144	32	Mutter_02
Fibroblastic.reticular	MBRT_vs_Ctrl	HALLMARK_MYC_TARGETS_V1	MSigDB_Hallmark	exploratory	-1.52243623420404	0.0555555555555556	0.222222222222222	Tyms,Pcna,Myc,Hsp90ab1,Rack1	5	201	9	Mutter_02
Fibroblastic.reticular	MBRT_vs_Ctrl	TypeI_interferon	project	primary	-1.47566586339721	0.0529411764705882	0.222222222222222	Mx1,Oas2,Ifitm3,Oasl1,Stat1,Ifit1	6	19	7	Mutter_02
Fibroblastic.reticular	MBRT_vs_Ctrl	HALLMARK_KRAS_SIGNALING_UP	MSigDB_Hallmark	exploratory	-1.34751264627785	0.0714285714285714	0.232142857142857	Ets1,Sox9,Bmp2,Csf2ra,Igfbp3,Pdcd1lg2,Dusp6,Eng,Cmklr1,Itgb2,Spp1,Pigr,Sparcl1,Cxcl10,Cidea,Slpi,Scg5,Etv4	18	203	49	Mutter_02
Fibroblastic.reticular	MBRT_vs_Ctrl	HALLMARK_P53_PATHWAY	MSigDB_Hallmark	exploratory	-1.38063461983013	0.0703422053231939	0.232142857142857	Tm4sf1,Tsc22d1,Bmp2,Itgb4,Tap1,S100a4,Atf3,Pcna,Fas,Il1a,Rack1,Fgf13	12	199	39	Mutter_02
Fibroblastic.reticular	MBRT_vs_Ctrl	TypeII_interferon	project	primary	-1.47282440135435	0.0642023346303502	0.232142857142857	Ciita,Cxcl9,Cxcl10,Stat1	4	17	8	Mutter_02
Fibroblastic.reticular	MBRT_vs_Ctrl	HALLMARK_E2F_TARGETS	MSigDB_Hallmark	exploratory	-1.34466171518498	0.125498007968128	0.383876259667213	Chek2,Birc5,Pcna,Myc,Tubb5,Mlh1,Hmgb2,Chek1,Cdkn3,Dnmt1	10	200	20	Mutter_02
Fibroblastic.reticular	MBRT_vs_Ctrl	HALLMARK_COMPLEMENT	MSigDB_Hallmark	exploratory	1.23293188820158	0.146639511201629	0.423625254582485	Dpp4,S100a9,Il6,Cxcl1,Mmp14,Timp1,Dusp5,Fyn,C1qc,Cd55,Gzma,Cxcl2,C1qa,Pdgfb,Fcer1g,Pfn1,Lgals3,Cxcl3,Apoc1,Spock2,Gzmb,Mmp12,Ltf	23	196	42	Mutter_02
Fibroblastic.reticular	MBRT_vs_Ctrl	HALLMARK_APOPTOSIS	MSigDB_Hallmark	exploratory	1.18833625667285	0.17479674796748	0.478391099700471	Fasl,Dcn,Il6,Cd38,Il1b,Timp1,Bgn,Igf2r,Jun,Lum,Gpx3,Hgf,App	13	160	64	Mutter_02
Fibroblastic.reticular	MBRT_vs_Ctrl	DNA_Damage_Repair	project	primary	-1.23232174610873	0.19488188976378	0.492313460817398	Chek2,Chek1,Bax,Parp1,Brca1,Atm,Atr,Ddit3,Gadd45b	9	18	10	Mutter_02
Fibroblastic.reticular	MBRT_vs_Ctrl	HALLMARK_BILE_ACID_METABOLISM	MSigDB_Hallmark	exploratory	-1.24614901248533	0.198818897637795	0.492313460817398	Ttr,Sod1	2	112	6	Mutter_02
Fibroblastic.reticular	MBRT_vs_Ctrl	HALLMARK_INTERFERON_GAMMA_RESPONSE	MSigDB_Hallmark	exploratory	-1.1521293576245	0.217821782178218	0.492466637968145	Nlrc5,Bst2,Casp3,Ifi27,Cd40,Tap1,Ciita,Il2rb,Cd274,Fas,Cmklr1,Fpr1,H2-D1,Oas2,Cxcl9,Irf4	16	205	65	Mutter_02
Fibroblastic.reticular	MBRT_vs_Ctrl	HALLMARK_WNT_BETA_CATENIN_SIGNALING	MSigDB_Hallmark	exploratory	-1.22933394984268	0.213207547169811	0.492466637968145	Wnt5b,Tcf7,Ppard,Myc,Fzd8,Rbpj,Hey1	7	42	15	Mutter_02
Fibroblastic.reticular	MBRT_vs_Ctrl	HALLMARK_UV_RESPONSE_UP	MSigDB_Hallmark	exploratory	-1.12796750701933	0.279843444227006	0.606327462491846	Bmp2,Casp3,Bid,Tap1,Junb,H2-Q1,Atf3,Lyn	8	158	24	Mutter_02
Fibroblastic.reticular	MBRT_vs_Ctrl	HALLMARK_ADIPOGENESIS	MSigDB_Hallmark	exploratory	1.08664858445113	0.335305719921105	0.697435897435897	Apoe,Stat5a,Sorbs1,Gpx3,Fabp4,Angpt1,Lep	7	200	19	Mutter_02
Fibroblastic.reticular	MBRT_vs_Ctrl	HALLMARK_ALLOGRAFT_REJECTION	MSigDB_Hallmark	exploratory	1.04705070726557	0.364779874213836	0.729559748427673	Fasl,Pf4,Srgn,Ccl11,Cxcr3,Il6,Il1b,Timp1,Csf1,Il4ra,Hif1a,Cd3d,Cd3e,Il16,Egfr,Ifnar2,Ly75,Ccr5,Ncr1,Gzma,Ifngr2	21	201	102	Mutter_02
Fibroblastic.reticular	MBRT_vs_Ctrl	HALLMARK_KRAS_SIGNALING_DN	MSigDB_Hallmark	exploratory	-1.03413269648447	0.37979797979798	0.73146277590722	Il12b,Fgfr3,Krt15,Cpb1,Tcl1,Cd40lg,Krt1	7	202	19	Mutter_02
Fibroblastic.reticular	MBRT_vs_Ctrl	HALLMARK_ESTROGEN_RESPONSE_LATE	MSigDB_Hallmark	exploratory	1.03305190325599	0.415800415800416	0.745333333333333	S100a9,Fabp5,Tpsb2,Il6st,Cxcl12,Fos,Krt19,Cav1,Cdh1,Cd44,Cxcl14,Sfn,Xbp1,Ltf,Pgr,Krt13,Gper1	17	206	35	Mutter_02
Fibroblastic.reticular	MBRT_vs_Ctrl	HALLMARK_INTERFERON_ALPHA_RESPONSE	MSigDB_Hallmark	exploratory	-1.03454633739014	0.40625	0.745333333333333	Bst2,Ifi27,Tap1,Cd47,Cxcl10,Ccrl2,B2m,Ifitm3,Oasl1	9	100	23	Mutter_02
Fibroblastic.reticular	MBRT_vs_Ctrl	HALLMARK_XENOBIOTIC_METABOLISM	MSigDB_Hallmark	exploratory	1.00795059106069	0.43	0.745333333333333	Arg1,Apoe,Mt2,Il1r1,Reg1,Hsd17b2	6	203	20	Mutter_02
Fibroblastic.reticular	MBRT_vs_Ctrl	HALLMARK_GLYCOLYSIS	MSigDB_Hallmark	exploratory	-0.938249955978425	0.537549407114625	0.822362278244631	Sox9,Igfbp3,Sod1,Mertk	4	200	18	Mutter_02
Fibroblastic.reticular	MBRT_vs_Ctrl	HALLMARK_HYPOXIA	MSigDB_Hallmark	exploratory	0.937417220755553	0.569327731092437	0.822362278244631	Ackr3,Dcn,Il6,Dusp1,Bgn,Jun,Mt2,Egfr,Fos,Pdgfb,Col5a1	11	200	39	Mutter_02
Fibroblastic.reticular	MBRT_vs_Ctrl	HALLMARK_MYOGENESIS	MSigDB_Hallmark	exploratory	-0.943336848007402	0.564638783269962	0.822362278244631	Igfbp3,Itgb4,Cd36,Tagln,Clu,Tpm2,Itgb1,Mb,Col4a2	9	201	39	Mutter_02
Fibroblastic.reticular	MBRT_vs_Ctrl	HALLMARK_PI3K_AKT_MTOR_SIGNALING	MSigDB_Hallmark	exploratory	0.925765151013197	0.535269709543568	0.822362278244631	Fasl,Egfr,Rac1,Pfn1,Sfn,Tnfrsf1a	6	105	16	Mutter_02
Fibroblastic.reticular	MBRT_vs_Ctrl	HALLMARK_REACTIVE_OXYGEN_SPECIES_PATHWAY	MSigDB_Hallmark	exploratory	0.924077309866059	0.565656565656566	0.822362278244631	Fes,Gpx3	2	48	5	Mutter_02
Fibroblastic.reticular	MBRT_vs_Ctrl	HALLMARK_TNFA_SIGNALING_VIA_NFKB	MSigDB_Hallmark	exploratory	0.962144714810067	0.54639175257732	0.822362278244631	Ackr3,Il6,Cxcl1,Nfkb1,Il1b,Cxcl5,Tnfaip6,Stat5a,Dusp1,Csf1,Jun,Dusp5,Ldlr,Il6st,Csf2,Cxcl2,Ifngr2	17	199	76	Mutter_02
Fibroblastic.reticular	MBRT_vs_Ctrl	HALLMARK_HEDGEHOG_SIGNALING	MSigDB_Hallmark	exploratory	-0.884785433915173	0.615384615384615	0.842105263157895	Vegfa,Hey1,Cntfr,Celsr1	4	36	5	Mutter_02
Fibroblastic.reticular	MBRT_vs_Ctrl	HALLMARK_NOTCH_SIGNALING	MSigDB_Hallmark	exploratory	0.873370588417183	0.601190476190476	0.842105263157895	Notch2	1	32	12	Mutter_02
Fibroblastic.reticular	MBRT_vs_Ctrl	HALLMARK_G2M_CHECKPOINT	MSigDB_Hallmark	exploratory	0.872807203391511	0.644897959183673	0.858102766798419	Notch2,Hif1a,Cenpf,Mt2	4	198	23	Mutter_02
Fibroblastic.reticular	MBRT_vs_Ctrl	HALLMARK_MITOTIC_SPINDLE	MSigDB_Hallmark	exploratory	0.840692937909865	0.660079051383399	0.858102766798419	Notch2,Cenpf,Dst,Abl1	4	199	11	Mutter_02
Fibroblastic.reticular	MBRT_vs_Ctrl	HALLMARK_APICAL_JUNCTION	MSigDB_Hallmark	exploratory	0.8620719168209	0.709205020920502	0.878063359234908	Bmp1,Cldn4,Tnfrsf11b,Cd34,Vcan	5	199	38	Mutter_02
Fibroblastic.reticular	MBRT_vs_Ctrl	HALLMARK_PROTEIN_SECRETION	MSigDB_Hallmark	exploratory	0.800157618252365	0.704166666666667	0.878063359234908	Igf2r,Egfr,Dst,Cd63	4	96	9	Mutter_02
Fibroblastic.reticular	MBRT_vs_Ctrl	HALLMARK_HEME_METABOLISM	MSigDB_Hallmark	exploratory	0.780714579520319	0.745934959349594	0.902060881073927	Ackr1,Lamp2,Aqp3,Epor,Slc2a1,Nr3c1,Myl4	7	194	7	Mutter_02
Fibroblastic.reticular	MBRT_vs_Ctrl	HALLMARK_ANDROGEN_RESPONSE	MSigDB_Hallmark	exploratory	-0.779800158346808	0.808061420345489	0.954981678590124	Tsc22d1,Mertk,Krt8,Fkbp5,B2m,Itgav,Ccnd1	7	112	17	Mutter_02
Fibroblastic.reticular	MBRT_vs_Ctrl	HALLMARK_CHOLESTEROL_HOMEOSTASIS	MSigDB_Hallmark	exploratory	-0.69163074875711	0.886409736308317	0.995309097001173	Clu,Cxcl16,Atf3	3	75	13	Mutter_02
Fibroblastic.reticular	MBRT_vs_Ctrl	HALLMARK_OXIDATIVE_PHOSPHORYLATION	MSigDB_Hallmark	exploratory	0.655522182903677	0.866803278688525	0.995309097001173	Glud1,Atp5e,Ldha,Bax	4	199	4	Mutter_02
Fibroblastic.reticular	MBRT_vs_Ctrl	HALLMARK_UNFOLDED_PROTEIN_RESPONSE	MSigDB_Hallmark	exploratory	-0.603037986370263	0.899606299212598	0.995309097001173	Atf3,Vegfa,Bag3	3	113	6	Mutter_02
Fibroblastic.reticular	MBRT_vs_Ctrl	HALLMARK_FATTY_ACID_METABOLISM	MSigDB_Hallmark	exploratory	-0.660417507784458	0.919354838709677	0.995967741935484	Cd36	1	157	11	Mutter_02
Fibroblastic.reticular	MBRT_vs_Ctrl	HALLMARK_ESTROGEN_RESPONSE_EARLY	MSigDB_Hallmark	exploratory	-0.502988849954876	0.998039215686275	0.998039215686275	Bcl2,Krt15,Rara,Krt8,Myc,Krt18,Fkbp5,Areg,Ptges,Ccnd1,Il17rb,Inhbb,Celsr1,Thsd4,Slc2a1,Jak2,Dhrs2,Aqp3,Celsr2,Msmb,Krt13,Pgr,Xbp1,Muc1,Sfn,Cd44,Krt19,Fasn,Ar,Fos,Igf1r,Cxcl12,Il6st	33	200	33	Mutter_02
Fibroblastic.reticular	MBRT_vs_Ctrl	HALLMARK_IL2_STAT5_SIGNALING	MSigDB_Hallmark	exploratory	-0.685315488547581	0.956862745098039	0.998039215686275	Bmp2,Casp3,Bcl2,Il18r1,Il2ra,Il2rb,Tnfrsf18,Itga6,Irf4,Myc,Spp1,Ltb,Flt3l,Cxcl10,Etv4	15	199	58	Mutter_02
Fibroblastic.reticular	MBRT_vs_Ctrl	HALLMARK_MTORC1_SIGNALING	MSigDB_Hallmark	exploratory	0.521970466360283	0.992015968063872	0.998039215686275	Ldlr,Serpinh1	2	201	14	Mutter_02
Fibroblastic.reticular	MBRT_vs_Ctrl	HALLMARK_SPERMATOGENESIS	MSigDB_Hallmark	exploratory	0.511329177445446	0.977732793522267	0.998039215686275	Il12rb2,Ace,Ezh2	3	135	6	Mutter_02
Fibroblastic.reticular	MBRT_vs_SBRT	HALLMARK_EPITHELIAL_MESENCHYMAL_TRANSITION	MSigDB_Hallmark	exploratory	-1.84719716823081	0.000162888288376663	0.00282339699852882	Col5a3,Acta2,Thbs1,Col5a1,Col6a2,Col4a1,Vcam1,Serpinh1,Col6a3,Lum,Col11a1,Col1a2,Col16a1,Mfap5,Col1a1,Col5a2,Cdh11,Mgp,Myl9,Snai2,Emp3,Notch2,Dst,Tpm2,Igfbp3,Vcan,Itgb1,Col3a1,Tnfrsf12a,Pdgfrb,Itga5,Areg	32	206	72	Mutter_02
Fibroblastic.reticular	MBRT_vs_SBRT	HALLMARK_INTERFERON_GAMMA_RESPONSE	MSigDB_Hallmark	exploratory	1.96880434058957	7.25774988795122e-05	0.00282339699852882	Cdkn1a,Cd69,Xcl1,Jak2,Gzma,Casp8,Mt2,Cmklr1,Il6,Cd40,Ido1,Cd38,Ifi44l,Ccl5,Oas2,Il15,Oasl1,Lgals3bp,Casp3,Btg1,H2-D1,Cxcl9,Ifitm3,Ifitm2,Cd86,H2-Eb1,Rigi,H2-Aa,Tnfsf10,Ifnar2,Nfkbia,Il10ra,Irf4,Ciita,Oas3	35	205	65	Mutter_02
Fibroblastic.reticular	MBRT_vs_SBRT	HALLMARK_UV_RESPONSE_DN	MSigDB_Hallmark	exploratory	-2.07293529526328	0.000121457880996455	0.00282339699852882	Fyn,Anxa2,Col11a1,Col1a2,Tgfbr2,Cav1,Col1a1,Col5a2,Adgrl2,Ica1,Snai2,Igfbp5,Notch2,Rxra,Myc,Nr3c1,Bmpr1a,Col3a1,Pdgfrb	19	144	32	Mutter_02
Fibroblastic.reticular	MBRT_vs_SBRT	HALLMARK_IL6_JAK_STAT3_SIGNALING	MSigDB_Hallmark	exploratory	1.82132330000379	0.00126311412567227	0.0164204836337396	Tnfrsf21,Acvr1b,Ccr1,Cxcl1,Il1b,Il1r2,Il6,Tnfrsf1b,Csf3r,Cd38,Pdgfc,Osmr,Cntfr,Ifnar1,Pf4,Il10rb,Tgfb1,Il13ra1,Csf2,Cxcl9,Ifngr2,Csf2ra,Il1r1,Il17rb,Acvrl1,Cxcl3,Il2ra,Ltb	28	88	56	Mutter_02
Fibroblastic.reticular	MBRT_vs_SBRT	HALLMARK_ALLOGRAFT_REJECTION	MSigDB_Hallmark	exploratory	1.62832336629794	0.00207173843610713	0.0215460797355142	Inhbb,Cd80,H2-DMb1,Il2,Ptprc,Jak2,Ccr1,Inhba,Gzma,Il1b,Ccr5,Il6,Cd28,Cxcr3,Ccr2,Cd40,H2-T23,Ccl5,Ccl11,Lyn,Fgr,Il15,Itk,Itgb2,Srgn,Pf4,Tgfb1,Itgal,Cxcl9,Ifngr2,Ncr1,Cd86,Timp1,Il16	34	201	102	Mutter_02
Fibroblastic.reticular	MBRT_vs_SBRT	HALLMARK_SPERMATOGENESIS	MSigDB_Hallmark	exploratory	1.67035525080614	0.00821319006549535	0.0711809805676263	Ace,Cdkn3,Scg5	3	135	6	Mutter_02
Fibroblastic.reticular	MBRT_vs_SBRT	HALLMARK_KRAS_SIGNALING_UP	MSigDB_Hallmark	exploratory	1.6027099287426	0.0105672739260977	0.0735627252995099	Inhba,Igf2,Il1b,Cxcr4,Cmklr1,Tnfrsf1b,Etv5,Arg1,Ace,Spp1,Scg5,Fcer1g,Etv4,Itgb2,Pecam1,St6gal1,Csf2,Slpi,Csf2ra,Bmp2,Adgrl4,Pdcd1lg2,Wnt7a,Il10ra	24	203	49	Mutter_02
Fibroblastic.reticular	MBRT_vs_SBRT	HALLMARK_NOTCH_SIGNALING	MSigDB_Hallmark	exploratory	-1.6966477371502	0.0113173423537708	0.0735627252995099	Fzd7,Jag1,Notch2,Fzd5,Notch3,Ccnd1,Dll1	7	32	12	Mutter_02
Fibroblastic.reticular	MBRT_vs_SBRT	HALLMARK_APOPTOSIS	MSigDB_Hallmark	exploratory	1.4933323680857	0.0184239312098628	0.106449380323652	Cdkn1a,Bcl2l1,Bax,Cd69,Hspb1,Il1b,Casp8,Sat1,Il1a,App,Il6,Gpx3,Cd38	13	160	64	Mutter_02
Fibroblastic.reticular	MBRT_vs_SBRT	HALLMARK_MITOTIC_SPINDLE	MSigDB_Hallmark	exploratory	-1.58303572316053	0.0351337817768322	0.182695665239528	Top2a,Nusap1,Gsn,Abl1,Plekhg2,Notch2,Dst,Birc5	8	199	11	Mutter_02
Fibroblastic.reticular	MBRT_vs_SBRT	HALLMARK_APICAL_SURFACE	MSigDB_Hallmark	exploratory	1.57312902721223	0.0450189251935412	0.212816737278558	Hspb1,App,Efna5,Lyn,Gata3	5	44	10	Mutter_02
Fibroblastic.reticular	MBRT_vs_SBRT	DNA_Damage_Repair	project	primary	1.55743579481938	0.0508474576271187	0.220338983050847	Cdkn1a,Bax	2	18	10	Mutter_02
Fibroblastic.reticular	MBRT_vs_SBRT	HALLMARK_UNFOLDED_PROTEIN_RESPONSE	MSigDB_Hallmark	exploratory	-1.52742095202869	0.0623738401205503	0.231674263304901	Xbp1,Hsp90b1	2	113	6	Mutter_02
Fibroblastic.reticular	MBRT_vs_SBRT	HALLMARK_UV_RESPONSE_UP	MSigDB_Hallmark	exploratory	1.50448113114554	0.0604395604395604	0.231674263304901	H2-Q1,Epcam,Cxcl1,Il6,Gpx3,Rxrb,Lyn,Junb,Casp3,Btg1	10	158	24	Mutter_02
Fibroblastic.reticular	MBRT_vs_SBRT	HALLMARK_BILE_ACID_METABOLISM	MSigDB_Hallmark	exploratory	-1.46329853398651	0.0741482965931864	0.234405458089669	Gc,Rxra,Ar,Sod1	4	112	6	Mutter_02
Fibroblastic.reticular	MBRT_vs_SBRT	HALLMARK_E2F_TARGETS	MSigDB_Hallmark	exploratory	-1.44533506126483	0.081140350877193	0.234405458089669	Dnmt1,Mki67,Hmgb2,Top2a,Mlh1,Stmn1,Pcna,Birc5,Myc,Pttg1	10	200	20	Mutter_02
Fibroblastic.reticular	MBRT_vs_SBRT	HALLMARK_P53_PATHWAY	MSigDB_Hallmark	exploratory	1.38221655745509	0.0763500931098697	0.234405458089669	Cdkn1a,Inhbb,Bax,Acvr1b,Sat1,Il1a,App	7	199	39	Mutter_02
Fibroblastic.reticular	MBRT_vs_SBRT	TypeI_interferon	project	primary	1.47875860398296	0.0795228628230616	0.234405458089669	Mx1,Oas2,Oasl1,Ifitm3	4	19	7	Mutter_02
Fibroblastic.reticular	MBRT_vs_SBRT	HALLMARK_G2M_CHECKPOINT	MSigDB_Hallmark	exploratory	-1.39107595375636	0.101952277657267	0.273937153419593	Mki67,Top2a,Nusap1,Stmn1,Ube2c,Abl1,Notch2,Birc5,Myc,Pttg1	10	198	23	Mutter_02
Fibroblastic.reticular	MBRT_vs_SBRT	HALLMARK_PI3K_AKT_MTOR_SIGNALING	MSigDB_Hallmark	exploratory	1.41739615710008	0.105360443622921	0.273937153419593	Cdkn1a,Cxcr4	2	105	16	Mutter_02
Fibroblastic.reticular	MBRT_vs_SBRT	HALLMARK_COMPLEMENT	MSigDB_Hallmark	exploratory	1.28994233440117	0.112932604735883	0.279642640298378	Jak2,Gzma,Cxcl1,C1qc,Il6,Mmp12,Ccl5,Lyn,S100a9,C1qa,Fcer1g,Lgals3,Gata3,Spock2,Ltf,Casp3,Pdgfb,Timp1,Itgam,Src,Lamp2,Cxcl3,Dusp6	23	196	42	Mutter_02
Fibroblastic.reticular	MBRT_vs_SBRT	TypeII_interferon	project	primary	1.39513886441127	0.124260355029586	0.293706293706294	Cxcl9,H2-Eb1,H2-Ab1,H2-Aa,Ciita,Cxcl10	6	17	8	Mutter_02
Fibroblastic.reticular	MBRT_vs_SBRT	HALLMARK_INFLAMMATORY_RESPONSE	MSigDB_Hallmark	exploratory	1.21278377194318	0.15018315018315	0.339544513457557	Cdkn1a,Msr1,Cd69,Acvr1b,Inhba,Il1b,Il1a,Cmklr1,Il6,Tnfrsf1b,Ccrl2,Csf3r,Cd40,Cxcl5,Ccl5,Osmr,Lyn,Il15,Csf3	19	201	86	Mutter_02
Fibroblastic.reticular	MBRT_vs_SBRT	HALLMARK_GLYCOLYSIS	MSigDB_Hallmark	exploratory	-1.28481132382261	0.157667386609071	0.341612670986321	Col5a1,Stmn1,Egfr,Igfbp3,Vcan,Sod1,Ldha	7	200	18	Mutter_02
Fibroblastic.reticular	MBRT_vs_SBRT	HALLMARK_TNFA_SIGNALING_VIA_NFKB	MSigDB_Hallmark	exploratory	1.17875450626601	0.192592592592593	0.400592592592593	Cdkn1a,Cd80,Cd69,Inhba,Cxcl1,Il1b,Sat1,Il1a,Il6,Ccrl2,Dusp4,Cxcl5,Cd83,Ccl5	14	199	76	Mutter_02
Fibroblastic.reticular	MBRT_vs_SBRT	HALLMARK_ANDROGEN_RESPONSE	MSigDB_Hallmark	exploratory	1.17187776924244	0.256554307116105	0.494104591482869	Sat1,Fkbp5,Selenop,Ndrg1,Azgp1,Lifr,Maf,Krt19,Arid5b,Itgav,B2m	11	112	17	Mutter_02
Fibroblastic.reticular	MBRT_vs_SBRT	HALLMARK_PEROXISOME	MSigDB_Hallmark	exploratory	-1.20961974209153	0.249492900608519	0.494104591482869	Top2a,Sod1,Ttr,Msh2	4	102	4	Mutter_02
Fibroblastic.reticular	MBRT_vs_SBRT	HALLMARK_INTERFERON_ALPHA_RESPONSE	MSigDB_Hallmark	exploratory	1.15217841541084	0.290203327171904	0.538949036176393	Casp8,Ccrl2,Ifi44l,Il15,Oasl1,Lgals3bp,Ifitm3,Ifitm2	8	100	23	Mutter_02
Fibroblastic.reticular	MBRT_vs_SBRT	HALLMARK_ADIPOGENESIS	MSigDB_Hallmark	exploratory	-1.10208566701901	0.323144104803493	0.575533980582524	Stat5a,Col4a1,Sorbs1,Fzd4,Vegfb,Sod1	6	200	19	Mutter_02
Fibroblastic.reticular	MBRT_vs_SBRT	HALLMARK_HEDGEHOG_SIGNALING	MSigDB_Hallmark	exploratory	1.14295049442624	0.332038834951456	0.575533980582524	Cntfr,Celsr1,Vegfa	3	36	5	Mutter_02
Fibroblastic.reticular	MBRT_vs_SBRT	HALLMARK_MTORC1_SIGNALING	MSigDB_Hallmark	exploratory	1.00308336620608	0.435361216730038	0.707461977186312	Cdkn1a,Cxcr4	2	201	14	Mutter_02
Fibroblastic.reticular	MBRT_vs_SBRT	HALLMARK_MYOGENESIS	MSigDB_Hallmark	exploratory	-1.02409570550169	0.432258064516129	0.707461977186312	Col6a2,Col6a3,Igf1,Igfbp7,Col1a1,Gsn,Sorbs1,Tnnc1,Tpm2,Ephb3,Igfbp3,Itgb1,Col3a1	13	201	39	Mutter_02
Fibroblastic.reticular	MBRT_vs_SBRT	HALLMARK_XENOBIOTIC_METABOLISM	MSigDB_Hallmark	exploratory	0.986483435330494	0.472527472527473	0.744588744588745	Ddc,Hsd17b2,Mt2,Arg1,Apoe	5	203	20	Mutter_02
Fibroblastic.reticular	MBRT_vs_SBRT	HALLMARK_APICAL_JUNCTION	MSigDB_Hallmark	exploratory	-0.934479161194472	0.586723768736617	0.762740899357602	Vcam1,Cd34,Col16a1,Cdh1,Cdh11,Myl9,Rac2,Actg2,Egfr,Vcan,Itgb1,Icam1	12	199	38	Mutter_02
Fibroblastic.reticular	MBRT_vs_SBRT	HALLMARK_CHOLESTEROL_HOMEOSTASIS	MSigDB_Hallmark	exploratory	0.920583283918204	0.555133079847909	0.762740899357602	Fabp5,Cxcl16,Lgals3,Fasn,Alcam	5	75	13	Mutter_02
Fibroblastic.reticular	MBRT_vs_SBRT	HALLMARK_ESTROGEN_RESPONSE_EARLY	MSigDB_Hallmark	exploratory	-0.931243011781928	0.581858407079646	0.762740899357602	Xbp1,Celsr2,Muc1,Fos,Msmb,Krt15,Ar,Myc,Il6st,Areg,Ccnd1,Krt8	12	200	33	Mutter_02
Fibroblastic.reticular	MBRT_vs_SBRT	HALLMARK_HYPOXIA	MSigDB_Hallmark	exploratory	0.933940588888612	0.575418994413408	0.762740899357602	Cdkn1a,Mt1,Cxcr4,Mt2,Il6	5	200	39	Mutter_02
Fibroblastic.reticular	MBRT_vs_SBRT	HALLMARK_OXIDATIVE_PHOSPHORYLATION	MSigDB_Hallmark	exploratory	0.97136637645173	0.526522593320236	0.762740899357602	Bax	1	199	4	Mutter_02
Fibroblastic.reticular	MBRT_vs_SBRT	HALLMARK_PROTEIN_SECRETION	MSigDB_Hallmark	exploratory	-0.938014201028608	0.539094650205761	0.762740899357602	Ica1,Dst,Egfr,Sod1,Arf1	5	96	9	Mutter_02
Fibroblastic.reticular	MBRT_vs_SBRT	HALLMARK_REACTIVE_OXYGEN_SPECIES_PATHWAY	MSigDB_Hallmark	exploratory	-0.914863787516632	0.583162217659138	0.762740899357602	Fes	1	48	5	Mutter_02
Fibroblastic.reticular	MBRT_vs_SBRT	HALLMARK_COAGULATION	MSigDB_Hallmark	exploratory	-0.81094734471355	0.74398249452954	0.899699760826421	Thbs1,Fyn	2	139	28	Mutter_02
Fibroblastic.reticular	MBRT_vs_SBRT	HALLMARK_FATTY_ACID_METABOLISM	MSigDB_Hallmark	exploratory	0.787347014483733	0.730550284629981	0.899699760826421	Glul,H2az1	2	157	11	Mutter_02
Fibroblastic.reticular	MBRT_vs_SBRT	HALLMARK_KRAS_SIGNALING_DN	MSigDB_Hallmark	exploratory	-0.804971319339901	0.720524017467249	0.899699760826421	Celsr2,Krt1,Tgfb2,Krt15,Fgfr3	5	202	19	Mutter_02
Fibroblastic.reticular	MBRT_vs_SBRT	HALLMARK_DNA_REPAIR	MSigDB_Hallmark	exploratory	-0.743984188254998	0.763860369609856	0.902744073175285	Pcna,Nt5c3	2	150	5	Mutter_02
Fibroblastic.reticular	MBRT_vs_SBRT	HALLMARK_ANGIOGENESIS	MSigDB_Hallmark	exploratory	0.748342900018524	0.806985294117647	0.912244245524297	Tnfrsf21,App,Cxcl5,Spp1,Pdgfa,Pf4,Timp1	7	36	19	Mutter_02
Fibroblastic.reticular	MBRT_vs_SBRT	HALLMARK_ESTROGEN_RESPONSE_LATE	MSigDB_Hallmark	exploratory	-0.802574081999839	0.789823008849558	0.912244245524297	Xbp1,Top2a,Celsr2,Cav1,Cdh1,Fos,Tnnc1	7	206	35	Mutter_02
Fibroblastic.reticular	MBRT_vs_SBRT	HALLMARK_IL2_STAT5_SIGNALING	MSigDB_Hallmark	exploratory	0.785603293490909	0.845173041894353	0.92103620474407	Bcl2l1,Tnfrsf21,Tlr7,Il1r2,Tnfrsf1b,Cd83,Spp1,Ndrg1,Etv4,Il1rl1,Casp3,Csf2,Ifitm3,Cd86,Bmp2,Alcam,Tnfsf10,Il10ra,Irf4,Igf2r,Il2ra,Igf1r,Ltb	23	199	58	Mutter_02
Fibroblastic.reticular	MBRT_vs_SBRT	HALLMARK_TGF_BETA_SIGNALING	MSigDB_Hallmark	exploratory	0.72509032813158	0.850187265917603	0.92103620474407	Tgfbr1,Apc,Junb,Tgfb1,Ifngr2,Bmp2	6	54	15	Mutter_02
Fibroblastic.reticular	MBRT_vs_SBRT	HALLMARK_HEME_METABOLISM	MSigDB_Hallmark	exploratory	-0.66884013941594	0.891783567134269	0.94156378600823	Nr3c1,Aqp3,Epor,Ackr1,Myl4,Slc2a1,Lamp2	7	194	7	Mutter_02
Fibroblastic.reticular	MBRT_vs_SBRT	HALLMARK_MYC_TARGETS_V1	MSigDB_Hallmark	exploratory	-0.65596405496328	0.905349794238683	0.94156378600823	Pcna,Myc,Ldha	3	201	9	Mutter_02
Fibroblastic.reticular	MBRT_vs_SBRT	HALLMARK_PANCREAS_BETA_CELLS	MSigDB_Hallmark	exploratory	-0.469181377366451	0.991886409736308	0.993589743589744	Dpp4,Sst	2	40	4	Mutter_02
Fibroblastic.reticular	MBRT_vs_SBRT	HALLMARK_WNT_BETA_CATENIN_SIGNALING	MSigDB_Hallmark	exploratory	-0.488165004585306	0.993589743589744	0.993589743589744	Jag1	1	42	15	Mutter_02
Fibroblastic.reticular	SBRT_vs_Ctrl	HALLMARK_EPITHELIAL_MESENCHYMAL_TRANSITION	MSigDB_Hallmark	exploratory	2.14711452102179	2.47355745076199e-06	0.000128624987439623	Col5a3,Acta2,Notch2,Col5a1,Mfap5,Col1a1,Lum,Col5a2,Serpinh1,Col3a1,Thbs1,Col1a2,Dcn,Vcan,Col16a1,Col4a1,Mmp14,Col6a2,Dst,Col6a3,Jun,Myl9,Tnfrsf11b,Vcam1,Bgn,Itga5	26	206	72	Mutter_02
Fibroblastic.reticular	SBRT_vs_Ctrl	HALLMARK_INTERFERON_GAMMA_RESPONSE	MSigDB_Hallmark	exploratory	-1.88121975249752	0.000164390665821016	0.00284943820756428	Cdkn1a,Cd40,Casp3,Nlrc5,Cmklr1,Cd69,Ifi27,Oas2,Ciita,Xcl1,Tap1,H2-D1,Cxcl9,Ido1,Oasl1,Jak2,Casp8,Irf4,Ifi44l,Il2rb,Ifitm3,Cd274,Bst2,Rigi,Ifitm2,Btg1,Ccl5,Cxcl10,Fpr1,Fas	30	205	65	Mutter_02
Fibroblastic.reticular	SBRT_vs_Ctrl	HALLMARK_UV_RESPONSE_DN	MSigDB_Hallmark	exploratory	2.04526079009046	0.000162090373577511	0.00284943820756428	Fyn,Notch2,Tgfbr2,Col1a1,Col5a2,Col3a1,Col1a2,Anxa2,Nfkb1,Cav1,Ldlr,Dusp1,Adgrl2,Rxra	14	144	32	Mutter_02
Fibroblastic.reticular	SBRT_vs_Ctrl	HALLMARK_APICAL_SURFACE	MSigDB_Hallmark	exploratory	-1.89476347671312	0.00157087297707446	0.0204213487019679	Gata3,Lyn,Efna5,Ephb4,Hspb1,Il2rb,Cx3cl1	7	44	10	Mutter_02
Fibroblastic.reticular	SBRT_vs_Ctrl	HALLMARK_COAGULATION	MSigDB_Hallmark	exploratory	1.67668798399884	0.0114574808257341	0.0979421812534632	Fyn,Dpp4,Thbs1,Mmp14,Gsn,Pf4,Rac1,Anxa1,Bmp1,Apoc1,Fn1,Itga2,Timp1	13	139	28	Mutter_02
Fibroblastic.reticular	SBRT_vs_Ctrl	HALLMARK_P53_PATHWAY	MSigDB_Hallmark	exploratory	-1.63694566662066	0.0104430749783327	0.0979421812534632	Cdkn1a,Inhbb,Bax,Bmp2,Itgb4,Tm4sf1,Tsc22d1,Il1a,Acvr1b,Tap1,Sat1	11	199	39	Mutter_02
Fibroblastic.reticular	SBRT_vs_Ctrl	TypeI_interferon	project	primary	-1.69761976559745	0.0131845243995047	0.0979421812534632	Mx1,Oas2,Oasl1,Ifitm3	4	19	7	Mutter_02
Fibroblastic.reticular	SBRT_vs_Ctrl	HALLMARK_KRAS_SIGNALING_UP	MSigDB_Hallmark	exploratory	-1.57405412248841	0.0163584996994001	0.106330248046101	Csf2ra,Bmp2,Ets1,Cmklr1,Sox9,Spp1,Itgb2,Pdcd1lg2,Scg5,Inhba,Etv4,Dusp6,Eng,Slpi,Cxcr4,Pecam1,Cxcl10,Igfbp3,Igf2,St6gal1,Tnfrsf1b,Cidea,Ptgs2	23	203	49	Mutter_02
Fibroblastic.reticular	SBRT_vs_Ctrl	HALLMARK_ALLOGRAFT_REJECTION	MSigDB_Hallmark	exploratory	-1.35194042384665	0.0310147109178068	0.146614997065996	Inhbb,Cd40,Ets1,H2-T23,Itk,Ccr2,H2-DMb1,Cd80,Lyn,Il12b,Tap1,Itgb2,Il2ra,Cd2,Tlr1,Cxcl9,Inhba,Fgr,Il12rb1,Il2,Jak2,Irf4,Itgal,Il2rb	24	201	102	Mutter_02
Fibroblastic.reticular	SBRT_vs_Ctrl	HALLMARK_MYC_TARGETS_V1	MSigDB_Hallmark	exploratory	-1.6331930553501	0.0307868827609305	0.146614997065996	Tyms,Hsp90ab1,H2az1,Rack1	4	201	9	Mutter_02
Fibroblastic.reticular	SBRT_vs_Ctrl	HALLMARK_UV_RESPONSE_UP	MSigDB_Hallmark	exploratory	-1.57719996069864	0.0299509198891267	0.146614997065996	H2-Q1,Bmp2,Casp3,Junb,Lyn,Tap1,Epcam,Rxrb,Bid	9	158	24	Mutter_02
Fibroblastic.reticular	SBRT_vs_Ctrl	HALLMARK_MITOTIC_SPINDLE	MSigDB_Hallmark	exploratory	1.5466650667501	0.0419779311709123	0.181904368407287	Notch2,Dst,Abl1,Nusap1,Gsn,Top2a	6	199	11	Mutter_02
Fibroblastic.reticular	SBRT_vs_Ctrl	HALLMARK_ANDROGEN_RESPONSE	MSigDB_Hallmark	exploratory	-1.48554480219974	0.0537848605577689	0.215139442231076	Tsc22d1,Fkbp5,Sat1,Mertk,Itgav,B2m,Ndrg1	7	112	17	Mutter_02
Fibroblastic.reticular	SBRT_vs_Ctrl	TypeII_interferon	project	primary	-1.49614577200187	0.0591836734693878	0.219825072886297	Ciita,Cxcl9,Cxcl10,H2-Aa,H2-Eb1,Stat1,H2-Ab1	7	17	8	Mutter_02
Fibroblastic.reticular	SBRT_vs_Ctrl	HALLMARK_TGF_BETA_SIGNALING	MSigDB_Hallmark	exploratory	-1.43144119309585	0.0799220272904483	0.277063027940221	Tgfbr1,Bmp2,Junb,Apc	4	54	15	Mutter_02
Fibroblastic.reticular	SBRT_vs_Ctrl	HALLMARK_G2M_CHECKPOINT	MSigDB_Hallmark	exploratory	1.39039197609244	0.0932539682539683	0.285247432306256	Notch2,Mki67,Abl1,Nusap1,Top2a,Stmn1,Pttg1	7	198	23	Mutter_02
Fibroblastic.reticular	SBRT_vs_Ctrl	HALLMARK_TNFA_SIGNALING_VIA_NFKB	MSigDB_Hallmark	exploratory	-1.26905528802347	0.0910931174089069	0.285247432306256	Cdkn1a,Bmp2,Efna1,Junb,Tsc22d1,Clcf1,Cd80,Il1a,Il23a,Dusp4,Cd69,Il12b,Ccrl2,Tap1,Dusp2,Sat1,Inhba	17	199	76	Mutter_02
Fibroblastic.reticular	SBRT_vs_Ctrl	DNA_Damage_Repair	project	primary	-1.40434859285089	0.106212424849699	0.306835894010243	Cdkn1a,Bax,Chek2	3	18	10	Mutter_02
Fibroblastic.reticular	SBRT_vs_Ctrl	HALLMARK_INTERFERON_ALPHA_RESPONSE	MSigDB_Hallmark	exploratory	-1.33208973774281	0.112449799196787	0.307757345170154	Ifi27,Ccrl2,Tap1,Oasl1,Casp8,Ifi44l,Ifitm3,Cd47,Bst2,Ifitm2,Cxcl10	11	100	23	Mutter_02
Fibroblastic.reticular	SBRT_vs_Ctrl	HALLMARK_ADIPOGENESIS	MSigDB_Hallmark	exploratory	1.28618638132709	0.164634146341463	0.428048780487805	Stat5a,Sorbs1,Col4a1	3	200	19	Mutter_02
Fibroblastic.reticular	SBRT_vs_Ctrl	HALLMARK_ANGIOGENESIS	MSigDB_Hallmark	exploratory	1.24077606082767	0.189024390243902	0.46417138635804	Lum,Col5a2,Col3a1,Vcan,Fgfr1,Pf4,Jag1	7	36	19	Mutter_02
Fibroblastic.reticular	SBRT_vs_Ctrl	HALLMARK_APOPTOSIS	MSigDB_Hallmark	exploratory	-1.14257900227511	0.232	0.46417138635804	Cdkn1a,Bcl2l1,Bax,Bmp2,Casp3,Il1a,Cd69,Tap1,Cd2,Sat1,Hspb1,Bid,Casp8	13	160	64	Mutter_02
Fibroblastic.reticular	SBRT_vs_Ctrl	HALLMARK_BILE_ACID_METABOLISM	MSigDB_Hallmark	exploratory	1.21903028439943	0.246492985971944	0.46417138635804	Ar,Gc,Rxra	3	112	6	Mutter_02
Fibroblastic.reticular	SBRT_vs_Ctrl	HALLMARK_DNA_REPAIR	MSigDB_Hallmark	exploratory	-1.19075955663325	0.276717557251908	0.46417138635804	Tyms,Npr2,Nt5c3	3	150	5	Mutter_02
Fibroblastic.reticular	SBRT_vs_Ctrl	HALLMARK_GLYCOLYSIS	MSigDB_Hallmark	exploratory	1.17113682625266	0.263803680981595	0.46417138635804	Col5a1,Dcn,Vcan,Egfr,Stmn1	5	200	18	Mutter_02
Fibroblastic.reticular	SBRT_vs_Ctrl	HALLMARK_HEDGEHOG_SIGNALING	MSigDB_Hallmark	exploratory	-1.2053148721363	0.263358778625954	0.46417138635804	Cntfr,Vegfa,Celsr1,Hey1	4	36	5	Mutter_02
Fibroblastic.reticular	SBRT_vs_Ctrl	HALLMARK_HYPOXIA	MSigDB_Hallmark	exploratory	1.14458899636665	0.265151515151515	0.46417138635804	Ackr3,Col5a1,Dcn,Anxa2,Fos,Egfr,Cav1,Jun,Dusp1,Rora,Vhl,Bgn	12	200	39	Mutter_02
Fibroblastic.reticular	SBRT_vs_Ctrl	HALLMARK_NOTCH_SIGNALING	MSigDB_Hallmark	exploratory	1.16958467006652	0.271825396825397	0.46417138635804	Notch2,Fzd7,Jag1	3	32	12	Mutter_02
Fibroblastic.reticular	SBRT_vs_Ctrl	HALLMARK_PROTEIN_SECRETION	MSigDB_Hallmark	exploratory	1.22204993248479	0.214428857715431	0.46417138635804	Egfr,Dst	2	96	9	Mutter_02
Fibroblastic.reticular	SBRT_vs_Ctrl	HALLMARK_REACTIVE_OXYGEN_SPECIES_PATHWAY	MSigDB_Hallmark	exploratory	1.20737586741823	0.263598326359833	0.46417138635804	Fes	1	48	5	Mutter_02
Fibroblastic.reticular	SBRT_vs_Ctrl	HALLMARK_WNT_BETA_CATENIN_SIGNALING	MSigDB_Hallmark	exploratory	-1.20779736263618	0.218323586744639	0.46417138635804	Tcf7,Wnt5b,Rbpj,Ppard,Hdac5,Hey1,Fzd8	7	42	15	Mutter_02
Fibroblastic.reticular	SBRT_vs_Ctrl	HALLMARK_PANCREAS_BETA_CELLS	MSigDB_Hallmark	exploratory	1.16310362388704	0.307228915662651	0.499246987951807	Dpp4	1	40	4	Mutter_02
Fibroblastic.reticular	SBRT_vs_Ctrl	HALLMARK_KRAS_SIGNALING_DN	MSigDB_Hallmark	exploratory	-1.06317722138065	0.366666666666667	0.577777777777778	Cd80,Il12b,Cpb1,Ifi44l,Cntfr	5	202	19	Mutter_02
Fibroblastic.reticular	SBRT_vs_Ctrl	HALLMARK_SPERMATOGENESIS	MSigDB_Hallmark	exploratory	-1.07530130754728	0.385685884691849	0.58987252952871	Scg5,Cdkn3	2	135	6	Mutter_02
Fibroblastic.reticular	SBRT_vs_Ctrl	HALLMARK_APICAL_JUNCTION	MSigDB_Hallmark	exploratory	1.03397533913934	0.401904761904762	0.597115646258503	Cd34,Vcan,Col16a1,Egfr,Cdh1,Myl9,Tnfrsf11b,Vcam1,Cd276,Icam1,Cldn4,Bmp1,Syk,Pfn1,Itga2	15	199	38	Mutter_02
Fibroblastic.reticular	SBRT_vs_Ctrl	HALLMARK_ESTROGEN_RESPONSE_EARLY	MSigDB_Hallmark	exploratory	0.955929859509718	0.517578125	0.675096525096525	Xbp1,Fos,Muc1,Ar,Il6st,Celsr2,Msmb,Cxcl12	8	200	33	Mutter_02
Fibroblastic.reticular	SBRT_vs_Ctrl	HALLMARK_ESTROGEN_RESPONSE_LATE	MSigDB_Hallmark	exploratory	0.963727539094072	0.519305019305019	0.675096525096525	Xbp1,Fos,Cav1,Cdh1,Il6st,Celsr2,Top2a	7	206	35	Mutter_02
Fibroblastic.reticular	SBRT_vs_Ctrl	HALLMARK_IL2_STAT5_SIGNALING	MSigDB_Hallmark	exploratory	-0.977135770292765	0.498924731182796	0.675096525096525	Bcl2l1,Bmp2,Casp3,Spp1,Tlr7,Bcl2,Il2ra,Il18r1,Etv4,Tnfrsf21,Irf4,Il2rb,Ifitm3,Ltb,Il1rl1	15	199	58	Mutter_02
Fibroblastic.reticular	SBRT_vs_Ctrl	HALLMARK_INFLAMMATORY_RESPONSE	MSigDB_Hallmark	exploratory	-0.969622941899323	0.518886679920477	0.675096525096525	Cdkn1a,Cd40,Cmklr1,Il1a,Acvr1b,Lyn,Cd69,Il12b,Csf3,Ccrl2,Tlr1,Il18r1,Cxcl9,Inhba	14	201	86	Mutter_02
Fibroblastic.reticular	SBRT_vs_Ctrl	HALLMARK_MYOGENESIS	MSigDB_Hallmark	exploratory	0.975282355634153	0.492424242424242	0.675096525096525	Col1a1,Col3a1,Sorbs1,Col6a2,Igfbp7,Igf1,Col6a3,Gsn	8	201	39	Mutter_02
Fibroblastic.reticular	SBRT_vs_Ctrl	HALLMARK_CHOLESTEROL_HOMEOSTASIS	MSigDB_Hallmark	exploratory	-0.858139994508078	0.632530120481928	0.764920145699075	Cxcl16,Fabp5,Atf3,Alcam,Clu	5	75	13	Mutter_02
Fibroblastic.reticular	SBRT_vs_Ctrl	HALLMARK_OXIDATIVE_PHOSPHORYLATION	MSigDB_Hallmark	exploratory	-0.890666430563006	0.613095238095238	0.764920145699075	Bax	1	199	4	Mutter_02
Fibroblastic.reticular	SBRT_vs_Ctrl	HALLMARK_UNFOLDED_PROTEIN_RESPONSE	MSigDB_Hallmark	exploratory	0.872609432849437	0.62124248496994	0.764920145699075	Xbp1,Hsp90b1,Ccl2	3	113	6	Mutter_02
Fibroblastic.reticular	SBRT_vs_Ctrl	HALLMARK_E2F_TARGETS	MSigDB_Hallmark	exploratory	-0.862309220567626	0.672764227642276	0.795084996304508	Cdkn1a,Chek2,H2az1,Cdkn3	4	200	20	Mutter_02
Fibroblastic.reticular	SBRT_vs_Ctrl	HALLMARK_HEME_METABOLISM	MSigDB_Hallmark	exploratory	0.816563118531349	0.700787401574803	0.809798775153106	Ackr1,Nr3c1,Aqp3,Epor,Lamp2,Myl4,Slc2a1	7	194	7	Mutter_02
Fibroblastic.reticular	SBRT_vs_Ctrl	HALLMARK_FATTY_ACID_METABOLISM	MSigDB_Hallmark	exploratory	-0.801755635014696	0.720321931589537	0.814276966144694	Glul,H2az1,Cd36	3	157	11	Mutter_02
Fibroblastic.reticular	SBRT_vs_Ctrl	HALLMARK_MTORC1_SIGNALING	MSigDB_Hallmark	exploratory	-0.779669594865301	0.755467196819086	0.83583604754452	Cdkn1a,Itgb2	2	201	14	Mutter_02
Fibroblastic.reticular	SBRT_vs_Ctrl	HALLMARK_IL6_JAK_STAT3_SIGNALING	MSigDB_Hallmark	exploratory	-0.822633756119952	0.814345991561181	0.864203909411866	Csf2ra,Acvr1b,Il2ra,Il18r1,Cxcl9,Tnfrsf21,Il12rb1,Cntfr,Pdgfc,Ltb,Cd36,Cxcl10,Il17rb,Fas	14	88	56	Mutter_02
Fibroblastic.reticular	SBRT_vs_Ctrl	HALLMARK_PI3K_AKT_MTOR_SIGNALING	MSigDB_Hallmark	exploratory	-0.756896663728612	0.803571428571429	0.864203909411866	Cdkn1a	1	105	16	Mutter_02
Fibroblastic.reticular	SBRT_vs_Ctrl	HALLMARK_COMPLEMENT	MSigDB_Hallmark	exploratory	0.780297343034359	0.842003853564547	0.874242066304433	Fyn,Dusp5,Dpp4,Mmp14,Cd55,Gzmb,Calm1,Hspa1a,Apoc1,S100a9,Fn1,Pfn1,Timp1,Cxcl2	14	196	42	Mutter_02
Fibroblastic.reticular	SBRT_vs_Ctrl	HALLMARK_PEROXISOME	MSigDB_Hallmark	exploratory	0.656017867664512	0.857429718875502	0.874242066304433	Top2a	1	102	4	Mutter_02
Fibroblastic.reticular	SBRT_vs_Ctrl	HALLMARK_XENOBIOTIC_METABOLISM	MSigDB_Hallmark	exploratory	0.624044994411662	0.954901960784314	0.954901960784314	Igf1,Arg1,Tgfb2,Tnfrsf1a,Vtn,Reg1	6	203	20	Mutter_02
GC_centroblasts	MBRT_vs_Ctrl	HALLMARK_ANDROGEN_RESPONSE	MSigDB_Hallmark	exploratory	1.42551666105758	0.0977011494252874	0.670121951219512	Ccnd1	1	112	4	Mutter_02
GC_centroblasts	MBRT_vs_Ctrl	HALLMARK_ESTROGEN_RESPONSE_EARLY	MSigDB_Hallmark	exploratory	1.3065516262925	0.190981432360743	0.670121951219512	Ccnd1	1	200	3	Mutter_02
GC_centroblasts	MBRT_vs_Ctrl	HALLMARK_MTORC1_SIGNALING	MSigDB_Hallmark	exploratory	-1.18628138755141	0.239329268292683	0.670121951219512	Sqstm1,Ppia	2	201	4	Mutter_02
GC_centroblasts	MBRT_vs_Ctrl	HALLMARK_MYC_TARGETS_V1	MSigDB_Hallmark	exploratory	-1.20427791938281	0.225609756097561	0.670121951219512	Rack1,Ppia,Hsp90ab1	3	201	4	Mutter_02
GC_centroblasts	MBRT_vs_Ctrl	HALLMARK_PI3K_AKT_MTOR_SIGNALING	MSigDB_Hallmark	exploratory	-1.38225644646615	0.0915915915915916	0.670121951219512	Sqstm1,Rac1	2	105	5	Mutter_02
GC_centroblasts	MBRT_vs_Ctrl	HALLMARK_APOPTOSIS	MSigDB_Hallmark	exploratory	-0.94569374254042	0.557534246575342	0.916347381864623	Ctnnb1,Sqstm1	2	160	9	Mutter_02
GC_centroblasts	MBRT_vs_Ctrl	HALLMARK_EPITHELIAL_MESENCHYMAL_TRANSITION	MSigDB_Hallmark	exploratory	-0.938985555235969	0.564564564564565	0.916347381864623	Cald1,Cd44,Col4a1,Tnfrsf12a	4	206	5	Mutter_02
GC_centroblasts	MBRT_vs_Ctrl	HALLMARK_FATTY_ACID_METABOLISM	MSigDB_Hallmark	exploratory	0.899323967018098	0.589080459770115	0.916347381864623	Lgals1,Ldha	2	157	4	Mutter_02
GC_centroblasts	MBRT_vs_Ctrl	TypeII_interferon	project	primary	-0.95378064674434	0.542682926829268	0.916347381864623	Cd74,H2-Ab1,H2-Aa	3	17	4	Mutter_02
GC_centroblasts	MBRT_vs_Ctrl	HALLMARK_ALLOGRAFT_REJECTION	MSigDB_Hallmark	exploratory	-0.822436949005967	0.699127906976744	0.938509766095973	Cd74,H2-T23,H2-Aa,Akt1	4	201	6	Mutter_02
GC_centroblasts	MBRT_vs_Ctrl	HALLMARK_TNFA_SIGNALING_VIA_NFKB	MSigDB_Hallmark	exploratory	0.751772485955396	0.737400530503979	0.938509766095973	Ccnd1	1	199	3	Mutter_02
GC_centroblasts	MBRT_vs_Ctrl	HALLMARK_GLYCOLYSIS	MSigDB_Hallmark	exploratory	-0.748008284448377	0.804804804804805	0.938938938938939	Ppia,Cd44,Mif	3	200	5	Mutter_02
GC_centroblasts	MBRT_vs_Ctrl	HALLMARK_INTERFERON_ALPHA_RESPONSE	MSigDB_Hallmark	exploratory	-0.432225542825255	0.995426829268293	0.995426829268293	Cd74	1	100	4	Mutter_02
GC_centroblasts	MBRT_vs_Ctrl	HALLMARK_INTERFERON_GAMMA_RESPONSE	MSigDB_Hallmark	exploratory	0.631979803196163	0.943859649122807	0.995426829268293	Bst2,Ifitm3,H2-D1,H2-Eb1,B2m,H2-Aa,Cd74	7	205	7	Mutter_02
GC_centroblasts	MBRT_vs_SBRT	TypeII_interferon	project	primary	1.82776245682175	0.00219699752322288	0.0307579653251203	H2-Eb1,H2-Ab1,H2-Aa	3	17	4	Mutter_02
GC_centroblasts	MBRT_vs_SBRT	HALLMARK_INTERFERON_GAMMA_RESPONSE	MSigDB_Hallmark	exploratory	1.77534127476807	0.00893435201980318	0.0625404641386222	H2-Eb1,H2-Aa,Bst2	3	205	7	Mutter_02
GC_centroblasts	MBRT_vs_SBRT	HALLMARK_MTORC1_SIGNALING	MSigDB_Hallmark	exploratory	-1.41219221390051	0.0583468395461913	0.272285251215559	Sqstm1,Ldha,Ppia	3	201	4	Mutter_02
GC_centroblasts	MBRT_vs_SBRT	HALLMARK_ALLOGRAFT_REJECTION	MSigDB_Hallmark	exploratory	1.386114081735	0.11025641025641	0.385897435897436	H2-Aa,Eif5a,Akt1	3	201	6	Mutter_02
GC_centroblasts	MBRT_vs_SBRT	HALLMARK_APOPTOSIS	MSigDB_Hallmark	exploratory	-1.1056143014564	0.338957055214724	0.602827763496144	Ctnnb1,Hmgb2,Sqstm1	3	160	9	Mutter_02
GC_centroblasts	MBRT_vs_SBRT	HALLMARK_EPITHELIAL_MESENCHYMAL_TRANSITION	MSigDB_Hallmark	exploratory	1.11604283242611	0.344473007712082	0.602827763496144	Cd44	1	206	5	Mutter_02
GC_centroblasts	MBRT_vs_SBRT	HALLMARK_FATTY_ACID_METABOLISM	MSigDB_Hallmark	exploratory	-1.19002882490177	0.260940032414911	0.602827763496144	S100a10,Ldha	2	157	4	Mutter_02
GC_centroblasts	MBRT_vs_SBRT	HALLMARK_PI3K_AKT_MTOR_SIGNALING	MSigDB_Hallmark	exploratory	-1.22986723319197	0.216965742251224	0.602827763496144	Rac1,Sqstm1,Pfn1	3	105	5	Mutter_02
GC_centroblasts	MBRT_vs_SBRT	HALLMARK_MYC_TARGETS_V1	MSigDB_Hallmark	exploratory	-1.03853665555485	0.453808752025932	0.705924725373672	Ldha,Ppia,Rack1	3	201	4	Mutter_02
GC_centroblasts	MBRT_vs_SBRT	HALLMARK_ESTROGEN_RESPONSE_EARLY	MSigDB_Hallmark	exploratory	0.931926574930843	0.545679012345679	0.728685821950071	Cd44	1	200	3	Mutter_02
GC_centroblasts	MBRT_vs_SBRT	HALLMARK_INTERFERON_ALPHA_RESPONSE	MSigDB_Hallmark	exploratory	0.901210352363552	0.572538860103627	0.728685821950071	Bst2,Cd74,Ifitm3,B2m	4	100	4	Mutter_02
GC_centroblasts	MBRT_vs_SBRT	HALLMARK_GLYCOLYSIS	MSigDB_Hallmark	exploratory	0.777338647408472	0.748071979434447	0.850902184235518	Cd44	1	200	5	Mutter_02
GC_centroblasts	MBRT_vs_SBRT	HALLMARK_TNFA_SIGNALING_VIA_NFKB	MSigDB_Hallmark	exploratory	0.739625315175156	0.790123456790123	0.850902184235518	Cd44	1	199	3	Mutter_02
GC_centroblasts	MBRT_vs_SBRT	HALLMARK_ANDROGEN_RESPONSE	MSigDB_Hallmark	exploratory	-0.660719855462122	0.891410048622366	0.891410048622366	Ccnd1,Krt8,B2m	3	112	4	Mutter_02
GC_centroblasts	SBRT_vs_Ctrl	TypeII_interferon	project	primary	-1.57077734940959	0.0169342387214065	0.237079342099691	H2-Eb1,H2-Ab1,H2-Aa,Cd74	4	17	4	Mutter_02
GC_centroblasts	SBRT_vs_Ctrl	HALLMARK_ALLOGRAFT_REJECTION	MSigDB_Hallmark	exploratory	-1.57525660875861	0.0467128027681661	0.326989619377163	H2-Aa,Cd74,Akt1,H2-T23	4	201	6	Mutter_02
GC_centroblasts	SBRT_vs_Ctrl	HALLMARK_FATTY_ACID_METABOLISM	MSigDB_Hallmark	exploratory	1.44300409636912	0.121348314606742	0.424719101123596	Ldha,S100a10,Lgals1	3	157	4	Mutter_02
GC_centroblasts	SBRT_vs_Ctrl	HALLMARK_INTERFERON_GAMMA_RESPONSE	MSigDB_Hallmark	exploratory	-1.40145116438956	0.112676056338028	0.424719101123596	H2-Eb1,H2-Aa,Cd74	3	205	7	Mutter_02
GC_centroblasts	SBRT_vs_Ctrl	HALLMARK_APOPTOSIS	MSigDB_Hallmark	exploratory	1.26328010238796	0.191943127962085	0.537440758293839	Ccnd1,Hmgb2,Lmna	3	160	9	Mutter_02
GC_centroblasts	SBRT_vs_Ctrl	HALLMARK_ANDROGEN_RESPONSE	MSigDB_Hallmark	exploratory	1.21854162677306	0.242696629213483	0.566292134831461	Ccnd1	1	112	4	Mutter_02
GC_centroblasts	SBRT_vs_Ctrl	HALLMARK_EPITHELIAL_MESENCHYMAL_TRANSITION	MSigDB_Hallmark	exploratory	-0.993296808011003	0.46643109540636	0.810091868915398	Cd44,Cald1	2	206	5	Mutter_02
GC_centroblasts	SBRT_vs_Ctrl	HALLMARK_ESTROGEN_RESPONSE_EARLY	MSigDB_Hallmark	exploratory	0.890896105104372	0.601279317697228	0.810091868915398	Ccnd1	1	200	3	Mutter_02
GC_centroblasts	SBRT_vs_Ctrl	HALLMARK_INTERFERON_ALPHA_RESPONSE	MSigDB_Hallmark	exploratory	-0.820737777422417	0.716577540106952	0.810091868915398	Cd74	1	100	4	Mutter_02
GC_centroblasts	SBRT_vs_Ctrl	HALLMARK_MTORC1_SIGNALING	MSigDB_Hallmark	exploratory	0.776260078446173	0.730337078651685	0.810091868915398	Ldha	1	201	4	Mutter_02
GC_centroblasts	SBRT_vs_Ctrl	HALLMARK_MYC_TARGETS_V1	MSigDB_Hallmark	exploratory	-0.787981173042963	0.75222816399287	0.810091868915398	Rack1,Hsp90ab1	2	201	4	Mutter_02
GC_centroblasts	SBRT_vs_Ctrl	HALLMARK_PI3K_AKT_MTOR_SIGNALING	MSigDB_Hallmark	exploratory	-1.00088066299348	0.452296819787986	0.810091868915398	Sqstm1,Akt1	2	105	5	Mutter_02
GC_centroblasts	SBRT_vs_Ctrl	HALLMARK_TNFA_SIGNALING_VIA_NFKB	MSigDB_Hallmark	exploratory	0.792945410292441	0.699360341151386	0.810091868915398	Ccnd1	1	199	3	Mutter_02
GC_centroblasts	SBRT_vs_Ctrl	HALLMARK_GLYCOLYSIS	MSigDB_Hallmark	exploratory	-0.74200609577893	0.821554770318021	0.821554770318021	Cd44	1	200	5	Mutter_02
GC_centrocyes	MBRT_vs_Ctrl	HALLMARK_COMPLEMENT	MSigDB_Hallmark	exploratory	1.70474755199822	0.00576465613829079	0.190233652563596	Mmp14,C1qa,Lgals3,Ccl5	4	196	8	Mutter_02
GC_centrocyes	MBRT_vs_Ctrl	HALLMARK_EPITHELIAL_MESENCHYMAL_TRANSITION	MSigDB_Hallmark	exploratory	1.6146314876665	0.0227219969756343	0.374912950097967	Mmp14,Col1a2,Lgals1,Col1a1,Bgn,Cd44,Vim,Gadd45b,Serpinh1,Tnfrsf12a,Spp1	11	206	13	Mutter_02
GC_centrocyes	MBRT_vs_Ctrl	HALLMARK_APOPTOSIS	MSigDB_Hallmark	exploratory	1.2149994784588	0.220221606648199	0.630398671096346	Lgals3,Gpx1,Lmna,Bgn,Krt18,Cd44,Ccnd1,Anxa1,Gadd45b,Ier3,Ifitm3,Tap1,Tnfrsf12a	13	160	19	Mutter_02
GC_centrocyes	MBRT_vs_Ctrl	HALLMARK_COAGULATION	MSigDB_Hallmark	exploratory	1.34116911534702	0.12781954887218	0.630398671096346	Mmp14,C1qa	2	139	8	Mutter_02
GC_centrocyes	MBRT_vs_Ctrl	HALLMARK_E2F_TARGETS	MSigDB_Hallmark	exploratory	-1.26106451593651	0.215568862275449	0.630398671096346	Dnmt1,Hmgb2,Mki67,Stmn1	4	200	7	Mutter_02
GC_centrocyes	MBRT_vs_Ctrl	HALLMARK_ESTROGEN_RESPONSE_EARLY	MSigDB_Hallmark	exploratory	1.44037050268782	0.067175572519084	0.630398671096346	Krt8,Xbp1,Krt18,Cd44,Ccnd1	5	200	6	Mutter_02
GC_centrocyes	MBRT_vs_Ctrl	HALLMARK_FATTY_ACID_METABOLISM	MSigDB_Hallmark	exploratory	1.19366838517202	0.229235880398671	0.630398671096346	Ldha,Lgals1	2	157	5	Mutter_02
GC_centrocyes	MBRT_vs_Ctrl	HALLMARK_HYPOXIA	MSigDB_Hallmark	exploratory	1.23900405044386	0.209580838323353	0.630398671096346	Ldha,Bgn,Mt2,Ier3	4	200	7	Mutter_02
GC_centrocyes	MBRT_vs_Ctrl	HALLMARK_INFLAMMATORY_RESPONSE	MSigDB_Hallmark	exploratory	1.38933425904164	0.102272727272727	0.630398671096346	Mmp14,Hif1a,Cxcl9,Ccl5	4	201	12	Mutter_02
GC_centrocyes	MBRT_vs_Ctrl	HALLMARK_KRAS_SIGNALING_UP	MSigDB_Hallmark	exploratory	-1.34594801656796	0.142191142191142	0.630398671096346	Slpi	1	203	3	Mutter_02
GC_centrocyes	MBRT_vs_Ctrl	HALLMARK_PROTEIN_SECRETION	MSigDB_Hallmark	exploratory	1.27736513634344	0.144781144781145	0.630398671096346	Krt18,Ica1	2	96	4	Mutter_02
GC_centrocyes	MBRT_vs_Ctrl	HALLMARK_UV_RESPONSE_DN	MSigDB_Hallmark	exploratory	1.21758910465857	0.227544910179641	0.630398671096346	Col1a2,Col1a1,Ica1	3	144	7	Mutter_02
GC_centrocyes	MBRT_vs_Ctrl	HALLMARK_ESTROGEN_RESPONSE_LATE	MSigDB_Hallmark	exploratory	1.18600392726666	0.259259259259259	0.641281512605042	Xbp1,Cd44,Ccnd1	3	206	4	Mutter_02
GC_centrocyes	MBRT_vs_Ctrl	HALLMARK_IL6_JAK_STAT3_SIGNALING	MSigDB_Hallmark	exploratory	1.10961402364174	0.330357142857143	0.641281512605042	Cxcl9,Tnfrsf1a,Cd44,Ltbr	4	88	10	Mutter_02
GC_centrocyes	MBRT_vs_Ctrl	HALLMARK_MYOGENESIS	MSigDB_Hallmark	exploratory	1.14308197629085	0.31986531986532	0.641281512605042	Col1a1,Gadd45b	2	201	4	Mutter_02
GC_centrocyes	MBRT_vs_Ctrl	HALLMARK_UV_RESPONSE_UP	MSigDB_Hallmark	exploratory	1.14676983369161	0.316498316498317	0.641281512605042	Mmp14	1	158	4	Mutter_02
GC_centrocyes	MBRT_vs_Ctrl	HALLMARK_XENOBIOTIC_METABOLISM	MSigDB_Hallmark	exploratory	1.13405327865755	0.328282828282828	0.641281512605042	Tnfrsf1a,Mt2	2	203	4	Mutter_02
GC_centrocyes	MBRT_vs_Ctrl	HALLMARK_G2M_CHECKPOINT	MSigDB_Hallmark	exploratory	1.09843847928242	0.350375939849624	0.642355889724311	Hif1a,Pttg1,Mt2,Ccnd1,Ube2c	5	198	8	Mutter_02
GC_centrocyes	MBRT_vs_Ctrl	HALLMARK_PI3K_AKT_MTOR_SIGNALING	MSigDB_Hallmark	exploratory	1.05770727218273	0.408682634730539	0.709817207689883	Tnfrsf1a	1	105	7	Mutter_02
GC_centrocyes	MBRT_vs_Ctrl	TypeII_interferon	project	primary	1.0382115740875	0.43206106870229	0.712900763358779	Cxcl9	1	17	6	Mutter_02
GC_centrocyes	MBRT_vs_Ctrl	HALLMARK_APICAL_JUNCTION	MSigDB_Hallmark	exploratory	-0.998546522908935	0.472019464720195	0.722591362126246	Ptprc,Itga3	2	199	4	Mutter_02
GC_centrocyes	MBRT_vs_Ctrl	HALLMARK_CHOLESTEROL_HOMEOSTASIS	MSigDB_Hallmark	exploratory	1.02057529176938	0.481727574750831	0.722591362126246	Lgals3	1	75	5	Mutter_02
GC_centrocyes	MBRT_vs_Ctrl	HALLMARK_MYC_TARGETS_V1	MSigDB_Hallmark	exploratory	-0.867495375344991	0.559880239520958	0.769835329341317	Tyms,Rack1,Ppia	3	201	7	Mutter_02
GC_centrocyes	MBRT_vs_Ctrl	HALLMARK_OXIDATIVE_PHOSPHORYLATION	MSigDB_Hallmark	exploratory	0.963024881582816	0.558922558922559	0.769835329341317	Ldha	1	199	4	Mutter_02
GC_centrocyes	MBRT_vs_Ctrl	HALLMARK_ALLOGRAFT_REJECTION	MSigDB_Hallmark	exploratory	0.859107834899096	0.677285318559557	0.818413173652695	Hif1a,Cxcl9,Ccl5	3	201	18	Mutter_02
GC_centrocyes	MBRT_vs_Ctrl	HALLMARK_ANDROGEN_RESPONSE	MSigDB_Hallmark	exploratory	0.812239005460402	0.722591362126246	0.818413173652695	Krt8,Ccnd1	2	112	5	Mutter_02
GC_centrocyes	MBRT_vs_Ctrl	HALLMARK_GLYCOLYSIS	MSigDB_Hallmark	exploratory	0.839447952820369	0.680916030534351	0.818413173652695	Ldha,Cd44,Ier3	3	200	6	Mutter_02
GC_centrocyes	MBRT_vs_Ctrl	HALLMARK_INTERFERON_ALPHA_RESPONSE	MSigDB_Hallmark	exploratory	0.777380486730425	0.744011976047904	0.818413173652695	Ifitm3,Tap1,Il4ra	3	100	7	Mutter_02
GC_centrocyes	MBRT_vs_Ctrl	HALLMARK_INTERFERON_GAMMA_RESPONSE	MSigDB_Hallmark	exploratory	0.825084114125912	0.712925170068027	0.818413173652695	Hif1a,Cxcl9,Ccl5,Mt2,H2-Eb1,Ifitm3	6	205	21	Mutter_02
GC_centrocyes	MBRT_vs_Ctrl	HALLMARK_MTORC1_SIGNALING	MSigDB_Hallmark	exploratory	0.853767626311455	0.657185628742515	0.818413173652695	Ldha,Xbp1	2	201	7	Mutter_02
GC_centrocyes	MBRT_vs_Ctrl	HALLMARK_IL2_STAT5_SIGNALING	MSigDB_Hallmark	exploratory	0.741171252214225	0.808035714285714	0.847644658753709	Xbp1,Cd44,Gadd45b,Ifitm3,Il4ra,Spp1	6	199	10	Mutter_02
GC_centrocyes	MBRT_vs_Ctrl	HALLMARK_P53_PATHWAY	MSigDB_Hallmark	exploratory	-0.708276185879043	0.821958456973294	0.847644658753709	Cd81,Rack1,Bax,Pcna,Itgb4,Tap1,S100a10,Ier3	8	199	8	Mutter_02
GC_centrocyes	MBRT_vs_Ctrl	HALLMARK_TNFA_SIGNALING_VIA_NFKB	MSigDB_Hallmark	exploratory	0.685714199290534	0.855113636363636	0.855113636363636	Ccl5,Cd44,Ccnd1,Gadd45b,Ier3	5	199	12	Mutter_02
GC_centrocyes	MBRT_vs_SBRT	HALLMARK_ALLOGRAFT_REJECTION	MSigDB_Hallmark	exploratory	1.57850813662546	0.037262757362342	0.241949334138528	Cxcl9,Ccl5,H2-Aa,H2-T23,Ptprc,Srgn,Tap1,H2-DMb1,Hif1a,Cd74	10	201	18	Mutter_02
GC_centrocyes	MBRT_vs_SBRT	HALLMARK_COMPLEMENT	MSigDB_Hallmark	exploratory	1.64656996550499	0.0342126514070443	0.241949334138528	C1qa,Ccl5,Lgals3,Mmp14	4	196	8	Mutter_02
GC_centrocyes	MBRT_vs_SBRT	HALLMARK_E2F_TARGETS	MSigDB_Hallmark	exploratory	-1.68428890994952	0.014292287084872	0.241949334138528	Mki67,Hmgb2,Stmn1,Dnmt1,Pcna	5	200	7	Mutter_02
GC_centrocyes	MBRT_vs_SBRT	HALLMARK_INFLAMMATORY_RESPONSE	MSigDB_Hallmark	exploratory	1.57601663953044	0.064661451851106	0.241949334138528	Cxcl9,Ccl5,Tnfaip6,Mmp14,Nfkbia,Hif1a,Cd48,Il4ra	8	201	12	Mutter_02
GC_centrocyes	MBRT_vs_SBRT	HALLMARK_INTERFERON_GAMMA_RESPONSE	MSigDB_Hallmark	exploratory	1.48891180844633	0.0547045951859956	0.241949334138528	Cxcl9,Ccl5,H2-Aa,H2-Eb1,Tnfaip6,Nfkbia,Tap1,Hif1a,Cd74,Mt2,Stat3,Il4ra	12	205	21	Mutter_02
GC_centrocyes	MBRT_vs_SBRT	HALLMARK_MTORC1_SIGNALING	MSigDB_Hallmark	exploratory	-1.48978541929861	0.0565302144249513	0.241949334138528	Hsp90b1,Xbp1,Ppia	3	201	7	Mutter_02
GC_centrocyes	MBRT_vs_SBRT	HALLMARK_TNFA_SIGNALING_VIA_NFKB	MSigDB_Hallmark	exploratory	1.61837883950858	0.0531944990990341	0.241949334138528	Ccl5,Tnfaip6,Cd44,Nfkbia,Tap1,Gadd45b	6	199	12	Mutter_02
GC_centrocyes	MBRT_vs_SBRT	HALLMARK_UV_RESPONSE_UP	MSigDB_Hallmark	exploratory	1.4716341226748	0.0610526315789474	0.241949334138528	Mmp14,Nfkbia,Tap1	3	158	4	Mutter_02
GC_centrocyes	MBRT_vs_SBRT	TypeII_interferon	project	primary	1.60655230108569	0.0659861820377805	0.241949334138528	Cxcl9,H2-Aa,H2-Eb1	3	17	6	Mutter_02
GC_centrocyes	MBRT_vs_SBRT	HALLMARK_IL6_JAK_STAT3_SIGNALING	MSigDB_Hallmark	exploratory	1.36496914823307	0.105485232067511	0.348101265822785	Cxcl9,Cd44,Tnfrsf1a	3	88	10	Mutter_02
GC_centrocyes	MBRT_vs_SBRT	HALLMARK_G2M_CHECKPOINT	MSigDB_Hallmark	exploratory	-1.35004039040055	0.124045801526718	0.372137404580153	Mki67,Stmn1,Ccnd1,Ube2c	4	198	8	Mutter_02
GC_centrocyes	MBRT_vs_SBRT	HALLMARK_OXIDATIVE_PHOSPHORYLATION	MSigDB_Hallmark	exploratory	1.20673971876878	0.258947368421053	0.712105263157895	Atp5e,Bax,Ldha	3	199	4	Mutter_02
GC_centrocyes	MBRT_vs_SBRT	HALLMARK_ANDROGEN_RESPONSE	MSigDB_Hallmark	exploratory	-1.15934081417695	0.292543021032505	0.712630750196828	Krt8,Ccnd1,Akt1	3	112	5	Mutter_02
GC_centrocyes	MBRT_vs_SBRT	HALLMARK_EPITHELIAL_MESENCHYMAL_TRANSITION	MSigDB_Hallmark	exploratory	1.12099329700571	0.308016877637131	0.712630750196828	Bgn,Cd44,Mmp14,Spp1,Gadd45b	5	206	13	Mutter_02
GC_centrocyes	MBRT_vs_SBRT	HALLMARK_ESTROGEN_RESPONSE_EARLY	MSigDB_Hallmark	exploratory	-1.1116848351375	0.356031128404669	0.712630750196828	Krt8,Xbp1,Ccnd1	3	200	6	Mutter_02
GC_centrocyes	MBRT_vs_SBRT	HALLMARK_FATTY_ACID_METABOLISM	MSigDB_Hallmark	exploratory	-1.08289119883613	0.367112810707457	0.712630750196828	S100a10	1	157	5	Mutter_02
GC_centrocyes	MBRT_vs_SBRT	HALLMARK_XENOBIOTIC_METABOLISM	MSigDB_Hallmark	exploratory	1.12912018167195	0.338947368421053	0.712630750196828	Tnfrsf1a,Apoe,Mt2	3	203	4	Mutter_02
GC_centrocyes	MBRT_vs_SBRT	HALLMARK_COAGULATION	MSigDB_Hallmark	exploratory	1.03979578683868	0.392484342379958	0.71955462769659	C1qa,Mmp14	2	139	8	Mutter_02
GC_centrocyes	MBRT_vs_SBRT	HALLMARK_UV_RESPONSE_DN	MSigDB_Hallmark	exploratory	-1.03518669236805	0.43859649122807	0.761772853185596	Anxa4,Igf1r,Nfkb1,Anxa2,Col1a2	5	144	7	Mutter_02
GC_centrocyes	MBRT_vs_SBRT	HALLMARK_ESTROGEN_RESPONSE_LATE	MSigDB_Hallmark	exploratory	-0.837948933424261	0.678638941398866	0.895803402646503	Xbp1,Ccnd1	2	206	4	Mutter_02
GC_centrocyes	MBRT_vs_SBRT	HALLMARK_GLYCOLYSIS	MSigDB_Hallmark	exploratory	-0.886449147002516	0.601167315175097	0.895803402646503	Stmn1,Ppia,Ier3,Mif	4	200	6	Mutter_02
GC_centrocyes	MBRT_vs_SBRT	HALLMARK_HYPOXIA	MSigDB_Hallmark	exploratory	0.883330289056805	0.606122448979592	0.895803402646503	Bgn	1	200	7	Mutter_02
GC_centrocyes	MBRT_vs_SBRT	HALLMARK_KRAS_SIGNALING_UP	MSigDB_Hallmark	exploratory	-0.93766718451396	0.596928982725528	0.895803402646503	Slpi	1	203	3	Mutter_02
GC_centrocyes	MBRT_vs_SBRT	HALLMARK_MYC_TARGETS_V1	MSigDB_Hallmark	exploratory	-0.845487586410283	0.678362573099415	0.895803402646503	Ppia,Pcna,Tyms,Ptges3	4	201	7	Mutter_02
GC_centrocyes	MBRT_vs_SBRT	HALLMARK_PROTEIN_SECRETION	MSigDB_Hallmark	exploratory	0.835763958287359	0.667368421052632	0.895803402646503	Arf1,Cd63,Ica1,Krt18	4	96	4	Mutter_02
GC_centrocyes	MBRT_vs_SBRT	HALLMARK_P53_PATHWAY	MSigDB_Hallmark	exploratory	-0.820988883488561	0.708015267175573	0.898634762184381	S100a10,Itgb4,Pcna,Ier3	4	199	8	Mutter_02
GC_centrocyes	MBRT_vs_SBRT	HALLMARK_CHOLESTEROL_HOMEOSTASIS	MSigDB_Hallmark	exploratory	0.780722414477106	0.754677754677755	0.922383922383922	Lgals3	1	75	5	Mutter_02
GC_centrocyes	MBRT_vs_SBRT	HALLMARK_APICAL_JUNCTION	MSigDB_Hallmark	exploratory	-0.582298554131382	0.945179584120983	0.985657894736842	Itgb4,Itga3	2	199	4	Mutter_02
GC_centrocyes	MBRT_vs_SBRT	HALLMARK_APOPTOSIS	MSigDB_Hallmark	exploratory	0.724550654168064	0.86283185840708	0.985657894736842	Bgn,Lgals3,Cd44,Tap1,Gadd45b	5	160	19	Mutter_02
GC_centrocyes	MBRT_vs_SBRT	HALLMARK_IL2_STAT5_SIGNALING	MSigDB_Hallmark	exploratory	0.59430188603589	0.949367088607595	0.985657894736842	Cd44,Spp1,Gadd45b,Cd48,Il4ra,Cd81	6	199	10	Mutter_02
GC_centrocyes	MBRT_vs_SBRT	HALLMARK_MYOGENESIS	MSigDB_Hallmark	exploratory	0.576232223936146	0.95578947368421	0.985657894736842	Gadd45b,Clu	2	201	4	Mutter_02
GC_centrocyes	MBRT_vs_SBRT	HALLMARK_PI3K_AKT_MTOR_SIGNALING	MSigDB_Hallmark	exploratory	-0.626576218477776	0.902534113060429	0.985657894736842	Hsp90b1	1	105	7	Mutter_02
GC_centrocyes	MBRT_vs_SBRT	HALLMARK_INTERFERON_ALPHA_RESPONSE	MSigDB_Hallmark	exploratory	-0.46416789625156	0.994152046783626	0.994152046783626	Bst2,Ifitm3,Cd47,B2m,Il4ra,Cd74,Tap1	7	100	7	Mutter_02
GC_centrocyes	SBRT_vs_Ctrl	HALLMARK_ESTROGEN_RESPONSE_EARLY	MSigDB_Hallmark	exploratory	1.73977564195013	0.00214497339007133	0.070784121872354	Krt8,Xbp1,Ccnd1,Krt18	4	200	6	Mutter_02
GC_centrocyes	SBRT_vs_Ctrl	TypeII_interferon	project	primary	-1.82804972134213	0.00511565953116014	0.0844083822641423	H2-Aa,H2-Ab1,H2-Eb1,Cd74,Stat1	5	17	6	Mutter_02
GC_centrocyes	SBRT_vs_Ctrl	HALLMARK_ESTROGEN_RESPONSE_LATE	MSigDB_Hallmark	exploratory	1.5788476992257	0.0120281511093229	0.132309662202552	Xbp1,Ccnd1	2	206	4	Mutter_02
GC_centrocyes	SBRT_vs_Ctrl	HALLMARK_ALLOGRAFT_REJECTION	MSigDB_Hallmark	exploratory	-1.70028132058659	0.0210425487193647	0.132964292824503	H2-Aa,Ptprc,H2-T23,H2-DMb1,Cd74,Stat1,H2-DMa,Tap1,B2m,Eif5a,Srgn,Ccl5	12	201	18	Mutter_02
GC_centrocyes	SBRT_vs_Ctrl	HALLMARK_EPITHELIAL_MESENCHYMAL_TRANSITION	MSigDB_Hallmark	exploratory	1.60719213867306	0.0207604636747043	0.132964292824503	Col1a2,Lgals1,Vim,Col4a1,Tnfrsf12a,Mmp14,Col1a1,Serpinh1	8	206	13	Mutter_02
GC_centrocyes	SBRT_vs_Ctrl	HALLMARK_G2M_CHECKPOINT	MSigDB_Hallmark	exploratory	1.56777218139067	0.0241753259680914	0.132964292824503	Mki67,Pttg1,Ccnd1,Ube2c,Hif1a,Ezh2	6	198	8	Mutter_02
GC_centrocyes	SBRT_vs_Ctrl	HALLMARK_APOPTOSIS	MSigDB_Hallmark	exploratory	1.44398617608815	0.0742240215924427	0.253846153846154	Ccnd1,Hmgb2,Lmna,Gpx1,Krt18,Ifitm3,Ier3,Tnfrsf12a	8	160	19	Mutter_02
GC_centrocyes	SBRT_vs_Ctrl	HALLMARK_FATTY_ACID_METABOLISM	MSigDB_Hallmark	exploratory	1.46256831160689	0.0581583198707593	0.253846153846154	S100a10,Lgals1,Ldha	3	157	5	Mutter_02
GC_centrocyes	SBRT_vs_Ctrl	HALLMARK_MTORC1_SIGNALING	MSigDB_Hallmark	exploratory	1.44279023038752	0.0769230769230769	0.253846153846154	Xbp1,Hsp90b1,Ldha,Serpinh1	4	201	7	Mutter_02
GC_centrocyes	SBRT_vs_Ctrl	HALLMARK_UV_RESPONSE_DN	MSigDB_Hallmark	exploratory	1.4454616298416	0.0769230769230769	0.253846153846154	Col1a2,Col1a1,Ica1,Anxa4,Anxa2	5	144	7	Mutter_02
GC_centrocyes	SBRT_vs_Ctrl	HALLMARK_INTERFERON_GAMMA_RESPONSE	MSigDB_Hallmark	exploratory	-1.32833429615233	0.0984251968503937	0.295275590551181	H2-Aa,Tnfaip6,Nfkbia,H2-Eb1,Cd74,Stat1,H2-DMa,Tap1,Il15ra,B2m,Stat3	11	205	21	Mutter_02
GC_centrocyes	SBRT_vs_Ctrl	HALLMARK_E2F_TARGETS	MSigDB_Hallmark	exploratory	1.37505940701345	0.112307692307692	0.308846153846154	Mki67,Pttg1,Hmgb2	3	200	7	Mutter_02
GC_centrocyes	SBRT_vs_Ctrl	HALLMARK_ANDROGEN_RESPONSE	MSigDB_Hallmark	exploratory	1.23951081726248	0.192245557350565	0.488007953274512	Krt8,Ccnd1	2	112	5	Mutter_02
GC_centrocyes	SBRT_vs_Ctrl	HALLMARK_INFLAMMATORY_RESPONSE	MSigDB_Hallmark	exploratory	-1.18917123003801	0.217948717948718	0.513736263736264	Tnfaip6,Rela,Nfkbia	3	201	12	Mutter_02
GC_centrocyes	SBRT_vs_Ctrl	HALLMARK_TNFA_SIGNALING_VIA_NFKB	MSigDB_Hallmark	exploratory	-1.1744815873226	0.233974358974359	0.51474358974359	Tnfaip6,Rela,Nfkbia	3	199	12	Mutter_02
GC_centrocyes	SBRT_vs_Ctrl	HALLMARK_KRAS_SIGNALING_UP	MSigDB_Hallmark	exploratory	-1.2177953067188	0.288018433179724	0.59403801843318	Spp1,Slpi,Dusp6	3	203	3	Mutter_02
GC_centrocyes	SBRT_vs_Ctrl	HALLMARK_GLYCOLYSIS	MSigDB_Hallmark	exploratory	1.0910172001398	0.3625	0.664583333333333	Ier3,Ldha,Stmn1,Ppia	4	200	6	Mutter_02
GC_centrocyes	SBRT_vs_Ctrl	HALLMARK_PROTEIN_SECRETION	MSigDB_Hallmark	exploratory	1.10176897356443	0.358714043993232	0.664583333333333	Krt18,Ica1	2	96	4	Mutter_02
GC_centrocyes	SBRT_vs_Ctrl	HALLMARK_APICAL_JUNCTION	MSigDB_Hallmark	exploratory	-1.04236972876547	0.413625304136253	0.709137055837563	Ptprc	1	199	4	Mutter_02
GC_centrocyes	SBRT_vs_Ctrl	HALLMARK_MYOGENESIS	MSigDB_Hallmark	exploratory	1.04040873526151	0.429780033840948	0.709137055837563	Itgb4,Col1a1	2	201	4	Mutter_02
GC_centrocyes	SBRT_vs_Ctrl	HALLMARK_HYPOXIA	MSigDB_Hallmark	exploratory	0.994556496348174	0.476923076923077	0.743076923076923	Ier3,Ldha,Rbpj	3	200	7	Mutter_02
GC_centrocyes	SBRT_vs_Ctrl	HALLMARK_PI3K_AKT_MTOR_SIGNALING	MSigDB_Hallmark	exploratory	0.977676140047461	0.495384615384615	0.743076923076923	Hsp90b1,Akt1,Rac1,Tnfrsf1a	4	105	7	Mutter_02
GC_centrocyes	SBRT_vs_Ctrl	HALLMARK_MYC_TARGETS_V1	MSigDB_Hallmark	exploratory	-0.854311730969777	0.653409090909091	0.9375	Rack1,Tyms	2	201	7	Mutter_02
GC_centrocyes	SBRT_vs_Ctrl	HALLMARK_CHOLESTEROL_HOMEOSTASIS	MSigDB_Hallmark	exploratory	0.791249577802257	0.751211631663974	0.953460917111967	Tnfrsf12a,Ctnnb1	2	75	5	Mutter_02
GC_centrocyes	SBRT_vs_Ctrl	HALLMARK_COAGULATION	MSigDB_Hallmark	exploratory	0.79215384741698	0.742725880551302	0.953460917111967	Mmp14,Anxa1,Apoc1,Rac1	4	139	8	Mutter_02
GC_centrocyes	SBRT_vs_Ctrl	HALLMARK_IL2_STAT5_SIGNALING	MSigDB_Hallmark	exploratory	0.800095588993902	0.723372781065089	0.953460917111967	Xbp1,Ifitm3	2	199	10	Mutter_02
GC_centrocyes	SBRT_vs_Ctrl	HALLMARK_COMPLEMENT	MSigDB_Hallmark	exploratory	0.628772647178057	0.909647779479326	0.978102189781022	Mmp14,Apoc1,Lgals3,Pfn1,C1qa,Dusp6,Ccl5,Clu	8	196	8	Mutter_02
GC_centrocyes	SBRT_vs_Ctrl	HALLMARK_IL6_JAK_STAT3_SIGNALING	MSigDB_Hallmark	exploratory	0.543527004594282	0.96301775147929	0.978102189781022	Tnfrsf12a,Tnfrsf1a,Ltbr,Cd9,Il4ra,Cxcl9,Cd44,Stat3,Il15ra,Stat1	10	88	10	Mutter_02
GC_centrocyes	SBRT_vs_Ctrl	HALLMARK_INTERFERON_ALPHA_RESPONSE	MSigDB_Hallmark	exploratory	0.604230490372382	0.932307692307692	0.978102189781022	Ifitm3,Bst2,Cd47	3	100	7	Mutter_02
GC_centrocyes	SBRT_vs_Ctrl	HALLMARK_OXIDATIVE_PHOSPHORYLATION	MSigDB_Hallmark	exploratory	-0.661335214628781	0.895377128953771	0.978102189781022	Bax,Atp5e,Glud1	3	199	4	Mutter_02
GC_centrocyes	SBRT_vs_Ctrl	HALLMARK_P53_PATHWAY	MSigDB_Hallmark	exploratory	0.656322658767851	0.88208269525268	0.978102189781022	S100a10,Ier3,Itgb4	3	199	8	Mutter_02
GC_centrocyes	SBRT_vs_Ctrl	HALLMARK_UV_RESPONSE_UP	MSigDB_Hallmark	exploratory	-0.638522193522907	0.91970802919708	0.978102189781022	Nfkbia	1	158	4	Mutter_02
GC_centrocyes	SBRT_vs_Ctrl	HALLMARK_XENOBIOTIC_METABOLISM	MSigDB_Hallmark	exploratory	-0.533360261543715	0.978102189781022	0.978102189781022	Apoe,Mt2,Tnfrsf1a,Ptges3	4	203	4	Mutter_02
ILC	MBRT_vs_Ctrl	HALLMARK_COMPLEMENT	MSigDB_Hallmark	exploratory	1.64910438825195	0.00523185182249853	0.0585720907374687	Cxcl3,S100a9,Src,Cd55,Mmp12,Itgam,Lgals3,Fyn,Mmp14,Pdgfb,Olr1,Pfn1,Timp1,Cxcl2,Cxcl1,Calm3	16	196	42	Mutter_02
ILC	MBRT_vs_Ctrl	HALLMARK_HYPOXIA	MSigDB_Hallmark	exploratory	1.70051880677443	0.00536787462565171	0.0585720907374687	Pgf,Mt2,Dcn,Bgn,Col5a1,Ier3,Pdgfb,Anxa2,Zfp36,Mt1,Ldha,Egfr,Ackr3,Slc2a1,Dusp1,Fos,Ndrg1,Inha,Btg1,Vegfa,Cxcr4,Cdkn1a,Jun	23	200	39	Mutter_02
ILC	MBRT_vs_Ctrl	HALLMARK_INTERFERON_GAMMA_RESPONSE	MSigDB_Hallmark	exploratory	-1.6689659438511	0.00377555338948432	0.0585720907374687	Ciita,H2-D1,Ifi27,Cxcl9,Bst2,Casp3,Ifitm2,Ido1,Nlrc5,Tap1,Cd38,Fpr1,Tnfsf10,Oas2,Il7,H2-Aa,Oas3,H2-Eb1,Fas,Stat1,B2m,Il2rb,Vcam1,Icam1,Ifitm3,Tnfaip6	26	205	64	Mutter_02
ILC	MBRT_vs_Ctrl	HALLMARK_TNFA_SIGNALING_VIA_NFKB	MSigDB_Hallmark	exploratory	1.58310554036587	0.00563193180167969	0.0585720907374687	Cxcl3,Il1b,Ccl2,Il7r,Nfkbia,Tnfrsf9,Ccl4,Gpr183,Stat5a,Rigi,Ier3,Il1a,Olr1,Cd80,Zfp36,Cxcl2,Tnfsf9,Cxcl1,Ackr3,Dusp1,Fos,Nfkb1,Ifngr2,Icosl,Btg1,Ifih1,Il15ra,Vegfa,Cdkn1a,Bmp2,Areg,Jun	32	199	76	Mutter_02
ILC	MBRT_vs_Ctrl	TypeII_interferon	project	primary	-1.83016719611184	0.00367313834190983	0.0585720907374687	Ciita,Cxcl9,H2-Aa,H2-Eb1,Stat1,H2-Ab1	6	17	8	Mutter_02
ILC	MBRT_vs_Ctrl	HALLMARK_INFLAMMATORY_RESPONSE	MSigDB_Hallmark	exploratory	1.48593265019048	0.0162973952448064	0.141244092121656	Il4ra,Lamp3,Il1b,Ccl2,Il7r,Osm,Nfkbia,Msr1,Cd55,Tnfrsf9,Cd48,Gpr183,Mmp14,Il1a,Olr1,Sell,Ifitm1,Timp1,Ffar2,Tnfsf9,Itga5,Hif1a,Rgs1,Cmklr1,Nfkb1,Itgb8,Ifngr2,Icosl,Fzd5,Il10,Il15ra,Csf3r,Cdkn1a	33	201	86	Mutter_02
ILC	MBRT_vs_Ctrl	HALLMARK_EPITHELIAL_MESENCHYMAL_TRANSITION	MSigDB_Hallmark	exploratory	1.42812383254309	0.0362656482118529	0.269401958145193	Cxcl3,Col3a1,Col12a1,Col11a1,Dcn,Cxcl12,Col5a3,Bgn,Col5a1,Col1a1,Col6a3,Acta2,Mmp14,Tgfb1,Wnt5a,Mfap5,Timp1,Tnfrsf11b,Cxcl2,Cxcl1,Fzd8,Col5a2,Itga5,Col6a2	24	206	72	Mutter_02
ILC	MBRT_vs_Ctrl	HALLMARK_SPERMATOGENESIS	MSigDB_Hallmark	exploratory	-1.56401583503064	0.0544662309368192	0.321702548874041	Ace,Scg5,Cdkn3	3	135	6	Mutter_02
ILC	MBRT_vs_Ctrl	HALLMARK_UV_RESPONSE_UP	MSigDB_Hallmark	exploratory	-1.4465572461093	0.0556792873051225	0.321702548874041	H2-Q1,Casp3,Rxrb,Epcam,Junb,Tap1,Aqp3	7	158	24	Mutter_02
ILC	MBRT_vs_Ctrl	HALLMARK_E2F_TARGETS	MSigDB_Hallmark	exploratory	-1.41874661750452	0.0821917808219178	0.387990762124711	Tubb5,Cdkn3,Chek1,Msh2,Hmgb2,Birc5,Myc,Chek2,Dnmt1,H2az1	10	200	19	Mutter_02
ILC	MBRT_vs_Ctrl	HALLMARK_PEROXISOME	MSigDB_Hallmark	exploratory	-1.44303254598061	0.0888429752066116	0.387990762124711	Sod1,Msh2	2	102	4	Mutter_02
ILC	MBRT_vs_Ctrl	HALLMARK_TGF_BETA_SIGNALING	MSigDB_Hallmark	exploratory	-1.40487680521185	0.0969976905311778	0.387990762124711	Junb,Eng,Bmpr2,Smad3,Thbs1,Tgfbr1	6	54	15	Mutter_02
ILC	MBRT_vs_Ctrl	HALLMARK_UV_RESPONSE_DN	MSigDB_Hallmark	exploratory	1.39014358329578	0.0909090909090909	0.387990762124711	Col3a1,Col11a1,Mapk14,Fyn,Col1a1,Rxra,Anxa2,Mt1,Tgfbr2,Col5a2,Dusp1,Nfkb1	12	144	32	Mutter_02
ILC	MBRT_vs_Ctrl	HALLMARK_NOTCH_SIGNALING	MSigDB_Hallmark	exploratory	1.34678562617283	0.13448275862069	0.499507389162562	Notch3,Wnt5a,Fzd1,Fzd7,Fzd5	5	32	12	Mutter_02
ILC	MBRT_vs_Ctrl	HALLMARK_ESTROGEN_RESPONSE_LATE	MSigDB_Hallmark	exploratory	1.25766385598742	0.16140350877193	0.524561403508772	S100a9,Fabp5,Xbp1,Cxcl12,Zfp36,Il17rb,Krt19,Agr2,Fos,Celsr2,Areg,Cd44,Fkbp5,Cdh1,Mapk13	15	206	35	Mutter_02
ILC	MBRT_vs_Ctrl	HALLMARK_REACTIVE_OXYGEN_SPECIES_PATHWAY	MSigDB_Hallmark	exploratory	-1.3536726058801	0.158227848101266	0.524561403508772	Sod1,Junb	2	48	5	Mutter_02
ILC	MBRT_vs_Ctrl	HALLMARK_ANGIOGENESIS	MSigDB_Hallmark	exploratory	1.24569434179382	0.198581560283688	0.564505185615974	Pf4,Col3a1,Pdgfa,Olr1,Vtn,Timp1,Col5a2,App,Vegfa,Fgfr1,Vcan	11	36	19	Mutter_02
ILC	MBRT_vs_Ctrl	HALLMARK_APICAL_SURFACE	MSigDB_Hallmark	exploratory	-1.26932293835371	0.188636363636364	0.564505185615974	Gata3,Ephb4,Il2rb,Efna5	4	44	10	Mutter_02
ILC	MBRT_vs_Ctrl	HALLMARK_UNFOLDED_PROTEIN_RESPONSE	MSigDB_Hallmark	exploratory	1.23842665819138	0.206261510128913	0.564505185615974	Ccl2,Xbp1	2	113	6	Mutter_02
ILC	MBRT_vs_Ctrl	HALLMARK_IL6_JAK_STAT3_SIGNALING	MSigDB_Hallmark	exploratory	1.12034169163863	0.29222972972973	0.759797297297297	Cxcl3,Pf4,Il4ra,Il1b,Il10rb,Ccr1,Tgfb1,Il3ra,Reg1,Il2ra,Il17rb,Cxcl2,Cxcl1	13	88	55	Mutter_02
ILC	MBRT_vs_Ctrl	DNA_Damage_Repair	project	primary	-1.10830897168007	0.322727272727273	0.762809917355372	Atm,Chek1,Ddit3,Chek2,Bax	5	18	10	Mutter_02
ILC	MBRT_vs_Ctrl	TypeI_interferon	project	primary	-1.12759981542939	0.313852813852814	0.762809917355372	Oas2,Mx1,Stat1,Ifitm3,Ifit1	5	19	7	Mutter_02
ILC	MBRT_vs_Ctrl	HALLMARK_MYC_TARGETS_V1	MSigDB_Hallmark	exploratory	-1.0903048578016	0.338530066815145	0.765372324973371	Hsp90ab1,Rack1,Myc,H2az1,Tyms	5	201	9	Mutter_02
ILC	MBRT_vs_Ctrl	HALLMARK_APICAL_JUNCTION	MSigDB_Hallmark	exploratory	-1.0128935288677	0.435294117647059	0.798195838789466	Itgb4,Ptk2,Bmp1,Mmp2,Icam2,Cldn4,Myl12b,Itga3,Cd276,Vcam1,Actg2,Icam1	12	199	38	Mutter_02
ILC	MBRT_vs_Ctrl	HALLMARK_COAGULATION	MSigDB_Hallmark	exploratory	1.02465172661288	0.414762741652021	0.798195838789466	Pf4,Fyn,Mmp14,Pdgfb,Olr1,Timp1,Mmp9,Gsn,C1qa	9	139	26	Mutter_02
ILC	MBRT_vs_Ctrl	HALLMARK_DNA_REPAIR	MSigDB_Hallmark	exploratory	-1.0153735521461	0.445147679324895	0.798195838789466	Nt5c3,Npr2,Tyms	3	150	5	Mutter_02
ILC	MBRT_vs_Ctrl	HALLMARK_G2M_CHECKPOINT	MSigDB_Hallmark	exploratory	1.02805040550597	0.431693989071038	0.798195838789466	Cenpf,Mapk14,Mt2,Tgfb1	4	198	23	Mutter_02
ILC	MBRT_vs_Ctrl	HALLMARK_GLYCOLYSIS	MSigDB_Hallmark	exploratory	-1.04452221798675	0.387614678899083	0.798195838789466	Sod1,Sox9,Igfbp3,Il13ra1	4	200	18	Mutter_02
ILC	MBRT_vs_Ctrl	HALLMARK_PANCREAS_BETA_CELLS	MSigDB_Hallmark	exploratory	-1.06265976961425	0.369834710743802	0.798195838789466	Iapp,Sst	2	40	4	Mutter_02
ILC	MBRT_vs_Ctrl	HALLMARK_APOPTOSIS	MSigDB_Hallmark	exploratory	-0.966122274118185	0.518041237113402	0.883440860215054	Sod1,Casp3,Lum,Tap1,Cd38,Ptk2,Clu,Ifngr1,Tnfsf10,Mmp2,Lmna,Prf1,Erbb2,Sqstm1,Fas,Rela,Hmgb2,Ddit3,Ifitm3,Erbb3	20	160	64	Mutter_02
ILC	MBRT_vs_Ctrl	HALLMARK_IL2_STAT5_SIGNALING	MSigDB_Hallmark	exploratory	0.959998971297134	0.526666666666667	0.883440860215054	Il4ra,Itga6,Spry4,Igf2r,Tnfrsf9,Cd48,Xbp1,Ctla4,Il3ra,Sell,Il2ra	11	199	58	Mutter_02
ILC	MBRT_vs_Ctrl	HALLMARK_ADIPOGENESIS	MSigDB_Hallmark	exploratory	0.832929894285336	0.69434628975265	0.902023771281722	Fabp4,Col15a1,Stat5a,Lep,Apoe	5	200	18	Mutter_02
ILC	MBRT_vs_Ctrl	HALLMARK_BILE_ACID_METABOLISM	MSigDB_Hallmark	exploratory	-0.875508452778116	0.588235294117647	0.902023771281722	Sod1	1	112	6	Mutter_02
ILC	MBRT_vs_Ctrl	HALLMARK_CHOLESTEROL_HOMEOSTASIS	MSigDB_Hallmark	exploratory	-0.791976597486019	0.742388758782202	0.902023771281722	Alcam,Clu,Pparg	3	75	13	Mutter_02
ILC	MBRT_vs_Ctrl	HALLMARK_ESTROGEN_RESPONSE_EARLY	MSigDB_Hallmark	exploratory	0.828761223408441	0.758741258741259	0.902023771281722	Rara,Xbp1,Cxcl12,Ar,Il17rb,Krt19,Slc2a1,Fos,Celsr2,Areg,Cd44,Fkbp5,Inhbb	13	200	33	Mutter_02
ILC	MBRT_vs_Ctrl	HALLMARK_HEDGEHOG_SIGNALING	MSigDB_Hallmark	exploratory	0.776873059496412	0.737451737451737	0.902023771281722	Adgrg1,Vegfa,Hey1	3	36	4	Mutter_02
ILC	MBRT_vs_Ctrl	HALLMARK_INTERFERON_ALPHA_RESPONSE	MSigDB_Hallmark	exploratory	-0.910303685794289	0.596026490066225	0.902023771281722	Ifi27,Bst2,Ifitm2,Tap1	4	100	23	Mutter_02
ILC	MBRT_vs_Ctrl	HALLMARK_KRAS_SIGNALING_DN	MSigDB_Hallmark	exploratory	0.783568889808147	0.763250883392226	0.902023771281722	Selenop,Cd80,Ryr2,Celsr2,Ifng,Pdcd1,Tcl1	7	202	18	Mutter_02
ILC	MBRT_vs_Ctrl	HALLMARK_KRAS_SIGNALING_UP	MSigDB_Hallmark	exploratory	0.848265120091147	0.698305084745763	0.902023771281722	Pdcd1lg2,Il1b,Il7r,Apod,Arg1	5	203	49	Mutter_02
ILC	MBRT_vs_Ctrl	HALLMARK_MYOGENESIS	MSigDB_Hallmark	exploratory	0.884817850993233	0.649913344887348	0.902023771281722	Col3a1,Apod,Col15a1,Igf1,Col1a1,Col6a3,Tgfb1	7	201	38	Mutter_02
ILC	MBRT_vs_Ctrl	HALLMARK_P53_PATHWAY	MSigDB_Hallmark	exploratory	0.88716061604555	0.626072041166381	0.902023771281722	Hdac3,Ier3,Pdgfa,Il1a,Tgfb1,Rxra,Fgf13,Tnfsf9,App,Fos,Ndrg1,Btg1,Krt17,Cdkn1a,Bmp2,Trp53,Jun	17	199	39	Mutter_02
ILC	MBRT_vs_Ctrl	HALLMARK_PROTEIN_SECRETION	MSigDB_Hallmark	exploratory	-0.752052741408907	0.761692650334076	0.902023771281722	Sod1	1	96	9	Mutter_02
ILC	MBRT_vs_Ctrl	HALLMARK_WNT_BETA_CATENIN_SIGNALING	MSigDB_Hallmark	exploratory	0.819742280274225	0.695957820738137	0.902023771281722	Tcf7,Fzd1,Fzd8,Wnt5b,Trp53	5	42	15	Mutter_02
ILC	MBRT_vs_Ctrl	HALLMARK_XENOBIOTIC_METABOLISM	MSigDB_Hallmark	exploratory	0.914954637213059	0.577338129496403	0.902023771281722	Arg1,Mt2,Igf1,Vtn,Reg1,Apoe	6	203	20	Mutter_02
ILC	MBRT_vs_Ctrl	HALLMARK_MITOTIC_SPINDLE	MSigDB_Hallmark	exploratory	0.748018765908872	0.799651567944251	0.92404181184669	Cenpf	1	199	11	Mutter_02
ILC	MBRT_vs_Ctrl	HALLMARK_ALLOGRAFT_REJECTION	MSigDB_Hallmark	exploratory	-0.843407523296162	0.817460317460317	0.924085576259489	Il12rb1,Cxcl9,H2-T23,Tap1,Itk,Ifngr1,H2-DMb1,Itgb2,Cd28,Il27ra,Cd8b1,Prf1,Il12a,Cd3g,Il7,Krt1,H2-Aa,Itgal,Fas,Stat1,B2m,Il2rb,Cd47,Ets1,Icam1	25	201	100	Mutter_02
ILC	MBRT_vs_Ctrl	HALLMARK_FATTY_ACID_METABOLISM	MSigDB_Hallmark	exploratory	0.685883974842279	0.873665480427046	0.96660861664269	Ldha,Glul,Cidea,S100a10,Mif,Fasn,Lgals1,H2az1,Cd36,Hsp90aa1	10	157	10	Mutter_02
ILC	MBRT_vs_Ctrl	HALLMARK_HEME_METABOLISM	MSigDB_Hallmark	exploratory	0.609316976391681	0.918968692449355	0.980240744946627	Slc2a1,Epor,Myl4	3	194	6	Mutter_02
ILC	MBRT_vs_Ctrl	HALLMARK_MTORC1_SIGNALING	MSigDB_Hallmark	exploratory	-0.606061384111695	0.949074074074074	0.980240744946627	Itgb2,Igfbp5,Sqstm1,Ddit3,Hsp90b1	5	201	14	Mutter_02
ILC	MBRT_vs_Ctrl	HALLMARK_OXIDATIVE_PHOSPHORYLATION	MSigDB_Hallmark	exploratory	0.517209499486832	0.961389961389961	0.980240744946627	Ldha,Glud1,Atp5e,Bax	4	199	4	Mutter_02
ILC	MBRT_vs_Ctrl	HALLMARK_PI3K_AKT_MTOR_SIGNALING	MSigDB_Hallmark	exploratory	0.574965217508291	0.956756756756757	0.980240744946627	Pfn1,Egfr,Slc2a1,Cxcr4,Cdkn1a	5	105	16	Mutter_02
ILC	MBRT_vs_Ctrl	HALLMARK_ANDROGEN_RESPONSE	MSigDB_Hallmark	exploratory	-0.511458941979964	0.986301369863014	0.986301369863014	Itgav,Krt8,B2m,Myl12a,Arid5b,Lifr,Mertk,Tsc22d1,Azgp1	9	112	17	Mutter_02
ILC	MBRT_vs_SBRT	HALLMARK_E2F_TARGETS	MSigDB_Hallmark	exploratory	-1.77819927893396	0.00510215794546643	0.0787085530869463	Hmgb2,Mki67,Stmn1,Dnmt1,Top2a,Pcna,Tubb5	7	200	19	Mutter_02
ILC	MBRT_vs_SBRT	HALLMARK_G2M_CHECKPOINT	MSigDB_Hallmark	exploratory	-1.91805577470369	0.0018841598063387	0.0787085530869463	Ccnd1,Mki67,Stmn1,Top2a,Abl1,Nusap1	6	198	23	Mutter_02
ILC	MBRT_vs_SBRT	HALLMARK_MYC_TARGETS_V1	MSigDB_Hallmark	exploratory	-1.75142818190297	0.00605450408361125	0.0787085530869463	Ppia,Pcna,Ldha,Ptges3,Rack1,Hsp90ab1,Myc	7	201	9	Mutter_02
ILC	MBRT_vs_SBRT	HALLMARK_TNFA_SIGNALING_VIA_NFKB	MSigDB_Hallmark	exploratory	1.62195807097704	0.00481726176992108	0.0787085530869463	Cdkn1a,Cxcl3,Il1a,Il7r,Sat1,Dusp1,Olr1,Fos,Ptgs2,Cd69,Cxcl2,Cxcl1,Ccl4,Csf2,Cd80,Ccrl2,Atf3,Nfkbia,Cxcl5,Efna1,Bmp2,Tnfrsf9,Ccl20	23	199	76	Mutter_02
ILC	MBRT_vs_SBRT	HALLMARK_ESTROGEN_RESPONSE_EARLY	MSigDB_Hallmark	exploratory	-1.69693912011571	0.0090367850746822	0.0939825647766949	Krt8,Krt18,Ccnd1,Krt19,Ptges,Xbp1,Cd44,Areg,Aqp3,Fasn	10	200	33	Mutter_02
ILC	MBRT_vs_SBRT	HALLMARK_MITOTIC_SPINDLE	MSigDB_Hallmark	exploratory	-1.7911649332676	0.0119578885051179	0.103635033711022	Gsn,Top2a,Ezr,Abl1,Nusap1	5	199	11	Mutter_02
ILC	MBRT_vs_SBRT	HALLMARK_CHOLESTEROL_HOMEOSTASIS	MSigDB_Hallmark	exploratory	-1.6726330733001	0.014960863065603	0.111137839915908	Clu,Ldlr,Tnfrsf12a,Alcam,Ctnnb1,Fasn,Cd9	7	75	13	Mutter_02
ILC	MBRT_vs_SBRT	HALLMARK_EPITHELIAL_MESENCHYMAL_TRANSITION	MSigDB_Hallmark	exploratory	-1.47298862487179	0.0179580970055035	0.116727630535773	Col5a1,Col1a2,Acta2,Col1a1,Col5a3,Lgals1,Igfbp3,Col6a2,Tnfrsf12a,Col12a1,Col4a1,Cd44,Emp3,Col3a1,Areg,Serpinh1,Bgn,Tpm1,Vcam1,Thbs2	20	206	72	Mutter_02
ILC	MBRT_vs_SBRT	HALLMARK_KRAS_SIGNALING_DN	MSigDB_Hallmark	exploratory	1.54744704619076	0.0246169438040067	0.142231230867594	Cd80,Tcl1,Ifi44l,Ifng,Pdcd1,Fgfr3,Celsr2	7	202	18	Mutter_02
ILC	MBRT_vs_SBRT	HALLMARK_GLYCOLYSIS	MSigDB_Hallmark	exploratory	-1.59921751402339	0.0280337188557214	0.145775338049751	Col5a1,Stmn1,Igfbp3,Ppia,Ldha,Sod1,Cd44	7	200	18	Mutter_02
ILC	MBRT_vs_SBRT	HALLMARK_APOPTOSIS	MSigDB_Hallmark	exploratory	-1.35802137398598	0.0577933450087566	0.240601503759399	Hmgb2,Lmna,Krt18,Ccnd1,Clu,Gsn,Top2a,Casp3,Rela,Tnfrsf12a,Fasl,Sod1,Anxa1,Cd44,Ctnnb1,Gpx1,Ifitm3,Bgn,Ifngr1,Cd2,Ier3,Sqstm1	22	160	64	Mutter_02
ILC	MBRT_vs_SBRT	HALLMARK_FATTY_ACID_METABOLISM	MSigDB_Hallmark	exploratory	-1.5001874959882	0.0601503759398496	0.240601503759399	S100a10,Lgals1,Ldha,Hsp90aa1,Fasn,Mif	6	157	10	Mutter_02
ILC	MBRT_vs_SBRT	TypeII_interferon	project	primary	-1.49733488335987	0.0554493307839388	0.240601503759399	Ciita,Cd74,H2-Ab1,Stat1,H2-Eb1,Cxcl10,H2-Aa	7	17	8	Mutter_02
ILC	MBRT_vs_SBRT	HALLMARK_ANDROGEN_RESPONSE	MSigDB_Hallmark	exploratory	-1.45575504787723	0.0670498084291188	0.24904214559387	Krt8,Ccnd1,Krt19,Akt1	4	112	17	Mutter_02
ILC	MBRT_vs_SBRT	HALLMARK_HYPOXIA	MSigDB_Hallmark	exploratory	1.31131375772824	0.0931263858093126	0.26	Cdkn1a,Pgf,Mt1,Dusp1,Cxcr4,Fos,Inha,Mt2,Atf3	9	200	39	Mutter_02
ILC	MBRT_vs_SBRT	HALLMARK_IL6_JAK_STAT3_SIGNALING	MSigDB_Hallmark	exploratory	1.27994083836564	0.0877598152424942	0.26	Cxcl3,Tnfrsf21,Cd14,Csf3r,Cxcl2,Cxcl1,Reg1,Csf2,Ltb,Il2ra,Pf4,Fas,Acvrl1,Il18r1,Il1r2,Cd36,Il15ra,Csf2ra,Pdgfc,Il17rb,Tlr2	21	88	55	Mutter_02
ILC	MBRT_vs_SBRT	HALLMARK_INFLAMMATORY_RESPONSE	MSigDB_Hallmark	exploratory	1.2308725182583	0.1	0.26	Cdkn1a,Il1a,Clec5a,Il2rb,Il7r,Olr1,Cd14,Csf3r,Cd69,Cd40,Ccrl2,Best1,Rgs1,Nfkbia,Cxcl5,Met,Tnfrsf9,Ccl20,Msr1,Il18r1,Inhba,Mmp14,Tlr1,Il15ra,Tnfsf9,Cmklr1,Tlr2,Lamp3,Acvr2a,Nlrp3,Il1b,Ptger4	32	201	86	Mutter_02
ILC	MBRT_vs_SBRT	HALLMARK_MYOGENESIS	MSigDB_Hallmark	exploratory	-1.33243097353471	0.0827205882352941	0.26	Clu,Gsn,Col1a1,Itgb4,Igfbp3,Col6a2,Col3a1,Notch1,Apod,Myl7	10	201	38	Mutter_02
ILC	MBRT_vs_SBRT	HALLMARK_NOTCH_SIGNALING	MSigDB_Hallmark	exploratory	-1.38897052545068	0.0990476190476191	0.26	Ccnd1,Dll1,Notch1	3	32	12	Mutter_02
ILC	MBRT_vs_SBRT	HALLMARK_UV_RESPONSE_DN	MSigDB_Hallmark	exploratory	-1.36634517022347	0.0854545454545455	0.26	Col1a2,Nfkb1,Ica1,Col1a1,Ldlr,Col3a1,Tgfbr2	7	144	32	Mutter_02
ILC	MBRT_vs_SBRT	HALLMARK_COAGULATION	MSigDB_Hallmark	exploratory	-1.28513663078635	0.129213483146067	0.319957196361691	Clu,Gsn,Dusp6,Mmp9,Anxa1,Rac1,Cd9	7	139	26	Mutter_02
ILC	MBRT_vs_SBRT	HALLMARK_PROTEIN_SECRETION	MSigDB_Hallmark	exploratory	-1.32720127694624	0.135755258126195	0.320876064661916	Krt18,Ica1,Sod1	3	96	9	Mutter_02
ILC	MBRT_vs_SBRT	HALLMARK_ESTROGEN_RESPONSE_LATE	MSigDB_Hallmark	exploratory	-1.22126758044396	0.173357664233577	0.376045197740113	Ccnd1,Krt19,Top2a,Ptges,Xbp1,Cd44,Cdh1,Areg	8	206	35	Mutter_02
ILC	MBRT_vs_SBRT	HALLMARK_MTORC1_SIGNALING	MSigDB_Hallmark	exploratory	-1.24025212302546	0.180790960451977	0.376045197740113	Ldlr,Ppia,Xbp1,Ldha,Serpinh1,Hsp90b1,Cd9,Sqstm1	8	201	14	Mutter_02
ILC	MBRT_vs_SBRT	HALLMARK_PEROXISOME	MSigDB_Hallmark	exploratory	-1.30563657300684	0.174	0.376045197740113	Top2a,Sod1,Msh2	3	102	4	Mutter_02
ILC	MBRT_vs_SBRT	HALLMARK_INTERFERON_ALPHA_RESPONSE	MSigDB_Hallmark	exploratory	-1.17673055005655	0.210131332082552	0.420262664165103	Ifitm1,Il4ra,Cd47,B2m,Ifitm3,Bst2,Ifi27,Sell,Cd74,Ifih1	10	100	23	Mutter_02
ILC	MBRT_vs_SBRT	HALLMARK_UV_RESPONSE_UP	MSigDB_Hallmark	exploratory	1.18237593655187	0.227467811158798	0.438086154824352	Fos,Cxcl1,Atf3,Bid,Nfkbia,H2-M3,Bmp2	7	158	24	Mutter_02
ILC	MBRT_vs_SBRT	DNA_Damage_Repair	project	primary	1.19073197059946	0.240425531914894	0.446504559270517	Cdkn1a,Bax	2	18	10	Mutter_02
ILC	MBRT_vs_SBRT	HALLMARK_ANGIOGENESIS	MSigDB_Hallmark	exploratory	1.12037596684878	0.291925465838509	0.50129773822766	Tnfrsf21,Olr1,Spp1,Pf4,Cxcl5,Vcan	6	36	19	Mutter_02
ILC	MBRT_vs_SBRT	HALLMARK_COMPLEMENT	MSigDB_Hallmark	exploratory	1.09890794662524	0.298850574712644	0.50129773822766	Cxcl3,Olr1,S100a9,Cxcl2,Cxcl1,Itgam,Src,Mmp12,Lgals3,Hspa1a,Mmp14,Cd36,Dpp4	13	196	42	Mutter_02
ILC	MBRT_vs_SBRT	HALLMARK_TGF_BETA_SIGNALING	MSigDB_Hallmark	exploratory	-1.13808543987009	0.287619047619048	0.50129773822766	Ifngr2,Ctnnb1,Cdh1,Eng,Hdac1,Bmpr1a	6	54	15	Mutter_02
ILC	MBRT_vs_SBRT	HALLMARK_P53_PATHWAY	MSigDB_Hallmark	exploratory	1.0754779704621	0.312638580931264	0.508037694013304	Cdkn1a,Il1a,Sat1,Fos,Bax,Krt17,Atf3,Fas,Bmp2,Inhbb	10	199	39	Mutter_02
ILC	MBRT_vs_SBRT	TypeI_interferon	project	primary	-1.13693841353154	0.324902723735409	0.511967928310341	Ifitm1,Ifitm3,Ifit1,Stat1,Oas2	5	19	7	Mutter_02
ILC	MBRT_vs_SBRT	HALLMARK_KRAS_SIGNALING_UP	MSigDB_Hallmark	exploratory	1.07926893430012	0.339667458432304	0.517028571428571	Il7r,Pdcd1lg2,Cxcr4,Il33,Ptgs2,Csf2,Spp1,Bmp2,Ccl20,Cidea,Fgf9,Inhba,Csf2ra,Pecam1,Cmklr1,Il1b,Ets1	17	203	49	Mutter_02
ILC	MBRT_vs_SBRT	HALLMARK_OXIDATIVE_PHOSPHORYLATION	MSigDB_Hallmark	exploratory	-1.12662658161123	0.348	0.517028571428571	Ldha,Atp5e,Glud1	3	199	4	Mutter_02
ILC	MBRT_vs_SBRT	HALLMARK_PI3K_AKT_MTOR_SIGNALING	MSigDB_Hallmark	exploratory	1.03383180047814	0.417536534446764	0.603108327534215	Cdkn1a,Cxcr4,Smad2	3	105	16	Mutter_02
ILC	MBRT_vs_SBRT	HALLMARK_APICAL_JUNCTION	MSigDB_Hallmark	exploratory	-1.00716048385753	0.444852941176471	0.625198728139905	Itgb4,Mmp9,Itga9,Itga3,Cdh1,Vcam1,Cldn4,Pfn1,Cd34,Col16a1,Cd276,Fyb,Mmp2,Ptk2	14	199	38	Mutter_02
ILC	MBRT_vs_SBRT	HALLMARK_PANCREAS_BETA_CELLS	MSigDB_Hallmark	exploratory	0.963244863415444	0.49601593625498	0.678758649612078	Gcg,Dpp4	2	40	4	Mutter_02
ILC	MBRT_vs_SBRT	HALLMARK_APICAL_SURFACE	MSigDB_Hallmark	exploratory	0.924001883789073	0.55531914893617	0.704307213284899	Il2rb,Efna5,App,Hspb1,Cx3cl1	5	44	10	Mutter_02
ILC	MBRT_vs_SBRT	HALLMARK_IL2_STAT5_SIGNALING	MSigDB_Hallmark	exploratory	-0.948866181198493	0.545918367346939	0.704307213284899	Ahr,Col6a1,Casp3,Xbp1,Cd81,Alcam,Cd44,Il4ra,Tnfrsf4,Ifitm3,Ifngr1,Myc,Il1rl1,Itgav,Sell,Gadd45b,Spry4,Igf1r,Itga6	19	199	58	Mutter_02
ILC	MBRT_vs_SBRT	HALLMARK_UNFOLDED_PROTEIN_RESPONSE	MSigDB_Hallmark	exploratory	-0.945579191988395	0.5489443378119	0.704307213284899	Xbp1,Hsp90b1	2	113	6	Mutter_02
ILC	MBRT_vs_SBRT	HALLMARK_INTERFERON_GAMMA_RESPONSE	MSigDB_Hallmark	exploratory	0.908635821199562	0.663573085846868	0.802469135802469	Cdkn1a,Il2rb,Ptgs2,Cd69,Cd40,Mt2,Ifi44l,Casp8,Nfkbia,Fas,Cd274,H2-M3	12	205	64	Mutter_02
ILC	MBRT_vs_SBRT	HALLMARK_WNT_BETA_CATENIN_SIGNALING	MSigDB_Hallmark	exploratory	-0.852804291137247	0.674285714285714	0.802469135802469	Rbpj,Dll1,Ctnnb1,Notch1,Myc	5	42	15	Mutter_02
ILC	MBRT_vs_SBRT	HALLMARK_XENOBIOTIC_METABOLISM	MSigDB_Hallmark	exploratory	0.849591609098625	0.679012345679012	0.802469135802469	Ddc,Igf1,Reg1,Mt2	4	203	20	Mutter_02
ILC	MBRT_vs_SBRT	HALLMARK_ADIPOGENESIS	MSigDB_Hallmark	exploratory	-0.7081005517484	0.864406779661017	0.965714285714286	Col4a1,Sod1,Ifngr1,Stat5a	4	200	18	Mutter_02
ILC	MBRT_vs_SBRT	HALLMARK_DNA_REPAIR	MSigDB_Hallmark	exploratory	0.680768865883509	0.85	0.965714285714286	Npr2,Tyms	2	150	5	Mutter_02
ILC	MBRT_vs_SBRT	HALLMARK_HEDGEHOG_SIGNALING	MSigDB_Hallmark	exploratory	-0.604496680714572	0.91	0.965714285714286	Adgrg1,Celsr1,Vegfa,Hey1	4	36	4	Mutter_02
ILC	MBRT_vs_SBRT	HALLMARK_REACTIVE_OXYGEN_SPECIES_PATHWAY	MSigDB_Hallmark	exploratory	-0.631629460001243	0.894636015325671	0.965714285714286	Sod1	1	48	5	Mutter_02
ILC	MBRT_vs_SBRT	HALLMARK_SPERMATOGENESIS	MSigDB_Hallmark	exploratory	0.647880775525618	0.898128898128898	0.965714285714286	Il12rb2,Ezh2,Mtor,Ace,Scg5,Cdkn3	6	135	6	Mutter_02
ILC	MBRT_vs_SBRT	HALLMARK_BILE_ACID_METABOLISM	MSigDB_Hallmark	exploratory	0.605597601261379	0.937629937629938	0.975135135135135	Gc,Ar,Apoa1,Ttr	4	112	6	Mutter_02
ILC	MBRT_vs_SBRT	HALLMARK_HEME_METABOLISM	MSigDB_Hallmark	exploratory	-0.525036989223487	0.961612284069098	0.980467426893982	Aqp3	1	194	6	Mutter_02
ILC	MBRT_vs_SBRT	HALLMARK_ALLOGRAFT_REJECTION	MSigDB_Hallmark	exploratory	-0.62028539303364	0.994915254237288	0.994915254237288	Gzmb,Csk,Akt1,Mmp9,Ifngr2,Fasl,Il12rb1,Il4ra,Cd3d,Cd47,B2m,Ifngr1,Ccr2,Eif5a,Cd2	15	201	100	Mutter_02
ILC	SBRT_vs_Ctrl	HALLMARK_EPITHELIAL_MESENCHYMAL_TRANSITION	MSigDB_Hallmark	exploratory	1.88480841060677	9.87846858266471e-05	0.00513680366298565	Col5a1,Acta2,Col1a1,Col5a3,Col12a1,Col3a1,Col1a2,Col6a2,Bgn,Lgals1,Mfap5,Col6a3,Col4a1,Cd44,Areg,Serpinh1,Cxcl3,Thbs2,Emp3,Tgfb1,Tnfrsf12a,Col5a2,Dcn,Itgb5,Gadd45b,Dst,Wnt5a	27	206	72	Mutter_02
ILC	SBRT_vs_Ctrl	HALLMARK_ESTROGEN_RESPONSE_EARLY	MSigDB_Hallmark	exploratory	1.7321157335986	0.00383831059367111	0.0498980377177244	Ccnd1,Krt19,Xbp1,Krt18,Krt8,Cd44,Areg	7	200	33	Mutter_02
ILC	SBRT_vs_Ctrl	HALLMARK_UV_RESPONSE_DN	MSigDB_Hallmark	exploratory	1.73447173812217	0.00327825696022014	0.0498980377177244	Col1a1,Nfkb1,Col3a1,Col1a2,Ldlr,Tgfbr2,Ica1,Fyn,Mapk14,Anxa2,Rxra	11	144	32	Mutter_02
ILC	SBRT_vs_Ctrl	HALLMARK_UV_RESPONSE_UP	MSigDB_Hallmark	exploratory	-1.7912064545903	0.00331064005601754	0.0498980377177244	H2-Q1,Rxrb,Bid,H2-M3,Fgf18,Junb,Fos,Tap1,Atf3,Epcam,Cxcl1	11	158	24	Mutter_02
ILC	SBRT_vs_Ctrl	HALLMARK_E2F_TARGETS	MSigDB_Hallmark	exploratory	1.6427155397696	0.0103590235676049	0.0769527465022075	Mki67,Hmgb2,Stmn1,Pcna,Top2a,Dnmt1	6	200	19	Mutter_02
ILC	SBRT_vs_Ctrl	HALLMARK_G2M_CHECKPOINT	MSigDB_Hallmark	exploratory	1.70132489044753	0.00758475146983091	0.0769527465022075	Ccnd1,Mki67,Stmn1,Nusap1,Top2a,Abl1,Mapk14,Tgfb1,Cenpf	9	198	23	Mutter_02
ILC	SBRT_vs_Ctrl	HALLMARK_MYOGENESIS	MSigDB_Hallmark	exploratory	1.61857815572262	0.00959896162446402	0.0769527465022075	Col1a1,Col3a1,Gsn,Apod,Col6a2,Col15a1,Col6a3,Clu,Tgfb1,Myl7,Itgb5,Gadd45b,Igfbp7	13	201	38	Mutter_02
ILC	SBRT_vs_Ctrl	HALLMARK_MITOTIC_SPINDLE	MSigDB_Hallmark	exploratory	1.6339635684522	0.0134435040959675	0.0873827766237888	Gsn,Nusap1,Top2a,Abl1,Cenpf,Ezr,Dst,Plekhg2	8	199	11	Mutter_02
ILC	SBRT_vs_Ctrl	HALLMARK_INTERFERON_GAMMA_RESPONSE	MSigDB_Hallmark	exploratory	-1.52075359745286	0.0154377738919709	0.0891960269313877	Cdkn1a,Il2rb,Cd69,Ptgs2,Fas,Cd38,Cxcl9,H2-M3,Fpr1,Ifitm2,Ifi44l,Ciita,Klrk1,Cd40,Tap1,Ifi27,Il7,Casp8,Oasl1,Lgals3bp,Irf4,Cd274,Bst2,H2-D1,Stat4	25	205	64	Mutter_02
ILC	SBRT_vs_Ctrl	HALLMARK_ESTROGEN_RESPONSE_LATE	MSigDB_Hallmark	exploratory	1.53642299210192	0.0194678358388097	0.10123274636181	Ccnd1,Krt19,Xbp1,Top2a,Fabp5,Cd44,Areg,Cdh1	8	206	35	Mutter_02
ILC	SBRT_vs_Ctrl	HALLMARK_NOTCH_SIGNALING	MSigDB_Hallmark	exploratory	1.56838532455191	0.0228236864896025	0.107893790678121	Ccnd1,Notch3,Wnt5a,Dll1,Fzd7,Maml2,Fzd5	7	32	12	Mutter_02
ILC	SBRT_vs_Ctrl	HALLMARK_CHOLESTEROL_HOMEOSTASIS	MSigDB_Hallmark	exploratory	1.56641937051824	0.0367397837804345	0.159205729715216	Ldlr,Fabp5,Ctnnb1,Clu,Fasn,Tnfrsf12a	6	75	13	Mutter_02
ILC	SBRT_vs_Ctrl	DNA_Damage_Repair	project	primary	-1.5966963648457	0.0432971464838748	0.173188585935499	Cdkn1a,Bax,Ddit3,Chek2	4	18	10	Mutter_02
ILC	SBRT_vs_Ctrl	HALLMARK_APICAL_SURFACE	MSigDB_Hallmark	exploratory	-1.52244736559568	0.0566893424036281	0.196523053665911	Il2rb,Efna5	2	44	10	Mutter_02
ILC	SBRT_vs_Ctrl	HALLMARK_MYC_TARGETS_V1	MSigDB_Hallmark	exploratory	1.54160166359451	0.0529197080291971	0.196523053665911	Ldha,Pcna,Ppia,Ptges3	4	201	9	Mutter_02
ILC	SBRT_vs_Ctrl	HALLMARK_ANDROGEN_RESPONSE	MSigDB_Hallmark	exploratory	1.45264935073066	0.0718038528896673	0.219635314721335	Ccnd1,Krt19,Krt8,Selenop,Akt1	5	112	17	Mutter_02
ILC	SBRT_vs_Ctrl	HALLMARK_FATTY_ACID_METABOLISM	MSigDB_Hallmark	exploratory	1.48139663648102	0.0677361853832442	0.219635314721335	S100a10,Ldha,Lgals1,Fasn,Mif,Glul	6	157	10	Mutter_02
ILC	SBRT_vs_Ctrl	HALLMARK_GLYCOLYSIS	MSigDB_Hallmark	exploratory	1.45715316731174	0.0764006791171477	0.220713073005093	Col5a1,Ldha,Stmn1,Ier3,Cd44,Ppia,Mif,Dcn	8	200	18	Mutter_02
ILC	SBRT_vs_Ctrl	HALLMARK_COMPLEMENT	MSigDB_Hallmark	exploratory	1.31977596897971	0.125581395348837	0.343696450428397	Gzmb,Pfn1,Fyn,Pdgfb,Clu,Cxcl3,Cd55,Dusp6,C1qc,S100a9,Dusp5,Fcer1g,Jak2,C1qa,Calm3,Src,Timp1,Apoc1,Calm1	19	196	42	Mutter_02
ILC	SBRT_vs_Ctrl	HALLMARK_PANCREAS_BETA_CELLS	MSigDB_Hallmark	exploratory	-1.37056124169446	0.144869215291751	0.376659959758551	Gcg,Dpp4	2	40	4	Mutter_02
ILC	SBRT_vs_Ctrl	HALLMARK_COAGULATION	MSigDB_Hallmark	exploratory	1.2751835857298	0.1536	0.380342857142857	Gsn,Mmp9,Pf4,Fyn,Pdgfb,Clu,Dusp6,Rac1,Anxa1,C1qa,Cd9,Timp1,Apoc1	13	139	26	Mutter_02
ILC	SBRT_vs_Ctrl	HALLMARK_SPERMATOGENESIS	MSigDB_Hallmark	exploratory	-1.27114743858689	0.198177676537585	0.468419962725202	Ace,Il12rb2,Scg5,Cdkn3,Ezh2,Mtor	6	135	6	Mutter_02
ILC	SBRT_vs_Ctrl	HALLMARK_APOPTOSIS	MSigDB_Hallmark	exploratory	1.16701924584907	0.234442836468886	0.480701754385965	Ccnd1,Gsn,Hmgb2,Krt18,Lmna,Bgn,Ier3,Top2a,Cd44,Ctnnb1,Il1b,Clu,Gpx1,Tnfrsf12a,Fasl,Anxa1,Dcn,Gadd45b	18	160	64	Mutter_02
ILC	SBRT_vs_Ctrl	HALLMARK_MTORC1_SIGNALING	MSigDB_Hallmark	exploratory	1.18699927758985	0.240350877192982	0.480701754385965	Xbp1,Ldlr,Ldha,Ppia,Serpinh1	5	201	14	Mutter_02
ILC	SBRT_vs_Ctrl	HALLMARK_UNFOLDED_PROTEIN_RESPONSE	MSigDB_Hallmark	exploratory	1.23295540181872	0.230905861456483	0.480701754385965	Xbp1,Ccl2	2	113	6	Mutter_02
ILC	SBRT_vs_Ctrl	TypeII_interferon	project	primary	-1.22296825460803	0.236607142857143	0.480701754385965	Cxcl9,Ciita	2	17	8	Mutter_02
ILC	SBRT_vs_Ctrl	HALLMARK_IL2_STAT5_SIGNALING	MSigDB_Hallmark	exploratory	1.10358407851779	0.298816568047337	0.575498575498576	Il4ra,Xbp1,Itga6,Col6a1,Spry4,Cd44,Sell,Cd81,Cd48,Ahr,Tnfrsf4	11	199	58	Mutter_02
ILC	SBRT_vs_Ctrl	HALLMARK_ADIPOGENESIS	MSigDB_Hallmark	exploratory	1.10302386246153	0.33446519524618	0.599730694924185	Stat5a,Col15a1,Col4a1,Fabp4	4	200	18	Mutter_02
ILC	SBRT_vs_Ctrl	HALLMARK_PEROXISOME	MSigDB_Hallmark	exploratory	1.14432259297765	0.330693069306931	0.599730694924185	Top2a	1	102	4	Mutter_02
ILC	SBRT_vs_Ctrl	HALLMARK_PROTEIN_SECRETION	MSigDB_Hallmark	exploratory	1.08048834097538	0.357664233576642	0.619951338199513	Krt18,Ica1	2	96	9	Mutter_02
ILC	SBRT_vs_Ctrl	HALLMARK_INTERFERON_ALPHA_RESPONSE	MSigDB_Hallmark	exploratory	1.0054024871063	0.448657187993681	0.75258625082811	Il4ra,Ifitm1,Sell,Lamp3,Ifih1	5	100	23	Mutter_02
ILC	SBRT_vs_Ctrl	HALLMARK_ALLOGRAFT_REJECTION	MSigDB_Hallmark	exploratory	-0.983110904610046	0.515384615384615	0.769230769230769	Il2rb,Il12rb1,Fas,Tap2,H2-T23,Cd28,Cxcl9,H2-M3,Itk,Ltb,Prf1,Tlr1,Il12a,Il2,Ets1,Tlr2,Itgal,Cd40,Ccl19,Inhba,Itgb2,Cd8b1,H2-DMb1	23	201	100	Mutter_02
ILC	SBRT_vs_Ctrl	HALLMARK_HYPOXIA	MSigDB_Hallmark	exploratory	0.964134806789047	0.508661417322835	0.769230769230769	Col5a1,Ldha,Bgn,Ier3,S100a4,Pdgfb,Anxa2,Mif,Rbpj,Dcn	10	200	39	Mutter_02
ILC	SBRT_vs_Ctrl	HALLMARK_IL6_JAK_STAT3_SIGNALING	MSigDB_Hallmark	exploratory	0.962213476781054	0.517751479289941	0.769230769230769	Il4ra,Ifngr2,Ifnar1,Pf4,Cd44,Il1r1,Ccr1,Tnfrsf1a,Il1b,Cxcl3,Tyk2,Tgfb1,Tnfrsf12a,Il10rb,Il3ra	15	88	55	Mutter_02
ILC	SBRT_vs_Ctrl	HALLMARK_P53_PATHWAY	MSigDB_Hallmark	exploratory	-0.973043611087748	0.487738419618529	0.769230769230769	Cdkn1a,Bax,Sat1,Fas,Tm4sf1,Il1a,Ddit3	7	199	39	Mutter_02
ILC	SBRT_vs_Ctrl	HALLMARK_DNA_REPAIR	MSigDB_Hallmark	exploratory	-0.935665389772758	0.553610503282276	0.798715547230399	Npr2,Tyms	2	150	5	Mutter_02
ILC	SBRT_vs_Ctrl	HALLMARK_OXIDATIVE_PHOSPHORYLATION	MSigDB_Hallmark	exploratory	0.931388813244605	0.568316831683168	0.798715547230399	Ldha,Glud1,Atp5e	3	199	4	Mutter_02
ILC	SBRT_vs_Ctrl	HALLMARK_ANGIOGENESIS	MSigDB_Hallmark	exploratory	0.905674723109625	0.595	0.813272093759899	Col3a1,S100a4,Pf4	3	36	19	Mutter_02
ILC	SBRT_vs_Ctrl	HALLMARK_PI3K_AKT_MTOR_SIGNALING	MSigDB_Hallmark	exploratory	-0.887524525471765	0.633410672853828	0.813272093759899	Cdkn1a,Ddit3,Cxcr4,Smad2	4	105	16	Mutter_02
ILC	SBRT_vs_Ctrl	HALLMARK_TGF_BETA_SIGNALING	MSigDB_Hallmark	exploratory	0.875074574784996	0.6331569664903	0.813272093759899	Ifngr2,Hdac1,Cdh1,Ctnnb1,Tgfb1	5	54	15	Mutter_02
ILC	SBRT_vs_Ctrl	HALLMARK_XENOBIOTIC_METABOLISM	MSigDB_Hallmark	exploratory	0.853758845378129	0.641233766233766	0.813272093759899	Arg1,Il1r1,Tnfrsf1a,Ptges3	4	203	20	Mutter_02
ILC	SBRT_vs_Ctrl	TypeI_interferon	project	primary	0.850666460235191	0.660682226211849	0.817987518167051	Ifitm1	1	19	7	Mutter_02
ILC	SBRT_vs_Ctrl	HALLMARK_KRAS_SIGNALING_DN	MSigDB_Hallmark	exploratory	-0.836070647024212	0.711864406779661	0.841294298921418	Ifi44l,Tcl1,Fgfr3,Krt4,Krt1,Pdcd1,Il12b,Cd80,Ifng,Tgfb2	10	202	18	Mutter_02
ILC	SBRT_vs_Ctrl	HALLMARK_KRAS_SIGNALING_UP	MSigDB_Hallmark	exploratory	-0.881379117834903	0.703125	0.841294298921418	Ptgs2,Csf2,Tnfrsf1b,Cxcr4,Ets1,Ace,Fgf9,Spp1,Inhba,Itgb2,Sox9,Pecam1,Il33,Spry2,Etv4,Ccl20	16	203	49	Mutter_02
ILC	SBRT_vs_Ctrl	HALLMARK_TNFA_SIGNALING_VIA_NFKB	MSigDB_Hallmark	exploratory	0.822834411728542	0.777460770328103	0.898399112379141	Ccnd1,Nfkb1,Ldlr,Ifngr2,Stat5a,Ier3,Cd44,Areg,Il1b,Cxcl3,Ccl2,Ifih1	12	199	76	Mutter_02
ILC	SBRT_vs_Ctrl	HALLMARK_HEDGEHOG_SIGNALING	MSigDB_Hallmark	exploratory	0.711750950746471	0.813861386138614	0.920017219113216	Adgrg1	1	36	4	Mutter_02
ILC	SBRT_vs_Ctrl	HALLMARK_INFLAMMATORY_RESPONSE	MSigDB_Hallmark	exploratory	0.798153116683755	0.846473029045643	0.936523351284541	Il4ra,Nfkb1,Ldlr,Ifitm1,Ifngr2,Ifnar1,Sell,Il1r1,Lamp3,Cd48,Il1b,Ahr,Ccl2,Cd55,Emp3	15	201	86	Mutter_02
ILC	SBRT_vs_Ctrl	HALLMARK_APICAL_JUNCTION	MSigDB_Hallmark	exploratory	0.73500746618781	0.870253164556962	0.937938729022361	Mmp9,Pfn1,Cdh1,Mapk14,Itga9,Cd34,Src,Fyb,Itga3,Syk,Itga2,Col16a1,Myl9,Ptprc,Vwf,Rac2,Col17a1	17	199	38	Mutter_02
ILC	SBRT_vs_Ctrl	HALLMARK_BILE_ACID_METABOLISM	MSigDB_Hallmark	exploratory	-0.652144495829265	0.883826879271071	0.937938729022361	Apoa1,Gc,Sod1,Ttr	4	112	6	Mutter_02
ILC	SBRT_vs_Ctrl	HALLMARK_WNT_BETA_CATENIN_SIGNALING	MSigDB_Hallmark	exploratory	0.60800125533971	0.931216931216931	0.968465608465609	Ctnnb1,Rbpj,Dll1	3	42	15	Mutter_02
ILC	SBRT_vs_Ctrl	HALLMARK_HEME_METABOLISM	MSigDB_Hallmark	exploratory	0.516404284312652	0.975133214920071	0.985321100917431	Slc2a1,Epor,Aqp3,Nr3c1,Myl4,Lamp2	6	194	6	Mutter_02
ILC	SBRT_vs_Ctrl	HALLMARK_REACTIVE_OXYGEN_SPECIES_PATHWAY	MSigDB_Hallmark	exploratory	0.498037208977245	0.985321100917431	0.985321100917431	Fes	1	48	5	Mutter_02
Ly6Chi.blood.monocytes	MBRT_vs_Ctrl	HALLMARK_INFLAMMATORY_RESPONSE	MSigDB_Hallmark	exploratory	1.4773821623462	0.0122087056423233	0.622643987758487	Il4ra,Msr1,Rgs1,Il10ra,Ccl2,Lamp3,Il1a,Il18,Itga5,Nlrp3,Cdkn1a,Acvr2a,Nfkbia,Il1b,Gpr183,Osm,Cxcl5,Tnfrsf9,Ahr,Fzd5,Best1,Lyn,Cd48,Cd14,Itgb8,Il7r,Il15,Cmklr1	28	201	74	Mutter_02
Ly6Chi.blood.monocytes	MBRT_vs_Ctrl	HALLMARK_ADIPOGENESIS	MSigDB_Hallmark	exploratory	-1.30926079544012	0.1364522417154	0.63264221158958	Pparg,Ifngr1,Sod1,Sorbs1	4	200	14	Mutter_02
Ly6Chi.blood.monocytes	MBRT_vs_Ctrl	HALLMARK_ALLOGRAFT_REJECTION	MSigDB_Hallmark	exploratory	1.23986855042838	0.0950413223140496	0.63264221158958	Srgn,Ccr5,Il4ra,Fasl,Pf4,Ccl2,Ccr1,Il18,Nlrp3,Acvr2a,Gzmb,Ccl11,Fyb,Ccr2,Il1b,Mmp9,Ptprc,Tnf,Cd2,Ccl4	20	201	81	Mutter_02
Ly6Chi.blood.monocytes	MBRT_vs_Ctrl	HALLMARK_APICAL_SURFACE	MSigDB_Hallmark	exploratory	-1.3882647125304	0.103238866396761	0.63264221158958	Gata3,Ephb4,Il2rb,Brca1	4	44	9	Mutter_02
Ly6Chi.blood.monocytes	MBRT_vs_Ctrl	HALLMARK_FATTY_ACID_METABOLISM	MSigDB_Hallmark	exploratory	1.41459173542672	0.108267716535433	0.63264221158958	Ldha,S100a10,Lgals1,Mif	4	157	9	Mutter_02
Ly6Chi.blood.monocytes	MBRT_vs_Ctrl	HALLMARK_KRAS_SIGNALING_DN	MSigDB_Hallmark	exploratory	-1.3546049246152	0.125506072874494	0.63264221158958	Krt15,Fgfr3,Krt1,Ifi44l,Tgfb2,Cpb1	6	202	9	Mutter_02
Ly6Chi.blood.monocytes	MBRT_vs_Ctrl	HALLMARK_OXIDATIVE_PHOSPHORYLATION	MSigDB_Hallmark	exploratory	1.36938708580163	0.105590062111801	0.63264221158958	Ldha	1	199	4	Mutter_02
Ly6Chi.blood.monocytes	MBRT_vs_Ctrl	HALLMARK_PI3K_AKT_MTOR_SIGNALING	MSigDB_Hallmark	exploratory	1.29395186952674	0.136363636363636	0.63264221158958	Pfn1,Fasl,Cdkn1a	3	105	15	Mutter_02
Ly6Chi.blood.monocytes	MBRT_vs_Ctrl	HALLMARK_TNFA_SIGNALING_VIA_NFKB	MSigDB_Hallmark	exploratory	1.35215223549337	0.0554414784394251	0.63264221158958	Ccl2,Areg,Ccnd1,Il1a,Il18,Cdkn1a,Dusp5,Cd83,Nfkbia,Il1b,Gpr183,Cxcl5,Tnf,Stat5a,Tnfrsf9,Ccl4,Ifih1,Ier3	18	199	64	Mutter_02
Ly6Chi.blood.monocytes	MBRT_vs_Ctrl	HALLMARK_UV_RESPONSE_UP	MSigDB_Hallmark	exploratory	-1.30763520603657	0.124271844660194	0.63264221158958	Epcam,Casp3,Junb,H2-Q1,Sqstm1,Bid	6	158	21	Mutter_02
Ly6Chi.blood.monocytes	MBRT_vs_Ctrl	TypeII_interferon	project	primary	-1.41657568919574	0.0948616600790514	0.63264221158958	Ciita,H2-Eb1,Stat1,Cxcl9,H2-Ab1	5	17	8	Mutter_02
Ly6Chi.blood.monocytes	MBRT_vs_Ctrl	HALLMARK_BILE_ACID_METABOLISM	MSigDB_Hallmark	exploratory	-1.27513292320588	0.175337186897881	0.666804293971924	Apoa1,Sod1	2	112	4	Mutter_02
Ly6Chi.blood.monocytes	MBRT_vs_Ctrl	HALLMARK_REACTIVE_OXYGEN_SPECIES_PATHWAY	MSigDB_Hallmark	exploratory	-1.26735775473058	0.183044315992293	0.666804293971924	Sod1,Junb	2	48	4	Mutter_02
Ly6Chi.blood.monocytes	MBRT_vs_Ctrl	HALLMARK_XENOBIOTIC_METABOLISM	MSigDB_Hallmark	exploratory	1.27796838880445	0.163223140495868	0.666804293971924	Arg1,Apoe,Igf1,Ppard,Mt2	5	203	10	Mutter_02
Ly6Chi.blood.monocytes	MBRT_vs_Ctrl	HALLMARK_ESTROGEN_RESPONSE_LATE	MSigDB_Hallmark	exploratory	1.19286264178792	0.209255533199195	0.701149425287356	Fabp5,Areg,Ccnd1,Celsr2,Cdh1,Dhrs2,Cav1,Ltf,Zfp36,S100a9,Cd44	11	206	26	Mutter_02
Ly6Chi.blood.monocytes	MBRT_vs_Ctrl	HALLMARK_INTERFERON_GAMMA_RESPONSE	MSigDB_Hallmark	exploratory	-1.14771228412673	0.232558139534884	0.701149425287356	Ifi27,Ciita,Ifitm2,Casp3,H2-D1,Fpr1,Cd40,Bst2,H2-Eb1,Ifi44l,Il2rb,Cd69,Nlrc5,Stat1,Ifitm3,Stat3,Cxcl9,Cd86,Jak2,B2m,Arid5b,Gzma	22	205	57	Mutter_02
Ly6Chi.blood.monocytes	MBRT_vs_Ctrl	HALLMARK_NOTCH_SIGNALING	MSigDB_Hallmark	exploratory	1.18463172229553	0.247464503042596	0.701149425287356	Ccnd1,Ppard,Wnt5a,Fzd5,Fzd7,Notch1	6	32	11	Mutter_02
Ly6Chi.blood.monocytes	MBRT_vs_Ctrl	HALLMARK_PEROXISOME	MSigDB_Hallmark	exploratory	-1.22365718151317	0.243713733075435	0.701149425287356	Sod1,Msh2,Top2a	3	102	3	Mutter_02
Ly6Chi.blood.monocytes	MBRT_vs_Ctrl	HALLMARK_COAGULATION	MSigDB_Hallmark	exploratory	-1.12154749461106	0.294466403162055	0.76252427184466	Thbs1,Apoa1,Fn1,Dpp4	4	139	24	Mutter_02
Ly6Chi.blood.monocytes	MBRT_vs_Ctrl	HALLMARK_INTERFERON_ALPHA_RESPONSE	MSigDB_Hallmark	exploratory	-1.13063362247273	0.299029126213592	0.76252427184466	Ifi27,Ifitm2,Cd47,Bst2,Ifi44l	5	100	22	Mutter_02
Ly6Chi.blood.monocytes	MBRT_vs_Ctrl	HALLMARK_SPERMATOGENESIS	MSigDB_Hallmark	exploratory	-1.14428905283583	0.317919075144509	0.772089182493807	Ace,Scg5	2	135	4	Mutter_02
Ly6Chi.blood.monocytes	MBRT_vs_Ctrl	HALLMARK_APOPTOSIS	MSigDB_Hallmark	exploratory	1.05520239443322	0.344398340248963	0.786965598620314	Fasl,Ccnd1,Il1a,Il18,Cdkn1a,Hgf,Lgals3,Lum,Il1b,Tnf,Ctnnb1,Cd2,Cav1,Ier3,Gpx3,Hmgb2,Ddit3,Igf2r,Cd14	19	160	56	Mutter_02
Ly6Chi.blood.monocytes	MBRT_vs_Ctrl	HALLMARK_UNFOLDED_PROTEIN_RESPONSE	MSigDB_Hallmark	exploratory	1.08180265162124	0.35490605427975	0.786965598620314	Ccl2	1	113	6	Mutter_02
Ly6Chi.blood.monocytes	MBRT_vs_Ctrl	HALLMARK_G2M_CHECKPOINT	MSigDB_Hallmark	exploratory	1.02616507227431	0.40041067761807	0.816837782340862	Cenpf,Ccnd1,Stmn1,Mki67,Mt2,Abl1	6	198	21	Mutter_02
Ly6Chi.blood.monocytes	MBRT_vs_Ctrl	HALLMARK_HYPOXIA	MSigDB_Hallmark	exploratory	1.02094094986586	0.395209580838323	0.816837782340862	Ldha,Cdkn1a,Col5a1,Pgf,Vhl,Cav1,Ier3,Mt2,Ddit3,Pdgfb,Zfp36,Mif,Nr3c1	13	200	36	Mutter_02
Ly6Chi.blood.monocytes	MBRT_vs_Ctrl	HALLMARK_CHOLESTEROL_HOMEOSTASIS	MSigDB_Hallmark	exploratory	-0.957246210076981	0.522504892367906	0.825447457026404	Pparg,Alcam	2	75	13	Mutter_02
Ly6Chi.blood.monocytes	MBRT_vs_Ctrl	HALLMARK_COMPLEMENT	MSigDB_Hallmark	exploratory	0.983393750204031	0.461697722567288	0.825447457026404	Pfn1,Calm1,C1qc,Dusp5,Gzmb,Lgals3,Fyn,Mmp12,C1qa,Ltf,Lyn,Pdgfb	12	196	34	Mutter_02
Ly6Chi.blood.monocytes	MBRT_vs_Ctrl	HALLMARK_GLYCOLYSIS	MSigDB_Hallmark	exploratory	-0.99947989703303	0.457142857142857	0.825447457026404	Sox9,Sod1,Il13ra1,Igfbp3	4	200	17	Mutter_02
Ly6Chi.blood.monocytes	MBRT_vs_Ctrl	HALLMARK_KRAS_SIGNALING_UP	MSigDB_Hallmark	exploratory	-0.960160900157918	0.532416502946955	0.825447457026404	Slpi,Ace,Sox9,Spry2,Ets1,Igfbp3,Scg5	7	203	38	Mutter_02
Ly6Chi.blood.monocytes	MBRT_vs_Ctrl	HALLMARK_MTORC1_SIGNALING	MSigDB_Hallmark	exploratory	0.997865234293242	0.456211812627291	0.825447457026404	Ldha,Cdkn1a,Serpinh1,Ddit3	4	201	13	Mutter_02
Ly6Chi.blood.monocytes	MBRT_vs_Ctrl	HALLMARK_P53_PATHWAY	MSigDB_Hallmark	exploratory	-0.975773403308611	0.493256262042389	0.825447457026404	Itgb4,Tm4sf1,Tnfsf9,Krt17,Tsc22d1,Rack1,Pdgfa,Jun,Rb1,Sfn	10	199	34	Mutter_02
Ly6Chi.blood.monocytes	MBRT_vs_Ctrl	HALLMARK_PROTEIN_SECRETION	MSigDB_Hallmark	exploratory	-0.978055503078148	0.49802371541502	0.825447457026404	Sod1	1	96	8	Mutter_02
Ly6Chi.blood.monocytes	MBRT_vs_Ctrl	HALLMARK_TGF_BETA_SIGNALING	MSigDB_Hallmark	exploratory	-0.947550633589211	0.53411306042885	0.825447457026404	Thbs1,Junb,Hdac1,Eng	4	54	14	Mutter_02
Ly6Chi.blood.monocytes	MBRT_vs_Ctrl	HALLMARK_IL2_STAT5_SIGNALING	MSigDB_Hallmark	exploratory	-0.916041674575249	0.624513618677043	0.936770428015564	Ifngr1,Alcam,Flt3l,Casp3,Itgav,Igf1r,Il2rb,Col6a1,Itga6	9	199	49	Mutter_02
Ly6Chi.blood.monocytes	MBRT_vs_Ctrl	HALLMARK_ANDROGEN_RESPONSE	MSigDB_Hallmark	exploratory	-0.83515061502637	0.700952380952381	0.97314084270606	Itgav,Tsc22d1,Fkbp5,Mertk,Lifr,B2m,Arid5b,Ndrg1,Myl12a,Krt8	10	112	17	Mutter_02
Ly6Chi.blood.monocytes	MBRT_vs_Ctrl	HALLMARK_HEDGEHOG_SIGNALING	MSigDB_Hallmark	exploratory	0.823460775707616	0.706004140786749	0.97314084270606	Adgrg1	1	36	4	Mutter_02
Ly6Chi.blood.monocytes	MBRT_vs_Ctrl	HALLMARK_WNT_BETA_CATENIN_SIGNALING	MSigDB_Hallmark	exploratory	-0.819492112269054	0.698630136986301	0.97314084270606	Wnt5b,Hey1,Hdac5,Jag1,Fzd1,Myc	6	42	13	Mutter_02
Ly6Chi.blood.monocytes	MBRT_vs_Ctrl	HALLMARK_ANGIOGENESIS	MSigDB_Hallmark	exploratory	0.785520272390409	0.770661157024794	0.97632008709853	Pf4,Lum,Cxcl5	3	36	15	Mutter_02
Ly6Chi.blood.monocytes	MBRT_vs_Ctrl	HALLMARK_APICAL_JUNCTION	MSigDB_Hallmark	exploratory	0.761556921731424	0.842315369261477	0.97632008709853	Pfn1,Cd274,Fyb,Mmp9,Ptprc,Cdh1	6	199	32	Mutter_02
Ly6Chi.blood.monocytes	MBRT_vs_Ctrl	HALLMARK_EPITHELIAL_MESENCHYMAL_TRANSITION	MSigDB_Hallmark	exploratory	0.817997247704925	0.831275720164609	0.97632008709853	Areg,Acta2,Snai2,Col12a1,Col6a3,Itga5,Col1a1,Col5a1,Lum	9	206	60	Mutter_02
Ly6Chi.blood.monocytes	MBRT_vs_Ctrl	HALLMARK_HEME_METABOLISM	MSigDB_Hallmark	exploratory	0.716179411565577	0.818181818181818	0.97632008709853	Nr3c1,Slc2a1,Myl4,Lamp2,Aqp3	5	194	5	Mutter_02
Ly6Chi.blood.monocytes	MBRT_vs_Ctrl	HALLMARK_MYOGENESIS	MSigDB_Hallmark	exploratory	-0.771017718121812	0.828516377649326	0.97632008709853	Itgb4,Igfbp3,Sorbs1,Cfd,Col4a2,Tnnc1,Myh11,Rb1	8	201	34	Mutter_02
Ly6Chi.blood.monocytes	MBRT_vs_Ctrl	HALLMARK_UV_RESPONSE_DN	MSigDB_Hallmark	exploratory	0.775773516667408	0.821643286573146	0.97632008709853	Snai2,Acvr2a,Col1a1,Rxra,Fyn,Cav1,Tgfbr2,Nr3c1,Col1a2	9	144	28	Mutter_02
Ly6Chi.blood.monocytes	MBRT_vs_Ctrl	TypeI_interferon	project	primary	-0.730494053928596	0.821497120921305	0.97632008709853	Stat1,Ifitm3	2	19	7	Mutter_02
Ly6Chi.blood.monocytes	MBRT_vs_Ctrl	DNA_Damage_Repair	project	primary	-0.520906431832941	0.972972972972973	0.994328922495274	Brca1,Atr	2	18	10	Mutter_02
Ly6Chi.blood.monocytes	MBRT_vs_Ctrl	HALLMARK_DNA_REPAIR	MSigDB_Hallmark	exploratory	-0.64011488286368	0.892249527410208	0.994328922495274	Tyms,Nt5c3,Trp53	3	150	5	Mutter_02
Ly6Chi.blood.monocytes	MBRT_vs_Ctrl	HALLMARK_E2F_TARGETS	MSigDB_Hallmark	exploratory	-0.501489383704748	0.994328922495274	0.994328922495274	Tubb5,Brca1,Pttg1,Msh2,Top2a,Ezh2,Myc	7	200	18	Mutter_02
Ly6Chi.blood.monocytes	MBRT_vs_Ctrl	HALLMARK_ESTROGEN_RESPONSE_EARLY	MSigDB_Hallmark	exploratory	0.601441422250409	0.98	0.994328922495274	Areg,Ccnd1,Celsr2,Dhrs2	4	200	25	Mutter_02
Ly6Chi.blood.monocytes	MBRT_vs_Ctrl	HALLMARK_IL6_JAK_STAT3_SIGNALING	MSigDB_Hallmark	exploratory	0.696142356354795	0.943396226415094	0.994328922495274	Il4ra,Pf4,Ccr1,Il10rb,Il1b,Tnf,Tyk2	7	88	44	Mutter_02
Ly6Chi.blood.monocytes	MBRT_vs_Ctrl	HALLMARK_MITOTIC_SPINDLE	MSigDB_Hallmark	exploratory	0.584585280315478	0.955375253549696	0.994328922495274	Cenpf	1	199	11	Mutter_02
Ly6Chi.blood.monocytes	MBRT_vs_Ctrl	HALLMARK_MYC_TARGETS_V1	MSigDB_Hallmark	exploratory	0.595811090350574	0.946850393700787	0.994328922495274	Ldha	1	201	9	Mutter_02
Ly6Chi.blood.monocytes	MBRT_vs_SBRT	HALLMARK_G2M_CHECKPOINT	MSigDB_Hallmark	exploratory	-2.36528705846873	5.95881719075303e-06	0.000303899676728405	Top2a,Mki67,Nusap1,Stmn1,Ube2c,Pttg1,Ccnd1,Birc5,Ezh2	9	198	21	Mutter_02
Ly6Chi.blood.monocytes	MBRT_vs_SBRT	HALLMARK_INFLAMMATORY_RESPONSE	MSigDB_Hallmark	exploratory	1.75442230644888	0.000748836330431861	0.0190953264260125	Cdkn1a,Best1,Nfkbia,Ccl5,Rgs1,Tnfrsf1b,Ccrl2,Lamp3,Il10ra,Tnfrsf9,Il1a,Met,Mmp14,Nlrp3,Cd14,Il2rb,Cd40,Il15ra,Tlr2,Il18,Icosl,Osmr,Il18r1,Itga5,Timp1,Nod2,Cd69	27	201	74	Mutter_02
Ly6Chi.blood.monocytes	MBRT_vs_SBRT	HALLMARK_E2F_TARGETS	MSigDB_Hallmark	exploratory	-1.9178490790176	0.00269518182458429	0.045818091017933	Top2a,Hmgb2,Mki67,Stmn1,Pttg1,Birc5,Ezh2,Pcna,Tubb5	9	200	18	Mutter_02
Ly6Chi.blood.monocytes	MBRT_vs_SBRT	HALLMARK_PEROXISOME	MSigDB_Hallmark	exploratory	-1.57940360833722	0.00900681649705438	0.114836910337443	Top2a,Sod1	2	102	3	Mutter_02
Ly6Chi.blood.monocytes	MBRT_vs_SBRT	HALLMARK_TNFA_SIGNALING_VIA_NFKB	MSigDB_Hallmark	exploratory	1.51048840561064	0.015901071067438	0.162190924887868	Cdkn1a,Nfkbia,Cd83,Ccl5,Sat1,Ccrl2,Ccl4,Dusp1,Tnfrsf9,Il1a,Il15ra,Tlr2,Il18,Icosl,Tnf,Areg,Cd69,Rigi,Csf2,Ackr3	20	199	64	Mutter_02
Ly6Chi.blood.monocytes	MBRT_vs_SBRT	DNA_Damage_Repair	project	primary	1.62022161689612	0.0277636294254297	0.165571468231897	Cdkn1a,Bax,Ddit3	3	18	10	Mutter_02
Ly6Chi.blood.monocytes	MBRT_vs_SBRT	HALLMARK_ESTROGEN_RESPONSE_EARLY	MSigDB_Hallmark	exploratory	-1.52925139467365	0.03163565913289	0.165571468231897	Krt8,Krt18,Ccnd1,Xbp1,Igf1r,Jak2,Sfn,Krt15,Celsr1,Aqp3,Myc,Krt19,Cd44	13	200	25	Mutter_02
Ly6Chi.blood.monocytes	MBRT_vs_SBRT	HALLMARK_MITOTIC_SPINDLE	MSigDB_Hallmark	exploratory	-1.62174192653368	0.0324649937709603	0.165571468231897	Top2a,Nusap1,Ezr,Birc5	4	199	11	Mutter_02
Ly6Chi.blood.monocytes	MBRT_vs_SBRT	HALLMARK_PROTEIN_SECRETION	MSigDB_Hallmark	exploratory	-1.56770553442768	0.0284890365593333	0.165571468231897	Ica1,Krt18,Sod1	3	96	8	Mutter_02
Ly6Chi.blood.monocytes	MBRT_vs_SBRT	HALLMARK_REACTIVE_OXYGEN_SPECIES_PATHWAY	MSigDB_Hallmark	exploratory	-1.52201458455589	0.0279939847983579	0.165571468231897	Sod1,Fes,Junb	3	48	4	Mutter_02
Ly6Chi.blood.monocytes	MBRT_vs_SBRT	HALLMARK_INTERFERON_GAMMA_RESPONSE	MSigDB_Hallmark	exploratory	1.37905527735999	0.0602189781021898	0.260123499142979	Cdkn1a,Vcam1,Nfkbia,Ccl5,Irf4,Il10ra,Casp8,Il2rb,Cd40,Il15ra,Oasl1,Cd274,Klrk1,H2-Aa,Cd69,Rigi,Mt2,H2-Eb1,Cxcl9,Cd74	20	205	57	Mutter_02
Ly6Chi.blood.monocytes	MBRT_vs_SBRT	HALLMARK_MYC_TARGETS_V1	MSigDB_Hallmark	exploratory	-1.5511955501776	0.0612055292101128	0.260123499142979	Ppia,Pcna,Rack1,H2az1,Myc,Ptges3,Ldha,Hsp90ab1	8	201	9	Mutter_02
Ly6Chi.blood.monocytes	MBRT_vs_SBRT	HALLMARK_PI3K_AKT_MTOR_SIGNALING	MSigDB_Hallmark	exploratory	1.40265526524328	0.094876660341556	0.372208436724566	Cdkn1a,Cxcr4,Ddit3,Il2rg	4	105	15	Mutter_02
Ly6Chi.blood.monocytes	MBRT_vs_SBRT	HALLMARK_ESTROGEN_RESPONSE_LATE	MSigDB_Hallmark	exploratory	-1.31715226811207	0.120331950207469	0.434586466165414	Top2a,Ccnd1,Xbp1,Cd9,Jak2,Sfn,Tnnc1,Cxcl14,Cav1,Krt19,Cd44,Fgfr3,Dusp2	13	206	26	Mutter_02
Ly6Chi.blood.monocytes	MBRT_vs_SBRT	TypeII_interferon	project	primary	1.3794659635768	0.12781954887218	0.434586466165414	H2-Ab1,H2-Aa,H2-Eb1,Cxcl9,Cd74,Ciita	6	17	8	Mutter_02
Ly6Chi.blood.monocytes	MBRT_vs_SBRT	HALLMARK_ADIPOGENESIS	MSigDB_Hallmark	exploratory	-1.2959143594406	0.172268907563025	0.488095238095238	Sorbs1,Col4a1,Ifngr1,Sod1,Pparg	5	200	14	Mutter_02
Ly6Chi.blood.monocytes	MBRT_vs_SBRT	HALLMARK_ALLOGRAFT_REJECTION	MSigDB_Hallmark	exploratory	1.20801398311661	0.162705667276051	0.488095238095238	Fgr,Ccl5,Ccl11,Il27ra,Irf4,Ccl4,Itgal,Il2rg,H2-DMb1,Nlrp3,Il2rb,Cd40,Ifng,Tlr2,Il18,Inhbb,Icosl,Tnf,H2-Aa,Timp1,Ccl19,Srgn,Ccr2,Cd3e,Cd8a,H2-T23,Cxcl9,Cd74,Krt1	29	201	81	Mutter_02
Ly6Chi.blood.monocytes	MBRT_vs_SBRT	HALLMARK_ANDROGEN_RESPONSE	MSigDB_Hallmark	exploratory	-1.27214897071447	0.171487603305785	0.488095238095238	Krt8,Selenop,Ccnd1,B2m,Akt1,Tsc22d1,Arid5b,Itgav,Krt19	9	112	17	Mutter_02
Ly6Chi.blood.monocytes	MBRT_vs_SBRT	HALLMARK_ANGIOGENESIS	MSigDB_Hallmark	exploratory	1.18496857143032	0.235294117647059	0.531019522776573	Lum,Tnfrsf21,Spp1,Timp1	4	36	15	Mutter_02
Ly6Chi.blood.monocytes	MBRT_vs_SBRT	HALLMARK_APOPTOSIS	MSigDB_Hallmark	exploratory	-1.11633789729687	0.251626898047722	0.531019522776573	Top2a,Hmgb2,Clu,Casp3,Krt18,Ccnd1,Ifngr1,Rela,Sod1,Lmna	10	160	56	Mutter_02
Ly6Chi.blood.monocytes	MBRT_vs_SBRT	HALLMARK_CHOLESTEROL_HOMEOSTASIS	MSigDB_Hallmark	exploratory	-1.17933387935426	0.260303687635575	0.531019522776573	Clu,Ldlr,Cd9,Pparg,Alcam,Ctnnb1	6	75	13	Mutter_02
Ly6Chi.blood.monocytes	MBRT_vs_SBRT	HALLMARK_GLYCOLYSIS	MSigDB_Hallmark	exploratory	-1.19609308550081	0.227272727272727	0.531019522776573	Stmn1,Igfbp3,Ppia,Sod1	4	200	17	Mutter_02
Ly6Chi.blood.monocytes	MBRT_vs_SBRT	HALLMARK_KRAS_SIGNALING_UP	MSigDB_Hallmark	exploratory	1.14146281804538	0.246296296296296	0.531019522776573	Cidea,Tnfrsf1b,Cxcr4,Il10ra,Cd37,Il2rg,Pdcd1lg2,Spp1,Csf2	9	203	38	Mutter_02
Ly6Chi.blood.monocytes	MBRT_vs_SBRT	HALLMARK_P53_PATHWAY	MSigDB_Hallmark	exploratory	1.15471051283856	0.239622641509434	0.531019522776573	Cdkn1a,Bax,Sat1,Ddit3,Il1a,Notch1,Inhbb	7	199	34	Mutter_02
Ly6Chi.blood.monocytes	MBRT_vs_SBRT	HALLMARK_SPERMATOGENESIS	MSigDB_Hallmark	exploratory	-1.27234734901132	0.206543967280164	0.531019522776573	Ezh2	1	135	4	Mutter_02
Ly6Chi.blood.monocytes	MBRT_vs_SBRT	HALLMARK_MTORC1_SIGNALING	MSigDB_Hallmark	exploratory	1.12738807787888	0.282809611829945	0.543821209465381	Cdkn1a,Cxcr4,Ddit3	3	201	13	Mutter_02
Ly6Chi.blood.monocytes	MBRT_vs_SBRT	HALLMARK_UNFOLDED_PROTEIN_RESPONSE	MSigDB_Hallmark	exploratory	-1.19355068962732	0.291139240506329	0.543821209465381	Xbp1,Hsp90b1	2	113	6	Mutter_02
Ly6Chi.blood.monocytes	MBRT_vs_SBRT	HALLMARK_UV_RESPONSE_DN	MSigDB_Hallmark	exploratory	-1.12862729834424	0.298568507157464	0.543821209465381	Ica1,Ldlr,Col1a2,Col1a1,Igf1r,Nfkb1,Pparg,Anxa2,Tgfbr2,Adgrl2,Fyn,Myc,Cav1	13	144	28	Mutter_02
Ly6Chi.blood.monocytes	MBRT_vs_SBRT	HALLMARK_INTERFERON_ALPHA_RESPONSE	MSigDB_Hallmark	exploratory	-1.0778235664816	0.334702258726899	0.588614317071444	Cd47,Il4ra,Ifi27,Bst2,B2m,Ifitm2,Ifitm3	7	100	22	Mutter_02
Ly6Chi.blood.monocytes	MBRT_vs_SBRT	HALLMARK_APICAL_SURFACE	MSigDB_Hallmark	exploratory	1.04831015210089	0.391969407265774	0.605770902138015	Il2rg,Il2rb	2	44	9	Mutter_02
Ly6Chi.blood.monocytes	MBRT_vs_SBRT	HALLMARK_HYPOXIA	MSigDB_Hallmark	exploratory	1.0603898872749	0.381578947368421	0.605770902138015	Cdkn1a,Cxcr4,Dusp1,Ddit3	4	200	36	Mutter_02
Ly6Chi.blood.monocytes	MBRT_vs_SBRT	HALLMARK_MYOGENESIS	MSigDB_Hallmark	exploratory	-1.06346061197688	0.364406779661017	0.605770902138015	Clu,Mb,Igfbp3,Itgb5,Sorbs1,Col1a1,Col6a2,Itgb4,Col4a2,Rb1,Tagln,Gsn,Tnnc1	13	201	34	Mutter_02
Ly6Chi.blood.monocytes	MBRT_vs_SBRT	HALLMARK_NOTCH_SIGNALING	MSigDB_Hallmark	exploratory	1.05766256138245	0.384761904761905	0.605770902138015	Notch2,Notch1,Wnt5a,Ppard	4	32	11	Mutter_02
Ly6Chi.blood.monocytes	MBRT_vs_SBRT	HALLMARK_IL6_JAK_STAT3_SIGNALING	MSigDB_Hallmark	exploratory	0.977211627841507	0.50749063670412	0.723214285714286	Pdgfc,Tnfrsf1b,Il2rg,Tnfrsf21,Acvrl1,Cd14,Il15ra,Tlr2,Tnf,Osmr,Il18r1,Csf2,Cxcl9,Cxcl2	14	88	44	Mutter_02
Ly6Chi.blood.monocytes	MBRT_vs_SBRT	HALLMARK_TGF_BETA_SIGNALING	MSigDB_Hallmark	exploratory	-0.9652957663376	0.510504201680672	0.723214285714286	Hdac1,Ifngr2,Ctnnb1,Junb	4	54	14	Mutter_02
Ly6Chi.blood.monocytes	MBRT_vs_SBRT	TypeI_interferon	project	primary	0.956243225064781	0.491493383742911	0.723214285714286	Mx1,Oasl1,Ifit1	3	19	7	Mutter_02
Ly6Chi.blood.monocytes	MBRT_vs_SBRT	HALLMARK_WNT_BETA_CATENIN_SIGNALING	MSigDB_Hallmark	exploratory	-0.920090082038539	0.54880694143167	0.756463621973383	Wnt5b,Rbpj,Hey1,Ctnnb1	4	42	13	Mutter_02
Ly6Chi.blood.monocytes	MBRT_vs_SBRT	HALLMARK_COAGULATION	MSigDB_Hallmark	exploratory	-0.885849028762602	0.607438016528926	0.77448347107438	Clu,Dusp6,Cd9,C1qa,Gsn,Fyn,Mmp2,Apoc1	8	139	24	Mutter_02
Ly6Chi.blood.monocytes	MBRT_vs_SBRT	HALLMARK_FATTY_ACID_METABOLISM	MSigDB_Hallmark	exploratory	-0.890137723446232	0.597077244258873	0.77448347107438	Lgals1,S100a10,Glul,Hsp90aa1,H2az1	5	157	9	Mutter_02
Ly6Chi.blood.monocytes	MBRT_vs_SBRT	HALLMARK_XENOBIOTIC_METABOLISM	MSigDB_Hallmark	exploratory	0.89671146902031	0.580769230769231	0.77448347107438	Igf1,Apoe,Mt2,Ppard	4	203	10	Mutter_02
Ly6Chi.blood.monocytes	MBRT_vs_SBRT	HALLMARK_APICAL_JUNCTION	MSigDB_Hallmark	exploratory	-0.853233755852717	0.715203426124197	0.848264528658931	Fyb,Myl9,Ptprc,Rac2,Itgb4	5	199	32	Mutter_02
Ly6Chi.blood.monocytes	MBRT_vs_SBRT	HALLMARK_EPITHELIAL_MESENCHYMAL_TRANSITION	MSigDB_Hallmark	exploratory	-0.87371343694503	0.70627802690583	0.848264528658931	Igfbp3,Itgb5,Myl9,Col1a2,Acta2,Col4a1,Col1a1,Lgals1,Vim,Col6a2,Cald1,Col5a3,Col4a2,Mgp,Tagln,Jun,Tpm1,Dst,Col6a3,Itgav,Cd44,Mmp2,Emp3	23	206	60	Mutter_02
Ly6Chi.blood.monocytes	MBRT_vs_SBRT	HALLMARK_OXIDATIVE_PHOSPHORYLATION	MSigDB_Hallmark	exploratory	0.80016907981373	0.707602339181287	0.848264528658931	Bax	1	199	4	Mutter_02
Ly6Chi.blood.monocytes	MBRT_vs_SBRT	HALLMARK_DNA_REPAIR	MSigDB_Hallmark	exploratory	-0.777611676788042	0.735966735966736	0.849408489909534	Pcna	1	150	5	Mutter_02
Ly6Chi.blood.monocytes	MBRT_vs_SBRT	HALLMARK_KRAS_SIGNALING_DN	MSigDB_Hallmark	exploratory	-0.788788493029349	0.749478079331942	0.849408489909534	Selenop,Krt15,Cpb1,Fgfr3	4	202	9	Mutter_02
Ly6Chi.blood.monocytes	MBRT_vs_SBRT	HALLMARK_COMPLEMENT	MSigDB_Hallmark	exploratory	-0.788747151506944	0.824152542372881	0.91373434045689	Clu,Casp3,Gzmb,Dusp6	4	196	34	Mutter_02
Ly6Chi.blood.monocytes	MBRT_vs_SBRT	HALLMARK_HEME_METABOLISM	MSigDB_Hallmark	exploratory	0.650872066578081	0.861804222648753	0.935149262874178	Myl4	1	194	5	Mutter_02
Ly6Chi.blood.monocytes	MBRT_vs_SBRT	HALLMARK_BILE_ACID_METABOLISM	MSigDB_Hallmark	exploratory	-0.593047683013303	0.92638036809816	0.937007874015748	Sod1	1	112	4	Mutter_02
Ly6Chi.blood.monocytes	MBRT_vs_SBRT	HALLMARK_HEDGEHOG_SIGNALING	MSigDB_Hallmark	exploratory	0.60257015800035	0.906432748538012	0.937007874015748	Adgrg1	1	36	4	Mutter_02
Ly6Chi.blood.monocytes	MBRT_vs_SBRT	HALLMARK_IL2_STAT5_SIGNALING	MSigDB_Hallmark	exploratory	0.744412109012927	0.913370998116761	0.937007874015748	Cd83,Tnfrsf1b,Tnfrsf18,Irf4,Il10ra,Tnfrsf9,Tnfrsf21,Il2rb,Bmpr2	9	199	49	Mutter_02
Ly6Chi.blood.monocytes	MBRT_vs_SBRT	HALLMARK_UV_RESPONSE_UP	MSigDB_Hallmark	exploratory	0.634402598886175	0.937007874015748	0.937007874015748	Nfkbia,Rxrb,Mmp14,H2-Q1	4	158	21	Mutter_02
Ly6Chi.blood.monocytes	SBRT_vs_Ctrl	HALLMARK_G2M_CHECKPOINT	MSigDB_Hallmark	exploratory	2.12750721956247	7.07519928853482e-05	0.00360835163715276	Mki67,Stmn1,Top2a,Ccnd1,Nusap1,Birc5,Ube2c,Pttg1,Cenpf,Ezh2,Abl1,H2az1	12	198	21	Mutter_02
Ly6Chi.blood.monocytes	SBRT_vs_Ctrl	HALLMARK_INTERFERON_GAMMA_RESPONSE	MSigDB_Hallmark	exploratory	-1.82682395315208	0.000810128709013053	0.0206582820798329	Cdkn1a,Ciita,Cd40,Il2rb,Vcam1,Ifi27,H2-Eb1,Ccl5,Irf4,Cd69,Cxcl9,Ifi44l,H2-Aa,H2-D1,Tnfaip6,Casp8,Cd74,Nfkbia,Ifitm2,Klrk1,Fpr1,Il15ra	22	205	57	Mutter_02
Ly6Chi.blood.monocytes	SBRT_vs_Ctrl	TypeII_interferon	project	primary	-1.82108991713921	0.00171149697720558	0.0290954486124948	Ciita,H2-Eb1,H2-Ab1,Cxcl9,H2-Aa,Cd74	6	17	8	Mutter_02
Ly6Chi.blood.monocytes	SBRT_vs_Ctrl	HALLMARK_E2F_TARGETS	MSigDB_Hallmark	exploratory	1.708334729483	0.0115622230766397	0.147418344227157	Hmgb2,Mki67,Stmn1,Top2a,Pcna,Dnmt1,Birc5,Pttg1,Ezh2,H2az1	10	200	18	Mutter_02
Ly6Chi.blood.monocytes	SBRT_vs_Ctrl	HALLMARK_ESTROGEN_RESPONSE_LATE	MSigDB_Hallmark	exploratory	1.66465218251054	0.0170457503412234	0.173866653480478	Top2a,Ccnd1,Xbp1,Cav1,Celsr2,Cd44,Fabp5,Cdh1,Cxcl14,Areg	10	206	26	Mutter_02
Ly6Chi.blood.monocytes	SBRT_vs_Ctrl	DNA_Damage_Repair	project	primary	-1.52424142609169	0.0523012552301255	0.381052002390915	Cdkn1a,Atr,Bax	3	18	10	Mutter_02
Ly6Chi.blood.monocytes	SBRT_vs_Ctrl	HALLMARK_APOPTOSIS	MSigDB_Hallmark	exploratory	1.38129686397725	0.0506329113924051	0.381052002390915	Hmgb2,Top2a,Ccnd1,Krt18,Fasl,Clu,Ctnnb1,Lmna,Ier3,Cav1,Gpx1,Cd44,Il1b,Cd2	14	160	56	Mutter_02
Ly6Chi.blood.monocytes	SBRT_vs_Ctrl	HALLMARK_MYC_TARGETS_V1	MSigDB_Hallmark	exploratory	1.4807197188872	0.064638783269962	0.412072243346008	Ppia,Ldha,Pcna,H2az1	4	201	9	Mutter_02
Ly6Chi.blood.monocytes	SBRT_vs_Ctrl	HALLMARK_PROTEIN_SECRETION	MSigDB_Hallmark	exploratory	1.4975761249781	0.073394495412844	0.415902140672783	Ica1,Krt18	2	96	8	Mutter_02
Ly6Chi.blood.monocytes	SBRT_vs_Ctrl	HALLMARK_MITOTIC_SPINDLE	MSigDB_Hallmark	exploratory	1.44220887984039	0.0909090909090909	0.463636363636364	Top2a,Nusap1,Birc5,Cenpf,Ezr,Abl1,Dst	7	199	11	Mutter_02
Ly6Chi.blood.monocytes	SBRT_vs_Ctrl	HALLMARK_APICAL_SURFACE	MSigDB_Hallmark	exploratory	-1.36614303176558	0.126050420168067	0.522586231779478	Il2rb,Gata3,Ephb4,Efna5	4	44	9	Mutter_02
Ly6Chi.blood.monocytes	SBRT_vs_Ctrl	HALLMARK_ESTROGEN_RESPONSE_EARLY	MSigDB_Hallmark	exploratory	1.3392978156724	0.116022099447514	0.522586231779478	Ccnd1,Krt8,Krt18,Xbp1,Celsr2,Cd44	6	200	25	Mutter_02
Ly6Chi.blood.monocytes	SBRT_vs_Ctrl	HALLMARK_PEROXISOME	MSigDB_Hallmark	exploratory	1.3388426949736	0.133208255159475	0.522586231779478	Top2a	1	102	3	Mutter_02
Ly6Chi.blood.monocytes	SBRT_vs_Ctrl	HALLMARK_FATTY_ACID_METABOLISM	MSigDB_Hallmark	exploratory	1.27692177616044	0.193916349809886	0.618108365019011	Lgals1,Ldha,S100a10,H2az1,Hsp90aa1,Glul	6	157	9	Mutter_02
Ly6Chi.blood.monocytes	SBRT_vs_Ctrl	HALLMARK_KRAS_SIGNALING_DN	MSigDB_Hallmark	exploratory	-1.26817681889407	0.189075630252101	0.618108365019011	Krt1,Ifng,Krt15,Ifi44l,Tgfb2	5	202	9	Mutter_02
Ly6Chi.blood.monocytes	SBRT_vs_Ctrl	HALLMARK_UV_RESPONSE_DN	MSigDB_Hallmark	exploratory	1.26133191264034	0.175502742230347	0.618108365019011	Ica1,Col1a1,Col1a2,Ldlr,Nfkb1,Fyn,Tgfbr2,Cav1,Anxa2,Acvr2a	10	144	28	Mutter_02
Ly6Chi.blood.monocytes	SBRT_vs_Ctrl	HALLMARK_UNFOLDED_PROTEIN_RESPONSE	MSigDB_Hallmark	exploratory	1.26119185159737	0.214285714285714	0.642857142857143	Ccl2,Xbp1,Hsp90b1	3	113	6	Mutter_02
Ly6Chi.blood.monocytes	SBRT_vs_Ctrl	HALLMARK_ANDROGEN_RESPONSE	MSigDB_Hallmark	exploratory	1.18552426538132	0.24907063197026	0.656652360515022	Ccnd1,Krt8,Selenop,Akt1	4	112	17	Mutter_02
Ly6Chi.blood.monocytes	SBRT_vs_Ctrl	HALLMARK_BILE_ACID_METABOLISM	MSigDB_Hallmark	exploratory	-1.20845185019916	0.264830508474576	0.656652360515022	Apoa1,Ar	2	112	4	Mutter_02
Ly6Chi.blood.monocytes	SBRT_vs_Ctrl	HALLMARK_COMPLEMENT	MSigDB_Hallmark	exploratory	1.14944121830406	0.255009107468124	0.656652360515022	Gzmb,Pfn1,Clu,C1qc,Calm1,C1qa,Dusp6,Fyn	8	196	34	Mutter_02
Ly6Chi.blood.monocytes	SBRT_vs_Ctrl	HALLMARK_GLYCOLYSIS	MSigDB_Hallmark	exploratory	1.15234571627445	0.276951672862454	0.656652360515022	Stmn1,Ppia,Ldha,Ier3,Col5a1,Cd44	6	200	17	Mutter_02
Ly6Chi.blood.monocytes	SBRT_vs_Ctrl	HALLMARK_UV_RESPONSE_UP	MSigDB_Hallmark	exploratory	-1.14062547891186	0.283261802575107	0.656652360515022	H2-Q1,Rxrb,Mmp14,Epcam,Fgf18,Nfkbia,Icam1,Atf3	8	158	21	Mutter_02
Ly6Chi.blood.monocytes	SBRT_vs_Ctrl	HALLMARK_KRAS_SIGNALING_UP	MSigDB_Hallmark	exploratory	-1.08225888538194	0.316017316017316	0.700734048560136	Sox9,Cidea,Spry2,Ace,Tnfrsf1b,Ets1,Cxcr4,Scg5,Slpi,Spp1	10	203	38	Mutter_02
Ly6Chi.blood.monocytes	SBRT_vs_Ctrl	HALLMARK_XENOBIOTIC_METABOLISM	MSigDB_Hallmark	exploratory	1.10807085890147	0.337786259541985	0.717795801526718	Arg1,Tnfrsf1a	2	203	10	Mutter_02
Ly6Chi.blood.monocytes	SBRT_vs_Ctrl	HALLMARK_COAGULATION	MSigDB_Hallmark	exploratory	-1.06342064864411	0.368191721132898	0.722222222222222	Apoa1,Fn1,Thbs1,Dpp4,Mmp14	5	139	24	Mutter_02
Ly6Chi.blood.monocytes	SBRT_vs_Ctrl	HALLMARK_PI3K_AKT_MTOR_SIGNALING	MSigDB_Hallmark	exploratory	1.08809328272308	0.357954545454545	0.722222222222222	Pfn1,Fasl,Tnfrsf1a,Hsp90b1,Akt1	5	105	15	Mutter_02
Ly6Chi.blood.monocytes	SBRT_vs_Ctrl	HALLMARK_MTORC1_SIGNALING	MSigDB_Hallmark	exploratory	1.06935498788234	0.38899430740038	0.734767025089606	Ppia,Ldlr,Ldha,Xbp1,Hsp90b1	5	201	13	Mutter_02
Ly6Chi.blood.monocytes	SBRT_vs_Ctrl	HALLMARK_ALLOGRAFT_REJECTION	MSigDB_Hallmark	exploratory	1.01829778321885	0.413379073756432	0.752940455770644	Il4ra,Gzmb,Fyb,Ccr5,Ptprc,Fasl,Ccl2,Pf4,Ifngr2,Mmp9,Ccr1,Akt1,Srgn,Csk,Cxcr3,Il1b,Cd2	17	201	81	Mutter_02
Ly6Chi.blood.monocytes	SBRT_vs_Ctrl	HALLMARK_CHOLESTEROL_HOMEOSTASIS	MSigDB_Hallmark	exploratory	1.02019911387982	0.436432637571158	0.767519466073415	Clu,Ldlr,Ctnnb1	3	75	13	Mutter_02
Ly6Chi.blood.monocytes	SBRT_vs_Ctrl	HALLMARK_SPERMATOGENESIS	MSigDB_Hallmark	exploratory	-1.0192084465839	0.480932203389831	0.802016129032258	Ace,Scg5	2	135	4	Mutter_02
Ly6Chi.blood.monocytes	SBRT_vs_Ctrl	TypeI_interferon	project	primary	-0.993422309566517	0.4875	0.802016129032258	Mx1,Ifit1,Oasl1,Oas2	4	19	7	Mutter_02
Ly6Chi.blood.monocytes	SBRT_vs_Ctrl	HALLMARK_APICAL_JUNCTION	MSigDB_Hallmark	exploratory	0.944447428924837	0.523020257826888	0.802839345212227	Fyb,Pfn1,Ptprc,Mmp9,Myl9,Actg2,Cdh1,Itga9	8	199	32	Mutter_02
Ly6Chi.blood.monocytes	SBRT_vs_Ctrl	HALLMARK_EPITHELIAL_MESENCHYMAL_TRANSITION	MSigDB_Hallmark	exploratory	0.970111344735168	0.542857142857143	0.802839345212227	Acta2,Col1a1,Col6a3,Lgals1,Col1a2,Itgb5,Col5a3,Col4a1,Col6a2,Myl9,Col5a1,Cd44,Cxcl5,Serpinh1,Areg,Dst,Il15,Col12a1,Bgn,Snai2,Gadd45b	21	206	60	Mutter_02
Ly6Chi.blood.monocytes	SBRT_vs_Ctrl	HALLMARK_HYPOXIA	MSigDB_Hallmark	exploratory	-0.917786007582552	0.578947368421053	0.802839345212227	Cdkn1a,Dusp1,Ets1,Cxcr4,Vegfa,Bcl2,Rora	7	200	36	Mutter_02
Ly6Chi.blood.monocytes	SBRT_vs_Ctrl	HALLMARK_IL6_JAK_STAT3_SIGNALING	MSigDB_Hallmark	exploratory	0.921939645506878	0.583493282149712	0.802839345212227	Il4ra,Ifnar1,Tnfrsf1a,Pf4,Ifngr2,Il10rb,Ccr1,Cd44,Il1b	9	88	44	Mutter_02
Ly6Chi.blood.monocytes	SBRT_vs_Ctrl	HALLMARK_INFLAMMATORY_RESPONSE	MSigDB_Hallmark	exploratory	-0.938806999479773	0.573770491803279	0.802839345212227	Cdkn1a,Cd40,Cxcr6,Il2rb,Ccrl2,Ccl5,Tnfrsf1b,Cd69,Best1,Mmp14	10	201	74	Mutter_02
Ly6Chi.blood.monocytes	SBRT_vs_Ctrl	HALLMARK_NOTCH_SIGNALING	MSigDB_Hallmark	exploratory	0.949428104872565	0.524621212121212	0.802839345212227	Ccnd1	1	32	11	Mutter_02
Ly6Chi.blood.monocytes	SBRT_vs_Ctrl	HALLMARK_OXIDATIVE_PHOSPHORYLATION	MSigDB_Hallmark	exploratory	0.888378348204642	0.612052730696798	0.802839345212227	Ldha,Glud1	2	199	4	Mutter_02
Ly6Chi.blood.monocytes	SBRT_vs_Ctrl	HALLMARK_REACTIVE_OXYGEN_SPECIES_PATHWAY	MSigDB_Hallmark	exploratory	0.88434007942925	0.613935969868173	0.802839345212227	Fes,Gpx3	2	48	4	Mutter_02
Ly6Chi.blood.monocytes	SBRT_vs_Ctrl	HALLMARK_HEDGEHOG_SIGNALING	MSigDB_Hallmark	exploratory	-0.831657794114377	0.692796610169492	0.827424069132037	Vegfa	1	36	4	Mutter_02
Ly6Chi.blood.monocytes	SBRT_vs_Ctrl	HALLMARK_INTERFERON_ALPHA_RESPONSE	MSigDB_Hallmark	exploratory	-0.864761248827119	0.65938864628821	0.827424069132037	Ccrl2,Ifi27,Ifi44l,Casp8,Cd74,Ifitm2	6	100	22	Mutter_02
Ly6Chi.blood.monocytes	SBRT_vs_Ctrl	HALLMARK_MYOGENESIS	MSigDB_Hallmark	exploratory	0.8536231674143	0.697632058287796	0.827424069132037	Col1a1,Col6a3,Clu,Itgb5,Col15a1,Col6a2,Mb	7	201	34	Mutter_02
Ly6Chi.blood.monocytes	SBRT_vs_Ctrl	HALLMARK_WNT_BETA_CATENIN_SIGNALING	MSigDB_Hallmark	exploratory	0.828345615278541	0.679316888045541	0.827424069132037	Ctnnb1,Rbpj	2	42	13	Mutter_02
Ly6Chi.blood.monocytes	SBRT_vs_Ctrl	HALLMARK_ADIPOGENESIS	MSigDB_Hallmark	exploratory	-0.803270471144227	0.736514522821577	0.834716459197787	Cidea,Pparg,Ifngr1	3	200	14	Mutter_02
Ly6Chi.blood.monocytes	SBRT_vs_Ctrl	HALLMARK_DNA_REPAIR	MSigDB_Hallmark	exploratory	0.766624133605084	0.735674676524954	0.834716459197787	Pcna	1	150	5	Mutter_02
Ly6Chi.blood.monocytes	SBRT_vs_Ctrl	HALLMARK_IL2_STAT5_SIGNALING	MSigDB_Hallmark	exploratory	-0.838135440094693	0.775824175824176	0.860152890587673	Il2rb,Tnfrsf18,Tnfrsf1b,Irf4,Flt3l,Ifngr1,Bcl2,Alcam,Rora,Spp1,Tnfrsf21,Ltb,Il18r1,Itgav,Csf2,Anxa4,Cd83	17	199	49	Mutter_02
Ly6Chi.blood.monocytes	SBRT_vs_Ctrl	HALLMARK_TGF_BETA_SIGNALING	MSigDB_Hallmark	exploratory	0.721140065047306	0.825	0.895212765957447	Ctnnb1,Ifngr2,Hdac1	3	54	14	Mutter_02
Ly6Chi.blood.monocytes	SBRT_vs_Ctrl	HALLMARK_P53_PATHWAY	MSigDB_Hallmark	exploratory	-0.78858417155612	0.845474613686534	0.898316777041943	Cdkn1a,Sat1,Bax	3	199	34	Mutter_02
Ly6Chi.blood.monocytes	SBRT_vs_Ctrl	HALLMARK_ANGIOGENESIS	MSigDB_Hallmark	exploratory	-0.703703625949042	0.869198312236287	0.90467579436838	Vegfa,Spp1,Pdgfa,Tnfrsf21,Itgav,Jag1,Timp1	7	36	15	Mutter_02
Ly6Chi.blood.monocytes	SBRT_vs_Ctrl	HALLMARK_TNFA_SIGNALING_VIA_NFKB	MSigDB_Hallmark	exploratory	-0.728586691368327	0.948314606741573	0.967280898876405	Cdkn1a,Ccrl2,Ccl5,Sat1,Cd69,Il23a,Dusp1,Vegfa	8	199	64	Mutter_02
Ly6Chi.blood.monocytes	SBRT_vs_Ctrl	HALLMARK_HEME_METABOLISM	MSigDB_Hallmark	exploratory	-0.525180185746296	0.984848484848485	0.984848484848485	Myl4,Lamp2,Slc2a1,Aqp3,Nr3c1	5	194	5	Mutter_02
Ly6Clo.blood.monocytes	MBRT_vs_Ctrl	HALLMARK_EPITHELIAL_MESENCHYMAL_TRANSITION	MSigDB_Hallmark	exploratory	2.00071034851873	3.07959091361588e-05	0.00160138727508026	Col3a1,Acta2,Col1a1,Col5a2,Timp1,Col12a1,Col5a1,Bgn,Col1a2,Col5a3,Vcan,Cxcl3,Serpinh1,Col6a3,Itga5,Tgfb1,Itgb5,Mfap5,Cxcl2,Il6,Gadd45b,Dcn,Col6a2,Cxcl5,Il15,Cd44	26	206	72	Mutter_02
Ly6Clo.blood.monocytes	MBRT_vs_Ctrl	HALLMARK_UV_RESPONSE_DN	MSigDB_Hallmark	exploratory	1.8109861525451	0.00304733638247615	0.07923074594438	Col3a1,Col1a1,Col5a2,Igfbp5,Rxra,Col1a2,Fyn,Anxa2,Tgfbr2	9	144	32	Mutter_02
Ly6Clo.blood.monocytes	MBRT_vs_Ctrl	HALLMARK_ANGIOGENESIS	MSigDB_Hallmark	exploratory	1.7519738584407	0.00887178889095926	0.15377767410996	Col3a1,Pf4,Col5a2,Timp1,Vcan,Olr1	6	36	19	Mutter_02
Ly6Clo.blood.monocytes	MBRT_vs_Ctrl	HALLMARK_INFLAMMATORY_RESPONSE	MSigDB_Hallmark	exploratory	1.56328513800603	0.0125239359420786	0.162811167247022	Timp1,Csf1,Ahr,Il1b,Il4ra,Ccl2,Msr1,Olr1,Il18,Tlr3,Gpr183,Ifitm1,Nfkbia,Axl,Itga5,Lamp3,Hif1a,Il6,Cd55,Cxcl5,Osm,Il15,Ffar2,Il7r,Ifngr2,Il10ra,Acvr2a,Mmp14,Il1a,Ldlr,Nfkb1,Nod2	32	201	86	Mutter_02
Ly6Clo.blood.monocytes	MBRT_vs_Ctrl	HALLMARK_ALLOGRAFT_REJECTION	MSigDB_Hallmark	exploratory	1.44691079822803	0.0165151924113879	0.171758001078435	Pf4,Timp1,Csf1,Srgn,Il1b,Il4ra,Ccr2,Ccl2,Cxcr3,Il18,Tlr3,Gzmb,Cd3d,Elane,Ccr1,Tgfb1,Hif1a,Il6,Cd4,Ccl11,Fgr,Ifnar2,Il15,Ccr5,Csk,Ptprc,Ifngr2,Acvr2a,Fyb,Il2	30	201	102	Mutter_02
Ly6Clo.blood.monocytes	MBRT_vs_Ctrl	HALLMARK_COMPLEMENT	MSigDB_Hallmark	exploratory	1.54520276586717	0.023953978706946	0.207601148793532	Timp1,S100a9,Pdgfb,Olr1,Fyn,Cxcl3,Gzmb,Calm1,Cxcl2,Il6,Spock2,Cd55,Pfn1,Calm3,Src,C1qc,Mmp14,Jak2,Itgam,Dusp5,Cxcl1,Ltf,Ccl5,Mmp12	24	196	42	Mutter_02
Ly6Clo.blood.monocytes	MBRT_vs_Ctrl	HALLMARK_APICAL_SURFACE	MSigDB_Hallmark	exploratory	-1.52503889577166	0.0523138832997988	0.3361285814116	Gata3,Efna5,Il2rb,Il2rg,Cx3cl1	5	44	10	Mutter_02
Ly6Clo.blood.monocytes	MBRT_vs_Ctrl	HALLMARK_COAGULATION	MSigDB_Hallmark	exploratory	1.3758242231771	0.0724070450097847	0.3361285814116	Pf4,Timp1,Pdgfb,Olr1,Fyn	5	139	28	Mutter_02
Ly6Clo.blood.monocytes	MBRT_vs_Ctrl	HALLMARK_KRAS_SIGNALING_UP	MSigDB_Hallmark	exploratory	-1.35909303716698	0.0775681341719078	0.3361285814116	Ets1,Slpi,Ace,Sox9,Spry2,Pecam1,Igfbp3,Csf2ra,Inhba,Il2rg,Adgra2	11	203	49	Mutter_02
Ly6Clo.blood.monocytes	MBRT_vs_Ctrl	HALLMARK_SPERMATOGENESIS	MSigDB_Hallmark	exploratory	-1.46791245661174	0.0714285714285714	0.3361285814116	Ace,Cdkn3	2	135	6	Mutter_02
Ly6Clo.blood.monocytes	MBRT_vs_Ctrl	HALLMARK_TNFA_SIGNALING_VIA_NFKB	MSigDB_Hallmark	exploratory	1.31873577145415	0.0641509433962264	0.3361285814116	Csf1,Il1b,Ccl2,Stat5a,Olr1,Il18,Cxcl3,Gpr183,Nfkbia,Ifih1,Fos,Rigi,Cxcl2,Il6,Ier3,Gadd45b,Ccnd1,Cxcl5,Cd44,Zfp36,Il7r,Ifngr2,Il1a,Ldlr,Nfkb1,Cxcl10,Dusp5,Cxcl1,Jag1,Ccl5	30	199	76	Mutter_02
Ly6Clo.blood.monocytes	MBRT_vs_Ctrl	TypeI_interferon	project	primary	1.47788598171187	0.0630081300813008	0.3361285814116	Ifit1,Ifitm1,Mx1,Oas2	4	19	7	Mutter_02
Ly6Clo.blood.monocytes	MBRT_vs_Ctrl	HALLMARK_REACTIVE_OXYGEN_SPECIES_PATHWAY	MSigDB_Hallmark	exploratory	-1.39725049758459	0.110429447852761	0.410166520595968	Sod1,Junb	2	48	5	Mutter_02
Ly6Clo.blood.monocytes	MBRT_vs_Ctrl	HALLMARK_TGF_BETA_SIGNALING	MSigDB_Hallmark	exploratory	-1.37440016190508	0.103869653767821	0.410166520595968	Tgfbr1,Junb,Bmpr2,Smad3,Thbs1,Apc,Eng,Cdh1	8	54	15	Mutter_02
Ly6Clo.blood.monocytes	MBRT_vs_Ctrl	HALLMARK_PEROXISOME	MSigDB_Hallmark	exploratory	-1.34933144431355	0.128630705394191	0.445919778699862	Ttr,Sod1,Msh2	3	102	4	Mutter_02
Ly6Clo.blood.monocytes	MBRT_vs_Ctrl	HALLMARK_MTORC1_SIGNALING	MSigDB_Hallmark	exploratory	1.30497168693591	0.148893360160966	0.483903420523139	Igfbp5,Xbp1,Serpinh1,Ldha	4	201	14	Mutter_02
Ly6Clo.blood.monocytes	MBRT_vs_Ctrl	HALLMARK_MYOGENESIS	MSigDB_Hallmark	exploratory	1.2133819677807	0.183520599250936	0.561357127120511	Col3a1,Col1a1,Col6a3,Tgfb1,Itgb5,Igf1,Myl7,Igfbp7,Gadd45b,Col6a2,Apod	11	201	39	Mutter_02
Ly6Clo.blood.monocytes	MBRT_vs_Ctrl	HALLMARK_UNFOLDED_PROTEIN_RESPONSE	MSigDB_Hallmark	exploratory	1.24800210338133	0.210843373493976	0.609103078982597	Ccl2,Xbp1	2	113	6	Mutter_02
Ly6Clo.blood.monocytes	MBRT_vs_Ctrl	HALLMARK_APOPTOSIS	MSigDB_Hallmark	exploratory	1.07239435873294	0.328413284132841	0.684826175869121	Timp1,Hgf,Bgn,Il1b,Il18,Igf2r,Il6,Ier3,Gadd45b,Dcn,Ccnd1,Cd44,Ctnnb1,Il1a,App,Gpx3	16	160	64	Mutter_02
Ly6Clo.blood.monocytes	MBRT_vs_Ctrl	HALLMARK_HEDGEHOG_SIGNALING	MSigDB_Hallmark	exploratory	-1.11341438793452	0.329243353783231	0.684826175869121	Vegfa,Celsr1	2	36	5	Mutter_02
Ly6Clo.blood.monocytes	MBRT_vs_Ctrl	HALLMARK_HYPOXIA	MSigDB_Hallmark	exploratory	1.09747799933707	0.280898876404494	0.684826175869121	Col5a1,Bgn,Pdgfb,Fos,Anxa2,Il6,Ier3,Dcn,Ldha,Zfp36,Mt2	11	200	39	Mutter_02
Ly6Clo.blood.monocytes	MBRT_vs_Ctrl	HALLMARK_IL2_STAT5_SIGNALING	MSigDB_Hallmark	exploratory	1.07344765626825	0.312614259597806	0.684826175869121	Csf1,Ahr,Il4ra,Xbp1,Igf2r,Itgae,Gadd45b,Tlr7,Itga6,Spry4,Cd44,Il10ra,Col6a1,Ctla4,Il1r2	15	199	58	Mutter_02
Ly6Clo.blood.monocytes	MBRT_vs_Ctrl	HALLMARK_IL6_JAK_STAT3_SIGNALING	MSigDB_Hallmark	exploratory	1.08152425141318	0.310734463276836	0.684826175869121	Pf4,Csf1,Il1b,Il4ra,Il17ra,Cxcl3,Ccr1,Tgfb1,Cxcl2,Il6,Il10rb,Cd44,Ifngr2	13	88	56	Mutter_02
Ly6Clo.blood.monocytes	MBRT_vs_Ctrl	HALLMARK_INTERFERON_ALPHA_RESPONSE	MSigDB_Hallmark	exploratory	1.11631311521405	0.306666666666667	0.684826175869121	Csf1,Il4ra,Ifitm1,Lamp3,Ifih1	5	100	23	Mutter_02
Ly6Clo.blood.monocytes	MBRT_vs_Ctrl	TypeII_interferon	project	primary	-1.18035229376487	0.266798418972332	0.684826175869121	Ciita	1	17	8	Mutter_02
Ly6Clo.blood.monocytes	MBRT_vs_Ctrl	HALLMARK_KRAS_SIGNALING_DN	MSigDB_Hallmark	exploratory	-1.07900524852532	0.343621399176955	0.68724279835391	Fgfr3,Tgfb2,Krt4,Krt15,Cd80,Il12b,Krt1	7	202	19	Mutter_02
Ly6Clo.blood.monocytes	MBRT_vs_Ctrl	HALLMARK_BILE_ACID_METABOLISM	MSigDB_Hallmark	exploratory	-0.999969368600598	0.462301587301587	0.770447841244301	Ttr,Sod1	2	112	6	Mutter_02
Ly6Clo.blood.monocytes	MBRT_vs_Ctrl	HALLMARK_E2F_TARGETS	MSigDB_Hallmark	exploratory	-1.02464180784011	0.416326530612245	0.770447841244301	Cdkn3,H2az1,Tubb5,Msh2,Myc,Birc5,Brca1,Chek1,Pcna,Mlh1	10	200	20	Mutter_02
Ly6Clo.blood.monocytes	MBRT_vs_Ctrl	HALLMARK_ESTROGEN_RESPONSE_EARLY	MSigDB_Hallmark	exploratory	0.99731217834651	0.4510556621881	0.770447841244301	Xbp1,Fos,Ar,Ccnd1,Cd44,Pgr,Jak2,Thsd4,Muc1,Fasn,Il6st,Areg,Krt13,Slc2a1,Aqp3,Celsr2,Sfn,Krt19	18	200	33	Mutter_02
Ly6Clo.blood.monocytes	MBRT_vs_Ctrl	HALLMARK_ESTROGEN_RESPONSE_LATE	MSigDB_Hallmark	exploratory	0.97972442417882	0.476547842401501	0.770447841244301	S100a9,Xbp1,Fabp5,Fos,Ccnd1,Cd44,Zfp36,Pgr,Cxcl14,Jak2,Ltf,Mapk13,Il6st,Top2a,Areg,Krt13	16	206	35	Mutter_02
Ly6Clo.blood.monocytes	MBRT_vs_Ctrl	HALLMARK_INTERFERON_GAMMA_RESPONSE	MSigDB_Hallmark	exploratory	-0.976993156246841	0.488938053097345	0.770447841244301	Ifi27,Ciita,Xcl1,Casp3,Ifitm2,Fpr1,Il2rb,Ido1,Cd38,Fas,H2-M3,Bst2,Cd69,H2-D1,Tnfsf10,Cxcl9,Klrk1,Cd40,Tap1,Nlrc5,H2-Aa,Cd86,Stat4,Gzma	24	205	65	Mutter_02
Ly6Clo.blood.monocytes	MBRT_vs_Ctrl	HALLMARK_NOTCH_SIGNALING	MSigDB_Hallmark	exploratory	0.978736665430043	0.472762645914397	0.770447841244301	Ccnd1,Notch3,Wnt5a,Fzd1,Jag1,Notch2	6	32	12	Mutter_02
Ly6Clo.blood.monocytes	MBRT_vs_Ctrl	HALLMARK_PANCREAS_BETA_CELLS	MSigDB_Hallmark	exploratory	-1.05852479749672	0.437759336099585	0.770447841244301	Sst	1	40	4	Mutter_02
Ly6Clo.blood.monocytes	MBRT_vs_Ctrl	HALLMARK_APICAL_JUNCTION	MSigDB_Hallmark	exploratory	-0.957195195446751	0.51528384279476	0.788081171333162	Itgb4,Ptk2,Icam2,Pecam1,Cx3cl1,Myl12b,Actg2,Cdh1,Col16a1,Rac2,Egfr,Cd276,Mmp2,Cd86,Bmp1,Itga2	16	199	38	Mutter_02
Ly6Clo.blood.monocytes	MBRT_vs_Ctrl	HALLMARK_GLYCOLYSIS	MSigDB_Hallmark	exploratory	-0.916777726490513	0.589583333333333	0.87514558583741	Sox9,Sod1,Vegfa,Igfbp3,Il13ra1	5	200	18	Mutter_02
Ly6Clo.blood.monocytes	MBRT_vs_Ctrl	HALLMARK_UV_RESPONSE_UP	MSigDB_Hallmark	exploratory	-0.918486503027976	0.605870020964361	0.87514558583741	Junb,Casp3,Fgf18,Rxrb,Sqstm1,H2-Q1	6	158	24	Mutter_02
Ly6Clo.blood.monocytes	MBRT_vs_Ctrl	HALLMARK_WNT_BETA_CATENIN_SIGNALING	MSigDB_Hallmark	exploratory	-0.890999911900127	0.627291242362525	0.881598502779766	Notch1,Fzd8,Wnt5b,Dll1,Myc	5	42	15	Mutter_02
Ly6Clo.blood.monocytes	MBRT_vs_Ctrl	HALLMARK_CHOLESTEROL_HOMEOSTASIS	MSigDB_Hallmark	exploratory	0.839638816405396	0.6640625	0.88359375	Fabp5,Ctnnb1,Ldlr,Jag1,Fasn	5	75	13	Mutter_02
Ly6Clo.blood.monocytes	MBRT_vs_Ctrl	HALLMARK_PI3K_AKT_MTOR_SIGNALING	MSigDB_Hallmark	exploratory	0.867371590182665	0.650980392156863	0.88359375	Pfn1,Smad2,Rac1,Akt1,Tnfrsf1a,Slc2a1,Cdkn1a,Ddit3,Sfn	9	105	16	Mutter_02
Ly6Clo.blood.monocytes	MBRT_vs_Ctrl	HALLMARK_XENOBIOTIC_METABOLISM	MSigDB_Hallmark	exploratory	0.845090164795452	0.6796875	0.88359375	Arg1,Ddc,Igf1,Apoe,Mt2	5	203	20	Mutter_02
Ly6Clo.blood.monocytes	MBRT_vs_Ctrl	DNA_Damage_Repair	project	primary	-0.808611396685773	0.714285714285714	0.891034743917448	Atr,Atm,Bax,Brca1,Chek1	5	18	10	Mutter_02
Ly6Clo.blood.monocytes	MBRT_vs_Ctrl	HALLMARK_MYC_TARGETS_V1	MSigDB_Hallmark	exploratory	-0.809118195635414	0.719681908548708	0.891034743917448	H2az1,Tyms,Rack1,Myc,Pcna,Hsp90ab1	6	201	9	Mutter_02
Ly6Clo.blood.monocytes	MBRT_vs_Ctrl	HALLMARK_ADIPOGENESIS	MSigDB_Hallmark	exploratory	-0.71732783732508	0.860082304526749	0.904065801270806	Cd36,Sod1,Vegfb	3	200	19	Mutter_02
Ly6Clo.blood.monocytes	MBRT_vs_Ctrl	HALLMARK_ANDROGEN_RESPONSE	MSigDB_Hallmark	exploratory	-0.719601597567045	0.85360824742268	0.904065801270806	Tsc22d1,Itgav,Fkbp5	3	112	17	Mutter_02
Ly6Clo.blood.monocytes	MBRT_vs_Ctrl	HALLMARK_DNA_REPAIR	MSigDB_Hallmark	exploratory	-0.669595167762901	0.85480572597137	0.904065801270806	Tyms,Pcna	2	150	5	Mutter_02
Ly6Clo.blood.monocytes	MBRT_vs_Ctrl	HALLMARK_G2M_CHECKPOINT	MSigDB_Hallmark	exploratory	0.745036037243396	0.811428571428571	0.904065801270806	Tgfb1,Hif1a,Ccnd1,Mt2,Abl1,Stmn1,Nusap1,Notch2,Pttg1,Top2a	10	198	23	Mutter_02
Ly6Clo.blood.monocytes	MBRT_vs_Ctrl	HALLMARK_HEME_METABOLISM	MSigDB_Hallmark	exploratory	-0.686605019864849	0.854901960784314	0.904065801270806	Ackr1	1	194	7	Mutter_02
Ly6Clo.blood.monocytes	MBRT_vs_Ctrl	HALLMARK_MITOTIC_SPINDLE	MSigDB_Hallmark	exploratory	0.664890978053908	0.886679920477137	0.904065801270806	Abl1,Nusap1,Notch2,Top2a,Plekhg2	5	199	11	Mutter_02
Ly6Clo.blood.monocytes	MBRT_vs_Ctrl	HALLMARK_OXIDATIVE_PHOSPHORYLATION	MSigDB_Hallmark	exploratory	0.633630078300044	0.886538461538462	0.904065801270806	Ldha	1	199	4	Mutter_02
Ly6Clo.blood.monocytes	MBRT_vs_Ctrl	HALLMARK_P53_PATHWAY	MSigDB_Hallmark	exploratory	-0.753655080034384	0.873931623931624	0.904065801270806	Itgb4,Acvr1b,Epha2,Notch1,Tsc22d1,Tm4sf1,Fas,Bax,Tnfsf9	9	199	39	Mutter_02
Ly6Clo.blood.monocytes	MBRT_vs_Ctrl	HALLMARK_PROTEIN_SECRETION	MSigDB_Hallmark	exploratory	-0.742633478327111	0.789264413518887	0.904065801270806	Sod1	1	96	9	Mutter_02
Ly6Clo.blood.monocytes	MBRT_vs_Ctrl	HALLMARK_FATTY_ACID_METABOLISM	MSigDB_Hallmark	exploratory	-0.58844773503619	0.939879759519038	0.939879759519038	Cd36	1	157	11	Mutter_02
Ly6Clo.blood.monocytes	MBRT_vs_SBRT	HALLMARK_G2M_CHECKPOINT	MSigDB_Hallmark	exploratory	-1.98629550324786	0.000323935539854396	0.0168446480724286	Mki67,Top2a,Nusap1,Stmn1,Birc5,Myc,Ube2c,Ezh2,Pttg1,Ccnd1,Abl1	11	198	23	Mutter_02
Ly6Clo.blood.monocytes	MBRT_vs_SBRT	HALLMARK_KRAS_SIGNALING_DN	MSigDB_Hallmark	exploratory	1.8518891584666	0.00237436592187349	0.0617335139687107	Cd80,Cntfr,Egf,Ryr2,Ifng,Tcl1,Krt13	7	202	19	Mutter_02
Ly6Clo.blood.monocytes	MBRT_vs_SBRT	HALLMARK_E2F_TARGETS	MSigDB_Hallmark	exploratory	-1.72020663261289	0.00844055854445267	0.143124870332241	Mki67,Top2a,Hmgb2,Dnmt1,Pcna,Stmn1,Birc5,Myc,Ezh2,Pttg1	10	200	20	Mutter_02
Ly6Clo.blood.monocytes	MBRT_vs_SBRT	HALLMARK_TNFA_SIGNALING_VIA_NFKB	MSigDB_Hallmark	exploratory	1.4970490751663	0.0110096054101724	0.143124870332241	Cdkn1a,Cd80,Ptgs2,Ccrl2,Inhba,Dusp1,Il7r,Sat1,Cd83,Cflar,Cxcl1,Cxcl2,Jag1,Clcf1,Cxcl3,Ccl4,Ccl5,Il1a,Ackr3,Fos,Cd69,Lif,Il6,Cxcl5,Csf1,Nfkbia,Il23a,Tnfaip6,Smad3,Rigi	30	199	76	Mutter_02
Ly6Clo.blood.monocytes	MBRT_vs_SBRT	DNA_Damage_Repair	project	primary	1.61543978517866	0.0151994070658571	0.156334605415992	Cdkn1a,Bax	2	18	10	Mutter_02
Ly6Clo.blood.monocytes	MBRT_vs_SBRT	HALLMARK_ADIPOGENESIS	MSigDB_Hallmark	exploratory	-1.57422337699499	0.0257990433621781	0.156334605415992	Lifr,Stat5a,Vegfb,Sod1,Col4a1,Fabp4,Ifngr1,Pparg,Col15a1	9	200	19	Mutter_02
Ly6Clo.blood.monocytes	MBRT_vs_SBRT	HALLMARK_IL6_JAK_STAT3_SIGNALING	MSigDB_Hallmark	exploratory	1.39584289373207	0.0302474902418295	0.156334605415992	Il2ra,Cntfr,Pdgfc,Acvrl1,Csf3r,Fas,Il1r2,Cxcl1,Ltb,Il13ra1,Cxcl2,Tnfrsf21,Cxcl3,Tnfrsf1b,Cd14,Acvr1b,Ltbr	17	88	56	Mutter_02
Ly6Clo.blood.monocytes	MBRT_vs_SBRT	HALLMARK_KRAS_SIGNALING_UP	MSigDB_Hallmark	exploratory	1.48895064736069	0.0221965138381053	0.156334605415992	Ptgs2,Cxcr4,Cmklr1,Fgf9,Inhba,Pdcd1lg2,Spry2,Il7r,Sparcl1,Pigr,Tnfrsf1b,Cidea,Itgb2,Adgra2,Spp1,Lif	16	203	49	Mutter_02
Ly6Clo.blood.monocytes	MBRT_vs_SBRT	HALLMARK_MITOTIC_SPINDLE	MSigDB_Hallmark	exploratory	-1.62113847267496	0.0330707819149213	0.156334605415992	Top2a,Nusap1,Birc5,Abl1,Plekhg2,Ezr	6	199	11	Mutter_02
Ly6Clo.blood.monocytes	MBRT_vs_SBRT	HALLMARK_PEROXISOME	MSigDB_Hallmark	exploratory	-1.5446406137173	0.0304171249656333	0.156334605415992	Top2a,Sod1	2	102	4	Mutter_02
Ly6Clo.blood.monocytes	MBRT_vs_SBRT	HALLMARK_UV_RESPONSE_DN	MSigDB_Hallmark	exploratory	-1.57938449590977	0.0188635718501665	0.156334605415992	Ldlr,Ica1,Adgrl2,Col1a2,Col1a1,Nfkb1,Myc	7	144	32	Mutter_02
Ly6Clo.blood.monocytes	MBRT_vs_SBRT	HALLMARK_ANGIOGENESIS	MSigDB_Hallmark	exploratory	1.43963027367633	0.0572687224669604	0.248164464023495	Timp1,Tnfrsf21,Jag1,Pdgfa,Ptk2,Spp1,Lum,Cxcl5	8	36	19	Mutter_02
Ly6Clo.blood.monocytes	MBRT_vs_SBRT	HALLMARK_ESTROGEN_RESPONSE_EARLY	MSigDB_Hallmark	exploratory	-1.42182173354415	0.0763888888888889	0.268415958705237	Krt19,Xbp1,Krt8,Myc,Krt18,Areg,Dhrs2,Fasn,Ccnd1	9	200	33	Mutter_02
Ly6Clo.blood.monocytes	MBRT_vs_SBRT	HALLMARK_ESTROGEN_RESPONSE_LATE	MSigDB_Hallmark	exploratory	-1.37672552232688	0.0827464788732394	0.268415958705237	Top2a,Krt19,Xbp1,Cdh1,Areg,Dhrs2,Ccnd1	7	206	35	Mutter_02
Ly6Clo.blood.monocytes	MBRT_vs_SBRT	HALLMARK_MYC_TARGETS_V1	MSigDB_Hallmark	exploratory	-1.43102530795398	0.0877513711151737	0.268415958705237	Pcna,Myc,Ppia,Ldha,Ptges3,Rack1,H2az1	7	201	9	Mutter_02
Ly6Clo.blood.monocytes	MBRT_vs_SBRT	HALLMARK_P53_PATHWAY	MSigDB_Hallmark	exploratory	1.34008413670392	0.0779816513761468	0.268415958705237	Cdkn1a,Bax,Fas,Sat1,Inhbb,Pdgfa,Il1a,Acvr1b,Fos,Krt17,Lif	11	199	39	Mutter_02
Ly6Clo.blood.monocytes	MBRT_vs_SBRT	HALLMARK_UNFOLDED_PROTEIN_RESPONSE	MSigDB_Hallmark	exploratory	-1.42381403828283	0.0817490494296578	0.268415958705237	Xbp1,Hsp90b1	2	113	6	Mutter_02
Ly6Clo.blood.monocytes	MBRT_vs_SBRT	HALLMARK_CHOLESTEROL_HOMEOSTASIS	MSigDB_Hallmark	exploratory	-1.35608696883289	0.118279569892473	0.341696535244922	Ldlr,Clu,Alcam,Fasn,Pparg,Tnfrsf12a	6	75	13	Mutter_02
Ly6Clo.blood.monocytes	MBRT_vs_SBRT	HALLMARK_HYPOXIA	MSigDB_Hallmark	exploratory	1.26433704745738	0.130733944954128	0.350884955752212	Cdkn1a,Cxcr4,Pgf,Dusp1,Pdgfb,Mt2,Ackr3,Fos,Egfr,Il6,Rora,Ddit3	12	200	39	Mutter_02
Ly6Clo.blood.monocytes	MBRT_vs_SBRT	HALLMARK_PI3K_AKT_MTOR_SIGNALING	MSigDB_Hallmark	exploratory	1.34357221279307	0.134955752212389	0.350884955752212	Cdkn1a,Cxcr4	2	105	16	Mutter_02
Ly6Clo.blood.monocytes	MBRT_vs_SBRT	HALLMARK_ANDROGEN_RESPONSE	MSigDB_Hallmark	exploratory	-1.29445448804888	0.16036036036036	0.364411943936624	Krt19,Lifr,Krt8,Selenop,Arid5b,Ccnd1,Akt1	7	112	17	Mutter_02
Ly6Clo.blood.monocytes	MBRT_vs_SBRT	HALLMARK_INTERFERON_GAMMA_RESPONSE	MSigDB_Hallmark	exploratory	1.2160305600365	0.159806295399516	0.364411943936624	Cdkn1a,Ptgs2,Cmklr1,Vcam1,Fas,Ido1,Il2rb	7	205	65	Mutter_02
Ly6Clo.blood.monocytes	MBRT_vs_SBRT	HALLMARK_PROTEIN_SECRETION	MSigDB_Hallmark	exploratory	-1.30417671706276	0.16819012797075	0.364411943936624	Ica1,Sod1,Krt18	3	96	9	Mutter_02
Ly6Clo.blood.monocytes	MBRT_vs_SBRT	HALLMARK_TGF_BETA_SIGNALING	MSigDB_Hallmark	exploratory	-1.28460289193195	0.165775401069519	0.364411943936624	Cdh1,Hdac1,Ifngr2	3	54	15	Mutter_02
Ly6Clo.blood.monocytes	MBRT_vs_SBRT	HALLMARK_EPITHELIAL_MESENCHYMAL_TRANSITION	MSigDB_Hallmark	exploratory	-1.14323740896488	0.228333333333333	0.474933333333333	Acta2,Col1a2,Col5a1,Col1a1,Col5a3,Col6a2,Igfbp3,Areg,Col4a1,Col6a3,Tagln,Mfap5,Col3a1,Serpinh1,Il15,Bgn,Itga2,Col12a1,Tnfrsf12a,Lgals1,Jun	21	206	72	Mutter_02
Ly6Clo.blood.monocytes	MBRT_vs_SBRT	HALLMARK_APICAL_SURFACE	MSigDB_Hallmark	exploratory	1.13296248141837	0.295805739514349	0.512729948491538	Hspb1,Il2rb	2	44	10	Mutter_02
Ly6Clo.blood.monocytes	MBRT_vs_SBRT	HALLMARK_APOPTOSIS	MSigDB_Hallmark	exploratory	1.11654613296799	0.288177339901478	0.512729948491538	Cdkn1a,Hspb1,Bcl2l1,Bax,Timp1,Fas,Sat1,Cflar	8	160	64	Mutter_02
Ly6Clo.blood.monocytes	MBRT_vs_SBRT	HALLMARK_FATTY_ACID_METABOLISM	MSigDB_Hallmark	exploratory	-1.17142822348648	0.262476894639556	0.512729948491538	Glul,Fasn,Hsp90aa1,Ldha,Lgals1,S100a10	6	157	11	Mutter_02
Ly6Clo.blood.monocytes	MBRT_vs_SBRT	HALLMARK_GLYCOLYSIS	MSigDB_Hallmark	exploratory	-1.16552824461601	0.278084714548803	0.512729948491538	Stmn1,Col5a1,Sod1,Igfbp3,Ppia,Ier3,Ldha	7	200	18	Mutter_02
Ly6Clo.blood.monocytes	MBRT_vs_SBRT	HALLMARK_IL2_STAT5_SIGNALING	MSigDB_Hallmark	exploratory	-1.12509485811326	0.266891891891892	0.512729948491538	Col6a1,Xbp1,Il10,Cd48,Ahr,Sell,Il4ra,Myc,Alcam,Itga6,Ifngr1,Casp3,Spry4,Cst7,Flt3l,Il3ra,Cd81,Icos	18	199	58	Mutter_02
Ly6Clo.blood.monocytes	MBRT_vs_SBRT	HALLMARK_ALLOGRAFT_REJECTION	MSigDB_Hallmark	exploratory	1.07651781981508	0.326975476839237	0.519851471008283	Il2ra,Cd80,Timp1,Inhba,Fas,Ccl11,Itgal,H2-Ob,Il2rb,Ifng,Ltb,Inhbb,Cd28,Nlrp3,Ccl4,Cd8b1,Ccl5,Itgb2,Il2,Ccr2,Lif,Egfr,Stat4,Il6,Csf1,Tap2,Cd8a,Hif1a,Il12rb1,Ncr1,Cd40,Itk,Cxcl9,Srgn,Prf1	35	201	102	Mutter_02
Ly6Clo.blood.monocytes	MBRT_vs_SBRT	HALLMARK_INFLAMMATORY_RESPONSE	MSigDB_Hallmark	exploratory	1.04982912398793	0.359897172236504	0.519851471008283	Cdkn1a,Cmklr1,Ccrl2,Timp1,Best1,Inhba,Csf3r,Il7r,Clec5a,Il2rb,Nlrp3,Tnfrsf1b,Ccl5,Cd14,Il1a,Acvr1b,Met,Cd69,Lif,Il6,Cxcl5,Itga5,Csf1,Nfkbia	24	201	86	Mutter_02
Ly6Clo.blood.monocytes	MBRT_vs_SBRT	HALLMARK_INTERFERON_ALPHA_RESPONSE	MSigDB_Hallmark	exploratory	-1.07548679077902	0.353765323992995	0.519851471008283	Sell,Il4ra,Il15,Cd47,Ifi27,Bst2,Ifitm1,B2m,Cd74	9	100	23	Mutter_02
Ly6Clo.blood.monocytes	MBRT_vs_SBRT	HALLMARK_MTORC1_SIGNALING	MSigDB_Hallmark	exploratory	1.09183145111863	0.351724137931035	0.519851471008283	Cdkn1a,Cxcr4	2	201	14	Mutter_02
Ly6Clo.blood.monocytes	MBRT_vs_SBRT	HALLMARK_NOTCH_SIGNALING	MSigDB_Hallmark	exploratory	-1.09573329545421	0.344765342960289	0.519851471008283	Maml2,Ccnd1,Dll1,Fzd5	4	32	12	Mutter_02
Ly6Clo.blood.monocytes	MBRT_vs_SBRT	HALLMARK_REACTIVE_OXYGEN_SPECIES_PATHWAY	MSigDB_Hallmark	exploratory	-1.11458929333931	0.351247600767754	0.519851471008283	Sod1,Fes	2	48	5	Mutter_02
Ly6Clo.blood.monocytes	MBRT_vs_SBRT	HALLMARK_HEDGEHOG_SIGNALING	MSigDB_Hallmark	exploratory	1.06348428053932	0.399168399168399	0.560993425858291	Cntfr	1	36	5	Mutter_02
Ly6Clo.blood.monocytes	MBRT_vs_SBRT	HALLMARK_BILE_ACID_METABOLISM	MSigDB_Hallmark	exploratory	-1.04320423272748	0.437262357414449	0.583016476552598	Sod1,Ar	2	112	6	Mutter_02
Ly6Clo.blood.monocytes	MBRT_vs_SBRT	TypeII_interferon	project	primary	-1.02839568780333	0.433085501858736	0.583016476552598	Ciita,Cd74,H2-Ab1,Stat1,Cxcl10,H2-Aa,H2-Eb1	7	17	8	Mutter_02
Ly6Clo.blood.monocytes	MBRT_vs_SBRT	HALLMARK_DNA_REPAIR	MSigDB_Hallmark	exploratory	-1.01983376397377	0.466410748560461	0.606333973128599	Pcna,Nt5c3,Trp53	3	150	5	Mutter_02
Ly6Clo.blood.monocytes	MBRT_vs_SBRT	HALLMARK_COAGULATION	MSigDB_Hallmark	exploratory	-0.978633527545017	0.487632508833922	0.618460742911316	Cfd,Clu,Mmp9,Itga2,Fyn,Dusp6,Apoc1,Rac1,Gsn,Anxa1,Mmp7,C1qa,Pecam1	13	139	28	Mutter_02
Ly6Clo.blood.monocytes	MBRT_vs_SBRT	HALLMARK_PANCREAS_BETA_CELLS	MSigDB_Hallmark	exploratory	0.985130226887913	0.521739130434783	0.634746922024624	Gcg,Iapp	2	40	4	Mutter_02
Ly6Clo.blood.monocytes	MBRT_vs_SBRT	HALLMARK_XENOBIOTIC_METABOLISM	MSigDB_Hallmark	exploratory	0.959885959976201	0.524886877828054	0.634746922024624	Fas,Igf1,Mt2,Crp	4	203	20	Mutter_02
Ly6Clo.blood.monocytes	MBRT_vs_SBRT	HALLMARK_UV_RESPONSE_UP	MSigDB_Hallmark	exploratory	0.960445860847174	0.541284403669725	0.639699749791493	Cxcl1,Gpx3,H2-Q1,Bid,Fos,Il6,Nfkbia,Rxrb,Mmp14	9	158	24	Mutter_02
Ly6Clo.blood.monocytes	MBRT_vs_SBRT	HALLMARK_HEME_METABOLISM	MSigDB_Hallmark	exploratory	0.903538703260082	0.561181434599156	0.648476324425691	Myl4,Epor	2	194	7	Mutter_02
Ly6Clo.blood.monocytes	MBRT_vs_SBRT	HALLMARK_WNT_BETA_CATENIN_SIGNALING	MSigDB_Hallmark	exploratory	-0.882452590246285	0.625668449197861	0.707277377354104	Myc,Wnt5b,Dll1,Rbpj,Trp53,Hey1	6	42	15	Mutter_02
Ly6Clo.blood.monocytes	MBRT_vs_SBRT	HALLMARK_MYOGENESIS	MSigDB_Hallmark	exploratory	-0.868453209044393	0.65547703180212	0.725208630930005	Cfd,Col1a1,Col6a2,Clu,Igfbp3,Col6a3,Tagln,Col3a1,Col15a1,Itgb4,Igfbp7,Tpm2,Tnnc1,Apod	14	201	39	Mutter_02
Ly6Clo.blood.monocytes	MBRT_vs_SBRT	HALLMARK_OXIDATIVE_PHOSPHORYLATION	MSigDB_Hallmark	exploratory	0.750354538724499	0.774327122153209	0.838854382332643	Bax	1	199	4	Mutter_02
Ly6Clo.blood.monocytes	MBRT_vs_SBRT	HALLMARK_APICAL_JUNCTION	MSigDB_Hallmark	exploratory	-0.783373251624739	0.819787985865725	0.869979087041177	Cdh1,Fyb,Mmp9,Ptprc,Rac2,Itga2,Itgb4,Syk,Cd34	9	199	38	Mutter_02
Ly6Clo.blood.monocytes	MBRT_vs_SBRT	HALLMARK_COMPLEMENT	MSigDB_Hallmark	exploratory	0.781392349185303	0.844748858447489	0.878538812785388	Timp1,Cxcl1,Cxcl2,Pdgfb,Cxcl3,Spock2,Itgam,Ccl5,Lgals3,Src,Il6,Ltf,Mmp12,Mmp14,Fn1,Cd36	16	196	42	Mutter_02
Ly6Clo.blood.monocytes	MBRT_vs_SBRT	TypeI_interferon	project	primary	0.632372447170836	0.89662447257384	0.914205344585091	Mx1	1	19	7	Mutter_02
Ly6Clo.blood.monocytes	MBRT_vs_SBRT	HALLMARK_SPERMATOGENESIS	MSigDB_Hallmark	exploratory	0.548419248541372	0.945378151260504	0.945378151260504	Il12rb2,Ace,Scg5,Cdkn3	4	135	6	Mutter_02
Ly6Clo.blood.monocytes	SBRT_vs_Ctrl	HALLMARK_EPITHELIAL_MESENCHYMAL_TRANSITION	MSigDB_Hallmark	exploratory	1.84954287247082	0.000156182378666169	0.00812148369064078	Acta2,Col3a1,Col1a1,Col5a1,Col1a2,Col5a3,Col12a1,Col6a2,Bgn,Col5a2,Col6a3,Serpinh1,Mfap5,Col4a1,Areg,Vcan,Il15	17	206	72	Mutter_02
Ly6Clo.blood.monocytes	SBRT_vs_Ctrl	HALLMARK_UV_RESPONSE_DN	MSigDB_Hallmark	exploratory	1.88669207481238	0.000771499508246021	0.0200589872143966	Col3a1,Col1a1,Ldlr,Col1a2,Col5a2,Ica1,Nfkb1,Fyn,Adgrl2,Tgfbr2,Rxra,Anxa2	12	144	32	Mutter_02
Ly6Clo.blood.monocytes	SBRT_vs_Ctrl	HALLMARK_APICAL_SURFACE	MSigDB_Hallmark	exploratory	-1.8995275936821	0.0024501420926544	0.0424691296060097	Hspb1,Il2rb,Efna5,Gata3	4	44	10	Mutter_02
Ly6Clo.blood.monocytes	SBRT_vs_Ctrl	HALLMARK_E2F_TARGETS	MSigDB_Hallmark	exploratory	1.60927733698843	0.0144579486512336	0.148801167845277	Mki67,Top2a,Hmgb2,Stmn1,Dnmt1,Pcna,Pttg1,Birc5,Ezh2	9	200	20	Mutter_02
Ly6Clo.blood.monocytes	SBRT_vs_Ctrl	HALLMARK_G2M_CHECKPOINT	MSigDB_Hallmark	exploratory	1.65637453259667	0.012041118849336	0.148801167845277	Mki67,Top2a,Nusap1,Stmn1,Ccnd1,Abl1,Pttg1,Birc5,Ezh2,Ube2c,Tgfb1,Notch2,Myc	13	198	23	Mutter_02
Ly6Clo.blood.monocytes	SBRT_vs_Ctrl	HALLMARK_KRAS_SIGNALING_UP	MSigDB_Hallmark	exploratory	-1.52913796370319	0.0171693655206089	0.148801167845277	Spry2,Inhba,Ace,Ptgs2,Cxcr4,Ets1,Cmklr1,Adgra2,Sox9,Pdcd1lg2,Fgf9,Cidea,Slpi,Sparcl1,Itgb2,Csf2ra,Pigr,Scg5,Eng,Lif,Pecam1	21	203	49	Mutter_02
Ly6Clo.blood.monocytes	SBRT_vs_Ctrl	HALLMARK_KRAS_SIGNALING_DN	MSigDB_Hallmark	exploratory	-1.55618850827114	0.0284180895384489	0.211105807999906	Cd80,Cntfr,Egf,Fgfr3,Ifng,Krt15,Krt4,Tcl1,Tgfb2,Krt1,Krt13,Ifi44l,Il12b	13	202	19	Mutter_02
Ly6Clo.blood.monocytes	SBRT_vs_Ctrl	DNA_Damage_Repair	project	primary	-1.52008558414374	0.0703296703296703	0.32676489217231	Cdkn1a,Bax	2	18	10	Mutter_02
Ly6Clo.blood.monocytes	SBRT_vs_Ctrl	HALLMARK_ESTROGEN_RESPONSE_EARLY	MSigDB_Hallmark	exploratory	1.41062388454923	0.0659340659340659	0.32676489217231	Xbp1,Krt19,Ccnd1,Areg,Krt18,Ar,Fasn,Krt8,Pgr,Cd44,Aqp3,Celsr2,Myc,Il6st	14	200	33	Mutter_02
Ly6Clo.blood.monocytes	SBRT_vs_Ctrl	HALLMARK_ESTROGEN_RESPONSE_LATE	MSigDB_Hallmark	exploratory	1.40716131860759	0.0649762282091918	0.32676489217231	Top2a,Xbp1,Krt19,Ccnd1,Areg,S100a9,Cdh1,Pgr,Cd44,Fabp5,Celsr2,Il6st,Zfp36,Cxcl14,Jak2,Dhrs2	16	206	35	Mutter_02
Ly6Clo.blood.monocytes	SBRT_vs_Ctrl	HALLMARK_INTERFERON_GAMMA_RESPONSE	MSigDB_Hallmark	exploratory	-1.29365536621972	0.0754072828089947	0.32676489217231	Cdkn1a,Ptgs2,Ido1,Il2rb,Fas,Cmklr1,Ifi27,Xcl1,Vcam1,Cd69,Cd38,Ifitm2,Cxcl9,Stat4,Cd40,Ciita	16	205	65	Mutter_02
Ly6Clo.blood.monocytes	SBRT_vs_Ctrl	HALLMARK_MITOTIC_SPINDLE	MSigDB_Hallmark	exploratory	1.50187136548852	0.0566371681415929	0.32676489217231	Top2a,Nusap1,Abl1,Birc5,Plekhg2	5	199	11	Mutter_02
Ly6Clo.blood.monocytes	SBRT_vs_Ctrl	HALLMARK_IL6_JAK_STAT3_SIGNALING	MSigDB_Hallmark	exploratory	-1.28659767921478	0.0845481049562682	0.338192419825073	Il2ra,Il12rb1,Acvr1b,Fas,Cntfr,Il13ra1,Cd36,Acvrl1,Pdgfc,Ltb,Osmr,Il18r1	12	88	56	Mutter_02
Ly6Clo.blood.monocytes	SBRT_vs_Ctrl	HALLMARK_CHOLESTEROL_HOMEOSTASIS	MSigDB_Hallmark	exploratory	1.37300231154413	0.123188405797101	0.401420410683959	Ldlr,Fasn,Clu,Ctnnb1,Fabp5,Pparg,Tnfrsf12a	7	75	13	Mutter_02
Ly6Clo.blood.monocytes	SBRT_vs_Ctrl	HALLMARK_MYC_TARGETS_V1	MSigDB_Hallmark	exploratory	1.38698227589932	0.118829981718464	0.401420410683959	Pcna,Ldha,Ppia,Ptges3,Myc	5	201	9	Mutter_02
Ly6Clo.blood.monocytes	SBRT_vs_Ctrl	HALLMARK_MYOGENESIS	MSigDB_Hallmark	exploratory	1.27069960969725	0.128824476650564	0.401420410683959	Col3a1,Col1a1,Col6a2,Col6a3,Igfbp7,Clu,Apod,Itgb5,Gadd45b,Myl7,Cfd,Col15a1,Tgfb1	13	201	39	Mutter_02
Ly6Clo.blood.monocytes	SBRT_vs_Ctrl	HALLMARK_P53_PATHWAY	MSigDB_Hallmark	exploratory	-1.26687581353757	0.131233595800525	0.401420410683959	Cdkn1a,Bax,Acvr1b,Fas,Epha2,Inhbb,Tm4sf1,Sat1,Tnfsf9,Itgb4,Krt17,Notch1,Tsc22d1,Lif	14	199	39	Mutter_02
Ly6Clo.blood.monocytes	SBRT_vs_Ctrl	HALLMARK_ANDROGEN_RESPONSE	MSigDB_Hallmark	exploratory	1.28099607226646	0.159369527145359	0.460400856197704	Lifr,Krt19,Ccnd1,Selenop,Krt8,Akt1	6	112	17	Mutter_02
Ly6Clo.blood.monocytes	SBRT_vs_Ctrl	HALLMARK_ADIPOGENESIS	MSigDB_Hallmark	exploratory	1.15264574353813	0.269360269360269	0.501831501831502	Stat5a,Lifr,Fabp4,Col4a1	4	200	19	Mutter_02
Ly6Clo.blood.monocytes	SBRT_vs_Ctrl	HALLMARK_ANGIOGENESIS	MSigDB_Hallmark	exploratory	1.15935118346631	0.265993265993266	0.501831501831502	Col3a1,Pf4,Col5a2,Vcan	4	36	19	Mutter_02
Ly6Clo.blood.monocytes	SBRT_vs_Ctrl	HALLMARK_COAGULATION	MSigDB_Hallmark	exploratory	1.1514384931219	0.269491525423729	0.501831501831502	Pf4,Fyn,Clu,Mmp9,Rac1,Cfd,Olr1,Vwf,Apoc1,Dusp6,Gsn,C1qa,Timp1,Anxa1	14	139	28	Mutter_02
Ly6Clo.blood.monocytes	SBRT_vs_Ctrl	HALLMARK_HEDGEHOG_SIGNALING	MSigDB_Hallmark	exploratory	-1.19778901225946	0.270216962524655	0.501831501831502	Cntfr,Vegfa,Celsr1	3	36	5	Mutter_02
Ly6Clo.blood.monocytes	SBRT_vs_Ctrl	HALLMARK_IL2_STAT5_SIGNALING	MSigDB_Hallmark	exploratory	1.1817751973155	0.189473684210526	0.501831501831502	Xbp1,Ahr,Il4ra,Col6a1,Itga6,Il10,Cd48,Spry4,Sell,Csf1,Gadd45b,Cd44,Tlr7,Il3ra,Igf2r,Cd81,Myc,Ifngr1,Icos,Il10ra,Cxcl10,Ctla4	22	199	58	Mutter_02
Ly6Clo.blood.monocytes	SBRT_vs_Ctrl	HALLMARK_INTERFERON_ALPHA_RESPONSE	MSigDB_Hallmark	exploratory	1.18298751264981	0.243944636678201	0.501831501831502	Il4ra,Ifitm1,Sell,Il15,Lamp3,Csf1	6	100	23	Mutter_02
Ly6Clo.blood.monocytes	SBRT_vs_Ctrl	HALLMARK_NOTCH_SIGNALING	MSigDB_Hallmark	exploratory	1.25870840182383	0.221223021582734	0.501831501831502	Ccnd1,Notch2,Wnt5a,Fzd5,Notch3,Maml2,Fzd7,Dll1	8	32	12	Mutter_02
Ly6Clo.blood.monocytes	SBRT_vs_Ctrl	HALLMARK_PEROXISOME	MSigDB_Hallmark	exploratory	1.21281237160551	0.26984126984127	0.501831501831502	Top2a	1	102	4	Mutter_02
Ly6Clo.blood.monocytes	SBRT_vs_Ctrl	HALLMARK_PI3K_AKT_MTOR_SIGNALING	MSigDB_Hallmark	exploratory	-1.1406390641676	0.267139479905437	0.501831501831502	Cdkn1a,Cxcr4	2	105	16	Mutter_02
Ly6Clo.blood.monocytes	SBRT_vs_Ctrl	HALLMARK_SPERMATOGENESIS	MSigDB_Hallmark	exploratory	-1.251526382748	0.196687370600414	0.501831501831502	Ace,Cdkn3,Il12rb2,Scg5	4	135	6	Mutter_02
Ly6Clo.blood.monocytes	SBRT_vs_Ctrl	HALLMARK_UNFOLDED_PROTEIN_RESPONSE	MSigDB_Hallmark	exploratory	1.20022610342475	0.280230326295585	0.502481964392084	Xbp1,Ccl2,Hsp90b1	3	113	6	Mutter_02
Ly6Clo.blood.monocytes	SBRT_vs_Ctrl	HALLMARK_COMPLEMENT	MSigDB_Hallmark	exploratory	1.11052184372658	0.301412872841444	0.522448979591837	Gzmb,Calm1,Fyn,Clu,Pfn1,S100a9,Olr1,Calm3,C1qc,Cd55,Fcer1g,Dusp5,Jak2,Apoc1,Dusp6,C1qa,Timp1	17	196	42	Mutter_02
Ly6Clo.blood.monocytes	SBRT_vs_Ctrl	HALLMARK_PANCREAS_BETA_CELLS	MSigDB_Hallmark	exploratory	-1.1281395106904	0.356713426853707	0.598358006335251	Gcg,Sst,Iapp	3	40	4	Mutter_02
Ly6Clo.blood.monocytes	SBRT_vs_Ctrl	HALLMARK_MTORC1_SIGNALING	MSigDB_Hallmark	exploratory	1.00900118194063	0.43205574912892	0.68561298543017	Ldlr,Xbp1,Serpinh1,Ldha	4	201	14	Mutter_02
Ly6Clo.blood.monocytes	SBRT_vs_Ctrl	HALLMARK_PROTEIN_SECRETION	MSigDB_Hallmark	exploratory	1.02133394934879	0.435100548446069	0.68561298543017	Ica1,Krt18,Igf2r	3	96	9	Mutter_02
Ly6Clo.blood.monocytes	SBRT_vs_Ctrl	HALLMARK_GLYCOLYSIS	MSigDB_Hallmark	exploratory	0.997596560406187	0.464163822525597	0.68961482203803	Col5a1,Stmn1,Ier3,Ldha,Vcan	5	200	18	Mutter_02
Ly6Clo.blood.monocytes	SBRT_vs_Ctrl	HALLMARK_HYPOXIA	MSigDB_Hallmark	exploratory	-1.00222401970355	0.454068241469816	0.68961482203803	Cdkn1a,Cxcr4,Ets1,Vegfa,Inha,Bcl2,Egfr,Ackr3,Pgf,Dusp1	10	200	39	Mutter_02
Ly6Clo.blood.monocytes	SBRT_vs_Ctrl	HALLMARK_FATTY_ACID_METABOLISM	MSigDB_Hallmark	exploratory	0.959882131499488	0.51858407079646	0.749065880039331	Ldha,Fasn,S100a10,Lgals1,Glul,Hsp90aa1,Mif	7	157	11	Mutter_02
Ly6Clo.blood.monocytes	SBRT_vs_Ctrl	HALLMARK_TNFA_SIGNALING_VIA_NFKB	MSigDB_Hallmark	exploratory	-0.968029075183216	0.535168195718654	0.752128275064055	Cdkn1a,Cd80,Clcf1,Inhba,Ptgs2,Ccrl2,Vegfa,Cflar,Smad3,Cd83	10	199	76	Mutter_02
Ly6Clo.blood.monocytes	SBRT_vs_Ctrl	HALLMARK_APOPTOSIS	MSigDB_Hallmark	exploratory	-0.952523984846386	0.586956521739131	0.774645830290638	Cdkn1a,Bax,Hspb1,Ptk2,Bcl2l1,Fas	6	160	64	Mutter_02
Ly6Clo.blood.monocytes	SBRT_vs_Ctrl	HALLMARK_INFLAMMATORY_RESPONSE	MSigDB_Hallmark	exploratory	0.921615529108342	0.610778443113773	0.774645830290638	Ldlr,Ahr,Il4ra,Nfkb1,Il10,Ifngr2,Cd48,Ifitm1,Sell,Gpr183,Il15,Ccl2,Lamp3,Csf1,Ffar2,Il1b,Msr1,Olr1,Osm,Myc,Il1r1,Cd55,Tlr3,Axl,Ptger4,Il10ra,Cxcl10,Il18,Fzd5	29	201	86	Mutter_02
Ly6Clo.blood.monocytes	SBRT_vs_Ctrl	HALLMARK_TGF_BETA_SIGNALING	MSigDB_Hallmark	exploratory	-0.904453249076998	0.594470046082949	0.774645830290638	Smad3,Apc,Bmpr2,Junb,Thbs1,Tgfbr1,Eng,Bmpr1a	8	54	15	Mutter_02
Ly6Clo.blood.monocytes	SBRT_vs_Ctrl	TypeI_interferon	project	primary	0.896867685970606	0.6	0.774645830290638	Ifitm1,Ifit1,Oas2,Ifitm3	4	19	7	Mutter_02
Ly6Clo.blood.monocytes	SBRT_vs_Ctrl	HALLMARK_HEME_METABOLISM	MSigDB_Hallmark	exploratory	-0.853297454003642	0.628630705394191	0.778304682868998	Epor,Ackr1,Myl4	3	194	7	Mutter_02
Ly6Clo.blood.monocytes	SBRT_vs_Ctrl	HALLMARK_BILE_ACID_METABOLISM	MSigDB_Hallmark	exploratory	0.82254741125449	0.689059500959693	0.796246534442312	Ar,Rxra	2	112	6	Mutter_02
Ly6Clo.blood.monocytes	SBRT_vs_Ctrl	HALLMARK_OXIDATIVE_PHOSPHORYLATION	MSigDB_Hallmark	exploratory	0.846119480126453	0.66468253968254	0.796246534442312	Glud1,Ldha	2	199	4	Mutter_02
Ly6Clo.blood.monocytes	SBRT_vs_Ctrl	HALLMARK_UV_RESPONSE_UP	MSigDB_Hallmark	exploratory	-0.870231433922388	0.67458432304038	0.796246534442312	H2-Q1,Rxrb,Fgf18,Junb,Cxcl1,Epcam,Bid,Bmp2,Sqstm1,Atf3,Tap1,Gpx3	12	158	24	Mutter_02
Ly6Clo.blood.monocytes	SBRT_vs_Ctrl	HALLMARK_ALLOGRAFT_REJECTION	MSigDB_Hallmark	exploratory	0.880080340775566	0.704775687409551	0.79670295098471	Il4ra,Cd3d,Gzmb,Pf4,Fyb,Il10,Ifngr2,Csk,Ptprc,Il15,Ifnar2,Ccl2,Fasl,Cxcr3,Csf1,Elane,Akt1,Il1b,Mmp9,Ccr5,Ccr1,Il11,Srgn	23	201	102	Mutter_02
Ly6Clo.blood.monocytes	SBRT_vs_Ctrl	HALLMARK_DNA_REPAIR	MSigDB_Hallmark	exploratory	0.773286088986934	0.747983870967742	0.827556623198353	Pcna,Nt5c3,Trp53	3	150	5	Mutter_02
Ly6Clo.blood.monocytes	SBRT_vs_Ctrl	HALLMARK_REACTIVE_OXYGEN_SPECIES_PATHWAY	MSigDB_Hallmark	exploratory	0.751434467458242	0.778225806451613	0.843077956989247	Fes	1	48	5	Mutter_02
Ly6Clo.blood.monocytes	SBRT_vs_Ctrl	TypeII_interferon	project	primary	-0.678101901304532	0.851528384279476	0.90366277515373	Cxcl9,Ciita	2	17	8	Mutter_02
Ly6Clo.blood.monocytes	SBRT_vs_Ctrl	HALLMARK_APICAL_JUNCTION	MSigDB_Hallmark	exploratory	0.699413730066156	0.91283676703645	0.93073552717442	Fyb,Ptprc,Vcan,Pfn1,Mmp9,Cdh1,Syk	7	199	38	Mutter_02
Ly6Clo.blood.monocytes	SBRT_vs_Ctrl	HALLMARK_XENOBIOTIC_METABOLISM	MSigDB_Hallmark	exploratory	-0.682075155002243	0.909090909090909	0.93073552717442	Fas,Cd36,Epha2	3	203	20	Mutter_02
Ly6Clo.blood.monocytes	SBRT_vs_Ctrl	HALLMARK_WNT_BETA_CATENIN_SIGNALING	MSigDB_Hallmark	exploratory	0.549735551951099	0.973591549295775	0.973591549295775	Ctnnb1,Myc,Rbpj,Hey1,Trp53,Dll1,Wnt5b	7	42	15	Mutter_02
Lymphatic.endothelial	MBRT_vs_Ctrl	HALLMARK_G2M_CHECKPOINT	MSigDB_Hallmark	exploratory	2.09928940269789	0.000141462921305616	0.00735607190789204	Ccnd1,Stmn1,Mki67,Top2a,Ube2c,Nusap1,Abl1,Notch2,Ezh2,Egf,Cenpf,Pttg1	12	198	22	Mutter_02
Lymphatic.endothelial	MBRT_vs_Ctrl	HALLMARK_ANGIOGENESIS	MSigDB_Hallmark	exploratory	1.76073662936153	0.0056514834139613	0.146938568762994	Col3a1,Pf4,Jag1,Olr1,Vegfa	5	36	19	Mutter_02
Lymphatic.endothelial	MBRT_vs_Ctrl	HALLMARK_MITOTIC_SPINDLE	MSigDB_Hallmark	exploratory	1.6886901203634	0.0100652991203416	0.174465184752588	Top2a,Nusap1,Abl1,Notch2,Plekhg2,Cenpf,Dst	7	199	11	Mutter_02
Lymphatic.endothelial	MBRT_vs_Ctrl	HALLMARK_CHOLESTEROL_HOMEOSTASIS	MSigDB_Hallmark	exploratory	1.71570570768979	0.0145635652103268	0.176688520619176	Jag1,Fasn,Fabp5,Clu,Ctnnb1,Tnfrsf12a	6	75	13	Mutter_02
Lymphatic.endothelial	MBRT_vs_Ctrl	HALLMARK_E2F_TARGETS	MSigDB_Hallmark	exploratory	1.62534821637013	0.0176486278256173	0.176688520619176	Stmn1,Mki67,Hmgb2,Top2a,Dnmt1,Ezh2,Cdkn1a,Pttg1,Chek1,Chek2,Pcna	11	200	19	Mutter_02
Lymphatic.endothelial	MBRT_vs_Ctrl	HALLMARK_NOTCH_SIGNALING	MSigDB_Hallmark	exploratory	1.61458898262668	0.0203871369945204	0.176688520619176	Ccnd1,Jag1,Notch2,Dll1,Notch3,Fzd7	6	32	12	Mutter_02
Lymphatic.endothelial	MBRT_vs_Ctrl	HALLMARK_REACTIVE_OXYGEN_SPECIES_PATHWAY	MSigDB_Hallmark	exploratory	-1.4918175714755	0.0305039030991559	0.226600423022301	Sod1,Junb	2	48	4	Mutter_02
Lymphatic.endothelial	MBRT_vs_Ctrl	HALLMARK_UV_RESPONSE_DN	MSigDB_Hallmark	exploratory	1.44738394990474	0.0379285144181711	0.246535343718112	Col3a1,Rxra,Col1a1,Bmpr1a,Anxa2,Tgfbr2,Notch2,Nfkb1,Col1a2	9	144	31	Mutter_02
Lymphatic.endothelial	MBRT_vs_Ctrl	HALLMARK_APOPTOSIS	MSigDB_Hallmark	exploratory	1.27426710610951	0.121004566210046	0.419482496194825	Ccnd1,Hmgb2,Top2a,Hgf,Clu,Lmna,Ier3,Ctnnb1,Bid,Tnfrsf12a,Gadd45b,Cdkn1a,Cd44	13	160	63	Mutter_02
Lymphatic.endothelial	MBRT_vs_Ctrl	HALLMARK_COMPLEMENT	MSigDB_Hallmark	exploratory	1.35877555722931	0.0888888888888889	0.419482496194825	Gzmb,S100a9,Cxcl1,Pdgfb,Clu,Olr1,Gzmk,Pfn1,Gzma,Calm1,Cd40lg,Mmp12	12	196	42	Mutter_02
Lymphatic.endothelial	MBRT_vs_Ctrl	HALLMARK_FATTY_ACID_METABOLISM	MSigDB_Hallmark	exploratory	1.38197759208826	0.109014675052411	0.419482496194825	Ldha,S100a10,Fasn,Lgals1,Mif	5	157	11	Mutter_02
Lymphatic.endothelial	MBRT_vs_Ctrl	HALLMARK_GLYCOLYSIS	MSigDB_Hallmark	exploratory	1.38405358568331	0.0982905982905983	0.419482496194825	Stmn1,Ldha,Col5a1,Ier3,Vegfa,Mif,Cd44	7	200	18	Mutter_02
Lymphatic.endothelial	MBRT_vs_Ctrl	HALLMARK_KRAS_SIGNALING_UP	MSigDB_Hallmark	exploratory	-1.28319047415874	0.113761467889908	0.419482496194825	Scg5,Ace,Ets1,Eng,Slpi,Inhba,Etv4,Pigr,Tnfrsf1b,Igfbp3,Fgf9,Adgra2,Igf2,Sox9,Gpnmb,Lif	16	203	47	Mutter_02
Lymphatic.endothelial	MBRT_vs_Ctrl	HALLMARK_MTORC1_SIGNALING	MSigDB_Hallmark	exploratory	1.38569957951027	0.107660455486542	0.419482496194825	Ldha,Serpinh1,Cdkn1a,Ppia,Cd9,Itgb2,Ldlr,Slc2a1,Hsp90b1	9	201	13	Mutter_02
Lymphatic.endothelial	MBRT_vs_Ctrl	HALLMARK_SPERMATOGENESIS	MSigDB_Hallmark	exploratory	-1.34007922747891	0.120240480961924	0.419482496194825	Scg5,Ace,Mtor	3	135	5	Mutter_02
Lymphatic.endothelial	MBRT_vs_Ctrl	HALLMARK_ESTROGEN_RESPONSE_LATE	MSigDB_Hallmark	exploratory	1.25521594152857	0.183982683982684	0.597943722943723	Ccnd1,Top2a,S100a9,Fabp5	4	206	33	Mutter_02
Lymphatic.endothelial	MBRT_vs_Ctrl	HALLMARK_EPITHELIAL_MESENCHYMAL_TRANSITION	MSigDB_Hallmark	exploratory	1.12255853124447	0.259825327510917	0.678174146528577	Col3a1,Acta2,Col1a1,Cxcl1,Serpinh1,Il15,Col4a1,Vcam1,Col5a1,Tnfrsf12a,Notch2,Lgals1,Vegfa,Gadd45b,Col1a2,Cd44	16	206	72	Mutter_02
Lymphatic.endothelial	MBRT_vs_Ctrl	HALLMARK_MYC_TARGETS_V1	MSigDB_Hallmark	exploratory	1.14463818580937	0.279411764705882	0.678174146528577	Ldha,Ptges3,Ppia,Pcna	4	201	9	Mutter_02
Lymphatic.endothelial	MBRT_vs_Ctrl	HALLMARK_MYOGENESIS	MSigDB_Hallmark	exploratory	1.13111636191971	0.278396436525612	0.678174146528577	Col3a1,Mb,Col1a1,Clu,Tcap,Igfbp7,Myl7,Gadd45b,Apod,Cdkn1a,Igf1,Tpm2	12	201	38	Mutter_02
Lymphatic.endothelial	MBRT_vs_Ctrl	HALLMARK_TGF_BETA_SIGNALING	MSigDB_Hallmark	exploratory	-1.16736796764588	0.274621212121212	0.678174146528577	Tgfbr1,Eng,Hdac1,Junb,Acvr1,Bmpr2,Smad3,Apc	8	54	15	Mutter_02
Lymphatic.endothelial	MBRT_vs_Ctrl	HALLMARK_WNT_BETA_CATENIN_SIGNALING	MSigDB_Hallmark	exploratory	1.12258047123125	0.286919831223629	0.678174146528577	Jag1,Ctnnb1,Dll1,Hey1,Rbpj	5	42	15	Mutter_02
Lymphatic.endothelial	MBRT_vs_Ctrl	TypeII_interferon	project	primary	-1.2243043079288	0.241176470588235	0.678174146528577	Ciita,H2-Eb1,H2-Aa,H2-Ab1,Cxcl9,Cd74	6	17	8	Mutter_02
Lymphatic.endothelial	MBRT_vs_Ctrl	HALLMARK_INTERFERON_GAMMA_RESPONSE	MSigDB_Hallmark	exploratory	-1.10027517829491	0.301418439716312	0.681467776749923	Ciita,Klrk1,Ifitm2,H2-D1,Fpr1,Ifi27,H2-M3,Tnfsf10,Icam1,B2m,H2-DMa,Stat4,Ifi44l,H2-Eb1,Tnfaip6,H2-Aa,Bst2,Il2rb,Xcl1,Casp8,Ptgs2,Fas,Il10ra,Cd69,Stat3,Cd274,Cxcl9,Casp3,Irf4	29	205	63	Mutter_02
Lymphatic.endothelial	MBRT_vs_Ctrl	HALLMARK_HYPOXIA	MSigDB_Hallmark	exploratory	1.06226164668672	0.363839285714286	0.760778210116732	Ldha,Pdgfb,Anxa2,Col5a1,Ier3,Vegfa,Ndrg1,Mif,Cdkn1a,Rbpj,Vhl	11	200	39	Mutter_02
Lymphatic.endothelial	MBRT_vs_Ctrl	HALLMARK_OXIDATIVE_PHOSPHORYLATION	MSigDB_Hallmark	exploratory	1.10900656086754	0.365758754863813	0.760778210116732	Ldha	1	199	4	Mutter_02
Lymphatic.endothelial	MBRT_vs_Ctrl	HALLMARK_HEDGEHOG_SIGNALING	MSigDB_Hallmark	exploratory	1.08677893735214	0.398832684824903	0.797665369649806	Vegfa,Hey1,Adgrg1	3	36	4	Mutter_02
Lymphatic.endothelial	MBRT_vs_Ctrl	HALLMARK_ADIPOGENESIS	MSigDB_Hallmark	exploratory	-0.938732344033785	0.511111111111111	0.852699199819678	Sod1,Cd36,Vegfb	3	200	19	Mutter_02
Lymphatic.endothelial	MBRT_vs_Ctrl	HALLMARK_ANDROGEN_RESPONSE	MSigDB_Hallmark	exploratory	0.869195895234407	0.623126338329765	0.852699199819678	Ccnd1,Ndrg1,Azgp1,Akt1,Krt8	5	112	17	Mutter_02
Lymphatic.endothelial	MBRT_vs_Ctrl	HALLMARK_COAGULATION	MSigDB_Hallmark	exploratory	0.918948994767127	0.584650112866817	0.852699199819678	Pf4,Pdgfb,Clu,Olr1	4	139	26	Mutter_02
Lymphatic.endothelial	MBRT_vs_Ctrl	HALLMARK_DNA_REPAIR	MSigDB_Hallmark	exploratory	0.904228606921274	0.564612326043738	0.852699199819678	Pcna,Nt5c3,Tyms,Npr2,Trp53	5	150	5	Mutter_02
Lymphatic.endothelial	MBRT_vs_Ctrl	HALLMARK_ESTROGEN_RESPONSE_EARLY	MSigDB_Hallmark	exploratory	0.950630848665817	0.51219512195122	0.852699199819678	Ccnd1,Fasn,Cd44,Krt18,Ar,Msmb,Krt8,Igf1r,Sfn,Krt19	10	200	32	Mutter_02
Lymphatic.endothelial	MBRT_vs_Ctrl	HALLMARK_INTERFERON_ALPHA_RESPONSE	MSigDB_Hallmark	exploratory	-0.899947357645286	0.609403254972875	0.852699199819678	Ifitm2,Ifi27,B2m,Ifi44l,Ccrl2,Bst2	6	100	23	Mutter_02
Lymphatic.endothelial	MBRT_vs_Ctrl	HALLMARK_KRAS_SIGNALING_DN	MSigDB_Hallmark	exploratory	-0.892977137741017	0.590316573556797	0.852699199819678	Ifng,Krt15,Ifi44l,Krt1,Fgfr3,Cpb1	6	202	16	Mutter_02
Lymphatic.endothelial	MBRT_vs_Ctrl	HALLMARK_PANCREAS_BETA_CELLS	MSigDB_Hallmark	exploratory	-1.0220220255114	0.477459016393443	0.852699199819678	Dpp4,Sst,Gcg	3	40	4	Mutter_02
Lymphatic.endothelial	MBRT_vs_Ctrl	HALLMARK_PEROXISOME	MSigDB_Hallmark	exploratory	-0.966046045568207	0.534836065573771	0.852699199819678	Sod1,Ttr	2	102	4	Mutter_02
Lymphatic.endothelial	MBRT_vs_Ctrl	HALLMARK_UV_RESPONSE_UP	MSigDB_Hallmark	exploratory	-0.891949953564111	0.618279569892473	0.852699199819678	H2-Q1,Junb,H2-M3,Icam1,Rxrb,Lyn,H2-Q2,Atf3,Bmp2,Sqstm1,Casp3,Fgf18,Gpx3,Tap1	14	158	24	Mutter_02
Lymphatic.endothelial	MBRT_vs_Ctrl	HALLMARK_XENOBIOTIC_METABOLISM	MSigDB_Hallmark	exploratory	0.882113411341675	0.621978021978022	0.852699199819678	Arg1,Ptges3,Igf1,Apoe,Hsd17b2,Il1r1,Ddc	7	203	20	Mutter_02
Lymphatic.endothelial	MBRT_vs_Ctrl	TypeI_interferon	project	primary	1.01870730060023	0.447265625	0.852699199819678	Ifit1,Stat1,Oas2,Ifitm1,Ifitm3,Mx1,Oasl1	7	19	7	Mutter_02
Lymphatic.endothelial	MBRT_vs_Ctrl	HALLMARK_BILE_ACID_METABOLISM	MSigDB_Hallmark	exploratory	-0.857968022932313	0.648261758691207	0.864349011588275	Sod1,Ttr	2	112	6	Mutter_02
Lymphatic.endothelial	MBRT_vs_Ctrl	HALLMARK_PROTEIN_SECRETION	MSigDB_Hallmark	exploratory	-0.805862080641542	0.702087286527514	0.912713472485768	Sod1	1	96	9	Mutter_02
Lymphatic.endothelial	MBRT_vs_Ctrl	HALLMARK_HEME_METABOLISM	MSigDB_Hallmark	exploratory	0.767655090377103	0.762183235867446	0.966671421100176	Slc2a1,Nr3c1,Aqp3,Lamp2,Myl4,Epor	6	194	6	Mutter_02
Lymphatic.endothelial	MBRT_vs_Ctrl	HALLMARK_P53_PATHWAY	MSigDB_Hallmark	exploratory	0.778329067704809	0.825892857142857	0.978494623655914	Rxra,S100a10,Hdac3,Ier3,Ndrg1,Serpinb5,Cdkn1a,Cd81,Tnfsf9	9	199	39	Mutter_02
Lymphatic.endothelial	MBRT_vs_Ctrl	HALLMARK_PI3K_AKT_MTOR_SIGNALING	MSigDB_Hallmark	exploratory	0.756817682824	0.827956989247312	0.978494623655914	Pfn1,Cdkn1a,Rac1,Akt1,Sfn,Slc2a1,Hsp90b1,Egfr	8	105	16	Mutter_02
Lymphatic.endothelial	MBRT_vs_Ctrl	HALLMARK_TNFA_SIGNALING_VIA_NFKB	MSigDB_Hallmark	exploratory	0.818824323388073	0.827050997782705	0.978494623655914	Ccnd1,Jag1,Cxcl1,Gpr183,Olr1,Klf2,Ier3,Vegfa,Nfkb1,Gadd45b,Cdkn1a,Cd44	12	199	75	Mutter_02
Lymphatic.endothelial	MBRT_vs_Ctrl	DNA_Damage_Repair	project	primary	0.714382206363943	0.85	0.982222222222222	Parp1,Gadd45b,Cdkn1a,Chek1,Chek2	5	18	10	Mutter_02
Lymphatic.endothelial	MBRT_vs_Ctrl	HALLMARK_ALLOGRAFT_REJECTION	MSigDB_Hallmark	exploratory	-0.721396418160645	0.968586387434555	0.986636971046771	Il12a,Cd3g,Cd8a,Ets1,Il11,Inhba,Ifng,H2-M3,H2-T23,Icam1,H2-DMb1,B2m,H2-DMa,Il12rb1,Stat4,Krt1,Lif,H2-Aa,Lyn,Prf1,Fgr,Ccr1,Acvr2a,Cd8b1,Il2rb,Il2ra,Cd3e	27	201	99	Mutter_02
Lymphatic.endothelial	MBRT_vs_Ctrl	HALLMARK_APICAL_JUNCTION	MSigDB_Hallmark	exploratory	0.602501224713759	0.986636971046771	0.986636971046771	Vcam1,Pfn1,Mmp9,Itga3,Cd86,Itgb1,Itgb4,Cx3cl1,Mapk14,Vcan,Ptprc,Itga9,Cdh1,Fyb,Tnfrsf11b	15	199	38	Mutter_02
Lymphatic.endothelial	MBRT_vs_Ctrl	HALLMARK_APICAL_SURFACE	MSigDB_Hallmark	exploratory	-0.57752205444693	0.955938697318008	0.986636971046771	Gata3,Lyn,Il2rb,Efna5	4	44	10	Mutter_02
Lymphatic.endothelial	MBRT_vs_Ctrl	HALLMARK_IL2_STAT5_SIGNALING	MSigDB_Hallmark	exploratory	-0.633069005588818	0.983899821109123	0.986636971046771	Rora,Il1rl1,Etv4,Tnfsf10,Muc1,Tnfrsf1b,Itgav,Bmpr2,Lif,Itga6,Il2rb,Bcl2l1,Il2ra,Il1r2,Eomes,Il10ra,Bcl2,Tlr7,Bmp2,Tnfrsf4,Casp3,Irf4,Icos,Alcam	24	199	58	Mutter_02
Lymphatic.endothelial	MBRT_vs_Ctrl	HALLMARK_IL6_JAK_STAT3_SIGNALING	MSigDB_Hallmark	exploratory	-0.683040006658918	0.954954954954955	0.986636971046771	Acvr1b,Cd36,Osmr,Cxcl2,Tnfrsf1b,Reg1,Ltbr,Il12rb1,Cxcl3,Jun,Il13ra1,Ccr1,Il2ra,Il1r2	14	88	54	Mutter_02
Lymphatic.endothelial	MBRT_vs_Ctrl	HALLMARK_INFLAMMATORY_RESPONSE	MSigDB_Hallmark	exploratory	-0.663051470828982	0.982300884955752	0.986636971046771	Clec5a,Acvr1b,Tnfsf15,Osmr,Fpr1,Inhba,Rgs1,Tnfsf10,Marco,Icam1,Tnfrsf1b,Lif,Ccrl2,Tnfaip6,Bst2,Lyn,Acvr2a,Rela,Il2rb,Itgb8,Nlrp3,Tlr1,Emp3,Ptger4,Csf3r	25	201	84	Mutter_02
Lymphatic.endothelial	MBRT_vs_Ctrl	HALLMARK_UNFOLDED_PROTEIN_RESPONSE	MSigDB_Hallmark	exploratory	0.553481726604181	0.957115009746589	0.986636971046771	Vegfa,Ccl2,Hsp90b1,Xbp1,Atf3,Bag3	6	113	6	Mutter_02
Lymphatic.endothelial	MBRT_vs_SBRT	HALLMARK_APOPTOSIS	MSigDB_Hallmark	exploratory	-1.82046921890438	0.000331485035633125	0.0172372218529225	Clu,Casp3,Hmgb2,Krt18,Top2a,Gsn,Jun,Sqstm1,Lmna,Gadd45b,Ccnd1,Dcn,Sod1,Rela,Anxa1,Cd44,Ctnnb1,Gpx1,Ifitm3,Hspb1,Atf3,Erbb3,Mmp2,Cd2,Tnfrsf12a,Tnf,Fas,Rara,Igf2r,Il18	30	160	63	Mutter_02
Lymphatic.endothelial	MBRT_vs_SBRT	HALLMARK_MITOTIC_SPINDLE	MSigDB_Hallmark	exploratory	-1.8932814197785	0.00110507751310267	0.0287320153406694	Top2a,Nusap1,Dst,Gsn,Ezr,Abl1	6	199	11	Mutter_02
Lymphatic.endothelial	MBRT_vs_SBRT	HALLMARK_EPITHELIAL_MESENCHYMAL_TRANSITION	MSigDB_Hallmark	exploratory	-1.53770941546371	0.00952089757843195	0.165028891359487	Col6a2,Col1a2,Vim,Col1a1,Dst,Vegfa,Jun,Gadd45b,Col5a3,Dcn,Lgals1,Igfbp3,Col16a1,Cd44,Acta2,Cxcl2,Col4a1,Col6a3,Mmp2,Itgav,Tnfrsf12a,Thbs2,Fas,Bmp1	24	206	72	Mutter_02
Lymphatic.endothelial	MBRT_vs_SBRT	HALLMARK_ESTROGEN_RESPONSE_EARLY	MSigDB_Hallmark	exploratory	-1.52959415947688	0.0232272182987724	0.171028784365552	Krt8,Krt19,Krt18,Ccnd1,Jak2,Ptges,Cd44,Xbp1	8	200	32	Mutter_02
Lymphatic.endothelial	MBRT_vs_SBRT	HALLMARK_IL2_STAT5_SIGNALING	MSigDB_Hallmark	exploratory	-1.53224895603417	0.0143671324304597	0.171028784365552	Alcam,Casp3,Col6a1,Itga6,Il4ra,Gadd45b,Sell,Il3ra,Eomes,Cd81,Etv4,Cd44,Anxa4,Xbp1,Bmpr2,Ifitm3,Rora,Cd48,Itgav,Spry4,Icos,Igf2r,Ndrg1	23	199	58	Mutter_02
Lymphatic.endothelial	MBRT_vs_SBRT	HALLMARK_KRAS_SIGNALING_UP	MSigDB_Hallmark	exploratory	1.46674083379871	0.025596055315167	0.171028784365552	Lif,Csf2,Csf2ra,Cxcl10,Arg1,Tnfrsf1b,St6gal1,Mmp9,Spp1,Spry2,Pecam1,Fcer1g,Ccl20,Pdcd1lg2,Il10ra,Sparcl1,Cd37,Cidea,Il1b,Cxcr4,Tlr8,Gpnmb,Ace,Il7r,Itga2,Adgrl4	26	203	47	Mutter_02
Lymphatic.endothelial	MBRT_vs_SBRT	HALLMARK_PROTEIN_SECRETION	MSigDB_Hallmark	exploratory	-1.58344405428713	0.0263121206716234	0.171028784365552	Krt18,Dst,Ica1,Sod1	4	96	9	Mutter_02
Lymphatic.endothelial	MBRT_vs_SBRT	TypeII_interferon	project	primary	1.77445839066907	0.0186200853841645	0.171028784365552	Cxcl9,Ciita,Cxcl10,H2-Eb1,H2-Ab1	5	17	8	Mutter_02
Lymphatic.endothelial	MBRT_vs_SBRT	HALLMARK_KRAS_SIGNALING_DN	MSigDB_Hallmark	exploratory	1.56738755593068	0.0317294956940442	0.183325975121144	Ifi44l,Il12b,Egf,Tcl1,Pdcd1,Tgfb2,Ryr2	7	202	16	Mutter_02
Lymphatic.endothelial	MBRT_vs_SBRT	HALLMARK_CHOLESTEROL_HOMEOSTASIS	MSigDB_Hallmark	exploratory	-1.57069670317283	0.0376533840875856	0.195797597255445	Clu,Alcam,Ldlr,Cd9,Ctnnb1,Atf3,Tnfrsf12a	7	75	13	Mutter_02
Lymphatic.endothelial	MBRT_vs_SBRT	HALLMARK_IL6_JAK_STAT3_SIGNALING	MSigDB_Hallmark	exploratory	1.4166561515167	0.0424463690204462	0.200655562642109	Acvrl1,Cxcl9,Il12rb1,Pf4,Il13ra1,Ltbr,Csf2,Il2ra,Il6,Il7,Csf2ra,Cxcl10,Csf3r,Ltb,Pdgfc,Tnfrsf1b	16	88	54	Mutter_02
Lymphatic.endothelial	MBRT_vs_SBRT	HALLMARK_ESTROGEN_RESPONSE_LATE	MSigDB_Hallmark	exploratory	-1.39431221918225	0.0656	0.284266666666667	Krt19,Top2a,Cdh1,Ccnd1,Jak2,Ptges,Cd9,Cd44,Xbp1,Celsr2,Gper1	11	206	33	Mutter_02
Lymphatic.endothelial	MBRT_vs_SBRT	HALLMARK_HYPOXIA	MSigDB_Hallmark	exploratory	-1.34839008496606	0.0864600326264274	0.34584013050571	S100a4,Tgfb3,Rbpj,Vegfa,Jun,Dcn,Btg1,Igfbp3,Efna1,Dusp1,Inha,Rora,Atf3	13	200	39	Mutter_02
Lymphatic.endothelial	MBRT_vs_SBRT	HALLMARK_ANDROGEN_RESPONSE	MSigDB_Hallmark	exploratory	-1.38036326454764	0.0986394557823129	0.36354556803995	Krt8,Krt19,Arid5b,Ccnd1,Akt1,B2m,Myl12a,Itgav	8	112	17	Mutter_02
Lymphatic.endothelial	MBRT_vs_SBRT	HALLMARK_PEROXISOME	MSigDB_Hallmark	exploratory	-1.38623158365136	0.104868913857678	0.36354556803995	Top2a,Sod1,Ttr	3	102	4	Mutter_02
Lymphatic.endothelial	MBRT_vs_SBRT	HALLMARK_ALLOGRAFT_REJECTION	MSigDB_Hallmark	exploratory	1.19666815274869	0.11377245508982	0.364016299237279	H2-DMb1,Cxcl9,H2-DMa,Il12rb1,Lif,Pf4,Il2ra,Irf4,Il6,Il7,Il12b,Cd4,Cd3e,Ltb,Cd3g,Ncr1,Cd8b1,Itgal,Mmp9,Tlr2,Ifnar2,Tgfb1,Tgfb2,Il10,Cd79a,Ccl2,Tap2,H2-Aa,H2-Q10,Tlr3,H2-M3,Cd28,Srgn,Il1b,H2-T23,Cd74,Tap1,Il2rb,Il16,Cd40lg,Hif1a,Cd86	42	201	99	Mutter_02
Lymphatic.endothelial	MBRT_vs_SBRT	HALLMARK_MTORC1_SIGNALING	MSigDB_Hallmark	exploratory	-1.3422519761411	0.119005328596803	0.364016299237279	Ldlr,Sqstm1,Ppia,Cd9,Xbp1	5	201	13	Mutter_02
Lymphatic.endothelial	MBRT_vs_SBRT	HALLMARK_TGF_BETA_SIGNALING	MSigDB_Hallmark	exploratory	-1.32590804778298	0.141361256544503	0.386883438963902	Hdac1,Cdh1,Junb,Ifngr2,Ctnnb1,Bmpr2	6	54	15	Mutter_02
Lymphatic.endothelial	MBRT_vs_SBRT	HALLMARK_UV_RESPONSE_DN	MSigDB_Hallmark	exploratory	-1.27294375849782	0.138535031847134	0.386883438963902	Nfkb1,Col1a2,Col1a1,Ldlr,Adgrl2,Ica1,Dusp1,Anxa4	8	144	31	Mutter_02
Lymphatic.endothelial	MBRT_vs_SBRT	HALLMARK_MYC_TARGETS_V1	MSigDB_Hallmark	exploratory	-1.32640184927453	0.152854511970534	0.397421731123389	Ppia,Pcna,H2az1,Rack1,Myc,Ptges3	6	201	9	Mutter_02
Lymphatic.endothelial	MBRT_vs_SBRT	HALLMARK_GLYCOLYSIS	MSigDB_Hallmark	exploratory	-1.26807966601494	0.181975736568458	0.43377596186585	Vegfa,Ppia,Dcn,Sod1,Igfbp3,Cd44,Stmn1	7	200	18	Mutter_02
Lymphatic.endothelial	MBRT_vs_SBRT	HALLMARK_OXIDATIVE_PHOSPHORYLATION	MSigDB_Hallmark	exploratory	-1.27374163729025	0.183520599250936	0.43377596186585	Glud1,Atp5e	2	199	4	Mutter_02
Lymphatic.endothelial	MBRT_vs_SBRT	HALLMARK_UNFOLDED_PROTEIN_RESPONSE	MSigDB_Hallmark	exploratory	-1.22618151586103	0.233962264150943	0.52895816242822	Vegfa,Xbp1,Atf3	3	113	6	Mutter_02
Lymphatic.endothelial	MBRT_vs_SBRT	HALLMARK_HEDGEHOG_SIGNALING	MSigDB_Hallmark	exploratory	-1.19556398202562	0.262172284644195	0.568039950062422	Vegfa	1	36	4	Mutter_02
Lymphatic.endothelial	MBRT_vs_SBRT	HALLMARK_E2F_TARGETS	MSigDB_Hallmark	exploratory	-1.13214725449125	0.296232876712329	0.579710144927536	Hmgb2,Top2a,Pcna,Stmn1,Mki67,Trp53,Mlh1,H2az1,Pttg1,Birc5,Tubb5	11	200	19	Mutter_02
Lymphatic.endothelial	MBRT_vs_SBRT	HALLMARK_MYOGENESIS	MSigDB_Hallmark	exploratory	-1.120923910358	0.279674796747968	0.579710144927536	Clu,Col6a2,Col1a1,Gsn,Gadd45b,Igfbp3	6	201	38	Mutter_02
Lymphatic.endothelial	MBRT_vs_SBRT	HALLMARK_UV_RESPONSE_UP	MSigDB_Hallmark	exploratory	-1.1218575449398	0.301003344481605	0.579710144927536	Casp3,Sqstm1,Junb,Btg1,Lyn,Icam1,Atf3	7	158	24	Mutter_02
Lymphatic.endothelial	MBRT_vs_SBRT	HALLMARK_FATTY_ACID_METABOLISM	MSigDB_Hallmark	exploratory	-1.12878034895241	0.326785714285714	0.585960591133005	Lgals1,S100a10,Ppara,Glul,H2az1,Hsp90aa1	6	157	11	Mutter_02
Lymphatic.endothelial	MBRT_vs_SBRT	HALLMARK_TNFA_SIGNALING_VIA_NFKB	MSigDB_Hallmark	exploratory	-1.08929097885324	0.31651376146789	0.585960591133005	Nfkb1,Ldlr,Vegfa,Jun,Sqstm1,Junb,Gadd45b,Ccnd1,Btg1,Rela,Ifngr2,Efna1,Cd44,Dusp1,Cxcl2	15	199	75	Mutter_02
Lymphatic.endothelial	MBRT_vs_SBRT	HALLMARK_COMPLEMENT	MSigDB_Hallmark	exploratory	-1.07488831318892	0.338187702265372	0.586192017259978	Clu,Casp3,Gzmb,Jak2,Gata3,Lyn,Cxcl2	7	196	42	Mutter_02
Lymphatic.endothelial	MBRT_vs_SBRT	DNA_Damage_Repair	project	primary	1.06512840559003	0.393736017897092	0.59576895650107	Cdkn1a	1	18	10	Mutter_02
Lymphatic.endothelial	MBRT_vs_SBRT	HALLMARK_BILE_ACID_METABOLISM	MSigDB_Hallmark	exploratory	-1.06266302643994	0.392452830188679	0.59576895650107	Sod1,Ttr,Ar	3	112	6	Mutter_02
Lymphatic.endothelial	MBRT_vs_SBRT	HALLMARK_G2M_CHECKPOINT	MSigDB_Hallmark	exploratory	-1.04643245189819	0.384745762711864	0.59576895650107	Top2a,Nusap1,Ccnd1,Abl1,Stmn1,Mki67,Mapk14	7	198	22	Mutter_02
Lymphatic.endothelial	MBRT_vs_SBRT	HALLMARK_INTERFERON_ALPHA_RESPONSE	MSigDB_Hallmark	exploratory	-1.04778615648334	0.400998336106489	0.59576895650107	Il4ra,Sell,B2m,Ifi27,Cd47,Bst2,Ifitm3	7	100	23	Mutter_02
Lymphatic.endothelial	MBRT_vs_SBRT	HALLMARK_REACTIVE_OXYGEN_SPECIES_PATHWAY	MSigDB_Hallmark	exploratory	-1.10702220071477	0.372659176029963	0.59576895650107	Junb,Sod1	2	48	4	Mutter_02
Lymphatic.endothelial	MBRT_vs_SBRT	HALLMARK_INTERFERON_GAMMA_RESPONSE	MSigDB_Hallmark	exploratory	0.996409055466919	0.48169014084507	0.695774647887324	Cdkn1a,Cxcl9,H2-DMa,Cd274,Ciita,Irf4,Ifi44l,Il6,Il7,Cxcl10,H2-Eb1,Vcam1	12	205	63	Mutter_02
Lymphatic.endothelial	MBRT_vs_SBRT	HALLMARK_COAGULATION	MSigDB_Hallmark	exploratory	-0.97722120901464	0.501655629139073	0.705029532844102	Clu,Gsn,Cd9,Anxa1,Mmp2,Fyn,Bmp1,Dusp6	8	139	26	Mutter_02
Lymphatic.endothelial	MBRT_vs_SBRT	HALLMARK_DNA_REPAIR	MSigDB_Hallmark	exploratory	-0.963313339462828	0.554493307839388	0.758780315990742	Pcna,Trp53	2	150	5	Mutter_02
Lymphatic.endothelial	MBRT_vs_SBRT	HALLMARK_APICAL_SURFACE	MSigDB_Hallmark	exploratory	-0.886086515001658	0.603603603603604	0.801199040767386	Gata3,Lyn,Hspb1	3	44	10	Mutter_02
Lymphatic.endothelial	MBRT_vs_SBRT	HALLMARK_XENOBIOTIC_METABOLISM	MSigDB_Hallmark	exploratory	0.897165412127343	0.616306954436451	0.801199040767386	Apoe,Ddc,Arg1,Igf1,Reg1,Tgfb2	6	203	20	Mutter_02
Lymphatic.endothelial	MBRT_vs_SBRT	HALLMARK_ADIPOGENESIS	MSigDB_Hallmark	exploratory	0.824942938627827	0.720095693779904	0.809649122807018	Apoe,Gpx3,Fzd4,Sparcl1,Cidea,Lifr,Angpt1	7	200	19	Mutter_02
Lymphatic.endothelial	MBRT_vs_SBRT	HALLMARK_APICAL_JUNCTION	MSigDB_Hallmark	exploratory	-0.87315370216444	0.684552845528455	0.809649122807018	Cdh1,Itga9,Cldn4,Col16a1,Actg2,Icam1,Mmp2,Cd276,Mapk14,Bmp1	10	199	38	Mutter_02
Lymphatic.endothelial	MBRT_vs_SBRT	HALLMARK_INFLAMMATORY_RESPONSE	MSigDB_Hallmark	exploratory	-0.859916775264715	0.747368421052632	0.809649122807018	Nfkb1,Ifnar1,Il1r1,Ldlr,Il4ra,Csf3,Sell,Rela,Fzd5,Ifngr2,Lyn	11	201	84	Mutter_02
Lymphatic.endothelial	MBRT_vs_SBRT	HALLMARK_NOTCH_SIGNALING	MSigDB_Hallmark	exploratory	-0.79315559140641	0.73491773308958	0.809649122807018	Ccnd1,Fzd5	2	32	12	Mutter_02
Lymphatic.endothelial	MBRT_vs_SBRT	HALLMARK_P53_PATHWAY	MSigDB_Hallmark	exploratory	-0.857844034906285	0.707993474714519	0.809649122807018	S100a4,Jun,S100a10,Btg1,Cd81,Pcna,Atf3,Hdac3,Trp53,Fas,Rb1,Ndrg1	12	199	39	Mutter_02
Lymphatic.endothelial	MBRT_vs_SBRT	HALLMARK_PANCREAS_BETA_CELLS	MSigDB_Hallmark	exploratory	0.830371113039542	0.677350427350427	0.809649122807018	Iapp	1	40	4	Mutter_02
Lymphatic.endothelial	MBRT_vs_SBRT	HALLMARK_PI3K_AKT_MTOR_SIGNALING	MSigDB_Hallmark	exploratory	0.854776639299423	0.687203791469194	0.809649122807018	Cdkn1a	1	105	16	Mutter_02
Lymphatic.endothelial	MBRT_vs_SBRT	HALLMARK_SPERMATOGENESIS	MSigDB_Hallmark	exploratory	0.815533287901833	0.676409185803758	0.809649122807018	Ezh2,Ace,Mtor	3	135	5	Mutter_02
Lymphatic.endothelial	MBRT_vs_SBRT	HALLMARK_ANGIOGENESIS	MSigDB_Hallmark	exploratory	-0.721157525319355	0.851027397260274	0.885068493150685	S100a4,Vegfa	2	36	19	Mutter_02
Lymphatic.endothelial	MBRT_vs_SBRT	HALLMARK_HEME_METABOLISM	MSigDB_Hallmark	exploratory	0.690113820238485	0.847457627118644	0.885068493150685	Slc2a1,Epor,Lamp2,Myl4,Nr3c1,Aqp3	6	194	6	Mutter_02
Lymphatic.endothelial	MBRT_vs_SBRT	HALLMARK_WNT_BETA_CATENIN_SIGNALING	MSigDB_Hallmark	exploratory	-0.598935765078933	0.947643979057592	0.966225233548917	Rbpj,Ctnnb1,Trp53,Wnt5b,Notch1,Jag1,Hdac5,Myc,Hey1	9	42	15	Mutter_02
Lymphatic.endothelial	MBRT_vs_SBRT	TypeI_interferon	project	primary	-0.425560462220345	0.996309963099631	0.996309963099631	Ifitm3,Ifit1	2	19	7	Mutter_02
Lymphatic.endothelial	SBRT_vs_Ctrl	HALLMARK_CHOLESTEROL_HOMEOSTASIS	MSigDB_Hallmark	exploratory	2.0252145447466	5.02164200073637e-05	0.00261125384038291	Clu,Alcam,Ldlr,Ctnnb1,Jag1,Cd9,Tnfrsf12a	7	75	13	Mutter_02
Lymphatic.endothelial	SBRT_vs_Ctrl	HALLMARK_MITOTIC_SPINDLE	MSigDB_Hallmark	exploratory	1.85412867070768	0.000623132207656404	0.0162014373990665	Top2a,Nusap1,Dst,Abl1,Gsn,Ezr	6	199	11	Mutter_02
Lymphatic.endothelial	SBRT_vs_Ctrl	HALLMARK_APOPTOSIS	MSigDB_Hallmark	exploratory	1.70072594351209	0.00178553054813174	0.0309491961676169	Ccnd1,Hmgb2,Clu,Top2a,Krt18,Lmna,Gadd45b,Casp3,Ctnnb1,Gsn,Cd44,Tnfrsf12a,Anxa1,Ier3,Tnf,Gpx1,Sqstm1,Hspb1,Igf2r,Jun,Cd2,Ifitm3,Dcn	23	160	63	Mutter_02
Lymphatic.endothelial	SBRT_vs_Ctrl	HALLMARK_ESTROGEN_RESPONSE_LATE	MSigDB_Hallmark	exploratory	1.75129335049798	0.00353141829380885	0.0342611123442242	Ccnd1,Top2a,Krt19,Cdh1,Cd44,Cd9,Jak2	7	206	33	Mutter_02
Lymphatic.endothelial	SBRT_vs_Ctrl	HALLMARK_G2M_CHECKPOINT	MSigDB_Hallmark	exploratory	1.83271800092693	0.0028007162678242	0.0342611123442242	Ccnd1,Top2a,Stmn1,Nusap1,Mki67,Abl1,Mapk14,Pttg1,Ube2c	9	198	22	Mutter_02
Lymphatic.endothelial	SBRT_vs_Ctrl	HALLMARK_UV_RESPONSE_DN	MSigDB_Hallmark	exploratory	1.77873430653872	0.00395320527048741	0.0342611123442242	Col1a1,Nfkb1,Col1a2,Ldlr,Col3a1,Ica1,Rxra,Adgrl2,Tgfbr2,Anxa2,Anxa4,Mapk14	12	144	31	Mutter_02
Lymphatic.endothelial	SBRT_vs_Ctrl	TypeII_interferon	project	primary	-1.76670997688565	0.00775625695494483	0.0576179088081616	Ciita,Cxcl9,H2-Eb1,H2-Ab1,H2-Aa	5	17	8	Mutter_02
Lymphatic.endothelial	SBRT_vs_Ctrl	HALLMARK_E2F_TARGETS	MSigDB_Hallmark	exploratory	1.6866187442684	0.00986278899769123	0.0606431627444666	Hmgb2,Top2a,Stmn1,Mki67,Pcna,Dnmt1,Pttg1	7	200	19	Mutter_02
Lymphatic.endothelial	SBRT_vs_Ctrl	HALLMARK_EPITHELIAL_MESENCHYMAL_TRANSITION	MSigDB_Hallmark	exploratory	1.58274182736994	0.0104959320134654	0.0606431627444666	Col1a1,Col6a2,Col1a2,Acta2,Vegfa,Gadd45b,Dst,Lgals1,Col4a1,Col3a1,Cd44,Tnfrsf12a,Serpinh1,Cxcl1,Col5a1,Col6a3,Col5a3	17	206	72	Mutter_02
Lymphatic.endothelial	SBRT_vs_Ctrl	HALLMARK_KRAS_SIGNALING_UP	MSigDB_Hallmark	exploratory	-1.56245504508781	0.0122791500777569	0.0638515804043361	Lif,Tnfrsf1b,Ace,Ets1,Csf2,Scg5,Gpnmb,Spry2,Il10ra,Adgra2,Ccl20,Pdcd1lg2,Eng,Cxcl10,Spp1,Pecam1,Inhba,Fcer1g,Igf2,Cxcr4,Ptgs2,Pigr,Cidea,Csf2ra,Cd37,Bmp2	26	203	47	Mutter_02
Lymphatic.endothelial	SBRT_vs_Ctrl	HALLMARK_GLYCOLYSIS	MSigDB_Hallmark	exploratory	1.64735729668773	0.0143854171362608	0.0680037900986876	Stmn1,Vegfa,Ldha,Cd44,Ppia,Ier3,Col5a1	7	200	18	Mutter_02
Lymphatic.endothelial	SBRT_vs_Ctrl	HALLMARK_ESTROGEN_RESPONSE_EARLY	MSigDB_Hallmark	exploratory	1.60676201672499	0.0198604347692775	0.0794417390771102	Ccnd1,Krt8,Krt19,Krt18,Cd44,Jak2,Ar,Xbp1	8	200	32	Mutter_02
Lymphatic.endothelial	SBRT_vs_Ctrl	HALLMARK_SPERMATOGENESIS	MSigDB_Hallmark	exploratory	-1.57219910077129	0.0190262696684212	0.0794417390771102	Ace,Mtor,Scg5	3	135	5	Mutter_02
Lymphatic.endothelial	SBRT_vs_Ctrl	HALLMARK_MYC_TARGETS_V1	MSigDB_Hallmark	exploratory	1.58281056865282	0.0244499368954714	0.0908140513260365	Ldha,Ppia,Pcna,Ptges3	4	201	9	Mutter_02
Lymphatic.endothelial	SBRT_vs_Ctrl	HALLMARK_MTORC1_SIGNALING	MSigDB_Hallmark	exploratory	1.57657548692401	0.0274084991659258	0.0950161304418759	Ldlr,Ldha,Ppia,Cd9,Serpinh1,Sqstm1,Xbp1	7	201	13	Mutter_02
Lymphatic.endothelial	SBRT_vs_Ctrl	HALLMARK_INTERFERON_GAMMA_RESPONSE	MSigDB_Hallmark	exploratory	-1.36579900341662	0.0391828291737507	0.12734419481469	Ciita,H2-DMa,Klrk1,Cxcl9,Cdkn1a,Ifi44l,H2-Eb1,Cd274,H2-M3,Irf4,H2-Aa,Il7,Tnfaip6,Il10ra,Ifnar2,Stat4,Il2rb,Ifitm2,Tnfsf10,Il6,Cxcl10,H2-Q10,Xcl1,Tap1,Fpr1,Cd74,Ptgs2	27	205	63	Mutter_02
Lymphatic.endothelial	SBRT_vs_Ctrl	HALLMARK_ANDROGEN_RESPONSE	MSigDB_Hallmark	exploratory	1.52066085299543	0.0445205479452055	0.128614916286149	Ccnd1,Krt8,Krt19,Akt1,Ndrg1,Arid5b	6	112	17	Mutter_02
Lymphatic.endothelial	SBRT_vs_Ctrl	HALLMARK_IL2_STAT5_SIGNALING	MSigDB_Hallmark	exploratory	1.38570096273299	0.0432766615146832	0.128614916286149	Col6a1,Il4ra,Alcam,Gadd45b,Casp3,Cd44,Cd81,Spry4,Itga6,Ndrg1,Anxa4,Sell,Il3ra,Xbp1,Cd48,Igf2r,Ahr,Ifitm3,Eomes	19	199	58	Mutter_02
Lymphatic.endothelial	SBRT_vs_Ctrl	HALLMARK_IL6_JAK_STAT3_SIGNALING	MSigDB_Hallmark	exploratory	-1.36468190049781	0.0520591531700945	0.142477682360258	Acvrl1,Il12rb1,Ltbr,Cxcl9,Acvr1b,Il13ra1,Tnfrsf1b,Il2ra,Reg1,Csf3r,Cd36,Pdgfc,Il7,Csf2,Il1r2,Tlr2	16	88	54	Mutter_02
Lymphatic.endothelial	SBRT_vs_Ctrl	HALLMARK_PANCREAS_BETA_CELLS	MSigDB_Hallmark	exploratory	-1.46061546783908	0.0555555555555556	0.144444444444444	Dpp4,Sst	2	40	4	Mutter_02
Lymphatic.endothelial	SBRT_vs_Ctrl	HALLMARK_KRAS_SIGNALING_DN	MSigDB_Hallmark	exploratory	-1.53224740877892	0.064367816091954	0.1521421107628	Ifi44l,Il12b,Krt15,Tgfb2,Ryr2,Krt1,Cd80,Cpb1,Fgfr3,Pdcd1,Selenop,Ifng,Tcl1,Egf	14	202	16	Mutter_02
Lymphatic.endothelial	SBRT_vs_Ctrl	HALLMARK_MYOGENESIS	MSigDB_Hallmark	exploratory	1.39344004498155	0.0619902120717782	0.1521421107628	Clu,Col1a1,Col6a2,Gadd45b,Gsn,Col3a1,Mb	7	201	38	Mutter_02
Lymphatic.endothelial	SBRT_vs_Ctrl	HALLMARK_ALLOGRAFT_REJECTION	MSigDB_Hallmark	exploratory	-1.26158491075984	0.082018927444795	0.177707676130389	H2-DMb1,Cd3g,H2-DMa,Il12rb1,Lif,Cxcl9,Il2ra,Il12a,Cd3e,H2-M3,Irf4,Cd8b1,Il12b,H2-T23,H2-Aa,Ets1,Il7,Tlr2,Ifnar2,Stat4,Il2rb,Itgal,Tgfb2,Il6,Prf1,Cd28,H2-Q10,Krt1,Tap2,Inhba,Cd8a,Tap1	32	201	99	Mutter_02
Lymphatic.endothelial	SBRT_vs_Ctrl	HALLMARK_COMPLEMENT	MSigDB_Hallmark	exploratory	1.36981522459599	0.0816	0.177707676130389	Clu,Gzmb,Casp3,Jak2,Cxcl1,Calm1,Pdgfb,Pfn1,Fyn,Dusp6,Ccl5,Calm3,Olr1,Cd55,Gzma	15	196	42	Mutter_02
Lymphatic.endothelial	SBRT_vs_Ctrl	HALLMARK_ANGIOGENESIS	MSigDB_Hallmark	exploratory	1.39395957180565	0.0883333333333333	0.182142857142857	Vegfa,S100a4,Col3a1,Jag1	4	36	19	Mutter_02
Lymphatic.endothelial	SBRT_vs_Ctrl	HALLMARK_FATTY_ACID_METABOLISM	MSigDB_Hallmark	exploratory	1.42838112217842	0.0910714285714286	0.182142857142857	S100a10,Lgals1,Ldha	3	157	11	Mutter_02
Lymphatic.endothelial	SBRT_vs_Ctrl	HALLMARK_PROTEIN_SECRETION	MSigDB_Hallmark	exploratory	1.38287682431215	0.106007067137809	0.204161758932077	Krt18,Dst,Ica1,Igf2r,Egfr	5	96	9	Mutter_02
Lymphatic.endothelial	SBRT_vs_Ctrl	HALLMARK_NOTCH_SIGNALING	MSigDB_Hallmark	exploratory	1.31565118672234	0.136767317939609	0.245237949408954	Ccnd1,Jag1,Fzd7,Fzd5	4	32	12	Mutter_02
Lymphatic.endothelial	SBRT_vs_Ctrl	HALLMARK_UNFOLDED_PROTEIN_RESPONSE	MSigDB_Hallmark	exploratory	1.35247562185179	0.133093525179856	0.245237949408954	Vegfa,Xbp1	2	113	6	Mutter_02
Lymphatic.endothelial	SBRT_vs_Ctrl	HALLMARK_HYPOXIA	MSigDB_Hallmark	exploratory	1.236492818155	0.190016103059581	0.323547178929564	Vegfa,Rbpj,S100a4,Ldha,Tgfb3,Anxa2,Ndrg1,Ier3,Col5a1,Btg1,Pdgfb	11	200	39	Mutter_02
Lymphatic.endothelial	SBRT_vs_Ctrl	HALLMARK_PEROXISOME	MSigDB_Hallmark	exploratory	1.29046960043763	0.192883895131086	0.323547178929564	Top2a	1	102	4	Mutter_02
Lymphatic.endothelial	SBRT_vs_Ctrl	HALLMARK_HEDGEHOG_SIGNALING	MSigDB_Hallmark	exploratory	1.1371647627506	0.363295880149813	0.572466235387584	Vegfa,Hey1	2	36	4	Mutter_02
Lymphatic.endothelial	SBRT_vs_Ctrl	HALLMARK_TNFA_SIGNALING_VIA_NFKB	MSigDB_Hallmark	exploratory	1.05211979715232	0.353823088455772	0.572466235387584	Ccnd1,Nfkb1,Vegfa,Gadd45b,Ldlr,Cd44,Jag1,Ifngr2,Ier3,Cxcl1,Btg1,Tnf,Sqstm1,Klf2,Tnfsf9,Jun,Stat5a,Ccl5,Rela,Ccl4,Olr1,Dusp4,Ifih1	23	199	75	Mutter_02
Lymphatic.endothelial	SBRT_vs_Ctrl	HALLMARK_P53_PATHWAY	MSigDB_Hallmark	exploratory	1.03926034751707	0.405797101449275	0.602898550724638	S100a10,S100a4,Cd81,Hdac3,Rxra,Ndrg1,Pcna,Ier3,Btg1,Tnfsf9,Jun,Itgb4,Serpinb5,Fgf13	14	199	39	Mutter_02
Lymphatic.endothelial	SBRT_vs_Ctrl	HALLMARK_WNT_BETA_CATENIN_SIGNALING	MSigDB_Hallmark	exploratory	1.05321758763523	0.398916967509025	0.602898550724638	Rbpj,Ctnnb1,Jag1	3	42	15	Mutter_02
Lymphatic.endothelial	SBRT_vs_Ctrl	HALLMARK_OXIDATIVE_PHOSPHORYLATION	MSigDB_Hallmark	exploratory	1.04572550930533	0.456928838951311	0.660008322929671	Ldha,Glud1,Atp5e	3	199	4	Mutter_02
Lymphatic.endothelial	SBRT_vs_Ctrl	HALLMARK_REACTIVE_OXYGEN_SPECIES_PATHWAY	MSigDB_Hallmark	exploratory	-1.03293149276297	0.480769230769231	0.675675675675676	Gpx3	1	48	4	Mutter_02
Lymphatic.endothelial	SBRT_vs_Ctrl	HALLMARK_DNA_REPAIR	MSigDB_Hallmark	exploratory	0.937866205706265	0.547970479704797	0.74985434064867	Pcna,Trp53	2	150	5	Mutter_02
Lymphatic.endothelial	SBRT_vs_Ctrl	DNA_Damage_Repair	project	primary	0.921376761358803	0.570422535211268	0.76056338028169	Gadd45b,Parp1	2	18	10	Mutter_02
Lymphatic.endothelial	SBRT_vs_Ctrl	HALLMARK_BILE_ACID_METABOLISM	MSigDB_Hallmark	exploratory	0.873701331191198	0.616906474820144	0.782417968064573	Rxra,Ar,Gc	3	112	6	Mutter_02
Lymphatic.endothelial	SBRT_vs_Ctrl	HALLMARK_COAGULATION	MSigDB_Hallmark	exploratory	0.906315330461767	0.612111292962357	0.782417968064573	Clu,Gsn,Cd9,Anxa1,Pdgfb,Fyn,Dusp6,Rac1,Olr1	9	139	26	Mutter_02
Lymphatic.endothelial	SBRT_vs_Ctrl	HALLMARK_UV_RESPONSE_UP	MSigDB_Hallmark	exploratory	-0.88526522309479	0.634085213032582	0.785057882802244	H2-M3,Rxrb,Gpx3,H2-Q1,Fgf18	5	158	24	Mutter_02
Lymphatic.endothelial	SBRT_vs_Ctrl	HALLMARK_ADIPOGENESIS	MSigDB_Hallmark	exploratory	-0.787726943838917	0.746268656716418	0.829787234042553	Gpx3,Cd36,Apoe,Angpt1,Lep	5	200	19	Mutter_02
Lymphatic.endothelial	SBRT_vs_Ctrl	HALLMARK_APICAL_JUNCTION	MSigDB_Hallmark	exploratory	0.819594449760299	0.743882544861338	0.829787234042553	Cdh1,Itga9,Mapk14,Pfn1,Itgb4,Col16a1,Egfr,Fyb,Mapk13,Bmp1,Syk,Cd276	12	199	38	Mutter_02
Lymphatic.endothelial	SBRT_vs_Ctrl	HALLMARK_INFLAMMATORY_RESPONSE	MSigDB_Hallmark	exploratory	-0.871930585559987	0.75	0.829787234042553	Clec5a,Lif,Tnfsf15,Cxcl9,Cdkn1a,Acvr1b,Tnfrsf1b,Csf3r,Il12b,Ccrl2,Best1,Tlr2,Tnfaip6,Osmr,Il10ra,Il2rb,Ccl20,Rgs1,Tnfsf10,Il6,Cxcl10	21	201	84	Mutter_02
Lymphatic.endothelial	SBRT_vs_Ctrl	HALLMARK_PI3K_AKT_MTOR_SIGNALING	MSigDB_Hallmark	exploratory	0.789760989686145	0.746031746031746	0.829787234042553	Akt1,Sqstm1,Pfn1,Tnfrsf1a,Rac1,Egfr	6	105	16	Mutter_02
Lymphatic.endothelial	SBRT_vs_Ctrl	HALLMARK_TGF_BETA_SIGNALING	MSigDB_Hallmark	exploratory	0.810240794654628	0.74187725631769	0.829787234042553	Cdh1,Ctnnb1,Ifngr2,Hdac1	4	54	15	Mutter_02
Lymphatic.endothelial	SBRT_vs_Ctrl	HALLMARK_XENOBIOTIC_METABOLISM	MSigDB_Hallmark	exploratory	0.757647528109727	0.793570219966159	0.859701071630006	Il1r1,Arg1,Ptges3,Tnfrsf1a,Hsd17b2	5	203	20	Mutter_02
Lymphatic.endothelial	SBRT_vs_Ctrl	TypeI_interferon	project	primary	0.701619198787221	0.820652173913043	0.870896184560781	Ifit1,Ifitm3	2	19	7	Mutter_02
Lymphatic.endothelial	SBRT_vs_Ctrl	HALLMARK_HEME_METABOLISM	MSigDB_Hallmark	exploratory	-0.60598018935992	0.92152466367713	0.958385650224215	Epor,Myl4,Lamp2,Slc2a1,Aqp3,Nr3c1	6	194	6	Mutter_02
Lymphatic.endothelial	SBRT_vs_Ctrl	HALLMARK_APICAL_SURFACE	MSigDB_Hallmark	exploratory	0.559970501303842	0.959507042253521	0.959507042253521	Ephb4,Hspb1	2	44	10	Mutter_02
Lymphatic.endothelial	SBRT_vs_Ctrl	HALLMARK_INTERFERON_ALPHA_RESPONSE	MSigDB_Hallmark	exploratory	-0.615942632401218	0.947890818858561	0.959507042253521	Ifi44l,Ccrl2,Il7,Ifitm2,Cxcl10,H2-Q10,Tap1,Cd74	8	100	23	Mutter_02
Macrophage	MBRT_vs_Ctrl	HALLMARK_G2M_CHECKPOINT	MSigDB_Hallmark	exploratory	1.72709580793188	0.00814389649560552	0.141160872590496	Ccnd1,Mki67,Stmn1,Cenpf,Abl1,Nusap1,Hif1a,Egf,Notch2,H2az1,Pttg1,Tgfb1	12	198	23	Mutter_02
Macrophage	MBRT_vs_Ctrl	HALLMARK_INFLAMMATORY_RESPONSE	MSigDB_Hallmark	exploratory	1.64241013433041	0.00363111519662739	0.141160872590496	Il4ra,Il1b,Axl,Ccl2,Il10,Il18,Msr1,Nfkbia,Ccl5,Il10ra,Tlr3,Timp1,Nfkb1,Cxcl10,Sell,Fzd5,Ccr7,Ifitm1,Ldlr,Gpr183,Tnfrsf9,Ffar2,Il7r,Hif1a,Cdkn1a,Lyn,Cd48,Lamp3,Il1r1,Nod2,Ccrl2,Ifngr2,Il1a,Acvr2a,Ifnar1,Nlrp3	36	201	86	Mutter_02
Macrophage	MBRT_vs_Ctrl	HALLMARK_TNFA_SIGNALING_VIA_NFKB	MSigDB_Hallmark	exploratory	1.60021982813934	0.00660568052163687	0.141160872590496	Ccnd1,Il1b,Ccl2,Gadd45b,Il18,Nfkbia,Klf2,Ccl5,Nfkb1,Cxcl10,Ifih1,Ccl4,Stat5a,Ldlr,Gpr183,Tnfrsf9,Cxcl2,Il7r,Cxcl1,Cdkn1a,Ptgs2,Sat1,Fos,Rigi,Ccrl2,Ifngr2,Bmp2,Il1a,Cxcl3,Zfp36,Dusp5,Cd83,Cd44,Ier3,Vegfa,Phlda2,Ccl20,Efna1,Lif,Il6st,Atf3,Jag1,Tnfsf9	43	199	76	Mutter_02
Macrophage	MBRT_vs_Ctrl	HALLMARK_COMPLEMENT	MSigDB_Hallmark	exploratory	1.51961202483688	0.0249345578241029	0.259319401370671	S100a9,Pdgfb,Mmp12,Pfn1,Gzmb,Ccl5,Timp1,C1qc,Fyn,C1qa,Cxcl2,Itgam,Cxcl1,Ltf,Lyn	15	196	42	Mutter_02
Macrophage	MBRT_vs_Ctrl	HALLMARK_EPITHELIAL_MESENCHYMAL_TRANSITION	MSigDB_Hallmark	exploratory	1.42860142851284	0.022823977424581	0.259319401370671	Col3a1,Col1a1,Col12a1,Acta2,Col4a1,Col1a2,Bgn,Gadd45b,Serpinh1,Mfap5,Wnt5a,Timp1,Col5a3,Dcn,Col5a1,Cxcl2,Cxcl1,Notch2,Tnfrsf11b,Tnfrsf12a,Sat1,Col6a3,Lgals1,Itga2,Cxcl12,Tgfb1,Col6a2,Cxcl3,Igfbp3,Vcam1,Vegfc,Cd44	32	206	72	Mutter_02
Macrophage	MBRT_vs_Ctrl	HALLMARK_CHOLESTEROL_HOMEOSTASIS	MSigDB_Hallmark	exploratory	1.51476379260767	0.0552147239263804	0.466106442577031	Fabp5,Fasn,Ldlr,Tnfrsf12a,Ctnnb1,Lgals3	6	75	13	Mutter_02
Macrophage	MBRT_vs_Ctrl	HALLMARK_UV_RESPONSE_DN	MSigDB_Hallmark	exploratory	1.43521092260868	0.0627450980392157	0.466106442577031	Col3a1,Col1a1,Col1a2,Tgfbr2,Nfkb1,Fyn,Ldlr,Igfbp5,Notch2,Bmpr1a,Anxa2,Acvr2a,Ica1	13	144	32	Mutter_02
Macrophage	MBRT_vs_Ctrl	HALLMARK_PANCREAS_BETA_CELLS	MSigDB_Hallmark	exploratory	-1.44150227030331	0.081419624217119	0.529227557411273	Dpp4,Sst,Gcg	3	40	4	Mutter_02
Macrophage	MBRT_vs_Ctrl	HALLMARK_NOTCH_SIGNALING	MSigDB_Hallmark	exploratory	1.395916112589	0.0946502057613169	0.546867855509831	Ccnd1,Notch3,Wnt5a,Fzd5,Notch2	5	32	12	Mutter_02
Macrophage	MBRT_vs_Ctrl	HALLMARK_PEROXISOME	MSigDB_Hallmark	exploratory	-1.32630974533042	0.127348643006263	0.662212943632568	Ttr,Sod1,Msh2	3	102	4	Mutter_02
Macrophage	MBRT_vs_Ctrl	HALLMARK_ALLOGRAFT_REJECTION	MSigDB_Hallmark	exploratory	1.1175935912063	0.223484848484848	0.708751793400287	Srgn,Il4ra,Il1b,Pf4,Csk,Ccl2,Il10,Il18,Gzmb,Cd3d,Ptprc,Ccl5,Il7,Tlr3,Timp1,Ccr5,Ccl4,Cxcr3,Ccr2,Fasl,Hif1a,Ccl19,Mmp9,Lyn,Akt1	25	201	102	Mutter_02
Macrophage	MBRT_vs_Ctrl	HALLMARK_ANGIOGENESIS	MSigDB_Hallmark	exploratory	1.19125000752818	0.231707317073171	0.708751793400287	Col3a1,Pf4,Timp1	3	36	19	Mutter_02
Macrophage	MBRT_vs_Ctrl	HALLMARK_ESTROGEN_RESPONSE_LATE	MSigDB_Hallmark	exploratory	1.1848876882557	0.217821782178218	0.708751793400287	S100a9,Ccnd1,Krt19,Fabp5	4	206	35	Mutter_02
Macrophage	MBRT_vs_Ctrl	HALLMARK_IL2_STAT5_SIGNALING	MSigDB_Hallmark	exploratory	1.17389418142712	0.204322200392927	0.708751793400287	Il4ra,Ctla4,Il10,Gadd45b,Il10ra,Cxcl10,Spry4,Il1rl1,Sell,Il1r2,Tnfrsf9,Il3ra,Cd48,Cd81,Icos,Cst7	16	199	58	Mutter_02
Macrophage	MBRT_vs_Ctrl	HALLMARK_INTERFERON_GAMMA_RESPONSE	MSigDB_Hallmark	exploratory	-1.15950037261453	0.165656565656566	0.708751793400287	Ifi27,Xcl1,Ifitm2,Ciita,Fpr1,Cmklr1,Casp3,Cd38,H2-D1,Ido1,Cd69,Fas,Ifi44l	13	205	65	Mutter_02
Macrophage	MBRT_vs_Ctrl	HALLMARK_MITOTIC_SPINDLE	MSigDB_Hallmark	exploratory	1.24889761887835	0.207243460764588	0.708751793400287	Cenpf,Abl1,Nusap1,Notch2,Plekhg2,Apc	6	199	11	Mutter_02
Macrophage	MBRT_vs_Ctrl	HALLMARK_SPERMATOGENESIS	MSigDB_Hallmark	exploratory	-1.2810515961266	0.190380761523046	0.708751793400287	Ace,Cdkn3,Ezh2,Il12rb2	4	135	6	Mutter_02
Macrophage	MBRT_vs_Ctrl	HALLMARK_ESTROGEN_RESPONSE_EARLY	MSigDB_Hallmark	exploratory	1.13463515742208	0.252	0.723149336756526	Ccnd1,Krt19,Fasn,Krt13,Sfn,Krt18,Ar,Fos,Krt8,Cxcl12,Slc2a1,Msmb,Cd44	13	200	33	Mutter_02
Macrophage	MBRT_vs_Ctrl	TypeI_interferon	project	primary	1.19183852326923	0.264227642276423	0.723149336756526	Ifitm1,Ifit1,Oas2	3	19	7	Mutter_02
Macrophage	MBRT_vs_Ctrl	HALLMARK_ADIPOGENESIS	MSigDB_Hallmark	exploratory	-1.07961123969019	0.370588235294118	0.726103646833013	Sparcl1,Lep,Sod1,Lifr,Fzd4,Col15a1,Vegfb	7	200	19	Mutter_02
Macrophage	MBRT_vs_Ctrl	HALLMARK_ANDROGEN_RESPONSE	MSigDB_Hallmark	exploratory	1.10895291802834	0.309859154929577	0.726103646833013	Ccnd1,Krt19,Selenop,Mertk,Sat1,Akt1,Krt8	7	112	17	Mutter_02
Macrophage	MBRT_vs_Ctrl	HALLMARK_APOPTOSIS	MSigDB_Hallmark	exploratory	0.979891748816447	0.471774193548387	0.726103646833013	Ccnd1,Il1b,Bgn,Gadd45b,Il18,Hgf,Timp1,Hmgb2,Dcn,Fasl,Krt18,Cdkn1a,Tnfrsf12a,Sat1,Ctnnb1,Lmna,Lgals3,Erbb3,Bmp2,Il1a	20	160	64	Mutter_02
Macrophage	MBRT_vs_Ctrl	HALLMARK_BILE_ACID_METABOLISM	MSigDB_Hallmark	exploratory	-1.08338458536961	0.370741482965932	0.726103646833013	Ttr,Sod1	2	112	6	Mutter_02
Macrophage	MBRT_vs_Ctrl	HALLMARK_COAGULATION	MSigDB_Hallmark	exploratory	0.972806116540604	0.47713717693837	0.726103646833013	Pf4,Pdgfb,Vwf,Timp1,Fyn,Rac1,C1qa	7	139	28	Mutter_02
Macrophage	MBRT_vs_Ctrl	HALLMARK_E2F_TARGETS	MSigDB_Hallmark	exploratory	1.11760921668725	0.294949494949495	0.726103646833013	Mki67,Stmn1,Hmgb2,Pcna,Cdkn1a,Dnmt1,H2az1,Pttg1	8	200	20	Mutter_02
Macrophage	MBRT_vs_Ctrl	HALLMARK_HEME_METABOLISM	MSigDB_Hallmark	exploratory	-0.921195518699208	0.533333333333333	0.726103646833013	Ackr1,Epor,Lamp2	3	194	7	Mutter_02
Macrophage	MBRT_vs_Ctrl	HALLMARK_HYPOXIA	MSigDB_Hallmark	exploratory	1.00708435330634	0.437751004016064	0.726103646833013	Pdgfb,Bgn,Dcn,Col5a1,Cdkn1a,Fos,Pgf,Anxa2,Zfp36,Igfbp3,Slc2a1,S100a4,Ier3,Vegfa,Efna1,Atf3,Ndrg1	17	200	39	Mutter_02
Macrophage	MBRT_vs_Ctrl	HALLMARK_INTERFERON_ALPHA_RESPONSE	MSigDB_Hallmark	exploratory	0.998661678145458	0.456032719836401	0.726103646833013	Il4ra,Il7,Cxcl10,Ifih1,Sell,Ifitm1	6	100	23	Mutter_02
Macrophage	MBRT_vs_Ctrl	HALLMARK_KRAS_SIGNALING_DN	MSigDB_Hallmark	exploratory	-1.02265619519837	0.415686274509804	0.726103646833013	Cntfr,Krt15,Fgfr3,Ifi44l,Krt1,Tgfb2	6	202	19	Mutter_02
Macrophage	MBRT_vs_Ctrl	HALLMARK_KRAS_SIGNALING_UP	MSigDB_Hallmark	exploratory	0.966965141492704	0.52738336713996	0.726103646833013	Il1b,Arg1,Il33,Ephb2,Pdcd1lg2,Il10ra,St6gal1,Apod,Cxcl10	9	203	49	Mutter_02
Macrophage	MBRT_vs_Ctrl	HALLMARK_MTORC1_SIGNALING	MSigDB_Hallmark	exploratory	0.98038757802188	0.473577235772358	0.726103646833013	Serpinh1,Ldlr,Igfbp5,Cdkn1a	4	201	14	Mutter_02
Macrophage	MBRT_vs_Ctrl	HALLMARK_MYOGENESIS	MSigDB_Hallmark	exploratory	0.955537486726446	0.534136546184739	0.726103646833013	Col3a1,Col1a1,Gadd45b,Apod,Igf1,Myl7,Cdkn1a,Col6a3,Igfbp7,Rb1,Erbb3,Cd36,Tgfb1,Col6a2	14	201	39	Mutter_02
Macrophage	MBRT_vs_Ctrl	HALLMARK_OXIDATIVE_PHOSPHORYLATION	MSigDB_Hallmark	exploratory	-0.949979511558284	0.546972860125261	0.726103646833013	Bax,Atp5e	2	199	4	Mutter_02
Macrophage	MBRT_vs_Ctrl	HALLMARK_PI3K_AKT_MTOR_SIGNALING	MSigDB_Hallmark	exploratory	1.10156504494442	0.318275154004107	0.726103646833013	Pfn1,Rac1,Fasl,Sfn,Cdkn1a,Akt1	6	105	16	Mutter_02
Macrophage	MBRT_vs_Ctrl	HALLMARK_REACTIVE_OXYGEN_SPECIES_PATHWAY	MSigDB_Hallmark	exploratory	-1.0748811120706	0.395876288659794	0.726103646833013	Junb,Sod1	2	48	5	Mutter_02
Macrophage	MBRT_vs_Ctrl	HALLMARK_TGF_BETA_SIGNALING	MSigDB_Hallmark	exploratory	-0.961385518727132	0.508840864440079	0.726103646833013	Junb,Acvr1,Hdac1,Tgfbr1	4	54	15	Mutter_02
Macrophage	MBRT_vs_Ctrl	HALLMARK_UNFOLDED_PROTEIN_RESPONSE	MSigDB_Hallmark	exploratory	1.06308565294126	0.377733598409543	0.726103646833013	Ccl2,Vegfa,Atf3,Hsp90b1	4	113	6	Mutter_02
Macrophage	MBRT_vs_Ctrl	HALLMARK_UV_RESPONSE_UP	MSigDB_Hallmark	exploratory	-0.936907443915912	0.558541266794626	0.726103646833013	Rxrb,Junb,Casp3	3	158	24	Mutter_02
Macrophage	MBRT_vs_Ctrl	HALLMARK_WNT_BETA_CATENIN_SIGNALING	MSigDB_Hallmark	exploratory	-0.960395317848801	0.510805500982318	0.726103646833013	Fzd1,Fzd8,Notch1,Wnt5b	4	42	15	Mutter_02
Macrophage	MBRT_vs_Ctrl	HALLMARK_XENOBIOTIC_METABOLISM	MSigDB_Hallmark	exploratory	0.938903300120625	0.54949494949495	0.726103646833013	Arg1,Ddc,Apoe,Igf1	4	203	20	Mutter_02
Macrophage	MBRT_vs_Ctrl	HALLMARK_FATTY_ACID_METABOLISM	MSigDB_Hallmark	exploratory	0.855858133449003	0.635814889336016	0.806399371840801	S100a10,Fasn,H2az1,Lgals1,Cd36	5	157	11	Mutter_02
Macrophage	MBRT_vs_Ctrl	TypeII_interferon	project	primary	-0.828896883300292	0.675456389452333	0.836279339321936	Ciita	1	17	8	Mutter_02
Macrophage	MBRT_vs_Ctrl	HALLMARK_APICAL_JUNCTION	MSigDB_Hallmark	exploratory	0.820904894333748	0.774193548387097	0.936234058514629	Pfn1,Vwf,Ptprc,Syk,Col17a1,Itga9,Cd34,Tnfrsf11b,Mmp9,Itga2,Fyb	11	199	38	Mutter_02
Macrophage	MBRT_vs_Ctrl	HALLMARK_HEDGEHOG_SIGNALING	MSigDB_Hallmark	exploratory	-0.696828633014725	0.835051546391753	0.978136924803591	Cntfr,Celsr1	2	36	5	Mutter_02
Macrophage	MBRT_vs_Ctrl	HALLMARK_IL6_JAK_STAT3_SIGNALING	MSigDB_Hallmark	exploratory	0.797172496455604	0.846464646464647	0.978136924803591	Il4ra,Il1b,Pf4,Il7,Cxcl10,Il1r2,Cxcl2,Il3ra,Cxcl1,Tnfrsf12a,Il1r1,Ccr1,Ifngr2,Cd36,Tgfb1,Cxcl3,Ifnar1	17	88	56	Mutter_02
Macrophage	MBRT_vs_Ctrl	HALLMARK_DNA_REPAIR	MSigDB_Hallmark	exploratory	0.622880816083162	0.916827852998066	0.983317136378361	Pcna	1	150	5	Mutter_02
Macrophage	MBRT_vs_Ctrl	HALLMARK_GLYCOLYSIS	MSigDB_Hallmark	exploratory	0.676314467056698	0.909638554216867	0.983317136378361	Stmn1,Dcn,Col5a1,Mertk,Igfbp3,Cd44,Ppia,Ier3,Vegfa	9	200	18	Mutter_02
Macrophage	MBRT_vs_Ctrl	HALLMARK_MYC_TARGETS_V1	MSigDB_Hallmark	exploratory	0.658552352192345	0.900793650793651	0.983317136378361	Pcna,H2az1,Ptges3,Ppia	4	201	9	Mutter_02
Macrophage	MBRT_vs_Ctrl	HALLMARK_P53_PATHWAY	MSigDB_Hallmark	exploratory	-0.711222913768437	0.926587301587302	0.983317136378361	Acvr1b,Itgb4,Tsc22d1,Fas,Bax,Tm4sf1,Inhbb,Fgf13,Rack1,Notch1	10	199	39	Mutter_02
Macrophage	MBRT_vs_Ctrl	DNA_Damage_Repair	project	primary	-0.502332476292344	0.986	0.986	Atr,Bax,Ddit3,Parp1	4	18	10	Mutter_02
Macrophage	MBRT_vs_Ctrl	HALLMARK_APICAL_SURFACE	MSigDB_Hallmark	exploratory	-0.562870582100226	0.96	0.986	Il2rb,Il2rg,Efna5,Ephb4,Hspb1	5	44	10	Mutter_02
Macrophage	MBRT_vs_Ctrl	HALLMARK_PROTEIN_SECRETION	MSigDB_Hallmark	exploratory	-0.515616311214952	0.981927710843373	0.986	Sod1,Arf1	2	96	9	Mutter_02
Macrophage	MBRT_vs_SBRT	HALLMARK_KRAS_SIGNALING_UP	MSigDB_Hallmark	exploratory	1.69448747318194	0.00427884468997422	0.11124996193933	Il33,Ptgs2,Cxcr4,Cmklr1,Cidea,Pdcd1lg2,Gpnmb,Il2rg,Il1b,Csf2,Spp1,Ccl20,Bmp2,Il10ra,Mmp9,Il7r,Tnfrsf1b	17	203	49	Mutter_02
Macrophage	MBRT_vs_SBRT	HALLMARK_MITOTIC_SPINDLE	MSigDB_Hallmark	exploratory	-1.85611023387994	0.00275878477423713	0.11124996193933	Top2a,Gsn,Ezr,Nusap1,Plekhg2,Dst	6	199	11	Mutter_02
Macrophage	MBRT_vs_SBRT	HALLMARK_PI3K_AKT_MTOR_SIGNALING	MSigDB_Hallmark	exploratory	1.70737282210221	0.00983568269262222	0.170485166672118	Cdkn1a,Cxcr4,Il2rg	3	105	16	Mutter_02
Macrophage	MBRT_vs_SBRT	HALLMARK_E2F_TARGETS	MSigDB_Hallmark	exploratory	-1.66281739566303	0.0267762798531697	0.271490313039798	Top2a,Hmgb2,Mki67,Stmn1,Pttg1,Pcna,Dnmt1	7	200	20	Mutter_02
Macrophage	MBRT_vs_SBRT	HALLMARK_G2M_CHECKPOINT	MSigDB_Hallmark	exploratory	-1.51868374408368	0.0365467729092036	0.271490313039798	Top2a,Mki67,Ccnd1,Stmn1,Nusap1,Pttg1,Ube2c	7	198	23	Mutter_02
Macrophage	MBRT_vs_SBRT	HALLMARK_IL6_JAK_STAT3_SIGNALING	MSigDB_Hallmark	exploratory	1.51202002498764	0.0322173221574769	0.271490313039798	Cxcl9,Il2ra,Acvrl1,Cd14,Il2rg,Pdgfc,Reg1,Il7,Cd36,Il1b,Fas,Csf3r,Ltbr,Tnfrsf21,Tlr2,Il13ra1,Il6,Csf2,Acvr1b	19	88	56	Mutter_02
Macrophage	MBRT_vs_SBRT	HALLMARK_PEROXISOME	MSigDB_Hallmark	exploratory	-1.56886235168436	0.0250762149941888	0.271490313039798	Top2a,Sod1,Ttr	3	102	4	Mutter_02
Macrophage	MBRT_vs_SBRT	HALLMARK_APOPTOSIS	MSigDB_Hallmark	exploratory	-1.4300769891175	0.0475894371446044	0.288316831683168	Top2a,Hmgb2,Clu,Casp3,Gsn,Ccnd1,Cd2,Krt18,Lmna,Rela,Gadd45b,Ctnnb1,Sod1,Ier3,Ifngr1,Gpx1,Ifitm3,Cd44	18	160	64	Mutter_02
Macrophage	MBRT_vs_SBRT	HALLMARK_INFLAMMATORY_RESPONSE	MSigDB_Hallmark	exploratory	1.32001377286294	0.0554455445544555	0.288316831683168	Cdkn1a,Cxcl9,Rgs1,Cmklr1,Ccr7,Best1,Gpr183,Cd14,Il2rb,Il1b,Csf3r,Cd40,Tlr2,Ccrl2,Il6,Timp1,Acvr1b,Il1a,Clec5a,Ccl20,Il10ra,Ccl2,Msr1,Itga5,Il7r,Tnfrsf1b,Olr1,Inhba,Fpr1,Il18,Nfkbia	31	201	86	Mutter_02
Macrophage	MBRT_vs_SBRT	HALLMARK_XENOBIOTIC_METABOLISM	MSigDB_Hallmark	exploratory	1.49882365733504	0.0527426160337553	0.288316831683168	Mt2,Apoe,Ddc,Reg1,Cd36,Igf1,Fas	7	203	20	Mutter_02
Macrophage	MBRT_vs_SBRT	HALLMARK_HYPOXIA	MSigDB_Hallmark	exploratory	1.4497140405232	0.0643311937316635	0.304111097640591	Cdkn1a,Mt1,Cxcr4,Mt2,Ackr3,Fos,Pgf,Plac8,Il6,Inha	10	200	39	Mutter_02
Macrophage	MBRT_vs_SBRT	HALLMARK_ESTROGEN_RESPONSE_EARLY	MSigDB_Hallmark	exploratory	-1.39810277996367	0.0808678500986193	0.35042735042735	Krt8,Ccnd1,Krt18,Krt19,Ptges,Areg,Xbp1,Jak2,Cd44,Igf1r,Aqp3,Krt15,Muc1,Fasn	14	200	33	Mutter_02
Macrophage	MBRT_vs_SBRT	HALLMARK_CHOLESTEROL_HOMEOSTASIS	MSigDB_Hallmark	exploratory	-1.40648270039111	0.099236641221374	0.368593238822247	Clu,Ldlr,Alcam,Cd9,Ctnnb1	5	75	13	Mutter_02
Macrophage	MBRT_vs_SBRT	TypeI_interferon	project	primary	-1.43960333323447	0.0953307392996109	0.368593238822247	Ifit1,Stat1,Ifitm3,Oas2,Oasl1,Mx1	6	19	7	Mutter_02
Macrophage	MBRT_vs_SBRT	HALLMARK_APICAL_SURFACE	MSigDB_Hallmark	exploratory	1.38246470592805	0.128151260504202	0.398976982097187	Il2rb,Il2rg,Efna5,App	4	44	10	Mutter_02
Macrophage	MBRT_vs_SBRT	HALLMARK_INTERFERON_ALPHA_RESPONSE	MSigDB_Hallmark	exploratory	-1.30090998863124	0.130434782608696	0.398976982097187	Bst2,Ifih1,Cd47,Il15,Ifi27,Ifitm3,Sell,B2m,Csf1	9	100	23	Mutter_02
Macrophage	MBRT_vs_SBRT	HALLMARK_MYC_TARGETS_V1	MSigDB_Hallmark	exploratory	-1.3812942222207	0.119850187265918	0.398976982097187	Ppia,Pcna,Ptges3,Ldha	4	201	9	Mutter_02
Macrophage	MBRT_vs_SBRT	HALLMARK_ESTROGEN_RESPONSE_LATE	MSigDB_Hallmark	exploratory	-1.26819566322767	0.150793650793651	0.40625	Top2a,Ccnd1,Krt19,Ptges,Areg,Xbp1,Cd9,Cdh1,Jak2,Cd44,Tnnc1	11	206	35	Mutter_02
Macrophage	MBRT_vs_SBRT	HALLMARK_PROTEIN_SECRETION	MSigDB_Hallmark	exploratory	-1.32647464233242	0.151685393258427	0.40625	Krt18,Ica1,Sod1,Dst	4	96	9	Mutter_02
Macrophage	MBRT_vs_SBRT	HALLMARK_TNFA_SIGNALING_VIA_NFKB	MSigDB_Hallmark	exploratory	1.19336178109985	0.15625	0.40625	Cdkn1a,Ptgs2,Cd83,Sat1,Ackr3,Gpr183,Fos,Il1b,Cflar,Tlr2,Ccrl2,Il6,Csf2,Il1a,Ccl20,Smad3,Bmp2,Ccl2,Il7r,Olr1,Inhba,Il18,Nfkbia,Tnfaip6,Il6st,Cxcl5,Dusp1,Icosl,Ptger4,Cd80,Ccl4,Ccl5	32	199	76	Mutter_02
Macrophage	MBRT_vs_SBRT	HALLMARK_ALLOGRAFT_REJECTION	MSigDB_Hallmark	exploratory	1.18307494597966	0.164609053497942	0.407603370566334	Cxcl9,Il2ra,Itgal,H2-Ob,Il2rb,Il2rg,Il7,Il1b,Ccr2,Fas,Cd40,Tlr2,Ifnar2,Il6,Srgn,H2-DMb1,Timp1,Cd40lg,Fgr,Ccl2,Pf4,Ccl11,Mmp9,Inhba,H2-DMa,Il18,H2-Aa,Ncr1,Cd3g,Ltb,Il2,Cd28,H2-Q10,Itk,Icosl,Hif1a,Il12a,Cd80,Ccl4,Il16,Ccl5,Tgfb1,Tgfb2,Acvr2a,Nlrp3	45	201	102	Mutter_02
Macrophage	MBRT_vs_SBRT	HALLMARK_ANDROGEN_RESPONSE	MSigDB_Hallmark	exploratory	-1.21572465655486	0.236641221374046	0.457443609022556	Krt8,Ccnd1,Krt19,Akt1,Arid5b	5	112	17	Mutter_02
Macrophage	MBRT_vs_SBRT	HALLMARK_ANGIOGENESIS	MSigDB_Hallmark	exploratory	1.22291914447693	0.197894736842105	0.457443609022556	Tnfrsf21,Spp1,Timp1,Pdgfa,Pf4,Col3a1,Olr1,App	8	36	19	Mutter_02
Macrophage	MBRT_vs_SBRT	HALLMARK_BILE_ACID_METABOLISM	MSigDB_Hallmark	exploratory	-1.25115123067785	0.227871939736347	0.457443609022556	Sod1,Ttr	2	112	6	Mutter_02
Macrophage	MBRT_vs_SBRT	HALLMARK_GLYCOLYSIS	MSigDB_Hallmark	exploratory	-1.20092372770121	0.233716475095785	0.457443609022556	Stmn1,Ppia,Sod1,Ier3,Igfbp3,Cd44,Ldha,Sox9	8	200	18	Mutter_02
Macrophage	MBRT_vs_SBRT	HALLMARK_INTERFERON_GAMMA_RESPONSE	MSigDB_Hallmark	exploratory	1.12929020398601	0.237623762376238	0.457443609022556	Cdkn1a,Ptgs2,Cxcl9,Mt2,Klrk1,Cmklr1,Il2rb,Il7,Fas,Vcam1,Ifi44l,Cd40,Ifnar2,Il6,Il10ra,Ccl2,Ciita,H2-Eb1,Cd38,H2-DMa,Fpr1,H2-Aa,Nfkbia	23	205	65	Mutter_02
Macrophage	MBRT_vs_SBRT	HALLMARK_KRAS_SIGNALING_DN	MSigDB_Hallmark	exploratory	1.18659186539847	0.246315789473684	0.457443609022556	Krt13,Ifi44l,Krt4,Cd40lg,Egf,Cntfr,Ryr2,Cd80,Pdcd1,Tgfb2,Tcl1	11	202	19	Mutter_02
Macrophage	MBRT_vs_SBRT	HALLMARK_MYOGENESIS	MSigDB_Hallmark	exploratory	-1.16187383709979	0.220408163265306	0.457443609022556	Clu,Gsn,Itgb4,Col6a2,Ptgis,Gadd45b,Myh11,Col1a1	8	201	39	Mutter_02
Macrophage	MBRT_vs_SBRT	TypeII_interferon	project	primary	1.14058610673395	0.286610878661088	0.513922954840571	Cxcl9,Ciita,H2-Eb1,H2-Aa,H2-Ab1	5	17	8	Mutter_02
Macrophage	MBRT_vs_SBRT	HALLMARK_MTORC1_SIGNALING	MSigDB_Hallmark	exploratory	1.13515489612717	0.309168443496802	0.53589196872779	Cdkn1a,Cxcr4	2	201	14	Mutter_02
Macrophage	MBRT_vs_SBRT	HALLMARK_UV_RESPONSE_DN	MSigDB_Hallmark	exploratory	-1.08250840550242	0.323886639676113	0.543293718166384	Ldlr,Ica1,Adgrl2,Nfkb1,Col1a2,Col1a1	6	144	32	Mutter_02
Macrophage	MBRT_vs_SBRT	HALLMARK_FATTY_ACID_METABOLISM	MSigDB_Hallmark	exploratory	-1.03036332427473	0.418079096045198	0.658791302859099	S100a10,Lgals1,Ldha,Ppara,Hsp90aa1,Glul,Fasn	7	157	11	Mutter_02
Macrophage	MBRT_vs_SBRT	HALLMARK_SPERMATOGENESIS	MSigDB_Hallmark	exploratory	-1.0270501204409	0.416195856873823	0.658791302859099	Scg5,Il12rb2,Cdkn3	3	135	6	Mutter_02
Macrophage	MBRT_vs_SBRT	DNA_Damage_Repair	project	primary	1.0173430313206	0.434873949579832	0.659605911330049	Cdkn1a	1	18	10	Mutter_02
Macrophage	MBRT_vs_SBRT	HALLMARK_HEDGEHOG_SIGNALING	MSigDB_Hallmark	exploratory	1.02766204552961	0.443965517241379	0.659605911330049	Adgrg1,Cntfr	2	36	5	Mutter_02
Macrophage	MBRT_vs_SBRT	HALLMARK_ADIPOGENESIS	MSigDB_Hallmark	exploratory	0.99414668271925	0.467368421052632	0.675087719298246	Apoe,Cidea,Cd36,Angpt1	4	200	19	Mutter_02
Macrophage	MBRT_vs_SBRT	HALLMARK_APICAL_JUNCTION	MSigDB_Hallmark	exploratory	-0.964337134322868	0.524193548387097	0.683399209486166	Itgb4,Cdh1,Itga3,Actg2,Itga9,Bmp1,Myl9,Pecam1,Cd276,Cldn4,Col16a1	11	199	38	Mutter_02
Macrophage	MBRT_vs_SBRT	HALLMARK_COAGULATION	MSigDB_Hallmark	exploratory	-0.964553097383023	0.525691699604743	0.683399209486166	Clu,Gsn,Dusp6,Cd9,Bmp1,Apoc1,Pecam1,Dpp4,Anxa1	9	139	28	Mutter_02
Macrophage	MBRT_vs_SBRT	HALLMARK_REACTIVE_OXYGEN_SPECIES_PATHWAY	MSigDB_Hallmark	exploratory	-0.954430489512861	0.523191094619666	0.683399209486166	Junb,Sod1	2	48	5	Mutter_02
Macrophage	MBRT_vs_SBRT	HALLMARK_TGF_BETA_SIGNALING	MSigDB_Hallmark	exploratory	-0.967520249795299	0.491428571428572	0.683399209486166	Hdac1,Junb,Ctnnb1,Cdh1	4	54	15	Mutter_02
Macrophage	MBRT_vs_SBRT	HALLMARK_NOTCH_SIGNALING	MSigDB_Hallmark	exploratory	-0.902391824870888	0.581920903954802	0.738046024528042	Ccnd1	1	32	12	Mutter_02
Macrophage	MBRT_vs_SBRT	HALLMARK_IL2_STAT5_SIGNALING	MSigDB_Hallmark	exploratory	-0.893551592414645	0.636	0.787428571428572	Casp3,Itga6,Col6a1,Il3ra,Gadd45b,Flt3l,Alcam,Xbp1,Spry4,Ifngr1,Ifitm3,Cd44,Sell,Igf1r,Csf1,Anxa4	16	199	58	Mutter_02
Macrophage	MBRT_vs_SBRT	HALLMARK_COMPLEMENT	MSigDB_Hallmark	exploratory	0.900640327318144	0.652941176470588	0.789603283173735	S100a9,Mmp12,Itgam,Fn1,Cd36,Il6,Timp1,Gzmk,Cd40lg	9	196	42	Mutter_02
Macrophage	MBRT_vs_SBRT	HALLMARK_OXIDATIVE_PHOSPHORYLATION	MSigDB_Hallmark	exploratory	-0.808569248002548	0.683712121212121	0.79006734006734	Ldha,Glud1	2	199	4	Mutter_02
Macrophage	MBRT_vs_SBRT	HALLMARK_P53_PATHWAY	MSigDB_Hallmark	exploratory	0.883215868680022	0.681640625	0.79006734006734	Cdkn1a,Sat1,Fos,Fas,Acvr1b,Il1a,Pdgfa,Bmp2,Ddit3,App,Krt17,Bax	12	199	39	Mutter_02
Macrophage	MBRT_vs_SBRT	HALLMARK_EPITHELIAL_MESENCHYMAL_TRANSITION	MSigDB_Hallmark	exploratory	-0.828817302068561	0.792607802874743	0.861638537271449	Col1a2,Col6a2,Areg,Lgals1,Gadd45b,Col5a3,Col1a1,Acta2,Il15,Vim,Igfbp3,Cd44,Dst,Bmp1,Myl9,Tpm1,Col4a2,Emp3,Col16a1,Tnfrsf12a,Col4a1,Col5a1,Jun	23	206	72	Mutter_02
Macrophage	MBRT_vs_SBRT	HALLMARK_PANCREAS_BETA_CELLS	MSigDB_Hallmark	exploratory	0.753664958524738	0.79535864978903	0.861638537271449	Gcg	1	40	4	Mutter_02
Macrophage	MBRT_vs_SBRT	HALLMARK_UV_RESPONSE_UP	MSigDB_Hallmark	exploratory	-0.781134422259406	0.770916334661355	0.861638537271449	Casp3,Junb,Btg1	3	158	24	Mutter_02
Macrophage	MBRT_vs_SBRT	HALLMARK_DNA_REPAIR	MSigDB_Hallmark	exploratory	-0.680680151445194	0.855287569573284	0.889499072356215	Pcna,Trp53,Nt5c3,Tyms	4	150	5	Mutter_02
Macrophage	MBRT_vs_SBRT	HALLMARK_UNFOLDED_PROTEIN_RESPONSE	MSigDB_Hallmark	exploratory	-0.687269958202725	0.843691148775895	0.889499072356215	Xbp1,Bag3	2	113	6	Mutter_02
Macrophage	MBRT_vs_SBRT	HALLMARK_WNT_BETA_CATENIN_SIGNALING	MSigDB_Hallmark	exploratory	-0.691826760577612	0.883809523809524	0.901139122315593	Rbpj,Ctnnb1	2	42	15	Mutter_02
Macrophage	MBRT_vs_SBRT	HALLMARK_HEME_METABOLISM	MSigDB_Hallmark	exploratory	0.559065880840521	0.973360655737705	0.973360655737705	Nr3c1,Myl4,Lamp2,Epor,Slc2a1,Ackr1,Aqp3	7	194	7	Mutter_02
Macrophage	SBRT_vs_Ctrl	HALLMARK_E2F_TARGETS	MSigDB_Hallmark	exploratory	1.94208295599707	0.000764334003421196	0.0397453681779022	Mki67,Hmgb2,Stmn1,Top2a,Pcna,Pttg1,Dnmt1	7	200	20	Mutter_02
Macrophage	SBRT_vs_Ctrl	HALLMARK_CHOLESTEROL_HOMEOSTASIS	MSigDB_Hallmark	exploratory	1.74161262391215	0.00528574404643582	0.0687146726036657	Ldlr,Clu,Fasn,Ctnnb1,Alcam,Tnfrsf12a	6	75	13	Mutter_02
Macrophage	SBRT_vs_Ctrl	HALLMARK_IL6_JAK_STAT3_SIGNALING	MSigDB_Hallmark	exploratory	-1.65193657756395	0.00477116110646103	0.0687146726036657	Acvr1b,Il2ra,Pdgfc,Fas,Cntfr,Cxcl9,Acvrl1,Cd38,Tnfrsf21,Il2rg,Ltb,Il13ra1,Il12rb1,Ltbr,Reg1,Csf3r	16	88	56	Mutter_02
Macrophage	SBRT_vs_Ctrl	HALLMARK_MITOTIC_SPINDLE	MSigDB_Hallmark	exploratory	1.82374842867632	0.00395090172949731	0.0687146726036657	Top2a,Gsn,Nusap1,Ezr,Plekhg2,Cenpf,Abl1,Notch2,Dst,Birc5	10	199	11	Mutter_02
Macrophage	SBRT_vs_Ctrl	HALLMARK_G2M_CHECKPOINT	MSigDB_Hallmark	exploratory	1.76362256282879	0.00670635509970758	0.0697460930369589	Mki67,Ccnd1,Stmn1,Top2a,Nusap1,Pttg1,Cenpf,Abl1,Ube2c	9	198	23	Mutter_02
Macrophage	SBRT_vs_Ctrl	HALLMARK_INTERFERON_GAMMA_RESPONSE	MSigDB_Hallmark	exploratory	-1.48482963637749	0.0127472187087161	0.110475895475539	Cdkn1a,Cmklr1,Ciita,Fas,Klrk1,Il2rb,Ifi44l,Fpr1,Ptgs2,Cxcl9,Cd38,Mt2,Tnfsf10,Xcl1,Ifitm2,H2-DMa,H2-Aa,Cd40,H2-Eb1,Tnfaip6,Cd69	21	205	65	Mutter_02
Macrophage	SBRT_vs_Ctrl	HALLMARK_ANDROGEN_RESPONSE	MSigDB_Hallmark	exploratory	1.59862767088075	0.0198128992739586	0.114474529138428	Ccnd1,Krt19,Krt8,Akt1,Selenop	5	112	17	Mutter_02
Macrophage	SBRT_vs_Ctrl	HALLMARK_ESTROGEN_RESPONSE_EARLY	MSigDB_Hallmark	exploratory	1.50692602040997	0.0158239395650168	0.114474529138428	Ccnd1,Krt19,Krt8,Krt18,Fasn,Areg,Cd44,Sfn,Ptges,Xbp1,Jak2	11	200	33	Mutter_02
Macrophage	SBRT_vs_Ctrl	HALLMARK_ESTROGEN_RESPONSE_LATE	MSigDB_Hallmark	exploratory	1.48477288022272	0.0194856021182642	0.114474529138428	Ccnd1,Krt19,Top2a,Areg,Cdh1,Cd44,Sfn,Ptges,Ltf,Xbp1,Cd9,Jak2	12	206	35	Mutter_02
Macrophage	SBRT_vs_Ctrl	HALLMARK_EPITHELIAL_MESENCHYMAL_TRANSITION	MSigDB_Hallmark	exploratory	1.4661788581086	0.038978643770833	0.190161427396924	Col1a1,Col1a2,Acta2,Gadd45b,Col5a3,Col4a1,Lgals1,Col6a2,Col3a1,Serpinh1,Igfbp3,Col5a1,Il15,Areg,Dcn,Cd44,Tnfrsf12a,Mfap5,Col12a1	19	206	72	Mutter_02
Macrophage	SBRT_vs_Ctrl	HALLMARK_MYC_TARGETS_V1	MSigDB_Hallmark	exploratory	1.57623681942161	0.0427455514946469	0.190161427396924	Pcna,Ppia,Ptges3,Ldha	4	201	9	Mutter_02
Macrophage	SBRT_vs_Ctrl	HALLMARK_UV_RESPONSE_DN	MSigDB_Hallmark	exploratory	1.48135460124389	0.043883406322367	0.190161427396924	Col1a1,Ldlr,Col1a2,Nfkb1,Ica1,Adgrl2,Col3a1,Tgfbr2,Fyn,Anxa2	10	144	32	Mutter_02
Macrophage	SBRT_vs_Ctrl	HALLMARK_PEROXISOME	MSigDB_Hallmark	exploratory	1.45153856624694	0.047558515145873	0.190234060583492	Top2a	1	102	4	Mutter_02
Macrophage	SBRT_vs_Ctrl	HALLMARK_MYOGENESIS	MSigDB_Hallmark	exploratory	1.44846072666286	0.0520833333333333	0.193452380952381	Col1a1,Clu,Gadd45b,Gsn,Col6a2,Col3a1,Myl7,Igfbp3,Ptgis	9	201	39	Mutter_02
Macrophage	SBRT_vs_Ctrl	HALLMARK_APOPTOSIS	MSigDB_Hallmark	exploratory	1.37436347020345	0.0696517412935323	0.201797385620915	Hmgb2,Ccnd1,Top2a,Clu,Krt18,Gadd45b,Gsn,Lmna,Ctnnb1,Ier3,Dcn,Cd44,Tnfrsf12a,Gpx1,Casp3,Rela,Anxa1,Bgn,Fasl,Cd2,Igf2r,Ifngr1,Ifitm3,Erbb3	24	160	64	Mutter_02
Macrophage	SBRT_vs_Ctrl	HALLMARK_GLYCOLYSIS	MSigDB_Hallmark	exploratory	1.42813701645413	0.0698529411764706	0.201797385620915	Stmn1,Ppia,Igfbp3,Ier3,Col5a1,Dcn,Cd44	7	200	18	Mutter_02
Macrophage	SBRT_vs_Ctrl	HALLMARK_KRAS_SIGNALING_DN	MSigDB_Hallmark	exploratory	-1.47379794631911	0.0586907449209932	0.201797385620915	Cntfr,Ifi44l,Tgfb2,Cd40lg,Cd80,Krt4,Krt15,Fgfr3,Krt13	9	202	19	Mutter_02
Macrophage	SBRT_vs_Ctrl	TypeI_interferon	project	primary	1.49495035559342	0.0648330058939096	0.201797385620915	Ifit1,Oas2,Stat1,Ifitm1,Ifitm3	5	19	7	Mutter_02
Macrophage	SBRT_vs_Ctrl	HALLMARK_APICAL_SURFACE	MSigDB_Hallmark	exploratory	-1.48078763108383	0.0782241014799154	0.214087014576611	Il2rb,Il2rg,Efna5	3	44	10	Mutter_02
Macrophage	SBRT_vs_Ctrl	HALLMARK_KRAS_SIGNALING_UP	MSigDB_Hallmark	exploratory	-1.29263025898786	0.112412177985948	0.292271662763466	Cxcr4,Cmklr1,Sparcl1,Ptgs2,Ace,Il2rg,Spp1,Il33,Cidea,Gpnmb,Csf2,Inhba,Pigr,Tnfrsf1b,Cd37,Spry2	16	203	49	Mutter_02
Macrophage	SBRT_vs_Ctrl	HALLMARK_PANCREAS_BETA_CELLS	MSigDB_Hallmark	exploratory	-1.34076846115229	0.126953125	0.314360119047619	Gcg,Sst,Dpp4	3	40	4	Mutter_02
Macrophage	SBRT_vs_Ctrl	HALLMARK_FATTY_ACID_METABOLISM	MSigDB_Hallmark	exploratory	1.33982846608309	0.157699443413729	0.356537872065822	S100a10,Lgals1,Fasn	3	157	11	Mutter_02
Macrophage	SBRT_vs_Ctrl	HALLMARK_INTERFERON_ALPHA_RESPONSE	MSigDB_Hallmark	exploratory	1.26049740032639	0.156756756756757	0.356537872065822	Ifih1,Il4ra,Sell,Cxcl10,Il15,Bst2,Ifitm1,Cd47,Ifitm3	9	100	23	Mutter_02
Macrophage	SBRT_vs_Ctrl	HALLMARK_UNFOLDED_PROTEIN_RESPONSE	MSigDB_Hallmark	exploratory	1.2902812717346	0.16798418972332	0.363965744400527	Xbp1,Atf3,Bag3,Ccl2,Hsp90b1	5	113	6	Mutter_02
Macrophage	SBRT_vs_Ctrl	HALLMARK_NOTCH_SIGNALING	MSigDB_Hallmark	exploratory	1.27309675554737	0.184557438794727	0.383879472693032	Ccnd1,Fzd5,Wnt5a,Dll1,Notch3,Notch2	6	32	12	Mutter_02
Macrophage	SBRT_vs_Ctrl	HALLMARK_PROTEIN_SECRETION	MSigDB_Hallmark	exploratory	1.2167165417272	0.23921568627451	0.47843137254902	Krt18,Ica1	2	96	9	Mutter_02
Macrophage	SBRT_vs_Ctrl	HALLMARK_IL2_STAT5_SIGNALING	MSigDB_Hallmark	exploratory	1.13883604680585	0.250836120401338	0.483091787439614	Gadd45b,Il3ra,Il4ra,Col6a1,Spry4,Sell,Itga6,Alcam,Cxcl10,Cd44,Cd81,Cd48,Il10,Casp3,Xbp1,Tnfrsf9,Anxa4,Ahr,Igf2r,Ifngr1,Ifitm3,Lif,Csf1,Icos,Eomes	25	199	58	Mutter_02
Macrophage	SBRT_vs_Ctrl	HALLMARK_ALLOGRAFT_REJECTION	MSigDB_Hallmark	exploratory	-1.07000507352044	0.301169590643275	0.490131578947369	Il2ra,Fas,Il2rb,Cd28,H2-DMb1,Cxcl9,Il2rg,Ltb,Il12rb1,Il12a,H2-T23,Cd3g,Tgfb2,H2-DMa,Cd8b1,H2-Aa,Itgal,Cd40,Cd40lg,Fgr,H2-Ob,Inhbb,Cd80,Tlr2,Il6,Inhba	26	201	102	Mutter_02
Macrophage	SBRT_vs_Ctrl	HALLMARK_HEDGEHOG_SIGNALING	MSigDB_Hallmark	exploratory	-1.16298982894576	0.301619433198381	0.490131578947369	Cntfr	1	36	5	Mutter_02
Macrophage	SBRT_vs_Ctrl	HALLMARK_HYPOXIA	MSigDB_Hallmark	exploratory	-1.11664779620799	0.272300469483568	0.490131578947369	Cdkn1a,Cxcr4,Mt1,Ackr3,Mt2,Dusp1,Ddit3,Plac8,Inha	9	200	39	Mutter_02
Macrophage	SBRT_vs_Ctrl	HALLMARK_PI3K_AKT_MTOR_SIGNALING	MSigDB_Hallmark	exploratory	-1.1479837100736	0.290540540540541	0.490131578947369	Cdkn1a,Cxcr4,Il2rg,Ddit3	4	105	16	Mutter_02
Macrophage	SBRT_vs_Ctrl	TypeII_interferon	project	primary	-1.16309002493457	0.299798792756539	0.490131578947369	Ciita,Cxcl9,H2-Aa,H2-Eb1,H2-Ab1	5	17	8	Mutter_02
Macrophage	SBRT_vs_Ctrl	HALLMARK_HEME_METABOLISM	MSigDB_Hallmark	exploratory	-1.14877136556936	0.314401622718053	0.495420738828447	Ackr1,Nr3c1,Epor,Lamp2	4	194	7	Mutter_02
Macrophage	SBRT_vs_Ctrl	HALLMARK_COMPLEMENT	MSigDB_Hallmark	exploratory	1.07114321686855	0.341379310344828	0.52210953346856	Gzmb,Clu,Pfn1,Dusp6,Pdgfb,Fyn,Casp3,Lyn,Ltf,Jak2,Calm1,Cxcl1,Ccl5,C1qc,Dusp5	15	196	42	Mutter_02
Macrophage	SBRT_vs_Ctrl	DNA_Damage_Repair	project	primary	-0.987486275951694	0.477801268498943	0.690157387831806	Cdkn1a,Bax,Ddit3	3	18	10	Mutter_02
Macrophage	SBRT_vs_Ctrl	HALLMARK_APICAL_JUNCTION	MSigDB_Hallmark	exploratory	0.993809006360614	0.470486111111111	0.690157387831806	Pfn1,Itga9,Cdh1,Ptprc,Syk,Myl9,Itga3,Vwf,Bmp1,Itga2,Cd276,Col16a1,Itgb4,Icam1,Mapk13,Fyb	16	199	38	Mutter_02
Macrophage	SBRT_vs_Ctrl	HALLMARK_REACTIVE_OXYGEN_SPECIES_PATHWAY	MSigDB_Hallmark	exploratory	0.969167948657225	0.501968503937008	0.705469248776335	Fes	1	48	5	Mutter_02
Macrophage	SBRT_vs_Ctrl	HALLMARK_COAGULATION	MSigDB_Hallmark	exploratory	0.946334918243512	0.555357142857143	0.759962406015038	Clu,Gsn,Dusp6,Pdgfb,Fyn,Rac1,Anxa1,Cd9,Pf4,Vwf,Bmp1,Apoc1,Itga2	13	139	28	Mutter_02
Macrophage	SBRT_vs_Ctrl	HALLMARK_BILE_ACID_METABOLISM	MSigDB_Hallmark	exploratory	0.916936187184081	0.590909090909091	0.787661141804788	Rxra,Ar,Gc	3	112	6	Mutter_02
Macrophage	SBRT_vs_Ctrl	HALLMARK_MTORC1_SIGNALING	MSigDB_Hallmark	exploratory	0.889913645964759	0.605893186003683	0.787661141804788	Ldlr,Ppia,Serpinh1,Xbp1,Cd9,Ldha,Igfbp5	7	201	14	Mutter_02
Macrophage	SBRT_vs_Ctrl	HALLMARK_TNFA_SIGNALING_VIA_NFKB	MSigDB_Hallmark	exploratory	0.899245168583795	0.638263665594855	0.809505136852012	Ccnd1,Ldlr,Nfkb1,Gadd45b,Ifih1,Klf2,Ier3,Cxcl10,Areg,Cd44,Btg1,Stat5a	12	199	76	Mutter_02
Macrophage	SBRT_vs_Ctrl	HALLMARK_ADIPOGENESIS	MSigDB_Hallmark	exploratory	-0.855885716020696	0.668171557562077	0.827260023648286	Sparcl1,Lep,Cidea,Angpt1,Cd36,Lifr	6	200	19	Mutter_02
Macrophage	SBRT_vs_Ctrl	HALLMARK_TGF_BETA_SIGNALING	MSigDB_Hallmark	exploratory	-0.828919725020046	0.684807256235828	0.828139007541001	Tgfbr1,Thbs1,Bmpr2	3	54	15	Mutter_02
Macrophage	SBRT_vs_Ctrl	HALLMARK_INFLAMMATORY_RESPONSE	MSigDB_Hallmark	exploratory	0.878616941085794	0.708006279434851	0.836734693877551	Ldlr,Ifnar1,Nfkb1,Csf3,Il4ra,Il1r1,Sell,Axl,Fzd5,Cxcl10,Il15,Cd48,Il10,Osm,Bst2,Tlr3,Lyn,Rela,Tnfrsf9,Ifitm1	20	201	86	Mutter_02
Macrophage	SBRT_vs_Ctrl	HALLMARK_P53_PATHWAY	MSigDB_Hallmark	exploratory	-0.849833311266112	0.73943661971831	0.854460093896714	Cdkn1a,Acvr1b,Fas,Sat1,Bax,Ddit3,Pdgfa,Fgf13	8	199	39	Mutter_02
Macrophage	SBRT_vs_Ctrl	HALLMARK_XENOBIOTIC_METABOLISM	MSigDB_Hallmark	exploratory	-0.797467458827504	0.77027027027027	0.870740305522914	Fas,Mt2,Reg1,Tgfb2	4	203	20	Mutter_02
Macrophage	SBRT_vs_Ctrl	HALLMARK_DNA_REPAIR	MSigDB_Hallmark	exploratory	0.698430274353555	0.846456692913386	0.936505277265874	Pcna	1	150	5	Mutter_02
Macrophage	SBRT_vs_Ctrl	HALLMARK_ANGIOGENESIS	MSigDB_Hallmark	exploratory	0.627752517067126	0.940966010733453	0.963265876760686	S100a4,Col3a1	2	36	19	Mutter_02
Macrophage	SBRT_vs_Ctrl	HALLMARK_OXIDATIVE_PHOSPHORYLATION	MSigDB_Hallmark	exploratory	0.646407856926187	0.914285714285714	0.963265876760686	Glud1,Ldha	2	199	4	Mutter_02
Macrophage	SBRT_vs_Ctrl	HALLMARK_SPERMATOGENESIS	MSigDB_Hallmark	exploratory	-0.621701042638659	0.903225806451613	0.963265876760686	Ace	1	135	6	Mutter_02
Macrophage	SBRT_vs_Ctrl	HALLMARK_WNT_BETA_CATENIN_SIGNALING	MSigDB_Hallmark	exploratory	0.606944505461145	0.944741532976827	0.963265876760686	Ctnnb1,Rbpj	2	42	15	Mutter_02
Macrophage	SBRT_vs_Ctrl	HALLMARK_UV_RESPONSE_UP	MSigDB_Hallmark	exploratory	-0.549697116810676	0.990909090909091	0.990909090909091	Fgf18,Rxrb,Bid	3	158	24	Mutter_02
Memory.B	MBRT_vs_Ctrl	HALLMARK_ALLOGRAFT_REJECTION	MSigDB_Hallmark	exploratory	-1.22094106184408	0.16247582205029	0.670912951167728	H2-T23,Cxcl9,H2-Aa,Ptprc,Ets1,Icosl,Cd47,H2-DMb1,Ifngr2,B2m,Tgfb2,Lyn,H2-DMa,Icam1,Cd74,Cd2	16	201	44	Mutter_02
Memory.B	MBRT_vs_Ctrl	HALLMARK_ANDROGEN_RESPONSE	MSigDB_Hallmark	exploratory	-1.16880212886285	0.262206148282098	0.670912951167728	B2m,Myl12a,Sat1,Akt1,Krt8	5	112	8	Mutter_02
Memory.B	MBRT_vs_Ctrl	HALLMARK_APICAL_JUNCTION	MSigDB_Hallmark	exploratory	-1.29954646706881	0.166064981949459	0.670912951167728	Itgb4,Ptprc,Icam1	3	199	9	Mutter_02
Memory.B	MBRT_vs_Ctrl	HALLMARK_COAGULATION	MSigDB_Hallmark	exploratory	-1.31350001437026	0.146616541353383	0.670912951167728	Fn1,Clu,Rac1,Cd9,Cfd,Anxa1,Thbs1	7	139	14	Mutter_02
Memory.B	MBRT_vs_Ctrl	HALLMARK_COMPLEMENT	MSigDB_Hallmark	exploratory	1.08787608620139	0.335456475583864	0.670912951167728	Mmp12,S100a9,Ltf,Fcer1g,Ccl5,C1qa	6	196	21	Mutter_02
Memory.B	MBRT_vs_Ctrl	HALLMARK_DNA_REPAIR	MSigDB_Hallmark	exploratory	-1.13858635440582	0.329545454545455	0.670912951167728	Trp53	1	150	4	Mutter_02
Memory.B	MBRT_vs_Ctrl	HALLMARK_E2F_TARGETS	MSigDB_Hallmark	exploratory	-1.31329421951545	0.143667296786389	0.670912951167728	Msh2,Hmgb2,Trp53,Myc,Mki67,Ezh2	6	200	12	Mutter_02
Memory.B	MBRT_vs_Ctrl	HALLMARK_EPITHELIAL_MESENCHYMAL_TRANSITION	MSigDB_Hallmark	exploratory	1.14214004769941	0.275268817204301	0.670912951167728	Col1a1,Vegfa,Col1a2,Col6a3,Col12a1,Col5a3,Mfap5,Il15,Vegfc,Timp1,Serpinh1,Bgn	12	206	34	Mutter_02
Memory.B	MBRT_vs_Ctrl	HALLMARK_ESTROGEN_RESPONSE_LATE	MSigDB_Hallmark	exploratory	1.30495116406115	0.148936170212766	0.670912951167728	Pgr,S100a9,Cxcl14,Ltf,Zfp36	5	206	14	Mutter_02
Memory.B	MBRT_vs_Ctrl	HALLMARK_FATTY_ACID_METABOLISM	MSigDB_Hallmark	exploratory	-1.15643084305333	0.28219696969697	0.670912951167728	Hsp90aa1,Mif,Ldha,Glul,Lgals1	5	157	6	Mutter_02
Memory.B	MBRT_vs_Ctrl	HALLMARK_INFLAMMATORY_RESPONSE	MSigDB_Hallmark	exploratory	1.16239277022915	0.232067510548523	0.670912951167728	Il1b,Ccl2,Il4ra,Cd14,Ccl5,Gpr183,Nod2,Il15,Il18,Ccrl2,Ffar2,Timp1	12	201	40	Mutter_02
Memory.B	MBRT_vs_Ctrl	HALLMARK_INTERFERON_GAMMA_RESPONSE	MSigDB_Hallmark	exploratory	-1.28439332361234	0.116190476190476	0.670912951167728	Cxcl9,Bst2,Oas2,H2-Aa,H2-D1,Casp3,Stat3,B2m,H2-DMa,Nlrc5,Ifi27,Icam1,Cd74,Ifitm3,Oas3,Jak2	16	205	42	Mutter_02
Memory.B	MBRT_vs_Ctrl	HALLMARK_KRAS_SIGNALING_UP	MSigDB_Hallmark	exploratory	1.24422260738915	0.217758985200846	0.670912951167728	Il1b,Arg1,Fcer1g	3	203	12	Mutter_02
Memory.B	MBRT_vs_Ctrl	HALLMARK_MYC_TARGETS_V1	MSigDB_Hallmark	exploratory	-1.41533110367303	0.104882459312839	0.670912951167728	Hsp90ab1,Rack1,Myc,Ldha,Ppia,Ptges3,Tyms	7	201	8	Mutter_02
Memory.B	MBRT_vs_Ctrl	HALLMARK_MYOGENESIS	MSigDB_Hallmark	exploratory	-1.10725528574754	0.323251417769376	0.670912951167728	Cryab,Tpm2,Itgb4,Clu	4	201	12	Mutter_02
Memory.B	MBRT_vs_Ctrl	HALLMARK_TGF_BETA_SIGNALING	MSigDB_Hallmark	exploratory	-1.15822043474923	0.295955882352941	0.670912951167728	Ifngr2,Thbs1,Junb,Ctnnb1	4	54	5	Mutter_02
Memory.B	MBRT_vs_Ctrl	HALLMARK_TNFA_SIGNALING_VIA_NFKB	MSigDB_Hallmark	exploratory	1.094507585716	0.308977035490605	0.670912951167728	Il1b,Ccl2,Vegfa,Ccl5,Gpr183,Zfp36,Atf3,Ier3,Il18,Ccrl2	10	199	43	Mutter_02
Memory.B	MBRT_vs_Ctrl	HALLMARK_UNFOLDED_PROTEIN_RESPONSE	MSigDB_Hallmark	exploratory	1.32962778072297	0.172489082969432	0.670912951167728	Ccl2,Vegfa,Atf3	3	113	5	Mutter_02
Memory.B	MBRT_vs_Ctrl	HALLMARK_UV_RESPONSE_DN	MSigDB_Hallmark	exploratory	1.12708692776499	0.303157894736842	0.670912951167728	Col1a1,Col1a2	2	144	13	Mutter_02
Memory.B	MBRT_vs_Ctrl	HALLMARK_WNT_BETA_CATENIN_SIGNALING	MSigDB_Hallmark	exploratory	-1.40149151680163	0.0890151515151515	0.670912951167728	Rbpj,Trp53,Myc,Jag1,Ctnnb1	5	42	6	Mutter_02
Memory.B	MBRT_vs_Ctrl	TypeII_interferon	project	primary	-1.30833564705401	0.157221206581353	0.670912951167728	Cxcl9,H2-Aa,Cd74,H2-Eb1,H2-Ab1,Stat1	6	17	7	Mutter_02
Memory.B	MBRT_vs_Ctrl	TypeI_interferon	project	primary	-1.23012962408587	0.212121212121212	0.670912951167728	Oas2,Ifitm3	2	19	6	Mutter_02
Memory.B	MBRT_vs_Ctrl	HALLMARK_ADIPOGENESIS	MSigDB_Hallmark	exploratory	-0.986954733993404	0.479204339963834	0.713665389527458	Sod1,Col4a1,Vegfb	3	200	8	Mutter_02
Memory.B	MBRT_vs_Ctrl	HALLMARK_ANGIOGENESIS	MSigDB_Hallmark	exploratory	0.983349301298737	0.485232067510549	0.713665389527458	Vegfa,Timp1	2	36	4	Mutter_02
Memory.B	MBRT_vs_Ctrl	HALLMARK_APOPTOSIS	MSigDB_Hallmark	exploratory	-0.994899017129139	0.441340782122905	0.713665389527458	Hmgb2,Krt18,Clu,Casp3,Sod1,Tgfb2,Ifitm3,Cd2,Sqstm1,Anxa1,Cav1,Sat1	12	160	34	Mutter_02
Memory.B	MBRT_vs_Ctrl	HALLMARK_INTERFERON_ALPHA_RESPONSE	MSigDB_Hallmark	exploratory	-0.973797352710243	0.486590038314176	0.713665389527458	Bst2,Cd47,B2m,Ifi27,Cd74,Ifitm3	6	100	19	Mutter_02
Memory.B	MBRT_vs_Ctrl	HALLMARK_OXIDATIVE_PHOSPHORYLATION	MSigDB_Hallmark	exploratory	-1.10540303047414	0.375	0.713665389527458	Ldha,Bax,Atp5e	3	199	4	Mutter_02
Memory.B	MBRT_vs_Ctrl	HALLMARK_PI3K_AKT_MTOR_SIGNALING	MSigDB_Hallmark	exploratory	-1.00861840889854	0.454873646209386	0.713665389527458	Hsp90b1,Rac1,Sqstm1,Akt1	4	105	9	Mutter_02
Memory.B	MBRT_vs_Ctrl	HALLMARK_PROTEIN_SECRETION	MSigDB_Hallmark	exploratory	-1.04354006679203	0.425959780621572	0.713665389527458	Krt18,Sod1,Ica1,Dst	4	96	7	Mutter_02
Memory.B	MBRT_vs_Ctrl	HALLMARK_XENOBIOTIC_METABOLISM	MSigDB_Hallmark	exploratory	1.01409228631064	0.457142857142857	0.713665389527458	Arg1	1	203	7	Mutter_02
Memory.B	MBRT_vs_Ctrl	DNA_Damage_Repair	project	primary	0.919281208815294	0.561181434599156	0.77162447257384	Chek1,Parp1,Cdkn1a	3	18	6	Mutter_02
Memory.B	MBRT_vs_Ctrl	HALLMARK_UV_RESPONSE_UP	MSigDB_Hallmark	exploratory	-0.941201423385045	0.555977229601518	0.77162447257384	Casp3,Lyn,Icam1,Sqstm1,Junb	5	158	13	Mutter_02
Memory.B	MBRT_vs_Ctrl	HALLMARK_MTORC1_SIGNALING	MSigDB_Hallmark	exploratory	-0.905126534683942	0.588990825688073	0.785321100917431	Hsp90b1,Cd9,Sqstm1,Ldha,Ppia	5	201	10	Mutter_02
Memory.B	MBRT_vs_Ctrl	HALLMARK_IL6_JAK_STAT3_SIGNALING	MSigDB_Hallmark	exploratory	0.868888704760027	0.651804670912951	0.843511927063819	Il1b,Il4ra,Cd14	3	88	21	Mutter_02
Memory.B	MBRT_vs_Ctrl	HALLMARK_G2M_CHECKPOINT	MSigDB_Hallmark	exploratory	-0.805866369684851	0.711926605504587	0.848250569927644	Ube2c,Myc,Mki67,Ezh2	4	198	10	Mutter_02
Memory.B	MBRT_vs_Ctrl	HALLMARK_IL2_STAT5_SIGNALING	MSigDB_Hallmark	exploratory	-0.838776826028391	0.712927756653992	0.848250569927644	Bcl2,Casp3,Cd83,Ifitm3,Myc,Sell,Anxa4,Spp1,Cst7	9	199	23	Mutter_02
Memory.B	MBRT_vs_Ctrl	HALLMARK_P53_PATHWAY	MSigDB_Hallmark	exploratory	-0.810643452837817	0.732580037664783	0.848250569927644	Itgb4,Rack1,Trp53	3	199	21	Mutter_02
Memory.B	MBRT_vs_Ctrl	HALLMARK_REACTIVE_OXYGEN_SPECIES_PATHWAY	MSigDB_Hallmark	exploratory	-0.834173023727197	0.720973782771536	0.848250569927644	Sod1,Junb	2	48	3	Mutter_02
Memory.B	MBRT_vs_Ctrl	HALLMARK_ESTROGEN_RESPONSE_EARLY	MSigDB_Hallmark	exploratory	-0.771985641236344	0.780669144981413	0.880754932799542	Bcl2,Krt18,Myc,Jak2	4	200	11	Mutter_02
Memory.B	MBRT_vs_Ctrl	HALLMARK_CHOLESTEROL_HOMEOSTASIS	MSigDB_Hallmark	exploratory	0.62363318058913	0.90625	0.945045178492075	Cxcl16,Atf3,Ldlr,Tnfrsf12a,Alcam	5	75	9	Mutter_02
Memory.B	MBRT_vs_Ctrl	HALLMARK_GLYCOLYSIS	MSigDB_Hallmark	exploratory	0.614893166920094	0.908482142857143	0.945045178492075	Vegfa,Ier3,Stmn1	3	200	9	Mutter_02
Memory.B	MBRT_vs_Ctrl	HALLMARK_HYPOXIA	MSigDB_Hallmark	exploratory	0.672754498681552	0.923566878980892	0.945045178492075	Vegfa,Zfp36,Atf3,Ier3,Anxa2,Bgn,Btg1,Ndrg1	8	200	21	Mutter_02
Memory.B	MBRT_vs_Ctrl	HALLMARK_NOTCH_SIGNALING	MSigDB_Hallmark	exploratory	-0.656977973888927	0.889705882352941	0.945045178492075	Wnt5a,Jag1	2	32	5	Mutter_02
Memory.B	MBRT_vs_Ctrl	HALLMARK_BILE_ACID_METABOLISM	MSigDB_Hallmark	exploratory	-0.54871091546317	0.964419475655431	0.964419475655431	Sod1	1	112	3	Mutter_02
Memory.B	MBRT_vs_SBRT	HALLMARK_ESTROGEN_RESPONSE_EARLY	MSigDB_Hallmark	exploratory	-1.84710479530833	0.00193274656034509	0.0850408486551839	Krt8,Krt18,Xbp1,Ccnd1,Ar,Jak2,Pgr	7	200	11	Mutter_02
Memory.B	MBRT_vs_SBRT	HALLMARK_KRAS_SIGNALING_UP	MSigDB_Hallmark	exploratory	1.59077306829953	0.0184682338376309	0.342465665217773	Spp1,Arg1,Eng,Il1b	4	203	12	Mutter_02
Memory.B	MBRT_vs_SBRT	HALLMARK_UV_RESPONSE_DN	MSigDB_Hallmark	exploratory	-1.64983536280913	0.0233499317193936	0.342465665217773	Col1a2,Col1a1,Tgfbr2,Ldlr,Adgrl2	5	144	13	Mutter_02
Memory.B	MBRT_vs_SBRT	HALLMARK_COMPLEMENT	MSigDB_Hallmark	exploratory	1.56921604169021	0.0349291301335893	0.373387644263408	Mmp12,S100a9,Ccl5,Fn1,C1qa,Ltf	6	196	21	Mutter_02
Memory.B	MBRT_vs_SBRT	HALLMARK_FATTY_ACID_METABOLISM	MSigDB_Hallmark	exploratory	-1.51302945591223	0.0509164969450102	0.373387644263408	Glul,Ldha,Lgals1,S100a10,Hsp90aa1,Mif	6	157	6	Mutter_02
Memory.B	MBRT_vs_SBRT	HALLMARK_HYPOXIA	MSigDB_Hallmark	exploratory	1.54198347049636	0.0505050505050505	0.373387644263408	Cdkn1a,Mt2,Ndrg1,Btg1,Atf3,Zfp36,Tgfb3	7	200	21	Mutter_02
Memory.B	MBRT_vs_SBRT	HALLMARK_ANDROGEN_RESPONSE	MSigDB_Hallmark	exploratory	-1.43723748147271	0.0753138075313808	0.473401075911536	Krt8,Ccnd1,Sat1,Akt1	4	112	8	Mutter_02
Memory.B	MBRT_vs_SBRT	HALLMARK_INTERFERON_GAMMA_RESPONSE	MSigDB_Hallmark	exploratory	1.30629200902778	0.104508196721311	0.510928961748634	Lgals3bp,Cdkn1a,Mt2,Ccl5,Oasl1,Btg1,Ifitm2	7	205	42	Mutter_02
Memory.B	MBRT_vs_SBRT	HALLMARK_UV_RESPONSE_UP	MSigDB_Hallmark	exploratory	1.39303275735887	0.102783725910064	0.510928961748634	H2-Q1,Btg1,Atf3,Junb,H2-M3,Icam1,Cxcl1	7	158	13	Mutter_02
Memory.B	MBRT_vs_SBRT	HALLMARK_ANGIOGENESIS	MSigDB_Hallmark	exploratory	1.38422852193874	0.120689655172414	0.531034482758621	Spp1	1	36	4	Mutter_02
Memory.B	MBRT_vs_SBRT	HALLMARK_EPITHELIAL_MESENCHYMAL_TRANSITION	MSigDB_Hallmark	exploratory	-1.207118780274	0.184410646387833	0.67617237008872	Col1a2,Col1a1,Col5a3,Lgals1,Col12a1,Sat1,Col6a3	7	206	34	Mutter_02
Memory.B	MBRT_vs_SBRT	HALLMARK_XENOBIOTIC_METABOLISM	MSigDB_Hallmark	exploratory	1.29050641770114	0.177606177606178	0.67617237008872	Arg1,Mt2	2	203	7	Mutter_02
Memory.B	MBRT_vs_SBRT	HALLMARK_APOPTOSIS	MSigDB_Hallmark	exploratory	-1.16998222897278	0.212927756653992	0.711111111111111	Hmgb2,Krt18,Ccnd1,Lmna,Sat1,Il18,Clu,Cd2,Bgn,Ctnnb1,Rela,Sqstm1,Casp3,Gpx1,Dcn,Casp8	16	160	34	Mutter_02
Memory.B	MBRT_vs_SBRT	HALLMARK_P53_PATHWAY	MSigDB_Hallmark	exploratory	1.17527266238849	0.226262626262626	0.711111111111111	Cdkn1a,Ndrg1,Btg1,Atf3	4	199	21	Mutter_02
Memory.B	MBRT_vs_SBRT	HALLMARK_MYOGENESIS	MSigDB_Hallmark	exploratory	-1.09912372121014	0.326923076923077	0.846153846153846	Col1a1,Cfd,Col6a3,Cryab,Igfbp7,Clu,Tpm2	7	201	12	Mutter_02
Memory.B	MBRT_vs_SBRT	HALLMARK_NOTCH_SIGNALING	MSigDB_Hallmark	exploratory	-1.17714284657785	0.297131147540984	0.846153846153846	Ccnd1	1	32	5	Mutter_02
Memory.B	MBRT_vs_SBRT	HALLMARK_UNFOLDED_PROTEIN_RESPONSE	MSigDB_Hallmark	exploratory	-1.15137640046872	0.309426229508197	0.846153846153846	Xbp1	1	113	5	Mutter_02
Memory.B	MBRT_vs_SBRT	DNA_Damage_Repair	project	primary	0.937081064145094	0.536203522504892	0.850439882697947	Cdkn1a	1	18	6	Mutter_02
Memory.B	MBRT_vs_SBRT	HALLMARK_CHOLESTEROL_HOMEOSTASIS	MSigDB_Hallmark	exploratory	0.901508160042836	0.573643410852713	0.850439882697947	Cxcl16,Atf3	2	75	9	Mutter_02
Memory.B	MBRT_vs_SBRT	HALLMARK_DNA_REPAIR	MSigDB_Hallmark	exploratory	1.05253247295999	0.442528735632184	0.850439882697947	Tyms	1	150	4	Mutter_02
Memory.B	MBRT_vs_SBRT	HALLMARK_E2F_TARGETS	MSigDB_Hallmark	exploratory	-1.06172406736108	0.369230769230769	0.850439882697947	Hmgb2,Mki67,Msh2,Dnmt1	4	200	12	Mutter_02
Memory.B	MBRT_vs_SBRT	HALLMARK_ESTROGEN_RESPONSE_LATE	MSigDB_Hallmark	exploratory	-0.98255493585066	0.450570342205323	0.850439882697947	Xbp1,Ccnd1	2	206	14	Mutter_02
Memory.B	MBRT_vs_SBRT	HALLMARK_G2M_CHECKPOINT	MSigDB_Hallmark	exploratory	-0.914437848681719	0.568825910931174	0.850439882697947	Ccnd1,Mki67	2	198	10	Mutter_02
Memory.B	MBRT_vs_SBRT	HALLMARK_INTERFERON_ALPHA_RESPONSE	MSigDB_Hallmark	exploratory	1.0152333553304	0.434607645875252	0.850439882697947	Lgals3bp,Oasl1,Ifitm2,Ccrl2,Cxcl10	5	100	19	Mutter_02
Memory.B	MBRT_vs_SBRT	HALLMARK_MTORC1_SIGNALING	MSigDB_Hallmark	exploratory	-1.05108931382379	0.388663967611336	0.850439882697947	Xbp1,Ldha,Ldlr,Ppia	4	201	10	Mutter_02
Memory.B	MBRT_vs_SBRT	HALLMARK_MYC_TARGETS_V1	MSigDB_Hallmark	exploratory	-0.950667298320479	0.53347280334728	0.850439882697947	Ldha,Ppia,Ptges3,Rack1,Pcna,Hsp90ab1,Myc	7	201	8	Mutter_02
Memory.B	MBRT_vs_SBRT	HALLMARK_OXIDATIVE_PHOSPHORYLATION	MSigDB_Hallmark	exploratory	-1.12842826114045	0.352083333333333	0.850439882697947	Ldha	1	199	4	Mutter_02
Memory.B	MBRT_vs_SBRT	HALLMARK_PI3K_AKT_MTOR_SIGNALING	MSigDB_Hallmark	exploratory	0.950269711914887	0.501937984496124	0.850439882697947	Cdkn1a	1	105	9	Mutter_02
Memory.B	MBRT_vs_SBRT	HALLMARK_PROTEIN_SECRETION	MSigDB_Hallmark	exploratory	-0.887667056418604	0.599173553719008	0.850439882697947	Krt18	1	96	7	Mutter_02
Memory.B	MBRT_vs_SBRT	HALLMARK_TGF_BETA_SIGNALING	MSigDB_Hallmark	exploratory	0.891639300179016	0.595330739299611	0.850439882697947	Eng,Junb	2	54	5	Mutter_02
Memory.B	MBRT_vs_SBRT	HALLMARK_TNFA_SIGNALING_VIA_NFKB	MSigDB_Hallmark	exploratory	0.923059844241278	0.596234309623431	0.850439882697947	Cdkn1a,Ccl5,Il1b,Btg1,Atf3,Ccrl2,Zfp36,Cxcl10,Junb	9	199	43	Mutter_02
Memory.B	MBRT_vs_SBRT	HALLMARK_REACTIVE_OXYGEN_SPECIES_PATHWAY	MSigDB_Hallmark	exploratory	0.874154344157711	0.627906976744186	0.863372093023256	Junb,Fes	2	48	3	Mutter_02
Memory.B	MBRT_vs_SBRT	HALLMARK_GLYCOLYSIS	MSigDB_Hallmark	exploratory	-0.837800168279582	0.670781893004115	0.882588235294118	Ldha,Ppia,Mif,Dcn	4	200	9	Mutter_02
Memory.B	MBRT_vs_SBRT	HALLMARK_INFLAMMATORY_RESPONSE	MSigDB_Hallmark	exploratory	0.871190484880264	0.682	0.882588235294118	Cdkn1a,Ccl5,Il1b,Cd14,Ccrl2,Nod2,Cxcl10	7	201	40	Mutter_02
Memory.B	MBRT_vs_SBRT	HALLMARK_ALLOGRAFT_REJECTION	MSigDB_Hallmark	exploratory	0.859103236810231	0.710416666666667	0.883950617283951	Srgn,H2-DMb1,Ccl5,H2-T23,Il1b	5	201	44	Mutter_02
Memory.B	MBRT_vs_SBRT	HALLMARK_IL2_STAT5_SIGNALING	MSigDB_Hallmark	exploratory	0.838467481670866	0.723232323232323	0.883950617283951	Tnfrsf18,Spp1,Ndrg1,Anxa4,Cxcl10	5	199	23	Mutter_02
Memory.B	MBRT_vs_SBRT	HALLMARK_BILE_ACID_METABOLISM	MSigDB_Hallmark	exploratory	-0.722175726851472	0.790554414784394	0.915378796066141	Ar	1	112	3	Mutter_02
Memory.B	MBRT_vs_SBRT	TypeI_interferon	project	primary	0.745289851602638	0.782778864970646	0.915378796066141	Oasl1,Mx1	2	19	6	Mutter_02
Memory.B	MBRT_vs_SBRT	HALLMARK_ADIPOGENESIS	MSigDB_Hallmark	exploratory	-0.718600353507777	0.847280334728034	0.932008368200837	Stat5a,Fabp4,Col4a1,Apoe,Lifr,Sod1	6	200	8	Mutter_02
Memory.B	MBRT_vs_SBRT	HALLMARK_APICAL_JUNCTION	MSigDB_Hallmark	exploratory	0.716285679255992	0.835271317829457	0.932008368200837	Icam1,Mmp9,Tnfrsf11b,Cx3cl1,Pfn1,Cd274,Ptprc,Itgb4,Itga3	9	199	9	Mutter_02
Memory.B	MBRT_vs_SBRT	HALLMARK_IL6_JAK_STAT3_SIGNALING	MSigDB_Hallmark	exploratory	0.691479820652403	0.909090909090909	0.952380952380952	Il1b,Cd14,Cxcl10,Ccr1,Cxcl1,Cxcl9,Il15ra	7	88	21	Mutter_02
Memory.B	MBRT_vs_SBRT	HALLMARK_WNT_BETA_CATENIN_SIGNALING	MSigDB_Hallmark	exploratory	-0.607744049236713	0.908350305498982	0.952380952380952	Ctnnb1,Myc,Jag1,Rbpj,Trp53,Ppard	6	42	6	Mutter_02
Memory.B	MBRT_vs_SBRT	HALLMARK_COAGULATION	MSigDB_Hallmark	exploratory	-0.618835707366987	0.933460076045627	0.955168449907154	Cfd,Rac1,Dusp6,Clu	4	139	14	Mutter_02
Memory.B	MBRT_vs_SBRT	TypeII_interferon	project	primary	-0.558791555647774	0.96900826446281	0.96900826446281	Stat1,Cd74	2	17	7	Mutter_02
Memory.B	SBRT_vs_Ctrl	HALLMARK_INTERFERON_GAMMA_RESPONSE	MSigDB_Hallmark	exploratory	-1.76774646870402	0.00188289207347437	0.0828472512328721	Cdkn1a,Cxcl9,Lgals3bp,H2-Aa,Mt2,Icam1,Ifi27,Oasl1,H2-Eb1,H2-D1,Ifitm3,H2-M3,Stat3,B2m,Ifih1,Oas2,Tnfaip6,Bst2,Casp3,Hif1a,Ifitm2,Cxcl10,Nfkb1,Btg1,Nlrc5	25	205	42	Mutter_02
Memory.B	SBRT_vs_Ctrl	HALLMARK_ESTROGEN_RESPONSE_EARLY	MSigDB_Hallmark	exploratory	1.722003773487	0.00719307315759924	0.158247609467183	Pgr,Xbp1,Ccnd1,Krt8,Ar,Krt18	6	200	11	Mutter_02
Memory.B	SBRT_vs_Ctrl	HALLMARK_UV_RESPONSE_DN	MSigDB_Hallmark	exploratory	1.69620136329743	0.012674645296135	0.185894797676647	Col1a1,Col1a2,Ldlr,Tgfbr2,Anxa2,Adgrl2	6	144	13	Mutter_02
Memory.B	SBRT_vs_Ctrl	HALLMARK_UNFOLDED_PROTEIN_RESPONSE	MSigDB_Hallmark	exploratory	1.64298526764464	0.0177581405736866	0.195339546310553	Xbp1,Ccl2,Vegfa	3	113	5	Mutter_02
Memory.B	SBRT_vs_Ctrl	HALLMARK_EPITHELIAL_MESENCHYMAL_TRANSITION	MSigDB_Hallmark	exploratory	1.47379656849474	0.0477099236641221	0.419847328244275	Col1a1,Col1a2,Col5a3,Col12a1,Col6a3,Vegfa,Bgn,Mfap5,Lgals1	9	206	34	Mutter_02
Memory.B	SBRT_vs_Ctrl	HALLMARK_FATTY_ACID_METABOLISM	MSigDB_Hallmark	exploratory	1.49474455795551	0.0594262295081967	0.435792349726776	Glul,Lgals1,Ldha,S100a10	4	157	6	Mutter_02
Memory.B	SBRT_vs_Ctrl	HALLMARK_UV_RESPONSE_UP	MSigDB_Hallmark	exploratory	-1.44388290144602	0.0809716599190283	0.508964719491035	Junb,Icam1,H2-Q1,H2-M3,Lyn,Casp3	6	158	13	Mutter_02
Memory.B	SBRT_vs_Ctrl	HALLMARK_ALLOGRAFT_REJECTION	MSigDB_Hallmark	exploratory	-1.25392957754497	0.12253829321663	0.536964980544747	H2-T23,H2-DMb1,Cxcl9,Cd47,Tgfb2,H2-Aa,Icam1,Ets1,Ptprc,H2-M3,B2m,Lyn,Icosl,Ifngr2,Srgn	15	201	44	Mutter_02
Memory.B	SBRT_vs_Ctrl	HALLMARK_DNA_REPAIR	MSigDB_Hallmark	exploratory	-1.37623918300086	0.10873786407767	0.536964980544747	Tyms,Trp53	2	150	4	Mutter_02
Memory.B	SBRT_vs_Ctrl	HALLMARK_ESTROGEN_RESPONSE_LATE	MSigDB_Hallmark	exploratory	1.37485434057444	0.130522088353414	0.536964980544747	Pgr,Xbp1,Ccnd1	3	206	14	Mutter_02
Memory.B	SBRT_vs_Ctrl	TypeII_interferon	project	primary	-1.37155319937478	0.134241245136187	0.536964980544747	Cxcl9,H2-Aa,H2-Eb1	3	17	7	Mutter_02
Memory.B	SBRT_vs_Ctrl	HALLMARK_TGF_BETA_SIGNALING	MSigDB_Hallmark	exploratory	-1.33039568083395	0.153700189753321	0.563567362428842	Junb,Eng,Ifngr2	3	54	5	Mutter_02
Memory.B	SBRT_vs_Ctrl	HALLMARK_MYOGENESIS	MSigDB_Hallmark	exploratory	1.27207991861665	0.175	0.592307692307692	Col1a1,Col6a3,Igfbp7	3	201	12	Mutter_02
Memory.B	SBRT_vs_Ctrl	HALLMARK_APICAL_JUNCTION	MSigDB_Hallmark	exploratory	-1.18549966417376	0.259332023575639	0.643717728055077	Icam1,Itgb4,Ptprc	3	199	9	Mutter_02
Memory.B	SBRT_vs_Ctrl	HALLMARK_HYPOXIA	MSigDB_Hallmark	exploratory	-1.15417643935441	0.268292682926829	0.643717728055077	Cdkn1a,Bcl2,Mt2,Ets1,Rbpj,Tgfb3	6	200	21	Mutter_02
Memory.B	SBRT_vs_Ctrl	HALLMARK_INTERFERON_ALPHA_RESPONSE	MSigDB_Hallmark	exploratory	-1.1571135234197	0.257367387033399	0.643717728055077	Lgals3bp,Cd47,Ifi27,Oasl1,Ifitm3,B2m,Ifih1,Bst2,Ifitm2,Cxcl10	10	100	19	Mutter_02
Memory.B	SBRT_vs_Ctrl	HALLMARK_KRAS_SIGNALING_UP	MSigDB_Hallmark	exploratory	-1.17020855844171	0.275933609958506	0.643717728055077	Spp1,Eng,Ets1	3	203	12	Mutter_02
Memory.B	SBRT_vs_Ctrl	HALLMARK_REACTIVE_OXYGEN_SPECIES_PATHWAY	MSigDB_Hallmark	exploratory	-1.17759740227932	0.307228915662651	0.643717728055077	Junb,Sod1	2	48	3	Mutter_02
Memory.B	SBRT_vs_Ctrl	HALLMARK_WNT_BETA_CATENIN_SIGNALING	MSigDB_Hallmark	exploratory	-1.18523180135087	0.293774319066148	0.643717728055077	Trp53,Rbpj,Ppard,Myc	4	42	6	Mutter_02
Memory.B	SBRT_vs_Ctrl	HALLMARK_XENOBIOTIC_METABOLISM	MSigDB_Hallmark	exploratory	-1.19119175104054	0.276264591439689	0.643717728055077	Tgfb2,Mt2	2	203	7	Mutter_02
Memory.B	SBRT_vs_Ctrl	TypeI_interferon	project	primary	-1.18305761277166	0.293774319066148	0.643717728055077	Mx1,Oasl1,Ifitm3,Oas2	4	19	6	Mutter_02
Memory.B	SBRT_vs_Ctrl	HALLMARK_ANDROGEN_RESPONSE	MSigDB_Hallmark	exploratory	1.13398546076507	0.325726141078838	0.645457758925415	Ccnd1,Krt8	2	112	8	Mutter_02
Memory.B	SBRT_vs_Ctrl	HALLMARK_P53_PATHWAY	MSigDB_Hallmark	exploratory	-1.08597196350054	0.33739837398374	0.645457758925415	Cdkn1a,Trp53,Itgb4,Bax,Tm4sf1,Rack1	6	199	21	Mutter_02
Memory.B	SBRT_vs_Ctrl	HALLMARK_MTORC1_SIGNALING	MSigDB_Hallmark	exploratory	1.04981729073113	0.386454183266932	0.708499335989376	Xbp1,Ldlr,Ldha,Serpinh1	4	201	10	Mutter_02
Memory.B	SBRT_vs_Ctrl	HALLMARK_NOTCH_SIGNALING	MSigDB_Hallmark	exploratory	1.06630497847092	0.418067226890756	0.735798319327731	Ccnd1	1	32	5	Mutter_02
Memory.B	SBRT_vs_Ctrl	HALLMARK_APOPTOSIS	MSigDB_Hallmark	exploratory	0.998473264530454	0.479007633587786	0.788832199546485	Ccnd1,Il18,Lmna,Bgn,Krt18,Hmgb2,Il1b,Ier3,Tnfrsf12a,Rela	10	160	34	Mutter_02
Memory.B	SBRT_vs_Ctrl	HALLMARK_COAGULATION	MSigDB_Hallmark	exploratory	-0.971758877366593	0.501984126984127	0.788832199546485	Fn1,Anxa1	2	139	14	Mutter_02
Memory.B	SBRT_vs_Ctrl	HALLMARK_GLYCOLYSIS	MSigDB_Hallmark	exploratory	0.95583765222428	0.496957403651116	0.788832199546485	Vegfa,Ldha,Ier3,Ppia,Cd44	5	200	9	Mutter_02
Memory.B	SBRT_vs_Ctrl	HALLMARK_MYC_TARGETS_V1	MSigDB_Hallmark	exploratory	-0.956896951346696	0.525	0.796551724137931	Tyms,Hsp90ab1	2	201	8	Mutter_02
Memory.B	SBRT_vs_Ctrl	HALLMARK_BILE_ACID_METABOLISM	MSigDB_Hallmark	exploratory	0.983686404325738	0.545454545454545	0.8	Ar	1	112	3	Mutter_02
Memory.B	SBRT_vs_Ctrl	HALLMARK_PI3K_AKT_MTOR_SIGNALING	MSigDB_Hallmark	exploratory	-0.936026022978992	0.567779960707269	0.805881234552253	Cdkn1a	1	105	9	Mutter_02
Memory.B	SBRT_vs_Ctrl	HALLMARK_ANGIOGENESIS	MSigDB_Hallmark	exploratory	-0.890190486582896	0.615533980582524	0.846359223300971	Spp1	1	36	4	Mutter_02
Memory.B	SBRT_vs_Ctrl	DNA_Damage_Repair	project	primary	-0.79111206817637	0.714007782101167	0.872676178123649	Cdkn1a	1	18	6	Mutter_02
Memory.B	SBRT_vs_Ctrl	HALLMARK_E2F_TARGETS	MSigDB_Hallmark	exploratory	-0.831335954866688	0.684647302904564	0.872676178123649	Cdkn1a,Trp53	2	200	12	Mutter_02
Memory.B	SBRT_vs_Ctrl	HALLMARK_IL2_STAT5_SIGNALING	MSigDB_Hallmark	exploratory	-0.861389102334836	0.709278350515464	0.872676178123649	Spp1,Bcl2,Cd83,Anxa4	4	199	23	Mutter_02
Memory.B	SBRT_vs_Ctrl	HALLMARK_TNFA_SIGNALING_VIA_NFKB	MSigDB_Hallmark	exploratory	0.86408758185867	0.679702048417132	0.872676178123649	Ccl2,Ccnd1,Vegfa,Il18,Ldlr,Il1b,Gpr183,Stat5a,Ier3,Rela	10	199	43	Mutter_02
Memory.B	SBRT_vs_Ctrl	HALLMARK_INFLAMMATORY_RESPONSE	MSigDB_Hallmark	exploratory	0.831000538821441	0.747628083491461	0.889071234422278	Ccl2,Il4ra,Il18,Ldlr,Il1b,Gpr183,Ifitm1,Il15,Rela,Sell	10	201	40	Mutter_02
Memory.B	SBRT_vs_Ctrl	HALLMARK_COMPLEMENT	MSigDB_Hallmark	exploratory	-0.746182195136493	0.835365853658537	0.933196721311475	Fn1	1	196	21	Mutter_02
Memory.B	SBRT_vs_Ctrl	HALLMARK_G2M_CHECKPOINT	MSigDB_Hallmark	exploratory	-0.725151234939844	0.832	0.933196721311475	Ube2c,Mt2	2	198	10	Mutter_02
Memory.B	SBRT_vs_Ctrl	HALLMARK_PROTEIN_SECRETION	MSigDB_Hallmark	exploratory	0.665544477354568	0.848360655737705	0.933196721311475	Krt18,Arf1	2	96	7	Mutter_02
Memory.B	SBRT_vs_Ctrl	HALLMARK_ADIPOGENESIS	MSigDB_Hallmark	exploratory	0.577143328220205	0.929460580912863	0.994494349463924	Stat5a,Fabp4,Apoe	3	200	8	Mutter_02
Memory.B	SBRT_vs_Ctrl	HALLMARK_CHOLESTEROL_HOMEOSTASIS	MSigDB_Hallmark	exploratory	0.570918376681663	0.949290060851927	0.994494349463924	Ldlr	1	75	9	Mutter_02
Memory.B	SBRT_vs_Ctrl	HALLMARK_IL6_JAK_STAT3_SIGNALING	MSigDB_Hallmark	exploratory	-0.46880885512034	0.997967479674797	0.998058252427185	Cxcl9	1	88	21	Mutter_02
Memory.B	SBRT_vs_Ctrl	HALLMARK_OXIDATIVE_PHOSPHORYLATION	MSigDB_Hallmark	exploratory	-0.411059678988971	0.998058252427185	0.998058252427185	Bax,Atp5e	2	199	4	Mutter_02
Microglia	MBRT_vs_Ctrl	TypeII_interferon	project	primary	-1.84429669283793	0.000803601488869943	0.0353584655102775	H2-Eb1,H2-Aa,Cxcl9,H2-Ab1,Stat1	5	17	7	Mutter_02
Microglia	MBRT_vs_Ctrl	HALLMARK_G2M_CHECKPOINT	MSigDB_Hallmark	exploratory	1.85781835495491	0.002442783901522	0.0537412458334841	Mt2,Ezh2,H2az1,Abl1,Mki67,Ccnd1,Pttg1,Birc5,Cenpf,Hif1a	10	198	16	Mutter_02
Microglia	MBRT_vs_Ctrl	HALLMARK_GLYCOLYSIS	MSigDB_Hallmark	exploratory	-1.62798849470577	0.0168017176708671	0.184818894379539	Sod1,Vegfa,Ier3,Mertk,Vcan,Mif,Col5a1,Ppia	8	200	12	Mutter_02
Microglia	MBRT_vs_Ctrl	HALLMARK_P53_PATHWAY	MSigDB_Hallmark	exploratory	-1.61560479718748	0.0154008970709369	0.184818894379539	Rack1,Pcna,Itgb4,Ier3,Ddit3,Jun,Tap1,Tm4sf1,Atf3	9	199	23	Mutter_02
Microglia	MBRT_vs_Ctrl	HALLMARK_ESTROGEN_RESPONSE_LATE	MSigDB_Hallmark	exploratory	1.61238431645065	0.0340582578448884	0.249760557529181	S100a9,Fabp5,Cxcl14,Pgr,Ccnd1	5	206	12	Mutter_02
Microglia	MBRT_vs_Ctrl	HALLMARK_UV_RESPONSE_DN	MSigDB_Hallmark	exploratory	1.56805267635378	0.029891072810316	0.249760557529181	Col1a2,Col1a1,Col3a1,Anxa2,Nfkb1,Rxra,Igf1r,Tgfbr2	8	144	14	Mutter_02
Microglia	MBRT_vs_Ctrl	HALLMARK_INFLAMMATORY_RESPONSE	MSigDB_Hallmark	exploratory	1.36928863953692	0.0720164609053498	0.352080475537266	Gpr183,Il4ra,Il1b,Cxcr6,Msr1,Lyn,Rela,Nfkbia,Nfkb1,Il15ra	10	201	39	Mutter_02
Microglia	MBRT_vs_Ctrl	HALLMARK_INTERFERON_GAMMA_RESPONSE	MSigDB_Hallmark	exploratory	-1.349272614315	0.0649606299212598	0.352080475537266	Ifi27,H2-Eb1,H2-Aa,Casp3,Cxcl9,Ifitm3,Stat3,Stat1,Bst2,Tap1,H2-Q10,B2m,Arid5b,H2-D1	14	205	43	Mutter_02
Microglia	MBRT_vs_Ctrl	HALLMARK_PROTEIN_SECRETION	MSigDB_Hallmark	exploratory	-1.51573180685347	0.0610997963340122	0.352080475537266	Sod1,Lamp2	2	96	7	Mutter_02
Microglia	MBRT_vs_Ctrl	HALLMARK_OXIDATIVE_PHOSPHORYLATION	MSigDB_Hallmark	exploratory	-1.37690799399853	0.0956175298804781	0.420717131474104	Atp5e	1	199	4	Mutter_02
Microglia	MBRT_vs_Ctrl	HALLMARK_DNA_REPAIR	MSigDB_Hallmark	exploratory	-1.28961595849403	0.163346613545817	0.539	Pcna,Nt5c3	2	150	4	Mutter_02
Microglia	MBRT_vs_Ctrl	HALLMARK_MYC_TARGETS_V1	MSigDB_Hallmark	exploratory	-1.32457001985734	0.150197628458498	0.539	Hsp90ab1,Rack1,Pcna	3	201	9	Mutter_02
Microglia	MBRT_vs_Ctrl	HALLMARK_NOTCH_SIGNALING	MSigDB_Hallmark	exploratory	1.28916106350796	0.189243027888446	0.539	Wnt5a,Ccnd1	2	32	4	Mutter_02
Microglia	MBRT_vs_Ctrl	HALLMARK_TNFA_SIGNALING_VIA_NFKB	MSigDB_Hallmark	exploratory	1.18202242902151	0.179012345679012	0.539	Gpr183,Il1b,Stat5a,Ccl4,Rela,Nfkbia,Nfkb1,Il15ra,Dusp4	9	199	39	Mutter_02
Microglia	MBRT_vs_Ctrl	HALLMARK_XENOBIOTIC_METABOLISM	MSigDB_Hallmark	exploratory	1.30552566714688	0.156555772994129	0.539	Arg1,Mt2	2	203	7	Mutter_02
Microglia	MBRT_vs_Ctrl	TypeI_interferon	project	primary	-1.27632024808588	0.196	0.539	Ifitm3,Stat1,Oas2,Mx1	4	19	6	Mutter_02
Microglia	MBRT_vs_Ctrl	HALLMARK_ANDROGEN_RESPONSE	MSigDB_Hallmark	exploratory	-1.20162389091827	0.248046875	0.594401815627364	Maf,Lifr,Mertk,B2m,Akt1,Arid5b	6	112	12	Mutter_02
Microglia	MBRT_vs_Ctrl	HALLMARK_KRAS_SIGNALING_UP	MSigDB_Hallmark	exploratory	1.15120639083601	0.256673511293634	0.594401815627364	Arg1,Il1b	2	203	13	Mutter_02
Microglia	MBRT_vs_Ctrl	HALLMARK_MITOTIC_SPINDLE	MSigDB_Hallmark	exploratory	-1.22550825897544	0.243083003952569	0.594401815627364	Ezr,Plekhg2	2	199	8	Mutter_02
Microglia	MBRT_vs_Ctrl	HALLMARK_E2F_TARGETS	MSigDB_Hallmark	exploratory	1.15213296148021	0.277551020408163	0.610612244897959	Ezh2,H2az1,Mki67,Brca1,Pttg1,Cdkn1a,Birc5	7	200	15	Mutter_02
Microglia	MBRT_vs_Ctrl	HALLMARK_INTERFERON_ALPHA_RESPONSE	MSigDB_Hallmark	exploratory	-1.10177816694185	0.294921875	0.617931547619048	Ifi27,Ifitm3,Bst2,Tap1,H2-Q10,B2m	6	100	19	Mutter_02
Microglia	MBRT_vs_Ctrl	HALLMARK_UNFOLDED_PROTEIN_RESPONSE	MSigDB_Hallmark	exploratory	-1.12761301309941	0.309859154929577	0.619718309859155	Vegfa,Atf3	2	113	5	Mutter_02
Microglia	MBRT_vs_Ctrl	HALLMARK_HYPOXIA	MSigDB_Hallmark	exploratory	-1.08138776947108	0.327450980392157	0.626427962489344	Tgfb3,Vegfa,Ier3,Ddit3,Jun,Mif,Bcl2,Atf3,Rbpj,Col5a1,Ets1,Zfp36,Slc2a1	13	200	23	Mutter_02
Microglia	MBRT_vs_Ctrl	HALLMARK_IL6_JAK_STAT3_SIGNALING	MSigDB_Hallmark	exploratory	1.00866115760421	0.434782608695652	0.797101449275362	Il4ra,Il1b,Pf4	3	88	24	Mutter_02
Microglia	MBRT_vs_Ctrl	HALLMARK_APICAL_JUNCTION	MSigDB_Hallmark	exploratory	-1.00607490342231	0.467871485943775	0.798387096774194	Cx3cl1,Itgb4,Vcan,Fyb	4	199	11	Mutter_02
Microglia	MBRT_vs_Ctrl	HALLMARK_CHOLESTEROL_HOMEOSTASIS	MSigDB_Hallmark	exploratory	0.974570992004998	0.48991935483871	0.798387096774194	Fabp5,Cxcl16,Lgals3,Tnfrsf12a	4	75	10	Mutter_02
Microglia	MBRT_vs_Ctrl	HALLMARK_WNT_BETA_CATENIN_SIGNALING	MSigDB_Hallmark	exploratory	-0.990944550225575	0.476861167002012	0.798387096774194	Rbpj,Myc,Ctnnb1,Trp53	4	42	5	Mutter_02
Microglia	MBRT_vs_Ctrl	HALLMARK_APOPTOSIS	MSigDB_Hallmark	exploratory	-0.953402461765345	0.521317829457364	0.81921373200443	Casp3,Ifitm3,Sod1,Ier3,Ddit3,Sqstm1,Clu,Jun,Tap1	9	160	38	Mutter_02
Microglia	MBRT_vs_Ctrl	HALLMARK_ANGIOGENESIS	MSigDB_Hallmark	exploratory	0.903462230127986	0.577299412915851	0.875902557527498	Pf4,Col3a1	2	36	7	Mutter_02
Microglia	MBRT_vs_Ctrl	HALLMARK_ADIPOGENESIS	MSigDB_Hallmark	exploratory	-0.719909817617125	0.835030549898167	0.918533604887984	Sod1,Lifr	2	200	7	Mutter_02
Microglia	MBRT_vs_Ctrl	HALLMARK_ALLOGRAFT_REJECTION	MSigDB_Hallmark	exploratory	0.866295845194663	0.728215767634855	0.918533604887984	Il4ra,Il1b,Pf4,Ccl4,Ptprc,Srgn,Lyn,Ccl11,Ccr1,Brca1	10	201	46	Mutter_02
Microglia	MBRT_vs_Ctrl	HALLMARK_APICAL_SURFACE	MSigDB_Hallmark	exploratory	-0.753453596779074	0.804828973843059	0.918533604887984	Cx3cl1	1	44	5	Mutter_02
Microglia	MBRT_vs_Ctrl	HALLMARK_COAGULATION	MSigDB_Hallmark	exploratory	-0.798794283568861	0.73828125	0.918533604887984	Lamp2,Fn1,Clu,Anxa1,Dusp6	5	139	15	Mutter_02
Microglia	MBRT_vs_Ctrl	HALLMARK_COMPLEMENT	MSigDB_Hallmark	exploratory	0.832440235358353	0.735772357723577	0.918533604887984	S100a9,Pfn1,Lyn,C1qc,Gzmb,Lgals3,Cxcl2	7	196	23	Mutter_02
Microglia	MBRT_vs_Ctrl	HALLMARK_EPITHELIAL_MESENCHYMAL_TRANSITION	MSigDB_Hallmark	exploratory	0.886747715421964	0.661943319838057	0.918533604887984	Serpinh1,Col1a2,Wnt5a,Col12a1,Col1a1,Col3a1	6	206	41	Mutter_02
Microglia	MBRT_vs_Ctrl	HALLMARK_FATTY_ACID_METABOLISM	MSigDB_Hallmark	exploratory	0.750788483803944	0.812133072407045	0.918533604887984	H2az1,Hsp90aa1	2	157	7	Mutter_02
Microglia	MBRT_vs_Ctrl	HALLMARK_MTORC1_SIGNALING	MSigDB_Hallmark	exploratory	0.741352546127283	0.821428571428571	0.918533604887984	Serpinh1	1	201	11	Mutter_02
Microglia	MBRT_vs_Ctrl	HALLMARK_PI3K_AKT_MTOR_SIGNALING	MSigDB_Hallmark	exploratory	-0.761306866868068	0.780632411067194	0.918533604887984	Ddit3,Sqstm1,Akt1	3	105	10	Mutter_02
Microglia	MBRT_vs_Ctrl	HALLMARK_TGF_BETA_SIGNALING	MSigDB_Hallmark	exploratory	0.768004914764311	0.780876494023904	0.918533604887984	Thbs1,Ifngr2,Tgfb1,Junb,Eng,Ctnnb1	6	54	6	Mutter_02
Microglia	MBRT_vs_Ctrl	HALLMARK_UV_RESPONSE_UP	MSigDB_Hallmark	exploratory	-0.740542884412672	0.813592233009709	0.918533604887984	Casp3,Sqstm1,Tap1,Atf3	4	158	13	Mutter_02
Microglia	MBRT_vs_Ctrl	HALLMARK_ESTROGEN_RESPONSE_EARLY	MSigDB_Hallmark	exploratory	0.685690375067543	0.879032258064516	0.943351691581432	Pgr,Ccnd1,Igf1r	3	200	10	Mutter_02
Microglia	MBRT_vs_Ctrl	HALLMARK_IL2_STAT5_SIGNALING	MSigDB_Hallmark	exploratory	-0.624787558182973	0.959537572254335	0.981852399516064	Casp3,Ifitm3,Spp1,Bcl2,Cd48,Cst7,Gadd45b,Myc	8	199	24	Mutter_02
Microglia	MBRT_vs_Ctrl	HALLMARK_MYOGENESIS	MSigDB_Hallmark	exploratory	-0.624185190137651	0.937864077669903	0.981852399516064	Itgb4,Cryab,Clu,Col6a3	4	201	17	Mutter_02
Microglia	MBRT_vs_Ctrl	DNA_Damage_Repair	project	primary	-0.426134655826258	1	1	Ddit3	1	18	7	Mutter_02
Microglia	MBRT_vs_SBRT	HALLMARK_EPITHELIAL_MESENCHYMAL_TRANSITION	MSigDB_Hallmark	exploratory	-1.72812778678574	0.00309642770221466	0.136242818897445	Col1a1,Col4a1,Col1a2,Col5a3,Thbs2,Dcn,Col5a1,Col6a3,Col3a1,Jun,Cd44,Lgals1,Vim,Vcan,Cald1,Col6a2,Dst,Tpm2,Gadd45b,Serpinh1	20	206	41	Mutter_02
Microglia	MBRT_vs_SBRT	HALLMARK_GLYCOLYSIS	MSigDB_Hallmark	exploratory	-1.67335769670017	0.0116032811737544	0.149227119010893	Dcn,Col5a1,Ier3,Ppia,Cd44,Ldha,Vcan,Sod1	8	200	12	Mutter_02
Microglia	MBRT_vs_SBRT	HALLMARK_INFLAMMATORY_RESPONSE	MSigDB_Hallmark	exploratory	1.63545346456802	0.013566101728263	0.149227119010893	Cdkn1a,Il1b,Cxcl9,Ccrl2,Gpr183,Cxcr6,Il15ra,Ccl5,Msr1,Hif1a,Il10ra	11	201	39	Mutter_02
Microglia	MBRT_vs_SBRT	HALLMARK_UV_RESPONSE_DN	MSigDB_Hallmark	exploratory	-1.77304054083805	0.0075635047718664	0.149227119010893	Col1a1,Col1a2,Ica1,Col3a1,Ldlr,Erbb2,Adgrl2,Anxa2,Myc,Tgfbr2	10	144	14	Mutter_02
Microglia	MBRT_vs_SBRT	HALLMARK_FATTY_ACID_METABOLISM	MSigDB_Hallmark	exploratory	-1.5941740263261	0.017523009271138	0.154202481586014	S100a10,H2az1,Lgals1,Ldha	4	157	7	Mutter_02
Microglia	MBRT_vs_SBRT	DNA_Damage_Repair	project	primary	1.53530051324062	0.037358923418297	0.267716535433071	Cdkn1a,Brca1,Bax,Ddit3,Chek1	5	18	7	Mutter_02
Microglia	MBRT_vs_SBRT	HALLMARK_ADIPOGENESIS	MSigDB_Hallmark	exploratory	-1.47837512526605	0.0669291338582677	0.267716535433071	Col4a1,Stat5a,Sod1,Vegfb,Fabp4	5	200	7	Mutter_02
Microglia	MBRT_vs_SBRT	HALLMARK_ANDROGEN_RESPONSE	MSigDB_Hallmark	exploratory	-1.47542699915567	0.0647058823529412	0.267716535433071	Krt8,Maf,Akt1,Arid5b	4	112	12	Mutter_02
Microglia	MBRT_vs_SBRT	HALLMARK_INTERFERON_GAMMA_RESPONSE	MSigDB_Hallmark	exploratory	1.39388167888829	0.0557692307692308	0.267716535433071	Cdkn1a,Cxcl9,Mt2,Ifitm2,Il15ra,Ccl5,Hif1a,Il10ra,Lgals3bp,H2-D1,Btg1,H2-M3,Ifih1,Tnfaip6,Oas3,Gzma,Oasl1,H2-DMa,Tap1,Cxcl10	20	205	43	Mutter_02
Microglia	MBRT_vs_SBRT	HALLMARK_TNFA_SIGNALING_VIA_NFKB	MSigDB_Hallmark	exploratory	1.46349775176832	0.0427511594396955	0.267716535433071	Cdkn1a,Ccl4,Il1b,Ccrl2,Gpr183,Il15ra,Ccl5,Cxcl1,Sat1,Btg1,Ifih1,Cxcl2,Tnfaip6,Zfp36,Cd83,Junb,Tap1,Vegfa,Cxcl10	19	199	39	Mutter_02
Microglia	MBRT_vs_SBRT	HALLMARK_XENOBIOTIC_METABOLISM	MSigDB_Hallmark	exploratory	1.46712426183149	0.0545454545454545	0.267716535433071	Mt2,Ppard	2	203	7	Mutter_02
Microglia	MBRT_vs_SBRT	HALLMARK_APOPTOSIS	MSigDB_Hallmark	exploratory	1.32603343747368	0.0893203883495146	0.327508090614887	Cdkn1a,Lgals3,Brca1,Il1b,Bcl2l1	5	160	38	Mutter_02
Microglia	MBRT_vs_SBRT	HALLMARK_ALLOGRAFT_REJECTION	MSigDB_Hallmark	exploratory	1.27177279289971	0.107632093933464	0.36429324100557	Ccl4,Brca1,Il1b,Cxcl9,Fgr,Ccl11,Ccl5,H2-T23,Hif1a	9	201	46	Mutter_02
Microglia	MBRT_vs_SBRT	HALLMARK_COAGULATION	MSigDB_Hallmark	exploratory	-1.29748861151664	0.138613861386139	0.386473429951691	Clu,Mmp9,Pf4,Rac1,Dusp6,Cd9,Lamp2,Apoc1	8	139	15	Mutter_02
Microglia	MBRT_vs_SBRT	HALLMARK_E2F_TARGETS	MSigDB_Hallmark	exploratory	1.33597070767894	0.140845070422535	0.386473429951691	Cdkn1a,Brca1,Pttg1,Birc5,Ezh2,Mki67,Chek1	7	200	15	Mutter_02
Microglia	MBRT_vs_SBRT	HALLMARK_ESTROGEN_RESPONSE_EARLY	MSigDB_Hallmark	exploratory	-1.307016258827	0.158102766798419	0.386473429951691	Krt8,Xbp1,Cd44,Ccnd1,Myc,Bcl2,Krt18	7	200	10	Mutter_02
Microglia	MBRT_vs_SBRT	HALLMARK_MYC_TARGETS_V1	MSigDB_Hallmark	exploratory	-1.28709332249915	0.153696498054475	0.386473429951691	Ppia,H2az1,Rack1,Hsp90ab1,Ptges3,Ldha,Pcna,Myc	8	201	9	Mutter_02
Microglia	MBRT_vs_SBRT	HALLMARK_UV_RESPONSE_UP	MSigDB_Hallmark	exploratory	1.32169511098139	0.146938775510204	0.386473429951691	H2-Q1,Cxcl1,Btg1,H2-M3,Lyn,Junb,Tap1,Mmp14,Sqstm1,Icam1	10	158	13	Mutter_02
Microglia	MBRT_vs_SBRT	HALLMARK_APICAL_SURFACE	MSigDB_Hallmark	exploratory	1.26041761164059	0.204081632653061	0.472610096670247	Brca1,Ephb4,Lyn	3	44	5	Mutter_02
Microglia	MBRT_vs_SBRT	HALLMARK_APICAL_JUNCTION	MSigDB_Hallmark	exploratory	-1.22485099828146	0.228	0.480597872951998	Mmp9,Itgb4,Vcan,Fyb,Pfn1	5	199	11	Mutter_02
Microglia	MBRT_vs_SBRT	HALLMARK_CHOLESTEROL_HOMEOSTASIS	MSigDB_Hallmark	exploratory	1.22256336913204	0.229376257545272	0.480597872951998	Lgals3,Fabp5	2	75	10	Mutter_02
Microglia	MBRT_vs_SBRT	HALLMARK_G2M_CHECKPOINT	MSigDB_Hallmark	exploratory	1.16892055650393	0.243801652892562	0.487603305785124	Mt2,Pttg1,Birc5,Hif1a,Ezh2,Mki67,Chek1,Tgfb1,Ube2c	9	198	16	Mutter_02
Microglia	MBRT_vs_SBRT	HALLMARK_COMPLEMENT	MSigDB_Hallmark	exploratory	1.14737028055938	0.26530612244898	0.5075421472937	Lgals3,S100a9,Ltf,Ccl5,Cxcl1,Calm3,Cxcl2,Fn1	8	196	23	Mutter_02
Microglia	MBRT_vs_SBRT	HALLMARK_MYOGENESIS	MSigDB_Hallmark	exploratory	-1.13804883844332	0.28957528957529	0.530888030888031	Col1a1,Clu,Col6a3,Col3a1,Itgb4,Col6a2,Tnnc1,Tpm2,Gadd45b	9	201	17	Mutter_02
Microglia	MBRT_vs_SBRT	HALLMARK_NOTCH_SIGNALING	MSigDB_Hallmark	exploratory	1.17677750677856	0.313492063492064	0.538762019230769	Ppard,Wnt5a	2	32	4	Mutter_02
Microglia	MBRT_vs_SBRT	HALLMARK_UNFOLDED_PROTEIN_RESPONSE	MSigDB_Hallmark	exploratory	-1.14767034661987	0.318359375	0.538762019230769	Xbp1	1	113	5	Mutter_02
Microglia	MBRT_vs_SBRT	HALLMARK_MITOTIC_SPINDLE	MSigDB_Hallmark	exploratory	-1.09885500721491	0.340637450199203	0.555112881806109	Ezr,Abl1,Dst,Nusap1	4	199	8	Mutter_02
Microglia	MBRT_vs_SBRT	HALLMARK_IL2_STAT5_SIGNALING	MSigDB_Hallmark	exploratory	-1.0758892164958	0.354709418837675	0.557400515316347	Xbp1,Cd48,Spry4,Casp3,Il4ra,Sell,Cd44	7	199	24	Mutter_02
Microglia	MBRT_vs_SBRT	HALLMARK_ESTROGEN_RESPONSE_LATE	MSigDB_Hallmark	exploratory	1.05730056979073	0.384146341463415	0.582842724978974	Fabp5,S100a9,Ltf	3	206	12	Mutter_02
Microglia	MBRT_vs_SBRT	HALLMARK_PI3K_AKT_MTOR_SIGNALING	MSigDB_Hallmark	exploratory	1.01042199494478	0.438631790744467	0.643326626425218	Cdkn1a	1	105	10	Mutter_02
Microglia	MBRT_vs_SBRT	HALLMARK_ANGIOGENESIS	MSigDB_Hallmark	exploratory	-0.97998536650581	0.507874015748032	0.720853441706884	Col3a1,Pf4,Vcan	3	36	7	Mutter_02
Microglia	MBRT_vs_SBRT	HALLMARK_P53_PATHWAY	MSigDB_Hallmark	exploratory	0.918950864488839	0.595918367346939	0.794557823129252	Cdkn1a,Serpinb5,Bax,Sat1,Btg1,Ddit3,Tm4sf1	7	199	23	Mutter_02
Microglia	MBRT_vs_SBRT	HALLMARK_PROTEIN_SECRETION	MSigDB_Hallmark	exploratory	-0.908354802383776	0.584645669291339	0.794557823129252	Ica1,Dst,Sod1,Lamp2	4	96	7	Mutter_02
Microglia	MBRT_vs_SBRT	HALLMARK_HYPOXIA	MSigDB_Hallmark	exploratory	0.873149283974736	0.663265306122449	0.858343337334934	Cdkn1a,Mt2,Tgfb3,Btg1,Ddit3,Vhl	6	200	23	Mutter_02
Microglia	MBRT_vs_SBRT	HALLMARK_DNA_REPAIR	MSigDB_Hallmark	exploratory	0.719459681247684	0.791666666666667	0.864393494023124	Tyms	1	150	4	Mutter_02
Microglia	MBRT_vs_SBRT	HALLMARK_IL6_JAK_STAT3_SIGNALING	MSigDB_Hallmark	exploratory	0.765746578553233	0.821073558648111	0.864393494023124	Il1b,Cxcl9,Il15ra,Cxcl1	4	88	24	Mutter_02
Microglia	MBRT_vs_SBRT	HALLMARK_KRAS_SIGNALING_UP	MSigDB_Hallmark	exploratory	0.727003889171023	0.820408163265306	0.864393494023124	Il1b,Il10ra,Spp1	3	203	13	Mutter_02
Microglia	MBRT_vs_SBRT	HALLMARK_MTORC1_SIGNALING	MSigDB_Hallmark	exploratory	0.822485824346202	0.687872763419483	0.864393494023124	Cdkn1a	1	201	11	Mutter_02
Microglia	MBRT_vs_SBRT	HALLMARK_OXIDATIVE_PHOSPHORYLATION	MSigDB_Hallmark	exploratory	-0.734329707063115	0.799196787148594	0.864393494023124	Ldha,Glud1,Atp5e	3	199	4	Mutter_02
Microglia	MBRT_vs_SBRT	HALLMARK_WNT_BETA_CATENIN_SIGNALING	MSigDB_Hallmark	exploratory	0.799407758349783	0.728571428571429	0.864393494023124	Ppard	1	42	5	Mutter_02
Microglia	MBRT_vs_SBRT	TypeII_interferon	project	primary	0.740935826459962	0.808080808080808	0.864393494023124	Cxcl9	1	17	7	Mutter_02
Microglia	MBRT_vs_SBRT	TypeI_interferon	project	primary	0.722731231621702	0.825102880658436	0.864393494023124	Mx1	1	19	6	Mutter_02
Microglia	MBRT_vs_SBRT	HALLMARK_INTERFERON_ALPHA_RESPONSE	MSigDB_Hallmark	exploratory	0.715625147696162	0.856287425149701	0.868312757201646	Ccrl2,Ifitm2,Lgals3bp,Ifih1,Oasl1,Tap1,Cxcl10,Casp8,Ifitm1	9	100	19	Mutter_02
Microglia	MBRT_vs_SBRT	HALLMARK_TGF_BETA_SIGNALING	MSigDB_Hallmark	exploratory	0.672882667985052	0.868312757201646	0.868312757201646	Junb,Tgfb1	2	54	6	Mutter_02
Microglia	SBRT_vs_Ctrl	DNA_Damage_Repair	project	primary	-1.73243661065812	0.0112195999923996	0.123415599916396	Cdkn1a,Ddit3,Brca1,Chek1,Bax	5	18	7	Mutter_02
Microglia	SBRT_vs_Ctrl	HALLMARK_EPITHELIAL_MESENCHYMAL_TRANSITION	MSigDB_Hallmark	exploratory	1.65553230912799	0.00790297403917162	0.123415599916396	Col1a2,Col1a1,Col5a3,Serpinh1,Col4a1,Col3a1,Dcn,Col12a1,Thbs2	9	206	41	Mutter_02
Microglia	SBRT_vs_Ctrl	HALLMARK_INTERFERON_GAMMA_RESPONSE	MSigDB_Hallmark	exploratory	-1.62887126949262	0.0105743015322002	0.123415599916396	Cxcl9,Cdkn1a,H2-D1,Ifitm2,Ifi27,Ccl5,Tap1,Ifih1,H2-Eb1,Btg1,H2-Aa,Ifitm3,Il10ra,Bst2,H2-DMa,Tnfaip6,Oas3,Mt2,Gzma,Oasl1,Oas2,Nlrc5,Hif1a,H2-M3,Lgals3bp	25	205	43	Mutter_02
Microglia	SBRT_vs_Ctrl	HALLMARK_UV_RESPONSE_DN	MSigDB_Hallmark	exploratory	1.90454217639945	0.00512848314561088	0.123415599916396	Col1a2,Col1a1,Col3a1,Anxa2,Ica1,Tgfbr2,Ldlr,Rxra,Nfkb1,Igf1r	10	144	14	Mutter_02
Microglia	SBRT_vs_Ctrl	TypeII_interferon	project	primary	-1.63297638058358	0.026593398398148	0.234021905903702	Cxcl9,H2-Eb1,H2-Aa,H2-Ab1	4	17	7	Mutter_02
Microglia	SBRT_vs_Ctrl	HALLMARK_P53_PATHWAY	MSigDB_Hallmark	exploratory	-1.44507561275229	0.0572284890441057	0.419675586323442	Cdkn1a,Ddit3,Tm4sf1,Tap1,Serpinb5,Btg1	6	199	23	Mutter_02
Microglia	SBRT_vs_Ctrl	HALLMARK_APICAL_SURFACE	MSigDB_Hallmark	exploratory	-1.42572889284872	0.0745967741935484	0.46889400921659	Cx3cl1,Brca1,Ephb4	3	44	5	Mutter_02
Microglia	SBRT_vs_Ctrl	HALLMARK_ADIPOGENESIS	MSigDB_Hallmark	exploratory	1.39153105016349	0.117082533589251	0.529460580912863	Col4a1,Stat5a	2	200	7	Mutter_02
Microglia	SBRT_vs_Ctrl	HALLMARK_ESTROGEN_RESPONSE_EARLY	MSigDB_Hallmark	exploratory	1.40795246708585	0.112380952380952	0.529460580912863	Xbp1,Krt8,Ccnd1,Cd44,Pgr,Igf1r,Krt18	7	200	10	Mutter_02
Microglia	SBRT_vs_Ctrl	TypeI_interferon	project	primary	-1.36465603804953	0.120331950207469	0.529460580912863	Mx1,Ifitm3,Oasl1,Oas2,Ifitm1	5	19	6	Mutter_02
Microglia	SBRT_vs_Ctrl	HALLMARK_APICAL_JUNCTION	MSigDB_Hallmark	exploratory	1.26901581180031	0.18042226487524	0.624415416868247	Mmp9,Pfn1,Ptprc	3	199	11	Mutter_02
Microglia	SBRT_vs_Ctrl	HALLMARK_PI3K_AKT_MTOR_SIGNALING	MSigDB_Hallmark	exploratory	-1.26907260957162	0.184486373165618	0.624415416868247	Cdkn1a,Ddit3,Sqstm1	3	105	10	Mutter_02
Microglia	SBRT_vs_Ctrl	HALLMARK_UV_RESPONSE_UP	MSigDB_Hallmark	exploratory	-1.24489562426016	0.176724137931034	0.624415416868247	H2-Q1,Sqstm1,Tap1,Btg1,Cxcl1,Junb,Mmp14,H2-M3,Casp3	9	158	13	Mutter_02
Microglia	SBRT_vs_Ctrl	HALLMARK_HYPOXIA	MSigDB_Hallmark	exploratory	-1.21563184957854	0.202150537634409	0.635330261136713	Cdkn1a,Tgfb3,Ddit3,Vegfa,Btg1,Zfp36,Mif,Slc2a1	8	200	23	Mutter_02
Microglia	SBRT_vs_Ctrl	HALLMARK_ANGIOGENESIS	MSigDB_Hallmark	exploratory	1.11760574847436	0.337811900191939	0.714019686086725	Col3a1,Pf4	2	36	7	Mutter_02
Microglia	SBRT_vs_Ctrl	HALLMARK_APOPTOSIS	MSigDB_Hallmark	exploratory	-1.08880760724902	0.34056399132321	0.714019686086725	Cdkn1a,Lgals3,Ddit3,Sqstm1,Tap1,Brca1,Bcl2l1,Ifitm3	8	160	38	Mutter_02
Microglia	SBRT_vs_Ctrl	HALLMARK_ESTROGEN_RESPONSE_LATE	MSigDB_Hallmark	exploratory	1.12062419960347	0.309433962264151	0.714019686086725	Xbp1,Ccnd1,S100a9,Cd9,Cd44,Cxcl14,Pgr	7	206	12	Mutter_02
Microglia	SBRT_vs_Ctrl	HALLMARK_G2M_CHECKPOINT	MSigDB_Hallmark	exploratory	1.08505030236065	0.340782122905028	0.714019686086725	H2az1,Abl1,Ccnd1	3	198	16	Mutter_02
Microglia	SBRT_vs_Ctrl	HALLMARK_INTERFERON_ALPHA_RESPONSE	MSigDB_Hallmark	exploratory	-1.14017678681039	0.281837160751566	0.714019686086725	Ccrl2,Ifitm2,Ifi27,Tap1,Ifih1,Ifitm3,Bst2	7	100	19	Mutter_02
Microglia	SBRT_vs_Ctrl	HALLMARK_MYOGENESIS	MSigDB_Hallmark	exploratory	1.07702895976788	0.33641404805915	0.714019686086725	Col1a1,Col3a1	2	201	17	Mutter_02
Microglia	SBRT_vs_Ctrl	HALLMARK_TNFA_SIGNALING_VIA_NFKB	MSigDB_Hallmark	exploratory	-1.12160933881902	0.269315673289183	0.714019686086725	Cdkn1a,Ccrl2,Vegfa,Ccl4,Sqstm1,Ccl5,Tap1,Ifih1,Btg1	9	199	39	Mutter_02
Microglia	SBRT_vs_Ctrl	HALLMARK_DNA_REPAIR	MSigDB_Hallmark	exploratory	-1.08830255331598	0.395491803278689	0.725068306010929	Tyms	1	150	4	Mutter_02
Microglia	SBRT_vs_Ctrl	HALLMARK_FATTY_ACID_METABOLISM	MSigDB_Hallmark	exploratory	1.07672345299345	0.385796545105566	0.725068306010929	H2az1,S100a10,Ldha,Lgals1	4	157	7	Mutter_02
Microglia	SBRT_vs_Ctrl	HALLMARK_IL2_STAT5_SIGNALING	MSigDB_Hallmark	exploratory	1.04592709739637	0.388475836431227	0.725068306010929	Il4ra,Xbp1,Spry4,Cd48,Sell,Cd44	6	199	24	Mutter_02
Microglia	SBRT_vs_Ctrl	HALLMARK_IL6_JAK_STAT3_SIGNALING	MSigDB_Hallmark	exploratory	1.0282560870158	0.41635687732342	0.732788104089219	Il4ra,Pf4,Tlr2,Cd9,Cd44	5	88	24	Mutter_02
Microglia	SBRT_vs_Ctrl	HALLMARK_KRAS_SIGNALING_UP	MSigDB_Hallmark	exploratory	1.00037502861342	0.440520446096654	0.745496139548184	Arg1,Mmp9	2	203	13	Mutter_02
Microglia	SBRT_vs_Ctrl	HALLMARK_COAGULATION	MSigDB_Hallmark	exploratory	0.977003931038348	0.474953617810761	0.773998488284203	Pf4,Mmp9,Cd9,Apoc1,Rac1,Clu,Thbs1	7	139	15	Mutter_02
Microglia	SBRT_vs_Ctrl	HALLMARK_ALLOGRAFT_REJECTION	MSigDB_Hallmark	exploratory	-0.88955884882084	0.667400881057269	0.852764423076923	Cxcl9,Fgr,H2-T23,Ccl4,Ccl5,Tap1,Brca1	7	201	46	Mutter_02
Microglia	SBRT_vs_Ctrl	HALLMARK_ANDROGEN_RESPONSE	MSigDB_Hallmark	exploratory	0.837861757971932	0.667924528301887	0.852764423076923	Krt8,Ccnd1,Selenop,Akt1,Arid5b	5	112	12	Mutter_02
Microglia	SBRT_vs_Ctrl	HALLMARK_CHOLESTEROL_HOMEOSTASIS	MSigDB_Hallmark	exploratory	-0.882830204993821	0.616352201257862	0.852764423076923	Lgals3	1	75	10	Mutter_02
Microglia	SBRT_vs_Ctrl	HALLMARK_COMPLEMENT	MSigDB_Hallmark	exploratory	-0.833632251051251	0.724731182795699	0.852764423076923	Lgals3,Fn1,Ccl5,Ltf	4	196	23	Mutter_02
Microglia	SBRT_vs_Ctrl	HALLMARK_E2F_TARGETS	MSigDB_Hallmark	exploratory	-0.843060235792505	0.710583153347732	0.852764423076923	Cdkn1a,Brca1,Msh2,Chek1	4	200	15	Mutter_02
Microglia	SBRT_vs_Ctrl	HALLMARK_INFLAMMATORY_RESPONSE	MSigDB_Hallmark	exploratory	-0.867884541366971	0.677704194260486	0.852764423076923	Cxcl9,Cdkn1a,Ccrl2,Cx3cl1,Ccl5	5	201	39	Mutter_02
Microglia	SBRT_vs_Ctrl	HALLMARK_MITOTIC_SPINDLE	MSigDB_Hallmark	exploratory	0.786476715620259	0.755859375	0.852764423076923	Abl1,Dst,Nusap1	3	199	8	Mutter_02
Microglia	SBRT_vs_Ctrl	HALLMARK_MTORC1_SIGNALING	MSigDB_Hallmark	exploratory	-0.89890172492793	0.600831600831601	0.852764423076923	Cdkn1a,Ddit3,Sqstm1	3	201	11	Mutter_02
Microglia	SBRT_vs_Ctrl	HALLMARK_NOTCH_SIGNALING	MSigDB_Hallmark	exploratory	0.812586908665114	0.698443579766537	0.852764423076923	Ccnd1,Fzd7	2	32	4	Mutter_02
Microglia	SBRT_vs_Ctrl	HALLMARK_UNFOLDED_PROTEIN_RESPONSE	MSigDB_Hallmark	exploratory	0.770628034144326	0.74703557312253	0.852764423076923	Xbp1	1	113	5	Mutter_02
Microglia	SBRT_vs_Ctrl	HALLMARK_WNT_BETA_CATENIN_SIGNALING	MSigDB_Hallmark	exploratory	-0.922233698689057	0.568548387096774	0.852764423076923	Ppard,Rbpj	2	42	5	Mutter_02
Microglia	SBRT_vs_Ctrl	HALLMARK_XENOBIOTIC_METABOLISM	MSigDB_Hallmark	exploratory	0.824334661144921	0.687140115163148	0.852764423076923	Arg1	1	203	7	Mutter_02
Microglia	SBRT_vs_Ctrl	HALLMARK_GLYCOLYSIS	MSigDB_Hallmark	exploratory	-0.726111387300043	0.834745762711864	0.918220338983051	Mertk,Vegfa	2	200	12	Mutter_02
Microglia	SBRT_vs_Ctrl	HALLMARK_MYC_TARGETS_V1	MSigDB_Hallmark	exploratory	0.598724422778001	0.946462715105163	0.963531669865643	H2az1	1	201	9	Mutter_02
Microglia	SBRT_vs_Ctrl	HALLMARK_OXIDATIVE_PHOSPHORYLATION	MSigDB_Hallmark	exploratory	-0.563802712852734	0.952868852459016	0.963531669865643	Bax,Atp5e	2	199	4	Mutter_02
Microglia	SBRT_vs_Ctrl	HALLMARK_PROTEIN_SECRETION	MSigDB_Hallmark	exploratory	0.534063068017353	0.963531669865643	0.963531669865643	Ica1,Dst	2	96	7	Mutter_02
Microglia	SBRT_vs_Ctrl	HALLMARK_TGF_BETA_SIGNALING	MSigDB_Hallmark	exploratory	-0.639697897880859	0.912863070539419	0.963531669865643	Junb,Tgfb1,Eng,Ifngr2,Ctnnb1,Thbs1	6	54	6	Mutter_02
NK	MBRT_vs_Ctrl	HALLMARK_EPITHELIAL_MESENCHYMAL_TRANSITION	MSigDB_Hallmark	exploratory	1.32720484701241	0.110791366906475	0.543478260869565	Col1a1,Col1a2,Cd44,Lgals1	4	206	5	Mutter_02
NK	MBRT_vs_Ctrl	HALLMARK_INTERFERON_GAMMA_RESPONSE	MSigDB_Hallmark	exploratory	-1.64334302239719	0.0516500557271674	0.543478260869565	H2-D1	1	205	6	Mutter_02
NK	MBRT_vs_Ctrl	HALLMARK_UV_RESPONSE_DN	MSigDB_Hallmark	exploratory	1.32501028496972	0.116459627329193	0.543478260869565	Col1a1,Col1a2,Anxa2	3	144	3	Mutter_02
NK	MBRT_vs_Ctrl	HALLMARK_APOPTOSIS	MSigDB_Hallmark	exploratory	1.12409645318301	0.341007194244604	0.79568345323741	Gpx1,Cd44,Lmna,Ccnd1	4	160	5	Mutter_02
NK	MBRT_vs_Ctrl	HALLMARK_INTERFERON_ALPHA_RESPONSE	MSigDB_Hallmark	exploratory	-1.22398571271684	0.253481894150418	0.79568345323741	B2m,Bst2	2	100	3	Mutter_02
NK	MBRT_vs_Ctrl	HALLMARK_P53_PATHWAY	MSigDB_Hallmark	exploratory	-1.10541510517692	0.328690807799443	0.79568345323741	Rack1	1	199	3	Mutter_02
NK	MBRT_vs_Ctrl	HALLMARK_ESTROGEN_RESPONSE_EARLY	MSigDB_Hallmark	exploratory	1.05411254090544	0.417701863354037	0.835403726708075	Krt8,Cd44	2	200	3	Mutter_02
NK	MBRT_vs_Ctrl	HALLMARK_ALLOGRAFT_REJECTION	MSigDB_Hallmark	exploratory	0.972649320609893	0.531073446327684	0.929378531073446	Gzmb,Srgn	2	201	6	Mutter_02
NK	MBRT_vs_Ctrl	HALLMARK_ANDROGEN_RESPONSE	MSigDB_Hallmark	exploratory	0.775970364147298	0.774002954209749	0.985094668994226	Krt8	1	112	4	Mutter_02
NK	MBRT_vs_Ctrl	HALLMARK_MYC_TARGETS_V1	MSigDB_Hallmark	exploratory	-0.808225551406051	0.6991643454039	0.985094668994226	Rack1	1	201	3	Mutter_02
NK	MBRT_vs_Ctrl	HALLMARK_TNFA_SIGNALING_VIA_NFKB	MSigDB_Hallmark	exploratory	0.834265734980935	0.742236024844721	0.985094668994226	Cd44,Ccnd1,Ccl5	3	199	3	Mutter_02
NK	MBRT_vs_Ctrl	HALLMARK_FATTY_ACID_METABOLISM	MSigDB_Hallmark	exploratory	-0.607032427688747	0.955431754874652	0.986706056129985	Mif,S100a10,Lgals1	3	157	3	Mutter_02
NK	MBRT_vs_Ctrl	HALLMARK_GLYCOLYSIS	MSigDB_Hallmark	exploratory	0.606391965051802	0.942546583850932	0.986706056129985	Cd44	1	200	3	Mutter_02
NK	MBRT_vs_Ctrl	HALLMARK_HYPOXIA	MSigDB_Hallmark	exploratory	0.512427663822881	0.986706056129985	0.986706056129985	Anxa2	1	200	4	Mutter_02
NK	MBRT_vs_SBRT	HALLMARK_INTERFERON_GAMMA_RESPONSE	MSigDB_Hallmark	exploratory	1.75416821046356	0.00680671136826815	0.0952939591557542	Bst2,Mt2,Cd74,Ccl5,B2m,H2-D1	6	205	6	Mutter_02
NK	MBRT_vs_SBRT	HALLMARK_ALLOGRAFT_REJECTION	MSigDB_Hallmark	exploratory	1.46546436755198	0.0687919463087248	0.30952380952381	Srgn,Cd74,Ccl5,B2m	4	201	6	Mutter_02
NK	MBRT_vs_SBRT	HALLMARK_EPITHELIAL_MESENCHYMAL_TRANSITION	MSigDB_Hallmark	exploratory	-1.56388610322234	0.0884353741496599	0.30952380952381	Col1a2,Lgals1	2	206	5	Mutter_02
NK	MBRT_vs_SBRT	HALLMARK_UV_RESPONSE_DN	MSigDB_Hallmark	exploratory	-1.50300930126125	0.0806100217864924	0.30952380952381	Col1a2	1	144	3	Mutter_02
NK	MBRT_vs_SBRT	HALLMARK_FATTY_ACID_METABOLISM	MSigDB_Hallmark	exploratory	-1.42704679469873	0.122004357298475	0.327261687917426	S100a10,Lgals1	2	157	3	Mutter_02
NK	MBRT_vs_SBRT	HALLMARK_INTERFERON_ALPHA_RESPONSE	MSigDB_Hallmark	exploratory	1.31913613218818	0.140255009107468	0.327261687917426	Bst2,Cd74,B2m	3	100	3	Mutter_02
NK	MBRT_vs_SBRT	HALLMARK_ESTROGEN_RESPONSE_EARLY	MSigDB_Hallmark	exploratory	-1.11570752463814	0.331154684095861	0.662309368191721	Krt8,Ccnd1	2	200	3	Mutter_02
NK	MBRT_vs_SBRT	HALLMARK_P53_PATHWAY	MSigDB_Hallmark	exploratory	-0.991468408162561	0.453159041394336	0.793028322440087	S100a10	1	199	3	Mutter_02
NK	MBRT_vs_SBRT	HALLMARK_GLYCOLYSIS	MSigDB_Hallmark	exploratory	-0.893044598293318	0.583877995642702	0.817429193899782	Ppia,Cd44,Mif	3	200	3	Mutter_02
NK	MBRT_vs_SBRT	HALLMARK_HYPOXIA	MSigDB_Hallmark	exploratory	0.970019241691281	0.555555555555556	0.817429193899782	Mt2,Mif,Ndrg1	3	200	4	Mutter_02
NK	MBRT_vs_SBRT	HALLMARK_ANDROGEN_RESPONSE	MSigDB_Hallmark	exploratory	-0.72346456294922	0.776805251641138	0.936247723132969	Krt8,Ccnd1	2	112	4	Mutter_02
NK	MBRT_vs_SBRT	HALLMARK_APOPTOSIS	MSigDB_Hallmark	exploratory	0.718069561763032	0.820422535211268	0.936247723132969	Gpx1	1	160	5	Mutter_02
NK	MBRT_vs_SBRT	HALLMARK_MYC_TARGETS_V1	MSigDB_Hallmark	exploratory	0.624848592753983	0.910746812386157	0.936247723132969	Hsp90ab1,Rack1	2	201	3	Mutter_02
NK	MBRT_vs_SBRT	HALLMARK_TNFA_SIGNALING_VIA_NFKB	MSigDB_Hallmark	exploratory	0.564253259159283	0.936247723132969	0.936247723132969	Ccl5	1	199	3	Mutter_02
NK	SBRT_vs_Ctrl	HALLMARK_INTERFERON_GAMMA_RESPONSE	MSigDB_Hallmark	exploratory	-1.85653276118059	0.00466092316112931	0.0652529242558104	H2-D1,Bst2,Mt2,Cd74,B2m,Ccl5	6	205	6	Mutter_02
NK	SBRT_vs_Ctrl	HALLMARK_EPITHELIAL_MESENCHYMAL_TRANSITION	MSigDB_Hallmark	exploratory	1.70502185658701	0.0160195147997839	0.112136603598488	Col1a1,Col1a2,Lgals1	3	206	5	Mutter_02
NK	SBRT_vs_Ctrl	HALLMARK_UV_RESPONSE_DN	MSigDB_Hallmark	exploratory	1.50896110577539	0.0451038903393403	0.210484821583588	Col1a1,Col1a2	2	144	3	Mutter_02
NK	SBRT_vs_Ctrl	HALLMARK_INTERFERON_ALPHA_RESPONSE	MSigDB_Hallmark	exploratory	-1.51396559754571	0.0657370517928287	0.2300796812749	Bst2,Cd74,B2m	3	100	3	Mutter_02
NK	SBRT_vs_Ctrl	HALLMARK_ALLOGRAFT_REJECTION	MSigDB_Hallmark	exploratory	-1.17663838260492	0.256235827664399	0.648529411764706	Cd74,B2m,Ccl5,Srgn	4	201	6	Mutter_02
NK	SBRT_vs_Ctrl	HALLMARK_APOPTOSIS	MSigDB_Hallmark	exploratory	1.14402257401151	0.31098696461825	0.648529411764706	Lmna,Ccnd1,Cd44,Tnfrsf12a,Gpx1	5	160	5	Mutter_02
NK	SBRT_vs_Ctrl	HALLMARK_ESTROGEN_RESPONSE_EARLY	MSigDB_Hallmark	exploratory	1.14341617046402	0.358823529411765	0.648529411764706	Krt8,Ccnd1,Cd44	3	200	3	Mutter_02
NK	SBRT_vs_Ctrl	HALLMARK_FATTY_ACID_METABOLISM	MSigDB_Hallmark	exploratory	1.12586306181788	0.370588235294118	0.648529411764706	Lgals1,S100a10	2	157	3	Mutter_02
NK	SBRT_vs_Ctrl	HALLMARK_ANDROGEN_RESPONSE	MSigDB_Hallmark	exploratory	0.928546835333414	0.57824427480916	0.89800796812749	Krt8,Ccnd1	2	112	4	Mutter_02
NK	SBRT_vs_Ctrl	HALLMARK_MYC_TARGETS_V1	MSigDB_Hallmark	exploratory	-0.858017419103595	0.641434262948207	0.89800796812749	Rack1	1	201	3	Mutter_02
NK	SBRT_vs_Ctrl	HALLMARK_GLYCOLYSIS	MSigDB_Hallmark	exploratory	-0.728946398818307	0.808764940239044	0.935294117647059	Mif,Cd44,Ppia	3	200	3	Mutter_02
NK	SBRT_vs_Ctrl	HALLMARK_HYPOXIA	MSigDB_Hallmark	exploratory	-0.758931104659448	0.752066115702479	0.935294117647059	Mt2,Mif	2	200	4	Mutter_02
NK	SBRT_vs_Ctrl	HALLMARK_P53_PATHWAY	MSigDB_Hallmark	exploratory	0.577596580885078	0.935294117647059	0.935294117647059	S100a10	1	199	3	Mutter_02
NK	SBRT_vs_Ctrl	HALLMARK_TNFA_SIGNALING_VIA_NFKB	MSigDB_Hallmark	exploratory	0.598932279766866	0.917647058823529	0.935294117647059	Ccnd1,Cd44,Ccl5	3	199	3	Mutter_02
NKT	MBRT_vs_Ctrl	HALLMARK_EPITHELIAL_MESENCHYMAL_TRANSITION	MSigDB_Hallmark	exploratory	2.17937398426238	6.34043146309574e-07	3.29702436080978e-05	Col3a1,Col5a2,Col1a1,Col5a1,Col1a2,Acta2,Timp1,Serpinh1,Itga5,Col5a3,Col6a3,Tnfrsf11b,Thbs2,Mfap5,Col12a1,Bgn,Itgb5,Wnt5a,Cxcl3,Lum,Vegfc,Dcn,Mmp14,Cdh11,Lgals1,Col4a1,Notch2	27	206	72	Mutter_02
NKT	MBRT_vs_Ctrl	HALLMARK_ANGIOGENESIS	MSigDB_Hallmark	exploratory	2.11675136991983	0.000162211922382003	0.00421750998193208	Col3a1,Col5a2,Pf4,Timp1,Pdgfa,Lum,App,S100a4	8	36	19	Mutter_02
NKT	MBRT_vs_Ctrl	HALLMARK_UNFOLDED_PROTEIN_RESPONSE	MSigDB_Hallmark	exploratory	1.80258033592247	0.00551503498079441	0.0955939396671031	Ccl2,Xbp1	2	113	6	Mutter_02
NKT	MBRT_vs_Ctrl	HALLMARK_UV_RESPONSE_DN	MSigDB_Hallmark	exploratory	1.63585852934228	0.0139885625013408	0.148292076141876	Col3a1,Col5a2,Col1a1,Col1a2,Anxa4,Bmpr1a,Ldlr,Rxra,Notch2,Anxa2,Fyn	11	144	32	Mutter_02
NKT	MBRT_vs_Ctrl	TypeI_interferon	project	primary	1.69927205148544	0.0142588534751804	0.148292076141876	Ifit1,Ifitm1	2	19	7	Mutter_02
NKT	MBRT_vs_Ctrl	HALLMARK_COMPLEMENT	MSigDB_Hallmark	exploratory	1.41782058163393	0.0440442821230679	0.381717111733256	S100a9,Timp1,Mmp12,Src,Calm1,C1qc,Cxcl3,C1qa,Gzmb,Mmp14,Pdgfb,Dusp5,Fcer1g,Apoc1,Fyn,Cd55,Gzma,Lgals3,Ccl5,Olr1,Ltf,Jak2	22	196	42	Mutter_02
NKT	MBRT_vs_Ctrl	HALLMARK_CHOLESTEROL_HOMEOSTASIS	MSigDB_Hallmark	exploratory	1.38745877571221	0.108167770419426	0.562472406181016	Fabp5,Ldlr,Fasn,Ctnnb1,Cxcl16,Lgals3,Jag1	7	75	13	Mutter_02
NKT	MBRT_vs_Ctrl	HALLMARK_G2M_CHECKPOINT	MSigDB_Hallmark	exploratory	1.37325343684418	0.091304347826087	0.562472406181016	Ccnd1,Mki67,Cenpf,Cdkn3,Notch2,Nusap1,Top2a,Tgfb1,Pttg1,Hif1a,Ube2c,Stmn1,Mt2	13	198	23	Mutter_02
NKT	MBRT_vs_Ctrl	HALLMARK_INFLAMMATORY_RESPONSE	MSigDB_Hallmark	exploratory	1.29626585414135	0.093035263727928	0.562472406181016	Il1b,Ccl2,Timp1,Ifitm1,Itga5,Il4ra,Gpr183,Axl,Il18,Tnfrsf9,Ifnar1,Csf1,Nlrp3,Ldlr,Msr1,Cxcr6,Cxcl10,Mmp14	18	201	86	Mutter_02
NKT	MBRT_vs_Ctrl	HALLMARK_TNFA_SIGNALING_VIA_NFKB	MSigDB_Hallmark	exploratory	1.2501546186426	0.101234567901235	0.562472406181016	Il1b,Ccl2,Ccnd1,Phlda2,Dusp4,Gpr183,Il18,Tnfrsf9,Cxcl3,Csf1,Ldlr,Ptgs2,Fos,Cxcl10,Ccl4,Dusp5	16	199	76	Mutter_02
NKT	MBRT_vs_Ctrl	HALLMARK_ANDROGEN_RESPONSE	MSigDB_Hallmark	exploratory	1.17263356527547	0.258695652173913	0.617647058823529	Ccnd1,Lifr,Mertk,Krt19,Ndrg1,Itgav,Krt8,Maf,Akt1	9	112	17	Mutter_02
NKT	MBRT_vs_Ctrl	HALLMARK_APICAL_SURFACE	MSigDB_Hallmark	exploratory	-1.29443904893028	0.180987202925046	0.617647058823529	Gata3,Hspb1,Il2rg,Efna5	4	44	10	Mutter_02
NKT	MBRT_vs_Ctrl	HALLMARK_COAGULATION	MSigDB_Hallmark	exploratory	1.21122216036189	0.200873362445415	0.617647058823529	Pf4,Timp1,C1qa,Mmp14,Pdgfb,Apoc1,Fyn,Itga2,Rac1,Olr1,Mmp9,Gsn	12	139	28	Mutter_02
NKT	MBRT_vs_Ctrl	HALLMARK_DNA_REPAIR	MSigDB_Hallmark	exploratory	-1.34305594157283	0.141048824593128	0.617647058823529	Npr2,Trp53,Tyms,Pcna	4	150	5	Mutter_02
NKT	MBRT_vs_Ctrl	HALLMARK_ESTROGEN_RESPONSE_LATE	MSigDB_Hallmark	exploratory	1.12900305568078	0.285067873303167	0.617647058823529	S100a9,Ccnd1,Xbp1,Fabp5,Cxcl14	5	206	35	Mutter_02
NKT	MBRT_vs_Ctrl	HALLMARK_INTERFERON_GAMMA_RESPONSE	MSigDB_Hallmark	exploratory	-1.12350489779049	0.234676007005254	0.617647058823529	Xcl1,Ifi27,Cd38,Fas,Ciita,Stat4,Casp3,H2-D1,Fpr1,Nlrc5,Tnfsf10,H2-M3,Bst2,H2-DMa,Ido1,Cd40,Casp8,Ifi44l,H2-Aa,Tnfaip6	20	205	65	Mutter_02
NKT	MBRT_vs_Ctrl	HALLMARK_MTORC1_SIGNALING	MSigDB_Hallmark	exploratory	1.15498849147209	0.262820512820513	0.617647058823529	Serpinh1,Xbp1,Ldlr	3	201	14	Mutter_02
NKT	MBRT_vs_Ctrl	HALLMARK_MYC_TARGETS_V1	MSigDB_Hallmark	exploratory	-1.22210357387089	0.228200371057514	0.617647058823529	Rack1,Tyms,H2az1,Pcna,Hsp90ab1,Ptges3,Ppia,Myc	8	201	9	Mutter_02
NKT	MBRT_vs_Ctrl	HALLMARK_P53_PATHWAY	MSigDB_Hallmark	exploratory	-1.24479919518231	0.156474820143885	0.617647058823529	Notch1,Fas,Acvr1b,Tm4sf1,Itgb4,Inhbb,Krt17,Trp53,Rack1,Rb1,Fgf13,Tsc22d1,Bmp2,Epha2	14	199	39	Mutter_02
NKT	MBRT_vs_Ctrl	HALLMARK_PEROXISOME	MSigDB_Hallmark	exploratory	-1.19995657293832	0.273703041144902	0.617647058823529	Sod1,Ttr	2	102	4	Mutter_02
NKT	MBRT_vs_Ctrl	HALLMARK_SPERMATOGENESIS	MSigDB_Hallmark	exploratory	-1.20786495497495	0.25830258302583	0.617647058823529	Ace,Scg5	2	135	6	Mutter_02
NKT	MBRT_vs_Ctrl	HALLMARK_TGF_BETA_SIGNALING	MSigDB_Hallmark	exploratory	-1.19270173792934	0.252788104089219	0.617647058823529	Junb,Acvr1,Tgfbr1,Hdac1,Bmp2,Bmpr2	6	54	15	Mutter_02
NKT	MBRT_vs_Ctrl	HALLMARK_UV_RESPONSE_UP	MSigDB_Hallmark	exploratory	-1.26116610877891	0.176908752327747	0.617647058823529	Junb,Fgf18,H2-Q1,Casp3,Rxrb,Bmp2,H2-M3,Bid,H2-Q2,Sqstm1,Tap1	11	158	24	Mutter_02
NKT	MBRT_vs_Ctrl	HALLMARK_WNT_BETA_CATENIN_SIGNALING	MSigDB_Hallmark	exploratory	-1.22277214384064	0.228624535315985	0.617647058823529	Wnt5b,Notch1,Trp53,Tcf7	4	42	15	Mutter_02
NKT	MBRT_vs_Ctrl	HALLMARK_REACTIVE_OXYGEN_SPECIES_PATHWAY	MSigDB_Hallmark	exploratory	-1.16282054217211	0.316455696202532	0.658227848101266	Junb,Sod1	2	48	5	Mutter_02
NKT	MBRT_vs_Ctrl	HALLMARK_MYOGENESIS	MSigDB_Hallmark	exploratory	1.06225864283012	0.338565022421525	0.677130044843049	Col3a1,Col1a1,Apod,Col6a3,Itgb5,Gpx3,App,Myh11,Igfbp7,Igf1	10	201	39	Mutter_02
NKT	MBRT_vs_Ctrl	HALLMARK_KRAS_SIGNALING_DN	MSigDB_Hallmark	exploratory	-1.05400916545958	0.383363471971067	0.738329649722055	Krt1,Krt15,Cntfr,Il12b	4	202	19	Mutter_02
NKT	MBRT_vs_Ctrl	HALLMARK_NOTCH_SIGNALING	MSigDB_Hallmark	exploratory	1.01547117483002	0.432801822323462	0.80377481288643	Ccnd1,Wnt5a,Fzd1,Notch2,Notch3	5	32	12	Mutter_02
NKT	MBRT_vs_Ctrl	HALLMARK_ESTROGEN_RESPONSE_EARLY	MSigDB_Hallmark	exploratory	0.955004858312124	0.506696428571429	0.823209675227612	Ccnd1,Xbp1,Fos,Fasn,Krt18,Areg,Krt19,Ar,Jak2,Muc1,Aqp3,Sfn,Krt8	13	200	33	Mutter_02
NKT	MBRT_vs_Ctrl	HALLMARK_HEME_METABOLISM	MSigDB_Hallmark	exploratory	-1.00752028953483	0.47037037037037	0.823209675227612	Ackr1	1	194	7	Mutter_02
NKT	MBRT_vs_Ctrl	HALLMARK_HYPOXIA	MSigDB_Hallmark	exploratory	0.953038342952488	0.522421524663677	0.823209675227612	Col5a1,Bgn,Dcn,S100a4,Fos,Pdgfb,Ier3,Anxa2,Vhl,Rbpj,Ldha	11	200	39	Mutter_02
NKT	MBRT_vs_Ctrl	HALLMARK_IL6_JAK_STAT3_SIGNALING	MSigDB_Hallmark	exploratory	0.958150681223084	0.52183908045977	0.823209675227612	Pf4,Il1b,Il4ra,Ifnar1,Cxcl3,Csf1,Reg1,Cxcl10,Il1r2	9	88	56	Mutter_02
NKT	MBRT_vs_Ctrl	HALLMARK_KRAS_SIGNALING_UP	MSigDB_Hallmark	exploratory	-0.976585686872027	0.505263157894737	0.823209675227612	Slpi,Ace,Tnfrsf1b,Scg5,Itgb2,Ets1,Cidea,Cd37,Igf2,Adgrl4,Il2rg,Sox9	12	203	49	Mutter_02
NKT	MBRT_vs_Ctrl	HALLMARK_ADIPOGENESIS	MSigDB_Hallmark	exploratory	0.956006539996354	0.538975501113586	0.824315472291366	Lifr,Apoe,Fzd4,Gpx3,Lep,Col4a1	6	200	19	Mutter_02
NKT	MBRT_vs_Ctrl	HALLMARK_PANCREAS_BETA_CELLS	MSigDB_Hallmark	exploratory	0.874875954300194	0.613995485327314	0.912221863914866	Iapp,Sst,Dpp4,Gcg	4	40	4	Mutter_02
NKT	MBRT_vs_Ctrl	DNA_Damage_Repair	project	primary	-0.716093538892234	0.83363802559415	0.991060887164783	Atr,Chek2,Bax,Brca1,Ddit3,Atm,Chek1	7	18	10	Mutter_02
NKT	MBRT_vs_Ctrl	HALLMARK_ALLOGRAFT_REJECTION	MSigDB_Hallmark	exploratory	-0.844039173521576	0.803819444444445	0.991060887164783	Krt1,Cd79a,Fas,Il12a,Ccl19,Itgb2,Cd28,Il27ra,H2-DMb1,Inhbb,Stat4,Ets1,H2-T23,Cd2,Il12b,Il16,Ltb,Il2rg,Il12rb1,Tlr1,Il11,Icosl	22	201	102	Mutter_02
NKT	MBRT_vs_Ctrl	HALLMARK_APOPTOSIS	MSigDB_Hallmark	exploratory	0.81832479479858	0.814117647058824	0.991060887164783	Il1b,Ccnd1,Timp1,Il18,Bgn,Gpx3,Lum,Fasl,Dcn,App,Hgf,Ier3,Krt18,Top2a,Prf1,Ctnnb1,Gadd45b	17	160	64	Mutter_02
NKT	MBRT_vs_Ctrl	HALLMARK_BILE_ACID_METABOLISM	MSigDB_Hallmark	exploratory	-0.726106337276993	0.811808118081181	0.991060887164783	Sod1,Ttr	2	112	6	Mutter_02
NKT	MBRT_vs_Ctrl	HALLMARK_GLYCOLYSIS	MSigDB_Hallmark	exploratory	0.82574536659938	0.732142857142857	0.991060887164783	Col5a1,Dcn,Mertk,Ier3	4	200	18	Mutter_02
NKT	MBRT_vs_Ctrl	HALLMARK_HEDGEHOG_SIGNALING	MSigDB_Hallmark	exploratory	0.804705924704033	0.694877505567929	0.991060887164783	Adgrg1	1	36	5	Mutter_02
NKT	MBRT_vs_Ctrl	HALLMARK_INTERFERON_ALPHA_RESPONSE	MSigDB_Hallmark	exploratory	0.765374924261659	0.810869565217391	0.991060887164783	Ifitm1,Il4ra,Csf1,Cxcl10	4	100	23	Mutter_02
NKT	MBRT_vs_Ctrl	HALLMARK_MITOTIC_SPINDLE	MSigDB_Hallmark	exploratory	0.786311016263951	0.737417943107221	0.991060887164783	Cenpf,Notch2,Nusap1,Top2a	4	199	11	Mutter_02
NKT	MBRT_vs_Ctrl	HALLMARK_PROTEIN_SECRETION	MSigDB_Hallmark	exploratory	-0.708557929359918	0.838589981447124	0.991060887164783	Sod1	1	96	9	Mutter_02
NKT	MBRT_vs_Ctrl	HALLMARK_APICAL_JUNCTION	MSigDB_Hallmark	exploratory	-0.581020600445759	0.994565217391304	1	Icam2,Ptk2,Itgb4,Myl12b,Rac2,Col16a1,Vwf,Mapk14,Actg2,Bmp1,Col17a1,Mapk13	12	199	38	Mutter_02
NKT	MBRT_vs_Ctrl	HALLMARK_E2F_TARGETS	MSigDB_Hallmark	exploratory	-0.438138930506653	1	1	Trp53,H2az1,Pcna,Tubb5,Chek2,Birc5,Brca1,Hmgb2,Mlh1,Myc	10	200	20	Mutter_02
NKT	MBRT_vs_Ctrl	HALLMARK_FATTY_ACID_METABOLISM	MSigDB_Hallmark	exploratory	0.543822472071926	0.980306345733042	1	S100a10,Lgals1,Fasn	3	157	11	Mutter_02
NKT	MBRT_vs_Ctrl	HALLMARK_IL2_STAT5_SIGNALING	MSigDB_Hallmark	exploratory	0.707520078222275	0.957943925233645	1	Il4ra,Xbp1,Tnfrsf9,Csf1,Anxa4,Cxcl10,Spry4,Il1r2,Il3ra,Ctla4,Ahr,Gadd45b,Cd86,Lif,Muc1,Ndrg1,Itgav,Irf4,Ifitm3,Etv4	20	199	58	Mutter_02
NKT	MBRT_vs_Ctrl	HALLMARK_OXIDATIVE_PHOSPHORYLATION	MSigDB_Hallmark	exploratory	0.537767788423055	0.957110609480813	1	Ldha,Glud1,Bax,Atp5e	4	199	4	Mutter_02
NKT	MBRT_vs_Ctrl	HALLMARK_PI3K_AKT_MTOR_SIGNALING	MSigDB_Hallmark	exploratory	0.466334695631652	0.991379310344828	1	Fasl,Rac1,Tnfrsf1a,Sfn,Akt1,Cdkn1a,Hsp90b1,Pfn1,Slc2a1,Egfr,Arf1,Ddit3,Cxcr4,Smad2,Sqstm1,Il2rg	16	105	16	Mutter_02
NKT	MBRT_vs_Ctrl	HALLMARK_XENOBIOTIC_METABOLISM	MSigDB_Hallmark	exploratory	0.657649056213037	0.916299559471366	1	Arg1,Apoe,Reg1,Igf1,Crp,Vtn	6	203	20	Mutter_02
NKT	MBRT_vs_Ctrl	TypeII_interferon	project	primary	-0.58747198088725	0.939338235294118	1	Ciita,H2-Aa,H2-Eb1,H2-Ab1	4	17	8	Mutter_02
NKT	MBRT_vs_SBRT	HALLMARK_KRAS_SIGNALING_DN	MSigDB_Hallmark	exploratory	2.14442237019357	0.000117992714072075	0.00613562113174787	Cd80,Pdcd1,Ifng,Ifi44l,Cntfr,Fgfr3	6	202	19	Mutter_02
NKT	MBRT_vs_SBRT	HALLMARK_ANGIOGENESIS	MSigDB_Hallmark	exploratory	1.88022888589888	0.00343698585284719	0.0893616321740269	Itgav,Lum,Ptk2,Pdgfa,Timp1,Spp1,App,Vtn,Col5a2,Tnfrsf21,Cxcl5	11	36	19	Mutter_02
NKT	MBRT_vs_SBRT	HALLMARK_MYC_TARGETS_V1	MSigDB_Hallmark	exploratory	-1.6322123264494	0.0133775613788361	0.179867726095043	Pcna,Ptges3,Ppia,Ldha	4	201	9	Mutter_02
NKT	MBRT_vs_SBRT	HALLMARK_P53_PATHWAY	MSigDB_Hallmark	exploratory	1.5137458390778	0.0203599353178584	0.179867726095043	Cdkn1a,Bax,Sat1,Pdgfa,Fos,Acvr1b,Il1a,Epha2,Inhbb,Fas,Bmp2,App	12	199	39	Mutter_02
NKT	MBRT_vs_SBRT	HALLMARK_TNFA_SIGNALING_VIA_NFKB	MSigDB_Hallmark	exploratory	1.38616085523993	0.016606244512088	0.179867726095043	Cdkn1a,Cd80,Dusp4,Ptgs2,Sat1,Inhba,Fos,Il1b,Cflar,Ccl4,Smad3,Il1a,Csf2,Il7r,Bmp2,Ccl2,Cd69,Il18,Csf1,Cd83,Cxcl10,Ackr3,Rigi,Ccl20,Lif,Cxcl5	26	199	76	Mutter_02
NKT	MBRT_vs_SBRT	HALLMARK_UV_RESPONSE_DN	MSigDB_Hallmark	exploratory	-1.53357682101619	0.0207539683955818	0.179867726095043	Ldlr,Adgrl2,Ica1,Col1a2,Fyn,Nfkb1,Col1a1	7	144	32	Mutter_02
NKT	MBRT_vs_SBRT	HALLMARK_KRAS_SIGNALING_UP	MSigDB_Hallmark	exploratory	1.44028436053379	0.0264105993020625	0.19619302338675	Ptgs2,Cmklr1,Inhba,Sparcl1,Tnfrsf1b,Il1b,Csf2,Il7r,Spp1,Bmp2,Il33,Cxcr4,Arg1,Tlr8,Etv5,Cxcl10,Spry2,Ccl20,Sox9,Lif	20	203	49	Mutter_02
NKT	MBRT_vs_SBRT	DNA_Damage_Repair	project	primary	1.56218457781599	0.0505836575875486	0.31223130005266	Cdkn1a,Bax	2	18	10	Mutter_02
NKT	MBRT_vs_SBRT	TypeI_interferon	project	primary	1.51338685191895	0.0540400327014219	0.31223130005266	Mx1,Ifit1,Oasl1,Oas2,Ifitm1	5	19	7	Mutter_02
NKT	MBRT_vs_SBRT	HALLMARK_MITOTIC_SPINDLE	MSigDB_Hallmark	exploratory	-1.50650769928721	0.066949927133397	0.348139621093664	Top2a,Nusap1,Gsn,Plekhg2,Ezr,Dst,Abl1	7	199	11	Mutter_02
NKT	MBRT_vs_SBRT	HALLMARK_PEROXISOME	MSigDB_Hallmark	exploratory	-1.41984939792682	0.0803212851405623	0.379700620664476	Top2a,Sod1,Ttr	3	102	4	Mutter_02
NKT	MBRT_vs_SBRT	HALLMARK_E2F_TARGETS	MSigDB_Hallmark	exploratory	-1.38213603583461	0.102249488752556	0.392063492063492	Hmgb2,Stmn1,Top2a,Mki67,Dnmt1,Pcna	6	200	20	Mutter_02
NKT	MBRT_vs_SBRT	HALLMARK_GLYCOLYSIS	MSigDB_Hallmark	exploratory	-1.38254783735713	0.110429447852761	0.392063492063492	Stmn1,Col5a1,Ppia,Ldha,Ier3,Sod1,Mif	7	200	18	Mutter_02
NKT	MBRT_vs_SBRT	HALLMARK_INFLAMMATORY_RESPONSE	MSigDB_Hallmark	exploratory	1.26158658053162	0.0949494949494949	0.392063492063492	Cdkn1a,Cmklr1,Msr1,Csf3r,Inhba,Clec5a,Itga5,Acvr1b,Tnfrsf1b,Il1b,Best1,Timp1,Tlr1,Il1a,Tnfsf10,Il7r,Ccl2,Cd69,Il18,Fpr1,Csf1,Acvr2a,Rgs1,Cxcl10,Cd40,Ccl20,Lif,Cxcl5,Cd14,Cxcr6,Il12b,Cxcl9,Ifitm1	33	201	86	Mutter_02
NKT	MBRT_vs_SBRT	HALLMARK_PANCREAS_BETA_CELLS	MSigDB_Hallmark	exploratory	1.37168831633883	0.113095238095238	0.392063492063492	Gcg,Iapp,Sst	3	40	4	Mutter_02
NKT	MBRT_vs_SBRT	HALLMARK_ADIPOGENESIS	MSigDB_Hallmark	exploratory	-1.3336338545419	0.144897959183673	0.417029702970297	Fabp4,Stat5a,Col4a1,Ifngr1,Sod1,Vegfb,Col15a1,Sorbs1	8	200	19	Mutter_02
NKT	MBRT_vs_SBRT	HALLMARK_FATTY_ACID_METABOLISM	MSigDB_Hallmark	exploratory	-1.33033399991844	0.147704590818363	0.417029702970297	Ldha,Mif,Hsp90aa1,Lgals1,H2az1	5	157	11	Mutter_02
NKT	MBRT_vs_SBRT	HALLMARK_G2M_CHECKPOINT	MSigDB_Hallmark	exploratory	-1.28429456767255	0.156312625250501	0.417029702970297	Stmn1,Top2a,Mki67,Nusap1,Chek1,Abl1,Ccnd1,Ezh2,Birc5,H2az1,Myc,Notch2,Cenpf	13	198	23	Mutter_02
NKT	MBRT_vs_SBRT	HALLMARK_XENOBIOTIC_METABOLISM	MSigDB_Hallmark	exploratory	1.2836302300155	0.15009746588694	0.417029702970297	Igf1,Crp,Apoe,Epha2,Esr1,Fas,Vtn,Arg1	8	203	20	Mutter_02
NKT	MBRT_vs_SBRT	TypeII_interferon	project	primary	1.30565014435702	0.16039603960396	0.417029702970297	Ciita,H2-Aa,Cxcl10,Cxcl9,H2-Ab1,H2-Eb1	6	17	8	Mutter_02
NKT	MBRT_vs_SBRT	HALLMARK_PROTEIN_SECRETION	MSigDB_Hallmark	exploratory	-1.30909415018041	0.168674698795181	0.417670682730924	Ica1,Krt18,Sod1,Dst	4	96	9	Mutter_02
NKT	MBRT_vs_SBRT	HALLMARK_ALLOGRAFT_REJECTION	MSigDB_Hallmark	exploratory	1.09713672292529	0.264033264033264	0.49034749034749	Cd80,Cd8b1,Cd8a,Ifng,Cd28,Inhba,Irf4,Cd3g,Il1b,Ccl4,H2-DMb1,Timp1,Tlr1,Ccl11,Inhbb,Fas,Egfr,Ccl2,H2-T23,Il18,Csf1,H2-Aa,Acvr2a	23	201	102	Mutter_02
NKT	MBRT_vs_SBRT	HALLMARK_HEDGEHOG_SIGNALING	MSigDB_Hallmark	exploratory	1.26045306676147	0.21	0.49034749034749	Adgrg1,Cntfr	2	36	5	Mutter_02
NKT	MBRT_vs_SBRT	HALLMARK_IL2_STAT5_SIGNALING	MSigDB_Hallmark	exploratory	-1.12698442163348	0.248565965583174	0.49034749034749	Col6a1,Itga6,Il10,Spry4,Tnfrsf4,Sell,Xbp1,Ahr,Cd48,Ifngr1,Igf1r,Itgae,Il4ra,Cd81	14	199	58	Mutter_02
NKT	MBRT_vs_SBRT	HALLMARK_IL6_JAK_STAT3_SIGNALING	MSigDB_Hallmark	exploratory	1.12018613331871	0.257668711656442	0.49034749034749	Il1r2,Acvrl1,Csf3r,Cntfr,Acvr1b,Tnfrsf1b,Il1b,Pdgfc	8	88	56	Mutter_02
NKT	MBRT_vs_SBRT	HALLMARK_INTERFERON_GAMMA_RESPONSE	MSigDB_Hallmark	exploratory	1.11810153201006	0.235789473684211	0.49034749034749	Cdkn1a,Ptgs2,Cmklr1,Ifi44l,Irf4,Lgals3bp,Tnfsf10,Oasl1,Fas,Ccl2,Ido1,Cd69,Fpr1,Ciita,H2-Aa,Cd274,Oas2,Cxcl10,Cd40,Rigi,Mt2,Il7	22	205	65	Mutter_02
NKT	MBRT_vs_SBRT	HALLMARK_MYOGENESIS	MSigDB_Hallmark	exploratory	-1.13075261811421	0.256916996047431	0.49034749034749	Col6a2,Clu,Gsn,Col1a1,Cfd,Col6a3,Itgb4,Itgb1,Col15a1,Myl7,Sorbs1,Gadd45b,Apod,Erbb3,Tagln,Tpm2	16	201	39	Mutter_02
NKT	MBRT_vs_SBRT	HALLMARK_UNFOLDED_PROTEIN_RESPONSE	MSigDB_Hallmark	exploratory	-1.22250436664599	0.251004016064257	0.49034749034749	Xbp1,Hsp90b1	2	113	6	Mutter_02
NKT	MBRT_vs_SBRT	HALLMARK_APOPTOSIS	MSigDB_Hallmark	exploratory	1.09931237687908	0.275933609958506	0.494777507511804	Cdkn1a,Bax,Sat1,Lum,Ptk2,Il1b,Cflar,Timp1,Il1a,Lgals3,Bcl2l1,Tnfsf10,Fas,Bmp2,App,Hspb1,Rara,Cd69,Il18	19	160	64	Mutter_02
NKT	MBRT_vs_SBRT	HALLMARK_BILE_ACID_METABOLISM	MSigDB_Hallmark	exploratory	-1.13453891015925	0.327309236947791	0.500590597684857	Sod1,Ttr,Ar,Rxra	4	112	6	Mutter_02
NKT	MBRT_vs_SBRT	HALLMARK_COAGULATION	MSigDB_Hallmark	exploratory	-1.09248946666788	0.32	0.500590597684857	Clu,Fyn,Gsn,Vwf,Cfd	5	139	28	Mutter_02
NKT	MBRT_vs_SBRT	HALLMARK_EPITHELIAL_MESENCHYMAL_TRANSITION	MSigDB_Hallmark	exploratory	-1.0806711112445	0.316633266533066	0.500590597684857	Acta2,Col6a2,Col5a3,Col1a2,Col5a1,Col16a1,Mfap5,Col1a1,Col6a3,Col4a1,Dst,Itgb1,Tnfrsf12a,Il15,Tpm1,Gadd45b,Myl9,Lgals1,Serpinh1,Tagln,Tpm2,Bgn,Igfbp3,Bmp1,Cd44,Vegfc,Notch2,Col3a1,Emp3,Dcn,Jun,Wnt5a,Vcan	33	206	72	Mutter_02
NKT	MBRT_vs_SBRT	HALLMARK_ESTROGEN_RESPONSE_EARLY	MSigDB_Hallmark	exploratory	-1.08676410170578	0.321357285429142	0.500590597684857	Krt8,Krt18,Xbp1,Krt19,Igf1r,Ccnd1,Il6st,Ar,Dhrs2,Myc,Slc2a1,Cd44,Ptges,Bcl2	14	200	33	Mutter_02
NKT	MBRT_vs_SBRT	HALLMARK_REACTIVE_OXYGEN_SPECIES_PATHWAY	MSigDB_Hallmark	exploratory	-1.16990270139906	0.316733067729084	0.500590597684857	Sod1,Fes	2	48	5	Mutter_02
NKT	MBRT_vs_SBRT	HALLMARK_PI3K_AKT_MTOR_SIGNALING	MSigDB_Hallmark	exploratory	1.04439114386539	0.397614314115308	0.590741266685601	Cdkn1a	1	105	16	Mutter_02
NKT	MBRT_vs_SBRT	HALLMARK_APICAL_JUNCTION	MSigDB_Hallmark	exploratory	-1.0203412152686	0.426070038910506	0.615434500648508	Col16a1,Vwf,Cdh1,Itgb4,Itgb1,Cldn4,Pecam1,Actg2,Ptprc,Syk,Myl9	11	199	38	Mutter_02
NKT	MBRT_vs_SBRT	HALLMARK_ANDROGEN_RESPONSE	MSigDB_Hallmark	exploratory	1.00903549236499	0.447058823529412	0.628298887122417	Itgav,Sat1,Fkbp5	3	112	17	Mutter_02
NKT	MBRT_vs_SBRT	HALLMARK_SPERMATOGENESIS	MSigDB_Hallmark	exploratory	0.995232868214629	0.494047619047619	0.676065162907268	Cdkn3,Il12rb2	2	135	6	Mutter_02
NKT	MBRT_vs_SBRT	HALLMARK_APICAL_SURFACE	MSigDB_Hallmark	exploratory	0.949835331346075	0.517509727626459	0.690012970168612	Efna5,App,Hspb1	3	44	10	Mutter_02
NKT	MBRT_vs_SBRT	HALLMARK_CHOLESTEROL_HOMEOSTASIS	MSigDB_Hallmark	exploratory	-0.918897892353454	0.552475247524753	0.718217821782178	Ldlr,Clu,Tnfrsf12a,Ctnnb1,Cd9	5	75	13	Mutter_02
NKT	MBRT_vs_SBRT	HALLMARK_MTORC1_SIGNALING	MSigDB_Hallmark	exploratory	-0.895456611103941	0.597633136094675	0.749832327297116	Ldlr,Xbp1,Ppia,Ldha,Hsp90b1	5	201	14	Mutter_02
NKT	MBRT_vs_SBRT	HALLMARK_NOTCH_SIGNALING	MSigDB_Hallmark	exploratory	-0.883826181838686	0.605633802816901	0.749832327297116	Maml2,Ccnd1,Dll1,Notch2,Wnt5a,Notch1,Fzd7,Fzd5,Notch3,Ppard,Jag1	11	32	12	Mutter_02
NKT	MBRT_vs_SBRT	HALLMARK_OXIDATIVE_PHOSPHORYLATION	MSigDB_Hallmark	exploratory	0.865464814362801	0.628968253968254	0.760612772240679	Bax	1	199	4	Mutter_02
NKT	MBRT_vs_SBRT	HALLMARK_HEME_METABOLISM	MSigDB_Hallmark	exploratory	-0.817576037541635	0.68452380952381	0.808982683982684	Ackr1	1	194	7	Mutter_02
NKT	MBRT_vs_SBRT	HALLMARK_DNA_REPAIR	MSigDB_Hallmark	exploratory	-0.767548174848824	0.729083665338646	0.824181534730643	Pcna,Nt5c3	2	150	5	Mutter_02
NKT	MBRT_vs_SBRT	HALLMARK_ESTROGEN_RESPONSE_LATE	MSigDB_Hallmark	exploratory	-0.846676784346851	0.723320158102767	0.824181534730643	Top2a,Xbp1,Krt19,Cdh1,Zfp36,Ccnd1,Tpsb2,Il6st,Cd9,Dusp2,Dhrs2,Cd44,Ptges,Bcl2	14	206	35	Mutter_02
NKT	MBRT_vs_SBRT	HALLMARK_WNT_BETA_CATENIN_SIGNALING	MSigDB_Hallmark	exploratory	-0.715694295372902	0.831325301204819	0.919764163035119	Wnt5b,Hey1,Dll1,Ctnnb1	4	42	15	Mutter_02
NKT	MBRT_vs_SBRT	HALLMARK_HYPOXIA	MSigDB_Hallmark	exploratory	0.728143962170142	0.899193548387097	0.9384375	Cdkn1a	1	200	39	Mutter_02
NKT	MBRT_vs_SBRT	HALLMARK_TGF_BETA_SIGNALING	MSigDB_Hallmark	exploratory	0.680533655763142	0.89484126984127	0.9384375	Apc,Smad3,Bmp2,Bmpr2	4	54	15	Mutter_02
NKT	MBRT_vs_SBRT	HALLMARK_UV_RESPONSE_UP	MSigDB_Hallmark	exploratory	0.710786553911491	0.90234375	0.9384375	Fos,Fgf18,Bmp2,Gpx3,Il6,Mmp14,Atf3,Lyn,Btg1,Tap1,Cxcl1,Rxrb,Nfkbia,H2-Q1,Aqp3,H2-Q2,Junb,Casp3,Epcam,Icam1,Bid,H2-M3,Sqstm1,Il6st	24	158	24	Mutter_02
NKT	MBRT_vs_SBRT	HALLMARK_COMPLEMENT	MSigDB_Hallmark	exploratory	-0.61818306707733	0.988304093567251	0.988304093567251	Clu,Fyn,Gzma,Calm1,Dusp5,Itgam,Gata3,Fcer1g,Dusp6,Pfn1	10	196	42	Mutter_02
NKT	MBRT_vs_SBRT	HALLMARK_INTERFERON_ALPHA_RESPONSE	MSigDB_Hallmark	exploratory	0.544118948401928	0.986083499005964	0.988304093567251	Ifi44l,Lgals3bp,Oasl1,Csf1,Cxcl10,Il7,Ifitm1	7	100	23	Mutter_02
NKT	SBRT_vs_Ctrl	HALLMARK_EPITHELIAL_MESENCHYMAL_TRANSITION	MSigDB_Hallmark	exploratory	2.02017533370309	1.95790354110799e-05	0.00101810984137616	Acta2,Col3a1,Col1a1,Col5a3,Col5a1,Col1a2,Col6a2,Mfap5,Col6a3,Col5a2,Serpinh1,Col4a1,Bgn,Col12a1,Wnt5a,Lgals1,Vegfc,Cxcl3,Dcn,Dst,Il15,Gadd45b,Notch2,Thbs2,Cdh11	25	206	72	Mutter_02
NKT	SBRT_vs_Ctrl	HALLMARK_KRAS_SIGNALING_DN	MSigDB_Hallmark	exploratory	-1.96366142954208	0.000632240746951873	0.0164382594207487	Cd80,Cntfr,Ifi44l,Ifng,Pdcd1,Il12b,Fgfr3,Krt15,Krt1	9	202	19	Mutter_02
NKT	SBRT_vs_Ctrl	HALLMARK_UV_RESPONSE_DN	MSigDB_Hallmark	exploratory	1.82181769437529	0.00239330542887177	0.0414839607671107	Col3a1,Col1a1,Col1a2,Ldlr,Col5a2,Fyn,Adgrl2,Nfkb1,Rxra,Ica1,Notch2	11	144	32	Mutter_02
NKT	SBRT_vs_Ctrl	HALLMARK_MITOTIC_SPINDLE	MSigDB_Hallmark	exploratory	1.67840049318665	0.00834458187834496	0.108479564418484	Top2a,Nusap1,Gsn,Cenpf,Dst,Notch2	6	199	11	Mutter_02
NKT	SBRT_vs_Ctrl	HALLMARK_G2M_CHECKPOINT	MSigDB_Hallmark	exploratory	1.60367640412383	0.0266843246908324	0.231264147320547	Mki67,Top2a,Ccnd1,Stmn1,Nusap1,Cenpf,Notch2,Chek1,Ezh2,Tgfb1,Abl1,Ube2c	12	198	23	Mutter_02
NKT	SBRT_vs_Ctrl	HALLMARK_P53_PATHWAY	MSigDB_Hallmark	exploratory	-1.49161983520273	0.0261735383837694	0.231264147320547	Cdkn1a,Bax,Acvr1b,Fas,Inhbb,Sat1,Epha2,Bmp2,Tm4sf1,Notch1	10	199	39	Mutter_02
NKT	SBRT_vs_Ctrl	HALLMARK_PEROXISOME	MSigDB_Hallmark	exploratory	1.51805080410711	0.0382334686116116	0.248517545975475	Top2a	1	102	4	Mutter_02
NKT	SBRT_vs_Ctrl	HALLMARK_UNFOLDED_PROTEIN_RESPONSE	MSigDB_Hallmark	exploratory	1.533642734678	0.0354265653104541	0.248517545975475	Xbp1,Hsp90b1,Ccl2	3	113	6	Mutter_02
NKT	SBRT_vs_Ctrl	HALLMARK_ESTROGEN_RESPONSE_LATE	MSigDB_Hallmark	exploratory	1.38406226204895	0.0745098039215686	0.298039215686275	Xbp1,Top2a,Ccnd1,Krt19,Cdh1,Cxcl14,S100a9,Areg,Cd9,Il6st,Cd44,Ltf,Sfn	13	206	35	Mutter_02
NKT	SBRT_vs_Ctrl	HALLMARK_IL2_STAT5_SIGNALING	MSigDB_Hallmark	exploratory	1.31537297757071	0.0715667311411992	0.298039215686275	Xbp1,Spry4,Col6a1,Il4ra,Il10,Ahr,Itga6,Tnfrsf9,Cd48,Tnfrsf4,Il3ra,Gadd45b,Ctla4	13	199	58	Mutter_02
NKT	SBRT_vs_Ctrl	HALLMARK_INTERFERON_GAMMA_RESPONSE	MSigDB_Hallmark	exploratory	-1.33009706537649	0.0733752620545073	0.298039215686275	Cdkn1a,Fas,Ifi44l,Ciita,Ifi27,Tnfsf10,Fpr1,Cmklr1,Ido1,H2-Aa,Irf4,Ptgs2,Cd38,Cd40	14	205	65	Mutter_02
NKT	SBRT_vs_Ctrl	HALLMARK_MYOGENESIS	MSigDB_Hallmark	exploratory	1.36705448416401	0.0655105973025048	0.298039215686275	Col3a1,Col1a1,Col6a2,Col6a3,Apod,Gsn,Clu,Gadd45b,Sorbs1,Itgb1,Myl7,Igfbp7	12	201	39	Mutter_02
NKT	SBRT_vs_Ctrl	HALLMARK_TGF_BETA_SIGNALING	MSigDB_Hallmark	exploratory	-1.47379453010417	0.0708502024291498	0.298039215686275	Acvr1,Junb,Bmp2,Apc,Tgfbr1,Smad3,Bmpr2	7	54	15	Mutter_02
NKT	SBRT_vs_Ctrl	HALLMARK_KRAS_SIGNALING_UP	MSigDB_Hallmark	exploratory	-1.31769415314503	0.088477366255144	0.328630217519106	Tnfrsf1b,Inhba,Ace,Sparcl1,Bmp2,Cmklr1,Sox9,Cxcr4,Ptgs2,Itgb2,Cidea,Scg5,Spp1,Spry2,Ets1,Csf2,Tlr8,Eng,Adgra2,Gpnmb,Il2rg,Pigr,Ccl20,Slpi	24	203	49	Mutter_02
NKT	SBRT_vs_Ctrl	DNA_Damage_Repair	project	primary	-1.39824143277702	0.108216432865731	0.340814299900695	Cdkn1a,Bax	2	18	10	Mutter_02
NKT	SBRT_vs_Ctrl	HALLMARK_CHOLESTEROL_HOMEOSTASIS	MSigDB_Hallmark	exploratory	1.41752882012454	0.0992063492063492	0.340814299900695	Ldlr,Clu,Ctnnb1,Tnfrsf12a,Fasn,Cd9	6	75	13	Mutter_02
NKT	SBRT_vs_Ctrl	HALLMARK_COAGULATION	MSigDB_Hallmark	exploratory	1.29617854013877	0.115079365079365	0.340814299900695	Pf4,Fyn,Gsn,Clu,Pecam1,Rac1,Vwf,Mmp9,Anxa1,Cd9,Timp1,Itga2,Mmp14,Apoc1	14	139	28	Mutter_02
NKT	SBRT_vs_Ctrl	HALLMARK_COMPLEMENT	MSigDB_Hallmark	exploratory	1.27354493969109	0.124528301886792	0.340814299900695	Calm1,Fyn,Gzma,Dusp5,Clu,Cxcl3,Fcer1g,Gzmb,Itgam,Src,S100a9,Ccl5,Timp1,Pfn1,Ltf,Mmp14,C1qc,Apoc1	18	196	42	Mutter_02
NKT	SBRT_vs_Ctrl	HALLMARK_GLYCOLYSIS	MSigDB_Hallmark	exploratory	1.34961968356575	0.120553359683794	0.340814299900695	Col5a1,Stmn1,Ier3,Ldha,Dcn	5	200	18	Mutter_02
NKT	SBRT_vs_Ctrl	HALLMARK_ANGIOGENESIS	MSigDB_Hallmark	exploratory	1.306144476875	0.137864077669903	0.341377716134998	Col3a1,Col5a2,Pf4	3	36	19	Mutter_02
NKT	SBRT_vs_Ctrl	HALLMARK_PROTEIN_SECRETION	MSigDB_Hallmark	exploratory	1.37849642684501	0.135135135135135	0.341377716134998	Krt18,Dst,Ica1	3	96	9	Mutter_02
NKT	SBRT_vs_Ctrl	HALLMARK_ADIPOGENESIS	MSigDB_Hallmark	exploratory	1.29083691747183	0.151456310679612	0.342422963275644	Fabp4,Col4a1,Stat5a,Lifr,Sorbs1	5	200	19	Mutter_02
NKT	SBRT_vs_Ctrl	HALLMARK_E2F_TARGETS	MSigDB_Hallmark	exploratory	1.29909742454816	0.147058823529412	0.342422963275644	Mki67,Top2a,Stmn1,Hmgb2,Dnmt1	5	200	20	Mutter_02
NKT	SBRT_vs_Ctrl	HALLMARK_ALLOGRAFT_REJECTION	MSigDB_Hallmark	exploratory	-1.14529125694886	0.179959100204499	0.389911383776414	Cd28,Cd80,Cd8b1,Fas,H2-DMb1,Cd8a,Inhba,Inhbb,Tlr1,H2-T23,Ifng,Il12b,H2-Aa,Irf4,Cd79a,Itgb2,Cd40,Il12rb1,H2-Ob,Ccl19,Il12a,H2-DMa,Cd3g,Egfr,Ets1,Il2,Krt1	27	201	102	Mutter_02
NKT	SBRT_vs_Ctrl	HALLMARK_ANDROGEN_RESPONSE	MSigDB_Hallmark	exploratory	1.21730124044504	0.209803921568627	0.431288431288431	Ccnd1,Krt8,Krt19,Lifr,Akt1	5	112	17	Mutter_02
NKT	SBRT_vs_Ctrl	HALLMARK_ESTROGEN_RESPONSE_EARLY	MSigDB_Hallmark	exploratory	1.17859540722102	0.219417475728155	0.431288431288431	Xbp1,Ccnd1,Krt18,Krt8,Krt19,Ar,Fasn,Areg,Il6st,Cd44,Igf1r	11	200	33	Mutter_02
NKT	SBRT_vs_Ctrl	HALLMARK_MYC_TARGETS_V1	MSigDB_Hallmark	exploratory	1.24196108451185	0.223938223938224	0.431288431288431	Ldha,Pcna,Ptges3,Ppia	4	201	9	Mutter_02
NKT	SBRT_vs_Ctrl	TypeII_interferon	project	primary	-1.23915598135815	0.235416666666667	0.437202380952381	Ciita,H2-Aa,H2-Ab1,H2-Eb1	4	17	8	Mutter_02
NKT	SBRT_vs_Ctrl	HALLMARK_APICAL_SURFACE	MSigDB_Hallmark	exploratory	-1.15954080937356	0.282565130260521	0.453030303030303	Hspb1,Efna5	2	44	10	Mutter_02
NKT	SBRT_vs_Ctrl	HALLMARK_IL6_JAK_STAT3_SIGNALING	MSigDB_Hallmark	exploratory	-1.10601286952236	0.282744282744283	0.453030303030303	Tnfrsf1b,Acvr1b,Fas,Cntfr,Pdgfc,Acvrl1,Osmr,Csf3r,Cd38,Il13ra1,Il1r2	11	88	56	Mutter_02
NKT	SBRT_vs_Ctrl	HALLMARK_NOTCH_SIGNALING	MSigDB_Hallmark	exploratory	1.16462875359287	0.284584980237154	0.453030303030303	Ccnd1,Wnt5a,Notch2,Notch3,Fzd7,Jag1,Maml2,Dll1,Fzd5	9	32	12	Mutter_02
NKT	SBRT_vs_Ctrl	HALLMARK_SPERMATOGENESIS	MSigDB_Hallmark	exploratory	-1.17131571131778	0.2875	0.453030303030303	Ace,Il12rb2,Scg5,Cdkn3,Mtor	5	135	6	Mutter_02
NKT	SBRT_vs_Ctrl	HALLMARK_XENOBIOTIC_METABOLISM	MSigDB_Hallmark	exploratory	-1.15059807458792	0.260162601626016	0.453030303030303	Fas,Epha2,Esr1,Igf1,Crp	5	203	20	Mutter_02
NKT	SBRT_vs_Ctrl	HALLMARK_HEDGEHOG_SIGNALING	MSigDB_Hallmark	exploratory	-1.14347421673862	0.313645621181263	0.475314562997235	Cntfr	1	36	5	Mutter_02
NKT	SBRT_vs_Ctrl	HALLMARK_MTORC1_SIGNALING	MSigDB_Hallmark	exploratory	1.09718499214707	0.336633663366337	0.475314562997235	Ldlr,Xbp1,Serpinh1,Ldha,Hsp90b1,Ppia	6	201	14	Mutter_02
NKT	SBRT_vs_Ctrl	HALLMARK_PANCREAS_BETA_CELLS	MSigDB_Hallmark	exploratory	-1.14253265980707	0.338204592901879	0.475314562997235	Gcg,Iapp,Sst	3	40	4	Mutter_02
NKT	SBRT_vs_Ctrl	HALLMARK_UV_RESPONSE_UP	MSigDB_Hallmark	exploratory	-1.09124932044716	0.337448559670782	0.475314562997235	Fgf18,Junb,Bmp2,H2-Q1,Rxrb	5	158	24	Mutter_02
NKT	SBRT_vs_Ctrl	HALLMARK_APOPTOSIS	MSigDB_Hallmark	exploratory	1.02979029175638	0.404580152671756	0.539440203562341	Top2a,Ccnd1,Hmgb2,Krt18,Fasl,Ier3,Bgn,Gsn,Lmna,Clu,Dcn,Ctnnb1,Hgf,Gadd45b	14	160	64	Mutter_02
NKT	SBRT_vs_Ctrl	HALLMARK_BILE_ACID_METABOLISM	MSigDB_Hallmark	exploratory	1.08290368377089	0.402298850574713	0.539440203562341	Rxra,Ar,Gc	3	112	6	Mutter_02
NKT	SBRT_vs_Ctrl	HALLMARK_FATTY_ACID_METABOLISM	MSigDB_Hallmark	exploratory	1.01393582886667	0.418650793650794	0.544246031746032	Ldha,Lgals1,S100a10,Fasn	4	157	11	Mutter_02
NKT	SBRT_vs_Ctrl	HALLMARK_DNA_REPAIR	MSigDB_Hallmark	exploratory	-1.03973816063939	0.456211812627291	0.578610103819979	Npr2,Tyms,Trp53	3	150	5	Mutter_02
NKT	SBRT_vs_Ctrl	HALLMARK_TNFA_SIGNALING_VIA_NFKB	MSigDB_Hallmark	exploratory	-0.943379466275517	0.578512396694215	0.716253443526171	Cdkn1a,Cd80,Clcf1,Cflar,Inhba,Sat1,Junb,Bmp2,Klf2,Smad3,Il12b	11	199	76	Mutter_02
NKT	SBRT_vs_Ctrl	HALLMARK_INFLAMMATORY_RESPONSE	MSigDB_Hallmark	exploratory	-0.933458562378017	0.605932203389831	0.732755222703981	Cdkn1a,Tnfrsf1b,Acvr1b,Clec5a,Inhba,Tlr1,Tnfsf10,Fpr1,Osmr,Cmklr1,Csf3r	11	201	86	Mutter_02
NKT	SBRT_vs_Ctrl	HALLMARK_HYPOXIA	MSigDB_Hallmark	exploratory	0.870127456389182	0.670520231213873	0.764433357091946	Col5a1,Ier3,Bgn,Ldha,Dcn,Vhl	6	200	39	Mutter_02
NKT	SBRT_vs_Ctrl	HALLMARK_OXIDATIVE_PHOSPHORYLATION	MSigDB_Hallmark	exploratory	-0.86745877717631	0.67223382045929	0.764433357091946	Bax	1	199	4	Mutter_02
NKT	SBRT_vs_Ctrl	HALLMARK_PI3K_AKT_MTOR_SIGNALING	MSigDB_Hallmark	exploratory	-0.849259192204823	0.676229508196721	0.764433357091946	Cdkn1a	1	105	16	Mutter_02
NKT	SBRT_vs_Ctrl	TypeI_interferon	project	primary	-0.751927317533916	0.770186335403727	0.852121051936038	Mx1,Oasl1	2	19	7	Mutter_02
NKT	SBRT_vs_Ctrl	HALLMARK_WNT_BETA_CATENIN_SIGNALING	MSigDB_Hallmark	exploratory	-0.745799511387051	0.813765182186235	0.881578947368421	Tcf7,Notch1,Trp53,Wnt5b,Fzd1	5	42	15	Mutter_02
NKT	SBRT_vs_Ctrl	HALLMARK_APICAL_JUNCTION	MSigDB_Hallmark	exploratory	0.758313484462243	0.858527131782946	0.892868217054264	Cdh1,Cdh11,Src,Cldn4,Itgb1,Pecam1,Vwf,Col16a1,Mmp9,Syk,Ptprc,Pfn1,Cd34,Itga2,Vcan,Myl9,Itga9	17	199	38	Mutter_02
NKT	SBRT_vs_Ctrl	HALLMARK_REACTIVE_OXYGEN_SPECIES_PATHWAY	MSigDB_Hallmark	exploratory	-0.675866241225009	0.857433808553972	0.892868217054264	Junb	1	48	5	Mutter_02
NKT	SBRT_vs_Ctrl	HALLMARK_HEME_METABOLISM	MSigDB_Hallmark	exploratory	-0.640061703119188	0.877846790890269	0.895059473064588	Lamp2,Nr3c1,Ackr1,Myl4,Epor,Aqp3,Slc2a1	7	194	7	Mutter_02
NKT	SBRT_vs_Ctrl	HALLMARK_INTERFERON_ALPHA_RESPONSE	MSigDB_Hallmark	exploratory	0.588028457859834	0.974658869395711	0.974658869395711	Il4ra,Il15,Ifitm1	3	100	23	Mutter_02
PerC.macrophage	MBRT_vs_Ctrl	HALLMARK_ANGIOGENESIS	MSigDB_Hallmark	exploratory	1.85455473351974	0.0016044016478703	0.0834288856892556	Pf4,Col3a1,Olr1,Spp1,Jag1,App,Col5a2,Tnfrsf21,Timp1,Pdgfa	10	36	19	Mutter_02
PerC.macrophage	MBRT_vs_Ctrl	HALLMARK_COMPLEMENT	MSigDB_Hallmark	exploratory	1.62459381908812	0.00742978616856548	0.11141030897018	Cxcl3,S100a9,Pfn1,Calm1,Olr1,Gzmb,Mmp14,Il6,Timp1,C1qc,Mmp12,Jak2,Itgam,Cd40lg,Spock2,Pdgfb,Cxcl1,Dusp5	18	196	42	Mutter_02
PerC.macrophage	MBRT_vs_Ctrl	HALLMARK_INTERFERON_GAMMA_RESPONSE	MSigDB_Hallmark	exploratory	-1.61706369520995	0.00662776890312178	0.11141030897018	Ciita,Ifi27,Vcam1,Cxcl9,Cd86,Ifitm2,H2-D1,Bst2,Icam1,Fpr1,Cd69,Casp3,Ifi44l,Ifitm3,Tap1,Nlrc5,H2-Eb1,H2-Aa,Klrk1,Cd40,Irf4	21	205	65	Mutter_02
PerC.macrophage	MBRT_vs_Ctrl	HALLMARK_TGF_BETA_SIGNALING	MSigDB_Hallmark	exploratory	-1.75976859214874	0.00857002376693688	0.11141030897018	Thbs1,Junb,Tgfbr1,Bmp2,Smad3,Eng,Bmpr2	7	54	15	Mutter_02
PerC.macrophage	MBRT_vs_Ctrl	HALLMARK_EPITHELIAL_MESENCHYMAL_TRANSITION	MSigDB_Hallmark	exploratory	1.54451276800838	0.0108947428485319	0.113305325624731	Cxcl3,Itga5,Col12a1,Acta2,Col3a1,Spp1,Col5a1,Col5a3,Dcn,Bgn,Itgb5,Wnt5a,Col6a3,Col1a1,Col5a2,Mmp14,Il6,Timp1,Tgfb1,Snai2,Tnfrsf11b,Gadd45b,Pdgfrb,Cxcl1,Cd44,Serpinh1,Cdh11,Lgals1,Col1a2,Emp3,Il15,Vcan	32	206	72	Mutter_02
PerC.macrophage	MBRT_vs_Ctrl	TypeII_interferon	project	primary	-1.66664470192365	0.019480214667275	0.168828527116383	Ciita,Cxcl9,H2-Eb1,H2-Aa,H2-Ab1	5	17	8	Mutter_02
PerC.macrophage	MBRT_vs_Ctrl	HALLMARK_UV_RESPONSE_UP	MSigDB_Hallmark	exploratory	-1.46310717379738	0.0334466566495638	0.248460877968188	Junb,H2-Q1,Bmp2,Icam1,Casp3,Sqstm1,Tap1,Fos,Rxrb	9	158	24	Mutter_02
PerC.macrophage	MBRT_vs_Ctrl	HALLMARK_NOTCH_SIGNALING	MSigDB_Hallmark	exploratory	1.54510971434722	0.0516605166051661	0.298482984829848	Jag1,Ccnd1,Notch3,Wnt5a	4	32	12	Mutter_02
PerC.macrophage	MBRT_vs_Ctrl	HALLMARK_REACTIVE_OXYGEN_SPECIES_PATHWAY	MSigDB_Hallmark	exploratory	-1.54321489335442	0.0504032258064516	0.298482984829848	Junb,Sod1,Fes	3	48	5	Mutter_02
PerC.macrophage	MBRT_vs_Ctrl	DNA_Damage_Repair	project	primary	-1.41623432105314	0.0930232558139535	0.438919582565991	Bax,Ddit3,Atr	3	18	10	Mutter_02
PerC.macrophage	MBRT_vs_Ctrl	HALLMARK_APICAL_JUNCTION	MSigDB_Hallmark	exploratory	-1.29618741979891	0.0959821428571429	0.438919582565991	Vcam1,Ptk2,Cd86,Icam2,Icam1,Itgb4,Fyb,Actg2,Itga3,Itga9,Rac2	11	199	38	Mutter_02
PerC.macrophage	MBRT_vs_Ctrl	HALLMARK_UV_RESPONSE_DN	MSigDB_Hallmark	exploratory	1.34655347478315	0.101289134438306	0.438919582565991	Col3a1,Mapk14,Rxra,Col1a1,Col5a2,Snai2,Igfbp5,Anxa2,Igf1r,Ica1,Pdgfrb,Ldlr,Nfkb1,Col1a2,Anxa4,Kit,Fyn	17	144	32	Mutter_02
PerC.macrophage	MBRT_vs_Ctrl	HALLMARK_G2M_CHECKPOINT	MSigDB_Hallmark	exploratory	1.34340966279798	0.11214953271028	0.448598130841121	Ccnd1,Mapk14,Abl1,Hif1a,Mt2,Top2a,Egf,Tgfb1	8	198	23	Mutter_02
PerC.macrophage	MBRT_vs_Ctrl	HALLMARK_KRAS_SIGNALING_UP	MSigDB_Hallmark	exploratory	-1.25138005190229	0.139433551198257	0.517896047307812	Slpi,Inhba,Bmp2,Sox9,Igf2,Tnfrsf1b,Spry2,Ace,Eng,Cxcr4,Sparcl1,Il2rg,Pigr,Itgb2	14	203	49	Mutter_02
PerC.macrophage	MBRT_vs_Ctrl	HALLMARK_MYOGENESIS	MSigDB_Hallmark	exploratory	1.25395686331579	0.151012891344383	0.523511356660528	Col3a1,Gsn,Hdac5,App,Mb,Myl7,Itgb5,Col6a3,Col1a1,Tgfb1	10	201	39	Mutter_02
PerC.macrophage	MBRT_vs_Ctrl	HALLMARK_COAGULATION	MSigDB_Hallmark	exploratory	1.19382802287727	0.202846975088968	0.528650646950093	Pf4,Gsn,Mmp7,Olr1,Mmp14,Timp1,Rac1	7	139	28	Mutter_02
PerC.macrophage	MBRT_vs_Ctrl	HALLMARK_ESTROGEN_RESPONSE_LATE	MSigDB_Hallmark	exploratory	1.21423055432132	0.201478743068392	0.528650646950093	S100a9,Xbp1,Agr2,Fabp5,Cdh1,Ccnd1,Top2a,Jak2,Mapk13,Pgr,Cd44,Ptges,Celsr2	13	206	35	Mutter_02
PerC.macrophage	MBRT_vs_Ctrl	HALLMARK_INFLAMMATORY_RESPONSE	MSigDB_Hallmark	exploratory	1.14290796210986	0.203327171903882	0.528650646950093	Lamp3,Il4ra,Il7r,Itga5,Ahr,Olr1,Msr1,Gpr183,Osm,Il18,Mmp14,Il6,Il2rb,Hif1a,Tlr3,Timp1,Tnfrsf9,Il1b,Csf1,Csf3r,Sell,Nfkbia,Ifitm1	23	201	86	Mutter_02
PerC.macrophage	MBRT_vs_Ctrl	HALLMARK_MITOTIC_SPINDLE	MSigDB_Hallmark	exploratory	1.31560809909346	0.177121771217712	0.528650646950093	Gsn,Abl1,Top2a,Cenpf,Plekhg2	5	199	11	Mutter_02
PerC.macrophage	MBRT_vs_Ctrl	HALLMARK_MYC_TARGETS_V1	MSigDB_Hallmark	exploratory	-1.27746252781028	0.186440677966102	0.528650646950093	Tyms,H2az1,Rack1,Hsp90ab1	4	201	9	Mutter_02
PerC.macrophage	MBRT_vs_Ctrl	HALLMARK_P53_PATHWAY	MSigDB_Hallmark	exploratory	-1.12772243312825	0.261437908496732	0.647370059134765	Bmp2,Bax,Epha2,Tm4sf1,Itgb4,Ddit3,Tap1,Tsc22d1,Acvr1b,Rack1,Fos,Krt17,S100a4	13	199	39	Mutter_02
PerC.macrophage	MBRT_vs_Ctrl	HALLMARK_WNT_BETA_CATENIN_SIGNALING	MSigDB_Hallmark	exploratory	1.13202960177244	0.283882783882784	0.670995670995671	Jag1,Hdac5,Tcf7,Ctnnb1	4	42	15	Mutter_02
PerC.macrophage	MBRT_vs_Ctrl	HALLMARK_SPERMATOGENESIS	MSigDB_Hallmark	exploratory	-1.1446868627107	0.302371541501976	0.683622615569685	Ace,Cdkn3	2	135	6	Mutter_02
PerC.macrophage	MBRT_vs_Ctrl	HALLMARK_APOPTOSIS	MSigDB_Hallmark	exploratory	1.0715930758615	0.335216572504708	0.695997879671349	Tnf,Ier3,Gsn,Igf2r,Ccnd1,App,Dcn,Bgn,Il18,Il6,Hgf,Top2a,Timp1,Il1b,Ctnnb1,Bid	16	160	64	Mutter_02
PerC.macrophage	MBRT_vs_Ctrl	HALLMARK_DNA_REPAIR	MSigDB_Hallmark	exploratory	-1.08590686770254	0.368951612903226	0.695997879671349	Tyms	1	150	5	Mutter_02
PerC.macrophage	MBRT_vs_Ctrl	HALLMARK_IL6_JAK_STAT3_SIGNALING	MSigDB_Hallmark	exploratory	1.06409478064356	0.32780847145488	0.695997879671349	Pf4,Cxcl3,Il4ra,Tnf,Il6,Tnfrsf21,Tgfb1,Il1b,Csf1,Ltb,Csf3r,Il3ra,Il7,Il10rb	14	88	56	Mutter_02
PerC.macrophage	MBRT_vs_Ctrl	HALLMARK_INTERFERON_ALPHA_RESPONSE	MSigDB_Hallmark	exploratory	-1.05740178069068	0.374732334047109	0.695997879671349	Ifi27,Ccrl2,Ifitm2,Bst2,Ifi44l,Ifitm3,Tap1	7	100	23	Mutter_02
PerC.macrophage	MBRT_vs_Ctrl	HALLMARK_TNFA_SIGNALING_VIA_NFKB	MSigDB_Hallmark	exploratory	1.03617459108135	0.374768089053803	0.695997879671349	Cxcl3,Stat5a,Il7r,Tnf,Ier3,Olr1,Gpr183,Jag1,Ccnd1,Phlda2,Il18,Il6,Rigi,Tnfrsf9,Il1b,Csf1,Nfkbia,Btg1,Ccl2,Gadd45b,Cxcl1,Cd44,Dusp5,Ldlr,Nfkb1	25	199	76	Mutter_02
PerC.macrophage	MBRT_vs_Ctrl	HALLMARK_ESTROGEN_RESPONSE_EARLY	MSigDB_Hallmark	exploratory	1.02449128310948	0.409926470588235	0.735040567951319	Xbp1,Ccnd1,Fasn,Ar,Jak2,Igf1r,Pgr,Cd44,Ptges,Celsr2,Muc1,Inhbb	12	200	33	Mutter_02
PerC.macrophage	MBRT_vs_Ctrl	HALLMARK_PEROXISOME	MSigDB_Hallmark	exploratory	-1.01930014470835	0.48024948024948	0.832432432432433	Ttr,Sod1,Msh2	3	102	4	Mutter_02
PerC.macrophage	MBRT_vs_Ctrl	HALLMARK_IL2_STAT5_SIGNALING	MSigDB_Hallmark	exploratory	0.968085685652874	0.500934579439252	0.840277359059391	Il4ra,Ahr,Spp1,Xbp1,Igf2r,Ctla4,Il2rb,Tnfrsf21,Tnfrsf9,Csf1,Ltb,Spry4,Sell,Il3ra,Itga6	15	199	58	Mutter_02
PerC.macrophage	MBRT_vs_Ctrl	HALLMARK_ALLOGRAFT_REJECTION	MSigDB_Hallmark	exploratory	0.952626928745041	0.528130671506352	0.858212341197822	Pf4,Srgn,Il4ra,Tnf,Cxcr3,Gzmb,Stat4,Cd3e,Il18,Il6,Il2rb,Hif1a,Tlr3,Timp1,Tgfb1,Il1b,Jak2,Csf1,Ltb,Il7,Cd40lg,Ccr5,Akt1,Il12a,Ncr1,Ccl2,Krt1	27	201	102	Mutter_02
PerC.macrophage	MBRT_vs_Ctrl	HALLMARK_E2F_TARGETS	MSigDB_Hallmark	exploratory	-0.93428297799323	0.562632696390658	0.880471591621723	Tubb5,H2az1,Cdkn3,Msh2	4	200	20	Mutter_02
PerC.macrophage	MBRT_vs_Ctrl	HALLMARK_GLYCOLYSIS	MSigDB_Hallmark	exploratory	-0.931788232869299	0.575692963752665	0.880471591621723	Il13ra1,Sox9,Cxcr4,Sod1,Met,Vegfa,Mertk	7	200	18	Mutter_02
PerC.macrophage	MBRT_vs_Ctrl	HALLMARK_ADIPOGENESIS	MSigDB_Hallmark	exploratory	0.847241855778137	0.664814814814815	0.898612004779851	Stat5a,Fabp4	2	200	19	Mutter_02
PerC.macrophage	MBRT_vs_Ctrl	HALLMARK_BILE_ACID_METABOLISM	MSigDB_Hallmark	exploratory	-0.77515704291885	0.743083003952569	0.898612004779851	Ttr,Sod1,Gc,Apoa1	4	112	6	Mutter_02
PerC.macrophage	MBRT_vs_Ctrl	HALLMARK_CHOLESTEROL_HOMEOSTASIS	MSigDB_Hallmark	exploratory	0.869507857806664	0.618874773139746	0.898612004779851	Fabp5,Jag1,Fasn,Ctnnb1	4	75	13	Mutter_02
PerC.macrophage	MBRT_vs_Ctrl	HALLMARK_FATTY_ACID_METABOLISM	MSigDB_Hallmark	exploratory	-0.81119703207706	0.730434782608696	0.898612004779851	Cd36,H2az1,Ppara	3	157	11	Mutter_02
PerC.macrophage	MBRT_vs_Ctrl	HALLMARK_HYPOXIA	MSigDB_Hallmark	exploratory	0.851085926460122	0.718232044198895	0.898612004779851	Pgf,Ier3,Col5a1,Dcn,Bgn,Il6,Mt2	7	200	39	Mutter_02
PerC.macrophage	MBRT_vs_Ctrl	HALLMARK_KRAS_SIGNALING_DN	MSigDB_Hallmark	exploratory	0.805921447704357	0.72962962962963	0.898612004779851	Egf,Cd40lg,Krt1,Celsr2,Krt4,Ryr2,Selenop,Ifng	8	202	19	Mutter_02
PerC.macrophage	MBRT_vs_Ctrl	HALLMARK_OXIDATIVE_PHOSPHORYLATION	MSigDB_Hallmark	exploratory	-0.846263199485277	0.696465696465697	0.898612004779851	Bax	1	199	4	Mutter_02
PerC.macrophage	MBRT_vs_Ctrl	HALLMARK_PI3K_AKT_MTOR_SIGNALING	MSigDB_Hallmark	exploratory	-0.820687009926548	0.725701943844492	0.898612004779851	Sqstm1,Ddit3,Cxcr4,Il2rg	4	105	16	Mutter_02
PerC.macrophage	MBRT_vs_Ctrl	HALLMARK_PROTEIN_SECRETION	MSigDB_Hallmark	exploratory	0.805351663436101	0.713207547169811	0.898612004779851	Igf2r,Ica1,Cd63	3	96	9	Mutter_02
PerC.macrophage	MBRT_vs_Ctrl	HALLMARK_UNFOLDED_PROTEIN_RESPONSE	MSigDB_Hallmark	exploratory	0.731127198918763	0.80241935483871	0.948313782991202	Xbp1,Ccl2	2	113	6	Mutter_02
PerC.macrophage	MBRT_vs_Ctrl	HALLMARK_HEME_METABOLISM	MSigDB_Hallmark	exploratory	0.700628904928469	0.829745596868884	0.9588171341596	Myl4,Epor,Aqp3,Slc2a1,Lamp2,Ackr1,Nr3c1	7	194	7	Mutter_02
PerC.macrophage	MBRT_vs_Ctrl	HALLMARK_ANDROGEN_RESPONSE	MSigDB_Hallmark	exploratory	-0.675233344271447	0.919831223628692	0.976147420993714	Fkbp5,Tsc22d1,Mertk,Krt8,B2m,Azgp1,Myl12a,Sat1,Itgav	9	112	17	Mutter_02
PerC.macrophage	MBRT_vs_Ctrl	HALLMARK_APICAL_SURFACE	MSigDB_Hallmark	exploratory	0.672700025867717	0.899810964083176	0.976147420993714	App,Il2rb	2	44	10	Mutter_02
PerC.macrophage	MBRT_vs_Ctrl	HALLMARK_MTORC1_SIGNALING	MSigDB_Hallmark	exploratory	-0.693326783521297	0.884782608695652	0.976147420993714	Sqstm1,Ddit3,Cxcr4,Itgb2,Cd9	5	201	14	Mutter_02
PerC.macrophage	MBRT_vs_Ctrl	HALLMARK_XENOBIOTIC_METABOLISM	MSigDB_Hallmark	exploratory	-0.678839915632459	0.912951167728238	0.976147420993714	Esr1,Epha2,Cd36	3	203	20	Mutter_02
PerC.macrophage	MBRT_vs_Ctrl	TypeI_interferon	project	primary	-0.576145432020178	0.938900203665988	0.976456211812627	Ifitm3,Oas2,Mx1,Stat1,Oasl1	5	19	7	Mutter_02
PerC.macrophage	MBRT_vs_Ctrl	HALLMARK_HEDGEHOG_SIGNALING	MSigDB_Hallmark	exploratory	-0.403450726062766	0.997983870967742	1	Vegfa,Celsr1,Hey1,Cntfr,Adgrg1	5	36	5	Mutter_02
PerC.macrophage	MBRT_vs_Ctrl	HALLMARK_PANCREAS_BETA_CELLS	MSigDB_Hallmark	exploratory	0	1	1	""	0	40	4	Mutter_02
PerC.macrophage	MBRT_vs_SBRT	HALLMARK_E2F_TARGETS	MSigDB_Hallmark	exploratory	-1.8531826233639	0.00148821001117996	0.031880105714961	Hmgb2,Mki67,Top2a,Stmn1,Pcna,Birc5,Dnmt1,Tubb5,Trp53,Pttg1	10	200	20	Mutter_02
PerC.macrophage	MBRT_vs_SBRT	HALLMARK_MITOTIC_SPINDLE	MSigDB_Hallmark	exploratory	-1.92465903726314	0.000754864378600048	0.031880105714961	Nusap1,Top2a,Birc5,Ezr,Gsn,Abl1,Dst	7	199	11	Mutter_02
PerC.macrophage	MBRT_vs_SBRT	HALLMARK_MYC_TARGETS_V1	MSigDB_Hallmark	exploratory	-1.85637951193614	0.00183923686817083	0.031880105714961	Pcna,Ppia,Ldha,Rack1,Myc,Hsp90ab1,H2az1,Ptges3	8	201	9	Mutter_02
PerC.macrophage	MBRT_vs_SBRT	HALLMARK_G2M_CHECKPOINT	MSigDB_Hallmark	exploratory	-1.82206391488921	0.00282644882580858	0.0367438347355116	Mki67,Nusap1,Top2a,Stmn1,Birc5,Ccnd1,Ube2c,Pttg1,Abl1,Myc,Chek1,Ezh2,H2az1	13	198	23	Mutter_02
PerC.macrophage	MBRT_vs_SBRT	HALLMARK_CHOLESTEROL_HOMEOSTASIS	MSigDB_Hallmark	exploratory	-1.66265201036156	0.00937196102309525	0.0812236622001588	Clu,Ldlr,Fasn,Ctnnb1,Alcam,Cd9,Tnfrsf12a,Fabp5	8	75	13	Mutter_02
PerC.macrophage	MBRT_vs_SBRT	HALLMARK_KRAS_SIGNALING_DN	MSigDB_Hallmark	exploratory	1.68455541228149	0.00895014731337524	0.0812236622001588	Cd80,Ifng,Cntfr,Egf,Tcl1,Tgfb2,Il12b,Fgfr3,Pdcd1,Krt15	10	202	19	Mutter_02
PerC.macrophage	MBRT_vs_SBRT	HALLMARK_TNFA_SIGNALING_VIA_NFKB	MSigDB_Hallmark	exploratory	1.50866017055535	0.0117690235015772	0.087427031726002	Cdkn1a,Cxcl3,Tnfrsf9,Cd80,Ccrl2,Cd83,Ccl20,Dusp1,Il7r,Sat1,Ccl4,Icosl,Ptger4,Il6,Csf2,Csf1,Il1a,Nfkbia,Inhba,Cxcl2,Ptgs2,Il23a,Il12b	23	199	76	Mutter_02
PerC.macrophage	MBRT_vs_SBRT	HALLMARK_UV_RESPONSE_DN	MSigDB_Hallmark	exploratory	-1.57496315516407	0.0261812351444607	0.170178028438995	Ldlr,Col1a2,Ica1,Col1a1,Fyn,Nfkb1,Tgfbr2,Adgrl2,Myc,Col3a1	10	144	32	Mutter_02
PerC.macrophage	MBRT_vs_SBRT	DNA_Damage_Repair	project	primary	1.59847281941622	0.0375868160900795	0.195451443668413	Cdkn1a,Bax	2	18	10	Mutter_02
PerC.macrophage	MBRT_vs_SBRT	HALLMARK_IL6_JAK_STAT3_SIGNALING	MSigDB_Hallmark	exploratory	1.4233791949882	0.0348580964303194	0.195451443668413	Cxcl3,Pdgfc,Cntfr,Acvrl1,Il2ra,Csf3r,Cd36,Fas,Csf2ra,Ltb,Il12rb1,Il6,Csf2,Csf1,Reg1,Cxcl2,Il17rb,Tnfrsf21,Cd14,Tnfrsf1b,Cd38,Il18r1,Ltbr	23	88	56	Mutter_02
PerC.macrophage	MBRT_vs_SBRT	HALLMARK_PEROXISOME	MSigDB_Hallmark	exploratory	-1.50870503668043	0.0504854368932039	0.238658428949691	Top2a,Sod1	2	102	4	Mutter_02
PerC.macrophage	MBRT_vs_SBRT	HALLMARK_INTERFERON_ALPHA_RESPONSE	MSigDB_Hallmark	exploratory	-1.47083680694036	0.064406779661017	0.27909604519774	Ifitm1,Il4ra,Cd47,Ifitm3,Ifitm2,Bst2,Ifi27,B2m,Il15	9	100	23	Mutter_02
PerC.macrophage	MBRT_vs_SBRT	HALLMARK_DNA_REPAIR	MSigDB_Hallmark	exploratory	-1.4600799468446	0.0729783037475345	0.291913214990138	Pcna,Trp53	2	150	5	Mutter_02
PerC.macrophage	MBRT_vs_SBRT	HALLMARK_COAGULATION	MSigDB_Hallmark	exploratory	-1.38515104385047	0.0824915824915825	0.3046875	Mmp9,Clu,Fyn,Dusp6,Gsn,Rac1,Anxa1	7	139	28	Mutter_02
PerC.macrophage	MBRT_vs_SBRT	HALLMARK_UNFOLDED_PROTEIN_RESPONSE	MSigDB_Hallmark	exploratory	-1.4103240958305	0.087890625	0.3046875	Xbp1,Hsp90b1,Ccl2	3	113	6	Mutter_02
PerC.macrophage	MBRT_vs_SBRT	HALLMARK_GLYCOLYSIS	MSigDB_Hallmark	exploratory	-1.41756168041386	0.0962199312714777	0.312714776632302	Stmn1,Ppia,Ier3,Ldha,Col5a1,Sod1,Mif,Igfbp3	8	200	18	Mutter_02
PerC.macrophage	MBRT_vs_SBRT	HALLMARK_INFLAMMATORY_RESPONSE	MSigDB_Hallmark	exploratory	1.29059301450578	0.102419129234966	0.313282042365779	Cdkn1a,Tnfrsf9,Ccrl2,Cmklr1,Csf3r,Ccl20,Il2rb,Il7r,Cd70,Icosl,Ptger4,Il6,Csf1,Nlrp3,Il1a,Nfkbia,Inhba,Rgs1,Il12b,Cd14,Timp1,Tnfrsf1b,Olr1,Best1,Mmp14,Ccl5,Acvr2a,Clec5a,Il18r1,Tnfsf9,Hif1a,Cxcl5,Acvr1b,Il15ra,Cx3cl1,Ccr7	36	201	86	Mutter_02
PerC.macrophage	MBRT_vs_SBRT	HALLMARK_ESTROGEN_RESPONSE_EARLY	MSigDB_Hallmark	exploratory	-1.30105347794225	0.117147707979626	0.338426711941143	Krt8,Krt18,Xbp1,Ccnd1,Krt19,Fasn,Myc,Areg	8	200	33	Mutter_02
PerC.macrophage	MBRT_vs_SBRT	HALLMARK_ANDROGEN_RESPONSE	MSigDB_Hallmark	exploratory	-1.34672023425484	0.133214920071048	0.346358792184725	Krt8,Ccnd1,Akt1,Selenop,Krt19,B2m,Itgav,Myl12a,Maf,Arid5b	10	112	17	Mutter_02
PerC.macrophage	MBRT_vs_SBRT	HALLMARK_APOPTOSIS	MSigDB_Hallmark	exploratory	-1.26999517299601	0.127760252365931	0.346358792184725	Hmgb2,Top2a,Clu,Krt18,Lmna,Ccnd1,Casp3,Ier3,Rela,Fasl,Ifitm3,Sod1,Sqstm1,Gsn,Gpx1,Gadd45b,Ifngr1,Anxa1,Ctnnb1	19	160	64	Mutter_02
PerC.macrophage	MBRT_vs_SBRT	HALLMARK_PROTEIN_SECRETION	MSigDB_Hallmark	exploratory	-1.33515000765194	0.139925373134328	0.346481876332623	Ica1,Krt18,Sod1,Dst,Arf1	5	96	9	Mutter_02
PerC.macrophage	MBRT_vs_SBRT	HALLMARK_HEDGEHOG_SIGNALING	MSigDB_Hallmark	exploratory	1.32733116582231	0.171717171717172	0.405876951331497	Cntfr	1	36	5	Mutter_02
PerC.macrophage	MBRT_vs_SBRT	HALLMARK_APICAL_JUNCTION	MSigDB_Hallmark	exploratory	-1.15669881376234	0.263934426229508	0.508318154219794	Mmp9,Fyb,Rac2,Itgb4,Itga9,Cdh1,Pfn1,Ptprc	8	199	38	Mutter_02
PerC.macrophage	MBRT_vs_SBRT	HALLMARK_FATTY_ACID_METABOLISM	MSigDB_Hallmark	exploratory	-1.2201982244384	0.235398230088496	0.508318154219794	Lgals1,Ldha,S100a10,Fasn,Hsp90aa1,Mif,H2az1,Glul,Ppara	9	157	11	Mutter_02
PerC.macrophage	MBRT_vs_SBRT	HALLMARK_HYPOXIA	MSigDB_Hallmark	exploratory	1.14535767071472	0.246192893401015	0.508318154219794	Cdkn1a,Cxcr4,Pgf,Dusp1	4	200	39	Mutter_02
PerC.macrophage	MBRT_vs_SBRT	HALLMARK_PANCREAS_BETA_CELLS	MSigDB_Hallmark	exploratory	1.2391167117167	0.232032854209446	0.508318154219794	Gcg,Dpp4,Iapp	3	40	4	Mutter_02
PerC.macrophage	MBRT_vs_SBRT	HALLMARK_XENOBIOTIC_METABOLISM	MSigDB_Hallmark	exploratory	1.18704641558236	0.255868544600939	0.508318154219794	Cd36,Crp,Fas,Tgfb2,Ddc,Reg1,Mt2	7	203	20	Mutter_02
PerC.macrophage	MBRT_vs_SBRT	HALLMARK_PI3K_AKT_MTOR_SIGNALING	MSigDB_Hallmark	exploratory	1.12848335218815	0.283446712018141	0.526401036605118	Cdkn1a,Cxcr4,Smad2	3	105	16	Mutter_02
PerC.macrophage	MBRT_vs_SBRT	HALLMARK_EPITHELIAL_MESENCHYMAL_TRANSITION	MSigDB_Hallmark	exploratory	-1.07129293743583	0.329652996845426	0.5484375	Acta2,Col1a2,Col1a1,Col6a2,Lgals1,Col5a1,Col4a1,Mfap5,Col12a1,Gadd45b,Dst,Il15,Areg,Tpm1,Igfbp3,Col3a1,Serpinh1,Col5a3,Col16a1,Bgn,Itgav,Tnfrsf12a,Tpm2,Thbs1,Col6a3,Cald1,Mmp2,Thbs2,Cd44,Itgb5,Col4a2,Mgp,Col5a2,Myl9,Jun,Emp3,Tagln,Tgfb1	38	206	72	Mutter_02
PerC.macrophage	MBRT_vs_SBRT	HALLMARK_KRAS_SIGNALING_UP	MSigDB_Hallmark	exploratory	1.0672223025348	0.31592039800995	0.5484375	Cmklr1,Cxcr4,Ccl20,Il7r,Csf2ra,Spp1,Pdcd1lg2,Cidea,Csf2,Itgb2,Inhba,Ptgs2,Fgf9,Itga2,Tnfrsf1b,Tlr8,Adgra2,Il33	18	203	49	Mutter_02
PerC.macrophage	MBRT_vs_SBRT	HALLMARK_TGF_BETA_SIGNALING	MSigDB_Hallmark	exploratory	-1.11183279478404	0.3375	0.5484375	Ifngr2,Cdh1,Hdac1,Ctnnb1,Thbs1	5	54	15	Mutter_02
PerC.macrophage	MBRT_vs_SBRT	TypeI_interferon	project	primary	-1.15389446744689	0.325714285714286	0.5484375	Ifitm1,Ifitm3	2	19	7	Mutter_02
PerC.macrophage	MBRT_vs_SBRT	HALLMARK_APICAL_SURFACE	MSigDB_Hallmark	exploratory	1.09211542937961	0.355855855855856	0.560742560742561	Il2rb,Hspb1,Efna5	3	44	10	Mutter_02
PerC.macrophage	MBRT_vs_SBRT	HALLMARK_OXIDATIVE_PHOSPHORYLATION	MSigDB_Hallmark	exploratory	-1.11398547173747	0.374757281553398	0.573158195316962	Glud1,Ldha,Atp5e	3	199	4	Mutter_02
PerC.macrophage	MBRT_vs_SBRT	HALLMARK_MTORC1_SIGNALING	MSigDB_Hallmark	exploratory	-1.04077159342106	0.412612612612613	0.613024453024453	Ldlr,Ppia,Xbp1,Ldha,Hsp90b1,Sqstm1	6	201	14	Mutter_02
PerC.macrophage	MBRT_vs_SBRT	HALLMARK_ESTROGEN_RESPONSE_LATE	MSigDB_Hallmark	exploratory	-1.00091533631682	0.451986754966887	0.652869757174393	Top2a,Xbp1,Ccnd1,Krt19,Cdh1	5	206	35	Mutter_02
PerC.macrophage	MBRT_vs_SBRT	HALLMARK_ALLOGRAFT_REJECTION	MSigDB_Hallmark	exploratory	1.00163071782438	0.485795454545455	0.682739557739558	Cd80,Ifng,Il2ra,Cd8b1,Irf4,Il2rb,Fas,Ccl4,Ltb,Icosl,H2-Q10,Il12rb1,Il6,Prf1,Tgfb2,Inhbb,Itgb2,Csf1,Nlrp3,Stat4,Egfr,Inhba	22	201	102	Mutter_02
PerC.macrophage	MBRT_vs_SBRT	HALLMARK_HEME_METABOLISM	MSigDB_Hallmark	exploratory	0.925340221191823	0.545073375262055	0.692088646774793	Epor,Myl4,Ackr1	3	194	7	Mutter_02
PerC.macrophage	MBRT_vs_SBRT	HALLMARK_INTERFERON_GAMMA_RESPONSE	MSigDB_Hallmark	exploratory	0.974019518622763	0.521857923497268	0.692088646774793	Cdkn1a,Cmklr1,Irf4,Il2rb,Fas,H2-Q10,Il6,Stat4,Nfkbia,Cd274,Mt2,Ptgs2,Xcl1	13	205	65	Mutter_02
PerC.macrophage	MBRT_vs_SBRT	HALLMARK_MYOGENESIS	MSigDB_Hallmark	exploratory	0.944271864630038	0.545685279187817	0.692088646774793	Cdkn1a,Ephb3,Cd36,Mb	4	201	39	Mutter_02
PerC.macrophage	MBRT_vs_SBRT	HALLMARK_P53_PATHWAY	MSigDB_Hallmark	exploratory	0.960895608071349	0.512690355329949	0.692088646774793	Cdkn1a,Bax,Fas,Sat1,Inhbb,Krt17,Il1a	7	199	39	Mutter_02
PerC.macrophage	MBRT_vs_SBRT	HALLMARK_ANGIOGENESIS	MSigDB_Hallmark	exploratory	0.859335256594018	0.635714285714286	0.773892773892774	Vcan,Spp1,Tnfrsf21,Timp1,Olr1,Ptk2,Cxcl5,Pdgfa,App	9	36	19	Mutter_02
PerC.macrophage	MBRT_vs_SBRT	HALLMARK_REACTIVE_OXYGEN_SPECIES_PATHWAY	MSigDB_Hallmark	exploratory	-0.833212272347458	0.654832347140039	0.773892773892774	Fes,Sod1	2	48	5	Mutter_02
PerC.macrophage	MBRT_vs_SBRT	HALLMARK_WNT_BETA_CATENIN_SIGNALING	MSigDB_Hallmark	exploratory	-0.84708609625581	0.653571428571429	0.773892773892774	Trp53,Rbpj,Myc,Ctnnb1	4	42	15	Mutter_02
PerC.macrophage	MBRT_vs_SBRT	HALLMARK_ADIPOGENESIS	MSigDB_Hallmark	exploratory	0.79393400289354	0.723809523809524	0.80081053698075	Cd36,Lep,Cidea,Angpt1,Adipoq,Gpx3,Fzd4,Sparcl1	8	200	19	Mutter_02
PerC.macrophage	MBRT_vs_SBRT	HALLMARK_NOTCH_SIGNALING	MSigDB_Hallmark	exploratory	-0.794308501872416	0.723327305605787	0.80081053698075	Ccnd1	1	32	12	Mutter_02
PerC.macrophage	MBRT_vs_SBRT	TypeII_interferon	project	primary	-0.799545321400903	0.695167286245353	0.80081053698075	Ciita,Stat1,Cd74,Cxcl10,H2-Ab1,H2-Eb1,H2-Aa,Cxcl9	8	17	8	Mutter_02
PerC.macrophage	MBRT_vs_SBRT	HALLMARK_BILE_ACID_METABOLISM	MSigDB_Hallmark	exploratory	-0.755175682101491	0.759765625	0.804408163265306	Sod1	1	112	6	Mutter_02
PerC.macrophage	MBRT_vs_SBRT	HALLMARK_IL2_STAT5_SIGNALING	MSigDB_Hallmark	exploratory	0.840962701896197	0.752577319587629	0.804408163265306	Tnfrsf9,Bcl2l1,Cd83,Il2ra,Irf4,Il2rb,Spp1,Ltb,Csf2	9	199	58	Mutter_02
PerC.macrophage	MBRT_vs_SBRT	HALLMARK_SPERMATOGENESIS	MSigDB_Hallmark	exploratory	0.732293282465301	0.773469387755102	0.804408163265306	Mtor,Il12rb2,Scg5	3	135	6	Mutter_02
PerC.macrophage	MBRT_vs_SBRT	HALLMARK_COMPLEMENT	MSigDB_Hallmark	exploratory	-0.777056027809789	0.840796019900498	0.857282216369135	Clu,Fyn,Gzmb,Casp3,Fcer1g,Dusp6,Pfn1	7	196	42	Mutter_02
PerC.macrophage	MBRT_vs_SBRT	HALLMARK_UV_RESPONSE_UP	MSigDB_Hallmark	exploratory	0.604248405133164	0.942992874109264	0.942992874109264	Il6,Nfkbia,Fgf18,Gpx3,Mmp14,Atf3,Fos,Rxrb,Cxcl1,Bmp2,Bid,Btg1,Il6st,Tap1	14	158	24	Mutter_02
PerC.macrophage	SBRT_vs_Ctrl	HALLMARK_G2M_CHECKPOINT	MSigDB_Hallmark	exploratory	1.85470068583217	0.00118525092614453	0.0308165240797578	Top2a,Mki67,Stmn1,Nusap1,Ccnd1,Birc5,Abl1	7	198	23	Mutter_02
PerC.macrophage	SBRT_vs_Ctrl	HALLMARK_MITOTIC_SPINDLE	MSigDB_Hallmark	exploratory	1.90295352373271	0.0011500837481606	0.0308165240797578	Top2a,Nusap1,Gsn,Birc5,Abl1	5	199	11	Mutter_02
PerC.macrophage	SBRT_vs_Ctrl	HALLMARK_CHOLESTEROL_HOMEOSTASIS	MSigDB_Hallmark	exploratory	1.64946183047047	0.0145001118480029	0.1224487697548	Ldlr,Fasn,Clu,Fabp5,Ctnnb1	5	75	13	Mutter_02
PerC.macrophage	SBRT_vs_Ctrl	HALLMARK_E2F_TARGETS	MSigDB_Hallmark	exploratory	1.68415022087938	0.0125118485913641	0.1224487697548	Top2a,Hmgb2,Mki67,Stmn1,Pcna,Dnmt1,Birc5,Trp53	8	200	20	Mutter_02
PerC.macrophage	SBRT_vs_Ctrl	HALLMARK_EPITHELIAL_MESENCHYMAL_TRANSITION	MSigDB_Hallmark	exploratory	1.56158250413423	0.00969727156719125	0.1224487697548	Acta2,Col1a1,Col1a2,Col5a1,Col12a1,Col6a2,Col3a1,Lgals1,Col5a3,Bgn,Col6a3,Gadd45b,Itgb5,Col5a2,Serpinh1,Il15,Itga5,Mfap5,Tgfb1,Col4a1,Cd44,Wnt5a	22	206	72	Mutter_02
PerC.macrophage	SBRT_vs_Ctrl	HALLMARK_NOTCH_SIGNALING	MSigDB_Hallmark	exploratory	1.66550152560439	0.0174365085967773	0.1224487697548	Ccnd1,Wnt5a,Jag1,Fzd7,Fzd1,Dll1,Ppard,Notch1,Maml2	9	32	12	Mutter_02
PerC.macrophage	SBRT_vs_Ctrl	HALLMARK_UV_RESPONSE_DN	MSigDB_Hallmark	exploratory	1.61199036505627	0.011898030396746	0.1224487697548	Col1a1,Ldlr,Ica1,Col1a2,Nfkb1,Fyn,Col3a1,Col5a2,Tgfbr2,Igf1r,Rxra	11	144	32	Mutter_02
PerC.macrophage	SBRT_vs_Ctrl	HALLMARK_UV_RESPONSE_UP	MSigDB_Hallmark	exploratory	-1.67423702728238	0.0188382722699693	0.1224487697548	Junb,Bmp2,H2-Q1,Fos,Rxrb,Tap1,Fgf18,Atf3	8	158	24	Mutter_02
PerC.macrophage	SBRT_vs_Ctrl	HALLMARK_MYC_TARGETS_V1	MSigDB_Hallmark	exploratory	1.56696740394609	0.028985898844593	0.167474082213204	Pcna,Ppia,Ldha,Ptges3	4	201	9	Mutter_02
PerC.macrophage	SBRT_vs_Ctrl	DNA_Damage_Repair	project	primary	-1.57249707585098	0.0363963209473962	0.18926086892646	Cdkn1a,Bax	2	18	10	Mutter_02
PerC.macrophage	SBRT_vs_Ctrl	HALLMARK_INTERFERON_GAMMA_RESPONSE	MSigDB_Hallmark	exploratory	-1.36270713839889	0.0505885970400916	0.226426426426426	Cdkn1a,Ciita,Vcam1,Irf4,Cxcl9,Cmklr1,Cd86,Fas,Cd69,Cd40,Ifi44l,Tap1,Xcl1,Fpr1,H2-Aa,Ifi27,Ccl5,H2-Q10,H2-Eb1,Cd274,Cd38,Ptgs2,Icam1	23	205	65	Mutter_02
PerC.macrophage	SBRT_vs_Ctrl	HALLMARK_PROTEIN_SECRETION	MSigDB_Hallmark	exploratory	1.53672699334382	0.0522522522522523	0.226426426426426	Ica1,Krt18,Igf2r	3	96	9	Mutter_02
PerC.macrophage	SBRT_vs_Ctrl	HALLMARK_COAGULATION	MSigDB_Hallmark	exploratory	1.44145578177137	0.0735785953177258	0.251207729468599	Mmp9,Pf4,Gsn,Fyn,Clu,Rac1	6	139	28	Mutter_02
PerC.macrophage	SBRT_vs_Ctrl	HALLMARK_COMPLEMENT	MSigDB_Hallmark	exploratory	1.35352927456611	0.0808709175738725	0.251207729468599	Gzmb,Pfn1,Fyn,Clu,Calm1,C1qc,Jak2,Dusp6,Fcer1g,Dusp5,Cd40lg,Lyn,C1qa,Cxcl3,Calm3,Olr1,Apoc1	17	196	42	Mutter_02
PerC.macrophage	SBRT_vs_Ctrl	HALLMARK_IL6_JAK_STAT3_SIGNALING	MSigDB_Hallmark	exploratory	-1.35878478391193	0.0680028288393271	0.251207729468599	Acvrl1,Il12rb1,Pdgfc,Cd36,Cxcl9,Il2ra,Il13ra1,Tnfrsf1b,Fas,Cd14,Csf2,Acvr1b,Cntfr	13	88	56	Mutter_02
PerC.macrophage	SBRT_vs_Ctrl	HALLMARK_KRAS_SIGNALING_DN	MSigDB_Hallmark	exploratory	-1.41132607938773	0.0829383886255924	0.251207729468599	Cd80,Ifng,Cntfr,Il12b,Tgfb2,Ifi44l,Tcl1,Krt15,Fgfr3,Pdcd1	10	202	19	Mutter_02
PerC.macrophage	SBRT_vs_Ctrl	HALLMARK_TNFA_SIGNALING_VIA_NFKB	MSigDB_Hallmark	exploratory	-1.27309357479748	0.0869565217391304	0.251207729468599	Cdkn1a,Ccrl2,Cd83,Cd80,Inhba,Smad3,Junb,Icosl,Sat1,Bmp2,Cd69,Csf2,Fos,Il12b,Ptger4,Dusp1,Tnfrsf9,Ccl20,Cxcl2,Tap1,Atf3	21	199	76	Mutter_02
PerC.macrophage	SBRT_vs_Ctrl	TypeII_interferon	project	primary	-1.49099930114397	0.0825892857142857	0.251207729468599	Ciita,Cxcl9,H2-Aa,H2-Eb1,H2-Ab1	5	17	8	Mutter_02
PerC.macrophage	SBRT_vs_Ctrl	HALLMARK_PEROXISOME	MSigDB_Hallmark	exploratory	1.38160699486264	0.118518518518519	0.324366471734893	Top2a	1	102	4	Mutter_02
PerC.macrophage	SBRT_vs_Ctrl	HALLMARK_ESTROGEN_RESPONSE_EARLY	MSigDB_Hallmark	exploratory	1.30472152931653	0.136655948553055	0.355305466237942	Xbp1,Ccnd1,Krt18,Krt8,Fasn,Jak2,Krt19,Igf1r,Cd44	9	200	33	Mutter_02
PerC.macrophage	SBRT_vs_Ctrl	HALLMARK_P53_PATHWAY	MSigDB_Hallmark	exploratory	-1.22328177813281	0.149732620320856	0.370766488413547	Cdkn1a,Bax,Krt17,Fas,Sat1,Bmp2,Acvr1b,Fos,Tm4sf1,Tap1,Ddit3,Atf3	12	199	39	Mutter_02
PerC.macrophage	SBRT_vs_Ctrl	HALLMARK_APOPTOSIS	MSigDB_Hallmark	exploratory	1.184095012939	0.170087976539589	0.372124130551097	Top2a,Hmgb2,Ier3,Ccnd1,Gsn,Krt18,Clu,Lmna,Bgn,Fasl,Igf2r,Ctnnb1,Gadd45b,Il1b,Gpx1	15	160	64	Mutter_02
PerC.macrophage	SBRT_vs_Ctrl	HALLMARK_ESTROGEN_RESPONSE_LATE	MSigDB_Hallmark	exploratory	1.23389510367048	0.171749598715891	0.372124130551097	Top2a,Xbp1,Ccnd1,Cdh1,Fabp5,Jak2,Krt19	7	206	35	Mutter_02
PerC.macrophage	SBRT_vs_Ctrl	HALLMARK_KRAS_SIGNALING_UP	MSigDB_Hallmark	exploratory	-1.22197308602607	0.168091168091168	0.372124130551097	Cxcr4,Inhba,Tnfrsf1b,Cmklr1,Bmp2,Itgb2,Csf2,Eng,Sparcl1,Cidea,Spry2,Csf2ra,Ccl20,Pigr,Sox9,Itga2,Il33,Il2rg	18	203	49	Mutter_02
PerC.macrophage	SBRT_vs_Ctrl	HALLMARK_FATTY_ACID_METABOLISM	MSigDB_Hallmark	exploratory	1.25638166524218	0.192170818505338	0.384341637010676	S100a10,Lgals1,Ldha,Fasn	4	157	11	Mutter_02
PerC.macrophage	SBRT_vs_Ctrl	HALLMARK_UNFOLDED_PROTEIN_RESPONSE	MSigDB_Hallmark	exploratory	1.30780893634724	0.187613843351548	0.384341637010676	Xbp1,Ccl2,Hsp90b1	3	113	6	Mutter_02
PerC.macrophage	SBRT_vs_Ctrl	HALLMARK_GLYCOLYSIS	MSigDB_Hallmark	exploratory	1.22211701837572	0.226252158894646	0.435744898611911	Stmn1,Ier3,Col5a1,Ppia,Ldha	5	200	18	Mutter_02
PerC.macrophage	SBRT_vs_Ctrl	HALLMARK_ANDROGEN_RESPONSE	MSigDB_Hallmark	exploratory	1.17163413791594	0.270689655172414	0.439870689655172	Ccnd1,Akt1,Krt8,Selenop,Krt19,Maf	6	112	17	Mutter_02
PerC.macrophage	SBRT_vs_Ctrl	HALLMARK_DNA_REPAIR	MSigDB_Hallmark	exploratory	1.20704701084842	0.269811320754717	0.439870689655172	Pcna,Trp53	2	150	5	Mutter_02
PerC.macrophage	SBRT_vs_Ctrl	HALLMARK_INFLAMMATORY_RESPONSE	MSigDB_Hallmark	exploratory	-1.11820222046327	0.261016949152542	0.439870689655172	Cdkn1a,Ccrl2,Inhba,Cxcl9,Tnfrsf1b,Cmklr1,Clec5a,Icosl,Tnfsf15,Cd14,Cd69,Acvr1b,Rgs1,Il12b,Ptger4,Tnfrsf9,Nlrp3,Ccl20,Cd40	19	201	86	Mutter_02
PerC.macrophage	SBRT_vs_Ctrl	HALLMARK_REACTIVE_OXYGEN_SPECIES_PATHWAY	MSigDB_Hallmark	exploratory	-1.21873124765919	0.264830508474576	0.439870689655172	Junb,Gpx3,Mpo	3	48	5	Mutter_02
PerC.macrophage	SBRT_vs_Ctrl	HALLMARK_TGF_BETA_SIGNALING	MSigDB_Hallmark	exploratory	-1.15949246033982	0.25952380952381	0.439870689655172	Smad3,Junb,Bmp2,Tgfbr1,Thbs1,Eng	6	54	15	Mutter_02
PerC.macrophage	SBRT_vs_Ctrl	HALLMARK_ANGIOGENESIS	MSigDB_Hallmark	exploratory	1.11509939741096	0.31551724137931	0.49717868338558	Pf4,Col3a1,S100a4,Col5a2	4	36	19	Mutter_02
PerC.macrophage	SBRT_vs_Ctrl	HALLMARK_MYOGENESIS	MSigDB_Hallmark	exploratory	1.06991109727075	0.328025477707006	0.501686024728363	Col1a1,Gsn,Col6a2,Col3a1,Clu,Myl7,Col6a3,Gadd45b,Itgb5,Col15a1,Tgfb1	11	201	39	Mutter_02
PerC.macrophage	SBRT_vs_Ctrl	HALLMARK_SPERMATOGENESIS	MSigDB_Hallmark	exploratory	-1.13609853070569	0.339955849889625	0.505077262693157	Mtor,Ace,Il12rb2,Cdkn3	4	135	6	Mutter_02
PerC.macrophage	SBRT_vs_Ctrl	HALLMARK_ALLOGRAFT_REJECTION	MSigDB_Hallmark	exploratory	1.03240121035074	0.39612188365651	0.542061525003645	Mmp9,Il4ra,Pf4,Gzmb,Srgn,Akt1,Csk,Cxcr3,Fasl,Ccr5,Ccl2,Ifngr2,Ccr1,Il1b,Ptprc,Jak2,Il10,Il15,Eif5a,Tlr3,Tnf,Tgfb1,Cd3e,Fyb,Cd40lg,Il18	26	201	102	Mutter_02
PerC.macrophage	SBRT_vs_Ctrl	HALLMARK_INTERFERON_ALPHA_RESPONSE	MSigDB_Hallmark	exploratory	1.05690969374566	0.39041095890411	0.542061525003645	Il4ra,Ifitm1,Lamp3,Il15,Sell,Ifih1	6	100	23	Mutter_02
PerC.macrophage	SBRT_vs_Ctrl	TypeI_interferon	project	primary	1.08620836493455	0.387272727272727	0.542061525003645	Ifitm1	1	19	7	Mutter_02
PerC.macrophage	SBRT_vs_Ctrl	HALLMARK_WNT_BETA_CATENIN_SIGNALING	MSigDB_Hallmark	exploratory	1.05178825513075	0.412371134020619	0.549828178694158	Ctnnb1,Trp53,Rbpj,Jag1,Fzd1,Dll1,Hdac5,Ppard,Notch1,Myc	10	42	15	Mutter_02
PerC.macrophage	SBRT_vs_Ctrl	HALLMARK_APICAL_SURFACE	MSigDB_Hallmark	exploratory	-1.00203902648516	0.454751131221719	0.549931600547196	Efna5,Hspb1,Gata3,Il2rg	4	44	10	Mutter_02
PerC.macrophage	SBRT_vs_Ctrl	HALLMARK_HEDGEHOG_SIGNALING	MSigDB_Hallmark	exploratory	-1.03712318850027	0.451271186440678	0.549931600547196	Cntfr,Vegfa,Celsr1,Hey1	4	36	5	Mutter_02
PerC.macrophage	SBRT_vs_Ctrl	HALLMARK_HYPOXIA	MSigDB_Hallmark	exploratory	-1.02446397027287	0.438502673796791	0.549931600547196	Cdkn1a,Cxcr4,Plac8,Fos,Inha,Dusp1,Ddit3,Atf3,Efna1,Bcl2,Egfr	11	200	39	Mutter_02
PerC.macrophage	SBRT_vs_Ctrl	HALLMARK_PI3K_AKT_MTOR_SIGNALING	MSigDB_Hallmark	exploratory	-1.02258971812233	0.424460431654676	0.549931600547196	Cdkn1a,Cxcr4	2	105	16	Mutter_02
PerC.macrophage	SBRT_vs_Ctrl	HALLMARK_PANCREAS_BETA_CELLS	MSigDB_Hallmark	exploratory	-1.03124552580102	0.471861471861472	0.557654466745376	Gcg	1	40	4	Mutter_02
PerC.macrophage	SBRT_vs_Ctrl	HALLMARK_IL2_STAT5_SIGNALING	MSigDB_Hallmark	exploratory	0.951553146040867	0.530551415797318	0.599753774379576	Il4ra,Xbp1,Ahr,Itga6,Col6a1,Igf2r,Cd81,Gadd45b,Il10,Cd48,Sell,Spry4,Igf1r,Cd44	14	199	58	Mutter_02
PerC.macrophage	SBRT_vs_Ctrl	HALLMARK_MTORC1_SIGNALING	MSigDB_Hallmark	exploratory	0.960924085139932	0.525573192239859	0.599753774379576	Xbp1,Ldlr,Ppia,Ldha,Serpinh1,Hsp90b1	6	201	14	Mutter_02
PerC.macrophage	SBRT_vs_Ctrl	HALLMARK_ADIPOGENESIS	MSigDB_Hallmark	exploratory	-0.855558665105514	0.66824644549763	0.726234567901235	Cd36,Lep,Sparcl1,Cidea	4	200	19	Mutter_02
PerC.macrophage	SBRT_vs_Ctrl	HALLMARK_OXIDATIVE_PHOSPHORYLATION	MSigDB_Hallmark	exploratory	0.833268881606719	0.67037037037037	0.726234567901235	Glud1,Ldha	2	199	4	Mutter_02
PerC.macrophage	SBRT_vs_Ctrl	HALLMARK_HEME_METABOLISM	MSigDB_Hallmark	exploratory	0.732443459558159	0.78	0.8112	Aqp3,Slc2a1,Myl4,Lamp2,Epor,Nr3c1,Ackr1	7	194	7	Mutter_02
PerC.macrophage	SBRT_vs_Ctrl	HALLMARK_XENOBIOTIC_METABOLISM	MSigDB_Hallmark	exploratory	-0.774364865866141	0.776442307692308	0.8112	Cd36,Fas,Esr1,Tgfb2,Reg1,Epha2,Hsd17b2	7	203	20	Mutter_02
PerC.macrophage	SBRT_vs_Ctrl	HALLMARK_APICAL_JUNCTION	MSigDB_Hallmark	exploratory	0.716732735487819	0.907232704402516	0.925021580959428	Mmp9,Pfn1,Cdh1	3	199	38	Mutter_02
PerC.macrophage	SBRT_vs_Ctrl	HALLMARK_BILE_ACID_METABOLISM	MSigDB_Hallmark	exploratory	0.452877197574129	0.989071038251366	0.989071038251366	Rxra,Ar	2	112	6	Mutter_02
Pericyte	MBRT_vs_Ctrl	HALLMARK_EPITHELIAL_MESENCHYMAL_TRANSITION	MSigDB_Hallmark	exploratory	2.12139213236854	1.59184080184841e-06	8.27757216961175e-05	Acta2,Col5a1,Itga5,Serpinh1,Col1a1,Col3a1,Col5a3,Col5a2,Col6a3,Tnfrsf11b,Myl9,Bgn,Vcan,Cxcl5,Bmp1,Col6a2,Notch2,Dcn,Mmp14,Wnt5a,Cxcl12,Tpm2,Col1a2,Timp1,Col12a1,Cxcl3,Itgb1,Tgfb1,Fgf2,Pdgfrb,Lum,Mfap5,Col4a1,Gadd45b,Cald1,Col16a1	36	206	72	Mutter_02
Pericyte	MBRT_vs_Ctrl	HALLMARK_ANGIOGENESIS	MSigDB_Hallmark	exploratory	1.69261252934072	0.00840412420745977	0.145671486262636	Fgfr1,Col3a1,Pf4,Col5a2,Vcan,Cxcl5,Timp1,App,Lum	9	36	19	Mutter_02
Pericyte	MBRT_vs_Ctrl	HALLMARK_UV_RESPONSE_DN	MSigDB_Hallmark	exploratory	1.68884901599081	0.00685706298306734	0.145671486262636	Col1a1,Col3a1,Col5a2,Igfbp5,Mapk14,Notch2,Ldlr,Fyn,Col1a2,Rxra,Pdgfrb,Nr3c1,Bmpr1a	13	144	32	Mutter_02
Pericyte	MBRT_vs_Ctrl	HALLMARK_INFLAMMATORY_RESPONSE	MSigDB_Hallmark	exploratory	1.49292531973575	0.011820045512704	0.153660591665152	Rgs1,Ffar2,Itga5,Gpr183,Il1b,Axl,Tnfrsf9,Ifitm1,Cd48,Lamp3,Csf3r,Cxcl5,Il4ra,Ldlr,Mmp14	15	201	86	Mutter_02
Pericyte	MBRT_vs_Ctrl	HALLMARK_INTERFERON_GAMMA_RESPONSE	MSigDB_Hallmark	exploratory	-1.48691981454604	0.0169589443370278	0.158640209370864	Casp3,Ciita,Ifi27,Xcl1,Ifitm2,Cd38,H2-D1,Il2rb,Cd69,Fpr1,Nlrc5,Bst2,H2-Q10,Oas2,H2-Eb1,Tnfsf10,Cd40,Oasl1,Irf4,Tap1,Ido1	21	205	65	Mutter_02
Pericyte	MBRT_vs_Ctrl	HALLMARK_MTORC1_SIGNALING	MSigDB_Hallmark	exploratory	1.63841742206676	0.018304639542792	0.158640209370864	Serpinh1,Igfbp5,Xbp1,Ldlr,Ldha,Cxcr4	6	201	14	Mutter_02
Pericyte	MBRT_vs_Ctrl	HALLMARK_NOTCH_SIGNALING	MSigDB_Hallmark	exploratory	1.61506730338984	0.0226548407888834	0.168293103003134	Notch3,Notch2,Wnt5a,Fzd1,Ccnd1,Fzd7	6	32	12	Mutter_02
Pericyte	MBRT_vs_Ctrl	HALLMARK_APICAL_SURFACE	MSigDB_Hallmark	exploratory	-1.43939010442008	0.0715705765407555	0.413518886679921	Gata3,Il2rb,Brca1,Cx3cl1,Ephb4,Efna5	6	44	10	Mutter_02
Pericyte	MBRT_vs_Ctrl	HALLMARK_MYOGENESIS	MSigDB_Hallmark	exploratory	1.41520254486146	0.0636363636363636	0.413518886679921	Gpx3,Col1a1,Col3a1,Col6a3,Apod,Igfbp7,Col6a2,Tpm2,Col15a1,Sorbs1,Itgb1,App,Tgfb1,Fgf2	14	201	39	Mutter_02
Pericyte	MBRT_vs_Ctrl	HALLMARK_DNA_REPAIR	MSigDB_Hallmark	exploratory	-1.38097481938318	0.127083333333333	0.594895863889704	Tyms,Nt5c3	2	150	5	Mutter_02
Pericyte	MBRT_vs_Ctrl	HALLMARK_HYPOXIA	MSigDB_Hallmark	exploratory	1.25389539780573	0.154545454545455	0.594895863889704	Col5a1,Pdgfb,Bgn,Dcn,Vhl,Ldha,Cxcr4,Nr3c1	8	200	39	Mutter_02
Pericyte	MBRT_vs_Ctrl	HALLMARK_PANCREAS_BETA_CELLS	MSigDB_Hallmark	exploratory	-1.36198744142537	0.143737166324435	0.594895863889704	Sst,Dpp4,Gcg	3	40	4	Mutter_02
Pericyte	MBRT_vs_Ctrl	HALLMARK_PEROXISOME	MSigDB_Hallmark	exploratory	-1.32289206021148	0.160164271047228	0.594895863889704	Sod1,Ttr	2	102	4	Mutter_02
Pericyte	MBRT_vs_Ctrl	HALLMARK_TGF_BETA_SIGNALING	MSigDB_Hallmark	exploratory	-1.33943390226321	0.118997912317328	0.594895863889704	Junb,Tgfbr1,Hdac1,Smad3,Bmp2,Eng	6	54	15	Mutter_02
Pericyte	MBRT_vs_Ctrl	DNA_Damage_Repair	project	primary	-1.19837169870036	0.246520874751491	0.607003891050584	Bax,Atm,Atr,Brca1	4	18	10	Mutter_02
Pericyte	MBRT_vs_Ctrl	HALLMARK_E2F_TARGETS	MSigDB_Hallmark	exploratory	-1.1352737974524	0.247881355932203	0.607003891050584	Tubb5,Mlh1,Brca1,Birc5,Msh2,Cdkn3,Chek1	7	200	20	Mutter_02
Pericyte	MBRT_vs_Ctrl	HALLMARK_FATTY_ACID_METABOLISM	MSigDB_Hallmark	exploratory	1.17211873847989	0.256809338521401	0.607003891050584	Ldha,S100a10,Fasn,Ppara,Lgals1	5	157	11	Mutter_02
Pericyte	MBRT_vs_Ctrl	HALLMARK_G2M_CHECKPOINT	MSigDB_Hallmark	exploratory	1.22667790116944	0.186567164179104	0.607003891050584	Mapk14,Notch2,Abl1,Ccnd1,Tgfb1,Mki67,Hif1a	7	198	23	Mutter_02
Pericyte	MBRT_vs_Ctrl	HALLMARK_KRAS_SIGNALING_DN	MSigDB_Hallmark	exploratory	-1.1863968252662	0.208421052631579	0.607003891050584	Krt15,Fgfr3,Cntfr,Il12b,Tcl1,Cpb1,Cd80,Ryr2	8	202	19	Mutter_02
Pericyte	MBRT_vs_Ctrl	HALLMARK_P53_PATHWAY	MSigDB_Hallmark	exploratory	-1.17090471914603	0.214601769911504	0.607003891050584	Itgb4,Acvr1b,Tm4sf1,Tsc22d1,Bmp2,Bax,Fgf13,Notch1,Tnfsf9,Krt17,Tap1,Rack1,Inhbb,Atf3,Fos,Ndrg1,Epha2,S100a4	18	199	39	Mutter_02
Pericyte	MBRT_vs_Ctrl	HALLMARK_SPERMATOGENESIS	MSigDB_Hallmark	exploratory	-1.27026740371616	0.202479338842975	0.607003891050584	Ace,Cdkn3,Scg5	3	135	6	Mutter_02
Pericyte	MBRT_vs_Ctrl	TypeII_interferon	project	primary	-1.23252763736677	0.225609756097561	0.607003891050584	Ciita,H2-Eb1,H2-Aa,H2-Ab1,Cxcl9,Stat1	6	17	8	Mutter_02
Pericyte	MBRT_vs_Ctrl	HALLMARK_ADIPOGENESIS	MSigDB_Hallmark	exploratory	1.11011538275931	0.307400379506641	0.694992162362841	Gpx3,Apoe,Col15a1,Sorbs1,Stat5a,Col4a1,Angpt1	7	200	19	Mutter_02
Pericyte	MBRT_vs_Ctrl	HALLMARK_UNFOLDED_PROTEIN_RESPONSE	MSigDB_Hallmark	exploratory	1.10725728245616	0.332046332046332	0.719433719433719	Xbp1	1	113	6	Mutter_02
Pericyte	MBRT_vs_Ctrl	HALLMARK_APICAL_JUNCTION	MSigDB_Hallmark	exploratory	1.06166275355018	0.359116022099448	0.727121694586737	Tnfrsf11b,Myl9,Vcan,Pfn1,Bmp1,Fyb,Mapk14,Itgb1,Syk,Cdh1,Ptprc,Col16a1,Actg2,Cdh11	14	199	38	Mutter_02
Pericyte	MBRT_vs_Ctrl	HALLMARK_BILE_ACID_METABOLISM	MSigDB_Hallmark	exploratory	-1.04301463562332	0.40495867768595	0.727121694586737	Sod1,Ttr,Apoa1	3	112	6	Mutter_02
Pericyte	MBRT_vs_Ctrl	HALLMARK_COAGULATION	MSigDB_Hallmark	exploratory	1.02098496877231	0.41923774954628	0.727121694586737	Pf4,Pdgfb,Bmp1,Mmp14,Fyn,Timp1	6	139	28	Mutter_02
Pericyte	MBRT_vs_Ctrl	HALLMARK_COMPLEMENT	MSigDB_Hallmark	exploratory	1.01350149993383	0.413854351687389	0.727121694586737	S100a9,Pdgfb,Pfn1,Calm1,Mmp14,Fyn,Timp1,Mmp12,Cxcl3,Calm3,C1qc,Gzmb,Ccl5	13	196	42	Mutter_02
Pericyte	MBRT_vs_Ctrl	HALLMARK_ESTROGEN_RESPONSE_LATE	MSigDB_Hallmark	exploratory	1.03031504065252	0.42	0.727121694586737	Fabp5,S100a9,Xbp1,Il6st,Cxcl12,Ccnd1,Fkbp5,Celsr2,Cdh1	9	206	35	Mutter_02
Pericyte	MBRT_vs_Ctrl	HALLMARK_PROTEIN_SECRETION	MSigDB_Hallmark	exploratory	-1.06369005118671	0.367219917012448	0.727121694586737	Sod1	1	96	9	Mutter_02
Pericyte	MBRT_vs_Ctrl	HALLMARK_UV_RESPONSE_UP	MSigDB_Hallmark	exploratory	-1.01090242153093	0.433476394849785	0.727121694586737	Casp3,Junb,Rxrb,Fgf18,H2-Q1,Bmp2	6	158	24	Mutter_02
Pericyte	MBRT_vs_Ctrl	HALLMARK_GLYCOLYSIS	MSigDB_Hallmark	exploratory	0.98598461663586	0.478011472275335	0.776768642447419	Col5a1,Vcan,Dcn,Ldha,Cxcr4	5	200	18	Mutter_02
Pericyte	MBRT_vs_Ctrl	HALLMARK_HEDGEHOG_SIGNALING	MSigDB_Hallmark	exploratory	0.913556864302237	0.576628352490421	0.866152934202727	Adgrg1	1	36	5	Mutter_02
Pericyte	MBRT_vs_Ctrl	HALLMARK_MYC_TARGETS_V1	MSigDB_Hallmark	exploratory	-0.89845629566998	0.58298755186722	0.866152934202727	Tyms,Rack1,Hsp90ab1	3	201	9	Mutter_02
Pericyte	MBRT_vs_Ctrl	HALLMARK_PI3K_AKT_MTOR_SIGNALING	MSigDB_Hallmark	exploratory	0.894803015554081	0.574952561669829	0.866152934202727	Pfn1,Cxcr4,Rac1,Akt1,Tnfrsf1a,Fasl,Hsp90b1	7	105	16	Mutter_02
Pericyte	MBRT_vs_Ctrl	HALLMARK_APOPTOSIS	MSigDB_Hallmark	exploratory	-0.814094891373295	0.810810810810811	0.963894261766602	Casp3,Erbb2,Sod1,Cd38,Ifngr1,Cflar,Cd69,Bmp2,Bax,Brca1,Ptk2,Mmp2,Sqstm1,Tnfsf10,Prf1,Clu,Tap1,Cd2	18	160	64	Mutter_02
Pericyte	MBRT_vs_Ctrl	HALLMARK_CHOLESTEROL_HOMEOSTASIS	MSigDB_Hallmark	exploratory	0.825861636444782	0.705769230769231	0.963894261766602	Fabp5,Ldlr	2	75	13	Mutter_02
Pericyte	MBRT_vs_Ctrl	HALLMARK_ESTROGEN_RESPONSE_EARLY	MSigDB_Hallmark	exploratory	0.816570571362204	0.75092936802974	0.963894261766602	Xbp1,Il6st,Cxcl12,Ccnd1,Fkbp5,Celsr2,Muc1,Ar,Fasn,Cd44	10	200	33	Mutter_02
Pericyte	MBRT_vs_Ctrl	HALLMARK_IL2_STAT5_SIGNALING	MSigDB_Hallmark	exploratory	0.830099884025267	0.792929292929293	0.963894261766602	Tnfrsf9,Cd48,Xbp1,Il4ra,Spry4,Col6a1,Icos,Ctla4,Muc1,Csf1,Gadd45b,Il10ra,Il10,Cd44,Il3ra,Il1r2,Etv4,Igf2r,Cd81,Tnfrsf21	20	199	58	Mutter_02
Pericyte	MBRT_vs_Ctrl	HALLMARK_IL6_JAK_STAT3_SIGNALING	MSigDB_Hallmark	exploratory	0.816645148892805	0.78956228956229	0.963894261766602	Il1b,Pf4,Tnf,Csf3r,Il4ra,Il6st,Cxcl3,Tgfb1,Il7,Csf1,Reg1,Ifngr2,Ccr1,Cd44,Il3ra,Il17ra,Il1r2,Tnfrsf1a,Tnfrsf21	19	88	56	Mutter_02
Pericyte	MBRT_vs_Ctrl	HALLMARK_KRAS_SIGNALING_UP	MSigDB_Hallmark	exploratory	-0.816618530886912	0.815602836879433	0.963894261766602	Sox9,Ace,Slpi,Spry2,Pecam1,Bmp2,Igf2,Eng,Cd37,Ets1,Itga2,Scg5,Csf2,Pigr,Igfbp3,Itgb2,Pdcd1lg2,Inhba,Dusp6	19	203	49	Mutter_02
Pericyte	MBRT_vs_Ctrl	HALLMARK_MITOTIC_SPINDLE	MSigDB_Hallmark	exploratory	0.771182667413311	0.772373540856031	0.963894261766602	Notch2,Abl1	2	199	11	Mutter_02
Pericyte	MBRT_vs_Ctrl	HALLMARK_REACTIVE_OXYGEN_SPECIES_PATHWAY	MSigDB_Hallmark	exploratory	0.817876693329083	0.704980842911877	0.963894261766602	Gpx3,Fes	2	48	5	Mutter_02
Pericyte	MBRT_vs_Ctrl	TypeI_interferon	project	primary	0.723393803494019	0.805019305019305	0.963894261766602	Ifitm1	1	19	7	Mutter_02
Pericyte	MBRT_vs_Ctrl	HALLMARK_ALLOGRAFT_REJECTION	MSigDB_Hallmark	exploratory	0.770718338350207	0.908653846153846	0.976077787436814	Il1b,Pf4,Ly75,Tnf,Ifnar2,Srgn,Ccl11,Cxcr3,Il4ra,Fyb,Cd4,Ccr2,Timp1,Csk,Ccr5,Tgfb1,Hif1a,Il7,Csf1,Gzmb,Ptprc,Ccl5,Ifngr2,Il10,Ccr1	25	201	102	Mutter_02
Pericyte	MBRT_vs_Ctrl	HALLMARK_HEME_METABOLISM	MSigDB_Hallmark	exploratory	-0.582247943632182	0.946280991735537	0.976077787436814	Epor,Aqp3,Ackr1	3	194	7	Mutter_02
Pericyte	MBRT_vs_Ctrl	HALLMARK_INTERFERON_ALPHA_RESPONSE	MSigDB_Hallmark	exploratory	-0.760538951343032	0.858369098712446	0.976077787436814	Ifi27,Ifitm2,Ccrl2,Bst2,H2-Q10,Oasl1,Tap1	7	100	23	Mutter_02
Pericyte	MBRT_vs_Ctrl	HALLMARK_OXIDATIVE_PHOSPHORYLATION	MSigDB_Hallmark	exploratory	-0.581022911922845	0.930184804928131	0.976077787436814	Bax	1	199	4	Mutter_02
Pericyte	MBRT_vs_Ctrl	HALLMARK_TNFA_SIGNALING_VIA_NFKB	MSigDB_Hallmark	exploratory	0.706861340433361	0.957307060755337	0.976077787436814	Gpr183,Il1b,Tnfrsf9,Tnf,Cxcl5,Ldlr,Il6st,Rigi,Stat5a,Ccnd1,Cxcl3	11	199	76	Mutter_02
Pericyte	MBRT_vs_Ctrl	HALLMARK_WNT_BETA_CATENIN_SIGNALING	MSigDB_Hallmark	exploratory	-0.684143043669307	0.908141962421712	0.976077787436814	Fzd8,Notch1,Hdac5,Rbpj,Dll1	5	42	15	Mutter_02
Pericyte	MBRT_vs_Ctrl	HALLMARK_XENOBIOTIC_METABOLISM	MSigDB_Hallmark	exploratory	-0.647959271653128	0.947033898305085	0.976077787436814	Hsd17b2,Ptgds,Ptges,Cd36,Esr1	5	203	20	Mutter_02
Pericyte	MBRT_vs_Ctrl	HALLMARK_ANDROGEN_RESPONSE	MSigDB_Hallmark	exploratory	-0.462754374821573	0.993788819875776	0.993788819875776	Itgav,Tsc22d1,Krt19,Mertk,Ndrg1,B2m,Krt8,Myl12a	8	112	17	Mutter_02
Pericyte	MBRT_vs_SBRT	HALLMARK_EPITHELIAL_MESENCHYMAL_TRANSITION	MSigDB_Hallmark	exploratory	-2.12877065114335	1.15837102594843e-06	6.02352933493182e-05	Col5a3,Igfbp3,Col16a1,Tpm2,Acta2,Col1a1,Col1a2,Col5a1,Thbs1,Dst,Col6a3,Mfap5,Myl9,Col6a2,Tagln,Tpm1,Serpinh1,Col12a1,Gadd45b,Cdh11,Itga5,Vim,Lgals1,Thbs2,Tnfrsf12a	25	206	72	Mutter_02
Pericyte	MBRT_vs_SBRT	HALLMARK_INTERFERON_GAMMA_RESPONSE	MSigDB_Hallmark	exploratory	1.867452112342	0.000271841992077187	0.00706789179400686	Cdkn1a,Cmklr1,Cd40,Ccl5,Cd274,Rigi,Il10ra,Stat4,Mt2,Cd69,Klrk1,Il2rb,Nfkbia,Il6,Cxcl9,Oas2,Fas,Ido1,Cxcl10,Cd86,Lgals3bp,Ifi44l,Vcam1,Ptgs2	24	205	65	Mutter_02
Pericyte	MBRT_vs_SBRT	HALLMARK_P53_PATHWAY	MSigDB_Hallmark	exploratory	1.87894469956636	0.000941005123013146	0.0125909616754952	Cdkn1a,Tnfsf9,Inhbb,Il1a,Sat1,Serpinb5,Bax,Krt17,Acvr1b,Bmp2	10	199	39	Mutter_02
Pericyte	MBRT_vs_SBRT	HALLMARK_TNFA_SIGNALING_VIA_NFKB	MSigDB_Hallmark	exploratory	1.68430841932928	0.000968535513499631	0.0125909616754952	Cdkn1a,Cflar,Tnfsf9,Cd83,Cd80,Il1a,Sat1,Ccl5,Cxcl5,Csf2,Ccrl2,Rigi,Bmp2,Olr1,Cd69,Tnf,Dusp4,Ackr3,Nfkbia,Il6	20	199	76	Mutter_02
Pericyte	MBRT_vs_SBRT	HALLMARK_IL6_JAK_STAT3_SIGNALING	MSigDB_Hallmark	exploratory	1.77531741729322	0.00138612356481217	0.0144156850740466	Csf3r,Cd14,Tnfrsf1b,Csf2,Acvr1b,Il17rb,Il17ra,Acvrl1,Il13ra1,Ltb,Tnf,Il18r1,Il6,Cxcl9,Il10rb,Tnfrsf21,Fas,Cntfr,Pdgfc,Cxcl10,Cxcl1,Tgfb1,Pf4,Il2rg,Cd36,Cxcl3,Il7,Csf1,Osmr,Il1r2,Csf2ra,Il15ra,Il1b,Il12rb1	34	88	56	Mutter_02
Pericyte	MBRT_vs_SBRT	HALLMARK_G2M_CHECKPOINT	MSigDB_Hallmark	exploratory	-1.6996387143502	0.00475230905944684	0.0323536274981786	Top2a,Mki67,Nusap1,Pttg1,Stmn1,Ube2c,Ccnd1,Birc5,Chek1,Notch2,Ezh2	11	198	23	Mutter_02
Pericyte	MBRT_vs_SBRT	HALLMARK_INFLAMMATORY_RESPONSE	MSigDB_Hallmark	exploratory	1.60397715025244	0.00400017368878389	0.0323536274981786	Cdkn1a,Csf3r,Cmklr1,Cd40,Tnfsf9,Il1a,Cd14,Ccl5,Tnfrsf1b,Best1,Cxcl5,Ccrl2,Acvr1b,Il10ra,Msr1,Olr1,Cd69,Il2rb,Il18r1,Nfkbia,Il6,Cxcl9	22	201	86	Mutter_02
Pericyte	MBRT_vs_SBRT	HALLMARK_PROTEIN_SECRETION	MSigDB_Hallmark	exploratory	-1.76556551340105	0.00497748115356594	0.0323536274981786	Ica1,Dst,Krt18,Sod1	4	96	9	Mutter_02
Pericyte	MBRT_vs_SBRT	HALLMARK_MITOTIC_SPINDLE	MSigDB_Hallmark	exploratory	-1.70201826897754	0.00961127748074834	0.0555318254443237	Top2a,Nusap1,Dst,Birc5,Ezr,Gsn,Notch2,Plekhg2	8	199	11	Mutter_02
Pericyte	MBRT_vs_SBRT	HALLMARK_KRAS_SIGNALING_UP	MSigDB_Hallmark	exploratory	1.509960203791	0.011338564183789	0.0572186352783624	Cxcr4,Cmklr1,Cidea,Tnfrsf1b,Csf2,Il10ra,Bmp2,Fgf9,Pdcd1lg2,Il33,Cxcl10,Il7r,Ccl20,Ptgs2,Il2rg,Etv4,Ace,Spry2,Csf2ra,Itgb2,Il1b,Igf2,Scg5,Etv5,Tlr8	25	203	49	Mutter_02
Pericyte	MBRT_vs_SBRT	HALLMARK_UV_RESPONSE_DN	MSigDB_Hallmark	exploratory	-1.65600404882716	0.0121039420781151	0.0572186352783624	Col1a1,Ica1,Col1a2,Ldlr,Adgrl2,Nfkb1,Fyn,Anxa2,Notch2,Tgfbr2,Cav1,Col5a2,Myc,Pparg,Snai2,Col3a1,Pdgfrb	17	144	32	Mutter_02
Pericyte	MBRT_vs_SBRT	HALLMARK_E2F_TARGETS	MSigDB_Hallmark	exploratory	-1.53004857295237	0.0436657453473811	0.174662981389524	Top2a,Hmgb2,Mki67,Pttg1,Stmn1,Dnmt1,Pcna,Birc5,Mlh1,Chek1,Tubb5	11	200	20	Mutter_02
Pericyte	MBRT_vs_SBRT	HALLMARK_PI3K_AKT_MTOR_SIGNALING	MSigDB_Hallmark	exploratory	1.49984741481879	0.0435937022817096	0.174662981389524	Cdkn1a,Cxcr4	2	105	16	Mutter_02
Pericyte	MBRT_vs_SBRT	HALLMARK_ALLOGRAFT_REJECTION	MSigDB_Hallmark	exploratory	1.28981118476901	0.0694245906580111	0.23622597553873	Ccl11,Cd40,Inhbb,Cd80,Ccr2,Ccl5,Cd28,Fgr,Itgal,Itk,Stat4,Ltb,Il2rb,Tnf,Il6,Cxcl9,H2-T23,Fas,Il2,Tap2,Cd8b1,Ifng,Cd86,Tgfb1,Ccl4,Pf4,Il2rg,Icosl,Il7,Csf1,Ifnar2,Itgb2,H2-DMb1,Srgn,Il1b,Timp1,Tap1,Il12rb1	38	201	102	Mutter_02
Pericyte	MBRT_vs_SBRT	HALLMARK_COAGULATION	MSigDB_Hallmark	exploratory	-1.41099255939032	0.0724137931034483	0.23622597553873	Thbs1,Clu,Fyn,Gsn,Dusp6,Anxa1,Dpp4,Cd9,Mmp14,Pecam1,Mmp7,Rac1,Cfd	13	139	28	Mutter_02
Pericyte	MBRT_vs_SBRT	HALLMARK_MYOGENESIS	MSigDB_Hallmark	exploratory	-1.38034982246492	0.0732984293193717	0.23622597553873	Igfbp3,Tpm2,Col1a1,Sorbs1,Clu,Col6a3,Col6a2,Tagln,Gadd45b,Gsn,Myl7,Tnnc1,Itgb4	13	201	39	Mutter_02
Pericyte	MBRT_vs_SBRT	HALLMARK_PEROXISOME	MSigDB_Hallmark	exploratory	-1.39695954973025	0.0772277227722772	0.23622597553873	Top2a,Sod1	2	102	4	Mutter_02
Pericyte	MBRT_vs_SBRT	HALLMARK_MYC_TARGETS_V1	MSigDB_Hallmark	exploratory	-1.44032748520578	0.0883458646616541	0.255221386800334	Pcna,Ppia,Ldha,Myc,Rack1,Ptges3	6	201	9	Mutter_02
Pericyte	MBRT_vs_SBRT	HALLMARK_UNFOLDED_PROTEIN_RESPONSE	MSigDB_Hallmark	exploratory	-1.3878510146916	0.0940959409594096	0.257525733152068	Xbp1,Hsp90b1,Vegfa	3	113	6	Mutter_02
Pericyte	MBRT_vs_SBRT	HALLMARK_GLYCOLYSIS	MSigDB_Hallmark	exploratory	-1.39583691278531	0.108202443280977	0.275770633079218	Igfbp3,Col5a1,Stmn1,Ppia,Sod1,Ier3,Ldha,Vegfa,Cd44,Sox9	10	200	18	Mutter_02
Pericyte	MBRT_vs_SBRT	HALLMARK_KRAS_SIGNALING_DN	MSigDB_Hallmark	exploratory	1.35983479996698	0.111368909512761	0.275770633079218	Cd80,Krt13,Krt4,Cntfr,Ifng,Ifi44l,Tcl1,Krt15,Egf,Fgfr3	10	202	19	Mutter_02
Pericyte	MBRT_vs_SBRT	HALLMARK_CHOLESTEROL_HOMEOSTASIS	MSigDB_Hallmark	exploratory	-1.38836140943044	0.123411978221416	0.291701039432437	Ldlr,Clu,Alcam,Jag1,Tnfrsf12a,Fasn,Ctnnb1,Cd9,Pparg	9	75	13	Mutter_02
Pericyte	MBRT_vs_SBRT	DNA_Damage_Repair	project	primary	1.28093587098326	0.178649237472767	0.39426523297491	Cdkn1a,Bax	2	18	10	Mutter_02
Pericyte	MBRT_vs_SBRT	HALLMARK_APICAL_JUNCTION	MSigDB_Hallmark	exploratory	-1.22783649800326	0.186206896551724	0.39426523297491	Actg2,Col16a1,Cd276,Myl9,Cdh1,Cdh11	6	199	38	Mutter_02
Pericyte	MBRT_vs_SBRT	HALLMARK_MTORC1_SIGNALING	MSigDB_Hallmark	exploratory	1.23336347968662	0.18961625282167	0.39426523297491	Cdkn1a,Cxcr4	2	201	14	Mutter_02
Pericyte	MBRT_vs_SBRT	HALLMARK_TGF_BETA_SIGNALING	MSigDB_Hallmark	exploratory	-1.25672877348333	0.197132616487455	0.39426523297491	Hdac1,Thbs1,Cdh1	3	54	15	Mutter_02
Pericyte	MBRT_vs_SBRT	TypeI_interferon	project	primary	1.2298714835894	0.238512035010941	0.459356511872923	Mx1,Oas2	2	19	7	Mutter_02
Pericyte	MBRT_vs_SBRT	HALLMARK_REACTIVE_OXYGEN_SPECIES_PATHWAY	MSigDB_Hallmark	exploratory	-1.19473438790706	0.275728155339806	0.512066574202497	Fes,Sod1	2	48	5	Mutter_02
Pericyte	MBRT_vs_SBRT	HALLMARK_ADIPOGENESIS	MSigDB_Hallmark	exploratory	-1.12997534871982	0.30122591943958	0.53015873015873	Sorbs1,Ifngr1,Sod1,Fabp4,Vegfb,Col4a1,Col15a1,Pparg,Stat5a	9	200	19	Mutter_02
Pericyte	MBRT_vs_SBRT	HALLMARK_FATTY_ACID_METABOLISM	MSigDB_Hallmark	exploratory	-1.13590835909648	0.305860805860806	0.53015873015873	Lgals1,S100a10,Ldha,Hsp90aa1,Fasn	5	157	11	Mutter_02
Pericyte	MBRT_vs_SBRT	HALLMARK_ESTROGEN_RESPONSE_EARLY	MSigDB_Hallmark	exploratory	-1.05544317601167	0.338568935427574	0.56792208523335	Krt8,Krt18,Xbp1,Ccnd1,Muc1,Aqp3,Krt19,Cd44,Fasn,Myc,Dhrs2,Jak2	12	200	33	Mutter_02
Pericyte	MBRT_vs_SBRT	HALLMARK_APOPTOSIS	MSigDB_Hallmark	exploratory	-1.00137406524742	0.464285714285714	0.718467852257182	Top2a,Hmgb2,Clu,Krt18,Casp3,Lmna,Fasl,Gadd45b,Ccnd1,Ifngr1,Tgfb2,Sod1,Tnfrsf12a,Gsn,Ier3,Rela	16	160	64	Mutter_02
Pericyte	MBRT_vs_SBRT	HALLMARK_UV_RESPONSE_UP	MSigDB_Hallmark	exploratory	0.982943246495632	0.469767441860465	0.718467852257182	H2-Q1,Bmp2,Nfkbia,Il6,Bid,Fgf18,Cxcl1	7	158	24	Mutter_02
Pericyte	MBRT_vs_SBRT	TypeII_interferon	project	primary	0.985354238843635	0.464208242950109	0.718467852257182	Cxcl9,Cxcl10	2	17	8	Mutter_02
Pericyte	MBRT_vs_SBRT	HALLMARK_ESTROGEN_RESPONSE_LATE	MSigDB_Hallmark	exploratory	-0.979352745045118	0.491379310344828	0.730049261083744	Top2a,Xbp1,Cdh1,Ccnd1,Krt19,Tnnc1,Cav1,Cd44,Cd9,Dhrs2,Jak2	11	206	35	Mutter_02
Pericyte	MBRT_vs_SBRT	HALLMARK_BILE_ACID_METABOLISM	MSigDB_Hallmark	exploratory	-0.965230475248383	0.509225092250923	0.735547355473555	Sod1,Gc,Ttr,Ar	4	112	6	Mutter_02
Pericyte	MBRT_vs_SBRT	HALLMARK_HEDGEHOG_SIGNALING	MSigDB_Hallmark	exploratory	0.954880831814365	0.525667351129363	0.738775736722349	Adgrg1,Cntfr	2	36	5	Mutter_02
Pericyte	MBRT_vs_SBRT	HALLMARK_HYPOXIA	MSigDB_Hallmark	exploratory	0.94490450497954	0.552447552447552	0.755980861244019	Cdkn1a,Cxcr4	2	200	39	Mutter_02
Pericyte	MBRT_vs_SBRT	HALLMARK_ANDROGEN_RESPONSE	MSigDB_Hallmark	exploratory	-0.898819650585608	0.57439446366782	0.765859284890427	Krt8,Ccnd1,Akt1,Krt19,Myl12a,Tsc22d1,Arid5b,Selenop,B2m	9	112	17	Mutter_02
Pericyte	MBRT_vs_SBRT	HALLMARK_APICAL_SURFACE	MSigDB_Hallmark	exploratory	0.861389986808631	0.655773420479303	0.806201550387597	Il2rb,Efna5,Il2rg,Hspb1	4	44	10	Mutter_02
Pericyte	MBRT_vs_SBRT	HALLMARK_DNA_REPAIR	MSigDB_Hallmark	exploratory	0.876225908262102	0.628336755646817	0.806201550387597	Npr2	1	150	5	Mutter_02
Pericyte	MBRT_vs_SBRT	HALLMARK_IL2_STAT5_SIGNALING	MSigDB_Hallmark	exploratory	-0.880065082594116	0.666666666666667	0.806201550387597	Cd48,Col6a1,Xbp1,Casp3,Alcam,Gadd45b,Ifngr1,Itga6,Spry4,Muc1,Rora	11	199	58	Mutter_02
Pericyte	MBRT_vs_SBRT	HALLMARK_WNT_BETA_CATENIN_SIGNALING	MSigDB_Hallmark	exploratory	0.855431237506143	0.646396396396396	0.806201550387597	Hdac5,Fzd1,Tcf7,Hdac11	4	42	15	Mutter_02
Pericyte	MBRT_vs_SBRT	HALLMARK_NOTCH_SIGNALING	MSigDB_Hallmark	exploratory	-0.817517051834775	0.694139194139194	0.820346320346321	Ccnd1,Jag1,Notch2	3	32	12	Mutter_02
Pericyte	MBRT_vs_SBRT	HALLMARK_COMPLEMENT	MSigDB_Hallmark	exploratory	-0.77669181616024	0.839100346020761	0.953594489883771	Gzmb,Clu,Casp3,Fyn,Calm1,Dusp6,Dusp5,Dpp4,Hspa1a,Mmp14,Src,Jak2	12	196	42	Mutter_02
Pericyte	MBRT_vs_SBRT	HALLMARK_OXIDATIVE_PHOSPHORYLATION	MSigDB_Hallmark	exploratory	-0.683526835389543	0.843564356435644	0.953594489883771	Glud1,Ldha,Atp5e	3	199	4	Mutter_02
Pericyte	MBRT_vs_SBRT	HALLMARK_INTERFERON_ALPHA_RESPONSE	MSigDB_Hallmark	exploratory	0.7393082184427	0.871853546910755	0.964603924241687	Ccrl2,Cxcl10,Lgals3bp,Ifi44l,Il7,Csf1,Tap1,Casp8,Oasl1,Ifih1	10	100	23	Mutter_02
Pericyte	MBRT_vs_SBRT	HALLMARK_ANGIOGENESIS	MSigDB_Hallmark	exploratory	-0.594217222399064	0.971978984238179	0.997987927565392	S100a4,Jag1,Vegfa,Col5a2,Fgfr1,Vcan,Col3a1	7	36	19	Mutter_02
Pericyte	MBRT_vs_SBRT	HALLMARK_HEME_METABOLISM	MSigDB_Hallmark	exploratory	0.496424926128755	0.989059080962801	0.997987927565392	Epor,Nr3c1,Myl4,Lamp2,Ackr1	5	194	7	Mutter_02
Pericyte	MBRT_vs_SBRT	HALLMARK_PANCREAS_BETA_CELLS	MSigDB_Hallmark	exploratory	0.425385108675306	0.997987927565392	0.997987927565392	Gcg	1	40	4	Mutter_02
Pericyte	MBRT_vs_SBRT	HALLMARK_SPERMATOGENESIS	MSigDB_Hallmark	exploratory	0.535231877948431	0.947826086956522	0.997987927565392	Ace,Mtor,Scg5	3	135	6	Mutter_02
Pericyte	MBRT_vs_SBRT	HALLMARK_XENOBIOTIC_METABOLISM	MSigDB_Hallmark	exploratory	0.537361996035394	0.990632318501171	0.997987927565392	Mt2,Fas,Apoe,Hsd17b2,Cd36	5	203	20	Mutter_02
Pericyte	SBRT_vs_Ctrl	HALLMARK_EPITHELIAL_MESENCHYMAL_TRANSITION	MSigDB_Hallmark	exploratory	2.54542870856525	4.76252597689501e-12	2.4765135079854e-10	Acta2,Col5a3,Col5a1,Col1a1,Tpm2,Itga5,Serpinh1,Col6a3,Col1a2,Col16a1,Myl9,Col6a2,Thbs1,Col12a1,Mfap5,Col5a2,Igfbp3,Col3a1,Bgn,Tagln,Notch2,Gadd45b,Cdh11,Dst,Mmp14,Tpm1,Vcan,Lgals1,Cald1,Thbs2,Itgb1,Wnt5a,Col4a1,Cd44	34	206	72	Mutter_02
Pericyte	SBRT_vs_Ctrl	HALLMARK_INTERFERON_GAMMA_RESPONSE	MSigDB_Hallmark	exploratory	-2.12036244931216	4.09373604714337e-06	0.000106437137225728	Cdkn1a,Cd40,Il2rb,Cd69,Cmklr1,Cd274,Cd38,Oas2,Stat4,Fpr1,Ido1,Ifitm2,Ciita,Klrk1,H2-D1,Cxcl9,Tnfsf10,Tap1,Xcl1,Oasl1,Mt2,Vcam1,Fas,Ifi44l,H2-Eb1,Ccl5,Nlrc5,Ptgs2,Irf4,H2-Aa,Ifi27,Nfkbia,Casp8,Il6,Il10ra	35	205	65	Mutter_02
Pericyte	SBRT_vs_Ctrl	HALLMARK_UV_RESPONSE_DN	MSigDB_Hallmark	exploratory	1.84124137535594	0.000842116174155396	0.0145966803520269	Col1a1,Col1a2,Ldlr,Fyn,Col5a2,Ica1,Col3a1,Notch2,Nfkb1,Anxa2,Adgrl2,Tgfbr2,Pdgfrb	13	144	32	Mutter_02
Pericyte	SBRT_vs_Ctrl	HALLMARK_MYOGENESIS	MSigDB_Hallmark	exploratory	1.69897948984442	0.00446584123989808	0.04644474889494	Col1a1,Tpm2,Col6a3,Col6a2,Sorbs1,Gpx3,Igfbp3,Col3a1,Tagln,Gadd45b,Col15a1,Igfbp7,Itgb1,Gsn,Myl7,Clu,Fgf2,Myh11,Apod,Itgb5	20	201	39	Mutter_02
Pericyte	SBRT_vs_Ctrl	HALLMARK_P53_PATHWAY	MSigDB_Hallmark	exploratory	-1.74443081911207	0.00422604294551343	0.04644474889494	Cdkn1a,Acvr1b,Tnfsf9,Inhbb,Bax,Krt17,Bmp2,Il1a	8	199	39	Mutter_02
Pericyte	SBRT_vs_Ctrl	HALLMARK_MITOTIC_SPINDLE	MSigDB_Hallmark	exploratory	1.6264975950132	0.0112684343483656	0.0879794680829659	Top2a,Nusap1,Notch2,Dst,Abl1,Gsn,Plekhg2,Cenpf	8	199	11	Mutter_02
Pericyte	SBRT_vs_Ctrl	HALLMARK_TNFA_SIGNALING_VIA_NFKB	MSigDB_Hallmark	exploratory	-1.46816214777893	0.0118433899342454	0.0879794680829659	Cdkn1a,Cflar,Tnfsf9,Cd83,Ccrl2,Cd80,Bmp2,Clcf1,Cd69,Il1a,Csf2,Ackr3,Sat1,Smad3,Junb,Dusp4	16	199	76	Mutter_02
Pericyte	SBRT_vs_Ctrl	HALLMARK_APICAL_JUNCTION	MSigDB_Hallmark	exploratory	1.52842833603153	0.0331271852349982	0.151706617464001	Actg2,Col16a1,Myl9,Cdh1,Cd276,Cdh11,Vcan,Fyb,Pfn1,Itgb1	10	199	38	Mutter_02
Pericyte	SBRT_vs_Ctrl	HALLMARK_CHOLESTEROL_HOMEOSTASIS	MSigDB_Hallmark	exploratory	1.59570542493011	0.0296704693465546	0.151706617464001	Ldlr,Jag1,Fasn,Clu,Ctnnb1,Tnfrsf12a,Fabp5	7	75	13	Mutter_02
Pericyte	SBRT_vs_Ctrl	HALLMARK_G2M_CHECKPOINT	MSigDB_Hallmark	exploratory	1.62140461622879	0.0299719077667051	0.151706617464001	Top2a,Mki67,Ccnd1,Nusap1,Notch2,Stmn1,Abl1,Pttg1,Ube2c,Cenpf,Chek1,Mapk14,Birc5,Myc,Ezh2	15	198	23	Mutter_02
Pericyte	SBRT_vs_Ctrl	HALLMARK_IL6_JAK_STAT3_SIGNALING	MSigDB_Hallmark	exploratory	-1.37463114411367	0.0350092194147694	0.151706617464001	Acvr1b,Il12rb1,Acvrl1,Csf2,Cd38,Il18r1,Tnfrsf1b,Cntfr,Pdgfc,Cd14,Cd36,Il13ra1,Il17rb,Cxcl9,Tlr2,Csf3r,Fas,Osmr,Il2rg,Csf2ra,Ltb	21	88	56	Mutter_02
Pericyte	SBRT_vs_Ctrl	HALLMARK_PROTEIN_SECRETION	MSigDB_Hallmark	exploratory	1.59018401688741	0.0294330623350887	0.151706617464001	Ica1,Dst,Krt18	3	96	9	Mutter_02
Pericyte	SBRT_vs_Ctrl	HALLMARK_KRAS_SIGNALING_UP	MSigDB_Hallmark	exploratory	-1.44405277554615	0.0419571662466766	0.167828664986706	Ace,Bmp2,Cmklr1,Spry2,Csf2,Cxcr4,Tnfrsf1b,Cidea,Pdcd1lg2,Igf2,Sox9,Il7r,Itgb2,Scg5,Il2rg,Csf2ra,Ccl20,Ptgs2,Il33	19	203	49	Mutter_02
Pericyte	SBRT_vs_Ctrl	HALLMARK_ANGIOGENESIS	MSigDB_Hallmark	exploratory	1.48885786984574	0.0590111642743222	0.219184324447482	Fgfr1,Col5a2,Col3a1,Vcan,Jag1,S100a4,Pf4,Vegfa,App,Lum,Timp1	11	36	19	Mutter_02
Pericyte	SBRT_vs_Ctrl	HALLMARK_GLYCOLYSIS	MSigDB_Hallmark	exploratory	1.47385773882649	0.0638977635782748	0.221512247071353	Col5a1,Igfbp3,Ldha,Stmn1,Vcan,Ppia,Cd44,Ier3	8	200	18	Mutter_02
Pericyte	SBRT_vs_Ctrl	HALLMARK_KRAS_SIGNALING_DN	MSigDB_Hallmark	exploratory	-1.4612121913538	0.0693333333333333	0.225333333333333	Cd80,Krt15,Fgfr3,Cntfr,Krt13,Tcl1,Krt4,Ifi44l,Il12b,Ifng	10	202	19	Mutter_02
Pericyte	SBRT_vs_Ctrl	HALLMARK_NOTCH_SIGNALING	MSigDB_Hallmark	exploratory	1.43599565381346	0.082051282051282	0.243409706824341	Ccnd1,Notch2,Jag1,Wnt5a,Notch3,Fzd7	6	32	12	Mutter_02
Pericyte	SBRT_vs_Ctrl	TypeII_interferon	project	primary	-1.45971636665958	0.0842572062084257	0.243409706824341	Ciita,Cxcl9,H2-Eb1,H2-Aa,Cxcl10	5	17	8	Mutter_02
Pericyte	SBRT_vs_Ctrl	DNA_Damage_Repair	project	primary	-1.4445815876784	0.0928571428571429	0.254135338345865	Cdkn1a,Bax,Atm,Atr	4	18	10	Mutter_02
Pericyte	SBRT_vs_Ctrl	HALLMARK_REACTIVE_OXYGEN_SPECIES_PATHWAY	MSigDB_Hallmark	exploratory	1.40948204144494	0.0979667282809612	0.254713493530499	Fes,Gpx3	2	48	5	Mutter_02
Pericyte	SBRT_vs_Ctrl	HALLMARK_APICAL_SURFACE	MSigDB_Hallmark	exploratory	-1.37611262874081	0.116666666666667	0.288888888888889	Il2rb,Gata3,Efna5	3	44	10	Mutter_02
Pericyte	SBRT_vs_Ctrl	HALLMARK_ADIPOGENESIS	MSigDB_Hallmark	exploratory	1.31180752999238	0.138755980861244	0.312	Sorbs1,Gpx3,Col15a1,Col4a1,Stat5a	5	200	19	Mutter_02
Pericyte	SBRT_vs_Ctrl	HALLMARK_ALLOGRAFT_REJECTION	MSigDB_Hallmark	exploratory	-1.17367837953445	0.144	0.312	Cd40,Inhbb,Il12rb1,Cd28,Cd80,Il2rb,Itk,H2-T23,Cd79a,Itgal,Stat4,H2-DMb1,Cxcl9,Cd8a,Tlr1,Tlr2,Ccl11,Tap1,H2-Ob,Fas,Itgb2,Tap2,Cd8b1,Il2rg,Ccl5,Ltb,Il12b,Ifng,Fgr,Cd3g,Irf4,Cd3e,Prf1,Il12a,Icosl,H2-Aa	36	201	102	Mutter_02
Pericyte	SBRT_vs_Ctrl	HALLMARK_E2F_TARGETS	MSigDB_Hallmark	exploratory	1.33016013460834	0.133971291866029	0.312	Top2a,Mki67,Hmgb2,Stmn1,Dnmt1,Pcna,Pttg1	7	200	20	Mutter_02
Pericyte	SBRT_vs_Ctrl	HALLMARK_PEROXISOME	MSigDB_Hallmark	exploratory	1.32247190362779	0.160919540229885	0.334712643678161	Top2a	1	102	4	Mutter_02
Pericyte	SBRT_vs_Ctrl	TypeI_interferon	project	primary	-1.27475965717155	0.20704845814978	0.41409691629956	Oas2,Mx1,Oasl1	3	19	7	Mutter_02
Pericyte	SBRT_vs_Ctrl	HALLMARK_UV_RESPONSE_UP	MSigDB_Hallmark	exploratory	-1.17139336482555	0.228571428571429	0.44021164021164	Fgf18,H2-Q1,Bmp2,Rxrb,Junb	5	158	24	Mutter_02
Pericyte	SBRT_vs_Ctrl	HALLMARK_COAGULATION	MSigDB_Hallmark	exploratory	1.17590053085325	0.244766505636071	0.454566367609846	Thbs1,Fyn,Pdgfb,Mmp14,Gsn,Clu,Rac1,Pf4,Bmp1,Anxa1,Mmp9,Dusp6,Timp1	13	139	28	Mutter_02
Pericyte	SBRT_vs_Ctrl	HALLMARK_MTORC1_SIGNALING	MSigDB_Hallmark	exploratory	1.13307168488862	0.32137030995106	0.539072777982424	Serpinh1,Xbp1,Ldlr,Ldha,Ppia,Hsp90b1	6	201	14	Mutter_02
Pericyte	SBRT_vs_Ctrl	HALLMARK_SPERMATOGENESIS	MSigDB_Hallmark	exploratory	-1.14590904172538	0.312775330396476	0.539072777982424	Ace,Scg5,Mtor	3	135	6	Mutter_02
Pericyte	SBRT_vs_Ctrl	HALLMARK_UNFOLDED_PROTEIN_RESPONSE	MSigDB_Hallmark	exploratory	1.14661233644435	0.321167883211679	0.539072777982424	Xbp1,Hsp90b1,Vegfa	3	113	6	Mutter_02
Pericyte	SBRT_vs_Ctrl	HALLMARK_INFLAMMATORY_RESPONSE	MSigDB_Hallmark	exploratory	-1.04065213162612	0.345195729537367	0.543944785937669	Cdkn1a,Acvr1b,Tnfsf9,Cd40,Ccrl2,Il2rb,Cd69,Cmklr1,Il1a,Il18r1,Best1,Tnfrsf1b,Cd14,Fpr1,Cxcl9,Tlr1,Tlr2,Tnfsf10,Cd70,Il7r,Csf3r,Met,Olr1,Osmr,Ccl20,Ccl5,Il12b	27	201	86	Mutter_02
Pericyte	SBRT_vs_Ctrl	HALLMARK_MYC_TARGETS_V1	MSigDB_Hallmark	exploratory	1.08683708450627	0.336860670194004	0.543944785937669	Ldha,Pcna,Ppia,Myc,Ptges3	5	201	9	Mutter_02
Pericyte	SBRT_vs_Ctrl	HALLMARK_COMPLEMENT	MSigDB_Hallmark	exploratory	1.04234866325317	0.385542168674699	0.579777008842753	Gzmb,Fyn,Calm1,Pdgfb,Mmp14,Pfn1,Clu,Dusp5,Calm3,Hspa1a,S100a9	11	196	42	Mutter_02
Pericyte	SBRT_vs_Ctrl	HALLMARK_FATTY_ACID_METABOLISM	MSigDB_Hallmark	exploratory	1.05437866835989	0.401384083044983	0.579777008842753	Ldha,S100a10,Lgals1,Fasn,Hsp90aa1	5	157	11	Mutter_02
Pericyte	SBRT_vs_Ctrl	HALLMARK_PANCREAS_BETA_CELLS	MSigDB_Hallmark	exploratory	-1.09222796384282	0.390852390852391	0.579777008842753	Gcg,Sst	2	40	4	Mutter_02
Pericyte	SBRT_vs_Ctrl	HALLMARK_TGF_BETA_SIGNALING	MSigDB_Hallmark	exploratory	-1.01757700917008	0.433766233766234	0.60961740961741	Bmp2,Apc,Smad3,Junb,Tgfbr1	5	54	15	Mutter_02
Pericyte	SBRT_vs_Ctrl	HALLMARK_PI3K_AKT_MTOR_SIGNALING	MSigDB_Hallmark	exploratory	-1.00154471687043	0.445876288659794	0.610146500271297	Cdkn1a,Cxcr4	2	105	16	Mutter_02
Pericyte	SBRT_vs_Ctrl	HALLMARK_APOPTOSIS	MSigDB_Hallmark	exploratory	0.984764879809939	0.486486486486487	0.648648648648649	Top2a,Hmgb2,Gpx3,Ccnd1,Bgn,Gadd45b,Krt18,Fasl,Tgfb2,Lmna,Gsn,Cd44,Gpx1,Ier3,Clu,Pdgfrb,Ctnnb1,Il1b,Tnfrsf12a	19	160	64	Mutter_02
Pericyte	SBRT_vs_Ctrl	HALLMARK_ANDROGEN_RESPONSE	MSigDB_Hallmark	exploratory	0.918112885555457	0.581993569131833	0.699861960165648	Ccnd1,Krt8,Akt1,Selenop,Azgp1,Arid5b	6	112	17	Mutter_02
Pericyte	SBRT_vs_Ctrl	HALLMARK_DNA_REPAIR	MSigDB_Hallmark	exploratory	-0.91360104500429	0.579175704989154	0.699861960165648	Tyms,Npr2	2	150	5	Mutter_02
Pericyte	SBRT_vs_Ctrl	HALLMARK_ESTROGEN_RESPONSE_EARLY	MSigDB_Hallmark	exploratory	0.92483173331801	0.583333333333333	0.699861960165648	Xbp1,Ccnd1,Muc1,Krt18,Krt8,Cd44,Il6st,Fasn	8	200	33	Mutter_02
Pericyte	SBRT_vs_Ctrl	HALLMARK_ESTROGEN_RESPONSE_LATE	MSigDB_Hallmark	exploratory	0.919998921019619	0.581993569131833	0.699861960165648	Top2a,Xbp1,Ccnd1,Cdh1,Cd44,Il6st,Fabp5,S100a9,Celsr2,Cav1	10	206	35	Mutter_02
Pericyte	SBRT_vs_Ctrl	HALLMARK_HEDGEHOG_SIGNALING	MSigDB_Hallmark	exploratory	-0.897505673412919	0.592190889370933	0.699861960165648	Cntfr,Celsr1	2	36	5	Mutter_02
Pericyte	SBRT_vs_Ctrl	HALLMARK_HEME_METABOLISM	MSigDB_Hallmark	exploratory	-0.854415994424163	0.636563876651982	0.73558492413118	Epor,Ackr1	2	194	7	Mutter_02
Pericyte	SBRT_vs_Ctrl	HALLMARK_WNT_BETA_CATENIN_SIGNALING	MSigDB_Hallmark	exploratory	-0.808144468511216	0.735064935064935	0.830942970073405	Hdac5,Fzd8,Notch1	3	42	15	Mutter_02
Pericyte	SBRT_vs_Ctrl	HALLMARK_HYPOXIA	MSigDB_Hallmark	exploratory	0.789577774005836	0.814132104454685	0.854712643678161	Col5a1,Igfbp3,Bgn,Pdgfb,Ldha,Anxa2,Ier3,Rora,S100a4,Tgfb3,Cav1,Vegfa,Vhl,Jun	14	200	39	Mutter_02
Pericyte	SBRT_vs_Ctrl	HALLMARK_IL2_STAT5_SIGNALING	MSigDB_Hallmark	exploratory	0.817725895505193	0.777134587554269	0.854712643678161	Cd48,Col6a1,Xbp1,Spry4,Gadd45b,Il4ra,Muc1	7	199	58	Mutter_02
Pericyte	SBRT_vs_Ctrl	HALLMARK_INTERFERON_ALPHA_RESPONSE	MSigDB_Hallmark	exploratory	-0.781210574804751	0.792207792207792	0.854712643678161	Ccrl2,Ifitm2,Tap1,Oasl1,Ifi44l,Ifi27,Casp8,Cxcl10,Lgals3bp,H2-Q10	10	100	23	Mutter_02
Pericyte	SBRT_vs_Ctrl	HALLMARK_OXIDATIVE_PHOSPHORYLATION	MSigDB_Hallmark	exploratory	0.696015498168655	0.82183908045977	0.854712643678161	Ldha,Glud1	2	199	4	Mutter_02
Pericyte	SBRT_vs_Ctrl	HALLMARK_BILE_ACID_METABOLISM	MSigDB_Hallmark	exploratory	-0.480445354310763	0.995594713656388	0.995594713656388	Apoa1,Ttr,Sod1,Gc,Rxra,Ar	6	112	6	Mutter_02
Pericyte	SBRT_vs_Ctrl	HALLMARK_XENOBIOTIC_METABOLISM	MSigDB_Hallmark	exploratory	0.529207036425574	0.984051036682616	0.995594713656388	Tgfb2,Il1r1,Tnfrsf1a,Arg1	4	203	20	Mutter_02
Plasma	MBRT_vs_Ctrl	HALLMARK_APOPTOSIS	MSigDB_Hallmark	exploratory	1.60776615387328	0.00512732157726612	0.222752901364394	Lgals3,Ccnd1,Timp1,Il1b,Cdkn1a,App,Casp8,Ifitm3,Krt18,Bgn,Gpx1,Ier3,Anxa1,Ifngr1,Tgfb2,Cd44	16	160	47	Mutter_02
Plasma	MBRT_vs_Ctrl	HALLMARK_UV_RESPONSE_UP	MSigDB_Hallmark	exploratory	-1.7124142649712	0.00909195515773036	0.222752901364394	Aqp3,H2-Q1,Btg1,Cxcl1,H2-M3,Fgf18,Casp3,Tap1	8	158	17	Mutter_02
Plasma	MBRT_vs_Ctrl	HALLMARK_MITOTIC_SPINDLE	MSigDB_Hallmark	exploratory	-1.67153075159423	0.0203154132309326	0.250679739527107	Plekhg2,Dst,Notch2,Ezr	4	199	9	Mutter_02
Plasma	MBRT_vs_Ctrl	HALLMARK_PI3K_AKT_MTOR_SIGNALING	MSigDB_Hallmark	exploratory	1.65879760101562	0.0204636522062945	0.250679739527107	Cdkn1a,Akt1,Rac1,Slc2a1	4	105	11	Mutter_02
Plasma	MBRT_vs_Ctrl	HALLMARK_MTORC1_SIGNALING	MSigDB_Hallmark	exploratory	1.61079302875836	0.0321569425632851	0.315138037120194	Cdkn1a,Serpinh1,Slc2a1,Ldlr,Ldha,Cd9	6	201	11	Mutter_02
Plasma	MBRT_vs_Ctrl	HALLMARK_XENOBIOTIC_METABOLISM	MSigDB_Hallmark	exploratory	1.54626809757318	0.0578781144889533	0.472671268326452	Arg1,Igf1,Tgfb2,Mt2	4	203	8	Mutter_02
Plasma	MBRT_vs_Ctrl	HALLMARK_COAGULATION	MSigDB_Hallmark	exploratory	1.44841031803262	0.0697115384615385	0.487980769230769	Timp1,Pf4,Rac1,Fn1,Anxa1,C1qa,Pdgfb,Cd9,Gsn,Fyn	10	139	19	Mutter_02
Plasma	MBRT_vs_Ctrl	HALLMARK_ANDROGEN_RESPONSE	MSigDB_Hallmark	exploratory	1.43622484059266	0.0839002267573696	0.513888888888889	Ccnd1,Maf,Ndrg1,Akt1	4	112	13	Mutter_02
Plasma	MBRT_vs_Ctrl	HALLMARK_ALLOGRAFT_REJECTION	MSigDB_Hallmark	exploratory	1.10277422702148	0.257918552036199	0.694331983805668	Timp1,Ccl5,Il1b,Pf4,Gzma,Cxcr3,Ifnar2,Tgfb1,Akt1	9	201	65	Mutter_02
Plasma	MBRT_vs_Ctrl	HALLMARK_ANGIOGENESIS	MSigDB_Hallmark	exploratory	1.3049039705566	0.172645739910314	0.694331983805668	Timp1,Pf4,App	3	36	9	Mutter_02
Plasma	MBRT_vs_Ctrl	HALLMARK_BILE_ACID_METABOLISM	MSigDB_Hallmark	exploratory	-1.24031451714256	0.236294896030246	0.694331983805668	Ar,Sod1,Gc,Rxra	4	112	4	Mutter_02
Plasma	MBRT_vs_Ctrl	HALLMARK_COMPLEMENT	MSigDB_Hallmark	exploratory	1.19711964467123	0.19910514541387	0.694331983805668	Lgals3,Timp1,Ccl5,Gzma,Fn1,Gzmb,C1qc,C1qa,Pdgfb,Cxcl2,Fcer1g,Fyn	12	196	30	Mutter_02
Plasma	MBRT_vs_Ctrl	HALLMARK_EPITHELIAL_MESENCHYMAL_TRANSITION	MSigDB_Hallmark	exploratory	1.11407873620922	0.269230769230769	0.694331983805668	Timp1,Itgb1,Col1a1,Itgb5,Tgfb1,Vegfc,Serpinh1,Fn1,Lgals1,Bgn,Col5a3	11	206	45	Mutter_02
Plasma	MBRT_vs_Ctrl	HALLMARK_ESTROGEN_RESPONSE_LATE	MSigDB_Hallmark	exploratory	1.1974813611709	0.241050119331742	0.694331983805668	Ccnd1,Fgfr3,Cxcl14,Fabp5,Mapk13,Cd44,Pgr,Cd9	8	206	18	Mutter_02
Plasma	MBRT_vs_Ctrl	HALLMARK_FATTY_ACID_METABOLISM	MSigDB_Hallmark	exploratory	1.35337880227841	0.134396355353075	0.694331983805668	S100a10,Lgals1,Hsp90aa1,Ldha	4	157	8	Mutter_02
Plasma	MBRT_vs_Ctrl	HALLMARK_KRAS_SIGNALING_DN	MSigDB_Hallmark	exploratory	1.24564884880243	0.21875	0.694331983805668	Fgfr3,Tgfb2	2	202	3	Mutter_02
Plasma	MBRT_vs_Ctrl	HALLMARK_MYOGENESIS	MSigDB_Hallmark	exploratory	1.24858821768217	0.179431072210066	0.694331983805668	Itgb1,Col1a1,Cdkn1a,Itgb5,App,Tgfb1,Igf1	7	201	23	Mutter_02
Plasma	MBRT_vs_Ctrl	HALLMARK_P53_PATHWAY	MSigDB_Hallmark	exploratory	1.15372773562868	0.238095238095238	0.694331983805668	Cdkn1a,App,S100a10,Tgfb1,Ndrg1,Pcna	6	199	27	Mutter_02
Plasma	MBRT_vs_Ctrl	HALLMARK_TNFA_SIGNALING_VIA_NFKB	MSigDB_Hallmark	exploratory	1.13043237519859	0.23943661971831	0.694331983805668	Ccnd1,Ccl5,Il1b,Cdkn1a,Dusp1,Ccrl2,Cxcl10,Ier3,Ldlr,Gpr183,Tnfsf9,Dusp4,Cd44,Smad3,Stat5a,Ccl4,Ccl2,Icam1,Cxcl2	19	199	54	Mutter_02
Plasma	MBRT_vs_Ctrl	HALLMARK_CHOLESTEROL_HOMEOSTASIS	MSigDB_Hallmark	exploratory	1.12009953731959	0.32183908045977	0.738344988344988	Lgals3,Fabp5,Ldlr,Cd9,Clu,Cxcl16,Atf3,Ctnnb1,Tnfrsf12a	9	75	11	Mutter_02
Plasma	MBRT_vs_Ctrl	HALLMARK_INFLAMMATORY_RESPONSE	MSigDB_Hallmark	exploratory	1.07929953481224	0.316901408450704	0.738344988344988	Timp1,Ccl5,Il1b,Met,Cdkn1a	5	201	54	Mutter_02
Plasma	MBRT_vs_Ctrl	TypeI_interferon	project	primary	-1.11631814936439	0.331501831501832	0.738344988344988	Oasl1,Oas2	2	19	6	Mutter_02
Plasma	MBRT_vs_Ctrl	HALLMARK_UNFOLDED_PROTEIN_RESPONSE	MSigDB_Hallmark	exploratory	-1.07814394930375	0.371794871794872	0.759081196581197	Vegfa	1	113	6	Mutter_02
Plasma	MBRT_vs_Ctrl	HALLMARK_UV_RESPONSE_DN	MSigDB_Hallmark	exploratory	1.06246019948431	0.356673960612691	0.759081196581197	Met,Col1a1,Anxa2,Dusp1	4	144	23	Mutter_02
Plasma	MBRT_vs_Ctrl	HALLMARK_G2M_CHECKPOINT	MSigDB_Hallmark	exploratory	1.04971474248191	0.425480769230769	0.772168803418803	Ccnd1,Tgfb1,Mki67	3	198	19	Mutter_02
Plasma	MBRT_vs_Ctrl	HALLMARK_NOTCH_SIGNALING	MSigDB_Hallmark	exploratory	-1.05058843453925	0.396092362344583	0.772168803418803	Wnt5a,Fzd5,Notch2	3	32	8	Mutter_02
Plasma	MBRT_vs_Ctrl	HALLMARK_WNT_BETA_CATENIN_SIGNALING	MSigDB_Hallmark	exploratory	-1.0310606207546	0.41726618705036	0.772168803418803	Wnt5b,Trp53	2	42	9	Mutter_02
Plasma	MBRT_vs_Ctrl	HALLMARK_HEME_METABOLISM	MSigDB_Hallmark	exploratory	-1.0319569566122	0.46124763705104	0.779349455706929	Aqp3	1	194	4	Mutter_02
Plasma	MBRT_vs_Ctrl	HALLMARK_OXIDATIVE_PHOSPHORYLATION	MSigDB_Hallmark	exploratory	-1.03633855655685	0.459357277882798	0.779349455706929	Glud1,Atp5e,Bax	3	199	4	Mutter_02
Plasma	MBRT_vs_Ctrl	DNA_Damage_Repair	project	primary	-0.974495437603771	0.479573712255773	0.780847953216374	Parp1,Gadd45b,Bax,Atr,Chek1,Brca1,Ddit3	7	18	8	Mutter_02
Plasma	MBRT_vs_Ctrl	HALLMARK_APICAL_JUNCTION	MSigDB_Hallmark	exploratory	0.931071279294651	0.563245823389022	0.780847953216374	Itgb1,Fyb,Mapk13,Cd274,Icam1	5	199	18	Mutter_02
Plasma	MBRT_vs_Ctrl	HALLMARK_APICAL_SURFACE	MSigDB_Hallmark	exploratory	-0.892839898213367	0.605555555555556	0.780847953216374	Gata3,Il2rb,Ephb4	3	44	7	Mutter_02
Plasma	MBRT_vs_Ctrl	HALLMARK_DNA_REPAIR	MSigDB_Hallmark	exploratory	-0.936740581950957	0.559546313799622	0.780847953216374	Tyms,Trp53	2	150	4	Mutter_02
Plasma	MBRT_vs_Ctrl	HALLMARK_E2F_TARGETS	MSigDB_Hallmark	exploratory	0.919025308219715	0.531111111111111	0.780847953216374	Cdkn1a,Mki67,Pcna	3	200	15	Mutter_02
Plasma	MBRT_vs_Ctrl	HALLMARK_HYPOXIA	MSigDB_Hallmark	exploratory	0.912589294094806	0.603644646924829	0.780847953216374	Cdkn1a,Ndrg1,Anxa2,Dusp1,Slc2a1,Bgn,Ier3,Ldha,Pgf,Pdgfb,Mt2	11	200	33	Mutter_02
Plasma	MBRT_vs_Ctrl	HALLMARK_IL6_JAK_STAT3_SIGNALING	MSigDB_Hallmark	exploratory	0.915454560991393	0.601366742596811	0.780847953216374	Il1b,Pf4,Tgfb1,Cxcl10,Pdgfc,Ifngr1,Ltbr,Cd44,Cd9,Cxcl2	10	88	33	Mutter_02
Plasma	MBRT_vs_Ctrl	HALLMARK_INTERFERON_GAMMA_RESPONSE	MSigDB_Hallmark	exploratory	-0.929699439491175	0.584670231729055	0.780847953216374	Oasl1,H2-Aa,Oas2,Il2rb,Ifi27,Btg1,H2-M3,H2-D1,H2-DMa,Nfkb1,Casp3,Nlrc5,Cd74,Tap1	14	205	48	Mutter_02
Plasma	MBRT_vs_Ctrl	HALLMARK_KRAS_SIGNALING_UP	MSigDB_Hallmark	exploratory	0.973124234108792	0.50328227571116	0.780847953216374	Arg1,Il1b,Etv5	3	203	22	Mutter_02
Plasma	MBRT_vs_Ctrl	HALLMARK_TGF_BETA_SIGNALING	MSigDB_Hallmark	exploratory	0.798665540054862	0.704035874439462	0.884557893526503	Tgfb1,Bmpr2,Smad3,Hdac1,Junb,Ctnnb1	6	54	9	Mutter_02
Plasma	MBRT_vs_Ctrl	HALLMARK_ESTROGEN_RESPONSE_EARLY	MSigDB_Hallmark	exploratory	0.777958802528659	0.739910313901345	0.906390134529148	Ccnd1,Krt18,Slc2a1,Cd44,Pgr,Krt19,Myc,Celsr1,Jak2	9	200	16	Mutter_02
Plasma	MBRT_vs_Ctrl	HALLMARK_IL2_STAT5_SIGNALING	MSigDB_Hallmark	exploratory	-0.78643355470174	0.796791443850267	0.952262945089344	Ltb,Alcam,Il2rb,Bcl2,Gadd45b,Casp3,Spry4,Sell	8	199	36	Mutter_02
Plasma	MBRT_vs_Ctrl	HALLMARK_ADIPOGENESIS	MSigDB_Hallmark	exploratory	-0.729214506656996	0.836879432624114	0.953653306943757	Lifr,Sod1,Sorbs1	3	200	12	Mutter_02
Plasma	MBRT_vs_Ctrl	HALLMARK_SPERMATOGENESIS	MSigDB_Hallmark	exploratory	-0.725457938932901	0.835249042145594	0.953653306943757	Ezh2,Mtor	2	135	3	Mutter_02
Plasma	MBRT_vs_Ctrl	HALLMARK_GLYCOLYSIS	MSigDB_Hallmark	exploratory	-0.665069257799315	0.901960784313725	0.966437240970989	Vegfa,Mertk,Sod1,Col5a1,Dcn,Ppia	6	200	13	Mutter_02
Plasma	MBRT_vs_Ctrl	HALLMARK_INTERFERON_ALPHA_RESPONSE	MSigDB_Hallmark	exploratory	0.648080221463335	0.927884615384615	0.966437240970989	Casp8,Ifitm3,Ccrl2,Cxcl10	4	100	19	Mutter_02
Plasma	MBRT_vs_Ctrl	HALLMARK_PROTEIN_SECRETION	MSigDB_Hallmark	exploratory	-0.585781651321531	0.92962962962963	0.966437240970989	Dst,Sod1	2	96	7	Mutter_02
Plasma	MBRT_vs_Ctrl	HALLMARK_REACTIVE_OXYGEN_SPECIES_PATHWAY	MSigDB_Hallmark	exploratory	-0.671193050500263	0.881226053639847	0.966437240970989	Sod1	1	48	3	Mutter_02
Plasma	MBRT_vs_Ctrl	TypeII_interferon	project	primary	-0.60967922083773	0.946714031971581	0.966437240970989	H2-Aa,Cd74,H2-Ab1	3	17	8	Mutter_02
Plasma	MBRT_vs_Ctrl	HALLMARK_MYC_TARGETS_V1	MSigDB_Hallmark	exploratory	-0.499006095124627	0.985611510791367	0.985611510791367	Tyms,Rack1	2	201	9	Mutter_02
Plasma	MBRT_vs_SBRT	HALLMARK_G2M_CHECKPOINT	MSigDB_Hallmark	exploratory	-1.72821187976406	0.0118052847434123	0.289229476213601	Mki67,Nusap1,Ube2c,Ccnd1,Cenpf,Stmn1,Ezh2,Birc5	8	198	19	Mutter_02
Plasma	MBRT_vs_SBRT	HALLMARK_MITOTIC_SPINDLE	MSigDB_Hallmark	exploratory	-1.88102113154654	0.00691820175144617	0.289229476213601	Ezr,Nusap1,Cenpf,Plekhg2,Gsn,Birc5	6	199	9	Mutter_02
Plasma	MBRT_vs_SBRT	HALLMARK_ALLOGRAFT_REJECTION	MSigDB_Hallmark	exploratory	1.42751834131383	0.0276887673988797	0.452249867515035	Tnf,Ccl11,Ccl19,Ccl5,Tgfb2,Pf4,H2-Q10,Inhbb,Cd28,Ccl2,H2-DMb1,Gzma,H2-DMa,Timp1,Cxcl9,Cd3e,Ifnar2,Ccr1,Stat1,Irf4,Il10,Il1b,Cxcr3,H2-Aa,Il18,Il27ra,Ccr5,H2-T23	28	201	65	Mutter_02
Plasma	MBRT_vs_SBRT	HALLMARK_GLYCOLYSIS	MSigDB_Hallmark	exploratory	-1.62184621421132	0.0419823535882278	0.508148148148148	Ppia,Stmn1,Col5a1,Vegfa,Ier3,Mertk,Sod1	7	200	13	Mutter_02
Plasma	MBRT_vs_SBRT	HALLMARK_XENOBIOTIC_METABOLISM	MSigDB_Hallmark	exploratory	1.5206457370739	0.0518518518518519	0.508148148148148	Igf1,Apoe,Tgfb2,Mt2	4	203	8	Mutter_02
Plasma	MBRT_vs_SBRT	HALLMARK_E2F_TARGETS	MSigDB_Hallmark	exploratory	-1.46058003682658	0.078239608801956	0.586124401913876	Hmgb2,Mki67,Stmn1,Dnmt1,Ezh2,Birc5	6	200	15	Mutter_02
Plasma	MBRT_vs_SBRT	HALLMARK_ESTROGEN_RESPONSE_EARLY	MSigDB_Hallmark	exploratory	-1.45312965905972	0.0837320574162679	0.586124401913876	Krt19,Krt8,Ccnd1,Krt18,Jak2,Aqp3	6	200	16	Mutter_02
Plasma	MBRT_vs_SBRT	HALLMARK_KRAS_SIGNALING_DN	MSigDB_Hallmark	exploratory	1.35689210279163	0.0970873786407767	0.594660194174757	Tgfb2,Fgfr3	2	202	3	Mutter_02
Plasma	MBRT_vs_SBRT	HALLMARK_ANDROGEN_RESPONSE	MSigDB_Hallmark	exploratory	-1.26750131678219	0.174224343675418	0.609785202863962	Krt19,Krt8,Ccnd1,Akt1	4	112	13	Mutter_02
Plasma	MBRT_vs_SBRT	HALLMARK_HYPOXIA	MSigDB_Hallmark	exploratory	1.30497965840904	0.12280701754386	0.609785202863962	Cdkn1a,Mt1,Dusp1,Ndrg1,Mt2,Pgf,Plac8,Ackr3,Atf3,Slc2a1	10	200	33	Mutter_02
Plasma	MBRT_vs_SBRT	HALLMARK_PROTEIN_SECRETION	MSigDB_Hallmark	exploratory	-1.32446801642298	0.154017857142857	0.609785202863962	Ica1,Krt18	2	96	7	Mutter_02
Plasma	MBRT_vs_SBRT	HALLMARK_TNFA_SIGNALING_VIA_NFKB	MSigDB_Hallmark	exploratory	1.22211087215008	0.159322033898305	0.609785202863962	Cdkn1a,Tnf,Dusp1,Ccrl2,Ccl5,Cd83,Ccl20,Tnfaip6,Ackr3,Gpr183,Ccl2,Atf3,Cxcl2,Tnfsf9,Cxcl10,Sat1	16	199	54	Mutter_02
Plasma	MBRT_vs_SBRT	HALLMARK_UV_RESPONSE_UP	MSigDB_Hallmark	exploratory	-1.32428853785274	0.128878281622912	0.609785202863962	Casp3,Aqp3,Cxcl1,Btg1	4	158	17	Mutter_02
Plasma	MBRT_vs_SBRT	TypeII_interferon	project	primary	1.28606120725991	0.168518518518519	0.609785202863962	Cxcl9,H2-Eb1,Cxcl10,Stat1,H2-Aa	5	17	8	Mutter_02
Plasma	MBRT_vs_SBRT	HALLMARK_APOPTOSIS	MSigDB_Hallmark	exploratory	-1.13920361734665	0.254278728606357	0.622839129550539	Hmgb2,Casp3,Clu,Lmna,Ccnd1,Gadd45b,Krt18,Tnfrsf12a,Anxa1,Gsn,Gpx1,Ifngr1	12	160	47	Mutter_02
Plasma	MBRT_vs_SBRT	HALLMARK_BILE_ACID_METABOLISM	MSigDB_Hallmark	exploratory	-1.24492370801024	0.227659574468085	0.622839129550539	Ar,Sod1,Rxra	3	112	4	Mutter_02
Plasma	MBRT_vs_SBRT	HALLMARK_CHOLESTEROL_HOMEOSTASIS	MSigDB_Hallmark	exploratory	-1.19595655583215	0.228971962616822	0.622839129550539	Ldlr,Clu,Alcam,Tnfrsf12a,Jag1,Ctnnb1	6	75	11	Mutter_02
Plasma	MBRT_vs_SBRT	HALLMARK_FATTY_ACID_METABOLISM	MSigDB_Hallmark	exploratory	-1.22754303008158	0.199134199134199	0.622839129550539	S100a10,Lgals1	2	157	8	Mutter_02
Plasma	MBRT_vs_SBRT	HALLMARK_INTERFERON_GAMMA_RESPONSE	MSigDB_Hallmark	exploratory	1.12391623686794	0.273504273504274	0.622839129550539	Cdkn1a,Ccl5,Mt2,H2-Q10,Casp8,Tnfaip6,Ccl2,Gzma,H2-DMa,Cxcl9,H2-Eb1,Ifnar2,Cxcl10,Stat1,Irf4,Cd69	16	205	48	Mutter_02
Plasma	MBRT_vs_SBRT	HALLMARK_KRAS_SIGNALING_UP	MSigDB_Hallmark	exploratory	1.16718012506022	0.259649122807018	0.622839129550539	Spp1,Etv5,Ccl20,Fcer1g,St6gal1,Cxcl10,Cidea,Arg1,Il1b	9	203	22	Mutter_02
Plasma	MBRT_vs_SBRT	HALLMARK_MYC_TARGETS_V1	MSigDB_Hallmark	exploratory	-1.1379678119701	0.279642058165548	0.622839129550539	Ppia,Ptges3	2	201	9	Mutter_02
Plasma	MBRT_vs_SBRT	HALLMARK_UV_RESPONSE_DN	MSigDB_Hallmark	exploratory	-1.13316673975623	0.27906976744186	0.622839129550539	Ldlr,Ica1,Adgrl2,Nfkb1,Anxa4,Col1a1	6	144	23	Mutter_02
Plasma	MBRT_vs_SBRT	HALLMARK_IL2_STAT5_SIGNALING	MSigDB_Hallmark	exploratory	-1.08503439215412	0.301435406698565	0.64218847514042	Casp3,Col6a1,Gadd45b,Alcam,Anxa4,Il4ra,Ifngr1,Tnfrsf18,Ahr,Igf1r,Sell	11	199	36	Mutter_02
Plasma	MBRT_vs_SBRT	DNA_Damage_Repair	project	primary	1.10566629875914	0.335185185185185	0.648435462842243	Cdkn1a,Bax	2	18	8	Mutter_02
Plasma	MBRT_vs_SBRT	HALLMARK_ESTROGEN_RESPONSE_LATE	MSigDB_Hallmark	exploratory	-1.10367132596776	0.322033898305085	0.648435462842243	Krt19,Ccnd1,Jak2,S100a9,Ltf,Tnnc1,Zfp36	7	206	18	Mutter_02
Plasma	MBRT_vs_SBRT	HALLMARK_INFLAMMATORY_RESPONSE	MSigDB_Hallmark	exploratory	1.06837397879842	0.34406779661017	0.648435462842243	Cdkn1a,Ccrl2,Ccl5,Ccl20,Tnfaip6,Gpr183,Ccl2,Cd14,Timp1,Cxcl9,Tnfsf9,Cxcl10,Il10,Cd69,Il1b,Cxcl5,Met,Cx3cl1,Il18,Il15ra,Axl,Fzd5,Il10ra	23	201	54	Mutter_02
Plasma	MBRT_vs_SBRT	HALLMARK_COAGULATION	MSigDB_Hallmark	exploratory	-1.03891159202351	0.382566585956416	0.657579587169766	Clu,Dusp6,Cfd,Rac1,Anxa1,Gsn	6	139	19	Mutter_02
Plasma	MBRT_vs_SBRT	HALLMARK_MYOGENESIS	MSigDB_Hallmark	exploratory	-1.0284913177646	0.383720930232558	0.657579587169766	Clu,Gadd45b,Sorbs1,Cfd,Itgb4,Col1a1,Col6a2,Gsn	8	201	23	Mutter_02
Plasma	MBRT_vs_SBRT	HALLMARK_P53_PATHWAY	MSigDB_Hallmark	exploratory	1.03728214195262	0.389179755671902	0.657579587169766	Cdkn1a,Ndrg1,Inhbb,Bax,Atf3,Fgf13,Tnfsf9,Krt17,Sat1	9	199	27	Mutter_02
Plasma	MBRT_vs_SBRT	HALLMARK_NOTCH_SIGNALING	MSigDB_Hallmark	exploratory	-0.984025408444249	0.454545454545455	0.742424242424242	Ccnd1,Wnt5a,Jag1	3	32	8	Mutter_02
Plasma	MBRT_vs_SBRT	HALLMARK_COMPLEMENT	MSigDB_Hallmark	exploratory	0.94320117758078	0.537391304347826	0.778335724533716	Fn1,Mmp12,Ccl5,Lgals3,Calm1,Fcer1g,Gzma,Cxcl2,Timp1	9	196	30	Mutter_02
Plasma	MBRT_vs_SBRT	HALLMARK_PI3K_AKT_MTOR_SIGNALING	MSigDB_Hallmark	exploratory	0.926744971239529	0.54006968641115	0.778335724533716	Cdkn1a	1	105	11	Mutter_02
Plasma	MBRT_vs_SBRT	HALLMARK_UNFOLDED_PROTEIN_RESPONSE	MSigDB_Hallmark	exploratory	0.971525917726797	0.51183970856102	0.778335724533716	Ccl2,Atf3,Bag3	3	113	6	Mutter_02
Plasma	MBRT_vs_SBRT	HALLMARK_WNT_BETA_CATENIN_SIGNALING	MSigDB_Hallmark	exploratory	-0.919164070442698	0.539149888143177	0.778335724533716	Rbpj,Jag1,Ctnnb1,Trp53,Wnt5b,Myc	6	42	9	Mutter_02
Plasma	MBRT_vs_SBRT	HALLMARK_INTERFERON_ALPHA_RESPONSE	MSigDB_Hallmark	exploratory	0.897554945084973	0.584040747028863	0.817657045840407	Ccrl2,H2-Q10,Casp8	3	100	19	Mutter_02
Plasma	MBRT_vs_SBRT	HALLMARK_DNA_REPAIR	MSigDB_Hallmark	exploratory	-0.879666104601184	0.619148936170213	0.819953996549741	Nt5c3	1	150	4	Mutter_02
Plasma	MBRT_vs_SBRT	HALLMARK_MTORC1_SIGNALING	MSigDB_Hallmark	exploratory	0.882267855525921	0.618466898954704	0.819953996549741	Cdkn1a	1	201	11	Mutter_02
Plasma	MBRT_vs_SBRT	HALLMARK_REACTIVE_OXYGEN_SPECIES_PATHWAY	MSigDB_Hallmark	exploratory	-0.845441826641526	0.657084188911704	0.847292769912461	Sod1,Junb,Gpx3	3	48	3	Mutter_02
Plasma	MBRT_vs_SBRT	HALLMARK_IL6_JAK_STAT3_SIGNALING	MSigDB_Hallmark	exploratory	0.86375348169086	0.680701754385965	0.855240665766982	Tnf,Ltbr,Pf4,Cd14,Cxcl2,Cxcl9,Ccr1,Cxcl10,Stat1,Il1b,Il10rb,Pdgfc	12	88	33	Mutter_02
Plasma	MBRT_vs_SBRT	HALLMARK_ADIPOGENESIS	MSigDB_Hallmark	exploratory	0.797909786361363	0.75	0.91875	Apoe,Lep	2	200	12	Mutter_02
Plasma	MBRT_vs_SBRT	HALLMARK_APICAL_SURFACE	MSigDB_Hallmark	exploratory	-0.773586193904282	0.779017857142857	0.927631578947368	Ephb4,Gata3,Brca1	3	44	7	Mutter_02
Plasma	MBRT_vs_SBRT	HALLMARK_OXIDATIVE_PHOSPHORYLATION	MSigDB_Hallmark	exploratory	0.74214467821257	0.795112781954887	0.927631578947368	Bax	1	199	4	Mutter_02
Plasma	MBRT_vs_SBRT	HALLMARK_ANGIOGENESIS	MSigDB_Hallmark	exploratory	-0.731629449958841	0.83668903803132	0.953436345663597	S100a4,Vegfa,Jag1	3	36	9	Mutter_02
Plasma	MBRT_vs_SBRT	HALLMARK_EPITHELIAL_MESENCHYMAL_TRANSITION	MSigDB_Hallmark	exploratory	0.76843011732392	0.863636363636364	0.961776859504132	Fn1,Vegfc,Spp1,Itgb5,Thbs1,Col12a1,Col6a3,Cxcl2,Itgb1,Timp1,Sat1,Bgn	12	206	45	Mutter_02
Plasma	MBRT_vs_SBRT	TypeI_interferon	project	primary	0.653660749440897	0.894353369763206	0.973851447075491	Mx1	1	19	6	Mutter_02
Plasma	MBRT_vs_SBRT	HALLMARK_SPERMATOGENESIS	MSigDB_Hallmark	exploratory	0.605265635784672	0.920388349514563	0.980413676656817	Mtor	1	135	3	Mutter_02
Plasma	MBRT_vs_SBRT	HALLMARK_HEME_METABOLISM	MSigDB_Hallmark	exploratory	-0.550264590103425	0.970212765957447	0.991403903903904	Aqp3	1	194	4	Mutter_02
Plasma	MBRT_vs_SBRT	HALLMARK_TGF_BETA_SIGNALING	MSigDB_Hallmark	exploratory	0.551943572305004	0.971171171171171	0.991403903903904	Thbs1,Bmpr2	2	54	9	Mutter_02
Plasma	MBRT_vs_SBRT	HALLMARK_APICAL_JUNCTION	MSigDB_Hallmark	exploratory	0.441283574076026	0.99660441426146	0.99660441426146	Mapk14,Itgb1,Cd276,Cx3cl1,Col17a1,Mapk13,Cd274,Myl12b,Syk	9	199	18	Mutter_02
Plasma	SBRT_vs_Ctrl	HALLMARK_ANDROGEN_RESPONSE	MSigDB_Hallmark	exploratory	1.97321878044762	0.000755112079056939	0.03700049187379	Ccnd1,Krt19,Krt8,Akt1	4	112	13	Mutter_02
Plasma	SBRT_vs_Ctrl	HALLMARK_APOPTOSIS	MSigDB_Hallmark	exploratory	1.74054615405461	0.00218155991064239	0.0534482178107385	Ccnd1,Hmgb2,Clu,Krt18,Lmna,Gpx1,Anxa1,Casp3,Ifngr1,Gsn,Ier3,Tnfrsf12a,Ifitm3,App,Timp1,Ctnnb1,Il1b	17	160	47	Mutter_02
Plasma	SBRT_vs_Ctrl	HALLMARK_CHOLESTEROL_HOMEOSTASIS	MSigDB_Hallmark	exploratory	1.75790828225274	0.00848118657514022	0.138526047393957	Ldlr,Clu,Tnfrsf12a,Ctnnb1,Jag1,Cd9	6	75	11	Mutter_02
Plasma	SBRT_vs_Ctrl	HALLMARK_G2M_CHECKPOINT	MSigDB_Hallmark	exploratory	1.67203924306357	0.014501621194677	0.177644859634794	Ccnd1,Mki67,Nusap1,Stmn1,Cenpf,Ube2c	6	198	19	Mutter_02
Plasma	SBRT_vs_Ctrl	HALLMARK_ESTROGEN_RESPONSE_EARLY	MSigDB_Hallmark	exploratory	1.66377693596585	0.0254974486600418	0.208229164057008	Ccnd1,Krt19,Krt8,Krt18,Jak2	5	200	16	Mutter_02
Plasma	SBRT_vs_Ctrl	HALLMARK_GLYCOLYSIS	MSigDB_Hallmark	exploratory	1.59680222221104	0.0251030729992053	0.208229164057008	Stmn1,Ier3,Met,Ppia,Ldha,Col5a1,Cd44,Mif	8	200	13	Mutter_02
Plasma	SBRT_vs_Ctrl	HALLMARK_COAGULATION	MSigDB_Hallmark	exploratory	1.58005579630359	0.0298203637768732	0.208742546438112	Clu,Rac1,Anxa1,Gsn,Timp1,Bmp1,Cd9,Dusp6	8	139	19	Mutter_02
Plasma	SBRT_vs_Ctrl	DNA_Damage_Repair	project	primary	-1.47399570614587	0.0502793296089386	0.307960893854749	Cdkn1a,Bax,Parp1,Ddit3,Atr	5	18	8	Mutter_02
Plasma	SBRT_vs_Ctrl	HALLMARK_ESTROGEN_RESPONSE_LATE	MSigDB_Hallmark	exploratory	1.46498947344623	0.0642201834862385	0.349643221202854	Ccnd1,Krt19,Jak2,S100a9	4	206	18	Mutter_02
Plasma	SBRT_vs_Ctrl	HALLMARK_E2F_TARGETS	MSigDB_Hallmark	exploratory	1.45583926198969	0.0896860986547085	0.439461883408072	Mki67,Hmgb2,Stmn1,Birc5,Pcna,Dnmt1,Myc	7	200	15	Mutter_02
Plasma	SBRT_vs_Ctrl	HALLMARK_MITOTIC_SPINDLE	MSigDB_Hallmark	exploratory	1.41273774021073	0.104700854700855	0.466394716394716	Ezr,Nusap1,Cenpf,Gsn	4	199	9	Mutter_02
Plasma	SBRT_vs_Ctrl	HALLMARK_ALLOGRAFT_REJECTION	MSigDB_Hallmark	exploratory	-1.21623576545908	0.150087260034904	0.53429203539823	H2-DMb1,Tnf,Ccl19,Ccl11,H2-DMa,Inhbb,H2-Aa,H2-Q10,Ets1,H2-T23,Ltb,H2-M3,Il2rb,Cd3e,Irf4,Tgfb2,Cxcl9	17	201	65	Mutter_02
Plasma	SBRT_vs_Ctrl	HALLMARK_FATTY_ACID_METABOLISM	MSigDB_Hallmark	exploratory	1.35145903403493	0.135483870967742	0.53429203539823	S100a10,Lgals1,Hsp90aa1,Ldha	4	157	8	Mutter_02
Plasma	SBRT_vs_Ctrl	HALLMARK_MTORC1_SIGNALING	MSigDB_Hallmark	exploratory	1.31256186240536	0.152654867256637	0.53429203539823	Ldlr,Serpinh1,Ppia,Ldha,Hsp90b1,Cd9,Sqstm1	7	201	11	Mutter_02
Plasma	SBRT_vs_Ctrl	HALLMARK_UV_RESPONSE_DN	MSigDB_Hallmark	exploratory	1.23486114680681	0.168888888888889	0.551703703703704	Ldlr,Col1a1,Ica1,Anxa2,Anxa4,Col1a2,Met	7	144	23	Mutter_02
Plasma	SBRT_vs_Ctrl	HALLMARK_PROTEIN_SECRETION	MSigDB_Hallmark	exploratory	1.2658743030259	0.206208425720621	0.631513303769401	Ica1,Krt18	2	96	7	Mutter_02
Plasma	SBRT_vs_Ctrl	HALLMARK_SPERMATOGENESIS	MSigDB_Hallmark	exploratory	-1.19078306161605	0.225	0.648529411764706	Mtor	1	135	3	Mutter_02
Plasma	SBRT_vs_Ctrl	HALLMARK_ANGIOGENESIS	MSigDB_Hallmark	exploratory	1.11902426421527	0.318376068376068	0.742877492877493	S100a4,App,Timp1,Jag1	4	36	9	Mutter_02
Plasma	SBRT_vs_Ctrl	HALLMARK_INTERFERON_GAMMA_RESPONSE	MSigDB_Hallmark	exploratory	-1.09640176506964	0.285464098073555	0.742877492877493	Cdkn1a,H2-DMa,H2-Aa,H2-Q10,Tnfaip6,H2-M3,Il2rb,Irf4,Cxcl9,Mt2,Cd69	11	205	48	Mutter_02
Plasma	SBRT_vs_Ctrl	HALLMARK_KRAS_SIGNALING_DN	MSigDB_Hallmark	exploratory	-1.1365803017169	0.315384615384615	0.742877492877493	Tgfb2,Selenop	2	202	3	Mutter_02
Plasma	SBRT_vs_Ctrl	TypeII_interferon	project	primary	-1.14893704379756	0.303538175046555	0.742877492877493	H2-Aa,Cxcl9,Ciita,Stat1,Cd74,H2-Ab1,H2-Eb1	7	17	8	Mutter_02
Plasma	SBRT_vs_Ctrl	HALLMARK_COMPLEMENT	MSigDB_Hallmark	exploratory	0.963957503144538	0.514161220043573	0.839796659404503	Clu,Gzmb,Casp3,Jak2,S100a9,Timp1	6	196	30	Mutter_02
Plasma	SBRT_vs_Ctrl	HALLMARK_HYPOXIA	MSigDB_Hallmark	exploratory	-1.01817545288576	0.435897435897436	0.839796659404503	Cdkn1a,Plac8,Mt1,Ackr3,Ets1,Bcl2	6	200	33	Mutter_02
Plasma	SBRT_vs_Ctrl	HALLMARK_KRAS_SIGNALING_UP	MSigDB_Hallmark	exploratory	-0.974674662841053	0.511882998171847	0.839796659404503	St6gal1,Ets1,Cidea,Ccl20,Cd37,Fcer1g,Spp1	7	203	22	Mutter_02
Plasma	SBRT_vs_Ctrl	HALLMARK_MYC_TARGETS_V1	MSigDB_Hallmark	exploratory	1.00588850375028	0.450854700854701	0.839796659404503	Ptges3,Ppia,Ldha,Pcna,Myc	5	201	9	Mutter_02
Plasma	SBRT_vs_Ctrl	HALLMARK_MYOGENESIS	MSigDB_Hallmark	exploratory	1.01778949574078	0.431111111111111	0.839796659404503	Col1a1,Clu,Col6a2,Gsn,Tgfb1,App,Gadd45b,Itgb1,Sorbs1	9	201	23	Mutter_02
Plasma	SBRT_vs_Ctrl	HALLMARK_OXIDATIVE_PHOSPHORYLATION	MSigDB_Hallmark	exploratory	-1.05866062569911	0.41030534351145	0.839796659404503	Bax,Glud1	2	199	4	Mutter_02
Plasma	SBRT_vs_Ctrl	HALLMARK_PI3K_AKT_MTOR_SIGNALING	MSigDB_Hallmark	exploratory	0.958192376502039	0.508849557522124	0.839796659404503	Akt1,Rac1	2	105	11	Mutter_02
Plasma	SBRT_vs_Ctrl	HALLMARK_WNT_BETA_CATENIN_SIGNALING	MSigDB_Hallmark	exploratory	1.02277356204921	0.431623931623932	0.839796659404503	Rbpj,Ctnnb1,Jag1,Myc	4	42	9	Mutter_02
Plasma	SBRT_vs_Ctrl	HALLMARK_XENOBIOTIC_METABOLISM	MSigDB_Hallmark	exploratory	-1.01278861745819	0.467411545623836	0.839796659404503	Igf1,Apoe,Tgfb2,Mt2,Ppard,Tnfrsf1a	6	203	8	Mutter_02
Plasma	SBRT_vs_Ctrl	HALLMARK_EPITHELIAL_MESENCHYMAL_TRANSITION	MSigDB_Hallmark	exploratory	0.954345530658535	0.575	0.859064266275905	Col1a1,Lgals1,Col6a2,Serpinh1,Tnfrsf12a,Col5a3,Tgfb1,Col1a2,Timp1,Col4a1,Bmp1,Gadd45b,Itgb1	13	206	45	Mutter_02
Plasma	SBRT_vs_Ctrl	HALLMARK_HEME_METABOLISM	MSigDB_Hallmark	exploratory	-0.922144064074743	0.595419847328244	0.859064266275905	Nr3c1,Lamp2,Aqp3,Slc2a1	4	194	4	Mutter_02
Plasma	SBRT_vs_Ctrl	HALLMARK_NOTCH_SIGNALING	MSigDB_Hallmark	exploratory	0.932586110081566	0.548387096774194	0.859064266275905	Ccnd1	1	32	8	Mutter_02
Plasma	SBRT_vs_Ctrl	HALLMARK_UNFOLDED_PROTEIN_RESPONSE	MSigDB_Hallmark	exploratory	-0.896525988824001	0.596085409252669	0.859064266275905	Bag3,Atf3,Ccl2	3	113	6	Mutter_02
Plasma	SBRT_vs_Ctrl	HALLMARK_IL2_STAT5_SIGNALING	MSigDB_Hallmark	exploratory	0.896142693289409	0.614406779661017	0.860169491525424	Casp3,Ifngr1,Col6a1,Ifitm3,Anxa4,Il4ra,Gadd45b,Etv4,Eomes,Myc,Tnfrsf18,Ahr,Cd44,Igf1r	14	199	36	Mutter_02
Plasma	SBRT_vs_Ctrl	HALLMARK_APICAL_SURFACE	MSigDB_Hallmark	exploratory	-0.853435385419158	0.651542649727768	0.86022041313618	Il2rb,Gata3	2	44	7	Mutter_02
Plasma	SBRT_vs_Ctrl	HALLMARK_P53_PATHWAY	MSigDB_Hallmark	exploratory	0.856291352032805	0.684665226781858	0.86022041313618	S100a10,S100a4,Hdac3,Ier3,Tgfb1,App	6	199	27	Mutter_02
Plasma	SBRT_vs_Ctrl	HALLMARK_REACTIVE_OXYGEN_SPECIES_PATHWAY	MSigDB_Hallmark	exploratory	0.835950563680286	0.663900414937759	0.86022041313618	Junb,Gpx3,Sod1	3	48	3	Mutter_02
Plasma	SBRT_vs_Ctrl	HALLMARK_TNFA_SIGNALING_VIA_NFKB	MSigDB_Hallmark	exploratory	-0.877727573330003	0.684303350970018	0.86022041313618	Cdkn1a,Tnf,Ackr3,Tnfaip6,Cd83,Dusp2,Ccl20,Cxcl5,Clcf1,Cd69,Ptger4,Ccrl2,Atf3,Dusp5,Tlr2,Dusp1,Sat1	17	199	54	Mutter_02
Plasma	SBRT_vs_Ctrl	HALLMARK_IL6_JAK_STAT3_SIGNALING	MSigDB_Hallmark	exploratory	0.837274309666202	0.712719298245614	0.873081140350877	Ifngr1,Tnfrsf12a,Ifnar1,Il4ra,Tgfb1,Osmr,Il1b,Cd9,Il17ra	9	88	33	Mutter_02
Plasma	SBRT_vs_Ctrl	HALLMARK_ADIPOGENESIS	MSigDB_Hallmark	exploratory	-0.78974228338381	0.750442477876106	0.878194490540989	Apoe,Lep,Cidea,Lifr	4	200	12	Mutter_02
Plasma	SBRT_vs_Ctrl	HALLMARK_BILE_ACID_METABOLISM	MSigDB_Hallmark	exploratory	-0.751520718144003	0.824427480916031	0.878194490540989	Gc,Ar,Sod1	3	112	4	Mutter_02
Plasma	SBRT_vs_Ctrl	HALLMARK_DNA_REPAIR	MSigDB_Hallmark	exploratory	-0.801054362321608	0.767175572519084	0.878194490540989	Tyms	1	150	4	Mutter_02
Plasma	SBRT_vs_Ctrl	HALLMARK_INTERFERON_ALPHA_RESPONSE	MSigDB_Hallmark	exploratory	0.727927188440676	0.824324324324324	0.878194490540989	Ifitm3,Ifitm1,Il4ra,Lgals3bp,Bst2	5	100	19	Mutter_02
Plasma	SBRT_vs_Ctrl	HALLMARK_TGF_BETA_SIGNALING	MSigDB_Hallmark	exploratory	0.752609461496463	0.801282051282051	0.878194490540989	Tgfb1,Ctnnb1,Smad3	3	54	9	Mutter_02
Plasma	SBRT_vs_Ctrl	HALLMARK_UV_RESPONSE_UP	MSigDB_Hallmark	exploratory	-0.746230057309637	0.813829787234043	0.878194490540989	Fgf18,H2-M3,H2-Q1	3	158	17	Mutter_02
Plasma	SBRT_vs_Ctrl	HALLMARK_INFLAMMATORY_RESPONSE	MSigDB_Hallmark	exploratory	-0.767550623895045	0.860670194003527	0.897294457578146	Cdkn1a,Tnfaip6,Cd14,Fzd5,Ccl20,Cxcl5,Emp3,Il2rb,Cxcl9,Cd69,Ptger4,Ccrl2,Ffar2,Tlr2	14	201	54	Mutter_02
Plasma	SBRT_vs_Ctrl	TypeI_interferon	project	primary	0.664800390054835	0.879545454545455	0.897869318181818	Ifitm3,Ifitm1	2	19	6	Mutter_02
Plasma	SBRT_vs_Ctrl	HALLMARK_APICAL_JUNCTION	MSigDB_Hallmark	exploratory	0.484269443790261	0.995412844036697	0.995412844036697	Fyb,Bmp1,Itgb1,Myl9,Pfn1,Itga3,Mapk13,Cd274,Icam1,Itgb4	10	199	18	Mutter_02
Plasmablast	MBRT_vs_Ctrl	HALLMARK_ADIPOGENESIS	MSigDB_Hallmark	exploratory	-1.19921443658168	0.252788104089219	0.868699232224324	Sod1,Col4a1	2	200	4	Mutter_02
Plasmablast	MBRT_vs_Ctrl	HALLMARK_ANDROGEN_RESPONSE	MSigDB_Hallmark	exploratory	1.02585587490365	0.424778761061947	0.868699232224324	Ccnd1,Akt1	2	112	8	Mutter_02
Plasmablast	MBRT_vs_Ctrl	HALLMARK_APOPTOSIS	MSigDB_Hallmark	exploratory	1.07875397439353	0.32258064516129	0.868699232224324	Ccnd1,Ifitm3,Krt18,Anxa1,Hmgb2,Atf3,Lmna,Ctnnb1,Lgals3,Bgn	10	160	24	Mutter_02
Plasmablast	MBRT_vs_Ctrl	HALLMARK_ESTROGEN_RESPONSE_EARLY	MSigDB_Hallmark	exploratory	1.25601993455955	0.204301075268817	0.868699232224324	Xbp1,Ccnd1,Krt18	3	200	6	Mutter_02
Plasmablast	MBRT_vs_Ctrl	HALLMARK_ESTROGEN_RESPONSE_LATE	MSigDB_Hallmark	exploratory	1.2063008920598	0.265033407572383	0.868699232224324	Xbp1,Ccnd1	2	206	5	Mutter_02
Plasmablast	MBRT_vs_Ctrl	HALLMARK_FATTY_ACID_METABOLISM	MSigDB_Hallmark	exploratory	1.07548378612927	0.391982182628062	0.868699232224324	S100a10,Lgals1,Ldha	3	157	5	Mutter_02
Plasmablast	MBRT_vs_Ctrl	HALLMARK_G2M_CHECKPOINT	MSigDB_Hallmark	exploratory	1.19803972384616	0.256637168141593	0.868699232224324	Ccnd1,Mt2,Mki67,Stmn1,Hif1a	5	198	8	Mutter_02
Plasmablast	MBRT_vs_Ctrl	HALLMARK_IL6_JAK_STAT3_SIGNALING	MSigDB_Hallmark	exploratory	1.17923037454535	0.242825607064018	0.868699232224324	Stat3,Tlr2,Il15ra,Ifngr2	4	88	12	Mutter_02
Plasmablast	MBRT_vs_Ctrl	HALLMARK_MTORC1_SIGNALING	MSigDB_Hallmark	exploratory	1.11421414123946	0.337719298245614	0.868699232224324	Xbp1,Serpinh1,Ldha	3	201	7	Mutter_02
Plasmablast	MBRT_vs_Ctrl	HALLMARK_MYOGENESIS	MSigDB_Hallmark	exploratory	-1.02990690668198	0.438181818181818	0.868699232224324	Itgb4,Igfbp7,Tpm2	3	201	8	Mutter_02
Plasmablast	MBRT_vs_Ctrl	HALLMARK_P53_PATHWAY	MSigDB_Hallmark	exploratory	-1.24199556727975	0.199275362318841	0.868699232224324	Itgb4,Btg1,Ndrg1,Tap1,Rack1	5	199	14	Mutter_02
Plasmablast	MBRT_vs_Ctrl	HALLMARK_TGF_BETA_SIGNALING	MSigDB_Hallmark	exploratory	-1.08394261593035	0.410780669144981	0.868699232224324	Junb	1	54	4	Mutter_02
Plasmablast	MBRT_vs_Ctrl	HALLMARK_TNFA_SIGNALING_VIA_NFKB	MSigDB_Hallmark	exploratory	-1.05925893406504	0.379962192816635	0.868699232224324	Junb,Zfp36,Btg1,Tap1,Ccl5,Sqstm1,Rela	7	199	21	Mutter_02
Plasmablast	MBRT_vs_Ctrl	HALLMARK_UNFOLDED_PROTEIN_RESPONSE	MSigDB_Hallmark	exploratory	1.26665165610583	0.21505376344086	0.868699232224324	Xbp1,Atf3,Vegfa,Hsp90b1	4	113	4	Mutter_02
Plasmablast	MBRT_vs_Ctrl	HALLMARK_UV_RESPONSE_DN	MSigDB_Hallmark	exploratory	1.16169124222206	0.29646017699115	0.868699232224324	Col1a2,Col1a1,Anxa2	3	144	8	Mutter_02
Plasmablast	MBRT_vs_Ctrl	HALLMARK_UV_RESPONSE_UP	MSigDB_Hallmark	exploratory	-1.50442215262159	0.0473588342440802	0.868699232224324	Junb,Btg1,Tap1,H2-Q1,Sqstm1,H2-M3,Mmp14	7	158	9	Mutter_02
Plasmablast	MBRT_vs_Ctrl	HALLMARK_WNT_BETA_CATENIN_SIGNALING	MSigDB_Hallmark	exploratory	1.08179683155975	0.446088794926004	0.868699232224324	Ctnnb1,Ppard	2	42	3	Mutter_02
Plasmablast	MBRT_vs_Ctrl	HALLMARK_XENOBIOTIC_METABOLISM	MSigDB_Hallmark	exploratory	1.37446879580977	0.126948775055679	0.868699232224324	Mt2,Apoe,Ppard,Ptges3	4	203	5	Mutter_02
Plasmablast	MBRT_vs_Ctrl	TypeII_interferon	project	primary	-1.07353369313178	0.415162454873646	0.868699232224324	H2-Aa,Cd74,H2-Eb1	3	17	5	Mutter_02
Plasmablast	MBRT_vs_Ctrl	HALLMARK_APICAL_JUNCTION	MSigDB_Hallmark	exploratory	-0.968124809716596	0.53971119133574	0.907696094519199	Itgb4,Ptprc	2	199	5	Mutter_02
Plasmablast	MBRT_vs_Ctrl	HALLMARK_CHOLESTEROL_HOMEOSTASIS	MSigDB_Hallmark	exploratory	0.941249877010569	0.50752688172043	0.907696094519199	Atf3,Ctnnb1,Lgals3,Tnfrsf12a,Cd9	5	75	6	Mutter_02
Plasmablast	MBRT_vs_Ctrl	HALLMARK_E2F_TARGETS	MSigDB_Hallmark	exploratory	0.937373527542303	0.517543859649123	0.907696094519199	Mki67,Hmgb2,Stmn1	3	200	7	Mutter_02
Plasmablast	MBRT_vs_Ctrl	HALLMARK_HYPOXIA	MSigDB_Hallmark	exploratory	-0.895759922489495	0.594594594594595	0.916666666666667	Zfp36,Btg1,Ndrg1	3	200	13	Mutter_02
Plasmablast	MBRT_vs_Ctrl	HALLMARK_PI3K_AKT_MTOR_SIGNALING	MSigDB_Hallmark	exploratory	0.877985471741153	0.594298245614035	0.916666666666667	Akt1,Pfn1	2	105	7	Mutter_02
Plasmablast	MBRT_vs_Ctrl	HALLMARK_COAGULATION	MSigDB_Hallmark	exploratory	-0.80968401583775	0.722735674676525	0.985275689223058	Fn1,Dusp6	2	139	10	Mutter_02
Plasmablast	MBRT_vs_Ctrl	HALLMARK_INTERFERON_ALPHA_RESPONSE	MSigDB_Hallmark	exploratory	-0.831329982670924	0.701851851851852	0.985275689223058	Cd47,Sell,Tap1,Lgals3bp,Cd74,Il4ra	6	100	11	Mutter_02
Plasmablast	MBRT_vs_Ctrl	HALLMARK_KRAS_SIGNALING_UP	MSigDB_Hallmark	exploratory	0.775068677581903	0.745614035087719	0.985275689223058	Fcer1g	1	203	7	Mutter_02
Plasmablast	MBRT_vs_Ctrl	HALLMARK_PROTEIN_SECRETION	MSigDB_Hallmark	exploratory	0.812279773338214	0.679287305122494	0.985275689223058	Krt18,Cd63	2	96	5	Mutter_02
Plasmablast	MBRT_vs_Ctrl	HALLMARK_ALLOGRAFT_REJECTION	MSigDB_Hallmark	exploratory	-0.745542121890124	0.828096118299446	0.987948051948052	Ly75,Cd47,H2-T23,Tap1,Ccl5,Ptprc	6	201	23	Mutter_02
Plasmablast	MBRT_vs_Ctrl	HALLMARK_COMPLEMENT	MSigDB_Hallmark	exploratory	0.628206259295382	0.932900432900433	0.987948051948052	Fcer1g,C1qc,Pfn1	3	196	11	Mutter_02
Plasmablast	MBRT_vs_Ctrl	HALLMARK_EPITHELIAL_MESENCHYMAL_TRANSITION	MSigDB_Hallmark	exploratory	0.702411422441467	0.892241379310345	0.987948051948052	Col1a2,Col1a1	2	206	20	Mutter_02
Plasmablast	MBRT_vs_Ctrl	HALLMARK_GLYCOLYSIS	MSigDB_Hallmark	exploratory	-0.599102208803628	0.934545454545455	0.987948051948052	Sod1	1	200	8	Mutter_02
Plasmablast	MBRT_vs_Ctrl	HALLMARK_IL2_STAT5_SIGNALING	MSigDB_Hallmark	exploratory	0.74912353730936	0.827740492170022	0.987948051948052	Xbp1,Ifitm3,Cst7	3	199	13	Mutter_02
Plasmablast	MBRT_vs_Ctrl	HALLMARK_MYC_TARGETS_V1	MSigDB_Hallmark	exploratory	-0.690378596345751	0.853479853479854	0.987948051948052	Rack1,Hsp90ab1,Tyms	3	201	7	Mutter_02
Plasmablast	MBRT_vs_Ctrl	HALLMARK_OXIDATIVE_PHOSPHORYLATION	MSigDB_Hallmark	exploratory	0.633325828052915	0.89247311827957	0.987948051948052	Ldha,Bax,Atp5e,Glud1	4	199	4	Mutter_02
Plasmablast	MBRT_vs_Ctrl	HALLMARK_INFLAMMATORY_RESPONSE	MSigDB_Hallmark	exploratory	-0.568456047969311	0.963702359346643	0.990471869328494	Nod2,Sell,Ccl5,Rela,Mmp14	5	201	15	Mutter_02
Plasmablast	MBRT_vs_Ctrl	HALLMARK_INTERFERON_GAMMA_RESPONSE	MSigDB_Hallmark	exploratory	-0.529005373267204	0.992380952380952	0.992380952380952	Btg1,Tap1,H2-D1,Ccl5,Lgals3bp,H2-M3,H2-Aa,Cd74,Il4ra,H2-Eb1	10	205	25	Mutter_02
Plasmablast	MBRT_vs_SBRT	HALLMARK_E2F_TARGETS	MSigDB_Hallmark	exploratory	-1.83565385082309	0.00806009536855986	0.161787307991721	Hmgb2,Pcna,Dnmt1,Mki67,Stmn1	5	200	7	Mutter_02
Plasmablast	MBRT_vs_SBRT	HALLMARK_XENOBIOTIC_METABOLISM	MSigDB_Hallmark	exploratory	1.63372965460138	0.00874525989144438	0.161787307991721	Ppard,Apoe,Mt2	3	203	5	Mutter_02
Plasmablast	MBRT_vs_SBRT	HALLMARK_WNT_BETA_CATENIN_SIGNALING	MSigDB_Hallmark	exploratory	1.52740919704881	0.0135785871866799	0.167469241969052	Ppard,Ctnnb1	2	42	3	Mutter_02
Plasmablast	MBRT_vs_SBRT	HALLMARK_ESTROGEN_RESPONSE_EARLY	MSigDB_Hallmark	exploratory	-1.58668535027083	0.0243960469900616	0.22566343465807	Krt8,Igf1r,Krt18,Xbp1	4	200	6	Mutter_02
Plasmablast	MBRT_vs_SBRT	HALLMARK_MYOGENESIS	MSigDB_Hallmark	exploratory	-1.53226536611212	0.0651685393258427	0.482247191011236	Clu,Igfbp7,Itgb4	3	201	8	Mutter_02
Plasmablast	MBRT_vs_SBRT	HALLMARK_KRAS_SIGNALING_UP	MSigDB_Hallmark	exploratory	1.42333815154886	0.115107913669065	0.709832134292566	Spp1,Mmp9,Eng,Fcer1g	4	203	7	Mutter_02
Plasmablast	MBRT_vs_SBRT	HALLMARK_MYC_TARGETS_V1	MSigDB_Hallmark	exploratory	-1.34142940508745	0.165178571428571	0.873086734693878	Pcna,Ppia,Ptges3	3	201	7	Mutter_02
Plasmablast	MBRT_vs_SBRT	HALLMARK_APICAL_JUNCTION	MSigDB_Hallmark	exploratory	-1.24755339268069	0.236203090507726	0.940247252747253	Itgb4,Ptprc	2	199	5	Mutter_02
Plasmablast	MBRT_vs_SBRT	HALLMARK_EPITHELIAL_MESENCHYMAL_TRANSITION	MSigDB_Hallmark	exploratory	1.10193048503715	0.318264014466546	0.940247252747253	Fn1,Spp1,Cald1,Vegfa	4	206	20	Mutter_02
Plasmablast	MBRT_vs_SBRT	HALLMARK_HYPOXIA	MSigDB_Hallmark	exploratory	1.10877029525851	0.330241187384045	0.940247252747253	Mt2,Vegfa,Jun,Ndrg1,Zfp36,Bgn,Ier3,Anxa2,Ldha	9	200	13	Mutter_02
Plasmablast	MBRT_vs_SBRT	HALLMARK_IL6_JAK_STAT3_SIGNALING	MSigDB_Hallmark	exploratory	1.12533371523222	0.314018691588785	0.940247252747253	Tlr2,Ltbr,Stat1,Stat3,Jun,Cd9,Il15ra,Cd44	8	88	12	Mutter_02
Plasmablast	MBRT_vs_SBRT	HALLMARK_INTERFERON_GAMMA_RESPONSE	MSigDB_Hallmark	exploratory	1.19875615746187	0.205217391304348	0.940247252747253	Casp8,Mt2,H2-M3,Stat1,Lgals3bp,Ifitm3,Hif1a,Tnfaip6,Stat3,H2-DMa,H2-Aa,Il15ra,Nfkbia	13	205	25	Mutter_02
Plasmablast	MBRT_vs_SBRT	HALLMARK_PI3K_AKT_MTOR_SIGNALING	MSigDB_Hallmark	exploratory	-1.13549434924169	0.330357142857143	0.940247252747253	Arf1,Sqstm1,Hsp90b1	3	105	7	Mutter_02
Plasmablast	MBRT_vs_SBRT	HALLMARK_ADIPOGENESIS	MSigDB_Hallmark	exploratory	0.835297900473515	0.682156133828996	0.992714025500911	Apoe	1	200	4	Mutter_02
Plasmablast	MBRT_vs_SBRT	HALLMARK_ALLOGRAFT_REJECTION	MSigDB_Hallmark	exploratory	0.811553087830139	0.725490196078431	0.992714025500911	Srgn,Tlr2,H2-M3,Stat1,H2-T23,Mmp9	6	201	23	Mutter_02
Plasmablast	MBRT_vs_SBRT	HALLMARK_ANDROGEN_RESPONSE	MSigDB_Hallmark	exploratory	-0.828450833598588	0.635955056179775	0.992714025500911	Krt8	1	112	8	Mutter_02
Plasmablast	MBRT_vs_SBRT	HALLMARK_APOPTOSIS	MSigDB_Hallmark	exploratory	0.755419772495054	0.814360770577934	0.992714025500911	Casp8,Ctnnb1,Rela,Anxa1,Sat1,Bax,Ifitm3	7	160	24	Mutter_02
Plasmablast	MBRT_vs_SBRT	HALLMARK_CHOLESTEROL_HOMEOSTASIS	MSigDB_Hallmark	exploratory	-1.01760222448578	0.414686825053996	0.992714025500911	Clu	1	75	6	Mutter_02
Plasmablast	MBRT_vs_SBRT	HALLMARK_COAGULATION	MSigDB_Hallmark	exploratory	1.00792900818524	0.449908925318761	0.992714025500911	Fn1,Anxa1,Mmp9	3	139	10	Mutter_02
Plasmablast	MBRT_vs_SBRT	HALLMARK_COMPLEMENT	MSigDB_Hallmark	exploratory	0.82507334836794	0.694139194139194	0.992714025500911	Fn1,C1qc,Fcer1g	3	196	11	Mutter_02
Plasmablast	MBRT_vs_SBRT	HALLMARK_ESTROGEN_RESPONSE_LATE	MSigDB_Hallmark	exploratory	-0.636642807143892	0.887417218543046	0.992714025500911	Xbp1,Ccnd1,Cd44,Zfp36,Cd9	5	206	5	Mutter_02
Plasmablast	MBRT_vs_SBRT	HALLMARK_FATTY_ACID_METABOLISM	MSigDB_Hallmark	exploratory	0.678607602862881	0.877959927140255	0.992714025500911	S100a10,Ldha,Lgals1,Hsp90aa1,Mif	5	157	5	Mutter_02
Plasmablast	MBRT_vs_SBRT	HALLMARK_G2M_CHECKPOINT	MSigDB_Hallmark	exploratory	0.832441340893577	0.629032258064516	0.992714025500911	Mt2,Ube2c	2	198	8	Mutter_02
Plasmablast	MBRT_vs_SBRT	HALLMARK_GLYCOLYSIS	MSigDB_Hallmark	exploratory	-0.589683856748125	0.941573033707865	0.992714025500911	Ppia,Stmn1	2	200	8	Mutter_02
Plasmablast	MBRT_vs_SBRT	HALLMARK_IL2_STAT5_SIGNALING	MSigDB_Hallmark	exploratory	-0.957417087910924	0.509719222462203	0.992714025500911	Igf1r,Sell,Xbp1,Il4ra,Gadd45b,Cd81	6	199	13	Mutter_02
Plasmablast	MBRT_vs_SBRT	HALLMARK_INFLAMMATORY_RESPONSE	MSigDB_Hallmark	exploratory	0.660447986569885	0.901639344262295	0.992714025500911	Tlr2,Rela,Hif1a,Tnfaip6,Il15ra,Nfkbia,Nod2	7	201	15	Mutter_02
Plasmablast	MBRT_vs_SBRT	HALLMARK_INTERFERON_ALPHA_RESPONSE	MSigDB_Hallmark	exploratory	0.755130194027429	0.785714285714286	0.992714025500911	Casp8,Lgals3bp,Ifitm3	3	100	11	Mutter_02
Plasmablast	MBRT_vs_SBRT	HALLMARK_MTORC1_SIGNALING	MSigDB_Hallmark	exploratory	-0.871967476903561	0.573660714285714	0.992714025500911	Ppia,Xbp1,Sqstm1,Hsp90b1	4	201	7	Mutter_02
Plasmablast	MBRT_vs_SBRT	HALLMARK_OXIDATIVE_PHOSPHORYLATION	MSigDB_Hallmark	exploratory	-0.503910467718947	0.984978540772532	0.992714025500911	Atp5e,Glud1	2	199	4	Mutter_02
Plasmablast	MBRT_vs_SBRT	HALLMARK_P53_PATHWAY	MSigDB_Hallmark	exploratory	-0.755248744334153	0.800438596491228	0.992714025500911	Pcna,Itgb4	2	199	14	Mutter_02
Plasmablast	MBRT_vs_SBRT	HALLMARK_PROTEIN_SECRETION	MSigDB_Hallmark	exploratory	-0.958276837011828	0.514348785871965	0.992714025500911	Arf1,Krt18	2	96	5	Mutter_02
Plasmablast	MBRT_vs_SBRT	HALLMARK_TGF_BETA_SIGNALING	MSigDB_Hallmark	exploratory	0.917149266380842	0.589219330855019	0.992714025500911	Ctnnb1,Eng	2	54	4	Mutter_02
Plasmablast	MBRT_vs_SBRT	HALLMARK_TNFA_SIGNALING_VIA_NFKB	MSigDB_Hallmark	exploratory	0.779445588404107	0.784452296819788	0.992714025500911	Tlr2,Rela,Vegfa,Sat1,Tnfaip6,Jun,Zfp36,Il15ra,Nfkbia,Ier3,Cd44	11	199	21	Mutter_02
Plasmablast	MBRT_vs_SBRT	HALLMARK_UNFOLDED_PROTEIN_RESPONSE	MSigDB_Hallmark	exploratory	0.636318810320109	0.892193308550186	0.992714025500911	Vegfa	1	113	4	Mutter_02
Plasmablast	MBRT_vs_SBRT	HALLMARK_UV_RESPONSE_DN	MSigDB_Hallmark	exploratory	-0.967728322818284	0.478651685393258	0.992714025500911	Igf1r,Col1a2,Nfkb1,Col1a1	4	144	8	Mutter_02
Plasmablast	MBRT_vs_SBRT	HALLMARK_UV_RESPONSE_UP	MSigDB_Hallmark	exploratory	0.584329963398281	0.932142857142857	0.992714025500911	H2-M3,Nfkbia,Tap1,Mmp14,H2-Q1,Btg1,Atf3,Sqstm1,Junb	9	158	9	Mutter_02
Plasmablast	MBRT_vs_SBRT	TypeII_interferon	project	primary	0.472296388526248	0.992714025500911	0.992714025500911	Stat1	1	17	5	Mutter_02
Plasmablast	SBRT_vs_Ctrl	HALLMARK_E2F_TARGETS	MSigDB_Hallmark	exploratory	1.90302020082097	0.000427901614107833	0.0158323597219898	Hmgb2,Mki67,Pcna,Stmn1	4	200	7	Mutter_02
Plasmablast	SBRT_vs_Ctrl	HALLMARK_ESTROGEN_RESPONSE_EARLY	MSigDB_Hallmark	exploratory	1.797781992056	0.00145014573701776	0.0268276961348286	Xbp1,Ccnd1,Krt8,Krt18	4	200	6	Mutter_02
Plasmablast	SBRT_vs_Ctrl	HALLMARK_ADIPOGENESIS	MSigDB_Hallmark	exploratory	-1.26590156934376	0.171483622350674	0.616666666666667	Sod1,Apoe	2	200	4	Mutter_02
Plasmablast	SBRT_vs_Ctrl	HALLMARK_ALLOGRAFT_REJECTION	MSigDB_Hallmark	exploratory	-1.1825595848347	0.227360308285164	0.616666666666667	H2-T23,H2-M3,Tap1,H2-Aa,Stat1,Mmp9,H2-DMb1,Cd47,Csk	9	201	23	Mutter_02
Plasmablast	SBRT_vs_Ctrl	HALLMARK_ESTROGEN_RESPONSE_LATE	MSigDB_Hallmark	exploratory	1.2357088310436	0.222222222222222	0.616666666666667	Xbp1,Ccnd1	2	206	5	Mutter_02
Plasmablast	SBRT_vs_Ctrl	HALLMARK_G2M_CHECKPOINT	MSigDB_Hallmark	exploratory	1.29192227636784	0.182572614107884	0.616666666666667	Ccnd1,Mki67,Stmn1	3	198	8	Mutter_02
Plasmablast	SBRT_vs_Ctrl	HALLMARK_INTERFERON_ALPHA_RESPONSE	MSigDB_Hallmark	exploratory	-1.25284150660502	0.182879377431907	0.616666666666667	Casp8,Lgals3bp,Tap1,Cd47	4	100	11	Mutter_02
Plasmablast	SBRT_vs_Ctrl	HALLMARK_INTERFERON_GAMMA_RESPONSE	MSigDB_Hallmark	exploratory	-1.38493315359182	0.0830188679245283	0.616666666666667	H2-M3,Casp8,Lgals3bp,Tap1,Btg1,H2-Aa,Stat1	7	205	25	Mutter_02
Plasmablast	SBRT_vs_Ctrl	HALLMARK_MTORC1_SIGNALING	MSigDB_Hallmark	exploratory	1.36733983921125	0.13125	0.616666666666667	Xbp1,Ppia,Hsp90b1,Ldha	4	201	7	Mutter_02
Plasmablast	SBRT_vs_Ctrl	HALLMARK_PI3K_AKT_MTOR_SIGNALING	MSigDB_Hallmark	exploratory	1.23263597271786	0.233333333333333	0.616666666666667	Akt1,Pfn1,Hsp90b1,Arf1	4	105	7	Mutter_02
Plasmablast	SBRT_vs_Ctrl	HALLMARK_UNFOLDED_PROTEIN_RESPONSE	MSigDB_Hallmark	exploratory	1.27776104433135	0.22360248447205	0.616666666666667	Xbp1,Atf3,Hsp90b1	3	113	4	Mutter_02
Plasmablast	SBRT_vs_Ctrl	HALLMARK_UV_RESPONSE_DN	MSigDB_Hallmark	exploratory	1.30628555015956	0.172199170124481	0.616666666666667	Col1a2,Col1a1,Anxa2,Nfkb1	4	144	8	Mutter_02
Plasmablast	SBRT_vs_Ctrl	HALLMARK_UV_RESPONSE_UP	MSigDB_Hallmark	exploratory	-1.33931691321125	0.135135135135135	0.616666666666667	Junb,H2-M3,Tap1,Btg1,H2-Q1,Nfkbia,Mmp14	7	158	9	Mutter_02
Plasmablast	SBRT_vs_Ctrl	TypeII_interferon	project	primary	-1.49827436548063	0.0544858374860683	0.616666666666667	H2-Aa,Stat1	2	17	5	Mutter_02
Plasmablast	SBRT_vs_Ctrl	HALLMARK_WNT_BETA_CATENIN_SIGNALING	MSigDB_Hallmark	exploratory	-1.17412277973422	0.263473053892216	0.649900199600799	Ppard,Ctnnb1	2	42	3	Mutter_02
Plasmablast	SBRT_vs_Ctrl	HALLMARK_APOPTOSIS	MSigDB_Hallmark	exploratory	1.11786945082377	0.304621848739496	0.663000494315373	Hmgb2,Ccnd1,Krt18,Clu,Atf3,Ifitm3	6	160	24	Mutter_02
Plasmablast	SBRT_vs_Ctrl	HALLMARK_FATTY_ACID_METABOLISM	MSigDB_Hallmark	exploratory	1.14475510710873	0.300411522633745	0.663000494315373	S100a10,Lgals1,Ldha	3	157	5	Mutter_02
Plasmablast	SBRT_vs_Ctrl	HALLMARK_CHOLESTEROL_HOMEOSTASIS	MSigDB_Hallmark	exploratory	1.09302628923831	0.348195329087049	0.715734843123378	Clu,Atf3,Lgals3,Tnfrsf12a	4	75	6	Mutter_02
Plasmablast	SBRT_vs_Ctrl	HALLMARK_COAGULATION	MSigDB_Hallmark	exploratory	-1.04869267795793	0.392996108949416	0.723770005927682	Fn1	1	139	10	Mutter_02
Plasmablast	SBRT_vs_Ctrl	HALLMARK_MYC_TARGETS_V1	MSigDB_Hallmark	exploratory	1.03791204936165	0.410416666666667	0.723770005927682	Pcna,Ppia,Ptges3	3	201	7	Mutter_02
Plasmablast	SBRT_vs_Ctrl	HALLMARK_MYOGENESIS	MSigDB_Hallmark	exploratory	1.04110736510432	0.410788381742739	0.723770005927682	Col1a1,Clu,Col6a3,Igfbp7,Gadd45b	5	201	8	Mutter_02
Plasmablast	SBRT_vs_Ctrl	HALLMARK_ANDROGEN_RESPONSE	MSigDB_Hallmark	exploratory	0.944548811080501	0.522821576763486	0.786694101508916	Ccnd1,Krt8,Akt1	3	112	8	Mutter_02
Plasmablast	SBRT_vs_Ctrl	HALLMARK_HYPOXIA	MSigDB_Hallmark	exploratory	-0.953065327346023	0.525193798449612	0.786694101508916	Zfp36,Ndrg1,Btg1	3	200	13	Mutter_02
Plasmablast	SBRT_vs_Ctrl	HALLMARK_KRAS_SIGNALING_UP	MSigDB_Hallmark	exploratory	-0.989327233080664	0.495219885277247	0.786694101508916	Spp1,Cd37,Mmp9,Dusp6	4	203	7	Mutter_02
Plasmablast	SBRT_vs_Ctrl	HALLMARK_PROTEIN_SECRETION	MSigDB_Hallmark	exploratory	0.913621783870926	0.574074074074074	0.786694101508916	Krt18	1	96	5	Mutter_02
Plasmablast	SBRT_vs_Ctrl	HALLMARK_TNFA_SIGNALING_VIA_NFKB	MSigDB_Hallmark	exploratory	-0.927948258923066	0.566990291262136	0.786694101508916	Junb,Zfp36,Rela,Tap1,Btg1,Sat1,Nfkbia,Vegfa,Cd44,Tnfaip6,Jun,Ccl5	12	199	21	Mutter_02
Plasmablast	SBRT_vs_Ctrl	HALLMARK_XENOBIOTIC_METABOLISM	MSigDB_Hallmark	exploratory	-0.957935522055112	0.558139534883721	0.786694101508916	Ppard,Apoe	2	203	5	Mutter_02
Plasmablast	SBRT_vs_Ctrl	HALLMARK_COMPLEMENT	MSigDB_Hallmark	exploratory	-0.890046079641271	0.601167315175097	0.794399666481379	Fn1	1	196	11	Mutter_02
Plasmablast	SBRT_vs_Ctrl	HALLMARK_EPITHELIAL_MESENCHYMAL_TRANSITION	MSigDB_Hallmark	exploratory	-0.852174536243584	0.672447013487476	0.80259804835602	Fn1,Spp1	2	206	20	Mutter_02
Plasmablast	SBRT_vs_Ctrl	HALLMARK_P53_PATHWAY	MSigDB_Hallmark	exploratory	-0.875581693416193	0.630350194552529	0.80259804835602	Ndrg1,Tap1,Btg1,Rxra,Rack1,Bax,Sat1	7	199	14	Mutter_02
Plasmablast	SBRT_vs_Ctrl	HALLMARK_TGF_BETA_SIGNALING	MSigDB_Hallmark	exploratory	-0.857739929817673	0.672447013487476	0.80259804835602	Junb	1	54	4	Mutter_02
Plasmablast	SBRT_vs_Ctrl	HALLMARK_APICAL_JUNCTION	MSigDB_Hallmark	exploratory	-0.630984707347413	0.891472868217054	0.942414174972314	Mmp9,Itga3	2	199	5	Mutter_02
Plasmablast	SBRT_vs_Ctrl	HALLMARK_GLYCOLYSIS	MSigDB_Hallmark	exploratory	0.682603291457171	0.881742738589212	0.942414174972314	Stmn1,Ppia	2	200	8	Mutter_02
Plasmablast	SBRT_vs_Ctrl	HALLMARK_IL2_STAT5_SIGNALING	MSigDB_Hallmark	exploratory	-0.724179287309424	0.843023255813954	0.942414174972314	Spp1,Ndrg1	2	199	13	Mutter_02
Plasmablast	SBRT_vs_Ctrl	HALLMARK_INFLAMMATORY_RESPONSE	MSigDB_Hallmark	exploratory	-0.727146375537734	0.826254826254826	0.942414174972314	Rela,Nod2	2	201	15	Mutter_02
Plasmablast	SBRT_vs_Ctrl	HALLMARK_IL6_JAK_STAT3_SIGNALING	MSigDB_Hallmark	exploratory	0.419484992438569	1	1	Ifngr2,Stat3,Tnfrsf12a,Il15ra,Tnfrsf1a,Il4ra,Cd9,Tlr2,Jun,Cd44,Ltbr,Stat1	12	88	12	Mutter_02
Plasmablast	SBRT_vs_Ctrl	HALLMARK_OXIDATIVE_PHOSPHORYLATION	MSigDB_Hallmark	exploratory	-0.472965555505967	0.988439306358381	1	Bax,Glud1,Atp5e,Ldha	4	199	4	Mutter_02
Spleen.CD4Act.48hrs	MBRT_vs_Ctrl	HALLMARK_ANDROGEN_RESPONSE	MSigDB_Hallmark	exploratory	-1.5209941361812	0.0578158458244111	0.508108108108108	B2m,Ndrg1,Ccnd1,Krt8	4	112	5	Mutter_02
Spleen.CD4Act.48hrs	MBRT_vs_Ctrl	HALLMARK_GLYCOLYSIS	MSigDB_Hallmark	exploratory	1.54276936871191	0.0533660137812765	0.508108108108108	Ldha,Stmn1,Mif,Cd44,Vegfa	5	200	6	Mutter_02
Spleen.CD4Act.48hrs	MBRT_vs_Ctrl	HALLMARK_INTERFERON_ALPHA_RESPONSE	MSigDB_Hallmark	exploratory	-1.47384357402538	0.0714285714285714	0.508108108108108	B2m,Bst2,Ifitm3,Tap1	4	100	6	Mutter_02
Spleen.CD4Act.48hrs	MBRT_vs_Ctrl	HALLMARK_KRAS_SIGNALING_UP	MSigDB_Hallmark	exploratory	1.42366166618659	0.0767754318618042	0.508108108108108	Arg1	1	203	4	Mutter_02
Spleen.CD4Act.48hrs	MBRT_vs_Ctrl	HALLMARK_MTORC1_SIGNALING	MSigDB_Hallmark	exploratory	1.38746517214884	0.0846846846846847	0.508108108108108	Xbp1,Ldha,Serpinh1	3	201	6	Mutter_02
Spleen.CD4Act.48hrs	MBRT_vs_Ctrl	HALLMARK_XENOBIOTIC_METABOLISM	MSigDB_Hallmark	exploratory	1.38447830328137	0.106589147286822	0.532945736434109	Arg1,Ptges3	2	203	3	Mutter_02
Spleen.CD4Act.48hrs	MBRT_vs_Ctrl	HALLMARK_EPITHELIAL_MESENCHYMAL_TRANSITION	MSigDB_Hallmark	exploratory	1.27312716552183	0.168300653594771	0.620601407549584	Col1a1,Bgn,Col1a2,Cd44,Serpinh1,Jun,Vegfa	7	206	13	Mutter_02
Spleen.CD4Act.48hrs	MBRT_vs_Ctrl	HALLMARK_FATTY_ACID_METABOLISM	MSigDB_Hallmark	exploratory	1.2830365529056	0.186180422264875	0.620601407549584	Ldha,Mif,S100a10	3	157	4	Mutter_02
Spleen.CD4Act.48hrs	MBRT_vs_Ctrl	HALLMARK_UNFOLDED_PROTEIN_RESPONSE	MSigDB_Hallmark	exploratory	1.30305316616673	0.178294573643411	0.620601407549584	Xbp1,Vegfa	2	113	3	Mutter_02
Spleen.CD4Act.48hrs	MBRT_vs_Ctrl	HALLMARK_ALLOGRAFT_REJECTION	MSigDB_Hallmark	exploratory	-1.19196505816876	0.235897435897436	0.707692307692308	H2-T23,B2m,Stat1	3	201	13	Mutter_02
Spleen.CD4Act.48hrs	MBRT_vs_Ctrl	HALLMARK_CHOLESTEROL_HOMEOSTASIS	MSigDB_Hallmark	exploratory	-1.19257438795195	0.283673469387755	0.773654916512059	Clu,Tnfrsf12a	2	75	3	Mutter_02
Spleen.CD4Act.48hrs	MBRT_vs_Ctrl	HALLMARK_APICAL_JUNCTION	MSigDB_Hallmark	exploratory	-1.03052345992531	0.441113490364026	0.800046992481203	Itga3,Itgb4,Mmp9,Ptprc	4	199	5	Mutter_02
Spleen.CD4Act.48hrs	MBRT_vs_Ctrl	HALLMARK_HYPOXIA	MSigDB_Hallmark	exploratory	1.03048088767095	0.442622950819672	0.800046992481203	Ldha,Bgn,Mif,Jun,Vegfa	5	200	7	Mutter_02
Spleen.CD4Act.48hrs	MBRT_vs_Ctrl	HALLMARK_INFLAMMATORY_RESPONSE	MSigDB_Hallmark	exploratory	1.00319873371198	0.488847583643123	0.800046992481203	Il15ra,Ccl5,Cd48,Cxcl10	4	201	5	Mutter_02
Spleen.CD4Act.48hrs	MBRT_vs_Ctrl	HALLMARK_INTERFERON_GAMMA_RESPONSE	MSigDB_Hallmark	exploratory	-1.03268244536454	0.394329896907216	0.800046992481203	B2m,Stat1,Bst2,Ifitm3,Tap1,H2-D1,H2-Aa	7	205	12	Mutter_02
Spleen.CD4Act.48hrs	MBRT_vs_Ctrl	HALLMARK_MYC_TARGETS_V1	MSigDB_Hallmark	exploratory	0.991878279709642	0.495495495495496	0.800046992481203	Ptges3,Ldha	2	201	6	Mutter_02
Spleen.CD4Act.48hrs	MBRT_vs_Ctrl	HALLMARK_P53_PATHWAY	MSigDB_Hallmark	exploratory	-0.982251922251205	0.506696428571429	0.800046992481203	Ndrg1,Rack1,Tap1,Itgb4	4	199	6	Mutter_02
Spleen.CD4Act.48hrs	MBRT_vs_Ctrl	HALLMARK_TNFA_SIGNALING_VIA_NFKB	MSigDB_Hallmark	exploratory	0.975696505118182	0.487135506003431	0.800046992481203	Il15ra,Ccl5,Cd44,Jun,Vegfa,Cxcl10	6	199	10	Mutter_02
Spleen.CD4Act.48hrs	MBRT_vs_Ctrl	TypeII_interferon	project	primary	-1.06046279480402	0.421841541755889	0.800046992481203	Stat1	1	17	5	Mutter_02
Spleen.CD4Act.48hrs	MBRT_vs_Ctrl	HALLMARK_COAGULATION	MSigDB_Hallmark	exploratory	-0.914981354691335	0.578158458244111	0.852713178294574	Clu,Mmp9	2	139	5	Mutter_02
Spleen.CD4Act.48hrs	MBRT_vs_Ctrl	HALLMARK_ESTROGEN_RESPONSE_LATE	MSigDB_Hallmark	exploratory	0.9244970963561	0.596899224806202	0.852713178294574	Xbp1,Cd44	2	206	3	Mutter_02
Spleen.CD4Act.48hrs	MBRT_vs_Ctrl	HALLMARK_IL6_JAK_STAT3_SIGNALING	MSigDB_Hallmark	exploratory	0.901374633969123	0.63023679417122	0.859413810233482	Il15ra,Cd44,Tnfrsf1a,Jun,Cxcl10	5	88	7	Mutter_02
Spleen.CD4Act.48hrs	MBRT_vs_Ctrl	HALLMARK_PI3K_AKT_MTOR_SIGNALING	MSigDB_Hallmark	exploratory	0.855396256966752	0.65945945945946	0.860164512338425	Tnfrsf1a,Pfn1,Akt1	3	105	6	Mutter_02
Spleen.CD4Act.48hrs	MBRT_vs_Ctrl	HALLMARK_E2F_TARGETS	MSigDB_Hallmark	exploratory	0.758686920166737	0.765503875968992	0.95687984496124	Stmn1	1	200	3	Mutter_02
Spleen.CD4Act.48hrs	MBRT_vs_Ctrl	HALLMARK_APOPTOSIS	MSigDB_Hallmark	exploratory	-0.72122537552458	0.878627968337731	0.962434877981903	Ccnd1,Ifitm3,Krt18,Clu,Tnfrsf12a,Tap1,Gadd45b	7	160	16	Mutter_02
Spleen.CD4Act.48hrs	MBRT_vs_Ctrl	HALLMARK_COMPLEMENT	MSigDB_Hallmark	exploratory	0.625774986345569	0.898272552783109	0.962434877981903	Ccl5	1	196	4	Mutter_02
Spleen.CD4Act.48hrs	MBRT_vs_Ctrl	HALLMARK_ESTROGEN_RESPONSE_EARLY	MSigDB_Hallmark	exploratory	-0.628315358579398	0.884368308351178	0.962434877981903	Ccnd1,Krt18,Krt8	3	200	5	Mutter_02
Spleen.CD4Act.48hrs	MBRT_vs_Ctrl	HALLMARK_MYOGENESIS	MSigDB_Hallmark	exploratory	0.643888411437206	0.881040892193309	0.962434877981903	Col1a1	1	201	5	Mutter_02
Spleen.CD4Act.48hrs	MBRT_vs_Ctrl	HALLMARK_G2M_CHECKPOINT	MSigDB_Hallmark	exploratory	0.532828935956906	0.947674418604651	0.978142076502732	Stmn1	1	198	3	Mutter_02
Spleen.CD4Act.48hrs	MBRT_vs_Ctrl	HALLMARK_IL2_STAT5_SIGNALING	MSigDB_Hallmark	exploratory	0.532034951917279	0.978142076502732	0.978142076502732	Xbp1,Cd44,Cd48,Cxcl10	4	199	7	Mutter_02
Spleen.CD4Act.48hrs	MBRT_vs_SBRT	HALLMARK_ANDROGEN_RESPONSE	MSigDB_Hallmark	exploratory	-1.59575373935337	0.0180610416781541	0.189916392004267	Ccnd1,Krt8,B2m	3	112	5	Mutter_02
Spleen.CD4Act.48hrs	MBRT_vs_SBRT	HALLMARK_APOPTOSIS	MSigDB_Hallmark	exploratory	-1.58037434709772	0.0189916392004267	0.189916392004267	Ccnd1,Hmgb2,Lmna,Krt18,Ctnnb1	5	160	16	Mutter_02
Spleen.CD4Act.48hrs	MBRT_vs_SBRT	HALLMARK_ESTROGEN_RESPONSE_EARLY	MSigDB_Hallmark	exploratory	-1.66073279460998	0.00898614597888498	0.189916392004267	Ccnd1,Krt8,Krt18	3	200	5	Mutter_02
Spleen.CD4Act.48hrs	MBRT_vs_SBRT	HALLMARK_E2F_TARGETS	MSigDB_Hallmark	exploratory	-1.41868829022604	0.062992125984252	0.31496062992126	Hmgb2,Mki67,Stmn1	3	200	3	Mutter_02
Spleen.CD4Act.48hrs	MBRT_vs_SBRT	HALLMARK_G2M_CHECKPOINT	MSigDB_Hallmark	exploratory	-1.41868829022604	0.062992125984252	0.31496062992126	Ccnd1,Mki67,Stmn1	3	198	3	Mutter_02
Spleen.CD4Act.48hrs	MBRT_vs_SBRT	HALLMARK_IL2_STAT5_SIGNALING	MSigDB_Hallmark	exploratory	1.60758918084999	0.0458293143346917	0.31496062992126	Cxcl10,Cd48,Xbp1	3	199	7	Mutter_02
Spleen.CD4Act.48hrs	MBRT_vs_SBRT	HALLMARK_ESTROGEN_RESPONSE_LATE	MSigDB_Hallmark	exploratory	-1.32919870379674	0.122047244094488	0.523059617547807	Ccnd1	1	206	3	Mutter_02
Spleen.CD4Act.48hrs	MBRT_vs_SBRT	HALLMARK_XENOBIOTIC_METABOLISM	MSigDB_Hallmark	exploratory	1.32873596006849	0.15959595959596	0.531986531986532	Ptges3,Tnfrsf1a,Arg1	3	203	3	Mutter_02
Spleen.CD4Act.48hrs	MBRT_vs_SBRT	TypeII_interferon	project	primary	1.34900798866673	0.151260504201681	0.531986531986532	Cxcl10,H2-Ab1	2	17	5	Mutter_02
Spleen.CD4Act.48hrs	MBRT_vs_SBRT	HALLMARK_INFLAMMATORY_RESPONSE	MSigDB_Hallmark	exploratory	1.30045494251064	0.186974789915966	0.560924369747899	Cxcl10,Ccl5,Cd48,Il15ra	4	201	5	Mutter_02
Spleen.CD4Act.48hrs	MBRT_vs_SBRT	HALLMARK_CHOLESTEROL_HOMEOSTASIS	MSigDB_Hallmark	exploratory	-1.16253623782411	0.312992125984252	0.72228952150212	Ctnnb1,Clu,Tnfrsf12a	3	75	3	Mutter_02
Spleen.CD4Act.48hrs	MBRT_vs_SBRT	HALLMARK_COMPLEMENT	MSigDB_Hallmark	exploratory	1.18942605382996	0.297520661157025	0.72228952150212	Pfn1,Ccl5	2	196	4	Mutter_02
Spleen.CD4Act.48hrs	MBRT_vs_SBRT	HALLMARK_P53_PATHWAY	MSigDB_Hallmark	exploratory	-1.14064216227902	0.30952380952381	0.72228952150212	Itgb4,Rack1	2	199	6	Mutter_02
Spleen.CD4Act.48hrs	MBRT_vs_SBRT	HALLMARK_MYC_TARGETS_V1	MSigDB_Hallmark	exploratory	1.0576948863493	0.37719298245614	0.808270676691729	Tyms,Ptges3	2	201	6	Mutter_02
Spleen.CD4Act.48hrs	MBRT_vs_SBRT	HALLMARK_EPITHELIAL_MESENCHYMAL_TRANSITION	MSigDB_Hallmark	exploratory	-0.948019271206553	0.525167785234899	0.855670103092784	Lgals1,Col1a2,Col4a1,Tnfrsf12a,Cald1,Tpm2	6	206	13	Mutter_02
Spleen.CD4Act.48hrs	MBRT_vs_SBRT	HALLMARK_FATTY_ACID_METABOLISM	MSigDB_Hallmark	exploratory	-0.92785444101209	0.568138195777351	0.855670103092784	Lgals1	1	157	4	Mutter_02
Spleen.CD4Act.48hrs	MBRT_vs_SBRT	HALLMARK_IL6_JAK_STAT3_SIGNALING	MSigDB_Hallmark	exploratory	0.933288464647187	0.539473684210526	0.855670103092784	Cxcl10,Il15ra,Tnfrsf1a	3	88	7	Mutter_02
Spleen.CD4Act.48hrs	MBRT_vs_SBRT	HALLMARK_KRAS_SIGNALING_UP	MSigDB_Hallmark	exploratory	0.978269240086846	0.504132231404959	0.855670103092784	Cxcl10	1	203	4	Mutter_02
Spleen.CD4Act.48hrs	MBRT_vs_SBRT	HALLMARK_MYOGENESIS	MSigDB_Hallmark	exploratory	-1.01866783797856	0.460076045627376	0.855670103092784	Itgb4,Clu,Tpm2	3	201	5	Mutter_02
Spleen.CD4Act.48hrs	MBRT_vs_SBRT	HALLMARK_TNFA_SIGNALING_VIA_NFKB	MSigDB_Hallmark	exploratory	-0.91020399140237	0.570446735395189	0.855670103092784	Ccnd1	1	199	10	Mutter_02
Spleen.CD4Act.48hrs	MBRT_vs_SBRT	HALLMARK_INTERFERON_ALPHA_RESPONSE	MSigDB_Hallmark	exploratory	0.829412692159245	0.655701754385965	0.93671679197995	Cxcl10	1	100	6	Mutter_02
Spleen.CD4Act.48hrs	MBRT_vs_SBRT	HALLMARK_ALLOGRAFT_REJECTION	MSigDB_Hallmark	exploratory	0.806802019099378	0.722358722358722	0.951330798479087	Ccr5,Ccl5,Srgn	3	201	13	Mutter_02
Spleen.CD4Act.48hrs	MBRT_vs_SBRT	HALLMARK_APICAL_JUNCTION	MSigDB_Hallmark	exploratory	-0.724138018278219	0.79277566539924	0.951330798479087	Itgb4,Itga3,Mmp9	3	199	5	Mutter_02
Spleen.CD4Act.48hrs	MBRT_vs_SBRT	HALLMARK_COAGULATION	MSigDB_Hallmark	exploratory	0.767452576002939	0.762605042016807	0.951330798479087	Anxa1	1	139	5	Mutter_02
Spleen.CD4Act.48hrs	MBRT_vs_SBRT	HALLMARK_HYPOXIA	MSigDB_Hallmark	exploratory	0.729364133495983	0.780701754385965	0.951330798479087	Bgn,Mif,Ldha,Vegfa,Ndrg1,Jun,Rbpj	7	200	7	Mutter_02
Spleen.CD4Act.48hrs	MBRT_vs_SBRT	HALLMARK_GLYCOLYSIS	MSigDB_Hallmark	exploratory	-0.632351706090245	0.884615384615385	0.982905982905983	Stmn1,Ppia,Cd44,Vegfa,Ldha,Mif	6	200	6	Mutter_02
Spleen.CD4Act.48hrs	MBRT_vs_SBRT	HALLMARK_INTERFERON_GAMMA_RESPONSE	MSigDB_Hallmark	exploratory	-0.715194992711318	0.866328257191201	0.982905982905983	Stat1,B2m,Bst2,Nlrc5	4	205	12	Mutter_02
Spleen.CD4Act.48hrs	MBRT_vs_SBRT	HALLMARK_MTORC1_SIGNALING	MSigDB_Hallmark	exploratory	-0.480587296628586	0.985347985347985	0.998031496062992	Hsp90b1,Sqstm1,Ppia,Ldha,Serpinh1,Xbp1	6	201	6	Mutter_02
Spleen.CD4Act.48hrs	MBRT_vs_SBRT	HALLMARK_PI3K_AKT_MTOR_SIGNALING	MSigDB_Hallmark	exploratory	0.487785141912335	0.99780701754386	0.998031496062992	Pfn1,Tnfrsf1a	2	105	6	Mutter_02
Spleen.CD4Act.48hrs	MBRT_vs_SBRT	HALLMARK_UNFOLDED_PROTEIN_RESPONSE	MSigDB_Hallmark	exploratory	-0.398536810584486	0.998031496062992	0.998031496062992	Hsp90b1	1	113	3	Mutter_02
Spleen.CD4Act.48hrs	SBRT_vs_Ctrl	HALLMARK_ALLOGRAFT_REJECTION	MSigDB_Hallmark	exploratory	-1.46403454292039	0.0603662860549757	0.284156142365098	H2-T23,Ccr5,Tap1,Ptprc,H2-Aa	5	201	13	Mutter_02
Spleen.CD4Act.48hrs	SBRT_vs_Ctrl	HALLMARK_APOPTOSIS	MSigDB_Hallmark	exploratory	1.36524795660771	0.092436974789916	0.284156142365098	Gpx1,Hmgb2,Ccnd1,Ctnnb1,Lmna,Bgn,Cd44,Jun	8	160	16	Mutter_02
Spleen.CD4Act.48hrs	SBRT_vs_Ctrl	HALLMARK_E2F_TARGETS	MSigDB_Hallmark	exploratory	1.39112231988688	0.0858208955223881	0.284156142365098	Stmn1,Hmgb2	2	200	3	Mutter_02
Spleen.CD4Act.48hrs	SBRT_vs_Ctrl	HALLMARK_EPITHELIAL_MESENCHYMAL_TRANSITION	MSigDB_Hallmark	exploratory	1.35178091699189	0.113861386138614	0.284156142365098	Col1a2,Col1a1,Lgals1,Bgn,Cd44,Jun	6	206	13	Mutter_02
Spleen.CD4Act.48hrs	SBRT_vs_Ctrl	HALLMARK_ESTROGEN_RESPONSE_EARLY	MSigDB_Hallmark	exploratory	1.49340282324522	0.0533562822719449	0.284156142365098	Ccnd1,Krt8,Xbp1,Cd44	4	200	5	Mutter_02
Spleen.CD4Act.48hrs	SBRT_vs_Ctrl	HALLMARK_ESTROGEN_RESPONSE_LATE	MSigDB_Hallmark	exploratory	1.36625047498801	0.108208955223881	0.284156142365098	Ccnd1,Xbp1,Cd44	3	206	3	Mutter_02
Spleen.CD4Act.48hrs	SBRT_vs_Ctrl	HALLMARK_G2M_CHECKPOINT	MSigDB_Hallmark	exploratory	1.36308476200913	0.110074626865672	0.284156142365098	Stmn1,Ccnd1	2	198	3	Mutter_02
Spleen.CD4Act.48hrs	SBRT_vs_Ctrl	HALLMARK_GLYCOLYSIS	MSigDB_Hallmark	exploratory	1.59906538231725	0.0276411921971634	0.284156142365098	Stmn1,Ldha,Mif,Cd44	4	200	6	Mutter_02
Spleen.CD4Act.48hrs	SBRT_vs_Ctrl	HALLMARK_INTERFERON_ALPHA_RESPONSE	MSigDB_Hallmark	exploratory	-1.65925978848936	0.0314495047908116	0.284156142365098	Cxcl10,Tap1,Ifitm3	3	100	6	Mutter_02
Spleen.CD4Act.48hrs	SBRT_vs_Ctrl	HALLMARK_INTERFERON_GAMMA_RESPONSE	MSigDB_Hallmark	exploratory	-1.33924996533152	0.103015075376884	0.284156142365098	Cxcl10,Tap1,Ifitm3,H2-Aa,H2-D1	5	205	12	Mutter_02
Spleen.CD4Act.48hrs	SBRT_vs_Ctrl	HALLMARK_MTORC1_SIGNALING	MSigDB_Hallmark	exploratory	1.35862664086945	0.103092783505155	0.284156142365098	Ldha,Xbp1,Hsp90b1,Serpinh1	4	201	6	Mutter_02
Spleen.CD4Act.48hrs	SBRT_vs_Ctrl	HALLMARK_XENOBIOTIC_METABOLISM	MSigDB_Hallmark	exploratory	1.34655419468246	0.123134328358209	0.284156142365098	Arg1,Ptges3	2	203	3	Mutter_02
Spleen.CD4Act.48hrs	SBRT_vs_Ctrl	TypeII_interferon	project	primary	-1.61790877469507	0.0283374044543559	0.284156142365098	H2-Ab1,Cxcl10,H2-Aa	3	17	5	Mutter_02
Spleen.CD4Act.48hrs	SBRT_vs_Ctrl	HALLMARK_FATTY_ACID_METABOLISM	MSigDB_Hallmark	exploratory	1.2968922139184	0.165480427046263	0.354600915099136	Lgals1,Ldha,Mif	3	157	4	Mutter_02
Spleen.CD4Act.48hrs	SBRT_vs_Ctrl	HALLMARK_IL2_STAT5_SIGNALING	MSigDB_Hallmark	exploratory	-1.23398682827421	0.226506024096386	0.453012048192771	Ndrg1,Cxcl10,Ifitm3,Gadd45b	4	199	7	Mutter_02
Spleen.CD4Act.48hrs	SBRT_vs_Ctrl	HALLMARK_KRAS_SIGNALING_UP	MSigDB_Hallmark	exploratory	1.09529729133954	0.395017793594306	0.658362989323844	Arg1	1	203	4	Mutter_02
Spleen.CD4Act.48hrs	SBRT_vs_Ctrl	HALLMARK_MYC_TARGETS_V1	MSigDB_Hallmark	exploratory	-1.0548001901864	0.389548693586698	0.658362989323844	Tyms,Hsp90ab1	2	201	6	Mutter_02
Spleen.CD4Act.48hrs	SBRT_vs_Ctrl	HALLMARK_UNFOLDED_PROTEIN_RESPONSE	MSigDB_Hallmark	exploratory	1.10505553124031	0.376865671641791	0.658362989323844	Xbp1,Hsp90b1,Vegfa	3	113	3	Mutter_02
Spleen.CD4Act.48hrs	SBRT_vs_Ctrl	HALLMARK_ANDROGEN_RESPONSE	MSigDB_Hallmark	exploratory	1.00503356803249	0.490533562822719	0.703656462585034	Ccnd1,Krt8	2	112	5	Mutter_02
Spleen.CD4Act.48hrs	SBRT_vs_Ctrl	HALLMARK_APICAL_JUNCTION	MSigDB_Hallmark	exploratory	-0.950193450104362	0.503529411764706	0.703656462585034	Ptprc,Pfn1,Itga3	3	199	5	Mutter_02
Spleen.CD4Act.48hrs	SBRT_vs_Ctrl	HALLMARK_COAGULATION	MSigDB_Hallmark	exploratory	-0.937918078211088	0.52	0.703656462585034	Anxa1	1	139	5	Mutter_02
Spleen.CD4Act.48hrs	SBRT_vs_Ctrl	HALLMARK_HYPOXIA	MSigDB_Hallmark	exploratory	0.926794753432552	0.562925170068027	0.703656462585034	Ldha,Bgn,Mif,Jun	4	200	7	Mutter_02
Spleen.CD4Act.48hrs	SBRT_vs_Ctrl	HALLMARK_INFLAMMATORY_RESPONSE	MSigDB_Hallmark	exploratory	-0.913156778554755	0.555294117647059	0.703656462585034	Cxcl10	1	201	5	Mutter_02
Spleen.CD4Act.48hrs	SBRT_vs_Ctrl	HALLMARK_P53_PATHWAY	MSigDB_Hallmark	exploratory	-0.914429343110133	0.558194774346793	0.703656462585034	Ndrg1,Tap1	2	199	6	Mutter_02
Spleen.CD4Act.48hrs	SBRT_vs_Ctrl	HALLMARK_COMPLEMENT	MSigDB_Hallmark	exploratory	-0.863255211610088	0.604966139954853	0.725959367945824	Pfn1,Clu	2	196	4	Mutter_02
Spleen.CD4Act.48hrs	SBRT_vs_Ctrl	HALLMARK_CHOLESTEROL_HOMEOSTASIS	MSigDB_Hallmark	exploratory	0.896333325242465	0.632462686567164	0.729764638346728	Ctnnb1	1	75	3	Mutter_02
Spleen.CD4Act.48hrs	SBRT_vs_Ctrl	HALLMARK_IL6_JAK_STAT3_SIGNALING	MSigDB_Hallmark	exploratory	0.689684287340549	0.846938775510204	0.905498281786942	Cd44,Jun,Il15ra	3	88	7	Mutter_02
Spleen.CD4Act.48hrs	SBRT_vs_Ctrl	HALLMARK_MYOGENESIS	MSigDB_Hallmark	exploratory	0.65412760056147	0.901893287435456	0.905498281786942	Col1a1,Itgb4,Tpm2	3	201	5	Mutter_02
Spleen.CD4Act.48hrs	SBRT_vs_Ctrl	HALLMARK_PI3K_AKT_MTOR_SIGNALING	MSigDB_Hallmark	exploratory	0.644305456498966	0.905498281786942	0.905498281786942	Akt1,Hsp90b1,Rac1,Sqstm1,Tnfrsf1a	5	105	6	Mutter_02
Spleen.CD4Act.48hrs	SBRT_vs_Ctrl	HALLMARK_TNFA_SIGNALING_VIA_NFKB	MSigDB_Hallmark	exploratory	0.724137641341603	0.819256756756757	0.905498281786942	Ccnd1,Cd44,Jun,Il15ra	4	199	10	Mutter_02
Spleen.Naive.CD4	MBRT_vs_Ctrl	HALLMARK_ESTROGEN_RESPONSE_EARLY	MSigDB_Hallmark	exploratory	1.81827541132754	0.00388605953037359	0.196854971715416	Ccnd1,Sfn,Il17rb,Areg,Krt18,Cd44,Krt8,Fos,Inhbb,Jak2,Krt19,Igf1r,Fasn,Myc	14	200	25	Mutter_02
Spleen.Naive.CD4	MBRT_vs_Ctrl	TypeII_interferon	project	primary	-1.70518654109087	0.00771980281236927	0.196854971715416	H2-Aa,H2-Ab1,Ciita,Cxcl9,Stat1,Cd74,H2-Eb1	7	17	8	Mutter_02
Spleen.Naive.CD4	MBRT_vs_Ctrl	HALLMARK_ESTROGEN_RESPONSE_LATE	MSigDB_Hallmark	exploratory	1.5982295328287	0.0263891886741918	0.28131811484112	S100a9,Ccnd1,Sfn,Il17rb,Areg,Cd44,Fos,Jak2,Krt19,Agr2,Fabp5,Cav1,Mapk13,Celsr2,Cdh1	15	206	28	Mutter_02
Spleen.Naive.CD4	MBRT_vs_Ctrl	HALLMARK_G2M_CHECKPOINT	MSigDB_Hallmark	exploratory	1.59889774418739	0.0275802073373647	0.28131811484112	Ccnd1,Mki67,Stmn1,H2az1,Mt2,Ezh2,Ube2c	7	198	21	Mutter_02
Spleen.Naive.CD4	MBRT_vs_Ctrl	HALLMARK_TGF_BETA_SIGNALING	MSigDB_Hallmark	exploratory	-1.60129139951061	0.0240789197638656	0.28131811484112	Tgfbr1,Eng,Hdac1,Junb,Smad3,Apc,Acvr1,Bmpr2	8	54	14	Mutter_02
Spleen.Naive.CD4	MBRT_vs_Ctrl	HALLMARK_CHOLESTEROL_HOMEOSTASIS	MSigDB_Hallmark	exploratory	1.63776334472544	0.0403187314755617	0.283783783783784	Tnfrsf12a,Ldlr,Ctnnb1,Lgals3,Pparg,Fabp5,Fasn,Atf3	8	75	13	Mutter_02
Spleen.Naive.CD4	MBRT_vs_Ctrl	HALLMARK_FATTY_ACID_METABOLISM	MSigDB_Hallmark	exploratory	1.65261287790261	0.0546380671863425	0.283783783783784	S100a10,H2az1,Ldha,Hsp90aa1,Lgals1,Fasn,Mif	7	157	10	Mutter_02
Spleen.Naive.CD4	MBRT_vs_Ctrl	HALLMARK_PI3K_AKT_MTOR_SIGNALING	MSigDB_Hallmark	exploratory	1.63033133504097	0.0354837545713764	0.283783783783784	Sfn,Pfn1,Smad2,Egfr	4	105	14	Mutter_02
Spleen.Naive.CD4	MBRT_vs_Ctrl	HALLMARK_REACTIVE_OXYGEN_SPECIES_PATHWAY	MSigDB_Hallmark	exploratory	-1.4533541118756	0.0488245931283906	0.283783783783784	Sod1,Junb	2	48	4	Mutter_02
Spleen.Naive.CD4	MBRT_vs_Ctrl	HALLMARK_UV_RESPONSE_UP	MSigDB_Hallmark	exploratory	-1.45939114610264	0.0556438791732909	0.283783783783784	Icam1,Bid,Rxrb,H2-Q1,Junb,Casp3	6	158	20	Mutter_02
Spleen.Naive.CD4	MBRT_vs_Ctrl	HALLMARK_INTERFERON_GAMMA_RESPONSE	MSigDB_Hallmark	exploratory	-1.34600727059266	0.0668647845468054	0.310009455626098	Icam1,H2-D1,H2-Aa,Ifitm2,B2m,Ciita,Fpr1,Cxcl9,Bst2,Stat1,Ifi27,Casp3,Tnfaip6,Cd74,Cd69,Nlrc5,H2-Eb1,Il7,Cd40,H2-DMa,Tap1,Arid5b,Stat3,Ido1,Cd274	25	205	57	Mutter_02
Spleen.Naive.CD4	MBRT_vs_Ctrl	HALLMARK_E2F_TARGETS	MSigDB_Hallmark	exploratory	1.47496886629424	0.0806335394304523	0.333299859636586	Mki67,Stmn1,H2az1,Pcna,Ezh2,Dnmt1,Hmgb2,Brca1	8	200	18	Mutter_02
Spleen.Naive.CD4	MBRT_vs_Ctrl	HALLMARK_HYPOXIA	MSigDB_Hallmark	exploratory	1.40817590151327	0.0849587877505022	0.333299859636586	Ndrg1,Anxa2,Col5a1,Mt2,Pdgfb,Egfr,Ldha,Fos	8	200	37	Mutter_02
Spleen.Naive.CD4	MBRT_vs_Ctrl	HALLMARK_COMPLEMENT	MSigDB_Hallmark	exploratory	1.28400919640489	0.103746397694525	0.352737752161383	S100a9,Itgam,Gata3,Gzmb,Ccl5,Pfn1,Pdgfb,Timp1,Cxcl1,Olr1,Cxcl2,Jak2,Dusp5	13	196	36	Mutter_02
Spleen.Naive.CD4	MBRT_vs_Ctrl	HALLMARK_KRAS_SIGNALING_DN	MSigDB_Hallmark	exploratory	-1.38675343980291	0.0980066445182724	0.352737752161383	Cpb1,Krt15,Krt1	3	202	11	Mutter_02
Spleen.Naive.CD4	MBRT_vs_Ctrl	HALLMARK_HEDGEHOG_SIGNALING	MSigDB_Hallmark	exploratory	1.38158021756165	0.115812917594655	0.355371900826446	Adgrg1	1	36	4	Mutter_02
Spleen.Naive.CD4	MBRT_vs_Ctrl	HALLMARK_UV_RESPONSE_DN	MSigDB_Hallmark	exploratory	1.2800063425097	0.118457300275482	0.355371900826446	Col1a1,Anxa2,Col1a2,Bmpr1a,Acvr2a,Tgfbr2,Nfkb1,Ldlr,Pparg,Igf1r,Cav1,Fyn,Myc,Ica1,Pdgfrb	15	144	29	Mutter_02
Spleen.Naive.CD4	MBRT_vs_Ctrl	HALLMARK_IL2_STAT5_SIGNALING	MSigDB_Hallmark	exploratory	1.18408973600117	0.151702786377709	0.429824561403509	Itgae,Ndrg1,Il4ra,Spry4,Ctla4,Igf2r,Cd44,Icos,Cst7,Cd48,Il10,Tlr7,Cd86,Gadd45b,Il18r1,Igf1r,Myc,Csf2,Il3ra	19	199	51	Mutter_02
Spleen.Naive.CD4	MBRT_vs_Ctrl	HALLMARK_MTORC1_SIGNALING	MSigDB_Hallmark	exploratory	1.26408579274	0.17487684729064	0.445935960591133	Ldha,Ldlr,Serpinh1,Ppia,Ddit3,Cdkn1a,Igfbp5	7	201	12	Mutter_02
Spleen.Naive.CD4	MBRT_vs_Ctrl	HALLMARK_WNT_BETA_CATENIN_SIGNALING	MSigDB_Hallmark	exploratory	-1.28994946516248	0.166666666666667	0.445935960591133	Fzd1,Notch1,Dll1	3	42	14	Mutter_02
Spleen.Naive.CD4	MBRT_vs_Ctrl	HALLMARK_KRAS_SIGNALING_UP	MSigDB_Hallmark	exploratory	-1.20673719119742	0.198473282442748	0.482006543075245	Slpi,Sox9,Eng,Il7r,Igf2,Spry2,Spp1,Igfbp3,Ace,Fcer1g,Wnt7a,Tnfrsf1b,Lif	13	203	36	Mutter_02
Spleen.Naive.CD4	MBRT_vs_Ctrl	HALLMARK_PEROXISOME	MSigDB_Hallmark	exploratory	-1.2175973930164	0.215469613259669	0.499497739829232	Sod1	1	102	3	Mutter_02
Spleen.Naive.CD4	MBRT_vs_Ctrl	HALLMARK_BILE_ACID_METABOLISM	MSigDB_Hallmark	exploratory	-1.21331896488532	0.256896551724138	0.505244755244755	Sod1,Apoa1	2	112	5	Mutter_02
Spleen.Naive.CD4	MBRT_vs_Ctrl	HALLMARK_EPITHELIAL_MESENCHYMAL_TRANSITION	MSigDB_Hallmark	exploratory	1.11093517480793	0.257575757575758	0.505244755244755	Col1a1,Col5a3,Col5a1,Col6a3,Prss2,Itgb1,Mfap5,Areg,Itga5,Timp1,Col1a2,Cd44,Cxcl1,Tnfrsf11b,Cxcl2,Fzd8,Tnfrsf12a,Myl9,Col12a1,Lgals1,Gadd45b	21	206	61	Mutter_02
Spleen.Naive.CD4	MBRT_vs_Ctrl	HALLMARK_MYC_TARGETS_V1	MSigDB_Hallmark	exploratory	1.18837446480453	0.240601503759399	0.505244755244755	H2az1,Pcna,Ldha,Ptges3	4	201	9	Mutter_02
Spleen.Naive.CD4	MBRT_vs_Ctrl	HALLMARK_UNFOLDED_PROTEIN_RESPONSE	MSigDB_Hallmark	exploratory	1.23132978011526	0.228110599078341	0.505244755244755	Ccl2,Bag3,Atf3	3	113	6	Mutter_02
Spleen.Naive.CD4	MBRT_vs_Ctrl	HALLMARK_DNA_REPAIR	MSigDB_Hallmark	exploratory	1.07724322411248	0.37914691943128	0.716166403370195	Pcna	1	150	5	Mutter_02
Spleen.Naive.CD4	MBRT_vs_Ctrl	HALLMARK_NOTCH_SIGNALING	MSigDB_Hallmark	exploratory	-1.0541218834795	0.401993355481728	0.732202183198861	Fzd1,Notch1,Dll1	3	32	11	Mutter_02
Spleen.Naive.CD4	MBRT_vs_Ctrl	HALLMARK_INTERFERON_ALPHA_RESPONSE	MSigDB_Hallmark	exploratory	-1.03540462482064	0.4224	0.742841379310345	Ifitm2,B2m,Bst2,Ifi27,Cd74,Il7,Tap1,Cd47	8	100	21	Mutter_02
Spleen.Naive.CD4	MBRT_vs_Ctrl	HALLMARK_GLYCOLYSIS	MSigDB_Hallmark	exploratory	-1.00462710855326	0.454991816693944	0.773486088379705	Sod1,Sox9,Mertk,Igfbp3,Il13ra1	5	200	17	Mutter_02
Spleen.Naive.CD4	MBRT_vs_Ctrl	HALLMARK_XENOBIOTIC_METABOLISM	MSigDB_Hallmark	exploratory	0.975117910128894	0.476190476190476	0.783410138248848	Arg1,Mt2,Il1r1,Ptges3,Reg1	5	203	13	Mutter_02
Spleen.Naive.CD4	MBRT_vs_Ctrl	HALLMARK_APICAL_JUNCTION	MSigDB_Hallmark	exploratory	-0.951632221135924	0.537984496124031	0.833503575076609	Icam1,Cd276,Cldn4,Syk,Mmp2,Itgb4,Myl12b,Ptk2,Itga9,Bmp1,Itga3	11	199	32	Mutter_02
Spleen.Naive.CD4	MBRT_vs_Ctrl	HALLMARK_MYOGENESIS	MSigDB_Hallmark	exploratory	0.955430627663071	0.539325842696629	0.833503575076609	Col1a1,Apod,Myh11,Col6a3,Itgb1	5	201	34	Mutter_02
Spleen.Naive.CD4	MBRT_vs_Ctrl	HALLMARK_ANDROGEN_RESPONSE	MSigDB_Hallmark	exploratory	-0.915745707215329	0.568403908794788	0.845322327044025	Tsc22d1,B2m,Myl12a,Mertk,Sat1	5	112	16	Mutter_02
Spleen.Naive.CD4	MBRT_vs_Ctrl	HALLMARK_COAGULATION	MSigDB_Hallmark	exploratory	-0.912805411700147	0.583732057416268	0.845322327044025	Fn1,Cfd,C1qa,Mmp2,Apoa1,Lamp2,Bmp1	7	139	23	Mutter_02
Spleen.Naive.CD4	MBRT_vs_Ctrl	TypeI_interferon	project	primary	0.881200434183817	0.596698113207547	0.845322327044025	Ifit1	1	19	7	Mutter_02
Spleen.Naive.CD4	MBRT_vs_Ctrl	HALLMARK_ANGIOGENESIS	MSigDB_Hallmark	exploratory	0.871279330723034	0.650385604113111	0.896477454318071	Pf4,Timp1,Olr1	3	36	15	Mutter_02
Spleen.Naive.CD4	MBRT_vs_Ctrl	HALLMARK_INFLAMMATORY_RESPONSE	MSigDB_Hallmark	exploratory	-0.8776931603365	0.696165191740413	0.910369866122079	Icam1,Tnfsf9,Tlr1,Cd14,Il7r,Fpr1,Cxcl9,Icosl,Rgs1,Bst2,Cxcr6,Emp3,Tnfaip6,Acvr1b,Ifnar1,Best1,Cd69,Tnfrsf1b,Lif,Ffar2	20	201	74	Mutter_02
Spleen.Naive.CD4	MBRT_vs_Ctrl	HALLMARK_SPERMATOGENESIS	MSigDB_Hallmark	exploratory	-0.825521108662816	0.694394213381555	0.910369866122079	Mtor,Ace	2	135	4	Mutter_02
Spleen.Naive.CD4	MBRT_vs_Ctrl	DNA_Damage_Repair	project	primary	-0.79281939502554	0.75885328836425	0.957047539616347	Bax,Atr,Chek2	3	18	10	Mutter_02
Spleen.Naive.CD4	MBRT_vs_Ctrl	HALLMARK_ADIPOGENESIS	MSigDB_Hallmark	exploratory	-0.777470060958559	0.788961038961039	0.957047539616347	Sod1,Ifngr1,Vegfb,Cidea,Sparcl1,Apoe,Lep,Cd36	8	200	18	Mutter_02
Spleen.Naive.CD4	MBRT_vs_Ctrl	HALLMARK_ALLOGRAFT_REJECTION	MSigDB_Hallmark	exploratory	-0.807025402900389	0.800853485064011	0.957047539616347	Icam1,H2-Aa,Tlr1,Il12a,Itgal,H2-T23,B2m,Cxcl9,Icosl,Krt1,Stat1,Prf1,Cd79a,Ifngr1,Cd74,H2-DMb1,Ccl19	17	201	84	Mutter_02
Spleen.Naive.CD4	MBRT_vs_Ctrl	HALLMARK_PROTEIN_SECRETION	MSigDB_Hallmark	exploratory	0.74341679925951	0.80952380952381	0.957047539616347	Krt18,Egfr,Igf2r	3	96	9	Mutter_02
Spleen.Naive.CD4	MBRT_vs_Ctrl	HALLMARK_TNFA_SIGNALING_VIA_NFKB	MSigDB_Hallmark	exploratory	0.825577611191	0.825688073394496	0.957047539616347	Ccnd1,Il1b,Ccl5,Areg,Ccl2,Cflar,Ptgs2,Cd44,Cxcl1,Olr1,Fos,Cxcl2,Ifih1,Dusp5,Rigi,Nfkb1,Ldlr	17	199	66	Mutter_02
Spleen.Naive.CD4	MBRT_vs_Ctrl	HALLMARK_MITOTIC_SPINDLE	MSigDB_Hallmark	exploratory	-0.708074663902459	0.845514950166113	0.958250276854928	Birc5,Apc,Top2a,Nusap1	4	199	11	Mutter_02
Spleen.Naive.CD4	MBRT_vs_Ctrl	HALLMARK_APICAL_SURFACE	MSigDB_Hallmark	exploratory	0.664840288982374	0.902255639097744	0.991379310344828	Gata3,Brca1	2	44	9	Mutter_02
Spleen.Naive.CD4	MBRT_vs_Ctrl	HALLMARK_APOPTOSIS	MSigDB_Hallmark	exploratory	-0.604040622156584	0.988112927191679	0.991379310344828	Sod1,Bid,Cd14,Erbb3,Bax,Casp3,Mmp2,Prf1,Sat1,Ifngr1,Cd69	11	160	58	Mutter_02
Spleen.Naive.CD4	MBRT_vs_Ctrl	HALLMARK_HEME_METABOLISM	MSigDB_Hallmark	exploratory	-0.473135328946318	0.991379310344828	0.991379310344828	Lamp2,Aqp3	2	194	5	Mutter_02
Spleen.Naive.CD4	MBRT_vs_Ctrl	HALLMARK_IL6_JAK_STAT3_SIGNALING	MSigDB_Hallmark	exploratory	0.680164182712368	0.981873111782477	0.991379310344828	Pf4,Il17rb,Il1b,Il4ra,Il1r1,Cd44,Cxcl1,Cxcl2	8	88	46	Mutter_02
Spleen.Naive.CD4	MBRT_vs_Ctrl	HALLMARK_OXIDATIVE_PHOSPHORYLATION	MSigDB_Hallmark	exploratory	0.489627263606798	0.986636971046771	0.991379310344828	Ldha,Glud1	2	199	4	Mutter_02
Spleen.Naive.CD4	MBRT_vs_Ctrl	HALLMARK_P53_PATHWAY	MSigDB_Hallmark	exploratory	-0.67991084476248	0.929339477726575	0.991379310344828	Tnfsf9,Tsc22d1,Notch1,Bax,Krt17,Sat1,Itgb4,Acvr1b,Lif,Rack1,Tap1	11	199	35	Mutter_02
Spleen.Naive.CD4	MBRT_vs_SBRT	HALLMARK_ESTROGEN_RESPONSE_EARLY	MSigDB_Hallmark	exploratory	-2.22867442247361	5.01738710451894e-06	0.000255886742330466	Krt8,Krt18,Dhrs2,Krt19,Krt15,Pgr,Areg,Xbp1,Celsr2,Ccnd1	10	200	25	Mutter_02
Spleen.Naive.CD4	MBRT_vs_SBRT	HALLMARK_INTERFERON_GAMMA_RESPONSE	MSigDB_Hallmark	exploratory	1.67032296200088	0.00344810539983525	0.0879266876957989	Cdkn1a,H2-Aa,Gzma,Cxcl10,Cd274,Mt2,Cxcl9,Vcam1,Ptgs2,Cd40,Oas2,H2-DMa,Rigi,Il2rb,Tap1,H2-M3,Ccl2,Klrk1,Ifnar2,Oasl1,H2-Q10,Il10ra,Ciita	23	205	57	Mutter_02
Spleen.Naive.CD4	MBRT_vs_SBRT	HALLMARK_MITOTIC_SPINDLE	MSigDB_Hallmark	exploratory	-1.73095541451278	0.00676112601682218	0.0973205610892492	Top2a,Nusap1,Ezr,Gsn,Cenpf,Dst	6	199	11	Mutter_02
Spleen.Naive.CD4	MBRT_vs_SBRT	HALLMARK_UV_RESPONSE_DN	MSigDB_Hallmark	exploratory	-1.6666883671092	0.00763298518347053	0.0973205610892492	Ldlr,Adgrl2,Igfbp5,Kit,Nfkb1,Snai2,Rxra,Col1a2,Ica1,Pparg,Tgfbr2,Col1a1	12	144	29	Mutter_02
Spleen.Naive.CD4	MBRT_vs_SBRT	HALLMARK_NOTCH_SIGNALING	MSigDB_Hallmark	exploratory	-1.63734532781078	0.0164361728766593	0.167648963341924	Wnt5a,Ccnd1,Dll1,Notch1,Fzd1,Jag1,Fzd7	7	32	11	Mutter_02
Spleen.Naive.CD4	MBRT_vs_SBRT	HALLMARK_ESTROGEN_RESPONSE_LATE	MSigDB_Hallmark	exploratory	-1.58701827888529	0.0217978639592309	0.174212886634061	Top2a,Dhrs2,Krt19,Pgr,Areg,Xbp1,Celsr2,Cdh1,Ccnd1	9	206	28	Mutter_02
Spleen.Naive.CD4	MBRT_vs_SBRT	HALLMARK_WNT_BETA_CATENIN_SIGNALING	MSigDB_Hallmark	exploratory	-1.58529372000717	0.0304273690747831	0.174212886634061	Ctnnb1,Dll1,Notch1,Hey1,Rbpj,Hdac11,Fzd1,Jag1,Trp53,Wnt5b	10	42	14	Mutter_02
Spleen.Naive.CD4	MBRT_vs_SBRT	TypeII_interferon	project	primary	1.67380231935251	0.026351319390198	0.174212886634061	H2-Aa,Cxcl10,Cxcl9,H2-Ab1,Ciita,H2-Eb1,Stat1	7	17	8	Mutter_02
Spleen.Naive.CD4	MBRT_vs_SBRT	TypeI_interferon	project	primary	1.61307324868129	0.0307434505824813	0.174212886634061	Ifit1,Oas2,Mx1,Ifitm1,Oasl1	5	19	7	Mutter_02
Spleen.Naive.CD4	MBRT_vs_SBRT	HALLMARK_ANDROGEN_RESPONSE	MSigDB_Hallmark	exploratory	-1.49961102855741	0.0516666666666667	0.243307712695468	Krt8,Krt19,Akt1,Ccnd1,Myl12a,Mertk,B2m,Arid5b	8	112	16	Mutter_02
Spleen.Naive.CD4	MBRT_vs_SBRT	HALLMARK_EPITHELIAL_MESENCHYMAL_TRANSITION	MSigDB_Hallmark	exploratory	-1.41496068623599	0.0524781341107872	0.243307712695468	Acta2,Col16a1,Tpm2,Wnt5a,Areg,Tagln,Col6a2,Myl9,Col4a1,Tpm1,Snai2,Col1a2,Jun,Mmp14,Dst,Il15,Col1a1	17	206	61	Mutter_02
Spleen.Naive.CD4	MBRT_vs_SBRT	HALLMARK_HYPOXIA	MSigDB_Hallmark	exploratory	1.37450561847167	0.0851648351648352	0.361950549450549	Cdkn1a,Dusp1,Mt2,Ackr3,Ddit3,Ndrg1,Atf3,Ets1,Inha,Efna1,Pgf	11	200	37	Mutter_02
Spleen.Naive.CD4	MBRT_vs_SBRT	DNA_Damage_Repair	project	primary	1.38856021329026	0.127058823529412	0.397150997150997	Cdkn1a,Ddit3	2	18	10	Mutter_02
Spleen.Naive.CD4	MBRT_vs_SBRT	HALLMARK_APICAL_JUNCTION	MSigDB_Hallmark	exploratory	-1.26647323732202	0.139240506329114	0.397150997150997	Col16a1,Icam1,Col17a1,Myl9,Cdh1,Cldn4,Itga9,Syk,Itgb4,Vcan,Pfn1,Mmp9,Cd276,Actg2	14	199	32	Mutter_02
Spleen.Naive.CD4	MBRT_vs_SBRT	HALLMARK_APOPTOSIS	MSigDB_Hallmark	exploratory	-1.24814071051497	0.135542168674699	0.397150997150997	Hmgb2,Krt18,Top2a,Cd14,Clu,Ctnnb1,Gsn,Ccnd1,Gpx3,Jun,Lmna,Casp3,Tnf,Bid,Erbb3,Ier3,Gpx1,Ifngr1,Erbb2	19	160	58	Mutter_02
Spleen.Naive.CD4	MBRT_vs_SBRT	HALLMARK_CHOLESTEROL_HOMEOSTASIS	MSigDB_Hallmark	exploratory	-1.32919244023045	0.14017094017094	0.397150997150997	Ldlr,Clu,Ctnnb1,Alcam,Pparg,Cd9,Jag1	7	75	13	Mutter_02
Spleen.Naive.CD4	MBRT_vs_SBRT	HALLMARK_E2F_TARGETS	MSigDB_Hallmark	exploratory	-1.34790382985869	0.112984822934233	0.397150997150997	Hmgb2,Top2a,Stmn1,Mki67	4	200	18	Mutter_02
Spleen.Naive.CD4	MBRT_vs_SBRT	HALLMARK_PEROXISOME	MSigDB_Hallmark	exploratory	-1.32010011664129	0.125475285171103	0.397150997150997	Top2a	1	102	3	Mutter_02
Spleen.Naive.CD4	MBRT_vs_SBRT	HALLMARK_G2M_CHECKPOINT	MSigDB_Hallmark	exploratory	-1.27459729714612	0.156405990016639	0.398835274542429	Top2a,Nusap1,Stmn1,Mki67,Ccnd1,Cenpf	6	198	21	Mutter_02
Spleen.Naive.CD4	MBRT_vs_SBRT	HALLMARK_GLYCOLYSIS	MSigDB_Hallmark	exploratory	-1.31725032242659	0.148760330578512	0.398835274542429	Sox9,Stmn1,Ppia,Mertk,Ier3,Vcan,Igfbp3,Sod1,Dcn,Ldha	10	200	17	Mutter_02
Spleen.Naive.CD4	MBRT_vs_SBRT	HALLMARK_MYOGENESIS	MSigDB_Hallmark	exploratory	-1.24085910028786	0.164319248826291	0.39906103286385	Tpm2,Clu,Tagln,Col6a2,Gsn,Gpx3,Notch1,Tnnc1,Apod,Col1a1,Cryab,Erbb3,Itgb4	13	201	34	Mutter_02
Spleen.Naive.CD4	MBRT_vs_SBRT	HALLMARK_IL6_JAK_STAT3_SIGNALING	MSigDB_Hallmark	exploratory	1.2094337336832	0.178977272727273	0.414901859504132	Pdgfc,Cxcl10,Csf2,Cxcl9,Reg1,Pf4,Il1b,Tlr2,Il12rb1,Acvrl1,Il18r1,Ltb,Tnfrsf21	13	88	46	Mutter_02
Spleen.Naive.CD4	MBRT_vs_SBRT	HALLMARK_ANGIOGENESIS	MSigDB_Hallmark	exploratory	1.2453828587877	0.188118811881188	0.417133017649591	Spp1,Pf4,Olr1,Tnfrsf21,Timp1,Pdgfa	6	36	15	Mutter_02
Spleen.Naive.CD4	MBRT_vs_SBRT	HALLMARK_XENOBIOTIC_METABOLISM	MSigDB_Hallmark	exploratory	1.25390605314108	0.199040767386091	0.422961630695444	Apoe,Mt2,Reg1,Igf1	4	203	13	Mutter_02
Spleen.Naive.CD4	MBRT_vs_SBRT	HALLMARK_PROTEIN_SECRETION	MSigDB_Hallmark	exploratory	-1.25221317259848	0.228222996515679	0.465574912891986	Krt18,Ica1,Arf1,Dst	4	96	9	Mutter_02
Spleen.Naive.CD4	MBRT_vs_SBRT	HALLMARK_ALLOGRAFT_REJECTION	MSigDB_Hallmark	exploratory	1.11193278543996	0.245222929936306	0.473598963394882	H2-Aa,Gzma,Cd28,Cxcl9,Pf4,Il1b,Cd40,H2-DMa,Tlr2,Il2,Il12rb1,H2-DMb1,Il27ra,Ltb,Il2rb,Tap1,Srgn,H2-M3,Ccl2,Timp1,Ets1,Nlrp3,Ifnar2,Acvr2a	24	201	84	Mutter_02
Spleen.Naive.CD4	MBRT_vs_SBRT	HALLMARK_IL2_STAT5_SIGNALING	MSigDB_Hallmark	exploratory	1.12282784353264	0.250728862973761	0.473598963394882	Spp1,Cxcl10,Ctla4,Csf2,Cd83,Ndrg1,Il18r1,Ltb,Il2rb,Tnfrsf4,Itgae,Cst7,Tnfrsf21	13	199	51	Mutter_02
Spleen.Naive.CD4	MBRT_vs_SBRT	HALLMARK_P53_PATHWAY	MSigDB_Hallmark	exploratory	-1.13850493270906	0.274447949526814	0.499887336638125	Krt17,Tnfsf9,Rxra,Jun,Serpinb5,Notch1,S100a4,S100a10,Hdac3,Ier3,Itgb4,Cd81,Trp53,Pcna	14	199	35	Mutter_02
Spleen.Naive.CD4	MBRT_vs_SBRT	HALLMARK_MTORC1_SIGNALING	MSigDB_Hallmark	exploratory	-1.13472634942345	0.294017094017094	0.514625850340136	Ldlr,Xbp1,Igfbp5,Ppia	4	201	12	Mutter_02
Spleen.Naive.CD4	MBRT_vs_SBRT	HALLMARK_TGF_BETA_SIGNALING	MSigDB_Hallmark	exploratory	-1.13732022637218	0.302721088435374	0.514625850340136	Hdac1,Ctnnb1,Cdh1,Ifngr2	4	54	14	Mutter_02
Spleen.Naive.CD4	MBRT_vs_SBRT	HALLMARK_KRAS_SIGNALING_DN	MSigDB_Hallmark	exploratory	-1.12159874748679	0.320069204152249	0.526565464895636	Krt15,Celsr2,Cpb1,Krt1	4	202	11	Mutter_02
Spleen.Naive.CD4	MBRT_vs_SBRT	HALLMARK_KRAS_SIGNALING_UP	MSigDB_Hallmark	exploratory	1.05060377581182	0.367292225201072	0.567633438947112	Spp1,Cxcl10,Csf2,Ptgs2,Il1b,Sparcl1,Ace,Ets1,Csf2ra,Il10ra,Cidea,Etv4,Wnt7a,St6gal1,Ccl20,Tnfrsf1b	16	203	36	Mutter_02
Spleen.Naive.CD4	MBRT_vs_SBRT	HALLMARK_TNFA_SIGNALING_VIA_NFKB	MSigDB_Hallmark	exploratory	1.04833850631755	0.362179487179487	0.567633438947112	Cdkn1a,Dusp1,Cxcl10,Csf2,Ackr3,Cd83,Ptgs2,Il1b,Clcf1,Rigi,Tlr2,Olr1,Tap1,Ccl2,Cflar,Atf3	16	199	66	Mutter_02
Spleen.Naive.CD4	MBRT_vs_SBRT	HALLMARK_APICAL_SURFACE	MSigDB_Hallmark	exploratory	1.03238918753167	0.392523364485981	0.588785046728972	Efna5,Il2rb	2	44	9	Mutter_02
Spleen.Naive.CD4	MBRT_vs_SBRT	HALLMARK_COMPLEMENT	MSigDB_Hallmark	exploratory	0.956538776655077	0.530831099195711	0.773496744542321	S100a9,Fn1,Gzma,Gzmk,Lamp2,Olr1	6	196	36	Mutter_02
Spleen.Naive.CD4	MBRT_vs_SBRT	HALLMARK_UNFOLDED_PROTEIN_RESPONSE	MSigDB_Hallmark	exploratory	0.939677264348027	0.550884955752212	0.780420353982301	Bag3,Ccl2,Atf3	3	113	6	Mutter_02
Spleen.Naive.CD4	MBRT_vs_SBRT	HALLMARK_OXIDATIVE_PHOSPHORYLATION	MSigDB_Hallmark	exploratory	-0.920288110089581	0.598076923076923	0.802682186234818	Atp5e,Glud1,Ldha	3	199	4	Mutter_02
Spleen.Naive.CD4	MBRT_vs_SBRT	HALLMARK_PI3K_AKT_MTOR_SIGNALING	MSigDB_Hallmark	exploratory	0.892272361361711	0.591787439613527	0.802682186234818	Cdkn1a,Ddit3	2	105	14	Mutter_02
Spleen.Naive.CD4	MBRT_vs_SBRT	HALLMARK_MYC_TARGETS_V1	MSigDB_Hallmark	exploratory	-0.864612350871203	0.634146341463415	0.814730290456432	Ppia,Pcna,Hsp90ab1,Ptges3,Ldha,Rack1	6	201	9	Mutter_02
Spleen.Naive.CD4	MBRT_vs_SBRT	HALLMARK_SPERMATOGENESIS	MSigDB_Hallmark	exploratory	0.859037410256119	0.639004149377593	0.814730290456432	Ace,Mtor	2	135	4	Mutter_02
Spleen.Naive.CD4	MBRT_vs_SBRT	HALLMARK_ADIPOGENESIS	MSigDB_Hallmark	exploratory	-0.85032018177947	0.689713322091062	0.857936083576687	Col4a1,Gpx3,Fabp4,Pparg,Stat5a	5	200	18	Mutter_02
Spleen.Naive.CD4	MBRT_vs_SBRT	HALLMARK_INFLAMMATORY_RESPONSE	MSigDB_Hallmark	exploratory	0.879056773038892	0.723809523809524	0.858471760797342	Cdkn1a,Itga5,Best1,Ccr7,Cxcl10,Cxcl9,Msr1,Il1b,Cd40,Tlr2,Olr1,Il18r1,Il2rb,Ccl2,Ifitm1,Timp1,Nlrp3	17	201	74	Mutter_02
Spleen.Naive.CD4	MBRT_vs_SBRT	HALLMARK_REACTIVE_OXYGEN_SPECIES_PATHWAY	MSigDB_Hallmark	exploratory	-0.818760241395466	0.709615384615385	0.858471760797342	Gpx3,Sod1	2	48	4	Mutter_02
Spleen.Naive.CD4	MBRT_vs_SBRT	HALLMARK_HEME_METABOLISM	MSigDB_Hallmark	exploratory	0.765304316868356	0.752118644067797	0.869458403126745	Lamp2	1	194	5	Mutter_02
Spleen.Naive.CD4	MBRT_vs_SBRT	HALLMARK_UV_RESPONSE_UP	MSigDB_Hallmark	exploratory	-0.796756252502713	0.767169179229481	0.869458403126745	Icam1,Gpx3,Epcam,Mmp14,Casp3,Bid	6	158	20	Mutter_02
Spleen.Naive.CD4	MBRT_vs_SBRT	HALLMARK_BILE_ACID_METABOLISM	MSigDB_Hallmark	exploratory	-0.737862634725228	0.818867924528302	0.8885588117222	Rxra,Ar,Sod1	3	112	5	Mutter_02
Spleen.Naive.CD4	MBRT_vs_SBRT	HALLMARK_FATTY_ACID_METABOLISM	MSigDB_Hallmark	exploratory	-0.747642363574635	0.802426343154246	0.8885588117222	Glul,S100a10,Lgals1	3	157	10	Mutter_02
Spleen.Naive.CD4	MBRT_vs_SBRT	HALLMARK_COAGULATION	MSigDB_Hallmark	exploratory	0.691712903106914	0.902813299232737	0.920869565217391	Fn1,Pf4,Lamp2,Olr1	4	139	23	Mutter_02
Spleen.Naive.CD4	MBRT_vs_SBRT	HALLMARK_DNA_REPAIR	MSigDB_Hallmark	exploratory	-0.665995422032282	0.888679245283019	0.920869565217391	Trp53,Pcna	2	150	5	Mutter_02
Spleen.Naive.CD4	MBRT_vs_SBRT	HALLMARK_HEDGEHOG_SIGNALING	MSigDB_Hallmark	exploratory	-0.616799363265559	0.901923076923077	0.920869565217391	Hey1	1	36	4	Mutter_02
Spleen.Naive.CD4	MBRT_vs_SBRT	HALLMARK_INTERFERON_ALPHA_RESPONSE	MSigDB_Hallmark	exploratory	0.640575293797929	0.942643391521197	0.942643391521197	Cxcl10,Tap1,Ifitm1,Oasl1,H2-Q10,Lgals3bp	6	100	21	Mutter_02
Spleen.Naive.CD4	SBRT_vs_Ctrl	HALLMARK_ESTROGEN_RESPONSE_EARLY	MSigDB_Hallmark	exploratory	2.33555098313413	5.22206678640364e-07	2.66325406106585e-05	Krt8,Krt18,Ccnd1,Areg,Krt19,Pgr,Celsr2,Xbp1,Dhrs2,Fos,Krt15,Il17rb,Ar,Sfn,Inhbb,Cd44,Jak2	17	200	25	Mutter_02
Spleen.Naive.CD4	SBRT_vs_Ctrl	TypeII_interferon	project	primary	-2.08879929776983	3.70569009441094e-05	0.000944950974074789	H2-Aa,H2-Ab1,Cxcl9,Ciita,Cxcl10,Stat1,Cd74,H2-Eb1	8	17	8	Mutter_02
Spleen.Naive.CD4	SBRT_vs_Ctrl	HALLMARK_INTERFERON_GAMMA_RESPONSE	MSigDB_Hallmark	exploratory	-1.97178743456113	7.52099740992443e-05	0.00127856955968715	H2-Aa,Cdkn1a,Cxcl9,Ciita,Cd274,Fpr1,Cd40,H2-DMa,Gzma,Cxcl10,Oas2,Vcam1,Tap1,Stat1,Ifitm2,Cd69,Il2rb,Ifnar2,Cd74,H2-Eb1,H2-D1,Lgals3bp,H2-M3,Klrk1,Tnfaip6,Oasl1	26	205	57	Mutter_02
Spleen.Naive.CD4	SBRT_vs_Ctrl	HALLMARK_UV_RESPONSE_DN	MSigDB_Hallmark	exploratory	1.91732954934497	0.000686720081718585	0.00875568104191196	Ldlr,Col1a1,Col1a2,Nfkb1,Igfbp5,Ica1,Tgfbr2,Pparg,Anxa2,Rxra,Fyn,Kit,Snai2,Cav1	14	144	29	Mutter_02
Spleen.Naive.CD4	SBRT_vs_Ctrl	HALLMARK_ESTROGEN_RESPONSE_LATE	MSigDB_Hallmark	exploratory	1.89162289742803	0.00114183871158268	0.0116467548581433	Ccnd1,Areg,Krt19,Pgr,Top2a,Celsr2,Xbp1,Cdh1,Dhrs2,Fos,Il17rb,Sfn,Cav1,Cd9,Cd44,Jak2,Mapk13	17	206	28	Mutter_02
Spleen.Naive.CD4	SBRT_vs_Ctrl	HALLMARK_G2M_CHECKPOINT	MSigDB_Hallmark	exploratory	1.70827182286745	0.00604584908268728	0.0510414467400898	Mki67,Stmn1,Ccnd1,Top2a,Nusap1,Abl1,Hif1a,Ezh2,Cenpf	9	198	21	Mutter_02
Spleen.Naive.CD4	SBRT_vs_Ctrl	HALLMARK_MITOTIC_SPINDLE	MSigDB_Hallmark	exploratory	1.71881776120618	0.00700568876824762	0.0510414467400898	Ezr,Top2a,Nusap1,Gsn,Dst,Abl1,Cenpf	7	199	11	Mutter_02
Spleen.Naive.CD4	SBRT_vs_Ctrl	HALLMARK_CHOLESTEROL_HOMEOSTASIS	MSigDB_Hallmark	exploratory	1.70972799798322	0.0105256339563583	0.0671009164717844	Ldlr,Ctnnb1,Clu,Pparg,Alcam,Jag1,Tnfrsf12a,Cd9	8	75	13	Mutter_02
Spleen.Naive.CD4	SBRT_vs_Ctrl	HALLMARK_E2F_TARGETS	MSigDB_Hallmark	exploratory	1.61490212216357	0.023673818425769	0.117969244151106	Hmgb2,Mki67,Stmn1,Top2a,Pcna	5	200	18	Mutter_02
Spleen.Naive.CD4	SBRT_vs_Ctrl	HALLMARK_EPITHELIAL_MESENCHYMAL_TRANSITION	MSigDB_Hallmark	exploratory	1.47012017854288	0.0235322446096427	0.117969244151106	Acta2,Areg,Col1a1,Col16a1,Wnt5a,Col1a2,Col5a3,Myl9,Col4a1,Tagln,Tpm2,Il15,Dst,Lgals1,Mfap5,Serpinh1,Snai2,Col6a3,Col6a2,Gadd45b,Tnfrsf12a,Col5a1,Cd44,Jun,Mmp14	25	206	61	Mutter_02
Spleen.Naive.CD4	SBRT_vs_Ctrl	HALLMARK_MYC_TARGETS_V1	MSigDB_Hallmark	exploratory	1.62406805692847	0.0254443467776896	0.117969244151106	Pcna,Ppia,Ldha,Ptges3	4	201	9	Mutter_02
Spleen.Naive.CD4	SBRT_vs_Ctrl	HALLMARK_ANDROGEN_RESPONSE	MSigDB_Hallmark	exploratory	1.57552189626748	0.0316670708614712	0.134585051161252	Krt8,Ccnd1,Krt19,Akt1	4	112	16	Mutter_02
Spleen.Naive.CD4	SBRT_vs_Ctrl	TypeI_interferon	project	primary	-1.5807993651365	0.036301779509818	0.142414673461594	Mx1,Oas2,Stat1,Oasl1	4	19	7	Mutter_02
Spleen.Naive.CD4	SBRT_vs_Ctrl	HALLMARK_KRAS_SIGNALING_UP	MSigDB_Hallmark	exploratory	-1.53034375505915	0.0418728982442737	0.152536986461283	Spp1,Ace,Spry2,Cxcl10,Sparcl1,Wnt7a,Tnfrsf1b,Cidea,Ets1,Eng,Lif,Etv4,Csf2	13	203	36	Mutter_02
Spleen.Naive.CD4	SBRT_vs_Ctrl	HALLMARK_HEDGEHOG_SIGNALING	MSigDB_Hallmark	exploratory	1.50742120352492	0.0501792114695341	0.170609318996416	Hey1,Adgrg1	2	36	4	Mutter_02
Spleen.Naive.CD4	SBRT_vs_Ctrl	HALLMARK_ALLOGRAFT_REJECTION	MSigDB_Hallmark	exploratory	-1.28696193608153	0.0649038461538462	0.206881009615385	H2-Aa,Cxcl9,H2-DMb1,Cd40,H2-DMa,Gzma,Itgal,H2-T23,Prf1,Il12rb1,Tap1,Ltb,Stat1,Cd79a,Il2rb,Ifnar2,Cd74,Tlr2,Tlr1,Ets1,Lif,H2-M3,Nlrp3,Cd28,Il27ra	25	201	84	Mutter_02
Spleen.Naive.CD4	SBRT_vs_Ctrl	HALLMARK_FATTY_ACID_METABOLISM	MSigDB_Hallmark	exploratory	1.47979417290937	0.0711610486891386	0.213483146067416	S100a10,Glul,Lgals1,Ldha	4	157	10	Mutter_02
Spleen.Naive.CD4	SBRT_vs_Ctrl	HALLMARK_APOPTOSIS	MSigDB_Hallmark	exploratory	1.31951591044132	0.0778761061946903	0.220648967551622	Hmgb2,Krt18,Ccnd1,Ctnnb1,Top2a,Lmna,Clu,Gsn,Gpx3,Tnf,Igf2r,Cav1,Ier3,Hgf,Gadd45b,Tnfrsf12a,Cd44,Jun	18	160	58	Mutter_02
Spleen.Naive.CD4	SBRT_vs_Ctrl	HALLMARK_MYOGENESIS	MSigDB_Hallmark	exploratory	1.33165191286379	0.0920810313075506	0.247164873509741	Col1a1,Apod,Myh11,Clu,Tagln,Gsn,Tpm2,Gpx3,Col6a3,Col6a2,Gadd45b,Cryab	12	201	34	Mutter_02
Spleen.Naive.CD4	SBRT_vs_Ctrl	HALLMARK_MTORC1_SIGNALING	MSigDB_Hallmark	exploratory	1.36765052224335	0.137476459510358	0.350564971751412	Ldlr,Igfbp5,Ppia,Xbp1,Ldha,Serpinh1,Cd9	7	201	12	Mutter_02
Spleen.Naive.CD4	SBRT_vs_Ctrl	DNA_Damage_Repair	project	primary	-1.31183652496863	0.173076923076923	0.42032967032967	Cdkn1a,Bax,Ddit3,Atr	4	18	10	Mutter_02
Spleen.Naive.CD4	SBRT_vs_Ctrl	HALLMARK_IL6_JAK_STAT3_SIGNALING	MSigDB_Hallmark	exploratory	-1.15267955014978	0.222222222222222	0.472222222222222	Cxcl9,Pdgfc,Il13ra1,Cxcl10,Il12rb1,Ltb,Stat1,Acvrl1,Tnfrsf1b,Tlr2,Acvr1b,Tnfrsf21	12	88	46	Mutter_02
Spleen.Naive.CD4	SBRT_vs_Ctrl	HALLMARK_NOTCH_SIGNALING	MSigDB_Hallmark	exploratory	1.24044096800285	0.220532319391635	0.472222222222222	Ccnd1,Wnt5a,Jag1,Maml2,Fzd7,Fzd5	6	32	11	Mutter_02
Spleen.Naive.CD4	SBRT_vs_Ctrl	HALLMARK_PROTEIN_SECRETION	MSigDB_Hallmark	exploratory	1.26284239926741	0.206319702602231	0.472222222222222	Krt18,Ica1,Dst,Igf2r,Egfr	5	96	9	Mutter_02
Spleen.Naive.CD4	SBRT_vs_Ctrl	HALLMARK_UV_RESPONSE_UP	MSigDB_Hallmark	exploratory	-1.13108661609355	0.269807280513919	0.550406852248394	Fgf18,Junb,Tap1,H2-Q1,Rxrb,H2-M3	6	158	20	Mutter_02
Spleen.Naive.CD4	SBRT_vs_Ctrl	HALLMARK_HEME_METABOLISM	MSigDB_Hallmark	exploratory	-1.18635675905392	0.288888888888889	0.566666666666667	Lamp2	1	194	5	Mutter_02
Spleen.Naive.CD4	SBRT_vs_Ctrl	HALLMARK_GLYCOLYSIS	MSigDB_Hallmark	exploratory	1.11578567362911	0.32	0.604444444444444	Stmn1,Ppia,Ldha,Egfr,Ier3,Col5a1,Cd44,Vcan,Dcn	9	200	17	Mutter_02
Spleen.Naive.CD4	SBRT_vs_Ctrl	HALLMARK_BILE_ACID_METABOLISM	MSigDB_Hallmark	exploratory	-1.03815646751241	0.431111111111111	0.725131752305665	Apoa1,Sod1,Gc	3	112	5	Mutter_02
Spleen.Naive.CD4	SBRT_vs_Ctrl	HALLMARK_P53_PATHWAY	MSigDB_Hallmark	exploratory	0.995697210876313	0.469202898550725	0.725131752305665	S100a10,Serpinb5,Pcna,Krt17,Fos,Hdac3,Rxra,Sfn,Ier3,Cd81,Inhbb,Jun,Trp53	13	199	35	Mutter_02
Spleen.Naive.CD4	SBRT_vs_Ctrl	HALLMARK_REACTIVE_OXYGEN_SPECIES_PATHWAY	MSigDB_Hallmark	exploratory	-1.04337714689283	0.457207207207207	0.725131752305665	Junb,Sod1	2	48	4	Mutter_02
Spleen.Naive.CD4	SBRT_vs_Ctrl	HALLMARK_SPERMATOGENESIS	MSigDB_Hallmark	exploratory	-1.07853893164096	0.400900900900901	0.725131752305665	Ace,Mtor	2	135	4	Mutter_02
Spleen.Naive.CD4	SBRT_vs_Ctrl	HALLMARK_TGF_BETA_SIGNALING	MSigDB_Hallmark	exploratory	-0.999447531348289	0.462365591397849	0.725131752305665	Tgfbr1,Junb,Smad3,Eng,Acvr1,Thbs1	6	54	14	Mutter_02
Spleen.Naive.CD4	SBRT_vs_Ctrl	HALLMARK_WNT_BETA_CATENIN_SIGNALING	MSigDB_Hallmark	exploratory	1.011138818935	0.443202979515829	0.725131752305665	Ctnnb1,Hey1,Jag1,Trp53,Wnt5b,Hdac11,Rbpj,Myc,Hdac5	9	42	14	Mutter_02
Spleen.Naive.CD4	SBRT_vs_Ctrl	HALLMARK_ANGIOGENESIS	MSigDB_Hallmark	exploratory	-0.945163530549453	0.523504273504274	0.754756871035941	Spp1,Ptk2,Tnfrsf21	3	36	15	Mutter_02
Spleen.Naive.CD4	SBRT_vs_Ctrl	HALLMARK_COAGULATION	MSigDB_Hallmark	exploratory	-0.950067094682479	0.547568710359408	0.754756871035941	Fn1,Lamp2,Cfd,Apoa1	4	139	23	Mutter_02
Spleen.Naive.CD4	SBRT_vs_Ctrl	HALLMARK_PEROXISOME	MSigDB_Hallmark	exploratory	0.980114566001005	0.524163568773234	0.754756871035941	Top2a	1	102	3	Mutter_02
Spleen.Naive.CD4	SBRT_vs_Ctrl	HALLMARK_UNFOLDED_PROTEIN_RESPONSE	MSigDB_Hallmark	exploratory	0.955777596278793	0.536630036630037	0.754756871035941	Xbp1	1	113	6	Mutter_02
Spleen.Naive.CD4	SBRT_vs_Ctrl	HALLMARK_DNA_REPAIR	MSigDB_Hallmark	exploratory	0.921512715159299	0.568840579710145	0.763443935926773	Pcna,Trp53	2	150	5	Mutter_02
Spleen.Naive.CD4	SBRT_vs_Ctrl	HALLMARK_PI3K_AKT_MTOR_SIGNALING	MSigDB_Hallmark	exploratory	0.894382831542771	0.595903165735568	0.779257985961897	Pfn1,Akt1,Egfr,Tnfrsf1a,Sfn	5	105	14	Mutter_02
Spleen.Naive.CD4	SBRT_vs_Ctrl	HALLMARK_APICAL_JUNCTION	MSigDB_Hallmark	exploratory	0.882700022542471	0.644320297951583	0.782388933226922	Col16a1,Myl9,Pfn1,Cdh1,Col17a1,Egfr,Mapk13,Cd86,Mmp9,Vcan	10	199	32	Mutter_02
Spleen.Naive.CD4	SBRT_vs_Ctrl	HALLMARK_COMPLEMENT	MSigDB_Hallmark	exploratory	-0.911491582490998	0.629385964912281	0.782388933226922	Fn1,Gzmk,Lamp2,Gzma	4	196	36	Mutter_02
Spleen.Naive.CD4	SBRT_vs_Ctrl	HALLMARK_INTERFERON_ALPHA_RESPONSE	MSigDB_Hallmark	exploratory	-0.880877559299131	0.639484978540773	0.782388933226922	Cxcl10,Tap1,Ifitm2,Cd74,Lgals3bp,Oasl1,Ifi27,H2-Q10	8	100	21	Mutter_02
Spleen.Naive.CD4	SBRT_vs_Ctrl	HALLMARK_APICAL_SURFACE	MSigDB_Hallmark	exploratory	-0.805928867213933	0.691810344827586	0.801871081504702	Efna5,Il2rb	2	44	9	Mutter_02
Spleen.Naive.CD4	SBRT_vs_Ctrl	HALLMARK_KRAS_SIGNALING_DN	MSigDB_Hallmark	exploratory	0.819636257992685	0.690114068441065	0.801871081504702	Celsr2,Krt15	2	202	11	Mutter_02
Spleen.Naive.CD4	SBRT_vs_Ctrl	HALLMARK_IL2_STAT5_SIGNALING	MSigDB_Hallmark	exploratory	0.831865616954607	0.754416961130742	0.80322966507177	Il4ra,Xbp1,Il10,Spry4,Alcam,Eomes,Igf2r,Flt3l,Itga6,Sell,Gadd45b,Itgae,Cd81,Cd44,Cd86,Rora,Itgav	17	199	51	Mutter_02
Spleen.Naive.CD4	SBRT_vs_Ctrl	HALLMARK_INFLAMMATORY_RESPONSE	MSigDB_Hallmark	exploratory	-0.877252603979008	0.755980861244019	0.80322966507177	Cdkn1a,Cxcl9,Best1,Fpr1,Cd40,Rgs1,Cxcl10,Tnfrsf1b,Cd69,Il2rb,Met,Tlr2,Tlr1,Acvr1b,Lif,Tnfaip6,Nlrp3	17	201	74	Mutter_02
Spleen.Naive.CD4	SBRT_vs_Ctrl	HALLMARK_OXIDATIVE_PHOSPHORYLATION	MSigDB_Hallmark	exploratory	0.787611311231161	0.732974910394265	0.80322966507177	Ldha,Glud1	2	199	4	Mutter_02
Spleen.Naive.CD4	SBRT_vs_Ctrl	HALLMARK_XENOBIOTIC_METABOLISM	MSigDB_Hallmark	exploratory	0.783972758407664	0.746765249537893	0.80322966507177	Arg1,Il1r1,Ptges3,Tnfrsf1a	4	203	13	Mutter_02
Spleen.Naive.CD4	SBRT_vs_Ctrl	HALLMARK_ADIPOGENESIS	MSigDB_Hallmark	exploratory	0.754231719113325	0.805243445692884	0.83811052510892	Col4a1,Pparg,Gpx3,Fabp4	4	200	18	Mutter_02
Spleen.Naive.CD4	SBRT_vs_Ctrl	HALLMARK_TNFA_SIGNALING_VIA_NFKB	MSigDB_Hallmark	exploratory	0.776359660720106	0.886524822695036	0.904255319148936	Ldlr,Ccnd1,Areg,Nfkb1,Fos,Tnf,Ifngr2,Ccl5,Stat5a,Ier3,Jag1,Gadd45b,Ifih1,Cd44,Ccrl2,Dusp4,Jun	17	199	66	Mutter_02
Spleen.Naive.CD4	SBRT_vs_Ctrl	HALLMARK_HYPOXIA	MSigDB_Hallmark	exploratory	-0.592636567777374	0.980434782608696	0.980434782608696	Cdkn1a,Dusp1	2	200	37	Mutter_02
Spleen.Treg	MBRT_vs_Ctrl	HALLMARK_ALLOGRAFT_REJECTION	MSigDB_Hallmark	exploratory	1.44919396936086	0.0778210116731518	0.670658682634731	Srgn,Eif5a	2	201	7	Mutter_02
Spleen.Treg	MBRT_vs_Ctrl	HALLMARK_APICAL_JUNCTION	MSigDB_Hallmark	exploratory	-1.30061105375616	0.1610337972167	0.670658682634731	Pfn1,Itgb4,Ptprc	3	199	3	Mutter_02
Spleen.Treg	MBRT_vs_Ctrl	HALLMARK_APOPTOSIS	MSigDB_Hallmark	exploratory	-1.44932095222809	0.0826446280991736	0.670658682634731	Tnfrsf12a,Hmgb2,Ier3,Gpx1	4	160	9	Mutter_02
Spleen.Treg	MBRT_vs_Ctrl	HALLMARK_CHOLESTEROL_HOMEOSTASIS	MSigDB_Hallmark	exploratory	-1.35778761074076	0.115308151093439	0.670658682634731	Tnfrsf12a	1	75	3	Mutter_02
Spleen.Treg	MBRT_vs_Ctrl	HALLMARK_INTERFERON_GAMMA_RESPONSE	MSigDB_Hallmark	exploratory	-1.25123546955677	0.216962524654832	0.670658682634731	H2-D1	1	205	4	Mutter_02
Spleen.Treg	MBRT_vs_Ctrl	HALLMARK_MTORC1_SIGNALING	MSigDB_Hallmark	exploratory	1.23640124001036	0.223552894211577	0.670658682634731	Ppia,Hsp90b1	2	201	3	Mutter_02
Spleen.Treg	MBRT_vs_Ctrl	HALLMARK_COMPLEMENT	MSigDB_Hallmark	exploratory	-1.15244774561948	0.326043737574553	0.78714859437751	Dusp6,Pfn1	2	196	3	Mutter_02
Spleen.Treg	MBRT_vs_Ctrl	HALLMARK_EPITHELIAL_MESENCHYMAL_TRANSITION	MSigDB_Hallmark	exploratory	-1.0570909779297	0.393574297188755	0.78714859437751	Spp1,Tnfrsf12a	2	206	5	Mutter_02
Spleen.Treg	MBRT_vs_Ctrl	HALLMARK_FATTY_ACID_METABOLISM	MSigDB_Hallmark	exploratory	1.12476262394912	0.359281437125749	0.78714859437751	S100a10,Lgals1,Mif	3	157	3	Mutter_02
Spleen.Treg	MBRT_vs_Ctrl	HALLMARK_ANDROGEN_RESPONSE	MSigDB_Hallmark	exploratory	1.00652539656556	0.469758064516129	0.805889423076923	Ccnd1,Krt8	2	112	4	Mutter_02
Spleen.Treg	MBRT_vs_Ctrl	HALLMARK_HYPOXIA	MSigDB_Hallmark	exploratory	-0.951883857198687	0.556660039761431	0.805889423076923	Ier3,Rbpj	2	200	3	Mutter_02
Spleen.Treg	MBRT_vs_Ctrl	HALLMARK_MYC_TARGETS_V1	MSigDB_Hallmark	exploratory	0.979631962794398	0.550898203592814	0.805889423076923	Ppia,Hsp90ab1,Rack1	3	201	3	Mutter_02
Spleen.Treg	MBRT_vs_Ctrl	HALLMARK_PI3K_AKT_MTOR_SIGNALING	MSigDB_Hallmark	exploratory	0.901271363048096	0.58203125	0.805889423076923	Hsp90b1,Rac1,Tnfrsf1a	3	105	6	Mutter_02
Spleen.Treg	MBRT_vs_Ctrl	HALLMARK_COAGULATION	MSigDB_Hallmark	exploratory	-0.598485433752774	0.910536779324056	0.956607495069034	Dusp6	1	139	3	Mutter_02
Spleen.Treg	MBRT_vs_Ctrl	HALLMARK_GLYCOLYSIS	MSigDB_Hallmark	exploratory	0.614525039936371	0.904191616766467	0.956607495069034	Ppia	1	200	3	Mutter_02
Spleen.Treg	MBRT_vs_Ctrl	HALLMARK_INTERFERON_ALPHA_RESPONSE	MSigDB_Hallmark	exploratory	0.616805309907584	0.904191616766467	0.956607495069034	Cd74,B2m,Bst2	3	100	3	Mutter_02
Spleen.Treg	MBRT_vs_Ctrl	HALLMARK_P53_PATHWAY	MSigDB_Hallmark	exploratory	-0.56154960072656	0.956607495069034	0.956607495069034	Ier3,Itgb4	2	199	4	Mutter_02
Spleen.Treg	MBRT_vs_Ctrl	HALLMARK_TNFA_SIGNALING_VIA_NFKB	MSigDB_Hallmark	exploratory	-0.66978409279984	0.852882703777336	0.956607495069034	Ier3	1	199	3	Mutter_02
Spleen.Treg	MBRT_vs_SBRT	HALLMARK_ANDROGEN_RESPONSE	MSigDB_Hallmark	exploratory	-1.49172822824729	0.0301802210386265	0.147997828257125	Ccnd1,Krt8	2	112	4	Mutter_02
Spleen.Treg	MBRT_vs_SBRT	HALLMARK_APOPTOSIS	MSigDB_Hallmark	exploratory	-1.68902188156469	0.0160294796289391	0.147997828257125	Ier3,Ccnd1,Tnfrsf12a,Gpx1,Ctnnb1,Clu,Hmgb2,Lmna	8	160	9	Mutter_02
Spleen.Treg	MBRT_vs_SBRT	HALLMARK_EPITHELIAL_MESENCHYMAL_TRANSITION	MSigDB_Hallmark	exploratory	-1.6233495055062	0.0328884062793611	0.147997828257125	Tnfrsf12a,Col1a2,Lgals1	3	206	5	Mutter_02
Spleen.Treg	MBRT_vs_SBRT	HALLMARK_TNFA_SIGNALING_VIA_NFKB	MSigDB_Hallmark	exploratory	-1.50642835441985	0.021664465235271	0.147997828257125	Ier3,Ccnd1	2	199	3	Mutter_02
Spleen.Treg	MBRT_vs_SBRT	HALLMARK_ALLOGRAFT_REJECTION	MSigDB_Hallmark	exploratory	1.56917563013846	0.0411777685822463	0.148239966896087	Srgn,H2-T23,Eif5a	3	201	7	Mutter_02
Spleen.Treg	MBRT_vs_SBRT	HALLMARK_CHOLESTEROL_HOMEOSTASIS	MSigDB_Hallmark	exploratory	-1.35500694170448	0.12568306010929	0.377049180327869	Tnfrsf12a,Ctnnb1,Clu	3	75	3	Mutter_02
Spleen.Treg	MBRT_vs_SBRT	HALLMARK_APICAL_JUNCTION	MSigDB_Hallmark	exploratory	-1.25281707474457	0.185792349726776	0.477751756440281	Itgb4	1	199	3	Mutter_02
Spleen.Treg	MBRT_vs_SBRT	HALLMARK_COMPLEMENT	MSigDB_Hallmark	exploratory	-1.18998747400148	0.255009107468124	0.552631578947369	Dusp6,Clu	2	196	3	Mutter_02
Spleen.Treg	MBRT_vs_SBRT	HALLMARK_MYC_TARGETS_V1	MSigDB_Hallmark	exploratory	1.20487599415304	0.276315789473684	0.552631578947369	Hsp90ab1,Rack1	2	201	3	Mutter_02
Spleen.Treg	MBRT_vs_SBRT	HALLMARK_P53_PATHWAY	MSigDB_Hallmark	exploratory	-1.14976653428515	0.30939226519337	0.556906077348066	Ier3,Itgb4	2	199	4	Mutter_02
Spleen.Treg	MBRT_vs_SBRT	HALLMARK_COAGULATION	MSigDB_Hallmark	exploratory	-0.924417670925594	0.588342440801457	0.768588362068966	Dusp6,Clu	2	139	3	Mutter_02
Spleen.Treg	MBRT_vs_SBRT	HALLMARK_GLYCOLYSIS	MSigDB_Hallmark	exploratory	-0.970669321251835	0.530054644808743	0.768588362068966	Ier3	1	200	3	Mutter_02
Spleen.Treg	MBRT_vs_SBRT	HALLMARK_HYPOXIA	MSigDB_Hallmark	exploratory	-0.99030313535477	0.502732240437159	0.768588362068966	Ier3	1	200	3	Mutter_02
Spleen.Treg	MBRT_vs_SBRT	HALLMARK_INTERFERON_GAMMA_RESPONSE	MSigDB_Hallmark	exploratory	0.837362367513523	0.65943600867679	0.768588362068966	Bst2,H2-D1,Cd74	3	205	4	Mutter_02
Spleen.Treg	MBRT_vs_SBRT	HALLMARK_MTORC1_SIGNALING	MSigDB_Hallmark	exploratory	0.903675063938634	0.614035087719298	0.768588362068966	Sqstm1,Ppia	2	201	3	Mutter_02
Spleen.Treg	MBRT_vs_SBRT	HALLMARK_PI3K_AKT_MTOR_SIGNALING	MSigDB_Hallmark	exploratory	0.852200563740868	0.683189655172414	0.768588362068966	Rac1,Sqstm1,Tnfrsf1a,Hsp90b1,Pfn1,Akt1	6	105	6	Mutter_02
Spleen.Treg	MBRT_vs_SBRT	HALLMARK_INTERFERON_ALPHA_RESPONSE	MSigDB_Hallmark	exploratory	0.698540267828922	0.833333333333333	0.882352941176471	Bst2,Cd74,B2m	3	100	3	Mutter_02
Spleen.Treg	MBRT_vs_SBRT	HALLMARK_FATTY_ACID_METABOLISM	MSigDB_Hallmark	exploratory	0.645623553472404	0.892543859649123	0.892543859649123	Mif,S100a10	2	157	3	Mutter_02
Spleen.Treg	SBRT_vs_Ctrl	HALLMARK_ANDROGEN_RESPONSE	MSigDB_Hallmark	exploratory	1.66670869532567	0.00173867894416149	0.0312962209949068	Ccnd1,Krt8	2	112	4	Mutter_02
Spleen.Treg	SBRT_vs_Ctrl	HALLMARK_EPITHELIAL_MESENCHYMAL_TRANSITION	MSigDB_Hallmark	exploratory	1.31272165401479	0.153448275862069	0.920689655172414	Col1a2,Lgals1	2	206	5	Mutter_02
Spleen.Treg	SBRT_vs_Ctrl	HALLMARK_INTERFERON_GAMMA_RESPONSE	MSigDB_Hallmark	exploratory	-1.4083753633727	0.102974828375286	0.920689655172414	H2-D1,Bst2	2	205	4	Mutter_02
Spleen.Treg	SBRT_vs_Ctrl	HALLMARK_APOPTOSIS	MSigDB_Hallmark	exploratory	1.24249114577499	0.212418300653595	0.955882352941176	Ccnd1,Lmna,Ier3,Ctnnb1,Clu	5	160	9	Mutter_02
Spleen.Treg	SBRT_vs_Ctrl	HALLMARK_ALLOGRAFT_REJECTION	MSigDB_Hallmark	exploratory	-0.984187568363335	0.471502590673575	0.966906474820144	H2-T23,Ptprc,Srgn,B2m,Eif5a,Akt1,Cd74	7	201	7	Mutter_02
Spleen.Treg	SBRT_vs_Ctrl	HALLMARK_APICAL_JUNCTION	MSigDB_Hallmark	exploratory	0.85222486607831	0.70863309352518	0.966906474820144	Itgb4	1	199	3	Mutter_02
Spleen.Treg	SBRT_vs_Ctrl	HALLMARK_CHOLESTEROL_HOMEOSTASIS	MSigDB_Hallmark	exploratory	1.1841500754396	0.278776978417266	0.966906474820144	Ctnnb1,Clu	2	75	3	Mutter_02
Spleen.Treg	SBRT_vs_Ctrl	HALLMARK_COAGULATION	MSigDB_Hallmark	exploratory	1.13309128750715	0.352517985611511	0.966906474820144	Clu,Dusp6	2	139	3	Mutter_02
Spleen.Treg	SBRT_vs_Ctrl	HALLMARK_COMPLEMENT	MSigDB_Hallmark	exploratory	0.869355344444384	0.674460431654676	0.966906474820144	Clu,Dusp6	2	196	3	Mutter_02
Spleen.Treg	SBRT_vs_Ctrl	HALLMARK_FATTY_ACID_METABOLISM	MSigDB_Hallmark	exploratory	0.977718235118957	0.550359712230216	0.966906474820144	Lgals1	1	157	3	Mutter_02
Spleen.Treg	SBRT_vs_Ctrl	HALLMARK_GLYCOLYSIS	MSigDB_Hallmark	exploratory	0.745246703585217	0.805755395683453	0.966906474820144	Ier3,Ppia	2	200	3	Mutter_02
Spleen.Treg	SBRT_vs_Ctrl	HALLMARK_INTERFERON_ALPHA_RESPONSE	MSigDB_Hallmark	exploratory	-0.938969695792876	0.592427616926503	0.966906474820144	Bst2	1	100	3	Mutter_02
Spleen.Treg	SBRT_vs_Ctrl	HALLMARK_MTORC1_SIGNALING	MSigDB_Hallmark	exploratory	0.806607326579422	0.755395683453237	0.966906474820144	Hsp90b1,Ppia	2	201	3	Mutter_02
Spleen.Treg	SBRT_vs_Ctrl	HALLMARK_P53_PATHWAY	MSigDB_Hallmark	exploratory	0.966240639911058	0.55379188712522	0.966906474820144	Itgb4,Ier3	2	199	4	Mutter_02
Spleen.Treg	SBRT_vs_Ctrl	HALLMARK_TNFA_SIGNALING_VIA_NFKB	MSigDB_Hallmark	exploratory	1.10231171457052	0.381294964028777	0.966906474820144	Ccnd1,Ier3	2	199	3	Mutter_02
Spleen.Treg	SBRT_vs_Ctrl	HALLMARK_MYC_TARGETS_V1	MSigDB_Hallmark	exploratory	-0.676030311863795	0.861915367483296	0.969654788418708	Hsp90ab1,Rack1	2	201	3	Mutter_02
Spleen.Treg	SBRT_vs_Ctrl	HALLMARK_HYPOXIA	MSigDB_Hallmark	exploratory	0.477487500879073	0.982014388489209	0.982014388489209	Ier3	1	200	3	Mutter_02
Spleen.Treg	SBRT_vs_Ctrl	HALLMARK_PI3K_AKT_MTOR_SIGNALING	MSigDB_Hallmark	exploratory	0.531715312314764	0.973640856672158	0.982014388489209	Hsp90b1,Tnfrsf1a,Akt1,Rac1,Pfn1,Sqstm1	6	105	6	Mutter_02
Stem.Prog	MBRT_vs_Ctrl	HALLMARK_UV_RESPONSE_DN	MSigDB_Hallmark	exploratory	1.85647695277121	0.00108333651476883	0.056333498767979	Col3a1,Col1a1,Tgfbr2,Fyn,Col11a1,Col1a2,Rxra,Snai2,Anxa2,Ldlr,Col5a2,Ica1,Met,Nfkb1,Cav1,Bmpr1a,Pdgfrb,Mapk14	18	144	32	Mutter_02
Stem.Prog	MBRT_vs_Ctrl	HALLMARK_E2F_TARGETS	MSigDB_Hallmark	exploratory	1.77999171949237	0.00406310983412165	0.0958092877258361	Mki67,Stmn1,Top2a,Hmgb2,Pcna,Dnmt1,Cdkn1a,Pttg1,Ezh2,Chek1,H2az1	11	200	20	Mutter_02
Stem.Prog	MBRT_vs_Ctrl	HALLMARK_EPITHELIAL_MESENCHYMAL_TRANSITION	MSigDB_Hallmark	exploratory	1.58483939807915	0.00779478226970596	0.0958092877258361	Col3a1,Col1a1,Itga5,Gadd45b,Col5a3,Col12a1,Col11a1,Col6a3,Il15,Col1a2,Mfap5,Acta2,Col5a1,Vcan,Col6a2,Cd44,Bgn,Areg,Cxcl2,Snai2,Serpinh1,Cxcl3,Lgals1,Col5a2	24	206	72	Mutter_02
Stem.Prog	MBRT_vs_Ctrl	HALLMARK_REACTIVE_OXYGEN_SPECIES_PATHWAY	MSigDB_Hallmark	exploratory	-1.70838548279016	0.00921243151209962	0.0958092877258361	Junb,Sod1	2	48	5	Mutter_02
Stem.Prog	MBRT_vs_Ctrl	HALLMARK_UV_RESPONSE_UP	MSigDB_Hallmark	exploratory	-1.6735748649178	0.00783584648492149	0.0958092877258361	Junb,Rxrb,Il6,H2-Q1,Bmp2,Il6st,Casp3,Fos,Tap1,H2-M3,Fgf18,Sqstm1,Lyn,Mmp14,Icam1	15	158	24	Mutter_02
Stem.Prog	MBRT_vs_Ctrl	HALLMARK_ANGIOGENESIS	MSigDB_Hallmark	exploratory	1.64700160370708	0.0181025868623792	0.12288034821786	Col3a1,Pf4,Olr1,S100a4,Vcan,Fgfr1,Col5a2	7	36	19	Mutter_02
Stem.Prog	MBRT_vs_Ctrl	HALLMARK_FATTY_ACID_METABOLISM	MSigDB_Hallmark	exploratory	1.69326583184131	0.0212677525761682	0.12288034821786	Fasn,S100a10,Ldha,Lgals1,H2az1,Cd36	6	157	11	Mutter_02
Stem.Prog	MBRT_vs_Ctrl	HALLMARK_G2M_CHECKPOINT	MSigDB_Hallmark	exploratory	1.61571593353587	0.0210654388832319	0.12288034821786	Ccnd1,Mki67,Stmn1,Nusap1,Top2a,Abl1,Ube2c,Pttg1,Ezh2,Cenpf,Chek1,H2az1	12	198	23	Mutter_02
Stem.Prog	MBRT_vs_Ctrl	HALLMARK_INTERFERON_GAMMA_RESPONSE	MSigDB_Hallmark	exploratory	-1.47801327220699	0.0190101202664082	0.12288034821786	Cd38,Ifitm2,Ciita,Irf4,Ifi27,Fas,Il6,Fpr1,H2-D1,Xcl1,Tnfsf10,Stat4,Cd40,Il2rb,Casp3,Klrk1,Ifi44l,H2-DMa,Casp8,Ptgs2,Cd86,H2-Aa,Ido1,Cd69,B2m,H2-Eb1,Stat3,Tap1,H2-M3,Cmklr1,Bst2,Jak2,H2-Q10,Tnfaip6	34	205	65	Mutter_02
Stem.Prog	MBRT_vs_Ctrl	HALLMARK_TNFA_SIGNALING_VIA_NFKB	MSigDB_Hallmark	exploratory	1.35929884611635	0.0467289719626168	0.242990654205607	Ccnd1,Il1b,Gadd45b,Olr1,Stat5a,Phlda2,Cd44,Il18,Areg,Cxcl2,Cdkn1a,Ifih1,Cxcl3,Ldlr,Ccl5,Csf1,Tnf,Cxcl10,Nfkb1,Ccl4,Il7r,Ccl2,Rigi,Lif,Tnfrsf9,Nfkbia,Cd83,Gpr183,Il15ra,Ifngr2	30	199	76	Mutter_02
Stem.Prog	MBRT_vs_Ctrl	HALLMARK_MITOTIC_SPINDLE	MSigDB_Hallmark	exploratory	1.50219787153121	0.0588235294117647	0.27807486631016	Nusap1,Top2a,Abl1,Gsn,Cenpf	5	199	11	Mutter_02
Stem.Prog	MBRT_vs_Ctrl	HALLMARK_APICAL_SURFACE	MSigDB_Hallmark	exploratory	-1.44031080557113	0.0878661087866109	0.33324432576769	Gata3,Efna5,Il2rb,Il2rg,Hspb1	5	44	10	Mutter_02
Stem.Prog	MBRT_vs_Ctrl	HALLMARK_COMPLEMENT	MSigDB_Hallmark	exploratory	1.33730262362455	0.0797665369649805	0.33324432576769	S100a9,Olr1,Mmp12,Gzmb,Fyn,Pdgfb,Calm3,Cxcl2,Cxcl3,Ccl5,Cd40lg,Calm1,Pfn1,C1qc,Lgals3,Cd36,C1qa	17	196	42	Mutter_02
Stem.Prog	MBRT_vs_Ctrl	HALLMARK_INFLAMMATORY_RESPONSE	MSigDB_Hallmark	exploratory	1.26325531958673	0.0897196261682243	0.33324432576769	Itga5,Il1b,Olr1,Axl,Itgb8,Msr1,Tlr3,Il15,Clec5a,Il4ra,Il18,Cdkn1a,Csf3r,Ldlr,Ccl5,Csf1,Ifnar1,Nod2,Cxcl10,Met,Nfkb1,Il7r,Cd48,Ccl2,Osm,Ffar2,Lif,Tnfrsf9,Hif1a,Nfkbia,Gpr183,Il15ra,Ifngr2,Lamp3	34	201	86	Mutter_02
Stem.Prog	MBRT_vs_Ctrl	HALLMARK_CHOLESTEROL_HOMEOSTASIS	MSigDB_Hallmark	exploratory	1.29088336810986	0.150197628458498	0.411067193675889	Fasn,Fabp5,Ldlr,Tnfrsf12a,Lgals3,Ctnnb1	6	75	13	Mutter_02
Stem.Prog	MBRT_vs_Ctrl	HALLMARK_ESTROGEN_RESPONSE_LATE	MSigDB_Hallmark	exploratory	1.27986206525423	0.144508670520231	0.411067193675889	S100a9,Ccnd1,Top2a,Fabp5,Pgr,Tpsb2,Cd44,Areg,Krt13,Sfn,Krt19,Cav1	12	206	35	Mutter_02
Stem.Prog	MBRT_vs_Ctrl	HALLMARK_MYC_TARGETS_V1	MSigDB_Hallmark	exploratory	1.32302870528583	0.148936170212766	0.411067193675889	Ldha,Pcna,H2az1,Ppia,Ptges3	5	201	9	Mutter_02
Stem.Prog	MBRT_vs_Ctrl	HALLMARK_NOTCH_SIGNALING	MSigDB_Hallmark	exploratory	1.3286500849947	0.135826771653543	0.411067193675889	Ccnd1,Notch3	2	32	12	Mutter_02
Stem.Prog	MBRT_vs_Ctrl	HALLMARK_TGF_BETA_SIGNALING	MSigDB_Hallmark	exploratory	-1.30723213695655	0.147474747474748	0.411067193675889	Tgfbr1,Junb,Bmp2,Thbs1,Eng,Hdac1,Bmpr2	7	54	15	Mutter_02
Stem.Prog	MBRT_vs_Ctrl	HALLMARK_ESTROGEN_RESPONSE_EARLY	MSigDB_Hallmark	exploratory	1.2067094452349	0.189655172413793	0.469622331691297	Ccnd1,Ar,Fasn,Pgr,Cd44,Areg,Krt18,Krt13,Sfn,Krt19	10	200	33	Mutter_02
Stem.Prog	MBRT_vs_Ctrl	HALLMARK_UNFOLDED_PROTEIN_RESPONSE	MSigDB_Hallmark	exploratory	1.27357203635253	0.183556405353729	0.469622331691297	Ccl2,Bag3	2	113	6	Mutter_02
Stem.Prog	MBRT_vs_Ctrl	HALLMARK_ANDROGEN_RESPONSE	MSigDB_Hallmark	exploratory	1.20880052870336	0.226305609284333	0.490328820116054	Ccnd1,Azgp1,Selenop,Krt19,Akt1,Mertk,Krt8	7	112	17	Mutter_02
Stem.Prog	MBRT_vs_Ctrl	HALLMARK_HEDGEHOG_SIGNALING	MSigDB_Hallmark	exploratory	1.23347845179624	0.223340040241449	0.490328820116054	Adgrg1,Cntfr,Hey1,Celsr1	4	36	5	Mutter_02
Stem.Prog	MBRT_vs_Ctrl	HALLMARK_MYOGENESIS	MSigDB_Hallmark	exploratory	1.1895044137648	0.216475095785441	0.490328820116054	Col3a1,Col1a1,Gadd45b,Myl7,Col6a3,Apod,Col6a2,Cdkn1a,Gsn,Col15a1	10	201	39	Mutter_02
Stem.Prog	MBRT_vs_Ctrl	HALLMARK_DNA_REPAIR	MSigDB_Hallmark	exploratory	1.18648388301926	0.265593561368209	0.552434607645875	Pcna,Nt5c3,Trp53,Npr2	4	150	5	Mutter_02
Stem.Prog	MBRT_vs_Ctrl	HALLMARK_GLYCOLYSIS	MSigDB_Hallmark	exploratory	1.12026482130824	0.30174081237911	0.569623655913979	Stmn1,Ldha,Col5a1,Vcan,Cd44,Met,Ppia,Mertk,Egfr	9	200	18	Mutter_02
Stem.Prog	MBRT_vs_Ctrl	HALLMARK_HEME_METABOLISM	MSigDB_Hallmark	exploratory	-1.13528093551368	0.331941544885177	0.569623655913979	Ackr1,Nr3c1,Lamp2	3	194	7	Mutter_02
Stem.Prog	MBRT_vs_Ctrl	HALLMARK_KRAS_SIGNALING_UP	MSigDB_Hallmark	exploratory	-1.10556382009227	0.295010845986985	0.569623655913979	Tnfrsf1b,Pecam1,Sox9,Spry2,Itgb2,Sparcl1,Ace,Bmp2,Inhba,Cd37,Pigr,Il2rg,Igfbp3,Ets1,Eng,Pdcd1lg2,Slpi,Ptgs2	18	203	49	Mutter_02
Stem.Prog	MBRT_vs_Ctrl	HALLMARK_PI3K_AKT_MTOR_SIGNALING	MSigDB_Hallmark	exploratory	1.10421512883018	0.318446601941748	0.569623655913979	Cdkn1a,Fasl,Pfn1,Sfn,Rac1,Akt1,Egfr,Smad2	8	105	16	Mutter_02
Stem.Prog	MBRT_vs_Ctrl	HALLMARK_SPERMATOGENESIS	MSigDB_Hallmark	exploratory	-1.13187701804151	0.339583333333333	0.569623655913979	Cdkn3,Ace	2	135	6	Mutter_02
Stem.Prog	MBRT_vs_Ctrl	HALLMARK_XENOBIOTIC_METABOLISM	MSigDB_Hallmark	exploratory	-1.11585440495186	0.314168377823409	0.569623655913979	Ptgds,Tgfb2,Esr1,Fas	4	203	20	Mutter_02
Stem.Prog	MBRT_vs_Ctrl	HALLMARK_MTORC1_SIGNALING	MSigDB_Hallmark	exploratory	1.07852863936449	0.355864811133201	0.578280318091451	Ldha,Cdkn1a,Serpinh1,Ldlr	4	201	14	Mutter_02
Stem.Prog	MBRT_vs_Ctrl	HALLMARK_BILE_ACID_METABOLISM	MSigDB_Hallmark	exploratory	1.05801207992101	0.39961759082218	0.629700446144041	Ar,Rxra,Gc	3	112	6	Mutter_02
Stem.Prog	MBRT_vs_Ctrl	HALLMARK_OXIDATIVE_PHOSPHORYLATION	MSigDB_Hallmark	exploratory	0.997683940265101	0.4800796812749	0.713261240751281	Ldha	1	199	4	Mutter_02
Stem.Prog	MBRT_vs_Ctrl	TypeI_interferon	project	primary	0.969542600603799	0.479923518164436	0.713261240751281	Ifit1,Mx1,Ifitm1,Oas2,Ifitm3,Stat1,Oasl1	7	19	7	Mutter_02
Stem.Prog	MBRT_vs_Ctrl	HALLMARK_HYPOXIA	MSigDB_Hallmark	exploratory	0.967652304676149	0.5	0.722222222222222	Ldha,Pdgfb,S100a4,Col5a1,Pgf,Bgn,Cdkn1a,Anxa2	8	200	39	Mutter_02
Stem.Prog	MBRT_vs_Ctrl	HALLMARK_PANCREAS_BETA_CELLS	MSigDB_Hallmark	exploratory	0.95030651275333	0.537848605577689	0.741112415928259	Iapp,Gcg	2	40	4	Mutter_02
Stem.Prog	MBRT_vs_Ctrl	TypeII_interferon	project	primary	-0.9355431995069	0.54158215010142	0.741112415928259	Ciita,H2-Aa,H2-Eb1,H2-Ab1	4	17	8	Mutter_02
Stem.Prog	MBRT_vs_Ctrl	HALLMARK_COAGULATION	MSigDB_Hallmark	exploratory	0.939243786881091	0.557956777996071	0.743942370661428	Pf4,Olr1,Fyn,Pdgfb	4	139	28	Mutter_02
Stem.Prog	MBRT_vs_Ctrl	HALLMARK_KRAS_SIGNALING_DN	MSigDB_Hallmark	exploratory	-0.890794616218083	0.607569721115538	0.770576231658731	Egf,Tgfb2,Krt15,Fgfr3,Ifi44l,Pdcd1	6	202	19	Mutter_02
Stem.Prog	MBRT_vs_Ctrl	HALLMARK_PEROXISOME	MSigDB_Hallmark	exploratory	-0.914105857849344	0.594810379241517	0.770576231658731	Ttr,Sod1	2	102	4	Mutter_02
Stem.Prog	MBRT_vs_Ctrl	HALLMARK_IL2_STAT5_SIGNALING	MSigDB_Hallmark	exploratory	-0.907802182923409	0.635021097046414	0.774553142417836	Tnfrsf1b,Flt3l,Irf4,Ltb,Alcam,Il18r1,Bmp2,Tnfsf10,Il2ra,Il2rb,Il1rl1,Casp3	12	199	58	Mutter_02
Stem.Prog	MBRT_vs_Ctrl	HALLMARK_IL6_JAK_STAT3_SIGNALING	MSigDB_Hallmark	exploratory	-0.890725352705741	0.640495867768595	0.774553142417836	Il12rb1,Tnfrsf1b,Cd38,Acvr1b,Ltb,Fas,Il6,Il18r1,Acvrl1,Il6st,Il2ra,Pdgfc,Osmr,Tyk2	14	88	56	Mutter_02
Stem.Prog	MBRT_vs_Ctrl	HALLMARK_ALLOGRAFT_REJECTION	MSigDB_Hallmark	exploratory	-0.900009914989858	0.681318681318681	0.805194805194805	Il12rb1,Cd3g,Tgfb2,Itgb2,Irf4,Cd8a,Cd79a,Ltb,Fas,Il6,Cd28,Il12a,Tlr1,H2-Ob,Inhba,Stat4,Cd40,Il2ra,Il27ra,H2-T23,Il2rb,Itgal,H2-DMb1,Prf1,H2-DMa,Il2rg,Ets1	27	201	102	Mutter_02
Stem.Prog	MBRT_vs_Ctrl	HALLMARK_APOPTOSIS	MSigDB_Hallmark	exploratory	0.855137689375371	0.724528301886792	0.819031993437244	Ccnd1,Il1b,Gadd45b,Top2a,Hmgb2,Hgf,Cd44,Il18,Bgn,Cdkn1a,Gsn,Krt18,Lmna,Fasl,Tnf	15	160	64	Mutter_02
Stem.Prog	MBRT_vs_Ctrl	HALLMARK_INTERFERON_ALPHA_RESPONSE	MSigDB_Hallmark	exploratory	0.832913884862792	0.71264367816092	0.819031993437244	Il7,Il15,Il4ra,Ifih1,Csf1,Cxcl10	6	100	23	Mutter_02
Stem.Prog	MBRT_vs_Ctrl	HALLMARK_WNT_BETA_CATENIN_SIGNALING	MSigDB_Hallmark	exploratory	-0.784628208803381	0.765656565656566	0.847109391790243	Fzd8,Notch1,Hdac11,Hdac5	4	42	15	Mutter_02
Stem.Prog	MBRT_vs_Ctrl	DNA_Damage_Repair	project	primary	0.729916160612625	0.809160305343512	0.876590330788804	Gadd45b,Cdkn1a,Chek1,Chek2,Parp1	5	18	10	Mutter_02
Stem.Prog	MBRT_vs_Ctrl	HALLMARK_ADIPOGENESIS	MSigDB_Hallmark	exploratory	-0.673453785421083	0.898406374501992	0.925850800090151	Sparcl1,Sod1,Adipoq,Vegfb	4	200	19	Mutter_02
Stem.Prog	MBRT_vs_Ctrl	HALLMARK_APICAL_JUNCTION	MSigDB_Hallmark	exploratory	-0.738271104009237	0.873706004140787	0.925850800090151	Pecam1,Ptk2,Icam2,Cldn4	4	199	38	Mutter_02
Stem.Prog	MBRT_vs_Ctrl	HALLMARK_P53_PATHWAY	MSigDB_Hallmark	exploratory	0.715400617834797	0.908045977011494	0.925850800090151	Serpinb5,S100a10,Pcna,S100a4,Rxra,Hdac3,Cdkn1a,Fgf13	8	199	39	Mutter_02
Stem.Prog	MBRT_vs_Ctrl	HALLMARK_PROTEIN_SECRETION	MSigDB_Hallmark	exploratory	0.375376489869552	1	1	Krt18,Ica1,Egfr,Igf2r,Cd63	5	96	9	Mutter_02
Stem.Prog	MBRT_vs_SBRT	HALLMARK_G2M_CHECKPOINT	MSigDB_Hallmark	exploratory	-2.55889976511912	7.71216442706999e-09	4.0103255020764e-07	Top2a,Mki67,Nusap1,Cenpf,Pttg1,Ube2c,Stmn1,Birc5,Cdkn3,Ccnd1	10	198	23	Mutter_02
Stem.Prog	MBRT_vs_SBRT	HALLMARK_MITOTIC_SPINDLE	MSigDB_Hallmark	exploratory	-2.16865648106805	8.27448754914301e-05	0.00215136676277718	Top2a,Nusap1,Cenpf,Gsn,Ezr,Birc5,Dst	7	199	11	Mutter_02
Stem.Prog	MBRT_vs_SBRT	HALLMARK_E2F_TARGETS	MSigDB_Hallmark	exploratory	-1.9488284050887	0.00094227598353269	0.0163327837145666	Hmgb2,Top2a,Mki67,Pttg1,Stmn1,Birc5,Cdkn3,Dnmt1	8	200	20	Mutter_02
Stem.Prog	MBRT_vs_SBRT	HALLMARK_MYOGENESIS	MSigDB_Hallmark	exploratory	-1.71317893922908	0.0048782961856213	0.0634178504130769	Gsn,Col6a2,Igfbp3,Clu,Col1a1,Col4a2,Tagln,Gadd45b,Cfd,Erbb3,Itgb4,Sorbs1,Rb1	13	201	39	Mutter_02
Stem.Prog	MBRT_vs_SBRT	HALLMARK_APOPTOSIS	MSigDB_Hallmark	exploratory	-1.56503563777607	0.0135890268272972	0.123767209188256	Hmgb2,Top2a,Gsn,Cd2,Casp3,Lmna,Clu,Krt18,Ccnd1,Gadd45b,Ier3,Sod1,Erbb3,Rela,Tnfrsf12a,Gpx1,Anxa1,Ctnnb1,Jun,Fasl,Cd44,Sqstm1,Ptk2,Ifngr1	24	160	64	Mutter_02
Stem.Prog	MBRT_vs_SBRT	HALLMARK_UV_RESPONSE_DN	MSigDB_Hallmark	exploratory	-1.64278586232469	0.0142808318294142	0.123767209188256	Ldlr,Ica1,Nfkb1,Col1a2,Adgrl2,Col1a1,Igf1r,Anxa4,Tgfbr2,Fyn	10	144	32	Mutter_02
Stem.Prog	MBRT_vs_SBRT	HALLMARK_CHOLESTEROL_HOMEOSTASIS	MSigDB_Hallmark	exploratory	-1.5715337232473	0.0365249133752129	0.249520153550864	Ldlr,Alcam,Clu,Cd9,Tnfrsf12a,Ctnnb1	6	75	13	Mutter_02
Stem.Prog	MBRT_vs_SBRT	HALLMARK_EPITHELIAL_MESENCHYMAL_TRANSITION	MSigDB_Hallmark	exploratory	-1.38219740540177	0.0604490500863558	0.249520153550864	Col6a2,Acta2,Igfbp3,Col1a2,Col1a1,Col4a2,Col4a1,Lgals1,Tagln,Col16a1,Gadd45b,Dst,Vim,Col5a3,Tnfrsf12a,Jun,Vegfa,Cd44,Tpm1,Col5a1,Wnt5a	21	206	72	Mutter_02
Stem.Prog	MBRT_vs_SBRT	HALLMARK_GLYCOLYSIS	MSigDB_Hallmark	exploratory	-1.38495639520021	0.0767754318618042	0.249520153550864	Igfbp3,Stmn1,Ppia,Ier3,Sod1,Ldha,Vegfa,Sox9,Cd44,Col5a1,Dcn	11	200	18	Mutter_02
Stem.Prog	MBRT_vs_SBRT	HALLMARK_INFLAMMATORY_RESPONSE	MSigDB_Hallmark	exploratory	1.29376214093821	0.0710900473933649	0.249520153550864	Cdkn1a,Olr1,Il2rb,Csf3r,Il1b,Cd40,Cmklr1,Ccr7,Clec5a,Lif,Nlrp3,Ccl2,Msr1,Best1,Ccrl2,Cxcl10,Gpr183,Cxcl9,Cd14,Ccl5,Ffar2,Il1a,Acvr1b,Itgb8,Cd69,Nod2,Tnfsf15,Itga5,Icosl,Tlr2,Csf1,Il7r,Tnfaip6,Cx3cl1,Il12b,Il10ra,Tnfrsf1b,Tnfsf10,Cd70	39	201	86	Mutter_02
Stem.Prog	MBRT_vs_SBRT	HALLMARK_KRAS_SIGNALING_DN	MSigDB_Hallmark	exploratory	1.43124041207527	0.0683760683760684	0.249520153550864	Krt4,Cntfr,Cd40lg,Ifng,Krt13,Cd80,Ryr2,Ifi44l,Pdcd1,Il12b,Krt15,Tgfb2	12	202	19	Mutter_02
Stem.Prog	MBRT_vs_SBRT	HALLMARK_KRAS_SIGNALING_UP	MSigDB_Hallmark	exploratory	1.38549839635374	0.0678431447432945	0.249520153550864	Il33,Il1b,Cxcr4,Fgf9,Cmklr1,Lif,Csf2,Cidea,Ptgs2,Cxcl10,Fcer1g,Sparcl1,Il2rg,Adgra2,Scg5,Il7r,Bmp2,Il10ra,Tnfrsf1b,Adgrl4	20	203	49	Mutter_02
Stem.Prog	MBRT_vs_SBRT	HALLMARK_MYC_TARGETS_V1	MSigDB_Hallmark	exploratory	-1.48013653995452	0.0640776699029126	0.249520153550864	Ppia,Ldha,Pcna,Ptges3,Myc,Rack1,Hsp90ab1,H2az1	8	201	9	Mutter_02
Stem.Prog	MBRT_vs_SBRT	HALLMARK_OXIDATIVE_PHOSPHORYLATION	MSigDB_Hallmark	exploratory	-1.49512596784285	0.0634635283056102	0.249520153550864	Glud1,Ldha,Atp5e	3	199	4	Mutter_02
Stem.Prog	MBRT_vs_SBRT	HALLMARK_PEROXISOME	MSigDB_Hallmark	exploratory	-1.42038956066553	0.0732177263969172	0.249520153550864	Top2a,Sod1	2	102	4	Mutter_02
Stem.Prog	MBRT_vs_SBRT	HALLMARK_PROTEIN_SECRETION	MSigDB_Hallmark	exploratory	-1.53065059464661	0.0580948093821221	0.249520153550864	Ica1,Krt18,Dst,Sod1	4	96	9	Mutter_02
Stem.Prog	MBRT_vs_SBRT	HALLMARK_ALLOGRAFT_REJECTION	MSigDB_Hallmark	exploratory	1.25076858641664	0.0995145631067961	0.3043974871502	Il2rb,Il1b,Ccl11,Cd40,Pf4,Egfr,Lif,Inhbb,Nlrp3,Ccl2,Stat4,Cd40lg,Fas,Itgal,Cxcl9,Ccl5,Ccl4,Ifng,H2-DMb1,Il2,Ptprc,Srgn,Il12rb1,Cd80,Itk,Cd28,H2-DMa,Tnf,H2-Ob,Icosl,Fgr,Tlr2,Il2rg,Ccl19,H2-M3,Csf1,H2-Q10,Il12b,Ccr2,Ifnar2,Cd4,Tgfb2,Prf1,Gzma,Il2ra,Il18,Il7,Irf4,Il16,H2-Aa,Ncr1,Timp1	52	201	102	Mutter_02
Stem.Prog	MBRT_vs_SBRT	HALLMARK_ANDROGEN_RESPONSE	MSigDB_Hallmark	exploratory	-1.32025560625598	0.117202268431002	0.338584331022894	Krt19,Krt8,Ccnd1,Akt1,Arid5b	5	112	17	Mutter_02
Stem.Prog	MBRT_vs_SBRT	HALLMARK_ESTROGEN_RESPONSE_EARLY	MSigDB_Hallmark	exploratory	-1.28703340695238	0.137111517367459	0.375252573847782	Krt19,Krt8,Krt18,Ccnd1,Igf1r,Xbp1,Jak2,Cd44,Aqp3,Il6st,Celsr2,Myc,Ptges,Areg,Slc2a1,Fasn,Dhrs2	17	200	33	Mutter_02
Stem.Prog	MBRT_vs_SBRT	HALLMARK_TGF_BETA_SIGNALING	MSigDB_Hallmark	exploratory	-1.30671738759896	0.149338374291115	0.3882797731569	Hdac1,Cdh1,Ifngr2,Junb,Ctnnb1	5	54	15	Mutter_02
Stem.Prog	MBRT_vs_SBRT	HALLMARK_PANCREAS_BETA_CELLS	MSigDB_Hallmark	exploratory	1.28182529940742	0.19047619047619	0.471655328798186	Gcg,Iapp	2	40	4	Mutter_02
Stem.Prog	MBRT_vs_SBRT	HALLMARK_COAGULATION	MSigDB_Hallmark	exploratory	-1.195596169192	0.206319702602231	0.487664751605272	Gsn,Clu,Cfd,Cd9,Mmp7,Anxa1,Dusp6,Fyn	8	139	28	Mutter_02
Stem.Prog	MBRT_vs_SBRT	HALLMARK_HYPOXIA	MSigDB_Hallmark	exploratory	1.09251749826763	0.292792792792793	0.661966314140227	Cdkn1a,Pgf,Cxcr4,Ackr3,Egfr,Plac8	6	200	39	Mutter_02
Stem.Prog	MBRT_vs_SBRT	DNA_Damage_Repair	project	primary	1.08339242434723	0.331905781584582	0.687763713080169	Cdkn1a,Ddit3,Atm	3	18	10	Mutter_02
Stem.Prog	MBRT_vs_SBRT	HALLMARK_PI3K_AKT_MTOR_SIGNALING	MSigDB_Hallmark	exploratory	1.09974458872315	0.343881856540084	0.687763713080169	Cdkn1a,Cxcr4,Egfr,Smad2,Ddit3	5	105	16	Mutter_02
Stem.Prog	MBRT_vs_SBRT	HALLMARK_UV_RESPONSE_UP	MSigDB_Hallmark	exploratory	-1.09499019267435	0.337686567164179	0.687763713080169	Casp3,Btg1,H2-Q2,Junb,Sqstm1,Aqp3,Il6st,Epcam,Mmp14,Nfkbia	10	158	24	Mutter_02
Stem.Prog	MBRT_vs_SBRT	HALLMARK_ANGIOGENESIS	MSigDB_Hallmark	exploratory	0.923971203074004	0.568376068376068	0.688197810576766	Olr1,Pf4,Vcan	3	36	19	Mutter_02
Stem.Prog	MBRT_vs_SBRT	HALLMARK_APICAL_JUNCTION	MSigDB_Hallmark	exploratory	-0.963796615072522	0.508928571428571	0.688197810576766	Cdh1,Itga9,Col16a1,Itgb4,Itga3,Src,Ptk2,Cldn4,Pfn1,Cd86,Itgb1,Cd276,Rac2,Fyb,Bmp1	15	199	38	Mutter_02
Stem.Prog	MBRT_vs_SBRT	HALLMARK_APICAL_SURFACE	MSigDB_Hallmark	exploratory	0.933938331927468	0.528907922912206	0.688197810576766	Il2rb,Hspb1,Efna5	3	44	10	Mutter_02
Stem.Prog	MBRT_vs_SBRT	HALLMARK_BILE_ACID_METABOLISM	MSigDB_Hallmark	exploratory	-0.922440208114612	0.559615384615385	0.688197810576766	Sod1,Ttr,Rxra,Gc	4	112	6	Mutter_02
Stem.Prog	MBRT_vs_SBRT	HALLMARK_ESTROGEN_RESPONSE_LATE	MSigDB_Hallmark	exploratory	-1.06131992164141	0.373881932021467	0.688197810576766	Top2a,Krt19,Cdh1,Ccnd1,Cd9,Xbp1,Jak2,Cd44,Il6st,Celsr2,Jak1,Cav1,Ptges,Areg	14	206	35	Mutter_02
Stem.Prog	MBRT_vs_SBRT	HALLMARK_FATTY_ACID_METABOLISM	MSigDB_Hallmark	exploratory	-0.977682192254881	0.484052532833021	0.688197810576766	Lgals1,S100a10,Glul,Ldha,Hsp90aa1,Mif,Fasn	7	157	11	Mutter_02
Stem.Prog	MBRT_vs_SBRT	HALLMARK_IL2_STAT5_SIGNALING	MSigDB_Hallmark	exploratory	-1.05974742549246	0.384353741496599	0.688197810576766	Alcam,Itga6,Col6a1,Casp3,Sell,Il3ra,Gadd45b,Igf1r,Cd81,Anxa4,Ahr,Xbp1,Cd44,Spry4,Ifngr1,Il4ra,Etv4,Flt3l,Myc,Cd86,Ifitm3	21	199	58	Mutter_02
Stem.Prog	MBRT_vs_SBRT	HALLMARK_IL6_JAK_STAT3_SIGNALING	MSigDB_Hallmark	exploratory	0.945766929638666	0.569086651053864	0.688197810576766	Csf3r,Il1b,Pf4,Csf2,Reg1,Cd36,Cntfr,Acvrl1,Cxcl2,Cxcl10,Fas,Cxcl9,Cd14,Il1r2,Il12rb1,Acvr1b,Pdgfc,Il17rb,Tnf,Tlr2,Il2rg	21	88	56	Mutter_02
Stem.Prog	MBRT_vs_SBRT	HALLMARK_INTERFERON_ALPHA_RESPONSE	MSigDB_Hallmark	exploratory	-1.00815466613071	0.436802973977695	0.688197810576766	Sell,Cd47,Ifi27,B2m,Bst2,Il4ra,Ifitm3,Ifih1,Ifitm2,Lamp3,Il15	11	100	23	Mutter_02
Stem.Prog	MBRT_vs_SBRT	HALLMARK_INTERFERON_GAMMA_RESPONSE	MSigDB_Hallmark	exploratory	0.960462948306252	0.558752997601919	0.688197810576766	Cdkn1a,Il2rb,Cd40,Cmklr1,Ccl2,Ido1,Ptgs2,Stat4,Cxcl10,Fas,Cxcl9,Ccl5	12	205	65	Mutter_02
Stem.Prog	MBRT_vs_SBRT	HALLMARK_MTORC1_SIGNALING	MSigDB_Hallmark	exploratory	-0.95336789740627	0.503690036900369	0.688197810576766	Ldlr,Ppia,Cd9,Ldha,Xbp1,Sqstm1,Hsp90b1,Serpinh1	8	201	14	Mutter_02
Stem.Prog	MBRT_vs_SBRT	HALLMARK_P53_PATHWAY	MSigDB_Hallmark	exploratory	-0.932287176613125	0.559139784946237	0.688197810576766	S100a4,S100a10,Btg1,Ier3,Hdac3,Itgb4,Cd81,Pcna,Rb1,Jun	10	199	39	Mutter_02
Stem.Prog	MBRT_vs_SBRT	HALLMARK_TNFA_SIGNALING_VIA_NFKB	MSigDB_Hallmark	exploratory	0.98877467512145	0.496487119437939	0.688197810576766	Cdkn1a,Olr1,Il1b,Ackr3,Sat1,Lif,Csf2,Cd83,Ccl2,Cxcl2,Ptgs2,Ccrl2,Cxcl10,Gpr183,Ccl5,Ccl4	16	199	76	Mutter_02
Stem.Prog	MBRT_vs_SBRT	HALLMARK_UNFOLDED_PROTEIN_RESPONSE	MSigDB_Hallmark	exploratory	-1.03679783528732	0.436538461538462	0.688197810576766	Vegfa,Xbp1,Hsp90b1,Bag3	4	113	6	Mutter_02
Stem.Prog	MBRT_vs_SBRT	HALLMARK_WNT_BETA_CATENIN_SIGNALING	MSigDB_Hallmark	exploratory	-1.01388152763921	0.440453686200378	0.688197810576766	Hey1,Rbpj,Ctnnb1,Wnt5b,Trp53,Dll1,Myc,Jag1,Fzd8,Ppard	10	42	15	Mutter_02
Stem.Prog	MBRT_vs_SBRT	HALLMARK_XENOBIOTIC_METABOLISM	MSigDB_Hallmark	exploratory	0.959033584990302	0.525974025974026	0.688197810576766	Apoe,Reg1,Cd36,Igf1,Fas,Crp,Hsd17b2	7	203	20	Mutter_02
Stem.Prog	MBRT_vs_SBRT	TypeII_interferon	project	primary	1.06647838347772	0.383474576271186	0.688197810576766	Cxcl10,Cxcl9,H2-Ab1,H2-Aa,H2-Eb1	5	17	8	Mutter_02
Stem.Prog	MBRT_vs_SBRT	HALLMARK_ADIPOGENESIS	MSigDB_Hallmark	exploratory	0.905644029734936	0.58974358974359	0.696969696969697	Apoe,Cidea,Cd36,Gpx3,Lep,Angpt1,Sparcl1	7	200	19	Mutter_02
Stem.Prog	MBRT_vs_SBRT	HALLMARK_COMPLEMENT	MSigDB_Hallmark	exploratory	0.912307156650593	0.608108108108108	0.702702702702703	S100a9,Olr1,Mmp12,Gzmk,Cd36,Spock2,Cxcl2,Cd40lg,Ccl5,Lgals3	10	196	42	Mutter_02
Stem.Prog	MBRT_vs_SBRT	TypeI_interferon	project	primary	0.847678061660995	0.647435897435897	0.731884057971015	Mx1	1	19	7	Mutter_02
Stem.Prog	MBRT_vs_SBRT	HALLMARK_NOTCH_SIGNALING	MSigDB_Hallmark	exploratory	-0.831549464817747	0.67680608365019	0.733206590621039	Ccnd1,Wnt5a,Dll1,Fzd5,Fzd7,Maml2,Jag1,Ppard	8	32	12	Mutter_02
Stem.Prog	MBRT_vs_SBRT	HALLMARK_SPERMATOGENESIS	MSigDB_Hallmark	exploratory	-0.841719175918351	0.669230769230769	0.733206590621039	Cdkn3,Ezh2	2	135	6	Mutter_02
Stem.Prog	MBRT_vs_SBRT	HALLMARK_DNA_REPAIR	MSigDB_Hallmark	exploratory	-0.79532978300402	0.737451737451737	0.782601843826334	Pcna,Nt5c3,Trp53	3	150	5	Mutter_02
Stem.Prog	MBRT_vs_SBRT	HALLMARK_REACTIVE_OXYGEN_SPECIES_PATHWAY	MSigDB_Hallmark	exploratory	0.756587269905429	0.762396694214876	0.792892561983471	Mpo,Gpx3	2	48	5	Mutter_02
Stem.Prog	MBRT_vs_SBRT	HALLMARK_HEME_METABOLISM	MSigDB_Hallmark	exploratory	0.653803419075267	0.873931623931624	0.891067538126362	Epor	1	194	7	Mutter_02
Stem.Prog	MBRT_vs_SBRT	HALLMARK_HEDGEHOG_SIGNALING	MSigDB_Hallmark	exploratory	0.606198065142556	0.911157024793388	0.911157024793388	Cntfr,Celsr1,Adgrg1	3	36	5	Mutter_02
Stem.Prog	SBRT_vs_Ctrl	HALLMARK_G2M_CHECKPOINT	MSigDB_Hallmark	exploratory	2.24241833726725	3.50664897600864e-06	0.000182345746752449	Mki67,Top2a,Nusap1,Ccnd1,Stmn1,Cenpf,Pttg1,Ube2c,Birc5,Abl1,Ezh2	11	198	23	Mutter_02
Stem.Prog	SBRT_vs_Ctrl	HALLMARK_E2F_TARGETS	MSigDB_Hallmark	exploratory	2.07830034136348	9.53944295105418e-05	0.00248025516727409	Mki67,Hmgb2,Top2a,Stmn1,Pttg1,Dnmt1,Birc5,Pcna,Ezh2	9	200	20	Mutter_02
Stem.Prog	SBRT_vs_Ctrl	HALLMARK_UV_RESPONSE_DN	MSigDB_Hallmark	exploratory	1.98781575762929	0.000195210912987978	0.00338365582512495	Ldlr,Col1a1,Col3a1,Col1a2,Ica1,Nfkb1,Tgfbr2,Fyn,Adgrl2,Anxa2,Rxra,Anxa4,Cav1,Igf1r	14	144	32	Mutter_02
Stem.Prog	SBRT_vs_Ctrl	HALLMARK_MITOTIC_SPINDLE	MSigDB_Hallmark	exploratory	2.01383449205095	0.000311146343549652	0.00404490246614547	Top2a,Nusap1,Cenpf,Gsn,Birc5,Abl1,Ezr	7	199	11	Mutter_02
Stem.Prog	SBRT_vs_Ctrl	HALLMARK_CHOLESTEROL_HOMEOSTASIS	MSigDB_Hallmark	exploratory	1.88927809058457	0.00171605526424853	0.0154879146882552	Ldlr,Clu,Fasn,Tnfrsf12a,Ctnnb1,Cd9,Alcam	7	75	13	Mutter_02
Stem.Prog	SBRT_vs_Ctrl	HALLMARK_EPITHELIAL_MESENCHYMAL_TRANSITION	MSigDB_Hallmark	exploratory	1.69334503390198	0.00178706707941406	0.0154879146882552	Col1a1,Acta2,Col6a2,Gadd45b,Col3a1,Col1a2,Col5a3,Lgals1,Col5a1,Col4a1,Cd44,Col12a1,Mfap5,Tnfrsf12a,Il15,Serpinh1,Areg,Wnt5a,Igfbp3,Bgn,Cxcl3,Dst,Itga5,Vegfa	24	206	72	Mutter_02
Stem.Prog	SBRT_vs_Ctrl	HALLMARK_APICAL_SURFACE	MSigDB_Hallmark	exploratory	-1.80838604185586	0.00479329760190238	0.035607353614132	Il2rb,Efna5,Hspb1,Il2rg	4	44	10	Mutter_02
Stem.Prog	SBRT_vs_Ctrl	HALLMARK_INTERFERON_GAMMA_RESPONSE	MSigDB_Hallmark	exploratory	-1.55574361993104	0.00789555432396013	0.0513211031057409	Il2rb,Cdkn1a,Cd40,Fas,Stat4,Cmklr1,Ptgs2,Ido1,Ciita,Irf4,Cd38,Klrk1,Ifi44l,Tnfsf10,H2-DMa,Cd69,Ifitm2,Cd274,Cxcl9,H2-M3,Fpr1,Tnfaip6,H2-Q10,H2-Aa,Il6	25	205	65	Mutter_02
Stem.Prog	SBRT_vs_Ctrl	HALLMARK_PEROXISOME	MSigDB_Hallmark	exploratory	1.6665679066965	0.00917403420387771	0.0530055309557379	Top2a	1	102	4	Mutter_02
Stem.Prog	SBRT_vs_Ctrl	HALLMARK_ESTROGEN_RESPONSE_LATE	MSigDB_Hallmark	exploratory	1.52534096341348	0.0215915750258628	0.102069263758624	Top2a,Ccnd1,Krt19,Cd44,Areg,Cdh1,Cd9,Cav1,Celsr2,Sfn,Xbp1	11	206	35	Mutter_02
Stem.Prog	SBRT_vs_Ctrl	HALLMARK_MYC_TARGETS_V1	MSigDB_Hallmark	exploratory	1.65171745110547	0.019721006934265	0.102069263758624	Ldha,Pcna,Ppia,Ptges3,H2az1	5	201	9	Mutter_02
Stem.Prog	SBRT_vs_Ctrl	HALLMARK_FATTY_ACID_METABOLISM	MSigDB_Hallmark	exploratory	1.61324975558707	0.0277523333848531	0.111009333539413	S100a10,Ldha,Lgals1,Fasn,Glul,H2az1,Hsp90aa1,Mif	8	157	11	Mutter_02
Stem.Prog	SBRT_vs_Ctrl	HALLMARK_GLYCOLYSIS	MSigDB_Hallmark	exploratory	1.56377274336976	0.02598288930998	0.111009333539413	Stmn1,Ldha,Ppia,Col5a1,Cd44,Ier3,Igfbp3,Vegfa,Mif,Dcn	10	200	18	Mutter_02
Stem.Prog	SBRT_vs_Ctrl	HALLMARK_ALLOGRAFT_REJECTION	MSigDB_Hallmark	exploratory	-1.31870769622817	0.0407765180971645	0.151455638646611	Il2rb,Il12rb1,Cd40,Fas,Stat4,Itgal,Tgfb2,Cd28,H2-DMb1,Irf4,H2-Ob,Itgb2,Ltb,H2-DMa,Il2rg,Il2ra,Tlr1,Cd8a,Prf1,Ccl19,Inhba,Cxcl9,H2-M3,Cd3g,H2-T23,Egfr,Il27ra,Cd79a,Fgr,Inhbb,H2-Q10,Tlr2,H2-Aa,Nlrp3,Il6,Ccl11,Lif	37	201	102	Mutter_02
Stem.Prog	SBRT_vs_Ctrl	HALLMARK_APOPTOSIS	MSigDB_Hallmark	exploratory	1.45080625221969	0.0438050173232692	0.151857393387333	Hmgb2,Top2a,Ccnd1,Gsn,Gadd45b,Lmna,Krt18,Clu,Cd44,Cd2,Fasl,Tnfrsf12a,Ctnnb1,Ier3,Anxa1,Bgn,Cav1,Gpx1,Casp3	19	160	64	Mutter_02
Stem.Prog	SBRT_vs_Ctrl	HALLMARK_ESTROGEN_RESPONSE_EARLY	MSigDB_Hallmark	exploratory	1.40987015883441	0.0707395498392283	0.218029350104822	Ccnd1,Krt19,Krt8,Krt18,Fasn,Cd44,Areg,Ar,Celsr2,Igf1r,Sfn,Xbp1	12	200	33	Mutter_02
Stem.Prog	SBRT_vs_Ctrl	HALLMARK_KRAS_SIGNALING_UP	MSigDB_Hallmark	exploratory	-1.34755189523313	0.0730994152046784	0.218029350104822	Tnfrsf1b,Sparcl1,Cmklr1,Fgf9,Cxcr4,Ptgs2,Csf2,Pecam1,Bmp2,Itgb2,Ace,Il2rg,Cidea,Spry2,Inhba	15	203	49	Mutter_02
Stem.Prog	SBRT_vs_Ctrl	HALLMARK_MYOGENESIS	MSigDB_Hallmark	exploratory	1.40797493736574	0.0754716981132076	0.218029350104822	Col1a1,Gsn,Col6a2,Gadd45b,Col3a1,Clu,Myl7	7	201	39	Mutter_02
Stem.Prog	SBRT_vs_Ctrl	TypeII_interferon	project	primary	-1.39907106976288	0.0895196506550218	0.245001149161112	Ciita,Cxcl9,H2-Aa,H2-Ab1,H2-Eb1	5	17	8	Mutter_02
Stem.Prog	SBRT_vs_Ctrl	HALLMARK_ANDROGEN_RESPONSE	MSigDB_Hallmark	exploratory	1.39775982051306	0.0958677685950413	0.249256198347107	Ccnd1,Krt19,Krt8,Akt1	4	112	17	Mutter_02
Stem.Prog	SBRT_vs_Ctrl	HALLMARK_PANCREAS_BETA_CELLS	MSigDB_Hallmark	exploratory	-1.37218311226358	0.113320079522863	0.270743801652893	Gcg,Dpp4	2	40	4	Mutter_02
Stem.Prog	SBRT_vs_Ctrl	HALLMARK_PROTEIN_SECRETION	MSigDB_Hallmark	exploratory	1.3808374093777	0.114545454545455	0.270743801652893	Ica1,Krt18,Dst,Igf2r	4	96	9	Mutter_02
Stem.Prog	SBRT_vs_Ctrl	HALLMARK_UNFOLDED_PROTEIN_RESPONSE	MSigDB_Hallmark	exploratory	1.33743625588457	0.15719696969697	0.355401844532279	Bag3,Vegfa,Xbp1,Hsp90b1	4	113	6	Mutter_02
Stem.Prog	SBRT_vs_Ctrl	HALLMARK_KRAS_SIGNALING_DN	MSigDB_Hallmark	exploratory	-1.27180196393089	0.164285714285714	0.355952380952381	Tgfb2,Krt15,Ifi44l,Egf,Pdcd1	5	202	19	Mutter_02
Stem.Prog	SBRT_vs_Ctrl	HALLMARK_BILE_ACID_METABOLISM	MSigDB_Hallmark	exploratory	1.29777002724924	0.178030303030303	0.37030303030303	Rxra,Gc,Ar	3	112	6	Mutter_02
Stem.Prog	SBRT_vs_Ctrl	HALLMARK_COAGULATION	MSigDB_Hallmark	exploratory	1.21830887349423	0.19281045751634	0.38562091503268	Gsn,Fyn,Clu,Pdgfb,Cd9,Rac1,Anxa1	7	139	28	Mutter_02
Stem.Prog	SBRT_vs_Ctrl	HALLMARK_HYPOXIA	MSigDB_Hallmark	exploratory	1.20082962288975	0.205974842767296	0.396692289774051	S100a4,Ldha,Col5a1,Anxa2,Pdgfb,Btg1,Vhl,Ier3,Rbpj,Igfbp3,Bgn,Cav1,Tgfb3,Vegfa,Mif,Dcn	16	200	39	Mutter_02
Stem.Prog	SBRT_vs_Ctrl	HALLMARK_COMPLEMENT	MSigDB_Hallmark	exploratory	1.15989670739111	0.242088607594937	0.434089917066783	Gzmb,Fyn,Clu,Calm1,Calm3,Pdgfb,Pfn1,Casp3,Cxcl3	9	196	42	Mutter_02
Stem.Prog	SBRT_vs_Ctrl	HALLMARK_NOTCH_SIGNALING	MSigDB_Hallmark	exploratory	1.20673531731714	0.239858906525573	0.434089917066783	Ccnd1,Wnt5a,Maml2,Fzd5,Fzd7,Jag1,Notch3,Ppard,Dll1	9	32	12	Mutter_02
Stem.Prog	SBRT_vs_Ctrl	HALLMARK_OXIDATIVE_PHOSPHORYLATION	MSigDB_Hallmark	exploratory	1.21310439795256	0.256513026052104	0.444622578490314	Ldha,Glud1,Atp5e	3	199	4	Mutter_02
Stem.Prog	SBRT_vs_Ctrl	HALLMARK_IL6_JAK_STAT3_SIGNALING	MSigDB_Hallmark	exploratory	-1.08325190254073	0.300595238095238	0.504224270353303	Il12rb1,Acvr1b,Tnfrsf1b,Fas,Acvrl1,Csf2,Cd38,Pdgfc,Ltb,Il17rb,Il2rg,Il2ra,Cxcl9,Csf3r,Reg1,Il13ra1,Il18r1,Tlr2,Il6,Cd14,Il1r2	21	88	56	Mutter_02
Stem.Prog	SBRT_vs_Ctrl	HALLMARK_DNA_REPAIR	MSigDB_Hallmark	exploratory	1.13047617040683	0.331372549019608	0.514974346736666	Pcna,Nt5c3,Trp53	3	150	5	Mutter_02
Stem.Prog	SBRT_vs_Ctrl	HALLMARK_MTORC1_SIGNALING	MSigDB_Hallmark	exploratory	1.11648002778119	0.327433628318584	0.514974346736666	Ldlr,Ldha,Ppia,Serpinh1,Cd9	5	201	14	Mutter_02
Stem.Prog	SBRT_vs_Ctrl	HALLMARK_REACTIVE_OXYGEN_SPECIES_PATHWAY	MSigDB_Hallmark	exploratory	-1.13547632934036	0.336713995943205	0.514974346736666	Mpo,Gpx3	2	48	5	Mutter_02
Stem.Prog	SBRT_vs_Ctrl	HALLMARK_ANGIOGENESIS	MSigDB_Hallmark	exploratory	1.04810856068771	0.407216494845361	0.60500736377025	Col3a1,S100a4	2	36	19	Mutter_02
Stem.Prog	SBRT_vs_Ctrl	HALLMARK_P53_PATHWAY	MSigDB_Hallmark	exploratory	1.02071668961694	0.427672955974843	0.614456316781898	S100a4,S100a10,Pcna,Hdac3,Rxra,Btg1,Cd81,Ier3,Trp53,Serpinb5,Fgf13,Sfn	12	199	39	Mutter_02
Stem.Prog	SBRT_vs_Ctrl	HALLMARK_TGF_BETA_SIGNALING	MSigDB_Hallmark	exploratory	-1.01640849684173	0.437209302325581	0.614456316781898	Tgfbr1,Bmp2,Acvr1,Thbs1,Apc	5	54	15	Mutter_02
Stem.Prog	SBRT_vs_Ctrl	HALLMARK_TNFA_SIGNALING_VIA_NFKB	MSigDB_Hallmark	exploratory	0.968288850611398	0.505681818181818	0.691985645933015	Ldlr,Ccnd1,Gadd45b,Nfkb1,Cd44,Btg1,Ifih1,Areg,Stat5a,Ifngr2,Ier3	11	199	76	Mutter_02
Stem.Prog	SBRT_vs_Ctrl	HALLMARK_INTERFERON_ALPHA_RESPONSE	MSigDB_Hallmark	exploratory	0.939365264482461	0.563973063973064	0.751964085297419	Il4ra,Sell,Il15,Ifih1,Il7,Lamp3,Cd47	7	100	23	Mutter_02
Stem.Prog	SBRT_vs_Ctrl	HALLMARK_HEDGEHOG_SIGNALING	MSigDB_Hallmark	exploratory	0.927403365775094	0.580392156862745	0.754509803921569	Hey1,Vegfa	2	36	5	Mutter_02
Stem.Prog	SBRT_vs_Ctrl	HALLMARK_WNT_BETA_CATENIN_SIGNALING	MSigDB_Hallmark	exploratory	0.85991707926564	0.653846153846154	0.829268292682927	Hey1,Ctnnb1,Rbpj,Trp53,Wnt5b,Jag1,Myc,Ppard,Dll1	9	42	15	Mutter_02
Stem.Prog	SBRT_vs_Ctrl	HALLMARK_IL2_STAT5_SIGNALING	MSigDB_Hallmark	exploratory	0.873456303791655	0.672155688622755	0.832192757342458	Gadd45b,Il3ra,Itga6,Col6a1,Spry4,Il4ra,Cd44,Sell,Cd81,Alcam,Anxa4,Casp3,Igf1r	13	199	58	Mutter_02
Stem.Prog	SBRT_vs_Ctrl	HALLMARK_XENOBIOTIC_METABOLISM	MSigDB_Hallmark	exploratory	-0.828119128677376	0.71875	0.869186046511628	Fas,Tgfb2,Hsd17b2,Crp,Ptgds,Reg1	6	203	20	Mutter_02
Stem.Prog	SBRT_vs_Ctrl	DNA_Damage_Repair	project	primary	-0.763263767702635	0.778761061946903	0.899901671583088	Cdkn1a,Ddit3,Atr,Atm	4	18	10	Mutter_02
Stem.Prog	SBRT_vs_Ctrl	HALLMARK_PI3K_AKT_MTOR_SIGNALING	MSigDB_Hallmark	exploratory	0.773781787717964	0.773109243697479	0.899901671583088	Akt1,Fasl,Pfn1,Tnfrsf1a,Rac1	5	105	16	Mutter_02
Stem.Prog	SBRT_vs_Ctrl	HALLMARK_APICAL_JUNCTION	MSigDB_Hallmark	exploratory	0.760045113305054	0.815336463223787	0.902074384843339	Itga9,Pfn1,Cdh1,Fyb,Itga3,Col16a1,Mmp9,Rac2,Itga2,Itgb1,Mapk14,Src,Tnfrsf11b,Itgb4	14	199	38	Mutter_02
Stem.Prog	SBRT_vs_Ctrl	HALLMARK_HEME_METABOLISM	MSigDB_Hallmark	exploratory	-0.758877992837245	0.807775377969762	0.902074384843339	Epor	1	194	7	Mutter_02
Stem.Prog	SBRT_vs_Ctrl	HALLMARK_ADIPOGENESIS	MSigDB_Hallmark	exploratory	-0.684557270922125	0.911904761904762	0.939524838012959	Sparcl1,Lep,Cidea,Gpx3	4	200	19	Mutter_02
Stem.Prog	SBRT_vs_Ctrl	HALLMARK_INFLAMMATORY_RESPONSE	MSigDB_Hallmark	exploratory	0.706597199074691	0.928969359331476	0.939524838012959	Ifnar1,Ldlr,Nfkb1,Axl,Il1r1,Il4ra,Sell,Il15,Csf3,Ifngr2	10	201	86	Mutter_02
Stem.Prog	SBRT_vs_Ctrl	HALLMARK_SPERMATOGENESIS	MSigDB_Hallmark	exploratory	0.578787027305441	0.916666666666667	0.939524838012959	Ezh2	1	135	6	Mutter_02
Stem.Prog	SBRT_vs_Ctrl	HALLMARK_UV_RESPONSE_UP	MSigDB_Hallmark	exploratory	-0.653391722099465	0.928217821782178	0.939524838012959	Rxrb,Bmp2,Gpx3,Fgf18,H2-M3,Il6,H2-Q1,Fos	8	158	24	Mutter_02
Stem.Prog	SBRT_vs_Ctrl	TypeI_interferon	project	primary	-0.608369418703332	0.939524838012959	0.939524838012959	Mx1,Oasl1,Ifitm1,Oas2,Stat1,Ifitm3,Ifit1	7	19	7	Mutter_02
Thio.induced.Peritoneal.Neutrophil	MBRT_vs_Ctrl	HALLMARK_EPITHELIAL_MESENCHYMAL_TRANSITION	MSigDB_Hallmark	exploratory	1.6925334352484	0.00529562353921133	0.116503717862649	Cxcl2,Col1a2,Gadd45b,Bgn,Col6a2,Col5a3,Il15,Acta2,Col6a3,Col1a1,Cxcl1,Dcn,Vegfc,Serpinh1,Wnt5a,Cd44,Thbs2,Col12a1	18	206	40	Mutter_02
Thio.induced.Peritoneal.Neutrophil	MBRT_vs_Ctrl	TypeII_interferon	project	primary	-1.80948829426349	0.00363994179971205	0.116503717862649	Stat1,H2-Aa,Cxcl9,Cd74,H2-Ab1,H2-Eb1	6	17	7	Mutter_02
Thio.induced.Peritoneal.Neutrophil	MBRT_vs_Ctrl	HALLMARK_COAGULATION	MSigDB_Hallmark	exploratory	-1.61830663281372	0.0341436889617795	0.238714553688563	Fn1,Clu,Dusp6,Anxa1,Cd9,Lamp2,Thbs1	7	139	15	Mutter_02
Thio.induced.Peritoneal.Neutrophil	MBRT_vs_Ctrl	HALLMARK_ESTROGEN_RESPONSE_LATE	MSigDB_Hallmark	exploratory	1.54683286526089	0.0442195360289451	0.238714553688563	Fabp5,S100a9,Xbp1,Zfp36,Fgfr3,Cxcl14,Cd44,Jak2	8	206	14	Mutter_02
Thio.induced.Peritoneal.Neutrophil	MBRT_vs_Ctrl	HALLMARK_HYPOXIA	MSigDB_Hallmark	exploratory	1.46885191379741	0.0408455784996353	0.238714553688563	Pgf,Bgn,Slc2a1,Zfp36,Ier3,Dcn,Vhl,Tgfb3,Btg1,Mt2,Cdkn1a,Col5a1,Jun	13	200	26	Mutter_02
Thio.induced.Peritoneal.Neutrophil	MBRT_vs_Ctrl	HALLMARK_INFLAMMATORY_RESPONSE	MSigDB_Hallmark	exploratory	1.45143714770337	0.0488279768908425	0.238714553688563	Il1b,Il4ra,Ccrl2,Il15,Hif1a,Cd14,Nfkbia,Ifngr2,Ifitm1,Il10ra,Msr1,Cxcr6,Cd48,Nod2,Osm	15	201	36	Mutter_02
Thio.induced.Peritoneal.Neutrophil	MBRT_vs_Ctrl	HALLMARK_INTERFERON_GAMMA_RESPONSE	MSigDB_Hallmark	exploratory	-1.51379058644831	0.0278454163862569	0.238714553688563	H2-D1,Stat1,Bst2,Ifi27,H2-Aa,Cxcl9,B2m,Cd74,Oas2,Ifitm3,Casp3,Lgals3bp,H2-Eb1,Nlrc5,Stat3,Nfkb1	16	205	43	Mutter_02
Thio.induced.Peritoneal.Neutrophil	MBRT_vs_Ctrl	HALLMARK_PROTEIN_SECRETION	MSigDB_Hallmark	exploratory	-1.64442348462641	0.0224125686260285	0.238714553688563	Sod1,Lamp2,Krt18,Cd63,Dst,Arf1	6	96	7	Mutter_02
Thio.induced.Peritoneal.Neutrophil	MBRT_vs_Ctrl	HALLMARK_TNFA_SIGNALING_VIA_NFKB	MSigDB_Hallmark	exploratory	1.50158148100835	0.0350349387144749	0.238714553688563	Il1b,Cxcl2,Ccl4,Gadd45b,Ccrl2,Zfp36,Cxcl1,Nfkbia,Ier3,Ifngr2,Cd44,Ifih1	12	199	36	Mutter_02
Thio.induced.Peritoneal.Neutrophil	MBRT_vs_Ctrl	HALLMARK_MYC_TARGETS_V1	MSigDB_Hallmark	exploratory	-1.41121951308957	0.0947775628626692	0.417021276595745	Hsp90ab1,Rack1	2	201	8	Mutter_02
Thio.induced.Peritoneal.Neutrophil	MBRT_vs_Ctrl	HALLMARK_ANDROGEN_RESPONSE	MSigDB_Hallmark	exploratory	-1.35928189221282	0.109404990403071	0.426692965154504	Krt8,B2m,Myl12a,Krt19	4	112	10	Mutter_02
Thio.induced.Peritoneal.Neutrophil	MBRT_vs_Ctrl	HALLMARK_IL6_JAK_STAT3_SIGNALING	MSigDB_Hallmark	exploratory	1.31711971517403	0.116370808678501	0.426692965154504	Il1b,Pf4,Cxcl2,Il4ra,Cd14,Cxcl1,Ifngr2,Cd44,Ccr1,Ltbr,Tnfrsf1a	11	88	24	Mutter_02
Thio.induced.Peritoneal.Neutrophil	MBRT_vs_Ctrl	HALLMARK_OXIDATIVE_PHOSPHORYLATION	MSigDB_Hallmark	exploratory	-1.33782653812823	0.137254901960784	0.464555052790347	Atp5e,Glud1,Bax	3	199	4	Mutter_02
Thio.induced.Peritoneal.Neutrophil	MBRT_vs_Ctrl	HALLMARK_ADIPOGENESIS	MSigDB_Hallmark	exploratory	-1.28540858753871	0.176470588235294	0.525729803122878	Sod1,Apoe	2	200	4	Mutter_02
Thio.induced.Peritoneal.Neutrophil	MBRT_vs_Ctrl	HALLMARK_NOTCH_SIGNALING	MSigDB_Hallmark	exploratory	1.30987126479092	0.179226069246436	0.525729803122878	Dll1,Wnt5a,Fzd7	3	32	6	Mutter_02
Thio.induced.Peritoneal.Neutrophil	MBRT_vs_Ctrl	TypeI_interferon	project	primary	-1.22388770534162	0.215648854961832	0.593034351145038	Stat1,Oas2,Ifitm3	3	19	7	Mutter_02
Thio.induced.Peritoneal.Neutrophil	MBRT_vs_Ctrl	HALLMARK_CHOLESTEROL_HOMEOSTASIS	MSigDB_Hallmark	exploratory	-1.1717778953707	0.259842519685039	0.635170603674541	Clu,Alcam,Cxcl16,Cd9	4	75	11	Mutter_02
Thio.induced.Peritoneal.Neutrophil	MBRT_vs_Ctrl	HALLMARK_MYOGENESIS	MSigDB_Hallmark	exploratory	1.17119686268978	0.254545454545455	0.635170603674541	Gadd45b,Col6a2,Col6a3,Col1a1	4	201	17	Mutter_02
Thio.induced.Peritoneal.Neutrophil	MBRT_vs_Ctrl	HALLMARK_INTERFERON_ALPHA_RESPONSE	MSigDB_Hallmark	exploratory	-1.13566251833636	0.293885601577909	0.680577182601474	Bst2,Cd47,Ifi27,B2m,Cd74,Ifitm3,Lgals3bp	7	100	19	Mutter_02
Thio.induced.Peritoneal.Neutrophil	MBRT_vs_Ctrl	HALLMARK_ANGIOGENESIS	MSigDB_Hallmark	exploratory	1.10704920372816	0.347280334728034	0.727634987049213	Pf4	1	36	7	Mutter_02
Thio.induced.Peritoneal.Neutrophil	MBRT_vs_Ctrl	HALLMARK_APOPTOSIS	MSigDB_Hallmark	exploratory	-1.07655644716733	0.337690631808279	0.727634987049213	Sqstm1,Prf1,Clu,Sod1,Lmna,Ifitm3,Anxa1,Casp3,Gpx1,Hmgb2,Krt18,Bax,Tgfb2	13	160	38	Mutter_02
Thio.induced.Peritoneal.Neutrophil	MBRT_vs_Ctrl	HALLMARK_COMPLEMENT	MSigDB_Hallmark	exploratory	-1.05550787623526	0.36969696969697	0.739393939393939	Fn1,Clu,Dusp6,Gzmb,Casp3,Lamp2	6	196	24	Mutter_02
Thio.induced.Peritoneal.Neutrophil	MBRT_vs_Ctrl	HALLMARK_ALLOGRAFT_REJECTION	MSigDB_Hallmark	exploratory	1.00998633288874	0.42	0.803478260869565	Il1b,Pf4,Srgn,Ccl4,Il4ra,Il15,H2-Q10,Hif1a	8	201	42	Mutter_02
Thio.induced.Peritoneal.Neutrophil	MBRT_vs_Ctrl	HALLMARK_FATTY_ACID_METABOLISM	MSigDB_Hallmark	exploratory	-1.0260058271174	0.446	0.817666666666667	Lgals1,S100a10,Ldha,Hsp90aa1	4	157	5	Mutter_02
Thio.induced.Peritoneal.Neutrophil	MBRT_vs_Ctrl	HALLMARK_E2F_TARGETS	MSigDB_Hallmark	exploratory	-0.986963363056568	0.475149105367793	0.836262425447316	Trp53,Hmgb2,Mki67,Chek1,Dnmt1,Myc	6	200	13	Mutter_02
Thio.induced.Peritoneal.Neutrophil	MBRT_vs_Ctrl	DNA_Damage_Repair	project	primary	0.763154252637355	0.739307535641548	0.970910539948197	Gadd45b	1	18	6	Mutter_02
Thio.induced.Peritoneal.Neutrophil	MBRT_vs_Ctrl	HALLMARK_APICAL_JUNCTION	MSigDB_Hallmark	exploratory	-0.81848526688656	0.736220472440945	0.970910539948197	Itga3,Icam1,Mmp9,Cx3cl1,Itgb4	5	199	11	Mutter_02
Thio.induced.Peritoneal.Neutrophil	MBRT_vs_Ctrl	HALLMARK_APICAL_SURFACE	MSigDB_Hallmark	exploratory	-0.859253485794504	0.662745098039216	0.970910539948197	Cx3cl1,App	2	44	4	Mutter_02
Thio.induced.Peritoneal.Neutrophil	MBRT_vs_Ctrl	HALLMARK_DNA_REPAIR	MSigDB_Hallmark	exploratory	-0.910828916070103	0.598039215686275	0.970910539948197	Trp53	1	150	4	Mutter_02
Thio.induced.Peritoneal.Neutrophil	MBRT_vs_Ctrl	HALLMARK_ESTROGEN_RESPONSE_EARLY	MSigDB_Hallmark	exploratory	0.694390611108032	0.825910931174089	0.970910539948197	Xbp1,Slc2a1,Cd44,Jak2	4	200	11	Mutter_02
Thio.induced.Peritoneal.Neutrophil	MBRT_vs_Ctrl	HALLMARK_GLYCOLYSIS	MSigDB_Hallmark	exploratory	0.629257857932804	0.906882591093117	0.970910539948197	Ier3,Dcn,Cd44	3	200	11	Mutter_02
Thio.induced.Peritoneal.Neutrophil	MBRT_vs_Ctrl	HALLMARK_IL2_STAT5_SIGNALING	MSigDB_Hallmark	exploratory	0.883431812783376	0.635643564356436	0.970910539948197	Il4ra,Gadd45b,Xbp1,Il10ra,Cd44	5	199	23	Mutter_02
Thio.induced.Peritoneal.Neutrophil	MBRT_vs_Ctrl	HALLMARK_KRAS_SIGNALING_UP	MSigDB_Hallmark	exploratory	-0.67461348508363	0.906560636182903	0.970910539948197	Slpi,Dusp6	2	203	13	Mutter_02
Thio.induced.Peritoneal.Neutrophil	MBRT_vs_Ctrl	HALLMARK_MITOTIC_SPINDLE	MSigDB_Hallmark	exploratory	-0.679410294736583	0.87890625	0.970910539948197	Abl1,Dst	2	199	6	Mutter_02
Thio.induced.Peritoneal.Neutrophil	MBRT_vs_Ctrl	HALLMARK_MTORC1_SIGNALING	MSigDB_Hallmark	exploratory	0.662782023731828	0.860323886639676	0.970910539948197	Xbp1,Slc2a1,Serpinh1	3	201	11	Mutter_02
Thio.induced.Peritoneal.Neutrophil	MBRT_vs_Ctrl	HALLMARK_P53_PATHWAY	MSigDB_Hallmark	exploratory	-0.734544951676328	0.862275449101797	0.970910539948197	Rack1,Tm4sf1,Trp53,Bax,Itgb4,Tap1,S100a10,App,Sat1,S100a4,Cd81	11	199	21	Mutter_02
Thio.induced.Peritoneal.Neutrophil	MBRT_vs_Ctrl	HALLMARK_PI3K_AKT_MTOR_SIGNALING	MSigDB_Hallmark	exploratory	-0.654125423191336	0.904030710172745	0.970910539948197	Sqstm1,Hsp90b1,Arf1,Akt1	4	105	10	Mutter_02
Thio.induced.Peritoneal.Neutrophil	MBRT_vs_Ctrl	HALLMARK_UNFOLDED_PROTEIN_RESPONSE	MSigDB_Hallmark	exploratory	0.830909054699584	0.665338645418327	0.970910539948197	Xbp1	1	113	5	Mutter_02
Thio.induced.Peritoneal.Neutrophil	MBRT_vs_Ctrl	HALLMARK_UV_RESPONSE_DN	MSigDB_Hallmark	exploratory	0.802358924288066	0.724137931034483	0.970910539948197	Col1a2,Col1a1	2	144	14	Mutter_02
Thio.induced.Peritoneal.Neutrophil	MBRT_vs_Ctrl	HALLMARK_UV_RESPONSE_UP	MSigDB_Hallmark	exploratory	-0.748215035548537	0.811068702290076	0.970910539948197	Sqstm1,Casp3,Epcam	3	158	15	Mutter_02
Thio.induced.Peritoneal.Neutrophil	MBRT_vs_Ctrl	HALLMARK_WNT_BETA_CATENIN_SIGNALING	MSigDB_Hallmark	exploratory	0.846156830565631	0.648535564853557	0.970910539948197	Dll1	1	42	7	Mutter_02
Thio.induced.Peritoneal.Neutrophil	MBRT_vs_Ctrl	HALLMARK_XENOBIOTIC_METABOLISM	MSigDB_Hallmark	exploratory	0.618588826822889	0.926778242677824	0.970910539948197	Arg1,Tnfrsf1a,Mt2	3	203	7	Mutter_02
Thio.induced.Peritoneal.Neutrophil	MBRT_vs_Ctrl	HALLMARK_TGF_BETA_SIGNALING	MSigDB_Hallmark	exploratory	-0.573269170583214	0.962890625	0.985283430232558	Thbs1,Eng	2	54	6	Mutter_02
Thio.induced.Peritoneal.Neutrophil	MBRT_vs_Ctrl	HALLMARK_G2M_CHECKPOINT	MSigDB_Hallmark	exploratory	0.497614763738549	0.993914807302231	0.993914807302231	Hif1a,Birc5,Mt2,Tgfb1,Stmn1,Cenpf,Pttg1,Ccnd1,Ezh2,Ube2c,Myc,Chek1,Mki67,Abl1	14	198	14	Mutter_02
Thio.induced.Peritoneal.Neutrophil	MBRT_vs_SBRT	HALLMARK_TNFA_SIGNALING_VIA_NFKB	MSigDB_Hallmark	exploratory	1.9350368218828	0.000484588792185453	0.0213219068561599	Cdkn1a,Ccrl2,Ccl4,Cxcl1,Cxcl2,Zfp36,Atf3,Il1b,Nfkbia,Ccl2,Sat1,Gadd45b,Btg1,Tap1,Junb,Jun,Ier3,Rela	18	199	36	Mutter_02
Thio.induced.Peritoneal.Neutrophil	MBRT_vs_SBRT	HALLMARK_UV_RESPONSE_DN	MSigDB_Hallmark	exploratory	-1.84670861578035	0.00240115576693472	0.0528254268725639	Col1a1,Col1a2,Ica1,Ldlr,Nfkb1,Anxa2	6	144	14	Mutter_02
Thio.induced.Peritoneal.Neutrophil	MBRT_vs_SBRT	HALLMARK_INFLAMMATORY_RESPONSE	MSigDB_Hallmark	exploratory	1.71744402912185	0.00472876612733202	0.069355236534203	Cdkn1a,Ccrl2,Osm,Cd14,Il1b,Nfkbia,Il15,Ccl2,Csf3,Hif1a,Timp1,Msr1,Mmp14	13	201	36	Mutter_02
Thio.induced.Peritoneal.Neutrophil	MBRT_vs_SBRT	HALLMARK_ESTROGEN_RESPONSE_EARLY	MSigDB_Hallmark	exploratory	-1.80172579802272	0.00689939758024638	0.0758933733827102	Krt8,Krt18,Ccnd1,Xbp1,Krt19	5	200	11	Mutter_02
Thio.induced.Peritoneal.Neutrophil	MBRT_vs_SBRT	DNA_Damage_Repair	project	primary	1.65511254596492	0.0141888968175845	0.124862291994743	Cdkn1a,Ddit3,Gadd45b	3	18	6	Mutter_02
Thio.induced.Peritoneal.Neutrophil	MBRT_vs_SBRT	HALLMARK_FATTY_ACID_METABOLISM	MSigDB_Hallmark	exploratory	-1.54608780132346	0.0203871369945204	0.147627102186634	Lgals1,S100a10,Ldha	3	157	5	Mutter_02
Thio.induced.Peritoneal.Neutrophil	MBRT_vs_SBRT	HALLMARK_HYPOXIA	MSigDB_Hallmark	exploratory	1.54877970415157	0.0237143923652067	0.147627102186634	Cdkn1a,Pgf,Mt2,Zfp36,Atf3,Ddit3,Btg1,Mt1,Slc2a1,Dcn,Jun,Ier3	12	200	26	Mutter_02
Thio.induced.Peritoneal.Neutrophil	MBRT_vs_SBRT	HALLMARK_MYC_TARGETS_V1	MSigDB_Hallmark	exploratory	-1.62059629653465	0.0268412913066608	0.147627102186634	Ldha,Ppia,Pcna,Hsp90ab1	4	201	8	Mutter_02
Thio.induced.Peritoneal.Neutrophil	MBRT_vs_SBRT	HALLMARK_GLYCOLYSIS	MSigDB_Hallmark	exploratory	-1.61035046996909	0.0403439523872962	0.197237100560115	Ldha,Ppia,Sox9,Stmn1,Col5a1	5	200	11	Mutter_02
Thio.induced.Peritoneal.Neutrophil	MBRT_vs_SBRT	HALLMARK_OXIDATIVE_PHOSPHORYLATION	MSigDB_Hallmark	exploratory	-1.45181108849141	0.0541666666666667	0.238333333333333	Ldha,Glud1,Atp5e	3	199	4	Mutter_02
Thio.induced.Peritoneal.Neutrophil	MBRT_vs_SBRT	HALLMARK_COAGULATION	MSigDB_Hallmark	exploratory	-1.46552111096287	0.0625	0.25	Clu,Anxa1,Dusp6,Rac1,Mmp9,Cd9,Thbs1,Gsn	8	139	15	Mutter_02
Thio.induced.Peritoneal.Neutrophil	MBRT_vs_SBRT	HALLMARK_PROTEIN_SECRETION	MSigDB_Hallmark	exploratory	-1.45787297043475	0.0739299610894942	0.271076523994812	Krt18,Ica1	2	96	7	Mutter_02
Thio.induced.Peritoneal.Neutrophil	MBRT_vs_SBRT	HALLMARK_ANDROGEN_RESPONSE	MSigDB_Hallmark	exploratory	-1.42293285407607	0.0807086614173228	0.273167777104785	Krt8,Ccnd1,Akt1,B2m,Krt19	5	112	10	Mutter_02
Thio.induced.Peritoneal.Neutrophil	MBRT_vs_SBRT	HALLMARK_IL2_STAT5_SIGNALING	MSigDB_Hallmark	exploratory	-1.35088840240093	0.133962264150943	0.392955974842767	Casp3,Spry4,Alcam,Xbp1,Ifitm3,Il4ra	6	199	23	Mutter_02
Thio.induced.Peritoneal.Neutrophil	MBRT_vs_SBRT	HALLMARK_IL6_JAK_STAT3_SIGNALING	MSigDB_Hallmark	exploratory	1.30737152172112	0.133333333333333	0.392955974842767	Cxcl1,Cxcl2,Cd14,Il1b	4	88	24	Mutter_02
Thio.induced.Peritoneal.Neutrophil	MBRT_vs_SBRT	HALLMARK_ANGIOGENESIS	MSigDB_Hallmark	exploratory	1.26117237023265	0.209016393442623	0.510418904403867	Spp1,Timp1,App,Jag1	4	36	7	Mutter_02
Thio.induced.Peritoneal.Neutrophil	MBRT_vs_SBRT	HALLMARK_APOPTOSIS	MSigDB_Hallmark	exploratory	-1.20812497225319	0.2	0.510418904403867	Hmgb2,Clu,Krt18,Ccnd1,Casp3,Lmna,Anxa1	7	160	38	Mutter_02
Thio.induced.Peritoneal.Neutrophil	MBRT_vs_SBRT	HALLMARK_CHOLESTEROL_HOMEOSTASIS	MSigDB_Hallmark	exploratory	-1.2744091743638	0.198841698841699	0.510418904403867	Clu,Alcam,Ldlr,Ctnnb1,Cd9	5	75	11	Mutter_02
Thio.induced.Peritoneal.Neutrophil	MBRT_vs_SBRT	HALLMARK_UV_RESPONSE_UP	MSigDB_Hallmark	exploratory	1.21429664576434	0.220408163265306	0.510418904403867	Cxcl1,Atf3,Nfkbia,H2-Q1,Btg1,Mmp14,Tap1,Junb	8	158	15	Mutter_02
Thio.induced.Peritoneal.Neutrophil	MBRT_vs_SBRT	HALLMARK_P53_PATHWAY	MSigDB_Hallmark	exploratory	1.16809439533851	0.244258872651357	0.537369519832985	Cdkn1a,Atf3,Ddit3,Sat1,Btg1,Tap1,Jun,Ier3	8	199	21	Mutter_02
Thio.induced.Peritoneal.Neutrophil	MBRT_vs_SBRT	HALLMARK_INTERFERON_GAMMA_RESPONSE	MSigDB_Hallmark	exploratory	1.1504957183237	0.256756756756757	0.537966537966538	Cdkn1a,Mt2,Cd274,H2-Eb1,Nfkbia,Il15,Ccl2,H2-Q10,Btg1,Hif1a,Casp8	11	205	43	Mutter_02
Thio.induced.Peritoneal.Neutrophil	MBRT_vs_SBRT	HALLMARK_E2F_TARGETS	MSigDB_Hallmark	exploratory	-1.10594090156474	0.337786259541985	0.646199800862927	Hmgb2,Mki67,Pcna,Stmn1	4	200	13	Mutter_02
Thio.induced.Peritoneal.Neutrophil	MBRT_vs_SBRT	HALLMARK_MTORC1_SIGNALING	MSigDB_Hallmark	exploratory	-1.12534459851222	0.332046332046332	0.646199800862927	Ldha,Ppia,Ldlr,Xbp1,Sqstm1,Cd9,Hsp90b1,Serpinh1	8	201	11	Mutter_02
Thio.induced.Peritoneal.Neutrophil	MBRT_vs_SBRT	HALLMARK_G2M_CHECKPOINT	MSigDB_Hallmark	exploratory	-1.08644850691473	0.357142857142857	0.654761904761905	Ccnd1,Mki67,Stmn1,Ube2c	4	198	14	Mutter_02
Thio.induced.Peritoneal.Neutrophil	MBRT_vs_SBRT	HALLMARK_MITOTIC_SPINDLE	MSigDB_Hallmark	exploratory	-1.05743216618958	0.389221556886228	0.685029940119761	Ezr,Cenpf,Gsn	3	199	6	Mutter_02
Thio.induced.Peritoneal.Neutrophil	MBRT_vs_SBRT	HALLMARK_APICAL_JUNCTION	MSigDB_Hallmark	exploratory	0.960845626013102	0.497933884297521	0.736164736164736	Cd274,Cd276	2	199	11	Mutter_02
Thio.induced.Peritoneal.Neutrophil	MBRT_vs_SBRT	HALLMARK_COMPLEMENT	MSigDB_Hallmark	exploratory	-0.98208533028884	0.477011494252874	0.736164736164736	Gzmb,Clu,Casp3	3	196	24	Mutter_02
Thio.induced.Peritoneal.Neutrophil	MBRT_vs_SBRT	HALLMARK_ESTROGEN_RESPONSE_LATE	MSigDB_Hallmark	exploratory	-0.978885945143178	0.501930501930502	0.736164736164736	Ccnd1,Xbp1,Cd9,Krt19	4	206	14	Mutter_02
Thio.induced.Peritoneal.Neutrophil	MBRT_vs_SBRT	HALLMARK_MYOGENESIS	MSigDB_Hallmark	exploratory	-1.00209138985197	0.455968688845401	0.736164736164736	Col1a1,Clu	2	201	17	Mutter_02
Thio.induced.Peritoneal.Neutrophil	MBRT_vs_SBRT	HALLMARK_XENOBIOTIC_METABOLISM	MSigDB_Hallmark	exploratory	0.976740451544121	0.483606557377049	0.736164736164736	Mt2	1	203	7	Mutter_02
Thio.induced.Peritoneal.Neutrophil	MBRT_vs_SBRT	HALLMARK_UNFOLDED_PROTEIN_RESPONSE	MSigDB_Hallmark	exploratory	0.882983212776476	0.601167315175097	0.85326973766788	Atf3,Ccl2	2	113	5	Mutter_02
Thio.induced.Peritoneal.Neutrophil	MBRT_vs_SBRT	HALLMARK_PI3K_AKT_MTOR_SIGNALING	MSigDB_Hallmark	exploratory	0.856992341138047	0.644444444444445	0.88356620093147	Cdkn1a,Ddit3,Slc2a1	3	105	10	Mutter_02
Thio.induced.Peritoneal.Neutrophil	MBRT_vs_SBRT	HALLMARK_TGF_BETA_SIGNALING	MSigDB_Hallmark	exploratory	-0.837170473776018	0.662674650698603	0.88356620093147	Ctnnb1,Thbs1,Eng	3	54	6	Mutter_02
Thio.induced.Peritoneal.Neutrophil	MBRT_vs_SBRT	HALLMARK_DNA_REPAIR	MSigDB_Hallmark	exploratory	-0.819368367882188	0.702083333333333	0.884565499351492	Pcna,Nt5c3,Trp53	3	150	4	Mutter_02
Thio.induced.Peritoneal.Neutrophil	MBRT_vs_SBRT	HALLMARK_KRAS_SIGNALING_UP	MSigDB_Hallmark	exploratory	-0.807593087618353	0.717557251908397	0.884565499351492	Sox9,Dusp6,Mmp9,Arg1,Eng,Etv5,Slpi	7	203	13	Mutter_02
Thio.induced.Peritoneal.Neutrophil	MBRT_vs_SBRT	HALLMARK_WNT_BETA_CATENIN_SIGNALING	MSigDB_Hallmark	exploratory	-0.774705373950782	0.723735408560311	0.884565499351492	Rbpj,Ctnnb1	2	42	7	Mutter_02
Thio.induced.Peritoneal.Neutrophil	MBRT_vs_SBRT	HALLMARK_ALLOGRAFT_REJECTION	MSigDB_Hallmark	exploratory	0.796577678680012	0.8	0.885860655737705	Ccl4,Il1b,Cd3e,Il15,Ccl2,H2-Q10,Hif1a,Timp1,Srgn,H2-DMb1,Tap1	11	201	42	Mutter_02
Thio.induced.Peritoneal.Neutrophil	MBRT_vs_SBRT	HALLMARK_INTERFERON_ALPHA_RESPONSE	MSigDB_Hallmark	exploratory	0.775609267744606	0.797494780793319	0.885860655737705	Ccrl2,Il15,H2-Q10,Casp8,Tap1,Oasl1,Ifitm2	7	100	19	Mutter_02
Thio.induced.Peritoneal.Neutrophil	MBRT_vs_SBRT	HALLMARK_NOTCH_SIGNALING	MSigDB_Hallmark	exploratory	0.769027392344275	0.746506986027944	0.885860655737705	Dll1,Wnt5a	2	32	6	Mutter_02
Thio.induced.Peritoneal.Neutrophil	MBRT_vs_SBRT	TypeII_interferon	project	primary	0.707406421625152	0.805327868852459	0.885860655737705	H2-Eb1	1	17	7	Mutter_02
Thio.induced.Peritoneal.Neutrophil	MBRT_vs_SBRT	HALLMARK_EPITHELIAL_MESENCHYMAL_TRANSITION	MSigDB_Hallmark	exploratory	-0.7360135113666	0.868761552680222	0.917176209005003	Col1a1,Col1a2,Lgals1,Tpm1,Col5a1,Tpm2,Col12a1,Serpinh1,Thbs2,Thbs1,Vim,Col5a3,Tnfrsf12a	13	206	40	Mutter_02
Thio.induced.Peritoneal.Neutrophil	MBRT_vs_SBRT	TypeI_interferon	project	primary	-0.659594256571803	0.875486381322957	0.917176209005003	Ifitm3,Stat1	2	19	7	Mutter_02
Thio.induced.Peritoneal.Neutrophil	MBRT_vs_SBRT	HALLMARK_ADIPOGENESIS	MSigDB_Hallmark	exploratory	0.610577904560868	0.896749521988528	0.917604162034772	Vegfb,Sod1,Col4a1,Apoe	4	200	4	Mutter_02
Thio.induced.Peritoneal.Neutrophil	MBRT_vs_SBRT	HALLMARK_APICAL_SURFACE	MSigDB_Hallmark	exploratory	0.556544461679375	0.944550669216061	0.944550669216061	App,Lyn,Cx3cl1,Ephb4	4	44	4	Mutter_02
Thio.induced.Peritoneal.Neutrophil	SBRT_vs_Ctrl	HALLMARK_INTERFERON_GAMMA_RESPONSE	MSigDB_Hallmark	exploratory	-1.98760487761972	0.00012774731706605	0.00562088195090619	Cdkn1a,H2-Eb1,H2-Aa,Ifi27,Cxcl9,H2-D1,Mt2,Lgals3bp,Casp8,Tap1,Icam1,Bst2,Oas2,Ccl2,Cd274,Oasl1,Stat1,Cd74,Nlrc5,Stat3,Ifitm2	21	205	43	Mutter_02
Thio.induced.Peritoneal.Neutrophil	SBRT_vs_Ctrl	HALLMARK_ESTROGEN_RESPONSE_LATE	MSigDB_Hallmark	exploratory	1.91897278966678	0.00192386432333051	0.0423250151132712	Xbp1,Fabp5,Ccnd1,S100a9,Cxcl14,Jak2,Cd44	7	206	14	Mutter_02
Thio.induced.Peritoneal.Neutrophil	SBRT_vs_Ctrl	HALLMARK_EPITHELIAL_MESENCHYMAL_TRANSITION	MSigDB_Hallmark	exploratory	1.66835597315615	0.00654888827807944	0.0720377710588739	Col1a2,Col1a1,Col5a3,Bgn,Col6a3,Serpinh1,Col6a2,Col12a1,Thbs2,Col5a1	10	206	40	Mutter_02
Thio.induced.Peritoneal.Neutrophil	SBRT_vs_Ctrl	TypeII_interferon	project	primary	-1.74925973584869	0.00652027184772713	0.0720377710588739	H2-Eb1,H2-Aa,Cxcl9,H2-Ab1,Stat1,Cd74,Cxcl10	7	17	7	Mutter_02
Thio.induced.Peritoneal.Neutrophil	SBRT_vs_Ctrl	HALLMARK_ESTROGEN_RESPONSE_EARLY	MSigDB_Hallmark	exploratory	1.6764018635364	0.0144938916062019	0.106288538445481	Xbp1,Ccnd1,Krt8,Krt18,Jak2,Cd44	6	200	11	Mutter_02
Thio.induced.Peritoneal.Neutrophil	SBRT_vs_Ctrl	HALLMARK_P53_PATHWAY	MSigDB_Hallmark	exploratory	-1.71962942862662	0.0139885625013408	0.106288538445481	Cdkn1a,Sat1,Tm4sf1,Rack1,Atf3,Tap1,Ddit3,Bax	8	199	21	Mutter_02
Thio.induced.Peritoneal.Neutrophil	SBRT_vs_Ctrl	HALLMARK_APICAL_JUNCTION	MSigDB_Hallmark	exploratory	-1.60874491767881	0.0196531830016659	0.123534293153328	Icam1,Cd276,Itga3,Cd274,Cx3cl1	5	199	11	Mutter_02
Thio.induced.Peritoneal.Neutrophil	SBRT_vs_Ctrl	HALLMARK_UV_RESPONSE_UP	MSigDB_Hallmark	exploratory	-1.57182918889586	0.0363795135130511	0.200087324321781	H2-Q1,Atf3,Tap1,Cxcl1,Icam1,Sqstm1	6	158	15	Mutter_02
Thio.induced.Peritoneal.Neutrophil	SBRT_vs_Ctrl	DNA_Damage_Repair	project	primary	-1.45109644397118	0.0781563126252505	0.312625250501002	Cdkn1a,Ddit3,Bax	3	18	6	Mutter_02
Thio.induced.Peritoneal.Neutrophil	SBRT_vs_Ctrl	HALLMARK_APOPTOSIS	MSigDB_Hallmark	exploratory	-1.39610298924422	0.0715506809658726	0.312625250501002	Cdkn1a,Prf1,Sat1,Casp8,Atf3,Tap1,Ddit3,Bax,Rela,Sod1,Tgfb2,Hgf,Lgals3,Sqstm1,App	15	160	38	Mutter_02
Thio.induced.Peritoneal.Neutrophil	SBRT_vs_Ctrl	HALLMARK_UV_RESPONSE_DN	MSigDB_Hallmark	exploratory	1.48223107315293	0.0651340996168582	0.312625250501002	Col1a2,Col1a1,Ica1	3	144	14	Mutter_02
Thio.induced.Peritoneal.Neutrophil	SBRT_vs_Ctrl	HALLMARK_FATTY_ACID_METABOLISM	MSigDB_Hallmark	exploratory	1.37434377450036	0.133064516129032	0.487903225806452	S100a10,Ldha,Lgals1,Hsp90aa1	4	157	5	Mutter_02
Thio.induced.Peritoneal.Neutrophil	SBRT_vs_Ctrl	HALLMARK_TNFA_SIGNALING_VIA_NFKB	MSigDB_Hallmark	exploratory	-1.22262282703015	0.170786516853933	0.578046672428695	Cdkn1a,Sat1,Atf3,Tap1,Ccrl2,Cxcl1,Icam1,Rela,Ccl2,Sqstm1	10	199	36	Mutter_02
Thio.induced.Peritoneal.Neutrophil	SBRT_vs_Ctrl	HALLMARK_GLYCOLYSIS	MSigDB_Hallmark	exploratory	1.25183870659795	0.199608610567515	0.620219526285384	Col5a1,Stmn1,Ldha,Cd44,Ppia,Sox9	6	200	11	Mutter_02
Thio.induced.Peritoneal.Neutrophil	SBRT_vs_Ctrl	HALLMARK_IL2_STAT5_SIGNALING	MSigDB_Hallmark	exploratory	1.20458143357992	0.211438474870017	0.620219526285384	Il4ra,Xbp1,Spry4,Il10ra,Cd48,Cd44,Casp3	7	199	23	Mutter_02
Thio.induced.Peritoneal.Neutrophil	SBRT_vs_Ctrl	HALLMARK_INTERFERON_ALPHA_RESPONSE	MSigDB_Hallmark	exploratory	-1.16840092513325	0.236607142857143	0.634287925696595	Ifi27,Lgals3bp,Casp8,Tap1,Ccrl2,Bst2,Oasl1,Cd74,Ifitm2	9	100	19	Mutter_02
Thio.induced.Peritoneal.Neutrophil	SBRT_vs_Ctrl	HALLMARK_MYOGENESIS	MSigDB_Hallmark	exploratory	1.15790892499878	0.273897058823529	0.634287925696595	Col1a1,Col6a3,Col6a2	3	201	17	Mutter_02
Thio.induced.Peritoneal.Neutrophil	SBRT_vs_Ctrl	HALLMARK_NOTCH_SIGNALING	MSigDB_Hallmark	exploratory	1.17843373462856	0.272365805168986	0.634287925696595	Ccnd1	1	32	6	Mutter_02
Thio.induced.Peritoneal.Neutrophil	SBRT_vs_Ctrl	TypeI_interferon	project	primary	-1.22150512996313	0.249496981891348	0.634287925696595	Oas2,Oasl1,Stat1,Mx1	4	19	7	Mutter_02
Thio.induced.Peritoneal.Neutrophil	SBRT_vs_Ctrl	HALLMARK_TGF_BETA_SIGNALING	MSigDB_Hallmark	exploratory	1.0884525756836	0.397614314115308	0.874751491053678	Ifngr2,Ctnnb1	2	54	6	Mutter_02
Thio.induced.Peritoneal.Neutrophil	SBRT_vs_Ctrl	HALLMARK_IL6_JAK_STAT3_SIGNALING	MSigDB_Hallmark	exploratory	1.02362190467246	0.426315789473684	0.893233082706767	Il4ra,Pf4,Ifngr2,Il1b,Cd44,Tnfrsf1a	6	88	24	Mutter_02
Thio.induced.Peritoneal.Neutrophil	SBRT_vs_Ctrl	HALLMARK_ALLOGRAFT_REJECTION	MSigDB_Hallmark	exploratory	-0.941714834140685	0.554502369668246	0.903633491311216	H2-T23,H2-Aa,Prf1,Cxcl9,H2-DMb1,Tap1,Icam1,Ccl2,Tgfb2,Stat1	10	201	42	Mutter_02
Thio.induced.Peritoneal.Neutrophil	SBRT_vs_Ctrl	HALLMARK_ANDROGEN_RESPONSE	MSigDB_Hallmark	exploratory	0.94161921966183	0.52286282306163	0.903633491311216	Ccnd1,Krt8,Akt1	3	112	10	Mutter_02
Thio.induced.Peritoneal.Neutrophil	SBRT_vs_Ctrl	HALLMARK_E2F_TARGETS	MSigDB_Hallmark	exploratory	0.921256040818509	0.551923076923077	0.903633491311216	Hmgb2,Pcna,Stmn1,Birc5	4	200	13	Mutter_02
Thio.induced.Peritoneal.Neutrophil	SBRT_vs_Ctrl	HALLMARK_G2M_CHECKPOINT	MSigDB_Hallmark	exploratory	0.983692491765855	0.477011494252874	0.903633491311216	Ccnd1,Stmn1,Birc5,Ube2c,Mki67,Cenpf,Pttg1	7	198	14	Mutter_02
Thio.induced.Peritoneal.Neutrophil	SBRT_vs_Ctrl	HALLMARK_MTORC1_SIGNALING	MSigDB_Hallmark	exploratory	0.934580276112779	0.530332681017613	0.903633491311216	Xbp1,Serpinh1,Ldha,Ppia,Ldlr,Slc2a1	6	201	11	Mutter_02
Thio.induced.Peritoneal.Neutrophil	SBRT_vs_Ctrl	HALLMARK_UNFOLDED_PROTEIN_RESPONSE	MSigDB_Hallmark	exploratory	0.955019102300598	0.516129032258065	0.903633491311216	Xbp1	1	113	5	Mutter_02
Thio.induced.Peritoneal.Neutrophil	SBRT_vs_Ctrl	HALLMARK_ADIPOGENESIS	MSigDB_Hallmark	exploratory	-0.87493510394428	0.62015503875969	0.933333333333333	Sod1,Vegfb,Apoe	3	200	4	Mutter_02
Thio.induced.Peritoneal.Neutrophil	SBRT_vs_Ctrl	HALLMARK_APICAL_SURFACE	MSigDB_Hallmark	exploratory	-0.811896995268981	0.697674418604651	0.933333333333333	App,Cx3cl1	2	44	4	Mutter_02
Thio.induced.Peritoneal.Neutrophil	SBRT_vs_Ctrl	HALLMARK_DNA_REPAIR	MSigDB_Hallmark	exploratory	0.849237602175757	0.668032786885246	0.933333333333333	Pcna	1	150	4	Mutter_02
Thio.induced.Peritoneal.Neutrophil	SBRT_vs_Ctrl	HALLMARK_INFLAMMATORY_RESPONSE	MSigDB_Hallmark	exploratory	-0.874893670862422	0.662921348314607	0.933333333333333	Cdkn1a,Cxcl9,Ccrl2,Icam1,Rela,Bst2,Ccl2,Csf3,Cx3cl1,Osm,Cxcl10,Timp1,Tlr2,Mmp14,Tnfaip6	15	201	36	Mutter_02
Thio.induced.Peritoneal.Neutrophil	SBRT_vs_Ctrl	HALLMARK_KRAS_SIGNALING_UP	MSigDB_Hallmark	exploratory	0.807668012282234	0.7	0.933333333333333	Arg1,Il10ra,Il1b,Etv5,Cd37,Sox9,Fcer1g	7	203	13	Mutter_02
Thio.induced.Peritoneal.Neutrophil	SBRT_vs_Ctrl	HALLMARK_PI3K_AKT_MTOR_SIGNALING	MSigDB_Hallmark	exploratory	-0.823365954359904	0.695390781563126	0.933333333333333	Cdkn1a,Ddit3,Sqstm1	3	105	10	Mutter_02
Thio.induced.Peritoneal.Neutrophil	SBRT_vs_Ctrl	HALLMARK_PROTEIN_SECRETION	MSigDB_Hallmark	exploratory	-0.773608728803644	0.736418511066399	0.95301219079181	Cd63,Dst,Sod1,Lamp2	4	96	7	Mutter_02
Thio.induced.Peritoneal.Neutrophil	SBRT_vs_Ctrl	HALLMARK_ANGIOGENESIS	MSigDB_Hallmark	exploratory	-0.728476906814961	0.802816901408451	0.969319219816238	Spp1	1	36	7	Mutter_02
Thio.induced.Peritoneal.Neutrophil	SBRT_vs_Ctrl	HALLMARK_MITOTIC_SPINDLE	MSigDB_Hallmark	exploratory	0.721080818458898	0.815109343936382	0.969319219816238	Ezr,Birc5,Cenpf,Gsn	4	199	6	Mutter_02
Thio.induced.Peritoneal.Neutrophil	SBRT_vs_Ctrl	HALLMARK_MYC_TARGETS_V1	MSigDB_Hallmark	exploratory	0.735514443859516	0.801571709233792	0.969319219816238	Pcna,Ldha,Ppia	3	201	8	Mutter_02
Thio.induced.Peritoneal.Neutrophil	SBRT_vs_Ctrl	HALLMARK_CHOLESTEROL_HOMEOSTASIS	MSigDB_Hallmark	exploratory	0.636576501709055	0.888454011741683	0.971683761103205	Fabp5,Clu,Ctnnb1,Ldlr	4	75	11	Mutter_02
Thio.induced.Peritoneal.Neutrophil	SBRT_vs_Ctrl	HALLMARK_COAGULATION	MSigDB_Hallmark	exploratory	0.694509842512215	0.852336448598131	0.971683761103205	Pf4,Rac1,Clu	3	139	15	Mutter_02
Thio.induced.Peritoneal.Neutrophil	SBRT_vs_Ctrl	HALLMARK_HYPOXIA	MSigDB_Hallmark	exploratory	-0.722586919677133	0.863425925925926	0.971683761103205	Cdkn1a,Mt2,Atf3,Ddit3,Mt1	5	200	26	Mutter_02
Thio.induced.Peritoneal.Neutrophil	SBRT_vs_Ctrl	HALLMARK_XENOBIOTIC_METABOLISM	MSigDB_Hallmark	exploratory	-0.636112896393651	0.905432595573441	0.971683761103205	Mt2,Tgfb2	2	203	7	Mutter_02
Thio.induced.Peritoneal.Neutrophil	SBRT_vs_Ctrl	HALLMARK_WNT_BETA_CATENIN_SIGNALING	MSigDB_Hallmark	exploratory	0.58659089435511	0.940594059405941	0.985384252710985	Ctnnb1,Rbpj,Dll1,Ppard,Jag1,Myc,Trp53	7	42	7	Mutter_02
Thio.induced.Peritoneal.Neutrophil	SBRT_vs_Ctrl	HALLMARK_COMPLEMENT	MSigDB_Hallmark	exploratory	-0.514586989237517	0.993055555555556	0.993055555555556	Fn1,Cxcl1,Lgals3,Lamp2,Apoc1,Timp1,Mmp12,Mmp14,C1qc	9	196	24	Mutter_02
Thio.induced.Peritoneal.Neutrophil	SBRT_vs_Ctrl	HALLMARK_OXIDATIVE_PHOSPHORYLATION	MSigDB_Hallmark	exploratory	0.479033034596112	0.979508196721311	0.993055555555556	Ldha	1	199	4	Mutter_02
Thymic.4.8.CD3lo.DP	MBRT_vs_Ctrl	HALLMARK_INTERFERON_GAMMA_RESPONSE	MSigDB_Hallmark	exploratory	-1.958675801464	0.000119372585993884	0.00620737447168198	Ifitm2,H2-D1,Ciita,Stat3,Bst2,Tap1,B2m,Oas3,Jak2,Cxcl9,H2-M3,Stat1,Nlrc5,Fpr1,Casp3,Ifi27,Ifitm3,Oas2,Oasl1,H2-Aa,Ido1,Vcam1,H2-DMa,Cd74	24	205	62	Mutter_02
Thymic.4.8.CD3lo.DP	MBRT_vs_Ctrl	TypeII_interferon	project	primary	-1.86771218913092	0.00261505509750704	0.067991432535183	Ciita,Cxcl9,Stat1,H2-Aa,Cd74,H2-Ab1,Cxcl10,H2-Eb1	8	17	8	Mutter_02
Thymic.4.8.CD3lo.DP	MBRT_vs_Ctrl	HALLMARK_APICAL_SURFACE	MSigDB_Hallmark	exploratory	-1.71661659283513	0.00663904819348204	0.115076835353689	Gata3,Hspb1,Ephb4,Efna5,App	5	44	10	Mutter_02
Thymic.4.8.CD3lo.DP	MBRT_vs_Ctrl	HALLMARK_ANGIOGENESIS	MSigDB_Hallmark	exploratory	1.58479104019437	0.023880274326424	0.173734892819579	Pf4,Col3a1,Timp1,Col5a2,Vcan	5	36	19	Mutter_02
Thymic.4.8.CD3lo.DP	MBRT_vs_Ctrl	HALLMARK_EPITHELIAL_MESENCHYMAL_TRANSITION	MSigDB_Hallmark	exploratory	1.49491712172534	0.013484793071129	0.173734892819579	Cxcl2,Col5a3,Col3a1,Timp1,Col5a2,Fgf2,Col4a1,Vcan,Col6a2,Col6a3,Wnt5a,Mfap5,Cxcl12,Vegfc,Tnfrsf11b,Bgn,Col1a1,Prss2,Col11a1,Il15,Gadd45b,Col5a1,Mmp2,Pdgfrb,Myl9,Cxcl5,Areg,Col12a1,Snai2,Tgfb1,Col1a2,Itga2,Lum,Cxcl1,Dcn,Cdh11,Thbs1,Serpinh1,Thbs2	39	206	72	Mutter_02
Thymic.4.8.CD3lo.DP	MBRT_vs_Ctrl	HALLMARK_MYC_TARGETS_V1	MSigDB_Hallmark	exploratory	-1.6203711677403	0.0197515793014671	0.173734892819579	Rack1,Hsp90ab1,Ldha,H2az1,Pcna	5	201	9	Mutter_02
Thymic.4.8.CD3lo.DP	MBRT_vs_Ctrl	HALLMARK_OXIDATIVE_PHOSPHORYLATION	MSigDB_Hallmark	exploratory	-1.51111032589212	0.0285434518492241	0.173734892819579	Ldha,Atp5e,Bax	3	199	4	Mutter_02
Thymic.4.8.CD3lo.DP	MBRT_vs_Ctrl	HALLMARK_P53_PATHWAY	MSigDB_Hallmark	exploratory	-1.49763051724473	0.0212718827804115	0.173734892819579	Itgb4,Rack1,Tap1,Notch1,Tsc22d1,Sfn,Cd81,Pcna,Sat1,App,Bax,Jun,Btg1,Tnfsf9,Tm4sf1	15	199	38	Mutter_02
Thymic.4.8.CD3lo.DP	MBRT_vs_Ctrl	HALLMARK_REACTIVE_OXYGEN_SPECIES_PATHWAY	MSigDB_Hallmark	exploratory	-1.52817475790585	0.0300695006803117	0.173734892819579	Sod1,Fes,Junb	3	48	5	Mutter_02
Thymic.4.8.CD3lo.DP	MBRT_vs_Ctrl	TypeI_interferon	project	primary	-1.61006553124821	0.0350904498900513	0.182470339428267	Stat1,Mx1,Ifitm3,Oas2,Oasl1	5	19	7	Mutter_02
Thymic.4.8.CD3lo.DP	MBRT_vs_Ctrl	HALLMARK_FATTY_ACID_METABOLISM	MSigDB_Hallmark	exploratory	-1.50627036008504	0.038752139697428	0.183191933115114	Glul,Ldha,H2az1,Hsp90aa1,Lgals1	5	157	10	Mutter_02
Thymic.4.8.CD3lo.DP	MBRT_vs_Ctrl	HALLMARK_TGF_BETA_SIGNALING	MSigDB_Hallmark	exploratory	-1.47898581256629	0.0490566037735849	0.212578616352201	Tgfbr1,Bmpr2,Hdac1,Junb,Bmpr1a,Eng,Apc,Ctnnb1,Bmp2,Smad3,Acvr1	11	54	15	Mutter_02
Thymic.4.8.CD3lo.DP	MBRT_vs_Ctrl	HALLMARK_INTERFERON_ALPHA_RESPONSE	MSigDB_Hallmark	exploratory	-1.47917864755674	0.0625	0.232142857142857	Ifitm2,Cd47,Bst2,Tap1,B2m,Ifi27,Ifitm3,Oasl1	8	100	23	Mutter_02
Thymic.4.8.CD3lo.DP	MBRT_vs_Ctrl	HALLMARK_UV_RESPONSE_UP	MSigDB_Hallmark	exploratory	-1.48433958159235	0.0625	0.232142857142857	Tap1,Fgf18,Sqstm1,H2-M3,Casp3,Junb,H2-Q1,Btg1,Rxrb,Lyn,Il6,Fos,Icam1,Bmp2	14	158	23	Mutter_02
Thymic.4.8.CD3lo.DP	MBRT_vs_Ctrl	HALLMARK_ANDROGEN_RESPONSE	MSigDB_Hallmark	exploratory	-1.42156178966677	0.0717054263565892	0.248578811369509	B2m,Tsc22d1,Itgav,Sat1,Krt8,Myl12a,Maf,Akt1,Mertk,Azgp1,Lifr,Fkbp5	12	112	17	Mutter_02
Thymic.4.8.CD3lo.DP	MBRT_vs_Ctrl	HALLMARK_E2F_TARGETS	MSigDB_Hallmark	exploratory	-1.33811412655522	0.119460500963391	0.365408591182138	Tubb5,Hmgb2,H2az1,Pcna,Pttg1,Mki67,Birc5	7	200	18	Mutter_02
Thymic.4.8.CD3lo.DP	MBRT_vs_Ctrl	HALLMARK_UV_RESPONSE_DN	MSigDB_Hallmark	exploratory	1.2988547447066	0.114967462039046	0.365408591182138	Col3a1,Col5a2,Kit,Pparg,Col1a1,Col11a1,Adgrl2,Pdgfrb,Snai2,Col1a2,Acvr2a,Nr3c1,Mapk14,Anxa2,Igf1r,Nfkb1,Tgfbr2	17	144	32	Mutter_02
Thymic.4.8.CD3lo.DP	MBRT_vs_Ctrl	HALLMARK_APOPTOSIS	MSigDB_Hallmark	exploratory	-1.25218998191472	0.126654064272212	0.365889519008612	Tap1,Sod1,Ptk2,Sqstm1,Anxa1,Casp3,Ifitm3,Hspb1,Hmgb2,Erbb3,Clu,Gpx1,Rela,Erbb2,Sat1,App,Bax,Jun,Cd2,Ifngr1	20	160	61	Mutter_02
Thymic.4.8.CD3lo.DP	MBRT_vs_Ctrl	HALLMARK_PROTEIN_SECRETION	MSigDB_Hallmark	exploratory	-1.34639540571734	0.140449438202247	0.384387936132466	Lamp2,Sod1,Arf1	3	96	9	Mutter_02
Thymic.4.8.CD3lo.DP	MBRT_vs_Ctrl	HALLMARK_PI3K_AKT_MTOR_SIGNALING	MSigDB_Hallmark	exploratory	-1.25344233500929	0.166666666666667	0.433333333333333	Sqstm1,Arf1,Hsp90b1,Sfn,Pfn1,Slc2a1	6	105	16	Mutter_02
Thymic.4.8.CD3lo.DP	MBRT_vs_Ctrl	HALLMARK_COAGULATION	MSigDB_Hallmark	exploratory	-1.1856299357412	0.203358208955224	0.494296577946768	Dusp6,Bmp1,Cfd,Lamp2,Fn1,Anxa1	6	139	28	Mutter_02
Thymic.4.8.CD3lo.DP	MBRT_vs_Ctrl	HALLMARK_MTORC1_SIGNALING	MSigDB_Hallmark	exploratory	-1.23173892455265	0.209125475285171	0.494296577946768	Sqstm1,Ldha,Hsp90b1,Xbp1,Slc2a1	5	201	14	Mutter_02
Thymic.4.8.CD3lo.DP	MBRT_vs_Ctrl	HALLMARK_ADIPOGENESIS	MSigDB_Hallmark	exploratory	1.17882830777633	0.219873150105708	0.495343712234307	Stat5a,Col4a1,Angpt1,Sorbs1,Pparg,Lep	6	200	19	Mutter_02
Thymic.4.8.CD3lo.DP	MBRT_vs_Ctrl	HALLMARK_COMPLEMENT	MSigDB_Hallmark	exploratory	-1.12550970785284	0.253358925143954	0.495343712234307	Col4a2,Dusp6,Hspa1a,Gata3,Lamp2,Jak2,Fn1,Casp3,Calm3	9	196	42	Mutter_02
Thymic.4.8.CD3lo.DP	MBRT_vs_Ctrl	HALLMARK_HEME_METABOLISM	MSigDB_Hallmark	exploratory	-1.21591747743333	0.240986717267552	0.495343712234307	Lamp2,Myl4,Slc2a1,Ackr1	4	194	7	Mutter_02
Thymic.4.8.CD3lo.DP	MBRT_vs_Ctrl	HALLMARK_SPERMATOGENESIS	MSigDB_Hallmark	exploratory	1.26228119907206	0.230607966457023	0.495343712234307	Il12rb2,Ezh2,Mtor	3	135	5	Mutter_02
Thymic.4.8.CD3lo.DP	MBRT_vs_Ctrl	HALLMARK_UNFOLDED_PROTEIN_RESPONSE	MSigDB_Hallmark	exploratory	-1.2206425739289	0.257197696737044	0.495343712234307	Bag3,Hsp90b1,Xbp1	3	113	6	Mutter_02
Thymic.4.8.CD3lo.DP	MBRT_vs_Ctrl	HALLMARK_PANCREAS_BETA_CELLS	MSigDB_Hallmark	exploratory	1.19096430668664	0.291489361702128	0.541337386018237	Dpp4,Sst	2	40	4	Mutter_02
Thymic.4.8.CD3lo.DP	MBRT_vs_Ctrl	HALLMARK_ESTROGEN_RESPONSE_LATE	MSigDB_Hallmark	exploratory	1.11181239277282	0.321739130434783	0.576911544227886	S100a9,Pgr,Zfp36,Cxcl12,Celsr2	5	206	31	Mutter_02
Thymic.4.8.CD3lo.DP	MBRT_vs_Ctrl	DNA_Damage_Repair	project	primary	1.09878590830424	0.343621399176955	0.595610425240055	Chek1,Gadd45b,Chek2,Ddit3,Parp1	5	18	10	Mutter_02
Thymic.4.8.CD3lo.DP	MBRT_vs_Ctrl	HALLMARK_XENOBIOTIC_METABOLISM	MSigDB_Hallmark	exploratory	1.06055137096768	0.367864693446089	0.617063356748278	Arg1,Reg1,Igf1,Tgfb2,Vtn,Cd36,Crp,Apoe,Ddc	9	203	19	Mutter_02
Thymic.4.8.CD3lo.DP	MBRT_vs_Ctrl	HALLMARK_PEROXISOME	MSigDB_Hallmark	exploratory	-1.10309558665853	0.383458646616541	0.62312030075188	Sod1	1	102	4	Mutter_02
Thymic.4.8.CD3lo.DP	MBRT_vs_Ctrl	HALLMARK_HEDGEHOG_SIGNALING	MSigDB_Hallmark	exploratory	-1.089028929332	0.396190476190476	0.624300144300144	Celsr1,Cntfr,Adgrg1,Hey1	4	36	5	Mutter_02
Thymic.4.8.CD3lo.DP	MBRT_vs_Ctrl	HALLMARK_APICAL_JUNCTION	MSigDB_Hallmark	exploratory	-0.956876528270394	0.516007532956686	0.735561012063628	Itgb4,Bmp1,Ptk2,Itga3,Vcam1,Cldn4,Myl12b,Itgb1,Pfn1	9	199	38	Mutter_02
Thymic.4.8.CD3lo.DP	MBRT_vs_Ctrl	HALLMARK_BILE_ACID_METABOLISM	MSigDB_Hallmark	exploratory	0.920452229714005	0.53014553014553	0.735561012063628	Apoa1,Ar,Gc	3	112	6	Mutter_02
Thymic.4.8.CD3lo.DP	MBRT_vs_Ctrl	HALLMARK_IL6_JAK_STAT3_SIGNALING	MSigDB_Hallmark	exploratory	0.953768316554877	0.537525354969574	0.735561012063628	Cxcl2,Pf4,Reg1,Il1b,Il4ra,Il7	6	88	54	Mutter_02
Thymic.4.8.CD3lo.DP	MBRT_vs_Ctrl	HALLMARK_INFLAMMATORY_RESPONSE	MSigDB_Hallmark	exploratory	0.969386770735483	0.536956521739131	0.735561012063628	Gpr183,Timp1,Il1b,Il4ra,Ffar2,Il7r,Ccrl2,Ifitm1,Cd55,Itgb8,Il15ra,Msr1,Il15,Osm,Tlr2,Icosl,Cxcr6,Csf3r,Nfkbia,Cxcl5,Ahr,Best1,Cd48	23	201	84	Mutter_02
Thymic.4.8.CD3lo.DP	MBRT_vs_Ctrl	HALLMARK_KRAS_SIGNALING_DN	MSigDB_Hallmark	exploratory	0.958369620472318	0.516460905349794	0.735561012063628	Ryr2,Celsr2,Tgfb2,Ifng,Krt1,Tcl1	6	202	17	Mutter_02
Thymic.4.8.CD3lo.DP	MBRT_vs_Ctrl	HALLMARK_MYOGENESIS	MSigDB_Hallmark	exploratory	-0.919079551525368	0.5969868173258	0.795982423101067	Col4a2,Itgb4,Notch1,Cfd,Tagln,Erbb3,Hdac5,Clu,Myl4,Itgb1,Mb,App	12	201	38	Mutter_02
Thymic.4.8.CD3lo.DP	MBRT_vs_Ctrl	HALLMARK_NOTCH_SIGNALING	MSigDB_Hallmark	exploratory	0.866884182909848	0.630021141649049	0.819027484143763	Wnt5a,Dll1,Fzd1,Maml2	4	32	12	Mutter_02
Thymic.4.8.CD3lo.DP	MBRT_vs_Ctrl	HALLMARK_DNA_REPAIR	MSigDB_Hallmark	exploratory	-0.843216781924004	0.647619047619048	0.82137049941928	Pcna,Nt5c3,Npr2	3	150	5	Mutter_02
Thymic.4.8.CD3lo.DP	MBRT_vs_Ctrl	HALLMARK_CHOLESTEROL_HOMEOSTASIS	MSigDB_Hallmark	exploratory	-0.837493088679902	0.691287878787879	0.855880230880231	Cxcl16,Clu,Alcam,Ctnnb1,Cd9	5	75	13	Mutter_02
Thymic.4.8.CD3lo.DP	MBRT_vs_Ctrl	HALLMARK_IL2_STAT5_SIGNALING	MSigDB_Hallmark	exploratory	-0.86235389694074	0.733716475095785	0.887285039650717	Tnfrsf1b,Bmpr2,Casp3,Ifitm3,Il1rl1,Bcl2,Spp1,Itgav,Cd81,Itgae,Xbp1,Cxcl10,Ifngr1,Alcam	14	199	57	Mutter_02
Thymic.4.8.CD3lo.DP	MBRT_vs_Ctrl	HALLMARK_ESTROGEN_RESPONSE_EARLY	MSigDB_Hallmark	exploratory	-0.811881398423904	0.763940520446097	0.902838796890842	Jak2,Bcl2,Sfn,Celsr1,Ptges,Xbp1,Slc2a1,Krt8	8	200	30	Mutter_02
Thymic.4.8.CD3lo.DP	MBRT_vs_Ctrl	HALLMARK_GLYCOLYSIS	MSigDB_Hallmark	exploratory	-0.760134429250803	0.788053949903661	0.910640119888675	Sod1,Sox9,Ldha	3	200	18	Mutter_02
Thymic.4.8.CD3lo.DP	MBRT_vs_Ctrl	HALLMARK_KRAS_SIGNALING_UP	MSigDB_Hallmark	exploratory	0.81760382441426	0.806185567010309	0.911340206185567	Arg1,Il1b,Apod,Ephb2	4	203	49	Mutter_02
Thymic.4.8.CD3lo.DP	MBRT_vs_Ctrl	HALLMARK_ALLOGRAFT_REJECTION	MSigDB_Hallmark	exploratory	-0.802383374353232	0.891941391941392	0.927619047619048	Cd47,Cd79a,Tap1,H2-T23,B2m,Jak2,Cxcl9,Il12rb1,H2-M3,Stat1,H2-DMb1	11	201	101	Mutter_02
Thymic.4.8.CD3lo.DP	MBRT_vs_Ctrl	HALLMARK_HYPOXIA	MSigDB_Hallmark	exploratory	-0.738690441177153	0.884469696969697	0.927619047619048	Plac8,Bcl2,Ldha,Rbpj,Efna1,Slc2a1,Jun,Btg1,Inha,Ets1	10	200	39	Mutter_02
Thymic.4.8.CD3lo.DP	MBRT_vs_Ctrl	HALLMARK_TNFA_SIGNALING_VIA_NFKB	MSigDB_Hallmark	exploratory	0.802637154289874	0.881606765327696	0.927619047619048	Cxcl2,Gpr183,Il1b,Ccl4,Stat5a,Zfp36,Il7r,Ccrl2	8	199	75	Mutter_02
Thymic.4.8.CD3lo.DP	MBRT_vs_Ctrl	HALLMARK_WNT_BETA_CATENIN_SIGNALING	MSigDB_Hallmark	exploratory	-0.735758863081414	0.843396226415094	0.927619047619048	Notch1,Hdac5,Rbpj	3	42	15	Mutter_02
Thymic.4.8.CD3lo.DP	MBRT_vs_Ctrl	HALLMARK_G2M_CHECKPOINT	MSigDB_Hallmark	exploratory	-0.635404037537	0.941176470588235	0.942528735632184	H2az1,Pttg1,Efna5,Mki67,Nusap1,Birc5,Ube2c	7	198	22	Mutter_02
Thymic.4.8.CD3lo.DP	MBRT_vs_Ctrl	HALLMARK_MITOTIC_SPINDLE	MSigDB_Hallmark	exploratory	-0.604467714016703	0.942528735632184	0.942528735632184	Ezr,Nusap1,Birc5,Apc	4	199	11	Mutter_02
Thymic.4.8.CD3lo.DP	MBRT_vs_SBRT	HALLMARK_EPITHELIAL_MESENCHYMAL_TRANSITION	MSigDB_Hallmark	exploratory	-2.01423708395769	4.54224276289359e-05	0.00236196623670467	Col1a1,Col1a2,Acta2,Bgn,Col5a1,Col5a3,Col6a2,Col3a1,Col12a1,Col4a1,Lgals1,Serpinh1,Dcn,Tagln,Mfap5,Vcam1,Emp3,Col6a3,Dst,Cd44,Col5a2,Col4a2,Pdgfrb,Tnfrsf12a,Tpm1,Igfbp3,Gadd45b,Tgfb1,Notch2,Itgb1,Tpm2,Col16a1	32	206	72	Mutter_02
Thymic.4.8.CD3lo.DP	MBRT_vs_SBRT	HALLMARK_ANDROGEN_RESPONSE	MSigDB_Hallmark	exploratory	-1.80950529105081	0.00355089295376613	0.0923232167979193	Krt8,Ccnd1,Akt1,Arid5b,Selenop,B2m	6	112	17	Mutter_02
Thymic.4.8.CD3lo.DP	MBRT_vs_SBRT	HALLMARK_APOPTOSIS	MSigDB_Hallmark	exploratory	-1.56806145839862	0.0117123694481459	0.121808642260717	Hmgb2,Bgn,Lmna,Ccnd1,Gpx1,Krt18,Gsn,Dcn,Top2a,Sod1,Ier3,Ctnnb1,Clu,Cd44,Fasl,Pdgfrb,Sqstm1,Tnfrsf12a,Il18,Gadd45b,Rela	21	160	61	Mutter_02
Thymic.4.8.CD3lo.DP	MBRT_vs_SBRT	HALLMARK_COAGULATION	MSigDB_Hallmark	exploratory	-1.71345715419179	0.00901676547162988	0.121808642260717	Cfd,Dusp6,Fyn,Gsn,Mmp9,Rac1,Clu,C1qa,Anxa1,Mmp7,Bmp1,Itga2,Mmp14,Lamp2	14	139	28	Mutter_02
Thymic.4.8.CD3lo.DP	MBRT_vs_SBRT	HALLMARK_UV_RESPONSE_DN	MSigDB_Hallmark	exploratory	-1.75090050484367	0.0113984108907611	0.121808642260717	Col1a1,Col1a2,Col3a1,Ldlr,Ica1,Igfbp5,Fyn,Tgfbr2,Nfkb1,Col5a2,Rxra,Pdgfrb,Bmpr1a,Notch2	14	144	32	Mutter_02
Thymic.4.8.CD3lo.DP	MBRT_vs_SBRT	HALLMARK_PROTEIN_SECRETION	MSigDB_Hallmark	exploratory	-1.72867962592175	0.0155098622258254	0.134418805957153	Ica1,Krt18,Arf1,Sod1,Dst	5	96	9	Mutter_02
Thymic.4.8.CD3lo.DP	MBRT_vs_SBRT	HALLMARK_GLYCOLYSIS	MSigDB_Hallmark	exploratory	-1.5237189436027	0.057066344487965	0.303030303030303	Col5a1,Ldha,Stmn1,Dcn,Ppia,Sod1,Ier3,Cd44,Igfbp3	9	200	18	Mutter_02
Thymic.4.8.CD3lo.DP	MBRT_vs_SBRT	HALLMARK_MITOTIC_SPINDLE	MSigDB_Hallmark	exploratory	-1.62455092851751	0.0479003126254439	0.303030303030303	Nusap1,Gsn,Top2a,Dst,Notch2,Ezr,Abl1	7	199	11	Mutter_02
Thymic.4.8.CD3lo.DP	MBRT_vs_SBRT	HALLMARK_MTORC1_SIGNALING	MSigDB_Hallmark	exploratory	-1.48514153260768	0.0641025641025641	0.303030303030303	Xbp1,Ldlr,Igfbp5,Serpinh1,Ldha,Ppia,Hsp90b1,Sqstm1	8	201	14	Mutter_02
Thymic.4.8.CD3lo.DP	MBRT_vs_SBRT	HALLMARK_MYOGENESIS	MSigDB_Hallmark	exploratory	-1.43937220712199	0.0596026490066225	0.303030303030303	Col1a1,Cfd,Col6a2,Col3a1,Gsn,Tagln,Igfbp7,Col6a3,Tnnc1,Clu,Col4a2,Igfbp3,Mb,Gadd45b,Tgfb1,Itgb1,Tpm2	17	201	38	Mutter_02
Thymic.4.8.CD3lo.DP	MBRT_vs_SBRT	HALLMARK_UNFOLDED_PROTEIN_RESPONSE	MSigDB_Hallmark	exploratory	-1.56689299748096	0.0582856670789412	0.303030303030303	Xbp1,Hsp90b1,Ccl2	3	113	6	Mutter_02
Thymic.4.8.CD3lo.DP	MBRT_vs_SBRT	DNA_Damage_Repair	project	primary	1.42462578574395	0.0945054945054945	0.351020408163265	Cdkn1a,Chek1,Atm,Ddit3,Chek2,Atr,Brca1	7	18	10	Mutter_02
Thymic.4.8.CD3lo.DP	MBRT_vs_SBRT	HALLMARK_ESTROGEN_RESPONSE_EARLY	MSigDB_Hallmark	exploratory	-1.40183900869539	0.0826306913996627	0.351020408163265	Xbp1,Krt8,Ccnd1,Krt18,Bcl2,Cd44,Jak2,Ptges,Sfn	9	200	30	Mutter_02
Thymic.4.8.CD3lo.DP	MBRT_vs_SBRT	HALLMARK_PANCREAS_BETA_CELLS	MSigDB_Hallmark	exploratory	1.49803684751898	0.0902847839002181	0.351020408163265	Gcg,Iapp	2	40	4	Mutter_02
Thymic.4.8.CD3lo.DP	MBRT_vs_SBRT	HALLMARK_KRAS_SIGNALING_DN	MSigDB_Hallmark	exploratory	1.35955637159536	0.103603603603604	0.359159159159159	Tcl1,Cd80,Ifng,Ryr2,Ifi44l,Krt1,Tgfb2,Egf	8	202	17	Mutter_02
Thymic.4.8.CD3lo.DP	MBRT_vs_SBRT	HALLMARK_APICAL_SURFACE	MSigDB_Hallmark	exploratory	1.38560052073607	0.118681318681319	0.385714285714286	Efna5,Il2rb,Gata3,Il2rg,App,Hspb1,Cx3cl1,Brca1,Ephb4	9	44	10	Mutter_02
Thymic.4.8.CD3lo.DP	MBRT_vs_SBRT	HALLMARK_PEROXISOME	MSigDB_Hallmark	exploratory	-1.36399598750363	0.129411764705882	0.395847750865052	Top2a,Sod1	2	102	4	Mutter_02
Thymic.4.8.CD3lo.DP	MBRT_vs_SBRT	HALLMARK_E2F_TARGETS	MSigDB_Hallmark	exploratory	-1.28093841137006	0.16726618705036	0.468901734104046	Hmgb2,Mki67,Pcna,Stmn1,Top2a,Tubb5	6	200	18	Mutter_02
Thymic.4.8.CD3lo.DP	MBRT_vs_SBRT	HALLMARK_ESTROGEN_RESPONSE_LATE	MSigDB_Hallmark	exploratory	-1.2366789339145	0.184433164128596	0.468901734104046	Xbp1,Ccnd1,Top2a,Cdh1,Cxcl14,Tnnc1,Bcl2,Cd44	8	206	31	Mutter_02
Thymic.4.8.CD3lo.DP	MBRT_vs_SBRT	HALLMARK_G2M_CHECKPOINT	MSigDB_Hallmark	exploratory	-1.24100778705814	0.210702341137124	0.468901734104046	Mki67,Nusap1,Ccnd1,Stmn1,Top2a,Ube2c	6	198	22	Mutter_02
Thymic.4.8.CD3lo.DP	MBRT_vs_SBRT	HALLMARK_INTERFERON_ALPHA_RESPONSE	MSigDB_Hallmark	exploratory	-1.21951265990986	0.2220367278798	0.468901734104046	Il4ra,Bst2,B2m,Cd74,Cd47,Ifih1,Ifitm3,Sell,Ifitm2,H2-Q10	10	100	23	Mutter_02
Thymic.4.8.CD3lo.DP	MBRT_vs_SBRT	HALLMARK_OXIDATIVE_PHOSPHORYLATION	MSigDB_Hallmark	exploratory	-1.26901654312634	0.2	0.468901734104046	Ldha,Glud1,Atp5e	3	199	4	Mutter_02
Thymic.4.8.CD3lo.DP	MBRT_vs_SBRT	HALLMARK_REACTIVE_OXYGEN_SPECIES_PATHWAY	MSigDB_Hallmark	exploratory	-1.23674115552523	0.225433526011561	0.468901734104046	Fes,Sod1,Mpo	3	48	5	Mutter_02
Thymic.4.8.CD3lo.DP	MBRT_vs_SBRT	HALLMARK_SPERMATOGENESIS	MSigDB_Hallmark	exploratory	1.27593112436482	0.213250517598344	0.468901734104046	Il12rb2,Ace	2	135	5	Mutter_02
Thymic.4.8.CD3lo.DP	MBRT_vs_SBRT	HALLMARK_XENOBIOTIC_METABOLISM	MSigDB_Hallmark	exploratory	1.23201582426521	0.194570135746606	0.468901734104046	Cd36,Igf1,Mt2,Fas,Hsd17b2,Crp,Ppard,Ddc,Arg1,Tgfb2,Reg1	11	203	19	Mutter_02
Thymic.4.8.CD3lo.DP	MBRT_vs_SBRT	HALLMARK_MYC_TARGETS_V1	MSigDB_Hallmark	exploratory	-1.2206080550546	0.244036697247706	0.488073394495413	Pcna,Ptges3,Ldha,Ppia	4	201	9	Mutter_02
Thymic.4.8.CD3lo.DP	MBRT_vs_SBRT	HALLMARK_FATTY_ACID_METABOLISM	MSigDB_Hallmark	exploratory	-1.17958261321957	0.263254113345521	0.507007921998781	S100a10,Lgals1,Ldha,Glul,Mif,H2az1,Hsp90aa1,Fasn	8	157	10	Mutter_02
Thymic.4.8.CD3lo.DP	MBRT_vs_SBRT	HALLMARK_COMPLEMENT	MSigDB_Hallmark	exploratory	-1.12776977789148	0.273489932885906	0.50790987535954	Gzmb,Dusp6,Pfn1,Dusp5,Fyn,Clu,Col4a2,Hspa1a,Calm1,C1qa,Lyn,Jak2	12	196	42	Mutter_02
Thymic.4.8.CD3lo.DP	MBRT_vs_SBRT	HALLMARK_PI3K_AKT_MTOR_SIGNALING	MSigDB_Hallmark	exploratory	-1.14657981305239	0.290909090909091	0.521630094043887	Pfn1,Akt1,Arf1,Tnfrsf1a,Rac1,Hsp90b1,Fasl,Sqstm1	8	105	16	Mutter_02
Thymic.4.8.CD3lo.DP	MBRT_vs_SBRT	HALLMARK_APICAL_JUNCTION	MSigDB_Hallmark	exploratory	-1.1050962147876	0.321192052980132	0.55673289183223	Pfn1,Fyb,Syk,Vcam1,Mmp9,Cdh1,Itgb1,Col16a1,Bmp1,Itgb4,Itga2,Cldn4,Ptprc,Itga3,Icam1,Cd34	16	199	38	Mutter_02
Thymic.4.8.CD3lo.DP	MBRT_vs_SBRT	HALLMARK_P53_PATHWAY	MSigDB_Hallmark	exploratory	-1.00821224772146	0.445364238410596	0.705393283010611	S100a10,Cd81,Pcna,Hdac3,S100a4,Ier3,Rxra,Btg1,Tgfb1,Rack1,Il1a,Sfn,Itgb4,Trp53,Tsc22d1	15	199	38	Mutter_02
Thymic.4.8.CD3lo.DP	MBRT_vs_SBRT	HALLMARK_TGF_BETA_SIGNALING	MSigDB_Hallmark	exploratory	-1.03579408241756	0.447653429602888	0.705393283010611	Ctnnb1,Cdh1,Bmpr1a,Tgfb1,Hdac1,Ifngr2	6	54	15	Mutter_02
Thymic.4.8.CD3lo.DP	MBRT_vs_SBRT	HALLMARK_WNT_BETA_CATENIN_SIGNALING	MSigDB_Hallmark	exploratory	1.02033116544976	0.426339285714286	0.705393283010611	Tcf7,Fzd1,Hdac11,Ppard,Hdac5	5	42	15	Mutter_02
Thymic.4.8.CD3lo.DP	MBRT_vs_SBRT	HALLMARK_ANGIOGENESIS	MSigDB_Hallmark	exploratory	-0.984013644289607	0.483928571428571	0.707482993197279	Col3a1,S100a4,Fgfr1,Col5a2	4	36	19	Mutter_02
Thymic.4.8.CD3lo.DP	MBRT_vs_SBRT	HALLMARK_HYPOXIA	MSigDB_Hallmark	exploratory	-0.994813812189805	0.469899665551839	0.707482993197279	Bgn,Col5a1,Ldha,Dcn,S100a4,Ier3,Bcl2,Btg1,Igfbp3	9	200	39	Mutter_02
Thymic.4.8.CD3lo.DP	MBRT_vs_SBRT	HALLMARK_KRAS_SIGNALING_UP	MSigDB_Hallmark	exploratory	0.990001625126207	0.489795918367347	0.707482993197279	Csf2,Pigr,Inhba,Il1b,Ace,Cxcr4,Il33,Il7r,Il2rg,Etv4,Fgf9,Sparcl1,Arg1,Adgrl4,Ets1,Ephb2,Spp1,Igf2,Cmklr1,Scg5,Etv5,Spry2,Eng,Ptgs2,Pecam1,Wnt7a,Pdcd1lg2	27	203	49	Mutter_02
Thymic.4.8.CD3lo.DP	MBRT_vs_SBRT	HALLMARK_TNFA_SIGNALING_VIA_NFKB	MSigDB_Hallmark	exploratory	0.960015904479584	0.552197802197802	0.776061776061776	Cdkn1a,Csf2,Cxcl2,Ccl4,Cd69,Ccrl2,Inhba,Il1b,Cd80,Cd83	10	199	75	Mutter_02
Thymic.4.8.CD3lo.DP	MBRT_vs_SBRT	HALLMARK_CHOLESTEROL_HOMEOSTASIS	MSigDB_Hallmark	exploratory	-0.859652701438584	0.646630236794171	0.821895672372873	Ldlr,Ctnnb1,Clu,Tnfrsf12a	4	75	13	Mutter_02
Thymic.4.8.CD3lo.DP	MBRT_vs_SBRT	HALLMARK_DNA_REPAIR	MSigDB_Hallmark	exploratory	0.855524269215814	0.648033126293996	0.821895672372873	Tyms	1	150	5	Mutter_02
Thymic.4.8.CD3lo.DP	MBRT_vs_SBRT	HALLMARK_IL2_STAT5_SIGNALING	MSigDB_Hallmark	exploratory	-0.912110111786134	0.625	0.821895672372873	Xbp1,Il4ra,Cd81,Itga6,Cd48,Col6a1,Bcl2,Cd44,Gadd45b,Ahr,Icos,Ifitm3,Sell,Itgae,Tlr7,Spry4,Il10	17	199	57	Mutter_02
Thymic.4.8.CD3lo.DP	MBRT_vs_SBRT	TypeII_interferon	project	primary	-0.844869552513188	0.642458100558659	0.821895672372873	Cd74,Stat1,Ciita,Cxcl10	4	17	8	Mutter_02
Thymic.4.8.CD3lo.DP	MBRT_vs_SBRT	HALLMARK_IL6_JAK_STAT3_SIGNALING	MSigDB_Hallmark	exploratory	0.898711051293456	0.670984455958549	0.830742659758204	Cd36,Csf2,Cxcl2,Il2ra,Il1b,Fas,Il7,Il13ra1,Pdgfc	9	88	54	Mutter_02
Thymic.4.8.CD3lo.DP	MBRT_vs_SBRT	HALLMARK_ADIPOGENESIS	MSigDB_Hallmark	exploratory	-0.766843759714857	0.785714285714286	0.950166112956811	Col4a1,Apoe,Sod1,Fabp4,Adipoq	5	200	19	Mutter_02
Thymic.4.8.CD3lo.DP	MBRT_vs_SBRT	HALLMARK_ALLOGRAFT_REJECTION	MSigDB_Hallmark	exploratory	0.844897598856327	0.834355828220859	0.955838150289017	Stat4,Ccl11,Ncr1,Il2,Il2ra,Ccl4,Inhba,Il1b,Cd80,Cd8b1,Cd28,Fas,Il7,Il2rb,Gzma,Ccl19,Tlr1,Ifng,Srgn,Il2rg,Irf4,Ccr2,Cd8a,Cd3e,Krt1,Cd3g,Tgfb2,Itk,Prf1,Fgr,Egfr,Ets1	32	201	101	Mutter_02
Thymic.4.8.CD3lo.DP	MBRT_vs_SBRT	HALLMARK_BILE_ACID_METABOLISM	MSigDB_Hallmark	exploratory	-0.693992641833049	0.857677902621723	0.955838150289017	Sod1,Rxra	2	112	6	Mutter_02
Thymic.4.8.CD3lo.DP	MBRT_vs_SBRT	HALLMARK_HEDGEHOG_SIGNALING	MSigDB_Hallmark	exploratory	-0.620949768498604	0.919075144508671	0.955838150289017	Adgrg1,Celsr1,Vegfa,Hey1,Cntfr	5	36	5	Mutter_02
Thymic.4.8.CD3lo.DP	MBRT_vs_SBRT	HALLMARK_HEME_METABOLISM	MSigDB_Hallmark	exploratory	0.639949969861745	0.904555314533623	0.955838150289017	Epor	1	194	7	Mutter_02
Thymic.4.8.CD3lo.DP	MBRT_vs_SBRT	HALLMARK_INTERFERON_GAMMA_RESPONSE	MSigDB_Hallmark	exploratory	0.767199326006221	0.887096774193548	0.955838150289017	Cdkn1a,Stat4,Cd69,Mt2,Fas,Il7,Klrk1,Il2rb,Gzma,Lgals3bp,Fpr1,Irf4,Ifi44l,Il15ra	14	205	62	Mutter_02
Thymic.4.8.CD3lo.DP	MBRT_vs_SBRT	HALLMARK_NOTCH_SIGNALING	MSigDB_Hallmark	exploratory	-0.649112144134169	0.895027624309392	0.955838150289017	Ccnd1	1	32	12	Mutter_02
Thymic.4.8.CD3lo.DP	MBRT_vs_SBRT	TypeI_interferon	project	primary	-0.699877127933142	0.855822550831793	0.955838150289017	Stat1,Ifitm3,Ifit1	3	19	7	Mutter_02
Thymic.4.8.CD3lo.DP	MBRT_vs_SBRT	HALLMARK_INFLAMMATORY_RESPONSE	MSigDB_Hallmark	exploratory	-0.714858941775439	0.952671755725191	0.971351594072743	Il4ra,Ldlr,Cd48,Ifnar1,Axl,Nod2,Emp3,Nfkb1,Csf3,Bst2,Tlr2,Il18,Lyn,Ahr,Ccl2,Rela	16	201	84	Mutter_02
Thymic.4.8.CD3lo.DP	MBRT_vs_SBRT	HALLMARK_UV_RESPONSE_UP	MSigDB_Hallmark	exploratory	0.55900986352945	0.992555831265509	0.992555831265509	Rxrb,H2-Q1,Epcam,Fgf18,Gpx3,Cxcl1,Junb,Bmp2,Nfkbia,Atf3,Bid,Aqp3,Tap1,Fos,H2-M3,Il6,Casp3,Icam1,H2-Q2,Mmp14,Lyn,Btg1,Sqstm1	23	158	23	Mutter_02
Thymic.4.8.CD3lo.DP	SBRT_vs_Ctrl	HALLMARK_EPITHELIAL_MESENCHYMAL_TRANSITION	MSigDB_Hallmark	exploratory	2.25437728793533	7.59477381391277e-08	3.94928238323464e-06	Col1a1,Col1a2,Col5a3,Col3a1,Bgn,Col6a2,Col4a1,Col5a1,Col5a2,Acta2,Col6a3,Mfap5,Col12a1,Serpinh1,Dcn,Gadd45b,Pdgfrb,Cxcl12,Timp1,Tgfb1,Fgf2,Cd44,Itga2,Lgals1,Mmp2,Igfbp3,Dst,Tnfrsf12a,Areg,Col16a1,Vcan,Il15,Thbs1,Wnt5a,Cxcl2,Mmp14	36	206	72	Mutter_02
Thymic.4.8.CD3lo.DP	SBRT_vs_Ctrl	HALLMARK_UV_RESPONSE_DN	MSigDB_Hallmark	exploratory	1.94572530743744	0.000439960151271989	0.0114389639330717	Col1a1,Col1a2,Col3a1,Col5a2,Ldlr,Tgfbr2,Pdgfrb,Igfbp5,Nfkb1,Fyn,Ica1,Adgrl2,Rxra,Anxa2	14	144	32	Mutter_02
Thymic.4.8.CD3lo.DP	SBRT_vs_Ctrl	HALLMARK_INTERFERON_GAMMA_RESPONSE	MSigDB_Hallmark	exploratory	-1.68684857733645	0.00183629032564465	0.031829032311174	Cdkn1a,Fpr1,Stat4,Cd69,Ifitm2,Ciita,Cxcl9,Tap1,Irf4,H2-Aa,Il2rb,H2-D1,Mt2,H2-Eb1,Ifi44l,Oasl1,Lgals3bp,Oas2,H2-M3,Ifnar2,Casp3,Fas,Cmklr1,Klrk1,Stat3,Ifi27,Ido1,Bst2	28	205	62	Mutter_02
Thymic.4.8.CD3lo.DP	SBRT_vs_Ctrl	HALLMARK_APICAL_SURFACE	MSigDB_Hallmark	exploratory	-1.90906926763173	0.00268807589557708	0.034944986642502	Gata3,Efna5,Hspb1,Ephb4,App,Il2rb	6	44	10	Mutter_02
Thymic.4.8.CD3lo.DP	SBRT_vs_Ctrl	HALLMARK_MYOGENESIS	MSigDB_Hallmark	exploratory	1.61886521970958	0.0157789498713403	0.164101078661939	Col1a1,Col3a1,Col6a2,Col6a3,Apod,Gadd45b,Cfd,Igfbp7,Gsn,Tgfb1,Fgf2,Sorbs1	12	201	38	Mutter_02
Thymic.4.8.CD3lo.DP	SBRT_vs_Ctrl	HALLMARK_COAGULATION	MSigDB_Hallmark	exploratory	1.4853691347495	0.0459853555653166	0.268873556351784	Pf4,Cfd,Gsn,Timp1,Fyn,Mmp9,Dpp4,Itga2,Mmp2,C1qa,Thbs1,Pdgfb,Rac1,Mmp14,Mmp7,Apoa1	16	139	28	Mutter_02
Thymic.4.8.CD3lo.DP	SBRT_vs_Ctrl	HALLMARK_GLYCOLYSIS	MSigDB_Hallmark	exploratory	1.49679476297318	0.0447761194029851	0.268873556351784	Col5a1,Dcn,Stmn1,Ier3,Cd44,Igfbp3,Mif,Vcan,Ppia	9	200	18	Mutter_02
Thymic.4.8.CD3lo.DP	SBRT_vs_Ctrl	HALLMARK_UV_RESPONSE_UP	MSigDB_Hallmark	exploratory	-1.54596520926237	0.0357834247893944	0.268873556351784	Fgf18,H2-Q1,Rxrb,Junb,Tap1	5	158	23	Mutter_02
Thymic.4.8.CD3lo.DP	SBRT_vs_Ctrl	TypeII_interferon	project	primary	-1.55560001444908	0.0465358078301165	0.268873556351784	Ciita,Cxcl9,H2-Aa,H2-Eb1	4	17	8	Mutter_02
Thymic.4.8.CD3lo.DP	SBRT_vs_Ctrl	HALLMARK_APOPTOSIS	MSigDB_Hallmark	exploratory	1.31390300789355	0.0904977375565611	0.445810417340667	Bgn,Hmgb2,Dcn,Ccnd1,Gadd45b,Lmna,Fasl,Pdgfrb,Top2a,Gsn,Timp1,Hgf,Ier3,Krt18,Cd44,Il18,Gpx1,Mmp2,Tnfrsf12a	19	160	61	Mutter_02
Thymic.4.8.CD3lo.DP	SBRT_vs_Ctrl	HALLMARK_MITOTIC_SPINDLE	MSigDB_Hallmark	exploratory	1.41080446596497	0.0943060498220641	0.445810417340667	Nusap1,Top2a,Gsn,Abl1,Dst,Cenpf,Plekhg2	7	199	11	Mutter_02
Thymic.4.8.CD3lo.DP	SBRT_vs_Ctrl	HALLMARK_ANGIOGENESIS	MSigDB_Hallmark	exploratory	1.30421322374838	0.136666666666667	0.592222222222222	Col3a1,Col5a2,Pf4,S100a4,Fgfr1,Timp1	6	36	19	Mutter_02
Thymic.4.8.CD3lo.DP	SBRT_vs_Ctrl	DNA_Damage_Repair	project	primary	-1.22916271671334	0.200445434298441	0.611513157894737	Cdkn1a,Atm,Bax,Chek1,Atr	5	18	10	Mutter_02
Thymic.4.8.CD3lo.DP	SBRT_vs_Ctrl	HALLMARK_ESTROGEN_RESPONSE_EARLY	MSigDB_Hallmark	exploratory	1.18210305097873	0.2234375	0.611513157894737	Xbp1,Ccnd1,Cxcl12,Krt8,Krt18,Cd44,Areg,Aqp3,Celsr2,Ar	10	200	30	Mutter_02
Thymic.4.8.CD3lo.DP	SBRT_vs_Ctrl	HALLMARK_ESTROGEN_RESPONSE_LATE	MSigDB_Hallmark	exploratory	1.20941135390292	0.19751166407465	0.611513157894737	Xbp1,Ccnd1,Cxcl12,Top2a,S100a9,Cxcl14,Cd44,Cdh1,Areg,Celsr2	10	206	31	Mutter_02
Thymic.4.8.CD3lo.DP	SBRT_vs_Ctrl	HALLMARK_KRAS_SIGNALING_UP	MSigDB_Hallmark	exploratory	-1.22358017000029	0.15929203539823	0.611513157894737	Inhba,Slpi,Pigr,Spp1,Tnfrsf1b,Ace,Sparcl1,Il33,Ets1,Eng,Csf2	11	203	49	Mutter_02
Thymic.4.8.CD3lo.DP	SBRT_vs_Ctrl	HALLMARK_TGF_BETA_SIGNALING	MSigDB_Hallmark	exploratory	-1.25471504252745	0.177570093457944	0.611513157894737	Tgfbr1,Junb,Bmpr2,Smad3,Eng	5	54	15	Mutter_02
Thymic.4.8.CD3lo.DP	SBRT_vs_Ctrl	HALLMARK_WNT_BETA_CATENIN_SIGNALING	MSigDB_Hallmark	exploratory	-1.18868592432915	0.219626168224299	0.611513157894737	Hdac5,Notch1,Tcf7,Fzd1,Rbpj,Ppard,Myc,Hey1	8	42	15	Mutter_02
Thymic.4.8.CD3lo.DP	SBRT_vs_Ctrl	TypeI_interferon	project	primary	-1.24227907124381	0.200863930885529	0.611513157894737	Mx1,Oasl1,Oas2,Stat1,Ifitm3	5	19	7	Mutter_02
Thymic.4.8.CD3lo.DP	SBRT_vs_Ctrl	HALLMARK_ANDROGEN_RESPONSE	MSigDB_Hallmark	exploratory	1.17853406536603	0.239530988274707	0.622780569514238	Ccnd1,Arid5b,Krt8,Selenop,Akt1	5	112	17	Mutter_02
Thymic.4.8.CD3lo.DP	SBRT_vs_Ctrl	HALLMARK_ADIPOGENESIS	MSigDB_Hallmark	exploratory	1.13261354161466	0.283333333333333	0.668055555555556	Col4a1,Apoe,Stat5a,Sorbs1,Vegfb,Fabp4,Pparg	7	200	19	Mutter_02
Thymic.4.8.CD3lo.DP	SBRT_vs_Ctrl	HALLMARK_G2M_CHECKPOINT	MSigDB_Hallmark	exploratory	1.13998274772391	0.27319587628866	0.668055555555556	Ccnd1,Stmn1,Mki67,Nusap1,Top2a,Tgfb1,Abl1	7	198	22	Mutter_02
Thymic.4.8.CD3lo.DP	SBRT_vs_Ctrl	HALLMARK_HEME_METABOLISM	MSigDB_Hallmark	exploratory	-1.10798435849238	0.315334773218143	0.668055555555556	Epor,Slc2a1,Myl4,Lamp2	4	194	7	Mutter_02
Thymic.4.8.CD3lo.DP	SBRT_vs_Ctrl	HALLMARK_MTORC1_SIGNALING	MSigDB_Hallmark	exploratory	1.13021640506295	0.321180555555556	0.668055555555556	Xbp1,Serpinh1,Ldlr,Igfbp5	4	201	14	Mutter_02
Thymic.4.8.CD3lo.DP	SBRT_vs_Ctrl	HALLMARK_PEROXISOME	MSigDB_Hallmark	exploratory	1.17538619602839	0.312617702448211	0.668055555555556	Top2a	1	102	4	Mutter_02
Thymic.4.8.CD3lo.DP	SBRT_vs_Ctrl	HALLMARK_PANCREAS_BETA_CELLS	MSigDB_Hallmark	exploratory	-1.1483426550639	0.338983050847458	0.677966101694915	Gcg,Iapp	2	40	4	Mutter_02
Thymic.4.8.CD3lo.DP	SBRT_vs_Ctrl	HALLMARK_KRAS_SIGNALING_DN	MSigDB_Hallmark	exploratory	-1.07516726413187	0.358024691358025	0.689529035208047	Cd80,Ifi44l,Tcl1,Cntfr,Il12b,Cd40lg,Cpb1	7	202	17	Mutter_02
Thymic.4.8.CD3lo.DP	SBRT_vs_Ctrl	HALLMARK_UNFOLDED_PROTEIN_RESPONSE	MSigDB_Hallmark	exploratory	1.0443073878253	0.448148148148148	0.832275132275132	Xbp1,Ccl2	2	113	6	Mutter_02
Thymic.4.8.CD3lo.DP	SBRT_vs_Ctrl	HALLMARK_ALLOGRAFT_REJECTION	MSigDB_Hallmark	exploratory	-0.892845507801473	0.734177215189873	0.912543153049482	Inhba,Stat4,H2-T23,Cd80,Cxcl9,H2-DMb1,Tap1,Ncr1,Irf4,H2-Aa,Il2rb,Cd79a,Ets1,Cd47,Cd3g,Il12rb1,Cd8a,Il2ra,H2-M3,Il12b,Cd8b1,Ifnar2,Cd28,Itgal,Fas,Tlr1	26	201	101	Mutter_02
Thymic.4.8.CD3lo.DP	SBRT_vs_Ctrl	HALLMARK_APICAL_JUNCTION	MSigDB_Hallmark	exploratory	0.905385459006268	0.634375	0.912543153049482	Syk,Fyb,Cd34,Mmp9,Pfn1,Itga2,Mmp2,Cdh1,Col16a1,Vcan	10	199	38	Mutter_02
Thymic.4.8.CD3lo.DP	SBRT_vs_Ctrl	HALLMARK_BILE_ACID_METABOLISM	MSigDB_Hallmark	exploratory	0.873083709063617	0.618518518518519	0.912543153049482	Rxra,Ar,Apoa1	3	112	6	Mutter_02
Thymic.4.8.CD3lo.DP	SBRT_vs_Ctrl	HALLMARK_COMPLEMENT	MSigDB_Hallmark	exploratory	0.881928752935187	0.668217054263566	0.912543153049482	Gzmb,Dusp5,S100a9,Timp1,Calm1,Fyn,Dpp4,Pfn1,C1qa,Pdgfb,Cxcl2,Mmp14	12	196	42	Mutter_02
Thymic.4.8.CD3lo.DP	SBRT_vs_Ctrl	HALLMARK_DNA_REPAIR	MSigDB_Hallmark	exploratory	-0.93385973231725	0.553376906318083	0.912543153049482	Tyms	1	150	5	Mutter_02
Thymic.4.8.CD3lo.DP	SBRT_vs_Ctrl	HALLMARK_E2F_TARGETS	MSigDB_Hallmark	exploratory	0.922392752969143	0.592039800995025	0.912543153049482	Hmgb2,Stmn1,Mki67,Top2a	4	200	18	Mutter_02
Thymic.4.8.CD3lo.DP	SBRT_vs_Ctrl	HALLMARK_FATTY_ACID_METABOLISM	MSigDB_Hallmark	exploratory	0.759220398508986	0.772151898734177	0.912543153049482	S100a10,Lgals1,Mif	3	157	10	Mutter_02
Thymic.4.8.CD3lo.DP	SBRT_vs_Ctrl	HALLMARK_HYPOXIA	MSigDB_Hallmark	exploratory	0.940428390553869	0.589424572317263	0.912543153049482	Bgn,Col5a1,Dcn,S100a4,Ier3,Vhl,Igfbp3,Anxa2,Mif,Pdgfb,Nr3c1	11	200	39	Mutter_02
Thymic.4.8.CD3lo.DP	SBRT_vs_Ctrl	HALLMARK_IL2_STAT5_SIGNALING	MSigDB_Hallmark	exploratory	0.953355304015733	0.545045045045045	0.912543153049482	Il4ra,Xbp1,Cd48,Itga6,Gadd45b,Ctla4,Ahr,Spry4,Col6a1,Icos	10	199	57	Mutter_02
Thymic.4.8.CD3lo.DP	SBRT_vs_Ctrl	HALLMARK_NOTCH_SIGNALING	MSigDB_Hallmark	exploratory	0.788589839425177	0.75219683655536	0.912543153049482	Ccnd1,Dll1,Wnt5a,Fzd7,Jag1,Notch2	6	32	12	Mutter_02
Thymic.4.8.CD3lo.DP	SBRT_vs_Ctrl	HALLMARK_P53_PATHWAY	MSigDB_Hallmark	exploratory	-0.827503108207086	0.751381215469613	0.912543153049482	Cdkn1a,Notch1,Tap1,App,Itgb4,Bax,Tm4sf1,Fas,Pdgfa,Rack1	10	199	38	Mutter_02
Thymic.4.8.CD3lo.DP	SBRT_vs_Ctrl	HALLMARK_PI3K_AKT_MTOR_SIGNALING	MSigDB_Hallmark	exploratory	-0.797478944023963	0.76555023923445	0.912543153049482	Cdkn1a	1	105	16	Mutter_02
Thymic.4.8.CD3lo.DP	SBRT_vs_Ctrl	HALLMARK_PROTEIN_SECRETION	MSigDB_Hallmark	exploratory	0.958152875265322	0.533697632058288	0.912543153049482	Krt18,Ica1,Dst	3	96	9	Mutter_02
Thymic.4.8.CD3lo.DP	SBRT_vs_Ctrl	HALLMARK_REACTIVE_OXYGEN_SPECIES_PATHWAY	MSigDB_Hallmark	exploratory	-0.807573541018534	0.718954248366013	0.912543153049482	Junb	1	48	5	Mutter_02
Thymic.4.8.CD3lo.DP	SBRT_vs_Ctrl	HALLMARK_TNFA_SIGNALING_VIA_NFKB	MSigDB_Hallmark	exploratory	-0.913963435031045	0.66006600660066	0.912543153049482	Cdkn1a,Inhba,Ptger4,Cd69,Cd80,Junb,Tap1,Clcf1,Smad3,Efna1	10	199	75	Mutter_02
Thymic.4.8.CD3lo.DP	SBRT_vs_Ctrl	HALLMARK_XENOBIOTIC_METABOLISM	MSigDB_Hallmark	exploratory	0.871882295647411	0.665	0.912543153049482	Apoe,Arg1,Reg1,Ptges3	4	203	19	Mutter_02
Thymic.4.8.CD3lo.DP	SBRT_vs_Ctrl	HALLMARK_CHOLESTEROL_HOMEOSTASIS	MSigDB_Hallmark	exploratory	-0.666889925167694	0.915094339622642	0.93519586483831	Lgals3,Alcam	2	75	13	Mutter_02
Thymic.4.8.CD3lo.DP	SBRT_vs_Ctrl	HALLMARK_HEDGEHOG_SIGNALING	MSigDB_Hallmark	exploratory	-0.70893895614435	0.827886710239651	0.93519586483831	Cntfr,Hey1,Celsr1	3	36	5	Mutter_02
Thymic.4.8.CD3lo.DP	SBRT_vs_Ctrl	HALLMARK_IL6_JAK_STAT3_SIGNALING	MSigDB_Hallmark	exploratory	0.741587441367515	0.899248120300752	0.93519586483831	Il4ra,Pf4,Tlr2,Tgfb1,Reg1,Ifnar1,Cd44,Tnfrsf12a,Il3ra,Tnfrsf1a,Cxcl2,Ifngr2	12	88	54	Mutter_02
Thymic.4.8.CD3lo.DP	SBRT_vs_Ctrl	HALLMARK_INFLAMMATORY_RESPONSE	MSigDB_Hallmark	exploratory	0.81177898321084	0.813124108416548	0.93519586483831	Il4ra,Cd48,Ldlr,Ffar2,Gpr183,Tlr2,Ahr,Nod2,Timp1,Nfkb1,Ccl2	11	201	84	Mutter_02
Thymic.4.8.CD3lo.DP	SBRT_vs_Ctrl	HALLMARK_INTERFERON_ALPHA_RESPONSE	MSigDB_Hallmark	exploratory	-0.725727518970961	0.887019230769231	0.93519586483831	Ifitm2,Tap1,Cd47,Ifi44l,Oasl1,Lgals3bp	6	100	23	Mutter_02
Thymic.4.8.CD3lo.DP	SBRT_vs_Ctrl	HALLMARK_MYC_TARGETS_V1	MSigDB_Hallmark	exploratory	-0.700391177649378	0.858719646799117	0.93519586483831	Tyms,Hsp90ab1,Rack1	3	201	9	Mutter_02
Thymic.4.8.CD3lo.DP	SBRT_vs_Ctrl	HALLMARK_SPERMATOGENESIS	MSigDB_Hallmark	exploratory	-0.637089546536697	0.917211328976035	0.93519586483831	Ace,Il12rb2	2	135	5	Mutter_02
Thymic.4.8.CD3lo.DP	SBRT_vs_Ctrl	HALLMARK_OXIDATIVE_PHOSPHORYLATION	MSigDB_Hallmark	exploratory	0.48503143081546	0.977401129943503	0.977401129943503	Glud1,Ldha	2	199	4	Mutter_02
Thymic.CD4SP	MBRT_vs_Ctrl	HALLMARK_FATTY_ACID_METABOLISM	MSigDB_Hallmark	exploratory	1.44384612201685	0.0782241014799154	0.521494009866103	S100a10,Mif,Ldha	3	157	4	Mutter_02
Thymic.CD4SP	MBRT_vs_Ctrl	HALLMARK_GLYCOLYSIS	MSigDB_Hallmark	exploratory	1.46298241489067	0.0738396624472574	0.521494009866103	Cd44,Mif,Ldha,Ier3	4	200	7	Mutter_02
Thymic.CD4SP	MBRT_vs_Ctrl	HALLMARK_HYPOXIA	MSigDB_Hallmark	exploratory	1.48594715774581	0.0544587251858644	0.521494009866103	Mt2,Ndrg1,Mif,Ldha,Ier3,Cdkn1a,Bgn,Zfp36,Atf3,Jun	10	200	14	Mutter_02
Thymic.CD4SP	MBRT_vs_Ctrl	HALLMARK_KRAS_SIGNALING_UP	MSigDB_Hallmark	exploratory	-1.51698798968589	0.0583804143126177	0.521494009866103	Slpi,Eng,Spp1,Dusp6	4	203	8	Mutter_02
Thymic.CD4SP	MBRT_vs_Ctrl	HALLMARK_UV_RESPONSE_UP	MSigDB_Hallmark	exploratory	-1.52679555407256	0.0606060606060606	0.521494009866103	Sqstm1,H2-M3,Tap1	3	158	7	Mutter_02
Thymic.CD4SP	MBRT_vs_Ctrl	HALLMARK_XENOBIOTIC_METABOLISM	MSigDB_Hallmark	exploratory	1.56536023506396	0.0487524527645979	0.521494009866103	Apoe,Mt2,Tnfrsf1a,Ppard	4	203	5	Mutter_02
Thymic.CD4SP	MBRT_vs_Ctrl	HALLMARK_ADIPOGENESIS	MSigDB_Hallmark	exploratory	1.17228394621417	0.294845360824742	0.684562184972453	Apoe	1	200	3	Mutter_02
Thymic.CD4SP	MBRT_vs_Ctrl	HALLMARK_APICAL_JUNCTION	MSigDB_Hallmark	exploratory	-1.13828291693489	0.319311663479924	0.684562184972453	Cd274,Ptprc,Pfn1	3	199	6	Mutter_02
Thymic.CD4SP	MBRT_vs_Ctrl	HALLMARK_COMPLEMENT	MSigDB_Hallmark	exploratory	1.14887533058036	0.305010893246187	0.684562184972453	C1qa,Apoc1,Ccl5,C1qc	4	196	12	Mutter_02
Thymic.CD4SP	MBRT_vs_Ctrl	HALLMARK_E2F_TARGETS	MSigDB_Hallmark	exploratory	-1.21708320667043	0.231060606060606	0.684562184972453	Hmgb2,Dnmt1	2	200	7	Mutter_02
Thymic.CD4SP	MBRT_vs_Ctrl	HALLMARK_IL2_STAT5_SIGNALING	MSigDB_Hallmark	exploratory	1.27163268163122	0.175946547884187	0.684562184972453	Il4ra,Gadd45b,Bcl2l1,Cd44,Ndrg1,Anxa4	6	199	16	Mutter_02
Thymic.CD4SP	MBRT_vs_Ctrl	HALLMARK_IL6_JAK_STAT3_SIGNALING	MSigDB_Hallmark	exploratory	1.09211436731884	0.325167037861915	0.684562184972453	Il4ra,Cd44,Il1b,Tnfrsf1a,Cxcl9,Cd9,Ifngr2,Tlr2,Jun,Tnfrsf12a	10	88	16	Mutter_02
Thymic.CD4SP	MBRT_vs_Ctrl	HALLMARK_INFLAMMATORY_RESPONSE	MSigDB_Hallmark	exploratory	1.06263576169737	0.324942791762014	0.684562184972453	Il4ra,Ccl2,Tnfaip6,Ccl5,Nfkb1,Il1b	6	201	21	Mutter_02
Thymic.CD4SP	MBRT_vs_Ctrl	HALLMARK_MYOGENESIS	MSigDB_Hallmark	exploratory	1.23914902422948	0.206896551724138	0.684562184972453	Col1a1,Gadd45b,Col6a3,Cdkn1a,Tagln	5	201	10	Mutter_02
Thymic.CD4SP	MBRT_vs_Ctrl	HALLMARK_TGF_BETA_SIGNALING	MSigDB_Hallmark	exploratory	-1.2285461641084	0.241779497098646	0.684562184972453	Eng	1	54	3	Mutter_02
Thymic.CD4SP	MBRT_vs_Ctrl	HALLMARK_TNFA_SIGNALING_VIA_NFKB	MSigDB_Hallmark	exploratory	1.2525689967287	0.158139534883721	0.684562184972453	Ccl2,Gadd45b,Tnfaip6,Sat1,Ccl5,Cd44,Nfkb1,Il1b,Ier3,Cdkn1a,Stat5a,Zfp36,Atf3,Ifngr2,Tlr2,Jun	16	199	23	Mutter_02
Thymic.CD4SP	MBRT_vs_Ctrl	HALLMARK_UNFOLDED_PROTEIN_RESPONSE	MSigDB_Hallmark	exploratory	1.15781302798684	0.307531380753138	0.684562184972453	Ccl2,Atf3,Xbp1,Vegfa,Hsp90b1	5	113	5	Mutter_02
Thymic.CD4SP	MBRT_vs_Ctrl	HALLMARK_UV_RESPONSE_DN	MSigDB_Hallmark	exploratory	1.11892326508481	0.288747346072187	0.684562184972453	Col1a1,Nfkb1,Anxa4	3	144	8	Mutter_02
Thymic.CD4SP	MBRT_vs_Ctrl	TypeI_interferon	project	primary	-1.33504952896923	0.135396518375242	0.684562184972453	Stat1	1	19	3	Mutter_02
Thymic.CD4SP	MBRT_vs_Ctrl	HALLMARK_MTORC1_SIGNALING	MSigDB_Hallmark	exploratory	-1.08018613651585	0.361581920903955	0.72316384180791	Sqstm1	1	201	8	Mutter_02
Thymic.CD4SP	MBRT_vs_Ctrl	DNA_Damage_Repair	project	primary	1.05684720339976	0.416317991631799	0.756941802966908	Gadd45b,Parp1,Cdkn1a	3	18	5	Mutter_02
Thymic.CD4SP	MBRT_vs_Ctrl	HALLMARK_EPITHELIAL_MESENCHYMAL_TRANSITION	MSigDB_Hallmark	exploratory	1.01368549278861	0.404651162790698	0.756941802966908	Col1a1,Acta2,Gadd45b,Sat1,Cd44	5	206	23	Mutter_02
Thymic.CD4SP	MBRT_vs_Ctrl	TypeII_interferon	project	primary	-0.953292450822108	0.521988527724665	0.907806135173331	Stat1,H2-Ab1	2	17	6	Mutter_02
Thymic.CD4SP	MBRT_vs_Ctrl	HALLMARK_G2M_CHECKPOINT	MSigDB_Hallmark	exploratory	0.91659302811244	0.573839662447257	0.926460481099656	Mt2	1	198	7	Mutter_02
Thymic.CD4SP	MBRT_vs_Ctrl	HALLMARK_INTERFERON_GAMMA_RESPONSE	MSigDB_Hallmark	exploratory	-0.923811163685477	0.579037800687285	0.926460481099656	H2-M3,Tap1,Stat1,Nlrc5,Bst2,Hif1a,B2m,Cd274,Nfkbia	9	205	26	Mutter_02
Thymic.CD4SP	MBRT_vs_Ctrl	HALLMARK_ALLOGRAFT_REJECTION	MSigDB_Hallmark	exploratory	-0.893089189228609	0.629116117850953	0.935972629521017	H2-M3,H2-T23,Tap1,Stat1,Hif1a,Cd3e,B2m	7	201	28	Mutter_02
Thymic.CD4SP	MBRT_vs_Ctrl	HALLMARK_APOPTOSIS	MSigDB_Hallmark	exploratory	-0.833632903312237	0.722027972027972	0.935972629521017	Sqstm1,Hmgb2,Tap1	3	160	23	Mutter_02
Thymic.CD4SP	MBRT_vs_Ctrl	HALLMARK_COAGULATION	MSigDB_Hallmark	exploratory	0.834298570384996	0.666666666666667	0.935972629521017	C1qa,Apoc1	2	139	11	Mutter_02
Thymic.CD4SP	MBRT_vs_Ctrl	HALLMARK_INTERFERON_ALPHA_RESPONSE	MSigDB_Hallmark	exploratory	-0.81523047329984	0.687150837988827	0.935972629521017	Tap1,Bst2,B2m	3	100	9	Mutter_02
Thymic.CD4SP	MBRT_vs_Ctrl	HALLMARK_MYC_TARGETS_V1	MSigDB_Hallmark	exploratory	-0.807203527098496	0.725378787878788	0.935972629521017	Rack1,Tyms,Hsp90ab1,Ppia	4	201	7	Mutter_02
Thymic.CD4SP	MBRT_vs_Ctrl	HALLMARK_PI3K_AKT_MTOR_SIGNALING	MSigDB_Hallmark	exploratory	-0.843988284048972	0.649717514124294	0.935972629521017	Sqstm1,Arf1,Pfn1	3	105	8	Mutter_02
Thymic.CD4SP	MBRT_vs_Ctrl	HALLMARK_NOTCH_SIGNALING	MSigDB_Hallmark	exploratory	0.77421825128801	0.754639175257732	0.943298969072165	Fzd7,Ppard	2	32	3	Mutter_02
Thymic.CD4SP	MBRT_vs_Ctrl	HALLMARK_ANDROGEN_RESPONSE	MSigDB_Hallmark	exploratory	0.556561957059694	0.964135021097046	0.983122362869198	Sat1,Ndrg1	2	112	7	Mutter_02
Thymic.CD4SP	MBRT_vs_Ctrl	HALLMARK_CHOLESTEROL_HOMEOSTASIS	MSigDB_Hallmark	exploratory	-0.619915821282136	0.900763358778626	0.983122362869198	Clu	1	75	5	Mutter_02
Thymic.CD4SP	MBRT_vs_Ctrl	HALLMARK_ESTROGEN_RESPONSE_EARLY	MSigDB_Hallmark	exploratory	-0.582071007057467	0.954545454545455	0.983122362869198	Ccnd1,Krt8,Bcl2	3	200	7	Mutter_02
Thymic.CD4SP	MBRT_vs_Ctrl	HALLMARK_ESTROGEN_RESPONSE_LATE	MSigDB_Hallmark	exploratory	0.507175702367174	0.983122362869198	0.983122362869198	Cd44,Cd9,Zfp36,Xbp1	4	206	7	Mutter_02
Thymic.CD4SP	MBRT_vs_Ctrl	HALLMARK_OXIDATIVE_PHOSPHORYLATION	MSigDB_Hallmark	exploratory	-0.676104672272325	0.860377358490566	0.983122362869198	Bax,Glud1,Atp5e	3	199	4	Mutter_02
Thymic.CD4SP	MBRT_vs_Ctrl	HALLMARK_P53_PATHWAY	MSigDB_Hallmark	exploratory	0.706687492968387	0.851111111111111	0.983122362869198	S100a10,Sat1,Ndrg1	3	199	14	Mutter_02
Thymic.CD4SP	MBRT_vs_Ctrl	HALLMARK_PROTEIN_SECRETION	MSigDB_Hallmark	exploratory	-0.550649842778355	0.969811320754717	0.983122362869198	Arf1,Cd63	2	96	4	Mutter_02
Thymic.CD4SP	MBRT_vs_Ctrl	HALLMARK_WNT_BETA_CATENIN_SIGNALING	MSigDB_Hallmark	exploratory	0.591660338943069	0.911340206185567	0.983122362869198	Ppard,Ctnnb1,Rbpj	3	42	3	Mutter_02
Thymic.CD4SP	MBRT_vs_SBRT	HALLMARK_INFLAMMATORY_RESPONSE	MSigDB_Hallmark	exploratory	1.83925769416063	0.00185942436673359	0.0743769746693435	Cdkn1a,Il1b,Ccl5,Il15ra,Ccl2,Tnfaip6,Cxcl9,Tlr2,Nod2,Cd48,Osm	11	201	21	Mutter_02
Thymic.CD4SP	MBRT_vs_SBRT	HALLMARK_INTERFERON_GAMMA_RESPONSE	MSigDB_Hallmark	exploratory	1.67899947203475	0.00477559521329243	0.0955119042658486	Mt2,Cdkn1a,H2-Q10,Ccl5,Il15ra,Ccl2,Tnfaip6,Cxcl9	8	205	26	Mutter_02
Thymic.CD4SP	MBRT_vs_SBRT	HALLMARK_TNFA_SIGNALING_VIA_NFKB	MSigDB_Hallmark	exploratory	1.70812908547272	0.00803130362760522	0.10708404836807	Cdkn1a,Il1b,Sat1,Ccl5,Il15ra,Ccl2,Tnfaip6,Vegfa,Tlr2	9	199	23	Mutter_02
Thymic.CD4SP	MBRT_vs_SBRT	DNA_Damage_Repair	project	primary	1.60052762300564	0.0117716176904601	0.117716176904601	Cdkn1a,Chek1,Parp1	3	18	5	Mutter_02
Thymic.CD4SP	MBRT_vs_SBRT	HALLMARK_ESTROGEN_RESPONSE_EARLY	MSigDB_Hallmark	exploratory	-1.68427774952785	0.0198946873197702	0.159157498558161	Krt8,Ccnd1,Krt18,Xbp1	4	200	7	Mutter_02
Thymic.CD4SP	MBRT_vs_SBRT	HALLMARK_ALLOGRAFT_REJECTION	MSigDB_Hallmark	exploratory	1.48856733099556	0.0311338162008273	0.207558774672182	Il1b,Fgr,H2-Q10,Ccl5,Ccl2,Cxcl9,Tlr2,Csk,Cd74,Ly75,H2-DMa,Srgn,Hif1a	13	201	28	Mutter_02
Thymic.CD4SP	MBRT_vs_SBRT	HALLMARK_APICAL_JUNCTION	MSigDB_Hallmark	exploratory	-1.51722268586748	0.0665280665280665	0.317460317460317	Itgb4,Pfn1,Ptprc,Itga3	4	199	6	Mutter_02
Thymic.CD4SP	MBRT_vs_SBRT	HALLMARK_HYPOXIA	MSigDB_Hallmark	exploratory	1.43792627679119	0.0714285714285714	0.317460317460317	Mt2,Cdkn1a,Vegfa,Ndrg1	4	200	14	Mutter_02
Thymic.CD4SP	MBRT_vs_SBRT	HALLMARK_NOTCH_SIGNALING	MSigDB_Hallmark	exploratory	-1.46320532850373	0.0668058455114822	0.317460317460317	Ccnd1	1	32	3	Mutter_02
Thymic.CD4SP	MBRT_vs_SBRT	HALLMARK_XENOBIOTIC_METABOLISM	MSigDB_Hallmark	exploratory	1.40982324368929	0.0833333333333333	0.333333333333333	Mt2,Apoe	2	203	5	Mutter_02
Thymic.CD4SP	MBRT_vs_SBRT	HALLMARK_ANDROGEN_RESPONSE	MSigDB_Hallmark	exploratory	-1.42486641116041	0.108510638297872	0.365769496204279	Krt8,Ccnd1	2	112	7	Mutter_02
Thymic.CD4SP	MBRT_vs_SBRT	HALLMARK_UV_RESPONSE_DN	MSigDB_Hallmark	exploratory	-1.44843194312562	0.109730848861284	0.365769496204279	Col1a2,Col1a1,Anxa4,Anxa2,Rxra	5	144	8	Mutter_02
Thymic.CD4SP	MBRT_vs_SBRT	HALLMARK_CHOLESTEROL_HOMEOSTASIS	MSigDB_Hallmark	exploratory	-1.36327452682898	0.128421052631579	0.395141700404858	Clu,Cd9	2	75	5	Mutter_02
Thymic.CD4SP	MBRT_vs_SBRT	HALLMARK_APOPTOSIS	MSigDB_Hallmark	exploratory	-1.15956937245414	0.24537037037037	0.580156026810241	Ccnd1,Hmgb2,Clu,Lmna,Krt18,Sqstm1	6	160	23	Mutter_02
Thymic.CD4SP	MBRT_vs_SBRT	HALLMARK_E2F_TARGETS	MSigDB_Hallmark	exploratory	-1.21055580229361	0.263829787234043	0.580156026810241	Hmgb2,Dnmt1,Mki67,Pcna	4	200	7	Mutter_02
Thymic.CD4SP	MBRT_vs_SBRT	HALLMARK_IL6_JAK_STAT3_SIGNALING	MSigDB_Hallmark	exploratory	1.19757748477192	0.232974910394265	0.580156026810241	Il1b,Il15ra,Cxcl9,Tlr2	4	88	16	Mutter_02
Thymic.CD4SP	MBRT_vs_SBRT	HALLMARK_MYOGENESIS	MSigDB_Hallmark	exploratory	-1.1943159237741	0.275488069414317	0.580156026810241	Clu,Itgb4,Col1a1,Tpm2,Igfbp7	5	201	10	Mutter_02
Thymic.CD4SP	MBRT_vs_SBRT	HALLMARK_UNFOLDED_PROTEIN_RESPONSE	MSigDB_Hallmark	exploratory	1.16139804251888	0.272727272727273	0.580156026810241	Ccl2,Vegfa	2	113	5	Mutter_02
Thymic.CD4SP	MBRT_vs_SBRT	TypeI_interferon	project	primary	-1.21923567951746	0.275574112734864	0.580156026810241	Stat1	1	19	3	Mutter_02
Thymic.CD4SP	MBRT_vs_SBRT	HALLMARK_FATTY_ACID_METABOLISM	MSigDB_Hallmark	exploratory	-1.19174891111623	0.299163179916318	0.585774058577406	Lgals1	1	157	4	Mutter_02
Thymic.CD4SP	MBRT_vs_SBRT	HALLMARK_PROTEIN_SECRETION	MSigDB_Hallmark	exploratory	-1.18697171645321	0.307531380753138	0.585774058577406	Arf1,Krt18	2	96	4	Mutter_02
Thymic.CD4SP	MBRT_vs_SBRT	HALLMARK_EPITHELIAL_MESENCHYMAL_TRANSITION	MSigDB_Hallmark	exploratory	-1.04482800132519	0.409722222222222	0.744949494949495	Lgals1,Col1a2,Tpm1,Col1a1,Tpm2,Serpinh1	6	206	23	Mutter_02
Thymic.CD4SP	MBRT_vs_SBRT	HALLMARK_ESTROGEN_RESPONSE_LATE	MSigDB_Hallmark	exploratory	-1.01583686316674	0.453191489361702	0.788159111933395	Ccnd1,Xbp1,Cd9	3	206	7	Mutter_02
Thymic.CD4SP	MBRT_vs_SBRT	HALLMARK_ADIPOGENESIS	MSigDB_Hallmark	exploratory	0.917111889164281	0.598470363288719	0.840747904577692	Apoe,Stat5a	2	200	3	Mutter_02
Thymic.CD4SP	MBRT_vs_SBRT	HALLMARK_COAGULATION	MSigDB_Hallmark	exploratory	-0.809910310173747	0.677777777777778	0.840747904577692	Clu,Dusp6	2	139	11	Mutter_02
Thymic.CD4SP	MBRT_vs_SBRT	HALLMARK_IL2_STAT5_SIGNALING	MSigDB_Hallmark	exploratory	0.940192482662744	0.546594982078853	0.840747904577692	Bcl2l1,Ndrg1,Cd48,Tnfrsf18,Spp1,Igf1r	6	199	16	Mutter_02
Thymic.CD4SP	MBRT_vs_SBRT	HALLMARK_MTORC1_SIGNALING	MSigDB_Hallmark	exploratory	0.860002848375792	0.637764932562621	0.840747904577692	Cdkn1a	1	201	8	Mutter_02
Thymic.CD4SP	MBRT_vs_SBRT	HALLMARK_MYC_TARGETS_V1	MSigDB_Hallmark	exploratory	-0.784667501742284	0.693617021276596	0.840747904577692	Pcna,Rack1,Ppia,Ptges3	4	201	7	Mutter_02
Thymic.CD4SP	MBRT_vs_SBRT	HALLMARK_P53_PATHWAY	MSigDB_Hallmark	exploratory	0.951576414451025	0.539285714285714	0.840747904577692	Cdkn1a,Sat1	2	199	14	Mutter_02
Thymic.CD4SP	MBRT_vs_SBRT	HALLMARK_PI3K_AKT_MTOR_SIGNALING	MSigDB_Hallmark	exploratory	0.83371081694353	0.670520231213873	0.840747904577692	Cdkn1a	1	105	8	Mutter_02
Thymic.CD4SP	MBRT_vs_SBRT	HALLMARK_TGF_BETA_SIGNALING	MSigDB_Hallmark	exploratory	-0.946233626743767	0.561586638830898	0.840747904577692	Eng	1	54	3	Mutter_02
Thymic.CD4SP	MBRT_vs_SBRT	HALLMARK_WNT_BETA_CATENIN_SIGNALING	MSigDB_Hallmark	exploratory	-0.825444028828615	0.67223382045929	0.840747904577692	Rbpj,Ctnnb1,Ppard	3	42	3	Mutter_02
Thymic.CD4SP	MBRT_vs_SBRT	TypeII_interferon	project	primary	0.901589646549455	0.584291187739464	0.840747904577692	H2-Ab1,Cxcl9,Cd74	3	17	6	Mutter_02
Thymic.CD4SP	MBRT_vs_SBRT	HALLMARK_COMPLEMENT	MSigDB_Hallmark	exploratory	0.821138296093887	0.714808043875686	0.840950639853748	Ccl5,C1qa,Ltf,Apoc1	4	196	12	Mutter_02
Thymic.CD4SP	MBRT_vs_SBRT	HALLMARK_G2M_CHECKPOINT	MSigDB_Hallmark	exploratory	0.780838989109933	0.749063670411985	0.856072766185126	Mt2,Chek1,Ube2c	3	198	7	Mutter_02
Thymic.CD4SP	MBRT_vs_SBRT	HALLMARK_KRAS_SIGNALING_UP	MSigDB_Hallmark	exploratory	0.747617947007737	0.786127167630058	0.873474630700064	Il1b	1	203	8	Mutter_02
Thymic.CD4SP	MBRT_vs_SBRT	HALLMARK_GLYCOLYSIS	MSigDB_Hallmark	exploratory	0.613925997682385	0.908239700374532	0.908239700374532	Vegfa,Mif,Ier3,Ldha,Cd44,Stmn1,Ppia	7	200	7	Mutter_02
Thymic.CD4SP	MBRT_vs_SBRT	HALLMARK_INTERFERON_ALPHA_RESPONSE	MSigDB_Hallmark	exploratory	0.66151189610673	0.88682745825603	0.908239700374532	H2-Q10,Cd74	2	100	9	Mutter_02
Thymic.CD4SP	MBRT_vs_SBRT	HALLMARK_OXIDATIVE_PHOSPHORYLATION	MSigDB_Hallmark	exploratory	-0.643618184806725	0.849372384937239	0.908239700374532	Glud1,Ldha,Atp5e,Bax	4	199	4	Mutter_02
Thymic.CD4SP	MBRT_vs_SBRT	HALLMARK_UV_RESPONSE_UP	MSigDB_Hallmark	exploratory	-0.6341253288869	0.887234042553192	0.908239700374532	Sqstm1,Nfkbia,Atf3,H2-Q1,Tap1,H2-M3,Mmp14	7	158	7	Mutter_02
Thymic.CD4SP	SBRT_vs_Ctrl	HALLMARK_ANDROGEN_RESPONSE	MSigDB_Hallmark	exploratory	1.68973605485619	0.020583664896961	0.260119869182513	Krt8,Ccnd1	2	112	7	Mutter_02
Thymic.CD4SP	SBRT_vs_Ctrl	HALLMARK_ESTROGEN_RESPONSE_EARLY	MSigDB_Hallmark	exploratory	1.76365036194002	0.0105743015322002	0.260119869182513	Krt8,Ccnd1,Krt18,Cd44,Xbp1	5	200	7	Mutter_02
Thymic.CD4SP	SBRT_vs_Ctrl	HALLMARK_FATTY_ACID_METABOLISM	MSigDB_Hallmark	exploratory	1.63000060020494	0.0262215105288992	0.260119869182513	Lgals1,S100a10,Ldha	3	157	4	Mutter_02
Thymic.CD4SP	SBRT_vs_Ctrl	HALLMARK_KRAS_SIGNALING_UP	MSigDB_Hallmark	exploratory	-1.51934591077893	0.0325149836478141	0.260119869182513	Spp1,Slpi,Il1b,Eng	4	203	8	Mutter_02
Thymic.CD4SP	SBRT_vs_Ctrl	HALLMARK_UV_RESPONSE_DN	MSigDB_Hallmark	exploratory	1.65003134090693	0.0270980769411618	0.260119869182513	Col1a1,Col1a2,Anxa4,Nfkb1	4	144	8	Mutter_02
Thymic.CD4SP	SBRT_vs_Ctrl	HALLMARK_ALLOGRAFT_REJECTION	MSigDB_Hallmark	exploratory	-1.46340671703791	0.0475352112676056	0.268952642018748	H2-M3,H2-T23,Tap1,Hif1a,Cd3e,Il1b,H2-DMa,Cd74,Fgr,Ly75,Tlr2,H2-Q10,Cxcl9,Csk	14	201	28	Mutter_02
Thymic.CD4SP	SBRT_vs_Ctrl	HALLMARK_CHOLESTEROL_HOMEOSTASIS	MSigDB_Hallmark	exploratory	1.55052603992329	0.0537905284037495	0.268952642018748	Cd9,Clu,Tnfrsf12a,Atf3	4	75	5	Mutter_02
Thymic.CD4SP	SBRT_vs_Ctrl	HALLMARK_INTERFERON_GAMMA_RESPONSE	MSigDB_Hallmark	exploratory	-1.45587216133567	0.0516934046345811	0.268952642018748	H2-M3,Cdkn1a,Tap1,Il15ra,Hif1a,H2-DMa,Cd74,Nlrc5,H2-D1,Mt2,H2-Q10,Cxcl9,Bst2,Cd274,Ccl5,H2-Aa	16	205	26	Mutter_02
Thymic.CD4SP	SBRT_vs_Ctrl	HALLMARK_UV_RESPONSE_UP	MSigDB_Hallmark	exploratory	-1.45292529314358	0.0737410071942446	0.327737809752198	H2-M3,Tap1,Sqstm1	3	158	7	Mutter_02
Thymic.CD4SP	SBRT_vs_Ctrl	HALLMARK_EPITHELIAL_MESENCHYMAL_TRANSITION	MSigDB_Hallmark	exploratory	1.35444243491735	0.1	0.363636363636364	Col1a1,Lgals1,Col1a2,Acta2,Cd44,Gadd45b,Tagln,Bgn,Col6a3	9	206	23	Mutter_02
Thymic.CD4SP	SBRT_vs_Ctrl	HALLMARK_MYOGENESIS	MSigDB_Hallmark	exploratory	1.42393420870544	0.092511013215859	0.363636363636364	Col1a1,Itgb4,Gadd45b,Tagln,Col6a3,Clu,Cryab,Tpm2	8	201	10	Mutter_02
Thymic.CD4SP	SBRT_vs_Ctrl	HALLMARK_ESTROGEN_RESPONSE_LATE	MSigDB_Hallmark	exploratory	1.40794551011691	0.12751677852349	0.425055928411633	Ccnd1,Cd44,Cd9,Xbp1	4	206	7	Mutter_02
Thymic.CD4SP	SBRT_vs_Ctrl	HALLMARK_INFLAMMATORY_RESPONSE	MSigDB_Hallmark	exploratory	-1.27816682365541	0.144112478031634	0.443423009328106	Cdkn1a,Il15ra,Hif1a,Il1b,Osm,Cd48,Nod2,Cxcr6	8	201	21	Mutter_02
Thymic.CD4SP	SBRT_vs_Ctrl	HALLMARK_NOTCH_SIGNALING	MSigDB_Hallmark	exploratory	1.32667015554447	0.157667386609071	0.450478247454489	Ccnd1,Fzd7	2	32	3	Mutter_02
Thymic.CD4SP	SBRT_vs_Ctrl	DNA_Damage_Repair	project	primary	-1.21179420160241	0.235081374321881	0.620950323974082	Cdkn1a,Chek1,Bax	3	18	5	Mutter_02
Thymic.CD4SP	SBRT_vs_Ctrl	HALLMARK_ADIPOGENESIS	MSigDB_Hallmark	exploratory	1.23477567953747	0.248380129589633	0.620950323974082	Apoe,Col4a1	2	200	3	Mutter_02
Thymic.CD4SP	SBRT_vs_Ctrl	HALLMARK_PROTEIN_SECRETION	MSigDB_Hallmark	exploratory	1.20376926001842	0.264516129032258	0.622390891840607	Krt18	1	96	4	Mutter_02
Thymic.CD4SP	SBRT_vs_Ctrl	HALLMARK_APICAL_JUNCTION	MSigDB_Hallmark	exploratory	1.07781735141178	0.375	0.787207872078721	Itgb4,Itga3,Pfn1,Mmp9	4	199	6	Mutter_02
Thymic.CD4SP	SBRT_vs_Ctrl	HALLMARK_IL2_STAT5_SIGNALING	MSigDB_Hallmark	exploratory	1.0299622877897	0.407494145199063	0.787207872078721	Il4ra,Anxa4,Cd44,Xbp1,Gadd45b	5	199	16	Mutter_02
Thymic.CD4SP	SBRT_vs_Ctrl	HALLMARK_TGF_BETA_SIGNALING	MSigDB_Hallmark	exploratory	-1.06870354579177	0.413284132841328	0.787207872078721	Eng	1	54	3	Mutter_02
Thymic.CD4SP	SBRT_vs_Ctrl	TypeII_interferon	project	primary	-1.08891591424318	0.38018018018018	0.787207872078721	H2-Ab1,Cd74,Cxcl9,H2-Aa	4	17	6	Mutter_02
Thymic.CD4SP	SBRT_vs_Ctrl	HALLMARK_APOPTOSIS	MSigDB_Hallmark	exploratory	0.995424204252686	0.458139534883721	0.832980972515856	Ccnd1,Krt18,Cd44,Lmna,Gadd45b,Hmgb2,Bgn,Clu,Tnfrsf12a,Atf3,Ier3	11	160	23	Mutter_02
Thymic.CD4SP	SBRT_vs_Ctrl	HALLMARK_TNFA_SIGNALING_VIA_NFKB	MSigDB_Hallmark	exploratory	-0.978848832150051	0.482517482517483	0.839160839160839	Cdkn1a,Tap1,Il15ra,Il1b,Sqstm1	5	199	23	Mutter_02
Thymic.CD4SP	SBRT_vs_Ctrl	HALLMARK_GLYCOLYSIS	MSigDB_Hallmark	exploratory	0.942696863602256	0.514541387024609	0.857568978374348	Cd44,Ldha,Ier3,Stmn1,Ppia	5	200	7	Mutter_02
Thymic.CD4SP	SBRT_vs_Ctrl	HALLMARK_P53_PATHWAY	MSigDB_Hallmark	exploratory	0.891916592445269	0.606481481481482	0.948148148148148	S100a10,Pcna,Itgb4	3	199	14	Mutter_02
Thymic.CD4SP	SBRT_vs_Ctrl	HALLMARK_XENOBIOTIC_METABOLISM	MSigDB_Hallmark	exploratory	0.838319305955114	0.64	0.948148148148148	Tnfrsf1a,Apoe,Ppard,Ptges3	4	203	5	Mutter_02
Thymic.CD4SP	SBRT_vs_Ctrl	TypeI_interferon	project	primary	0.869155910395725	0.637149028077754	0.948148148148148	Mx1,Ifitm3,Stat1	3	19	3	Mutter_02
Thymic.CD4SP	SBRT_vs_Ctrl	HALLMARK_E2F_TARGETS	MSigDB_Hallmark	exploratory	0.765312875037655	0.758389261744966	0.953023758099352	Pcna,Mki67,Hmgb2,Dnmt1	4	200	7	Mutter_02
Thymic.CD4SP	SBRT_vs_Ctrl	HALLMARK_G2M_CHECKPOINT	MSigDB_Hallmark	exploratory	-0.787869058903295	0.755395683453237	0.953023758099352	Hif1a,Chek1,Ube2c,Mt2	4	198	7	Mutter_02
Thymic.CD4SP	SBRT_vs_Ctrl	HALLMARK_IL6_JAK_STAT3_SIGNALING	MSigDB_Hallmark	exploratory	0.807417389272577	0.747072599531616	0.953023758099352	Il4ra,Cd44,Cd9,Tnfrsf1a	4	88	16	Mutter_02
Thymic.CD4SP	SBRT_vs_Ctrl	HALLMARK_PI3K_AKT_MTOR_SIGNALING	MSigDB_Hallmark	exploratory	-0.830824161449433	0.717190388170056	0.953023758099352	Cdkn1a,Sqstm1	2	105	8	Mutter_02
Thymic.CD4SP	SBRT_vs_Ctrl	HALLMARK_WNT_BETA_CATENIN_SIGNALING	MSigDB_Hallmark	exploratory	0.739707157783596	0.762419006479482	0.953023758099352	Ppard,Ctnnb1,Rbpj	3	42	3	Mutter_02
Thymic.CD4SP	SBRT_vs_Ctrl	HALLMARK_COAGULATION	MSigDB_Hallmark	exploratory	0.585195823088682	0.954954954954955	0.954954954954955	Cd9,C1qa,Clu,Dusp6,Mmp9	5	139	11	Mutter_02
Thymic.CD4SP	SBRT_vs_Ctrl	HALLMARK_COMPLEMENT	MSigDB_Hallmark	exploratory	-0.690109931775178	0.871478873239437	0.954954954954955	Fn1,Ltf	2	196	12	Mutter_02
Thymic.CD4SP	SBRT_vs_Ctrl	HALLMARK_HYPOXIA	MSigDB_Hallmark	exploratory	-0.615382772779261	0.933333333333333	0.954954954954955	Cdkn1a,Vegfa,Mt2,Bcl2	4	200	14	Mutter_02
Thymic.CD4SP	SBRT_vs_Ctrl	HALLMARK_INTERFERON_ALPHA_RESPONSE	MSigDB_Hallmark	exploratory	-0.679915918408857	0.910984848484848	0.954954954954955	Tap1,Cd74,H2-Q10,Bst2	4	100	9	Mutter_02
Thymic.CD4SP	SBRT_vs_Ctrl	HALLMARK_MTORC1_SIGNALING	MSigDB_Hallmark	exploratory	-0.718618679328013	0.820702402957486	0.954954954954955	Cdkn1a,Sqstm1	2	201	8	Mutter_02
Thymic.CD4SP	SBRT_vs_Ctrl	HALLMARK_MYC_TARGETS_V1	MSigDB_Hallmark	exploratory	-0.735131991112912	0.81294964028777	0.954954954954955	Tyms	1	201	7	Mutter_02
Thymic.CD4SP	SBRT_vs_Ctrl	HALLMARK_OXIDATIVE_PHOSPHORYLATION	MSigDB_Hallmark	exploratory	-0.668443578521544	0.884972170686456	0.954954954954955	Bax	1	199	4	Mutter_02
Thymic.CD4SP	SBRT_vs_Ctrl	HALLMARK_UNFOLDED_PROTEIN_RESPONSE	MSigDB_Hallmark	exploratory	0.653579924788257	0.891111111111111	0.954954954954955	Xbp1,Atf3,Hsp90b1	3	113	5	Mutter_02
Thymic.CD8SP	MBRT_vs_Ctrl	HALLMARK_APICAL_SURFACE	MSigDB_Hallmark	exploratory	-1.59494119215765	0.00448394139593372	0.188325538629216	Il2rb,Cx3cl1	2	44	3	Mutter_02
Thymic.CD8SP	MBRT_vs_Ctrl	HALLMARK_EPITHELIAL_MESENCHYMAL_TRANSITION	MSigDB_Hallmark	exploratory	1.46001515441634	0.0577777777777778	0.789587852494577	Col1a1,Mfap5,Col1a2,Col4a1,Mmp14,Col6a3,Serpinh1,Col5a3,Bgn	9	206	25	Mutter_02
Thymic.CD8SP	MBRT_vs_Ctrl	HALLMARK_INTERFERON_GAMMA_RESPONSE	MSigDB_Hallmark	exploratory	-1.33623456298718	0.0985915492957746	0.789587852494577	Stat1,Oas3,H2-D1,Il2rb,Hif1a,Ccl5,Cxcl9,B2m	8	205	38	Mutter_02
Thymic.CD8SP	MBRT_vs_Ctrl	HALLMARK_OXIDATIVE_PHOSPHORYLATION	MSigDB_Hallmark	exploratory	-1.47488358340181	0.058287795992714	0.789587852494577	Bax,Atp5e,Glud1	3	199	4	Mutter_02
Thymic.CD8SP	MBRT_vs_Ctrl	HALLMARK_UV_RESPONSE_DN	MSigDB_Hallmark	exploratory	1.34672829745087	0.112798264642082	0.789587852494577	Col1a1,Col1a2,Rxra	3	144	8	Mutter_02
Thymic.CD8SP	MBRT_vs_Ctrl	TypeII_interferon	project	primary	-1.4519252156587	0.0793950850661626	0.789587852494577	Stat1,Cxcl9,H2-Aa	3	17	6	Mutter_02
Thymic.CD8SP	MBRT_vs_Ctrl	HALLMARK_ADIPOGENESIS	MSigDB_Hallmark	exploratory	1.12391767054709	0.350220264317181	0.809829867674858	Apoe,Col4a1,Vegfb	3	200	4	Mutter_02
Thymic.CD8SP	MBRT_vs_Ctrl	HALLMARK_ALLOGRAFT_REJECTION	MSigDB_Hallmark	exploratory	-1.04499169495607	0.378521126760563	0.809829867674858	Stat1,H2-T23,Il2rb,Hif1a,Ccl5,Cxcl9,B2m,Cd2,Ptprc,H2-Aa,Ets1	11	201	38	Mutter_02
Thymic.CD8SP	MBRT_vs_Ctrl	HALLMARK_ANDROGEN_RESPONSE	MSigDB_Hallmark	exploratory	1.14034835019784	0.304721030042918	0.809829867674858	Ccnd1,Ndrg1	2	112	7	Mutter_02
Thymic.CD8SP	MBRT_vs_Ctrl	HALLMARK_APICAL_JUNCTION	MSigDB_Hallmark	exploratory	-1.14286047935154	0.313653136531365	0.809829867674858	Cx3cl1,Itgb4,Ptprc,Itga3	4	199	8	Mutter_02
Thymic.CD8SP	MBRT_vs_Ctrl	HALLMARK_APOPTOSIS	MSigDB_Hallmark	exploratory	1.13948710334436	0.265588914549654	0.809829867674858	Ccnd1,Il1b,Cd14,Bgn,Ifitm3,Sat1,Cdkn1a,Gadd45b,Lmna,Anxa1,Lgals3	11	160	31	Mutter_02
Thymic.CD8SP	MBRT_vs_Ctrl	HALLMARK_COMPLEMENT	MSigDB_Hallmark	exploratory	1.12168429158	0.285097192224622	0.809829867674858	Fcer1g,Gzmb,Mmp14,C1qc,Apoc1,C1qa,Lgals3	7	196	16	Mutter_02
Thymic.CD8SP	MBRT_vs_Ctrl	HALLMARK_GLYCOLYSIS	MSigDB_Hallmark	exploratory	-1.06591182861542	0.383763837638376	0.809829867674858	Sod1,Mif	2	200	8	Mutter_02
Thymic.CD8SP	MBRT_vs_Ctrl	HALLMARK_IL2_STAT5_SIGNALING	MSigDB_Hallmark	exploratory	-1.12076931943397	0.309259259259259	0.809829867674858	Sell,Il2rb,Bcl2,Tnfrsf18,Spp1	5	199	19	Mutter_02
Thymic.CD8SP	MBRT_vs_Ctrl	HALLMARK_KRAS_SIGNALING_UP	MSigDB_Hallmark	exploratory	1.27532875755418	0.182978723404255	0.809829867674858	Arg1,Fcer1g,Il1b	3	203	12	Mutter_02
Thymic.CD8SP	MBRT_vs_Ctrl	HALLMARK_MITOTIC_SPINDLE	MSigDB_Hallmark	exploratory	-1.19241018148849	0.256931608133087	0.809829867674858	Birc5,Dst	2	199	3	Mutter_02
Thymic.CD8SP	MBRT_vs_Ctrl	HALLMARK_MTORC1_SIGNALING	MSigDB_Hallmark	exploratory	1.28441322268526	0.174004192872117	0.809829867674858	Serpinh1,Xbp1,Cdkn1a,Ldlr,Ldha,Cd9,Hsp90b1	7	201	11	Mutter_02
Thymic.CD8SP	MBRT_vs_Ctrl	HALLMARK_MYOGENESIS	MSigDB_Hallmark	exploratory	1.06411984378051	0.360759493670886	0.809829867674858	Col1a1,Col6a3,Igfbp7,Cdkn1a,Gadd45b	5	201	10	Mutter_02
Thymic.CD8SP	MBRT_vs_Ctrl	HALLMARK_PROTEIN_SECRETION	MSigDB_Hallmark	exploratory	-1.07838544505276	0.385633270321361	0.809829867674858	Sod1,Arf1,Dst	3	96	6	Mutter_02
Thymic.CD8SP	MBRT_vs_Ctrl	HALLMARK_XENOBIOTIC_METABOLISM	MSigDB_Hallmark	exploratory	1.33852798816991	0.141649048625793	0.809829867674858	Arg1,Apoe	2	203	6	Mutter_02
Thymic.CD8SP	MBRT_vs_Ctrl	HALLMARK_FATTY_ACID_METABOLISM	MSigDB_Hallmark	exploratory	-1.01229656047829	0.44234404536862	0.830663615560641	Mif,H2az1	2	157	6	Mutter_02
Thymic.CD8SP	MBRT_vs_Ctrl	HALLMARK_G2M_CHECKPOINT	MSigDB_Hallmark	exploratory	-0.999763018159144	0.454887218045113	0.830663615560641	Birc5,Hif1a,Ube2c,H2az1	4	198	12	Mutter_02
Thymic.CD8SP	MBRT_vs_Ctrl	TypeI_interferon	project	primary	-1.02448622932191	0.440959409594096	0.830663615560641	Stat1	1	19	5	Mutter_02
Thymic.CD8SP	MBRT_vs_Ctrl	HALLMARK_INFLAMMATORY_RESPONSE	MSigDB_Hallmark	exploratory	-0.983465384515583	0.479094076655052	0.838414634146341	Sell,Il2rb,Cx3cl1,Hif1a,Ccl5,Cxcl9,Csf3	7	201	34	Mutter_02
Thymic.CD8SP	MBRT_vs_Ctrl	HALLMARK_UNFOLDED_PROTEIN_RESPONSE	MSigDB_Hallmark	exploratory	0.973313353498101	0.502173913043478	0.843652173913043	Ccl2,Xbp1,Vegfa,Hsp90b1	4	113	5	Mutter_02
Thymic.CD8SP	MBRT_vs_Ctrl	HALLMARK_P53_PATHWAY	MSigDB_Hallmark	exploratory	0.955733494756893	0.525974025974026	0.84965034965035	Ndrg1,Rxra,Sat1,Pcna,Cd81,Cdkn1a	6	199	19	Mutter_02
Thymic.CD8SP	MBRT_vs_Ctrl	HALLMARK_TNFA_SIGNALING_VIA_NFKB	MSigDB_Hallmark	exploratory	0.954383322712619	0.557603686635945	0.867383512544803	Ccnd1,Il1b,Ccl2,Sat1,Cdkn1a,Gadd45b,Junb,Cxcl10,Dusp2,Ldlr,Vegfa,Jun,Gpr183,Tlr2	14	199	33	Mutter_02
Thymic.CD8SP	MBRT_vs_Ctrl	HALLMARK_COAGULATION	MSigDB_Hallmark	exploratory	0.870964928329431	0.662473794549266	0.938636363636363	Mmp14,Apoc1,C1qa,Anxa1,Rac1	5	139	11	Mutter_02
Thymic.CD8SP	MBRT_vs_Ctrl	HALLMARK_MYC_TARGETS_V1	MSigDB_Hallmark	exploratory	-0.856533888091348	0.640221402214022	0.938636363636363	H2az1,Hsp90ab1,Rack1	3	201	8	Mutter_02
Thymic.CD8SP	MBRT_vs_Ctrl	HALLMARK_PI3K_AKT_MTOR_SIGNALING	MSigDB_Hallmark	exploratory	-0.829973347704534	0.670454545454545	0.938636363636363	Tnfrsf1a,Arf1,Akt1	3	105	10	Mutter_02
Thymic.CD8SP	MBRT_vs_Ctrl	DNA_Damage_Repair	project	primary	-0.822497117534905	0.701107011070111	0.939564977973568	Bax	1	18	5	Mutter_02
Thymic.CD8SP	MBRT_vs_Ctrl	HALLMARK_DNA_REPAIR	MSigDB_Hallmark	exploratory	0.818358671266677	0.715859030837004	0.939564977973568	Pcna,Tyms	2	150	4	Mutter_02
Thymic.CD8SP	MBRT_vs_Ctrl	HALLMARK_IL6_JAK_STAT3_SIGNALING	MSigDB_Hallmark	exploratory	0.819142806162224	0.744588744588745	0.947658402203857	Ltbr,Il1b,Ccr1,Cd14	4	88	19	Mutter_02
Thymic.CD8SP	MBRT_vs_Ctrl	HALLMARK_TGF_BETA_SIGNALING	MSigDB_Hallmark	exploratory	-0.758030806712513	0.77859778597786	0.961797265031474	Eng,Ctnnb1	2	54	5	Mutter_02
Thymic.CD8SP	MBRT_vs_Ctrl	HALLMARK_ESTROGEN_RESPONSE_EARLY	MSigDB_Hallmark	exploratory	0.730826139258058	0.821888412017167	0.966107617051013	Ccnd1,Xbp1,Krt18	3	200	7	Mutter_02
Thymic.CD8SP	MBRT_vs_Ctrl	HALLMARK_UV_RESPONSE_UP	MSigDB_Hallmark	exploratory	0.712615178443823	0.828092243186583	0.966107617051013	Mmp14	1	158	11	Mutter_02
Thymic.CD8SP	MBRT_vs_Ctrl	HALLMARK_CHOLESTEROL_HOMEOSTASIS	MSigDB_Hallmark	exploratory	0.631183459747189	0.934924078091106	0.977777777777778	Cxcl16,Lgals3,Ldlr,Cd9,Tnfrsf12a,Atf3,Clu,Ctnnb1	8	75	8	Mutter_02
Thymic.CD8SP	MBRT_vs_Ctrl	HALLMARK_E2F_TARGETS	MSigDB_Hallmark	exploratory	-0.613719060054075	0.922932330827068	0.977777777777778	Birc5,H2az1	2	200	12	Mutter_02
Thymic.CD8SP	MBRT_vs_Ctrl	HALLMARK_ESTROGEN_RESPONSE_LATE	MSigDB_Hallmark	exploratory	-0.582239487095003	0.962546816479401	0.977777777777778	Bcl2,Ltf	2	206	9	Mutter_02
Thymic.CD8SP	MBRT_vs_Ctrl	HALLMARK_HYPOXIA	MSigDB_Hallmark	exploratory	-0.536373850699498	0.977777777777778	0.977777777777778	Bcl2,Mif,Ets1,Tgfb3,Zfp36	5	200	19	Mutter_02
Thymic.CD8SP	MBRT_vs_Ctrl	HALLMARK_INTERFERON_ALPHA_RESPONSE	MSigDB_Hallmark	exploratory	0.684740403283971	0.883369330453564	0.977777777777778	Ifitm1,Lgals3bp,Ifitm3,Il4ra,Cxcl10,Casp8,H2-Q10	7	100	16	Mutter_02
Thymic.CD8SP	MBRT_vs_Ctrl	HALLMARK_WNT_BETA_CATENIN_SIGNALING	MSigDB_Hallmark	exploratory	-0.637445746357443	0.894353369763206	0.977777777777778	Ctnnb1,Trp53,Rbpj,Ppard	4	42	4	Mutter_02
Thymic.CD8SP	MBRT_vs_SBRT	HALLMARK_FATTY_ACID_METABOLISM	MSigDB_Hallmark	exploratory	-1.75492527258347	0.0047023183422627	0.197497370375034	Lgals1,S100a10,Ldha	3	157	6	Mutter_02
Thymic.CD8SP	MBRT_vs_SBRT	HALLMARK_E2F_TARGETS	MSigDB_Hallmark	exploratory	-1.51888683729111	0.0812630286204432	0.584514170040486	Hmgb2,Mki67,Stmn1,Dnmt1,Pttg1	5	200	12	Mutter_02
Thymic.CD8SP	MBRT_vs_SBRT	HALLMARK_ESTROGEN_RESPONSE_EARLY	MSigDB_Hallmark	exploratory	-1.47977797904113	0.0670731707317073	0.584514170040486	Krt8,Krt18,Ccnd1,Cd44,Xbp1,Bcl2	6	200	7	Mutter_02
Thymic.CD8SP	MBRT_vs_SBRT	HALLMARK_G2M_CHECKPOINT	MSigDB_Hallmark	exploratory	-1.42946617310793	0.0956175298804781	0.584514170040486	Mki67,Stmn1,Ube2c,Pttg1,Ccnd1	5	198	12	Mutter_02
Thymic.CD8SP	MBRT_vs_SBRT	HALLMARK_GLYCOLYSIS	MSigDB_Hallmark	exploratory	-1.52155104566382	0.0540540540540541	0.584514170040486	Stmn1,Sod1,Ldha,Cd44,Ppia	5	200	8	Mutter_02
Thymic.CD8SP	MBRT_vs_SBRT	HALLMARK_HYPOXIA	MSigDB_Hallmark	exploratory	1.36603732316509	0.109979633401222	0.584514170040486	Ndrg1,Cdkn1a,Mt2,Atf3,Bgn,Anxa2,Vegfa,Jun,Slc2a1	9	200	19	Mutter_02
Thymic.CD8SP	MBRT_vs_SBRT	HALLMARK_XENOBIOTIC_METABOLISM	MSigDB_Hallmark	exploratory	1.38850861380687	0.111336032388664	0.584514170040486	Apoe,Mt2,Arg1	3	203	6	Mutter_02
Thymic.CD8SP	MBRT_vs_SBRT	TypeI_interferon	project	primary	-1.41347751404616	0.0979591836734694	0.584514170040486	Stat1	1	19	5	Mutter_02
Thymic.CD8SP	MBRT_vs_SBRT	HALLMARK_ANDROGEN_RESPONSE	MSigDB_Hallmark	exploratory	-1.29356921500768	0.17479674796748	0.815718157181572	Krt8,B2m,Akt1,Ccnd1	4	112	7	Mutter_02
Thymic.CD8SP	MBRT_vs_SBRT	DNA_Damage_Repair	project	primary	1.26565442916918	0.204678362573099	0.851087562744005	Cdkn1a,Bax,Gadd45b,Chek1	4	18	5	Mutter_02
Thymic.CD8SP	MBRT_vs_SBRT	HALLMARK_WNT_BETA_CATENIN_SIGNALING	MSigDB_Hallmark	exploratory	-1.24872803392569	0.222903885480573	0.851087562744005	Ctnnb1,Rbpj	2	42	4	Mutter_02
Thymic.CD8SP	MBRT_vs_SBRT	HALLMARK_ALLOGRAFT_REJECTION	MSigDB_Hallmark	exploratory	1.13586490107858	0.297619047619048	0.855276639344262	Il1b,H2-DMa,H2-DMb1,Cxcl9,H2-Q10,Srgn,Gzmb,H2-Aa,Ccl2,Icam1,Cd74,Cd3e,Ly75,Ccr1	14	201	38	Mutter_02
Thymic.CD8SP	MBRT_vs_SBRT	HALLMARK_APOPTOSIS	MSigDB_Hallmark	exploratory	-1.1103927429066	0.307385229540918	0.855276639344262	Hmgb2,Clu,Lmna,Krt18,Tap1,Ctnnb1,Sod1,Ccnd1,Cd44	9	160	31	Mutter_02
Thymic.CD8SP	MBRT_vs_SBRT	HALLMARK_IL6_JAK_STAT3_SIGNALING	MSigDB_Hallmark	exploratory	1.11611164554371	0.29735234215886	0.855276639344262	Il1b,Cd14,Cxcl9,Ltbr,Stat3	5	88	19	Mutter_02
Thymic.CD8SP	MBRT_vs_SBRT	HALLMARK_INFLAMMATORY_RESPONSE	MSigDB_Hallmark	exploratory	1.0772795286736	0.325819672131148	0.855276639344262	Il1b,Cdkn1a,Cd14,Cxcl9	4	201	34	Mutter_02
Thymic.CD8SP	MBRT_vs_SBRT	HALLMARK_MITOTIC_SPINDLE	MSigDB_Hallmark	exploratory	-1.20383072525495	0.246913580246914	0.855276639344262	Ezr,Dst,Birc5	3	199	3	Mutter_02
Thymic.CD8SP	MBRT_vs_SBRT	HALLMARK_ADIPOGENESIS	MSigDB_Hallmark	exploratory	1.10910771639765	0.377431906614786	0.927983324648254	Apoe	1	200	4	Mutter_02
Thymic.CD8SP	MBRT_vs_SBRT	HALLMARK_APICAL_JUNCTION	MSigDB_Hallmark	exploratory	-0.743231818102256	0.785862785862786	0.927983324648254	Itgb4,Itga3	2	199	8	Mutter_02
Thymic.CD8SP	MBRT_vs_SBRT	HALLMARK_APICAL_SURFACE	MSigDB_Hallmark	exploratory	0.931281044643214	0.573643410852713	0.927983324648254	Ephb4,Cx3cl1,Il2rb	3	44	3	Mutter_02
Thymic.CD8SP	MBRT_vs_SBRT	HALLMARK_CHOLESTEROL_HOMEOSTASIS	MSigDB_Hallmark	exploratory	-0.870284895889078	0.642411642411642	0.927983324648254	Clu,Ctnnb1,Ldlr,Cd9	4	75	8	Mutter_02
Thymic.CD8SP	MBRT_vs_SBRT	HALLMARK_COAGULATION	MSigDB_Hallmark	exploratory	-0.84539534088537	0.688	0.927983324648254	Clu,Dusp6	2	139	11	Mutter_02
Thymic.CD8SP	MBRT_vs_SBRT	HALLMARK_COMPLEMENT	MSigDB_Hallmark	exploratory	-0.720812905421237	0.836893203883495	0.927983324648254	Clu,Gzma,Dusp6	3	196	16	Mutter_02
Thymic.CD8SP	MBRT_vs_SBRT	HALLMARK_DNA_REPAIR	MSigDB_Hallmark	exploratory	0.934994431219366	0.573929961089494	0.927983324648254	Tyms	1	150	4	Mutter_02
Thymic.CD8SP	MBRT_vs_SBRT	HALLMARK_ESTROGEN_RESPONSE_LATE	MSigDB_Hallmark	exploratory	0.832028145515291	0.658914728682171	0.927983324648254	Cxcl14,Dusp2	2	206	9	Mutter_02
Thymic.CD8SP	MBRT_vs_SBRT	HALLMARK_IL2_STAT5_SIGNALING	MSigDB_Hallmark	exploratory	0.796643871971048	0.745417515274949	0.927983324648254	Ndrg1,Cst7	2	199	19	Mutter_02
Thymic.CD8SP	MBRT_vs_SBRT	HALLMARK_INTERFERON_ALPHA_RESPONSE	MSigDB_Hallmark	exploratory	-0.773607713917238	0.780582524271845	0.927983324648254	Cxcl10,B2m,Tap1,Sell	4	100	16	Mutter_02
Thymic.CD8SP	MBRT_vs_SBRT	HALLMARK_INTERFERON_GAMMA_RESPONSE	MSigDB_Hallmark	exploratory	0.985212057894264	0.468253968253968	0.927983324648254	Cdkn1a,H2-DMa,Lgals3bp,Cxcl9,Cd274,Mt2,Stat3,Tnfaip6,H2-Q10,H2-Aa,Ccl2,Icam1,Cd74,Casp8	14	205	38	Mutter_02
Thymic.CD8SP	MBRT_vs_SBRT	HALLMARK_KRAS_SIGNALING_UP	MSigDB_Hallmark	exploratory	0.951307656243643	0.544910179640719	0.927983324648254	Il1b,Cd37,Fcer1g,Arg1	4	203	12	Mutter_02
Thymic.CD8SP	MBRT_vs_SBRT	HALLMARK_MTORC1_SIGNALING	MSigDB_Hallmark	exploratory	-0.795115103241199	0.75	0.927983324648254	Hsp90b1,Ldha,Ppia,Ldlr,Xbp1,Cd9	6	201	11	Mutter_02
Thymic.CD8SP	MBRT_vs_SBRT	HALLMARK_MYOGENESIS	MSigDB_Hallmark	exploratory	-0.918669504480682	0.562248995983936	0.927983324648254	Clu,Itgb4,Col1a1	3	201	10	Mutter_02
Thymic.CD8SP	MBRT_vs_SBRT	HALLMARK_P53_PATHWAY	MSigDB_Hallmark	exploratory	0.858966838088994	0.665987780040733	0.927983324648254	Ndrg1,Cdkn1a,Rxra,Atf3,Bax	5	199	19	Mutter_02
Thymic.CD8SP	MBRT_vs_SBRT	HALLMARK_PI3K_AKT_MTOR_SIGNALING	MSigDB_Hallmark	exploratory	0.721306497261253	0.83960396039604	0.927983324648254	Cdkn1a	1	105	10	Mutter_02
Thymic.CD8SP	MBRT_vs_SBRT	HALLMARK_PROTEIN_SECRETION	MSigDB_Hallmark	exploratory	-0.891349501960717	0.610236220472441	0.927983324648254	Krt18,Sod1	2	96	6	Mutter_02
Thymic.CD8SP	MBRT_vs_SBRT	HALLMARK_TGF_BETA_SIGNALING	MSigDB_Hallmark	exploratory	-0.807422720031685	0.706122448979592	0.927983324648254	Ctnnb1	1	54	5	Mutter_02
Thymic.CD8SP	MBRT_vs_SBRT	HALLMARK_TNFA_SIGNALING_VIA_NFKB	MSigDB_Hallmark	exploratory	0.854033391486009	0.684959349593496	0.927983324648254	Il1b,Cdkn1a,Dusp2,Atf3,Tnfaip6,Ccl2,Icam1,Vegfa,Jun,Gadd45b,Junb	11	199	33	Mutter_02
Thymic.CD8SP	MBRT_vs_SBRT	HALLMARK_UNFOLDED_PROTEIN_RESPONSE	MSigDB_Hallmark	exploratory	0.829762597811553	0.688109161793372	0.927983324648254	Atf3,Ccl2,Vegfa	3	113	5	Mutter_02
Thymic.CD8SP	MBRT_vs_SBRT	HALLMARK_UV_RESPONSE_DN	MSigDB_Hallmark	exploratory	-0.734158372556983	0.806652806652807	0.927983324648254	Col1a1,Col1a2,Ldlr,Tgfbr2,Nfkb1	5	144	8	Mutter_02
Thymic.CD8SP	MBRT_vs_SBRT	TypeII_interferon	project	primary	-0.904135330880207	0.586614173228346	0.927983324648254	Stat1,Cxcl10	2	17	6	Mutter_02
Thymic.CD8SP	MBRT_vs_SBRT	HALLMARK_MYC_TARGETS_V1	MSigDB_Hallmark	exploratory	0.597880804443215	0.928982725527831	0.975431861804223	Tyms	1	201	8	Mutter_02
Thymic.CD8SP	MBRT_vs_SBRT	HALLMARK_OXIDATIVE_PHOSPHORYLATION	MSigDB_Hallmark	exploratory	-0.591228452442423	0.920245398773006	0.975431861804223	Ldha	1	199	4	Mutter_02
Thymic.CD8SP	MBRT_vs_SBRT	HALLMARK_EPITHELIAL_MESENCHYMAL_TRANSITION	MSigDB_Hallmark	exploratory	-0.596082728556394	0.964071856287425	0.987585804001753	Lgals1,Col1a1,Col1a2,Cd44,Vim,Tpm2,Col5a3	7	206	25	Mutter_02
Thymic.CD8SP	MBRT_vs_SBRT	HALLMARK_UV_RESPONSE_UP	MSigDB_Hallmark	exploratory	0.459515849153725	0.992047713717694	0.992047713717694	Atf3,Icam1,Junb,Sqstm1,Nfkbia	5	158	11	Mutter_02
Thymic.CD8SP	SBRT_vs_Ctrl	DNA_Damage_Repair	project	primary	-1.47638260962198	0.0488018906888857	0.350701402805611	Bax,Cdkn1a	2	18	5	Mutter_02
Thymic.CD8SP	SBRT_vs_Ctrl	HALLMARK_ALLOGRAFT_REJECTION	MSigDB_Hallmark	exploratory	-1.45734070769907	0.0279118035585567	0.350701402805611	Cxcl9,Il2rb,H2-T23,H2-DMa,Il1b,H2-Aa,Hif1a,Cd3e,H2-DMb1,Ptprc,Ccl5	11	201	38	Mutter_02
Thymic.CD8SP	SBRT_vs_Ctrl	HALLMARK_APICAL_SURFACE	MSigDB_Hallmark	exploratory	-1.43470422051133	0.0501002004008016	0.350701402805611	Il2rb,Cx3cl1	2	44	3	Mutter_02
Thymic.CD8SP	SBRT_vs_Ctrl	HALLMARK_E2F_TARGETS	MSigDB_Hallmark	exploratory	1.71946691439761	0.0193829710511665	0.350701402805611	Hmgb2,Mki67,Stmn1,Dnmt1,Pttg1	5	200	12	Mutter_02
Thymic.CD8SP	SBRT_vs_Ctrl	HALLMARK_ESTROGEN_RESPONSE_EARLY	MSigDB_Hallmark	exploratory	1.57180878376741	0.0377352600778435	0.350701402805611	Krt8,Ccnd1,Krt18,Xbp1	4	200	7	Mutter_02
Thymic.CD8SP	SBRT_vs_Ctrl	HALLMARK_UV_RESPONSE_DN	MSigDB_Hallmark	exploratory	1.68591797419273	0.019243564513203	0.350701402805611	Col1a1,Col1a2,Ldlr	3	144	8	Mutter_02
Thymic.CD8SP	SBRT_vs_Ctrl	HALLMARK_EPITHELIAL_MESENCHYMAL_TRANSITION	MSigDB_Hallmark	exploratory	1.42671111060506	0.0636704119850187	0.382022471910112	Col1a1,Col1a2,Lgals1,Col5a3,Col4a1,Mmp14,Tpm2	7	206	25	Mutter_02
Thymic.CD8SP	SBRT_vs_Ctrl	HALLMARK_G2M_CHECKPOINT	MSigDB_Hallmark	exploratory	1.44330351365276	0.0748560460652591	0.39299424184261	Ccnd1,Mki67,Stmn1,Pttg1	4	198	12	Mutter_02
Thymic.CD8SP	SBRT_vs_Ctrl	HALLMARK_ANDROGEN_RESPONSE	MSigDB_Hallmark	exploratory	1.36142495513207	0.134387351778656	0.539525691699605	Krt8,Ccnd1,Akt1,Sat1,B2m	5	112	7	Mutter_02
Thymic.CD8SP	SBRT_vs_Ctrl	HALLMARK_APOPTOSIS	MSigDB_Hallmark	exploratory	1.26349950222625	0.133208255159475	0.539525691699605	Hmgb2,Ccnd1,Lmna,Krt18,Clu	5	160	31	Mutter_02
Thymic.CD8SP	SBRT_vs_Ctrl	HALLMARK_FATTY_ACID_METABOLISM	MSigDB_Hallmark	exploratory	1.28343119482487	0.179841897233202	0.539525691699605	Lgals1,S100a10,Ldha	3	157	6	Mutter_02
Thymic.CD8SP	SBRT_vs_Ctrl	HALLMARK_INFLAMMATORY_RESPONSE	MSigDB_Hallmark	exploratory	-1.23413188748777	0.161016949152542	0.539525691699605	Cxcl9,Il2rb,Cx3cl1,Il1b,Hif1a,Cdkn1a,Sell,Ccl5,Tnfaip6,Cd14	10	201	34	Mutter_02
Thymic.CD8SP	SBRT_vs_Ctrl	HALLMARK_MYOGENESIS	MSigDB_Hallmark	exploratory	1.34966454411383	0.148496240601504	0.539525691699605	Col1a1,Clu,Igfbp7,Tpm2,Itgb4	5	201	10	Mutter_02
Thymic.CD8SP	SBRT_vs_Ctrl	TypeII_interferon	project	primary	-1.27572589978365	0.173387096774194	0.539525691699605	Cxcl9,H2-Ab1,H2-Aa	3	17	6	Mutter_02
Thymic.CD8SP	SBRT_vs_Ctrl	HALLMARK_INTERFERON_GAMMA_RESPONSE	MSigDB_Hallmark	exploratory	-1.17805593392375	0.215351812366738	0.602985074626866	Cxcl9,Il2rb,H2-DMa,H2-Aa,Hif1a,Cdkn1a,Stat3,Ccl5,Tnfaip6,H2-D1,Lgals3bp,Mt2,Icam1,H2-Q10,Il15ra,Cd74,Ifitm2	17	205	38	Mutter_02
Thymic.CD8SP	SBRT_vs_Ctrl	HALLMARK_COAGULATION	MSigDB_Hallmark	exploratory	1.19500535693559	0.245681381957774	0.616461555831546	Clu,Mmp14,Apoc1,Cd9,Anxa1,Rac1	6	139	11	Mutter_02
Thymic.CD8SP	SBRT_vs_Ctrl	HALLMARK_MTORC1_SIGNALING	MSigDB_Hallmark	exploratory	1.19325530565867	0.249520153550864	0.616461555831546	Xbp1,Ldha,Hsp90b1,Ldlr,Cd9,Serpinh1,Ppia	7	201	11	Mutter_02
Thymic.CD8SP	SBRT_vs_Ctrl	HALLMARK_GLYCOLYSIS	MSigDB_Hallmark	exploratory	1.15236894154306	0.280464216634429	0.654416505480335	Stmn1,Ldha,Ppia,Cd44,Ier3	5	200	8	Mutter_02
Thymic.CD8SP	SBRT_vs_Ctrl	HALLMARK_WNT_BETA_CATENIN_SIGNALING	MSigDB_Hallmark	exploratory	1.18540210620013	0.304431599229287	0.672954061454214	Rbpj,Ctnnb1,Ppard	3	42	4	Mutter_02
Thymic.CD8SP	SBRT_vs_Ctrl	HALLMARK_HYPOXIA	MSigDB_Hallmark	exploratory	-1.08682617537621	0.326271186440678	0.685169491525424	Atf3,Cdkn1a,Bcl2,Mif,Mt2,Ets1,Ndrg1,Zfp36,Slc2a1,Tgfb3,Anxa2,Vegfa	12	200	19	Mutter_02
Thymic.CD8SP	SBRT_vs_Ctrl	HALLMARK_OXIDATIVE_PHOSPHORYLATION	MSigDB_Hallmark	exploratory	-1.12441059786288	0.359504132231405	0.71900826446281	Bax,Atp5e,Glud1	3	199	4	Mutter_02
Thymic.CD8SP	SBRT_vs_Ctrl	HALLMARK_KRAS_SIGNALING_UP	MSigDB_Hallmark	exploratory	1.04824104977032	0.399232245681382	0.762170650846275	Arg1,Cxcl10	2	203	12	Mutter_02
Thymic.CD8SP	SBRT_vs_Ctrl	HALLMARK_CHOLESTEROL_HOMEOSTASIS	MSigDB_Hallmark	exploratory	0.989720247752396	0.483558994197292	0.845338983050848	Clu,Ldlr,Cd9,Ctnnb1,Lgals3,Tnfrsf12a	6	75	8	Mutter_02
Thymic.CD8SP	SBRT_vs_Ctrl	HALLMARK_COMPLEMENT	MSigDB_Hallmark	exploratory	0.970788683996195	0.5046904315197	0.845338983050848	Clu,Gzma,Mmp14,Apoc1	4	196	16	Mutter_02
Thymic.CD8SP	SBRT_vs_Ctrl	HALLMARK_DNA_REPAIR	MSigDB_Hallmark	exploratory	-1.020455227537	0.481404958677686	0.845338983050848	Tyms	1	150	4	Mutter_02
Thymic.CD8SP	SBRT_vs_Ctrl	HALLMARK_IL6_JAK_STAT3_SIGNALING	MSigDB_Hallmark	exploratory	-0.933946617344916	0.523305084745763	0.845338983050848	Cxcl9,Il1b,Stat3,Tnfrsf1a,Cd14	5	88	19	Mutter_02
Thymic.CD8SP	SBRT_vs_Ctrl	HALLMARK_APICAL_JUNCTION	MSigDB_Hallmark	exploratory	-0.907644806937965	0.562886597938144	0.872972604606787	Cx3cl1,Ptprc,Icam1	3	199	8	Mutter_02
Thymic.CD8SP	SBRT_vs_Ctrl	HALLMARK_INTERFERON_ALPHA_RESPONSE	MSigDB_Hallmark	exploratory	0.909982639166704	0.587242026266417	0.872972604606787	Cxcl10,Tap1,Ifitm3,Il4ra,B2m,Bst2	6	100	16	Mutter_02
Thymic.CD8SP	SBRT_vs_Ctrl	HALLMARK_PROTEIN_SECRETION	MSigDB_Hallmark	exploratory	0.906435388582073	0.602766798418972	0.872972604606787	Krt18	1	96	6	Mutter_02
Thymic.CD8SP	SBRT_vs_Ctrl	HALLMARK_UNFOLDED_PROTEIN_RESPONSE	MSigDB_Hallmark	exploratory	0.892107588873305	0.629191321499014	0.880867850098619	Xbp1,Hsp90b1	2	113	5	Mutter_02
Thymic.CD8SP	SBRT_vs_Ctrl	HALLMARK_ADIPOGENESIS	MSigDB_Hallmark	exploratory	0.709514904595455	0.811175337186898	0.93720809548521	Col4a1	1	200	4	Mutter_02
Thymic.CD8SP	SBRT_vs_Ctrl	HALLMARK_ESTROGEN_RESPONSE_LATE	MSigDB_Hallmark	exploratory	0.650160777206778	0.888045540796964	0.93720809548521	Ccnd1,Xbp1	2	206	9	Mutter_02
Thymic.CD8SP	SBRT_vs_Ctrl	HALLMARK_IL2_STAT5_SIGNALING	MSigDB_Hallmark	exploratory	-0.722868759151306	0.858050847457627	0.93720809548521	Il2rb,Spp1,Sell,Bcl2	4	199	19	Mutter_02
Thymic.CD8SP	SBRT_vs_Ctrl	HALLMARK_MITOTIC_SPINDLE	MSigDB_Hallmark	exploratory	0.748234676310451	0.781746031746032	0.93720809548521	Ezr	1	199	3	Mutter_02
Thymic.CD8SP	SBRT_vs_Ctrl	HALLMARK_MYC_TARGETS_V1	MSigDB_Hallmark	exploratory	-0.706441936574913	0.837113402061856	0.93720809548521	Hsp90ab1,Tyms,H2az1	3	201	8	Mutter_02
Thymic.CD8SP	SBRT_vs_Ctrl	HALLMARK_P53_PATHWAY	MSigDB_Hallmark	exploratory	-0.804318463950177	0.745762711864407	0.93720809548521	Bax,Atf3,Cdkn1a	3	199	19	Mutter_02
Thymic.CD8SP	SBRT_vs_Ctrl	HALLMARK_PI3K_AKT_MTOR_SIGNALING	MSigDB_Hallmark	exploratory	-0.610152073638292	0.914893617021277	0.93720809548521	Cdkn1a,Tnfrsf1a,Arf1,Sqstm1,Slc2a1	5	105	10	Mutter_02
Thymic.CD8SP	SBRT_vs_Ctrl	HALLMARK_TGF_BETA_SIGNALING	MSigDB_Hallmark	exploratory	0.690975303172312	0.844181459566075	0.93720809548521	Ctnnb1,Junb,Tgfb1,Ifngr2,Eng	5	54	5	Mutter_02
Thymic.CD8SP	SBRT_vs_Ctrl	HALLMARK_UV_RESPONSE_UP	MSigDB_Hallmark	exploratory	0.662851096631647	0.9021113243762	0.93720809548521	Mmp14,Tap1,Btg1	3	158	11	Mutter_02
Thymic.CD8SP	SBRT_vs_Ctrl	HALLMARK_XENOBIOTIC_METABOLISM	MSigDB_Hallmark	exploratory	0.720286989246884	0.824110671936759	0.93720809548521	Arg1	1	203	6	Mutter_02
Thymic.CD8SP	SBRT_vs_Ctrl	TypeI_interferon	project	primary	0.741163545723086	0.800788954635108	0.93720809548521	Ifitm3,Ifitm1,Stat1	3	19	5	Mutter_02
Thymic.CD8SP	SBRT_vs_Ctrl	HALLMARK_TNFA_SIGNALING_VIA_NFKB	MSigDB_Hallmark	exploratory	0.608559190465078	0.976014760147601	0.976014760147601	Ccnd1,Cxcl10,Ldlr,Tap1,Btg1,Sat1,Tnfrsf9,Cd44,Ier3,Gpr183	10	199	33	Mutter_02
Thymic.preT.DN1	MBRT_vs_Ctrl	HALLMARK_EPITHELIAL_MESENCHYMAL_TRANSITION	MSigDB_Hallmark	exploratory	1.94459459312206	5.14627824808909e-05	0.00267606468900633	Col1a1,Col3a1,Col5a2,Itga2,Col5a3,Cxcl2,Col12a1,Acta2,Mfap5,Timp1,Col5a1,Col1a2,Myl9,Cdh11,Col6a2,Tnfrsf11b,Wnt5a,Mmp14,Col6a3,Fgf2,Itgb5,Col4a1,Serpinh1,Col11a1,Bgn,Prss2,Itga5,Areg	28	206	72	Mutter_02
Thymic.preT.DN1	MBRT_vs_Ctrl	HALLMARK_ANGIOGENESIS	MSigDB_Hallmark	exploratory	1.98740304298604	0.00075392581523074	0.013386375395344	Col3a1,Col5a2,Pf4,Olr1,Timp1	5	36	19	Mutter_02
Thymic.preT.DN1	MBRT_vs_Ctrl	HALLMARK_INTERFERON_GAMMA_RESPONSE	MSigDB_Hallmark	exploratory	-1.76758507410286	0.000772290888192924	0.013386375395344	Ciita,Ifi27,H2-D1,Xcl1,Oasl1,Ifitm2,Casp3,Tnfsf10,Tap1,Nlrc5,Stat1,H2-Aa,Il2rb,Klrk1,Cxcl9,Bst2,Icam1,Oas2,Rigi,H2-M3,Cxcl10,H2-Eb1,Ifi44l,Oas3,B2m	25	205	64	Mutter_02
Thymic.preT.DN1	MBRT_vs_Ctrl	TypeII_interferon	project	primary	-1.76336110307248	0.00284148373852257	0.0369392886007934	Ciita,Stat1,H2-Aa,Cxcl9,H2-Ab1,Cxcl10,H2-Eb1	7	17	8	Mutter_02
Thymic.preT.DN1	MBRT_vs_Ctrl	HALLMARK_ESTROGEN_RESPONSE_LATE	MSigDB_Hallmark	exploratory	1.57398859762108	0.0168383962411849	0.175119320908323	S100a9,Fabp5,Cxcl14,Pgr,Ltf,Fos,Krt19,Celsr2,Agr2,Cdh1	10	206	33	Mutter_02
Thymic.preT.DN1	MBRT_vs_Ctrl	HALLMARK_MYC_TARGETS_V1	MSigDB_Hallmark	exploratory	-1.54552566369266	0.028315462414212	0.245400674256504	H2az1,Myc,Rack1,Hsp90ab1,Ptges3,Pcna	6	201	9	Mutter_02
Thymic.preT.DN1	MBRT_vs_Ctrl	HALLMARK_UV_RESPONSE_DN	MSigDB_Hallmark	exploratory	1.41248408233592	0.0615079365079365	0.456916099773243	Col1a1,Col3a1,Col5a2,Col1a2,Dusp1,Pparg,Col11a1,Bmpr1a,Snai2,Adgrl2,Rxra	11	144	31	Mutter_02
Thymic.preT.DN1	MBRT_vs_Ctrl	HALLMARK_E2F_TARGETS	MSigDB_Hallmark	exploratory	-1.45641011041095	0.0773694390715667	0.490776490776491	H2az1,Hmgb2,Myc,Chek1,Mki67,Tubb5,Trp53,Pcna,Chek2,Stmn1,Birc5	11	200	18	Mutter_02
Thymic.preT.DN1	MBRT_vs_Ctrl	HALLMARK_TGF_BETA_SIGNALING	MSigDB_Hallmark	exploratory	-1.39838506442889	0.0849420849420849	0.490776490776491	Tgfbr1,Eng,Ifngr2,Junb,Apc,Acvr1	6	54	15	Mutter_02
Thymic.preT.DN1	MBRT_vs_Ctrl	HALLMARK_COAGULATION	MSigDB_Hallmark	exploratory	1.36008262337048	0.0991735537190083	0.515702479338843	Itga2,Pf4,Olr1,Pdgfb,Timp1	5	139	26	Mutter_02
Thymic.preT.DN1	MBRT_vs_Ctrl	HALLMARK_ALLOGRAFT_REJECTION	MSigDB_Hallmark	exploratory	-1.12885710349888	0.224806201550388	0.531360112755462	Ets1,Il12rb1,H2-T23,Tap1,Il27ra,Cd28,Itgb2,Stat1,H2-Aa,H2-DMb1,Il2rb,Cxcl9,Tap2,Icam1,Cd3g,Ifngr2,Cd79a,Cd2,Icosl,Cd8b1,Cd80,Ltb,H2-M3,Tlr1	24	201	99	Mutter_02
Thymic.preT.DN1	MBRT_vs_Ctrl	HALLMARK_COMPLEMENT	MSigDB_Hallmark	exploratory	1.25461026750187	0.133466135458167	0.531360112755462	S100a9,Cxcl2,Olr1,Pdgfb,Mmp12,Timp1,Ltf,Cd40lg,Src,Mmp14	10	196	42	Mutter_02
Thymic.preT.DN1	MBRT_vs_Ctrl	HALLMARK_DNA_REPAIR	MSigDB_Hallmark	exploratory	-1.30304963240685	0.166358595194085	0.531360112755462	Nt5c3,Trp53,Pcna	3	150	5	Mutter_02
Thymic.preT.DN1	MBRT_vs_Ctrl	HALLMARK_HEME_METABOLISM	MSigDB_Hallmark	exploratory	-1.27422240293529	0.209737827715356	0.531360112755462	Slc2a1,Epor,Lamp2,Nr3c1,Myl4	5	194	6	Mutter_02
Thymic.preT.DN1	MBRT_vs_Ctrl	HALLMARK_INTERFERON_ALPHA_RESPONSE	MSigDB_Hallmark	exploratory	-1.23616233120658	0.180952380952381	0.531360112755462	Ifi27,Oasl1,Ifitm2,Tap1,Bst2,Sell,Cxcl10,Ifi44l,Cd47,B2m,Ifitm3	11	100	23	Mutter_02
Thymic.preT.DN1	MBRT_vs_Ctrl	HALLMARK_MITOTIC_SPINDLE	MSigDB_Hallmark	exploratory	-1.3131208079559	0.150190114068441	0.531360112755462	Plekhg2,Apc,Ezr,Gsn,Birc5,Dst	6	199	11	Mutter_02
Thymic.preT.DN1	MBRT_vs_Ctrl	HALLMARK_MTORC1_SIGNALING	MSigDB_Hallmark	exploratory	-1.24163992303805	0.187376725838264	0.531360112755462	Itgb2,Sqstm1,Slc2a1,Hsp90b1,Ddit3	5	201	13	Mutter_02
Thymic.preT.DN1	MBRT_vs_Ctrl	HALLMARK_P53_PATHWAY	MSigDB_Hallmark	exploratory	-1.28146608407285	0.116326530612245	0.531360112755462	Rb1,Itgb4,Tap1,Tnfsf9,Bax,Tm4sf1,Rack1,Tsc22d1,Ddit3,Trp53,Pcna,Acvr1b,Notch1	13	199	38	Mutter_02
Thymic.preT.DN1	MBRT_vs_Ctrl	HALLMARK_PEROXISOME	MSigDB_Hallmark	exploratory	-1.27787208027435	0.174329501915709	0.531360112755462	Sod1,Ttr	2	102	4	Mutter_02
Thymic.preT.DN1	MBRT_vs_Ctrl	HALLMARK_REACTIVE_OXYGEN_SPECIES_PATHWAY	MSigDB_Hallmark	exploratory	-1.25574729494387	0.203327171903882	0.531360112755462	Sod1,Junb	2	48	5	Mutter_02
Thymic.preT.DN1	MBRT_vs_Ctrl	HALLMARK_UV_RESPONSE_UP	MSigDB_Hallmark	exploratory	-1.20544942164621	0.207619047619048	0.531360112755462	Casp3,Tap1,Sqstm1,Icam1,Junb,H2-M3,H2-Q1	7	158	23	Mutter_02
Thymic.preT.DN1	MBRT_vs_Ctrl	HALLMARK_WNT_BETA_CATENIN_SIGNALING	MSigDB_Hallmark	exploratory	-1.21811181015245	0.216216216216216	0.531360112755462	Myc,Rbpj,Trp53,Hdac5,Notch1,Ppard	6	42	15	Mutter_02
Thymic.preT.DN1	MBRT_vs_Ctrl	DNA_Damage_Repair	project	primary	-1.1927070154919	0.256214149139579	0.532925430210325	Bax,Chek1,Ddit3,Atr,Chek2	5	18	10	Mutter_02
Thymic.preT.DN1	MBRT_vs_Ctrl	HALLMARK_APICAL_JUNCTION	MSigDB_Hallmark	exploratory	1.15041125241753	0.24609375	0.532925430210325	Itga2,Cd34,Myl9,Cdh11,Syk,Tnfrsf11b,Src,Cdh1,Cd86,Vwf	10	199	38	Mutter_02
Thymic.preT.DN1	MBRT_vs_Ctrl	HALLMARK_OXIDATIVE_PHOSPHORYLATION	MSigDB_Hallmark	exploratory	-1.22006379694932	0.24904214559387	0.532925430210325	Bax,Atp5e	2	199	4	Mutter_02
Thymic.preT.DN1	MBRT_vs_Ctrl	TypeI_interferon	project	primary	-1.16918134199013	0.292682926829268	0.585365853658537	Oasl1,Stat1,Oas2	3	19	7	Mutter_02
Thymic.preT.DN1	MBRT_vs_Ctrl	HALLMARK_APICAL_SURFACE	MSigDB_Hallmark	exploratory	-1.1252560106298	0.321223709369025	0.607196198234895	Gata3,Il2rb,Efna5	3	44	10	Mutter_02
Thymic.preT.DN1	MBRT_vs_Ctrl	HALLMARK_FATTY_ACID_METABOLISM	MSigDB_Hallmark	exploratory	-1.1158230579053	0.32887189292543	0.607196198234895	Glul,H2az1,Hsp90aa1	3	157	10	Mutter_02
Thymic.preT.DN1	MBRT_vs_Ctrl	HALLMARK_IL6_JAK_STAT3_SIGNALING	MSigDB_Hallmark	exploratory	1.06940675051056	0.35030549898167	0.607196198234895	Il1b,Pf4,Csf3r,Cxcl2,Il4ra,Reg1	6	88	53	Mutter_02
Thymic.preT.DN1	MBRT_vs_Ctrl	HALLMARK_KRAS_SIGNALING_DN	MSigDB_Hallmark	exploratory	1.09841715392798	0.349173553719008	0.607196198234895	Ifng,Tcl1,Cd40lg,Celsr2,Ryr2	5	202	15	Mutter_02
Thymic.preT.DN1	MBRT_vs_Ctrl	HALLMARK_G2M_CHECKPOINT	MSigDB_Hallmark	exploratory	-1.01885281097202	0.415860735009671	0.62691990090834	H2az1,Myc,Chek1,Efna5,Mki67,Ube2c,Stmn1,Birc5	8	198	21	Mutter_02
Thymic.preT.DN1	MBRT_vs_Ctrl	HALLMARK_INFLAMMATORY_RESPONSE	MSigDB_Hallmark	exploratory	1.03058620905803	0.388429752066116	0.62691990090834	Il1b,Ccl2,Csf3r,Il4ra,Olr1,Nlrp3,Timp1,Msr1,Ifitm1,Gpr183,Ahr,Mmp14,Cd70,Tlr3,Tlr2,Ptger4,Il18,Cd48,Osm,Itga5,Cd14,Il15ra	22	201	85	Mutter_02
Thymic.preT.DN1	MBRT_vs_Ctrl	HALLMARK_PI3K_AKT_MTOR_SIGNALING	MSigDB_Hallmark	exploratory	-1.02252068643775	0.421965317919075	0.62691990090834	Sqstm1,Slc2a1,Hsp90b1,Ddit3	4	105	16	Mutter_02
Thymic.preT.DN1	MBRT_vs_Ctrl	HALLMARK_PROTEIN_SECRETION	MSigDB_Hallmark	exploratory	-1.02975663167764	0.414312617702448	0.62691990090834	Sod1,Ica1,Arf1,Lamp2,Dst	5	96	9	Mutter_02
Thymic.preT.DN1	MBRT_vs_Ctrl	HALLMARK_UNFOLDED_PROTEIN_RESPONSE	MSigDB_Hallmark	exploratory	1.04083907795585	0.408119658119658	0.62691990090834	Ccl2,Bag3,Xbp1,Atf3	4	113	6	Mutter_02
Thymic.preT.DN1	MBRT_vs_Ctrl	HALLMARK_PANCREAS_BETA_CELLS	MSigDB_Hallmark	exploratory	-0.976601544193315	0.540229885057471	0.780332056194125	Dpp4,Gcg,Iapp	3	40	4	Mutter_02
Thymic.preT.DN1	MBRT_vs_Ctrl	HALLMARK_KRAS_SIGNALING_UP	MSigDB_Hallmark	exploratory	-0.933455315461305	0.585365853658537	0.802367364193617	Ets1,Slpi,Cd37,Csf2ra,Itgb2,Eng	6	203	49	Mutter_02
Thymic.preT.DN1	MBRT_vs_Ctrl	HALLMARK_TNFA_SIGNALING_VIA_NFKB	MSigDB_Hallmark	exploratory	0.938303913273208	0.586345381526104	0.802367364193617	Il1b,Ccl2,Cxcl2,Olr1,Ifih1,Fos,Gpr183,Ier3,Stat5a,Dusp1,Dusp4,Cd83,Csf2,Tlr2,Ptger4,Ccl4,Il18,Areg,Il15ra,Ccnd1,Gadd45b	21	199	75	Mutter_02
Thymic.preT.DN1	MBRT_vs_Ctrl	HALLMARK_XENOBIOTIC_METABOLISM	MSigDB_Hallmark	exploratory	0.907718728641396	0.615384615384615	0.82051282051282	Arg1,Reg1	2	203	19	Mutter_02
Thymic.preT.DN1	MBRT_vs_Ctrl	HALLMARK_ADIPOGENESIS	MSigDB_Hallmark	exploratory	0.870333886277293	0.66943866943867	0.840136054421769	Stat5a,Apoe,Lifr,Col4a1,Pparg,Sparcl1	6	200	19	Mutter_02
Thymic.preT.DN1	MBRT_vs_Ctrl	HALLMARK_APOPTOSIS	MSigDB_Hallmark	exploratory	-0.890433872640356	0.675146771037182	0.840136054421769	Sod1,Casp3,Tnfsf10,Tap1,Bax,Erbb3,Sqstm1,Hmgb2,Cd2,Ddit3,Cflar,Prf1,Erbb2,Ifngr1,Ifitm3,Rela,Gsn	17	160	62	Mutter_02
Thymic.preT.DN1	MBRT_vs_Ctrl	HALLMARK_ESTROGEN_RESPONSE_EARLY	MSigDB_Hallmark	exploratory	0.866736247031113	0.678571428571429	0.840136054421769	Pgr,Fos,Krt19,Msmb,Celsr2,Ar	6	200	30	Mutter_02
Thymic.preT.DN1	MBRT_vs_Ctrl	HALLMARK_BILE_ACID_METABOLISM	MSigDB_Hallmark	exploratory	-0.647589379709336	0.883895131086142	0.978838582677165	Sod1,Ttr	2	112	6	Mutter_02
Thymic.preT.DN1	MBRT_vs_Ctrl	HALLMARK_CHOLESTEROL_HOMEOSTASIS	MSigDB_Hallmark	exploratory	0.664967495470113	0.890909090909091	0.978838582677165	Fabp5,Pparg,Lgals3,Atf3	4	75	13	Mutter_02
Thymic.preT.DN1	MBRT_vs_Ctrl	HALLMARK_HYPOXIA	MSigDB_Hallmark	exploratory	0.72524775105126	0.903543307086614	0.978838582677165	Pdgfb,Pgf,Col5a1,Fos,Ier3,Dusp1	6	200	39	Mutter_02
Thymic.preT.DN1	MBRT_vs_Ctrl	HALLMARK_IL2_STAT5_SIGNALING	MSigDB_Hallmark	exploratory	-0.757786586027363	0.890196078431373	0.978838582677165	Casp3,Tnfsf10,Il2rb,Bcl2,Alcam,Sell,Myc,Ltb,Cxcl10,Spp1,Itgav,Igf1r,Ifngr1,Ifitm3,Il18r1,Flt3l,Itga6	17	199	58	Mutter_02
Thymic.preT.DN1	MBRT_vs_Ctrl	HALLMARK_MYOGENESIS	MSigDB_Hallmark	exploratory	0.772653643009994	0.864173228346457	0.978838582677165	Col1a1,Col3a1,Col6a2,Col6a3,Myl7,App,Fgf2,Itgb5,Apod	9	201	37	Mutter_02
Thymic.preT.DN1	MBRT_vs_Ctrl	HALLMARK_SPERMATOGENESIS	MSigDB_Hallmark	exploratory	-0.669077283146807	0.866913123844732	0.978838582677165	Ace,Mtor,Ezh2,Scg5,Il12rb2	5	135	5	Mutter_02
Thymic.preT.DN1	MBRT_vs_Ctrl	HALLMARK_ANDROGEN_RESPONSE	MSigDB_Hallmark	exploratory	-0.498061135014782	0.986564299424184	1	Tsc22d1,Itgav,Fkbp5,B2m,Myl12a,Arid5b	6	112	17	Mutter_02
Thymic.preT.DN1	MBRT_vs_Ctrl	HALLMARK_GLYCOLYSIS	MSigDB_Hallmark	exploratory	-0.445377008888512	0.996131528046422	1	Sod1	1	200	18	Mutter_02
Thymic.preT.DN1	MBRT_vs_Ctrl	HALLMARK_HEDGEHOG_SIGNALING	MSigDB_Hallmark	exploratory	0.493750230083479	0.983367983367983	1	Adgrg1,Hey1,Vegfa,Celsr1	4	36	4	Mutter_02
Thymic.preT.DN1	MBRT_vs_Ctrl	HALLMARK_NOTCH_SIGNALING	MSigDB_Hallmark	exploratory	-0.395429382178866	1	1	Maml2,Notch1,Ppard	3	32	12	Mutter_02
Thymic.preT.DN1	MBRT_vs_SBRT	HALLMARK_G2M_CHECKPOINT	MSigDB_Hallmark	exploratory	-2.03015857926326	0.000178531599930095	0.00928364319636493	Mki67,Ccnd1,Top2a,Nusap1,Birc5,Stmn1,Ube2c,Abl1,Myc,Pttg1,Notch2,H2az1,Cenpf	13	198	21	Mutter_02
Thymic.preT.DN1	MBRT_vs_SBRT	HALLMARK_MITOTIC_SPINDLE	MSigDB_Hallmark	exploratory	-1.90481417195004	0.00165086135823981	0.0429223953142351	Top2a,Gsn,Ezr,Nusap1,Birc5,Abl1,Notch2,Dst,Cenpf	9	199	11	Mutter_02
Thymic.preT.DN1	MBRT_vs_SBRT	HALLMARK_CHOLESTEROL_HOMEOSTASIS	MSigDB_Hallmark	exploratory	-1.8611237487703	0.00346809739106002	0.060113688111707	Ldlr,Clu,Ctnnb1,Alcam,Cd9,Tnfrsf12a	6	75	13	Mutter_02
Thymic.preT.DN1	MBRT_vs_SBRT	HALLMARK_ESTROGEN_RESPONSE_EARLY	MSigDB_Hallmark	exploratory	-1.70862263730317	0.00485942687384309	0.0631725493599601	Krt8,Krt18,Ccnd1,Xbp1,Krt19,Myc,Igf1r,Cd44,Jak2,Areg,Aqp3	11	200	30	Mutter_02
Thymic.preT.DN1	MBRT_vs_SBRT	HALLMARK_E2F_TARGETS	MSigDB_Hallmark	exploratory	-1.74173254833199	0.0062133254076324	0.0636110534809961	Hmgb2,Mki67,Top2a,Pcna,Birc5,Stmn1,Dnmt1,Tubb5,Myc,Pttg1	10	200	18	Mutter_02
Thymic.preT.DN1	MBRT_vs_SBRT	HALLMARK_MYC_TARGETS_V1	MSigDB_Hallmark	exploratory	-1.70866344349389	0.00733973694011494	0.0636110534809961	Pcna,Ldha,Ppia,Ptges3,Hsp90ab1,Rack1,Myc	7	201	9	Mutter_02
Thymic.preT.DN1	MBRT_vs_SBRT	HALLMARK_APOPTOSIS	MSigDB_Hallmark	exploratory	-1.56965659093494	0.0104538783906027	0.0776573823301913	Hmgb2,Krt18,Ccnd1,Lmna,Top2a,Gsn,Clu,Casp3,Ctnnb1,Tnfrsf12a,Sqstm1,Sod1,Anxa1,Gpx1,Erbb3,Gadd45b,Ier3,Cd44,Rela,Fasl,Tnfsf10,Ifitm3,Tap1	23	160	62	Mutter_02
Thymic.preT.DN1	MBRT_vs_SBRT	HALLMARK_MYOGENESIS	MSigDB_Hallmark	exploratory	-1.57958635834099	0.0140609068275067	0.0913958943787938	Gsn,Col1a1,Itgb4,Clu,Erbb3,Cfd,Gadd45b,Igfbp3,Cryab,Mb,Col6a2,Itgb1,Rb1,Apod,Notch1,Tpm2,Tcap	17	201	37	Mutter_02
Thymic.preT.DN1	MBRT_vs_SBRT	HALLMARK_ANDROGEN_RESPONSE	MSigDB_Hallmark	exploratory	-1.60925898301879	0.0170008887502656	0.0916445814516935	Krt8,Ccnd1,Akt1,Myl12a,Krt19	5	112	17	Mutter_02
Thymic.preT.DN1	MBRT_vs_SBRT	HALLMARK_PROTEIN_SECRETION	MSigDB_Hallmark	exploratory	-1.62111759115007	0.0176239579714795	0.0916445814516935	Krt18,Ica1,Sod1,Arf1,Dst	5	96	9	Mutter_02
Thymic.preT.DN1	MBRT_vs_SBRT	HALLMARK_GLYCOLYSIS	MSigDB_Hallmark	exploratory	-1.54337491444779	0.038021461277791	0.164759665537094	Ldha,Ppia,Stmn1,Col5a1,Sod1,Igfbp3,Ier3,Mif,Cd44	9	200	18	Mutter_02
Thymic.preT.DN1	MBRT_vs_SBRT	HALLMARK_PEROXISOME	MSigDB_Hallmark	exploratory	-1.4929255028642	0.0373660305271797	0.164759665537094	Top2a,Sod1	2	102	4	Mutter_02
Thymic.preT.DN1	MBRT_vs_SBRT	HALLMARK_OXIDATIVE_PHOSPHORYLATION	MSigDB_Hallmark	exploratory	-1.46590650224678	0.0461924869348802	0.184769947739521	Glud1,Ldha,Atp5e	3	199	4	Mutter_02
Thymic.preT.DN1	MBRT_vs_SBRT	HALLMARK_FATTY_ACID_METABOLISM	MSigDB_Hallmark	exploratory	-1.5809216057442	0.0500863557858377	0.186035035775968	Lgals1,S100a10,Ldha,Hsp90aa1,Glul,Mif	6	157	10	Mutter_02
Thymic.preT.DN1	MBRT_vs_SBRT	HALLMARK_IL2_STAT5_SIGNALING	MSigDB_Hallmark	exploratory	-1.36141452596178	0.0599415204678363	0.207797270955166	Col6a1,Xbp1,Casp3,Sell,Alcam,Il10,Itga6,Gadd45b,Il4ra,Myc,Igf1r,Cd81,Cd44,Icos,Tnfsf10,Ifitm3,Spry4,Ifngr1,Il3ra,Cd48,Ahr,Anxa4,Il2rb	23	199	58	Mutter_02
Thymic.preT.DN1	MBRT_vs_SBRT	HALLMARK_UV_RESPONSE_DN	MSigDB_Hallmark	exploratory	-1.39926107810321	0.0706605222734255	0.229646697388633	Nfkb1,Ica1,Col1a2,Col1a1,Ldlr,Anxa2,Myc,Igf1r,Notch2,Fyn	10	144	31	Mutter_02
Thymic.preT.DN1	MBRT_vs_SBRT	HALLMARK_MTORC1_SIGNALING	MSigDB_Hallmark	exploratory	-1.41750400589763	0.0859106529209622	0.262785526581767	Ldlr,Xbp1,Ldha,Ppia,Cd9,Sqstm1,Serpinh1,Hsp90b1,Itgb2	9	201	13	Mutter_02
Thymic.preT.DN1	MBRT_vs_SBRT	HALLMARK_IL6_JAK_STAT3_SIGNALING	MSigDB_Hallmark	exploratory	1.27086908165951	0.115264797507788	0.316623571607307	Reg1,Cxcl2,Pf4,Il2ra,Csf3r,Tlr2,Ltbr,Csf2,Cd14,Il13ra1,Cxcl9,Cd36,Pdgfc,Il6,Acvr1b,Acvrl1,Fas,Il1b,Tnfrsf21	19	88	53	Mutter_02
Thymic.preT.DN1	MBRT_vs_SBRT	HALLMARK_INTERFERON_ALPHA_RESPONSE	MSigDB_Hallmark	exploratory	-1.33918536353419	0.115689381933439	0.316623571607307	Bst2,Sell,Cd47,Ifi27,Il4ra,Oasl1,B2m,Ifitm3,Tap1,Ifih1	10	100	23	Mutter_02
Thymic.preT.DN1	MBRT_vs_SBRT	HALLMARK_ANGIOGENESIS	MSigDB_Hallmark	exploratory	1.21434059453894	0.202099737532808	0.522289488167309	Olr1,Vcan,Pf4,App,Lum,Tnfrsf21,Pdgfa,Cxcl5,Timp1	9	36	19	Mutter_02
Thymic.preT.DN1	MBRT_vs_SBRT	HALLMARK_COAGULATION	MSigDB_Hallmark	exploratory	-1.19431385925044	0.231012658227848	0.522289488167309	Gsn,Clu,Cd9,Dusp6,Anxa1,Cfd,Rac1,Fyn	8	139	26	Mutter_02
Thymic.preT.DN1	MBRT_vs_SBRT	HALLMARK_KRAS_SIGNALING_DN	MSigDB_Hallmark	exploratory	1.20370127339902	0.229064039408867	0.522289488167309	Tcl1,Ifi44l,Ifng,Il12b,Krt1,Fgfr3,Pdcd1,Cd80,Ryr2,Cd40lg	10	202	15	Mutter_02
Thymic.preT.DN1	MBRT_vs_SBRT	HALLMARK_SPERMATOGENESIS	MSigDB_Hallmark	exploratory	1.28184255802146	0.213836477987421	0.522289488167309	Ace,Scg5,Ezh2	3	135	5	Mutter_02
Thymic.preT.DN1	MBRT_vs_SBRT	DNA_Damage_Repair	project	primary	1.17710036386454	0.269503546099291	0.531869078380706	Cdkn1a	1	18	10	Mutter_02
Thymic.preT.DN1	MBRT_vs_SBRT	HALLMARK_APICAL_JUNCTION	MSigDB_Hallmark	exploratory	-1.13176640892159	0.26015037593985	0.531869078380706	Itgb4,Itga9,Cldn4,Itga3,Col16a1,Fyb,Pfn1,Itgb1,Cdh1,Mapk13,Mmp9,Ptprc	12	199	38	Mutter_02
Thymic.preT.DN1	MBRT_vs_SBRT	HALLMARK_EPITHELIAL_MESENCHYMAL_TRANSITION	MSigDB_Hallmark	exploratory	-1.10678405045102	0.276162790697674	0.531869078380706	Col1a2,Col1a1,Lgals1,Vim,Acta2,Tnfrsf12a,Col5a1,Col16a1,Serpinh1,Gadd45b,Igfbp3,Col4a1,Col6a2,Cd44,Areg,Itgb1,Notch2,Dst,Tpm2,Tpm1	20	206	72	Mutter_02
Thymic.preT.DN1	MBRT_vs_SBRT	HALLMARK_ESTROGEN_RESPONSE_LATE	MSigDB_Hallmark	exploratory	-1.1412926210717	0.261724659606657	0.531869078380706	Ccnd1,Top2a,Xbp1,Cd9,Krt19,Cd44,Jak2,Areg	8	206	33	Mutter_02
Thymic.preT.DN1	MBRT_vs_SBRT	HALLMARK_UNFOLDED_PROTEIN_RESPONSE	MSigDB_Hallmark	exploratory	-1.14605763353585	0.294871794871795	0.536519142003801	Xbp1,Hsp90b1,Vegfa,Bag3	4	113	6	Mutter_02
Thymic.preT.DN1	MBRT_vs_SBRT	HALLMARK_XENOBIOTIC_METABOLISM	MSigDB_Hallmark	exploratory	1.10848489497073	0.299212598425197	0.536519142003801	Reg1,Cd36,Hsd17b2,Igf1,Mt2,Fas,Esr1,Ptgds	8	203	19	Mutter_02
Thymic.preT.DN1	MBRT_vs_SBRT	HALLMARK_TGF_BETA_SIGNALING	MSigDB_Hallmark	exploratory	-1.12183837493421	0.312080536912752	0.540939597315436	Ctnnb1,Ifngr2,Eng,Hdac1,Cdh1,Tgfbr1	6	54	15	Mutter_02
Thymic.preT.DN1	MBRT_vs_SBRT	HALLMARK_HYPOXIA	MSigDB_Hallmark	exploratory	-1.03019281551108	0.408408408408408	0.62609320714029	S100a4,Rbpj,Ldha,Anxa2,Col5a1,Igfbp3,Ier3,Mif,Tgfb3,Efna1,Slc2a1,Vegfa,Jun,Btg1,Nr3c1,Cav1	16	200	39	Mutter_02
Thymic.preT.DN1	MBRT_vs_SBRT	HALLMARK_KRAS_SIGNALING_UP	MSigDB_Hallmark	exploratory	1.04217399264621	0.379821958456973	0.62609320714029	Ptgs2,Fgf9,Cxcr4,Cidea,Ccl20,Csf2,Ace,Il33,Cmklr1,Bmp2,Il1b,Itga2,Adgrl4,Etv5,Sparcl1,Pigr,Scg5,Il7r	18	203	49	Mutter_02
Thymic.preT.DN1	MBRT_vs_SBRT	HALLMARK_NOTCH_SIGNALING	MSigDB_Hallmark	exploratory	-1.05348579054422	0.39451114922813	0.62609320714029	Ccnd1,Notch2,Notch1,Fzd7	4	32	12	Mutter_02
Thymic.preT.DN1	MBRT_vs_SBRT	HALLMARK_PANCREAS_BETA_CELLS	MSigDB_Hallmark	exploratory	1.06426342357625	0.409368635437882	0.62609320714029	Gcg	1	40	4	Mutter_02
Thymic.preT.DN1	MBRT_vs_SBRT	HALLMARK_P53_PATHWAY	MSigDB_Hallmark	exploratory	-1.01341202224707	0.442105263157895	0.636474908200734	S100a4,Pcna,S100a10,Itgb4,Hdac3,Ier3,Rack1,Cd81,Rb1,Notch1,Tap1	11	199	38	Mutter_02
Thymic.preT.DN1	MBRT_vs_SBRT	HALLMARK_PI3K_AKT_MTOR_SIGNALING	MSigDB_Hallmark	exploratory	-0.990812409524422	0.465116279069768	0.636474908200734	Akt1,Sqstm1,Tnfrsf1a,Hsp90b1,Arf1,Rac1,Pfn1,Fasl	8	105	16	Mutter_02
Thymic.preT.DN1	MBRT_vs_SBRT	HALLMARK_WNT_BETA_CATENIN_SIGNALING	MSigDB_Hallmark	exploratory	-0.993080727512853	0.461409395973154	0.636474908200734	Rbpj,Ctnnb1,Myc,Notch1	4	42	15	Mutter_02
Thymic.preT.DN1	MBRT_vs_SBRT	TypeI_interferon	project	primary	-0.990230943102816	0.45985401459854	0.636474908200734	Oasl1,Ifitm3,Stat1,Oas2	4	19	7	Mutter_02
Thymic.preT.DN1	MBRT_vs_SBRT	HALLMARK_HEME_METABOLISM	MSigDB_Hallmark	exploratory	-0.915636228654309	0.556776556776557	0.742368742368742	Aqp3,Slc2a1,Nr3c1	3	194	6	Mutter_02
Thymic.preT.DN1	MBRT_vs_SBRT	HALLMARK_HEDGEHOG_SIGNALING	MSigDB_Hallmark	exploratory	-0.823332300384186	0.700587084148728	0.910763209393346	Vegfa,Hey1,Celsr1	3	36	4	Mutter_02
Thymic.preT.DN1	MBRT_vs_SBRT	HALLMARK_ADIPOGENESIS	MSigDB_Hallmark	exploratory	0.804038425494805	0.750656167979003	0.952051725241662	Angpt1,Cidea,Gpx3,Cd36,Lep	5	200	19	Mutter_02
Thymic.preT.DN1	MBRT_vs_SBRT	HALLMARK_DNA_REPAIR	MSigDB_Hallmark	exploratory	-0.745164148794894	0.792380952380952	0.958228128460687	Pcna,Nt5c3	2	150	5	Mutter_02
Thymic.preT.DN1	MBRT_vs_SBRT	HALLMARK_INTERFERON_GAMMA_RESPONSE	MSigDB_Hallmark	exploratory	-0.819867696751813	0.790087463556851	0.958228128460687	Nfkb1,Bst2,Casp3,Xcl1,Ifi27,H2-D1,Oas3,Nlrc5,Il4ra,Stat3,Jak2,Oasl1,Tnfsf10,B2m,Ifitm3,Tap1	16	205	64	Mutter_02
Thymic.preT.DN1	MBRT_vs_SBRT	HALLMARK_ALLOGRAFT_REJECTION	MSigDB_Hallmark	exploratory	-0.801273094899542	0.852459016393443	0.96031746031746	Gzmb,Akt1,Csk,Il10,Cd47,Eif5a,Il4ra,Tlr3,Il27ra,Fyb,Cxcr3,Ifngr2,Jak2,Itgb2,Cd3g,Fasl,Cd3d,B2m,Tap1,Tnf,Il11,Mmp9,Ifngr1,Stat1,Ptprc	25	201	99	Mutter_02
Thymic.preT.DN1	MBRT_vs_SBRT	HALLMARK_BILE_ACID_METABOLISM	MSigDB_Hallmark	exploratory	-0.664390850698507	0.886446886446887	0.96031746031746	Sod1	1	112	6	Mutter_02
Thymic.preT.DN1	MBRT_vs_SBRT	HALLMARK_INFLAMMATORY_RESPONSE	MSigDB_Hallmark	exploratory	-0.786132675331497	0.852413793103448	0.96031746031746	Nfkb1,Ifnar1,Ldlr,Bst2,Csf3,Sell,Il10,Il1r1,Il4ra,Tlr3,Myc,Axl,Ifngr2,Rela	14	201	85	Mutter_02
Thymic.preT.DN1	MBRT_vs_SBRT	HALLMARK_REACTIVE_OXYGEN_SPECIES_PATHWAY	MSigDB_Hallmark	exploratory	-0.656957975865728	0.870476190476191	0.96031746031746	Sod1,Fes	2	48	5	Mutter_02
Thymic.preT.DN1	MBRT_vs_SBRT	HALLMARK_TNFA_SIGNALING_VIA_NFKB	MSigDB_Hallmark	exploratory	0.854282508437062	0.815068493150685	0.96031746031746	Cdkn1a,Ptgs2,Cxcl2,Olr1,Ccrl2,Cd69,Tlr2,Ccl20,Csf2,Ptger4,Tnfaip6,Il6,Cd83,Dusp1,Cflar,Il12b,Bmp2	17	199	75	Mutter_02
Thymic.preT.DN1	MBRT_vs_SBRT	HALLMARK_COMPLEMENT	MSigDB_Hallmark	exploratory	-0.705631838783687	0.919642857142857	0.961144090663788	Gzmb,Clu,Casp3,Dusp6,Jak2,Pfn1,Fyn,Gata3	8	196	42	Mutter_02
Thymic.preT.DN1	MBRT_vs_SBRT	HALLMARK_UV_RESPONSE_UP	MSigDB_Hallmark	exploratory	0.642088287478677	0.92722371967655	0.961144090663788	Fgf18,Gpx3,Il6,Rxrb,Bmp2,H2-Q2	6	158	23	Mutter_02
Thymic.preT.DN1	MBRT_vs_SBRT	TypeII_interferon	project	primary	0.568178756047404	0.942660550458715	0.961144090663788	Cxcl9,H2-Aa,H2-Eb1,H2-Ab1,Cxcl10,Ciita,Cd74,Stat1	8	17	8	Mutter_02
Thymic.preT.DN1	MBRT_vs_SBRT	HALLMARK_APICAL_SURFACE	MSigDB_Hallmark	exploratory	0.519267394669351	0.983451536643026	0.983451536643026	Efna5,App	2	44	10	Mutter_02
Thymic.preT.DN1	SBRT_vs_Ctrl	HALLMARK_EPITHELIAL_MESENCHYMAL_TRANSITION	MSigDB_Hallmark	exploratory	1.88759983014374	0.000102419649573415	0.00532582177781757	Col1a1,Col1a2,Acta2,Col3a1,Col5a1,Lgals1,Col5a2,Col5a3,Col6a2,Serpinh1,Col4a1,Gadd45b,Col16a1,Col12a1,Tnfrsf12a,Areg,Itga2,Cd44	18	206	72	Mutter_02
Thymic.preT.DN1	SBRT_vs_Ctrl	HALLMARK_G2M_CHECKPOINT	MSigDB_Hallmark	exploratory	2.00903735847168	0.000332943954336407	0.00865654281274659	Ccnd1,Top2a,Mki67,Nusap1,Pttg1,Birc5,Abl1,Stmn1,Ube2c,Cenpf,Notch2	11	198	21	Mutter_02
Thymic.preT.DN1	SBRT_vs_Ctrl	HALLMARK_MITOTIC_SPINDLE	MSigDB_Hallmark	exploratory	1.92322989504102	0.00092873827274717	0.0160981300609509	Top2a,Nusap1,Gsn,Ezr,Birc5,Abl1,Cenpf,Notch2	8	199	11	Mutter_02
Thymic.preT.DN1	SBRT_vs_Ctrl	HALLMARK_UV_RESPONSE_DN	MSigDB_Hallmark	exploratory	1.76550401011331	0.00265649880774953	0.0345344845007438	Col1a1,Col1a2,Col3a1,Ldlr,Nfkb1,Col5a2,Anxa2,Ica1,Fyn,Adgrl2,Notch2,Rxra,Anxa4	13	144	31	Mutter_02
Thymic.preT.DN1	SBRT_vs_Ctrl	HALLMARK_APOPTOSIS	MSigDB_Hallmark	exploratory	1.62797003738214	0.00373292563815935	0.0388224266368572	Ccnd1,Krt18,Hmgb2,Lmna,Top2a,Ier3,Gsn,Ctnnb1,Clu,Gadd45b,Anxa1,Tnfrsf12a,Cd44,Fasl,Gpx1,Il1b	16	160	62	Mutter_02
Thymic.preT.DN1	SBRT_vs_Ctrl	HALLMARK_CHOLESTEROL_HOMEOSTASIS	MSigDB_Hallmark	exploratory	1.82077444785419	0.00700821998530782	0.0520610627480009	Ldlr,Ctnnb1,Clu,Tnfrsf12a,Cd9	5	75	13	Mutter_02
Thymic.preT.DN1	SBRT_vs_Ctrl	HALLMARK_E2F_TARGETS	MSigDB_Hallmark	exploratory	1.74451666442534	0.00653367427676995	0.0520610627480009	Hmgb2,Top2a,Mki67,Pttg1,Pcna,Birc5,Dnmt1,Stmn1	8	200	18	Mutter_02
Thymic.preT.DN1	SBRT_vs_Ctrl	HALLMARK_ESTROGEN_RESPONSE_EARLY	MSigDB_Hallmark	exploratory	1.61974825910677	0.0114276780446105	0.0660265842577498	Krt8,Ccnd1,Krt18,Xbp1,Krt19,Areg,Cd44	7	200	30	Mutter_02
Thymic.preT.DN1	SBRT_vs_Ctrl	HALLMARK_ESTROGEN_RESPONSE_LATE	MSigDB_Hallmark	exploratory	1.65238178359159	0.0106077443865722	0.0660265842577498	Ccnd1,Xbp1,Krt19,Top2a,Cdh1,Cxcl14,Areg,Cd44,S100a9,Cd9	10	206	33	Mutter_02
Thymic.preT.DN1	SBRT_vs_Ctrl	TypeII_interferon	project	primary	-1.67296825831644	0.0177955261327891	0.0925367358905033	Cxcl9,Ciita,H2-Aa,H2-Ab1,H2-Eb1	5	17	8	Mutter_02
Thymic.preT.DN1	SBRT_vs_Ctrl	HALLMARK_COAGULATION	MSigDB_Hallmark	exploratory	1.6058076729014	0.0285762779862933	0.135087859571568	Gsn,Clu,Anxa1,Itga2,Pdgfb,Fyn,Cd9,Dusp6,Rac1,Mmp14,Mmp9,C1qa,Timp1,Pecam1	14	139	26	Mutter_02
Thymic.preT.DN1	SBRT_vs_Ctrl	HALLMARK_ANDROGEN_RESPONSE	MSigDB_Hallmark	exploratory	1.53805508631861	0.0384607213193449	0.166663125717161	Krt8,Ccnd1,Krt19,Akt1	4	112	17	Mutter_02
Thymic.preT.DN1	SBRT_vs_Ctrl	HALLMARK_FATTY_ACID_METABOLISM	MSigDB_Hallmark	exploratory	1.46360433430883	0.0701107011070111	0.226950354609929	S100a10,Lgals1,Ldha,Mif,Hsp90aa1	5	157	10	Mutter_02
Thymic.preT.DN1	SBRT_vs_Ctrl	HALLMARK_GLYCOLYSIS	MSigDB_Hallmark	exploratory	1.4759853679745	0.0638297872340426	0.226950354609929	Col5a1,Ldha,Ier3,Cd44,Ppia,Stmn1,Mif	7	200	18	Mutter_02
Thymic.preT.DN1	SBRT_vs_Ctrl	HALLMARK_INTERFERON_GAMMA_RESPONSE	MSigDB_Hallmark	exploratory	-1.32937411377438	0.0784955281392106	0.226950354609929	Cdkn1a,Cxcl9,Ptgs2,Ciita,Ifi44l,Klrk1,H2-Aa,Irf4,Tnfaip6,Ifitm2,Cd69,Ido1	12	205	64	Mutter_02
Thymic.preT.DN1	SBRT_vs_Ctrl	HALLMARK_MYOGENESIS	MSigDB_Hallmark	exploratory	1.3566832697365	0.0785597381342062	0.226950354609929	Col1a1,Col3a1,Col6a2,Gsn,Clu,Gadd45b,Apod,Itgb1,Myl7	9	201	37	Mutter_02
Thymic.preT.DN1	SBRT_vs_Ctrl	HALLMARK_PROTEIN_SECRETION	MSigDB_Hallmark	exploratory	1.47610463264292	0.0745454545454545	0.226950354609929	Krt18,Ica1,Arf1,Igf2r,Dst,Cd63	6	96	9	Mutter_02
Thymic.preT.DN1	SBRT_vs_Ctrl	HALLMARK_UNFOLDED_PROTEIN_RESPONSE	MSigDB_Hallmark	exploratory	1.49132797828065	0.0571955719557196	0.226950354609929	Xbp1,Ccl2,Bag3	3	113	6	Mutter_02
Thymic.preT.DN1	SBRT_vs_Ctrl	HALLMARK_IL2_STAT5_SIGNALING	MSigDB_Hallmark	exploratory	1.29506817746354	0.10377358490566	0.284011916583913	Il4ra,Xbp1,Col6a1,Gadd45b,Il10,Ahr,Cd44,Icos,Cd48,Spry4,Cd81,Itga6,Il3ra,Sell,Anxa4,Alcam,Il1r2,Etv4,Igf2r	19	199	58	Mutter_02
Thymic.preT.DN1	SBRT_vs_Ctrl	HALLMARK_ANGIOGENESIS	MSigDB_Hallmark	exploratory	1.32064868915318	0.121693121693122	0.296429642964296	S100a4,Col3a1,Col5a2	3	36	19	Mutter_02
Thymic.preT.DN1	SBRT_vs_Ctrl	HALLMARK_APICAL_JUNCTION	MSigDB_Hallmark	exploratory	1.27498015587377	0.125412541254125	0.296429642964296	Col16a1,Cdh1,Itga2,Itgb1,Syk,Fyb,Pfn1,Src,Itga3,Itga9,Mmp9,Cd34,Ptprc,Cldn4,Itgb4,Pecam1	16	199	38	Mutter_02
Thymic.preT.DN1	SBRT_vs_Ctrl	HALLMARK_MYC_TARGETS_V1	MSigDB_Hallmark	exploratory	1.39250469382154	0.118181818181818	0.296429642964296	Ldha,Pcna,Ppia,Ptges3	4	201	9	Mutter_02
Thymic.preT.DN1	SBRT_vs_Ctrl	HALLMARK_KRAS_SIGNALING_DN	MSigDB_Hallmark	exploratory	-1.26151714736654	0.173423423423423	0.382105943152455	Ifi44l,Krt1,Fgfr3,Cd80	4	202	15	Mutter_02
Thymic.preT.DN1	SBRT_vs_Ctrl	HALLMARK_OXIDATIVE_PHOSPHORYLATION	MSigDB_Hallmark	exploratory	1.29389258862436	0.176356589147287	0.382105943152455	Ldha,Glud1	2	199	4	Mutter_02
Thymic.preT.DN1	SBRT_vs_Ctrl	DNA_Damage_Repair	project	primary	-1.27057808624592	0.184782608695652	0.384347826086957	Cdkn1a,Ddit3,Bax	3	18	10	Mutter_02
Thymic.preT.DN1	SBRT_vs_Ctrl	HALLMARK_MTORC1_SIGNALING	MSigDB_Hallmark	exploratory	1.22962987838035	0.219378427787934	0.422506601665651	Xbp1,Ldlr,Ldha,Serpinh1,Ppia,Cd9	6	201	13	Mutter_02
Thymic.preT.DN1	SBRT_vs_Ctrl	HALLMARK_PANCREAS_BETA_CELLS	MSigDB_Hallmark	exploratory	-1.24353902467459	0.211934156378601	0.422506601665651	Gcg	1	40	4	Mutter_02
Thymic.preT.DN1	SBRT_vs_Ctrl	HALLMARK_COMPLEMENT	MSigDB_Hallmark	exploratory	1.16564365474324	0.234426229508197	0.43536299765808	Gzmb,Clu,Pdgfb,S100a9,Fyn,Dusp6,Calm1,Pfn1,C1qc,Src,Mmp14,Jak2,Cd40lg,C1qa,Timp1,Mmp12,Fcer1g,Casp3	18	196	42	Mutter_02
Thymic.preT.DN1	SBRT_vs_Ctrl	HALLMARK_PEROXISOME	MSigDB_Hallmark	exploratory	1.18022097905597	0.300387596899225	0.5386260358193	Top2a	1	102	4	Mutter_02
Thymic.preT.DN1	SBRT_vs_Ctrl	HALLMARK_APICAL_SURFACE	MSigDB_Hallmark	exploratory	-1.1147497458461	0.317391304347826	0.550144927536232	Efna5,Il2rb,Cx3cl1,Lyn,Hspb1	5	44	10	Mutter_02
Thymic.preT.DN1	SBRT_vs_Ctrl	HALLMARK_SPERMATOGENESIS	MSigDB_Hallmark	exploratory	-1.12000140921057	0.353684210526316	0.590229885057471	Ace	1	135	5	Mutter_02
Thymic.preT.DN1	SBRT_vs_Ctrl	HALLMARK_XENOBIOTIC_METABOLISM	MSigDB_Hallmark	exploratory	-1.06421451164172	0.363218390804598	0.590229885057471	Cd36,Esr1,Ptgds,Ddc,Ptges,Reg1,Fas,Hsd17b2,Igf1	9	203	19	Mutter_02
Thymic.preT.DN1	SBRT_vs_Ctrl	HALLMARK_TNFA_SIGNALING_VIA_NFKB	MSigDB_Hallmark	exploratory	1.05436562846473	0.375757575757576	0.592102846648301	Ccnd1,Ldlr,Nfkb1,Ier3,Stat5a,Ifih1,Gadd45b,Ccl2,Areg,Cd44,Il1b	11	199	75	Mutter_02
Thymic.preT.DN1	SBRT_vs_Ctrl	HALLMARK_HYPOXIA	MSigDB_Hallmark	exploratory	1.04406233074667	0.39607201309329	0.60575719649562	S100a4,Col5a1,Ldha,Ier3,Anxa2,Pdgfb,Rbpj,Bgn,Mif	9	200	39	Mutter_02
Thymic.preT.DN1	SBRT_vs_Ctrl	HALLMARK_NOTCH_SIGNALING	MSigDB_Hallmark	exploratory	1.03015021377527	0.425650557620818	0.632395114179501	Ccnd1,Notch2,Fzd7	3	32	12	Mutter_02
Thymic.preT.DN1	SBRT_vs_Ctrl	HALLMARK_ADIPOGENESIS	MSigDB_Hallmark	exploratory	-0.997258465023128	0.457471264367816	0.632514619883041	Cidea,Cd36,Gpx3,Angpt1,Fzd4	5	200	19	Mutter_02
Thymic.preT.DN1	SBRT_vs_Ctrl	HALLMARK_IL6_JAK_STAT3_SIGNALING	MSigDB_Hallmark	exploratory	-1.00631551650524	0.4453125	0.632514619883041	Cxcl9,Acvrl1,Pdgfc,Il2ra,Cd36,Il12rb1,Acvr1b	7	88	53	Mutter_02
Thymic.preT.DN1	SBRT_vs_Ctrl	HALLMARK_PI3K_AKT_MTOR_SIGNALING	MSigDB_Hallmark	exploratory	-0.985648870774616	0.462222222222222	0.632514619883041	Cdkn1a,Cxcr4,Ddit3	3	105	16	Mutter_02
Thymic.preT.DN1	SBRT_vs_Ctrl	HALLMARK_REACTIVE_OXYGEN_SPECIES_PATHWAY	MSigDB_Hallmark	exploratory	-0.913437232290864	0.572631578947368	0.763508771929824	Gpx3,Mpo,Junb	3	48	5	Mutter_02
Thymic.preT.DN1	SBRT_vs_Ctrl	HALLMARK_ALLOGRAFT_REJECTION	MSigDB_Hallmark	exploratory	-0.903124167210579	0.668730650154799	0.808697530419757	Cxcl9,H2-DMb1,Ets1,Cd28,Il2ra,H2-Aa,Il12rb1,H2-T23,Cd8b1,Krt1,Irf4,Tlr1,Prf1,Cd80,Ccl11,Cd8a,Fas,Ccr2,Tlr2,Il6,Il12b,Inhba,Cd40,H2-DMa,Acvr2a,Cd3e,Itgal,Icam1,Il2rb,Ltb,Itk,Ccl19,Icosl	33	201	99	Mutter_02
Thymic.preT.DN1	SBRT_vs_Ctrl	HALLMARK_HEDGEHOG_SIGNALING	MSigDB_Hallmark	exploratory	0.859085872718357	0.655038759689923	0.808697530419757	Hey1,Vegfa,Adgrg1,Celsr1	4	36	4	Mutter_02
Thymic.preT.DN1	SBRT_vs_Ctrl	HALLMARK_P53_PATHWAY	MSigDB_Hallmark	exploratory	0.887983126152649	0.668316831683168	0.808697530419757	S100a4,S100a10,Ier3,Pcna,Hdac3	5	199	38	Mutter_02
Thymic.preT.DN1	SBRT_vs_Ctrl	HALLMARK_TGF_BETA_SIGNALING	MSigDB_Hallmark	exploratory	0.860148706036905	0.663082437275986	0.808697530419757	Ctnnb1,Cdh1,Hdac1	3	54	15	Mutter_02
Thymic.preT.DN1	SBRT_vs_Ctrl	HALLMARK_INTERFERON_ALPHA_RESPONSE	MSigDB_Hallmark	exploratory	0.855459761541543	0.689895470383275	0.815331010452962	Il4ra,Ifih1,Cd47,Sell,Bst2	5	100	23	Mutter_02
Thymic.preT.DN1	SBRT_vs_Ctrl	HALLMARK_DNA_REPAIR	MSigDB_Hallmark	exploratory	-0.77061476182763	0.781052631578947	0.846140350877193	Tyms,Npr2	2	150	5	Mutter_02
Thymic.preT.DN1	SBRT_vs_Ctrl	HALLMARK_INFLAMMATORY_RESPONSE	MSigDB_Hallmark	exploratory	0.835861025133835	0.75	0.846140350877193	Il4ra,Ldlr,Nfkb1,Ccl2,Tlr3,Ifnar1,Il10,Ahr,Il1b,Msr1,Axl,Cd48,Csf3,Sell,Mmp14,Bst2,Il1r1,Il18,Nlrp3	19	201	85	Mutter_02
Thymic.preT.DN1	SBRT_vs_Ctrl	HALLMARK_KRAS_SIGNALING_UP	MSigDB_Hallmark	exploratory	-0.853950174287856	0.760309278350515	0.846140350877193	Ptgs2,Cxcr4,Ets1,Ace,Cidea,Ccl20,Fgf9,Spp1,Igf2,Pdcd1lg2	10	203	49	Mutter_02
Thymic.preT.DN1	SBRT_vs_Ctrl	TypeI_interferon	project	primary	0.7628008468925	0.766037735849057	0.846140350877193	Ifitm1,Ifitm3,Ifit1,Mx1,Oas2,Stat1,Oasl1	7	19	7	Mutter_02
Thymic.preT.DN1	SBRT_vs_Ctrl	HALLMARK_UV_RESPONSE_UP	MSigDB_Hallmark	exploratory	-0.775409715023871	0.803738317757009	0.852946786191112	Fgf18,Gpx3,H2-Q1,H2-Q2	4	158	23	Mutter_02
Thymic.preT.DN1	SBRT_vs_Ctrl	HALLMARK_WNT_BETA_CATENIN_SIGNALING	MSigDB_Hallmark	exploratory	0.623554993742259	0.910394265232975	0.946810035842294	Ctnnb1,Rbpj,Hey1	3	42	15	Mutter_02
Thymic.preT.DN1	SBRT_vs_Ctrl	HALLMARK_BILE_ACID_METABOLISM	MSigDB_Hallmark	exploratory	0.413118417144604	0.996309963099631	0.996309963099631	Rxra,Ar,Gc,Sod1,Apoa1,Ttr	6	112	6	Mutter_02
Thymic.preT.DN1	SBRT_vs_Ctrl	HALLMARK_HEME_METABOLISM	MSigDB_Hallmark	exploratory	-0.459563060406147	0.995652173913044	0.996309963099631	Epor,Myl4	2	194	6	Mutter_02
a	MBRT_vs_Ctrl	HALLMARK_EPITHELIAL_MESENCHYMAL_TRANSITION	MSigDB_Hallmark	exploratory	1.71596379495988	0.00104396494141905	0.0271430884768952	Col3a1,Col12a1,Col5a2,Col1a1,Acta2,Col5a3,Col6a3,Bgn,Mfap5,Gadd45b,Itga5,Col5a1,Col1a2,Il15,Cd44,Cxcl3,Serpinh1,Col4a1,Wnt5a,Timp1,Col6a2	21	206	72	Mutter_02
a	MBRT_vs_Ctrl	HALLMARK_UV_RESPONSE_DN	MSigDB_Hallmark	exploratory	1.89433034054928	0.00061829912207698	0.0271430884768952	Col3a1,Col5a2,Col1a1,Fyn,Ldlr,Col1a2,Anxa2,Mapk14,Nfkb1,Igfbp5,Tgfbr2,Rxra,Notch2,Acvr2a	14	144	32	Mutter_02
a	MBRT_vs_Ctrl	HALLMARK_TNFA_SIGNALING_VIA_NFKB	MSigDB_Hallmark	exploratory	1.6443579654694	0.00447853402615801	0.0776279231200722	Il1b,Ccnd1,Tnfrsf9,Gadd45b,Ldlr,Nfkbia,Cd44,Cxcl3,Rigi,Gpr183,Stat5a,Cdkn1a,Jag1,Olr1,Ccl2,Ifih1,Nfkb1,Lif,Ccl5,Il18,Phlda2,Btg1,Il1a,Ifngr2,Ccl4,Ier3,Ccl20,Areg,Il15ra,Il6st,Ackr3,Csf2,Il7r,Cd83,Cxcl1,Tnf	36	199	76	Mutter_02
a	MBRT_vs_Ctrl	HALLMARK_ANGIOGENESIS	MSigDB_Hallmark	exploratory	1.67507251099552	0.0121945450955239	0.150092644251022	Col3a1,Col5a2,Pf4,Fgfr1,Jag1,Timp1,Olr1,Pdgfa	8	36	19	Mutter_02
a	MBRT_vs_Ctrl	HALLMARK_CHOLESTEROL_HOMEOSTASIS	MSigDB_Hallmark	exploratory	1.61754972337708	0.0202047790337914	0.150092644251022	Fabp5,Ldlr,Fasn,Jag1,Tnfrsf12a,Clu,Ctnnb1,Lgals3	8	75	13	Mutter_02
a	MBRT_vs_Ctrl	HALLMARK_HEME_METABOLISM	MSigDB_Hallmark	exploratory	-1.64644517391736	0.016280922446648	0.150092644251022	Ackr1	1	194	7	Mutter_02
a	MBRT_vs_Ctrl	HALLMARK_TGF_BETA_SIGNALING	MSigDB_Hallmark	exploratory	-1.69979516349217	0.0174885829267939	0.150092644251022	Tgfbr1,Junb,Thbs1,Acvr1,Bmp2,Hdac1,Apc,Bmpr2,Eng,Smad3	10	54	15	Mutter_02
a	MBRT_vs_Ctrl	HALLMARK_G2M_CHECKPOINT	MSigDB_Hallmark	exploratory	1.53796249116096	0.0276889176835107	0.179977964942819	Mki67,Ccnd1,Cenpf,Top2a,Stmn1,Abl1,Nusap1,Mapk14,Pttg1,Notch2,Ube2c,Hif1a	12	198	23	Mutter_02
a	MBRT_vs_Ctrl	HALLMARK_MITOTIC_SPINDLE	MSigDB_Hallmark	exploratory	1.5551553900404	0.0413825095774642	0.239098944225349	Cenpf,Top2a,Abl1,Nusap1	4	199	11	Mutter_02
a	MBRT_vs_Ctrl	HALLMARK_SPERMATOGENESIS	MSigDB_Hallmark	exploratory	-1.50247022596981	0.0579150579150579	0.301158301158301	Cdkn3,Ace	2	135	6	Mutter_02
a	MBRT_vs_Ctrl	HALLMARK_ESTROGEN_RESPONSE_LATE	MSigDB_Hallmark	exploratory	1.32042155194063	0.0878136200716846	0.3805256869773	S100a9,Ccnd1,Fabp5,Top2a,Cd44,Pgr,Krt19,Sfn,Celsr2,Cav1,Krt13,Cdh1,Areg,Ltf,Il6st	15	206	35	Mutter_02
a	MBRT_vs_Ctrl	HALLMARK_INFLAMMATORY_RESPONSE	MSigDB_Hallmark	exploratory	1.29289487764918	0.0862944162436548	0.3805256869773	Il1b,Il4ra,Tnfrsf9,Itga5,Ldlr,Msr1,Nfkbia,Il15,Il10,Gpr183,Axl,Cdkn1a,Timp1,Cd48,Nod2,Tlr3,Olr1,Ccl2,Lamp3,Nfkb1,Lif,Ccl5,Ffar2,Cd55,Il18,Acvr2a,Il1a,Ifitm1,Hif1a,Nlrp3	30	201	86	Mutter_02
a	MBRT_vs_Ctrl	HALLMARK_APICAL_SURFACE	MSigDB_Hallmark	exploratory	-1.32479731260808	0.160469667318982	0.503419972640219	Gata3,Il2rb,Efna5,Il2rg	4	44	10	Mutter_02
a	MBRT_vs_Ctrl	HALLMARK_COAGULATION	MSigDB_Hallmark	exploratory	-1.25906108112248	0.153846153846154	0.503419972640219	Cfd,Mmp7,Pecam1,Fn1,Dpp4,Fgg,Thbs1,Mmp2	8	139	28	Mutter_02
a	MBRT_vs_Ctrl	HALLMARK_COMPLEMENT	MSigDB_Hallmark	exploratory	1.25765643713267	0.139784946236559	0.503419972640219	Pdgfb,S100a9,Mmp12,Gzmb,Fyn,Cxcl3,Pfn1,Timp1,Olr1,Ccl5,Cd55,Calm1,Gzma,Calm3	14	196	42	Mutter_02
a	MBRT_vs_Ctrl	HALLMARK_HYPOXIA	MSigDB_Hallmark	exploratory	1.21731406588605	0.164579606440072	0.503419972640219	Pdgfb,Bgn,Ldha,Col5a1,Anxa2,Cdkn1a,Btg1,S100a4,Vhl,Cav1,Ier3,Mt2,Ackr3,Slc2a1,Mif,Ndrg1,Egfr	17	200	39	Mutter_02
a	MBRT_vs_Ctrl	HALLMARK_NOTCH_SIGNALING	MSigDB_Hallmark	exploratory	1.36037126147629	0.145956607495069	0.503419972640219	Notch3,Ccnd1,Wnt5a,Jag1	4	32	12	Mutter_02
a	MBRT_vs_Ctrl	HALLMARK_INTERFERON_GAMMA_RESPONSE	MSigDB_Hallmark	exploratory	-1.18055285037612	0.206349206349206	0.536507936507937	Ifitm2,Fpr1,Xcl1,Ifi27,Cd38,Fas,Cd40,Cd69,Tnfsf10,Ciita,H2-D1,Irf4,H2-DMa,Casp3,Cmklr1	15	205	65	Mutter_02
a	MBRT_vs_Ctrl	HALLMARK_MTORC1_SIGNALING	MSigDB_Hallmark	exploratory	1.24459138814659	0.20040899795501	0.536507936507937	Ldha,Ldlr,Serpinh1,Cdkn1a,Igfbp5	5	201	14	Mutter_02
a	MBRT_vs_Ctrl	HALLMARK_UV_RESPONSE_UP	MSigDB_Hallmark	exploratory	-1.26458884523553	0.186335403726708	0.536507936507937	Junb,Rxrb,Fgf18,Bmp2,Casp3,H2-Q1,Gpx3,Icam1,H2-M3,Bid	10	158	24	Mutter_02
a	MBRT_vs_Ctrl	HALLMARK_E2F_TARGETS	MSigDB_Hallmark	exploratory	1.1916479847311	0.221797323135755	0.549212419193299	Mki67,Top2a,Stmn1,Cdkn1a,Dnmt1,Hmgb2,Pttg1,Pcna	8	200	20	Mutter_02
a	MBRT_vs_Ctrl	HALLMARK_ESTROGEN_RESPONSE_EARLY	MSigDB_Hallmark	exploratory	1.152612500344	0.254448398576512	0.551304863582444	Ccnd1,Fasn,Cd44,Ar,Krt18,Pgr,Krt19,Sfn,Celsr2,Krt8,Krt13,Areg,Il6st	13	200	33	Mutter_02
a	MBRT_vs_Ctrl	HALLMARK_FATTY_ACID_METABOLISM	MSigDB_Hallmark	exploratory	1.2230249203429	0.237623762376238	0.551304863582444	Ldha,Fasn,S100a10	3	157	11	Mutter_02
a	MBRT_vs_Ctrl	TypeII_interferon	project	primary	-1.19662131363835	0.244186046511628	0.551304863582444	Ciita,H2-Aa,H2-Eb1,H2-Ab1,Cxcl9,Cd74,Stat1	7	17	8	Mutter_02
a	MBRT_vs_Ctrl	HALLMARK_KRAS_SIGNALING_DN	MSigDB_Hallmark	exploratory	-1.1118245863186	0.30379746835443	0.631898734177215	Krt15,Tgfb2,Fgfr3,Ifi44l,Egf,Cpb1,Cntfr,Selenop	8	202	19	Mutter_02
a	MBRT_vs_Ctrl	HALLMARK_ALLOGRAFT_REJECTION	MSigDB_Hallmark	exploratory	1.02980702296099	0.38974358974359	0.723809523809524	Pf4,Il1b,Cd4,Srgn,Il4ra,Gzmb,Fasl,Cxcr3,Il15,Il10,Mmp9,Timp1,Tlr3,Ccl2,Csk,Cd3d,Fyb,Lif,Ccl5,Il18,Ncr1,Ccl11,Ccr5,Gzma,Acvr2a,Il7,Hif1a,Nlrp3,Ifngr2,Ccl4,Akt1,Ptprc	32	201	102	Mutter_02
a	MBRT_vs_Ctrl	HALLMARK_PI3K_AKT_MTOR_SIGNALING	MSigDB_Hallmark	exploratory	1.06319376660534	0.369565217391304	0.723809523809524	Fasl,Pfn1,Cdkn1a,Sfn,Rac1,Akt1,Slc2a1,Egfr,Tnfrsf1a	9	105	16	Mutter_02
a	MBRT_vs_Ctrl	HALLMARK_UNFOLDED_PROTEIN_RESPONSE	MSigDB_Hallmark	exploratory	1.09069983021362	0.382231404958678	0.723809523809524	Ccl2,Bag3,Vegfa,Atf3	4	113	6	Mutter_02
a	MBRT_vs_Ctrl	HALLMARK_KRAS_SIGNALING_UP	MSigDB_Hallmark	exploratory	-0.999868150549543	0.446666666666667	0.774222222222222	Pecam1,Ace,Tnfrsf1b,Slpi,Itgb2,Pigr,Spry2,Sparcl1,Adgra2,Bmp2,Cmklr1,Inhba,Sox9,Pdcd1lg2,Igfbp3,Il2rg,Eng,Spp1,Cd37,Csf2ra	20	203	49	Mutter_02
a	MBRT_vs_Ctrl	HALLMARK_REACTIVE_OXYGEN_SPECIES_PATHWAY	MSigDB_Hallmark	exploratory	-1.04251687484431	0.440776699029126	0.774222222222222	Sod1,Junb	2	48	5	Mutter_02
a	MBRT_vs_Ctrl	HALLMARK_ADIPOGENESIS	MSigDB_Hallmark	exploratory	-0.949524064702006	0.5	0.801436931456052	Sod1,Sparcl1,Adipoq,Angpt1,Ifngr1,Gpx3,Cd36,Vegfb,Fzd4	9	200	19	Mutter_02
a	MBRT_vs_Ctrl	HALLMARK_PANCREAS_BETA_CELLS	MSigDB_Hallmark	exploratory	-0.965743466833515	0.508604206500956	0.801436931456052	Dpp4,Gcg	2	40	4	Mutter_02
a	MBRT_vs_Ctrl	HALLMARK_PEROXISOME	MSigDB_Hallmark	exploratory	-0.964583780114886	0.508604206500956	0.801436931456052	Sod1,Ttr	2	102	4	Mutter_02
a	MBRT_vs_Ctrl	HALLMARK_APOPTOSIS	MSigDB_Hallmark	exploratory	0.866457200026998	0.720070422535211	0.823403113258186	Il1b,Ccnd1,Hgf,Bgn,Top2a,Gadd45b,Fasl,Cd44,Cdkn1a,Timp1,Hmgb2,Krt18,Tnfrsf12a,Lmna,Il18	15	160	64	Mutter_02
a	MBRT_vs_Ctrl	HALLMARK_BILE_ACID_METABOLISM	MSigDB_Hallmark	exploratory	-0.865606092220669	0.629343629343629	0.823403113258186	Sod1,Ttr	2	112	6	Mutter_02
a	MBRT_vs_Ctrl	HALLMARK_GLYCOLYSIS	MSigDB_Hallmark	exploratory	0.935483013554688	0.570057581573896	0.823403113258186	Ldha,Stmn1,Col5a1,Cd44	4	200	18	Mutter_02
a	MBRT_vs_Ctrl	HALLMARK_HEDGEHOG_SIGNALING	MSigDB_Hallmark	exploratory	0.80047977678723	0.704312114989733	0.823403113258186	Adgrg1,Hey1	2	36	5	Mutter_02
a	MBRT_vs_Ctrl	HALLMARK_IL2_STAT5_SIGNALING	MSigDB_Hallmark	exploratory	0.925929950256518	0.597517730496454	0.823403113258186	Spry4,Il4ra,Tnfrsf9,Gadd45b,Cd44,Il10,Il3ra,Cd48,Ctla4,Lif,Col6a1,Cst7,Cd81,Itga6,Eomes	15	199	58	Mutter_02
a	MBRT_vs_Ctrl	HALLMARK_IL6_JAK_STAT3_SIGNALING	MSigDB_Hallmark	exploratory	-0.857402583763095	0.72108843537415	0.823403113258186	Acvr1b,Il12rb1,Cd38,Tnfrsf1b,Acvrl1,Fas,Osmr,Pdgfc,Tyk2,Il2ra,Il13ra1,Il18r1,Il17ra,Ifngr1,Il2rg,Cd36,Csf2ra,Tnfrsf21,Cntfr,Ltbr,Stat3,Il1r2,Tlr2,Ltb	24	88	56	Mutter_02
a	MBRT_vs_Ctrl	HALLMARK_INTERFERON_ALPHA_RESPONSE	MSigDB_Hallmark	exploratory	-0.806188728196915	0.728395061728395	0.823403113258186	Ifitm2,Ifi27	2	100	23	Mutter_02
a	MBRT_vs_Ctrl	HALLMARK_MYC_TARGETS_V1	MSigDB_Hallmark	exploratory	0.906720476661893	0.557114228456914	0.823403113258186	Ldha,Pcna,Ppia,Myc,Ptges3	5	201	9	Mutter_02
a	MBRT_vs_Ctrl	HALLMARK_MYOGENESIS	MSigDB_Hallmark	exploratory	0.893464517334618	0.651162790697675	0.823403113258186	Col3a1,Col1a1,Col6a3,Gadd45b,Myl7,Cdkn1a,Col6a2,Apod	8	201	39	Mutter_02
a	MBRT_vs_Ctrl	HALLMARK_P53_PATHWAY	MSigDB_Hallmark	exploratory	0.867859388606776	0.697674418604651	0.823403113258186	Serpinb5,Hdac3,S100a10,Cdkn1a,Pdgfa,Lif,Rxra,Sfn,Pcna,Cd81,Btg1,S100a4,Il1a	13	199	39	Mutter_02
a	MBRT_vs_Ctrl	HALLMARK_PROTEIN_SECRETION	MSigDB_Hallmark	exploratory	-0.816863584497474	0.703777335984095	0.823403113258186	Sod1	1	96	9	Mutter_02
a	MBRT_vs_Ctrl	HALLMARK_XENOBIOTIC_METABOLISM	MSigDB_Hallmark	exploratory	-0.888048932199962	0.607515657620042	0.823403113258186	Esr1,Fas,Ptgds,Tgfb2,Hsd17b2,Ptges	6	203	20	Mutter_02
a	MBRT_vs_Ctrl	TypeI_interferon	project	primary	0.910429570230098	0.565040650406504	0.823403113258186	Ifit1,Ifitm1	2	19	7	Mutter_02
a	MBRT_vs_Ctrl	HALLMARK_OXIDATIVE_PHOSPHORYLATION	MSigDB_Hallmark	exploratory	0.747312946479212	0.772442588726514	0.854617332208058	Ldha	1	199	4	Mutter_02
a	MBRT_vs_Ctrl	DNA_Damage_Repair	project	primary	0.731805856996095	0.826883910386965	0.895790902919213	Gadd45b,Cdkn1a	2	18	10	Mutter_02
a	MBRT_vs_Ctrl	HALLMARK_ANDROGEN_RESPONSE	MSigDB_Hallmark	exploratory	0.547677961308268	0.976653696498054	0.982300884955752	Ccnd1,Krt19,Azgp1,Krt8,Akt1	5	112	17	Mutter_02
a	MBRT_vs_Ctrl	HALLMARK_APICAL_JUNCTION	MSigDB_Hallmark	exploratory	-0.549392244990299	0.982300884955752	0.982300884955752	Icam2,Pecam1,Mmp2,Actg2,Ptk2	5	199	38	Mutter_02
a	MBRT_vs_Ctrl	HALLMARK_DNA_REPAIR	MSigDB_Hallmark	exploratory	0.494937278136669	0.981519507186858	0.982300884955752	Pcna,Trp53,Nt5c3,Tyms,Npr2	5	150	5	Mutter_02
a	MBRT_vs_Ctrl	HALLMARK_WNT_BETA_CATENIN_SIGNALING	MSigDB_Hallmark	exploratory	-0.594415703552648	0.952848722986248	0.982300884955752	Notch1,Fzd8	2	42	15	Mutter_02
a	MBRT_vs_SBRT	HALLMARK_KRAS_SIGNALING_UP	MSigDB_Hallmark	exploratory	1.75199510678313	0.00207600493884125	0.0539761284098726	Cxcr4,Ptgs2,Fgf9,Cmklr1,Csf2,Il33,Il1b,Cidea,Bmp2,Lif,Il2rg,Il7r,Il10ra,Gpnmb,Inhba,Fcer1g,Tnfrsf1b,Adgrl4,Adgra2,Ccl20,Spry2,Pdcd1lg2	22	203	49	Mutter_02
a	MBRT_vs_SBRT	HALLMARK_UV_RESPONSE_DN	MSigDB_Hallmark	exploratory	-1.82455067404899	0.00156273115308196	0.0539761284098726	Ldlr,Adgrl2,Ica1,Nfkb1,Col1a2,Col1a1,Fyn,Tgfbr2,Anxa4,Rxra	10	144	32	Mutter_02
a	MBRT_vs_SBRT	HALLMARK_KRAS_SIGNALING_DN	MSigDB_Hallmark	exploratory	1.77718093995481	0.0042117284384686	0.0730032929334557	Krt4,Cntfr,Cd80,Krt13,Egf,Ifng	6	202	19	Mutter_02
a	MBRT_vs_SBRT	HALLMARK_EPITHELIAL_MESENCHYMAL_TRANSITION	MSigDB_Hallmark	exploratory	-1.49860430031681	0.00980266181527832	0.0739215232524698	Col6a2,Acta2,Col4a2,Col5a3,Col1a2,Col1a1,Col16a1,Lgals1,Igfbp3,Dst,Col5a1,Vegfa,Gadd45b,Emp3,Col4a1,Tpm1,Areg,Col12a1,Tnfrsf12a,Mfap5,Jun	21	206	72	Mutter_02
a	MBRT_vs_SBRT	HALLMARK_IL6_JAK_STAT3_SIGNALING	MSigDB_Hallmark	exploratory	1.58979418766124	0.00681144601127218	0.0739215232524698	Cntfr,Reg1,Csf2,Acvrl1,Csf3r,Il1b,Acvr1b,Cd36,Il2ra,Il17rb,Fas,Tnfrsf21,Il12rb1,Pf4,Il2rg,Il13ra1,Ltb,Cd14	18	88	56	Mutter_02
a	MBRT_vs_SBRT	HALLMARK_MITOTIC_SPINDLE	MSigDB_Hallmark	exploratory	-1.70451328998663	0.00989846364597939	0.0739215232524698	Gsn,Top2a,Nusap1,Ezr,Dst,Plekhg2,Abl1	7	199	11	Mutter_02
a	MBRT_vs_SBRT	HALLMARK_PROTEIN_SECRETION	MSigDB_Hallmark	exploratory	-1.75511990383503	0.00995097428398631	0.0739215232524698	Ica1,Krt18,Sod1,Dst	4	96	9	Mutter_02
a	MBRT_vs_SBRT	HALLMARK_APOPTOSIS	MSigDB_Hallmark	exploratory	-1.54885940431622	0.0163976148354443	0.106584496430388	Gsn,Hmgb2,Top2a,Casp3,Krt18,Clu,Lmna,Ccnd1,Sod1,Ier3,Rela,Cd2,Gpx1,Gadd45b,Ifngr1,Tnfrsf12a,Ctnnb1,Sqstm1,Jun,Fasl,Anxa1,Dcn,Ifitm3,Igf2r,Cd44,Brca1,Erbb3	27	160	64	Mutter_02
a	MBRT_vs_SBRT	HALLMARK_E2F_TARGETS	MSigDB_Hallmark	exploratory	-1.61224271195514	0.0225674020324062	0.117350490568512	Hmgb2,Top2a,Mki67,Stmn1,Dnmt1,Pcna,Mlh1,Pttg1,Trp53,Brca1,Birc5,Tubb5,Chek1,Ezh2	14	200	20	Mutter_02
a	MBRT_vs_SBRT	HALLMARK_G2M_CHECKPOINT	MSigDB_Hallmark	exploratory	-1.56891850398305	0.0224254686862905	0.117350490568512	Top2a,Mki67,Nusap1,Stmn1,Ccnd1	5	198	23	Mutter_02
a	MBRT_vs_SBRT	HALLMARK_PEROXISOME	MSigDB_Hallmark	exploratory	-1.56130359695282	0.0305800693744844	0.144560327952108	Top2a,Sod1	2	102	4	Mutter_02
a	MBRT_vs_SBRT	HALLMARK_MYC_TARGETS_V1	MSigDB_Hallmark	exploratory	-1.55370872067851	0.0395649564092718	0.171448144440178	Pcna,Ppia,Ldha,Ptges3	4	201	9	Mutter_02
a	MBRT_vs_SBRT	HALLMARK_ALLOGRAFT_REJECTION	MSigDB_Hallmark	exploratory	1.36363125853359	0.0479704797047971	0.191881918819188	Cd80,Il2rb,Il1b,H2-Ob,Il2ra,Ccr2,Cd40,Fas,Inhbb,Stat4,Ifng,Lif,Il12rb1,Nlrp3,Pf4,Il2rg,Cd8b1,Ltb,Cd28,Icosl,Srgn,Itgal,Cd4,Tlr2,Ccl11,Cxcl9,Inhba,Ifnar2,Il2,Ptprc,Ncr1	31	201	102	Mutter_02
a	MBRT_vs_SBRT	HALLMARK_OXIDATIVE_PHOSPHORYLATION	MSigDB_Hallmark	exploratory	-1.48621251192941	0.0524109014675052	0.194669062593591	Glud1,Ldha,Atp5e	3	199	4	Mutter_02
a	MBRT_vs_SBRT	HALLMARK_MYOGENESIS	MSigDB_Hallmark	exploratory	-1.41141332864763	0.0637860082304527	0.221124828532236	Gsn,Col6a2,Col4a2,Clu,Col1a1,Itgb4,Igfbp3,Rb1	8	201	39	Mutter_02
a	MBRT_vs_SBRT	HALLMARK_CHOLESTEROL_HOMEOSTASIS	MSigDB_Hallmark	exploratory	-1.46433335485417	0.0843621399176955	0.27417695473251	Ldlr,Clu,Alcam,Cd9,Fasn,Tnfrsf12a,Ctnnb1	7	75	13	Mutter_02
a	MBRT_vs_SBRT	HALLMARK_INFLAMMATORY_RESPONSE	MSigDB_Hallmark	exploratory	1.27542650773131	0.0934065934065934	0.285714285714286	Cdkn1a,Cmklr1,Il2rb,Csf3r,Il1b,Acvr1b,Clec5a,Cd40,Msr1,Itga5,Lif,Il1a,Gpr183,Nlrp3,Cd69,Cd14,Il7r,Il10ra,Ccrl2,Icosl,Olr1,Ccr7,Itgb8,Tlr2,Cxcl9	25	201	86	Mutter_02
a	MBRT_vs_SBRT	HALLMARK_ANDROGEN_RESPONSE	MSigDB_Hallmark	exploratory	-1.37454267289917	0.112474437627812	0.291806958473625	Krt8,Krt19,Ccnd1,Akt1,Arid5b	5	112	17	Mutter_02
a	MBRT_vs_SBRT	HALLMARK_ESTROGEN_RESPONSE_EARLY	MSigDB_Hallmark	exploratory	-1.32396637017453	0.123456790123457	0.291806958473625	Krt8,Krt19,Krt18,Ptges,Ccnd1,Xbp1,Fasn,Areg,Jak2,Aqp3	10	200	33	Mutter_02
a	MBRT_vs_SBRT	HALLMARK_GLYCOLYSIS	MSigDB_Hallmark	exploratory	-1.35745118180586	0.105263157894737	0.291806958473625	Stmn1,Sod1,Ppia,Igfbp3,Ldha,Ier3,Col5a1,Vegfa	8	200	18	Mutter_02
a	MBRT_vs_SBRT	HALLMARK_INTERFERON_ALPHA_RESPONSE	MSigDB_Hallmark	exploratory	-1.31882276732877	0.117400419287212	0.291806958473625	Sell,Ifi27,Bst2,Cd47,Ifitm3,Il4ra,B2m,Ifitm2,Ifih1	9	100	23	Mutter_02
a	MBRT_vs_SBRT	HALLMARK_PANCREAS_BETA_CELLS	MSigDB_Hallmark	exploratory	1.36422081086376	0.119771863117871	0.291806958473625	Gcg	1	40	4	Mutter_02
a	MBRT_vs_SBRT	HALLMARK_TNFA_SIGNALING_VIA_NFKB	MSigDB_Hallmark	exploratory	1.20699341072522	0.149621212121212	0.338274044795784	Cdkn1a,Ptgs2,Cd80,Csf2,Cd83,Il1b,Ackr3,Cflar,Bmp2,Lif,Il1a,Gpr183,Cd69,Il7r,Ccrl2,Icosl,Olr1,Sat1,Tlr2	19	199	76	Mutter_02
a	MBRT_vs_SBRT	HALLMARK_BILE_ACID_METABOLISM	MSigDB_Hallmark	exploratory	-1.20628723174074	0.228144989339019	0.439390349838111	Sod1,Rxra,Gc,Ttr	4	112	6	Mutter_02
a	MBRT_vs_SBRT	HALLMARK_COAGULATION	MSigDB_Hallmark	exploratory	-1.16539775426443	0.223628691983122	0.439390349838111	Gsn,Clu,Fyn,Cd9,Dusp6,Anxa1,Rac1,Mmp2,Mmp14,Apoc1	10	139	28	Mutter_02
a	MBRT_vs_SBRT	HALLMARK_COMPLEMENT	MSigDB_Hallmark	exploratory	-1.16243036331393	0.219959266802444	0.439390349838111	Gzmb,Casp3,Col4a2,Clu,Gata3,Calm1,Fyn,Jak2,Dusp6,Dusp5,Pfn1,Lyn,Calm3	13	196	42	Mutter_02
a	MBRT_vs_SBRT	HALLMARK_UNFOLDED_PROTEIN_RESPONSE	MSigDB_Hallmark	exploratory	-1.23861408145089	0.20682302771855	0.439390349838111	Xbp1,Vegfa,Bag3,Hsp90b1	4	113	6	Mutter_02
a	MBRT_vs_SBRT	HALLMARK_APICAL_SURFACE	MSigDB_Hallmark	exploratory	1.16509837828214	0.273764258555133	0.458347735914276	Il2rb,Hspb1,Efna5,Il2rg	4	44	10	Mutter_02
a	MBRT_vs_SBRT	HALLMARK_FATTY_ACID_METABOLISM	MSigDB_Hallmark	exploratory	-1.13019128448685	0.287234042553192	0.458347735914276	Lgals1,S100a10,Ldha,Hsp90aa1,Fasn	5	157	11	Mutter_02
a	MBRT_vs_SBRT	HALLMARK_INTERFERON_GAMMA_RESPONSE	MSigDB_Hallmark	exploratory	1.10419754471077	0.290874524714829	0.458347735914276	Cdkn1a,Ptgs2,Cmklr1,Il2rb,Klrk1,Cd40,Fas	7	205	65	Mutter_02
a	MBRT_vs_SBRT	HALLMARK_PI3K_AKT_MTOR_SIGNALING	MSigDB_Hallmark	exploratory	1.15901534972501	0.284883720930233	0.458347735914276	Cdkn1a,Cxcr4,Il2rg,Smad2	4	105	16	Mutter_02
a	MBRT_vs_SBRT	HALLMARK_XENOBIOTIC_METABOLISM	MSigDB_Hallmark	exploratory	1.13819755277335	0.289772727272727	0.458347735914276	Reg1,Cd36,Apoe,Fas,Igf1,Hsd17b2,Crp,Ddc	8	203	20	Mutter_02
a	MBRT_vs_SBRT	TypeII_interferon	project	primary	1.20152019050212	0.249056603773585	0.458347735914276	Cxcl9,Ciita,H2-Ab1,H2-Eb1,H2-Aa,Cxcl10	6	17	8	Mutter_02
a	MBRT_vs_SBRT	HALLMARK_ESTROGEN_RESPONSE_LATE	MSigDB_Hallmark	exploratory	-1.08556565434286	0.300829875518672	0.460092750793263	Top2a,Krt19,Ptges,Cdh1,Ccnd1,Xbp1,Cd9,Areg,Jak2	9	206	35	Mutter_02
a	MBRT_vs_SBRT	HALLMARK_WNT_BETA_CATENIN_SIGNALING	MSigDB_Hallmark	exploratory	1.12416195629254	0.318982387475538	0.473916689963657	Tcf7,Hdac11,Fzd1	3	42	15	Mutter_02
a	MBRT_vs_SBRT	HALLMARK_APICAL_JUNCTION	MSigDB_Hallmark	exploratory	-1.02369752857557	0.407867494824017	0.589072681704261	Itga9,Cdh1,Col16a1,Itgb4,Cldn4,Itga3,Actg2,Pfn1,Icam1,Src,Cd276	11	199	38	Mutter_02
a	MBRT_vs_SBRT	HALLMARK_HEDGEHOG_SIGNALING	MSigDB_Hallmark	exploratory	1.04209830853735	0.43047619047619	0.589072681704261	Cntfr	1	36	5	Mutter_02
a	MBRT_vs_SBRT	HALLMARK_TGF_BETA_SIGNALING	MSigDB_Hallmark	exploratory	-1.0216413189347	0.429735234215886	0.589072681704261	Hdac1,Cdh1,Ifngr2	3	54	15	Mutter_02
a	MBRT_vs_SBRT	HALLMARK_MTORC1_SIGNALING	MSigDB_Hallmark	exploratory	1.00667637767086	0.457925636007828	0.595303326810176	Cdkn1a,Cxcr4	2	201	14	Mutter_02
a	MBRT_vs_SBRT	HALLMARK_NOTCH_SIGNALING	MSigDB_Hallmark	exploratory	-0.994184699700987	0.446764091858038	0.595303326810176	Ccnd1,Dll1,Fzd5,Jag1,Ppard,Wnt5a,Maml2,Fzd7,Notch2,Notch1	10	32	12	Mutter_02
a	MBRT_vs_SBRT	HALLMARK_ANGIOGENESIS	MSigDB_Hallmark	exploratory	0.972224947811554	0.503759398496241	0.600635989524878	Vcan,Tnfrsf21,Pf4,Olr1,Lum,Pdgfa	6	36	19	Mutter_02
a	MBRT_vs_SBRT	HALLMARK_HYPOXIA	MSigDB_Hallmark	exploratory	0.98041845722358	0.488372093023256	0.600635989524878	Cdkn1a,Cxcr4,Ackr3,Pgf	4	200	39	Mutter_02
a	MBRT_vs_SBRT	HALLMARK_IL2_STAT5_SIGNALING	MSigDB_Hallmark	exploratory	-0.970072277015636	0.488272921108742	0.600635989524878	Col6a1,Casp3,Alcam,Sell,Il3ra,Itga6,Xbp1,Spry4,Cd81,Anxa4,Gadd45b,Ifngr1	12	199	58	Mutter_02
a	MBRT_vs_SBRT	HALLMARK_P53_PATHWAY	MSigDB_Hallmark	exploratory	-0.964341917696401	0.508230452674897	0.600635989524878	S100a4,Hdac3,Pcna,Itgb4,S100a10,Rb1,Ier3,Btg1,Cd81,Rxra	10	199	39	Mutter_02
a	MBRT_vs_SBRT	DNA_Damage_Repair	project	primary	0.926917677379533	0.547528517110266	0.632699619771863	Cdkn1a	1	18	10	Mutter_02
a	MBRT_vs_SBRT	HALLMARK_SPERMATOGENESIS	MSigDB_Hallmark	exploratory	-0.857670700363101	0.654584221748401	0.739964772411236	Ezh2,Cdkn3,Il12rb2,Ace,Scg5,Mtor	6	135	6	Mutter_02
a	MBRT_vs_SBRT	HALLMARK_ADIPOGENESIS	MSigDB_Hallmark	exploratory	0.839884199389507	0.68796992481203	0.76115821468565	Cd36,Apoe,Cidea,Angpt1,Fzd4	5	200	19	Mutter_02
a	MBRT_vs_SBRT	HALLMARK_DNA_REPAIR	MSigDB_Hallmark	exploratory	-0.787586746317092	0.729559748427673	0.774226671800796	Pcna,Trp53	2	150	5	Mutter_02
a	MBRT_vs_SBRT	HALLMARK_UV_RESPONSE_UP	MSigDB_Hallmark	exploratory	-0.834156643109199	0.717573221757322	0.774226671800796	Casp3,Btg1,Aqp3,Sqstm1,Lyn,Icam1,Epcam,Junb	8	158	24	Mutter_02
a	MBRT_vs_SBRT	HALLMARK_HEME_METABOLISM	MSigDB_Hallmark	exploratory	0.708154637716534	0.822761194029851	0.855671641791045	Epor	1	194	7	Mutter_02
a	MBRT_vs_SBRT	HALLMARK_REACTIVE_OXYGEN_SPECIES_PATHWAY	MSigDB_Hallmark	exploratory	-0.624786654823677	0.90356394129979	0.921280881325276	Sod1	1	48	5	Mutter_02
a	MBRT_vs_SBRT	TypeI_interferon	project	primary	0.466494144648327	0.990671641791045	0.990671641791045	Mx1,Ifitm1,Oasl1,Oas2,Stat1,Ifit1,Ifitm3	7	19	7	Mutter_02
a	SBRT_vs_Ctrl	HALLMARK_EPITHELIAL_MESENCHYMAL_TRANSITION	MSigDB_Hallmark	exploratory	1.98413417180934	3.86933867819691e-05	0.00201205611266239	Acta2,Col1a1,Col5a3,Col6a2,Col3a1,Col12a1,Col1a2,Col5a1,Gadd45b,Mfap5,Col5a2,Lgals1,Col4a1,Col6a3,Cd44,Tnfrsf12a,Bgn,Serpinh1,Cxcl3,Areg,Col16a1,Wnt5a,Il15,Vegfa	24	206	72	Mutter_02
a	SBRT_vs_Ctrl	HALLMARK_KRAS_SIGNALING_UP	MSigDB_Hallmark	exploratory	-1.90754807633083	0.000190868500686431	0.00459665012721479	Cxcr4,Cmklr1,Ptgs2,Bmp2,Fgf9,Tnfrsf1b,Il2rg,Spry2,Itgb2,Csf2,Inhba,Adgra2,Il33,Sparcl1,Cidea,Pdcd1lg2,Pigr,Ace	18	203	49	Mutter_02
a	SBRT_vs_Ctrl	HALLMARK_UV_RESPONSE_DN	MSigDB_Hallmark	exploratory	1.96431154868847	0.000265191353493161	0.00459665012721479	Col1a1,Ldlr,Col3a1,Col1a2,Nfkb1,Fyn,Ica1,Col5a2,Adgrl2,Tgfbr2,Rxra,Anxa2,Anxa4,Notch2,Mapk14	15	144	32	Mutter_02
a	SBRT_vs_Ctrl	HALLMARK_CHOLESTEROL_HOMEOSTASIS	MSigDB_Hallmark	exploratory	1.82144163765033	0.00237587810455533	0.0308864153592193	Ldlr,Clu,Fasn,Tnfrsf12a,Jag1,Ctnnb1,Alcam	7	75	13	Mutter_02
a	SBRT_vs_Ctrl	HALLMARK_KRAS_SIGNALING_DN	MSigDB_Hallmark	exploratory	-1.80326744940782	0.0034573971138273	0.0359569299838039	Cntfr,Krt4,Cd80,Egf,Ifi44l,Krt13,Tgfb2,Ifng,Krt15	9	202	19	Mutter_02
a	SBRT_vs_Ctrl	HALLMARK_MITOTIC_SPINDLE	MSigDB_Hallmark	exploratory	1.77112843228641	0.00415925006288877	0.0360468338783694	Top2a,Gsn,Nusap1,Abl1,Cenpf,Ezr,Dst,Plekhg2,Notch2	9	199	11	Mutter_02
a	SBRT_vs_Ctrl	HALLMARK_E2F_TARGETS	MSigDB_Hallmark	exploratory	1.71184852655264	0.00603303271118693	0.04481681442596	Top2a,Mki67,Hmgb2,Stmn1,Dnmt1,Pcna,Pttg1,Trp53,Ezh2,Brca1,Chek1,Myc	12	200	20	Mutter_02
a	SBRT_vs_Ctrl	HALLMARK_G2M_CHECKPOINT	MSigDB_Hallmark	exploratory	1.67413045186209	0.0096337476438521	0.0626193596850386	Top2a,Mki67,Ccnd1,Nusap1,Stmn1,Abl1,Cenpf,Pttg1,Notch2,Mapk14,Ezh2,Ube2c,Chek1,Myc	14	198	23	Mutter_02
a	SBRT_vs_Ctrl	HALLMARK_IL6_JAK_STAT3_SIGNALING	MSigDB_Hallmark	exploratory	-1.56119174770602	0.011111269581881	0.0641984464730903	Acvr1b,Acvrl1,Cntfr,Il12rb1,Fas,Il2ra,Cd36,Tnfrsf1b,Csf3r,Il13ra1,Tnfrsf21,Il2rg,Csf2,Cd38,Pdgfc,Il17rb	16	88	56	Mutter_02
a	SBRT_vs_Ctrl	HALLMARK_INTERFERON_GAMMA_RESPONSE	MSigDB_Hallmark	exploratory	-1.53481201616159	0.0133115879976516	0.0692202575877884	Cmklr1,Il2rb,Cd40,Fas,Ptgs2,Cdkn1a,Fpr1,Cd69,Klrk1,Ciita,Ifi44l,Cd38,Ifitm2,H2-DMa,Cd274,Xcl1,Stat4,Irf4,Cxcl9,H2-M3,Ido1,Tnfsf10,H2-Aa,H2-Eb1	24	205	65	Mutter_02
a	SBRT_vs_Ctrl	HALLMARK_PROTEIN_SECRETION	MSigDB_Hallmark	exploratory	1.59759591842916	0.0244996493010865	0.115816523968773	Krt18,Ica1,Dst,Igf2r	4	96	9	Mutter_02
a	SBRT_vs_Ctrl	HALLMARK_MYC_TARGETS_V1	MSigDB_Hallmark	exploratory	1.58496298120417	0.0276889176835107	0.11998530996188	Ldha,Pcna,Ppia,Ptges3	4	201	9	Mutter_02
a	SBRT_vs_Ctrl	HALLMARK_MYOGENESIS	MSigDB_Hallmark	exploratory	1.48348459072279	0.0387904470858896	0.144078803461876	Gsn,Col1a1,Col6a2,Col3a1,Clu,Gadd45b,Myl7,Col6a3,Apod,Sorbs1	10	201	39	Mutter_02
a	SBRT_vs_Ctrl	TypeII_interferon	project	primary	-1.55972221047166	0.0380507553334507	0.144078803461876	Ciita,Cxcl9,H2-Aa,H2-Eb1,H2-Ab1	5	17	8	Mutter_02
a	SBRT_vs_Ctrl	HALLMARK_APICAL_SURFACE	MSigDB_Hallmark	exploratory	-1.47260735735075	0.065173116089613	0.211812627291242	Il2rb,Efna5,Il2rg,Hspb1	4	44	10	Mutter_02
a	SBRT_vs_Ctrl	HALLMARK_PEROXISOME	MSigDB_Hallmark	exploratory	1.46173218550454	0.0626262626262626	0.211812627291242	Top2a	1	102	4	Mutter_02
a	SBRT_vs_Ctrl	HALLMARK_ALLOGRAFT_REJECTION	MSigDB_Hallmark	exploratory	-1.25986551222921	0.0897755610972569	0.233416458852868	Il2rb,Il12rb1,H2-Ob,Cd40,Fas,Cd28,Cd80,Il2ra,Tlr1,Ccr2,Inhbb,Il2rg,Itgb2,Inhba,H2-DMa,Ltb,Stat4,H2-DMb1,Icosl,Tlr2,Irf4,Il12a,Tgfb2,Ifng,Cxcl9,H2-M3,Itgal,Cd3g,Fgr,Cd8b1,H2-Aa	31	201	102	Mutter_02
a	SBRT_vs_Ctrl	HALLMARK_APOPTOSIS	MSigDB_Hallmark	exploratory	1.2833918627138	0.086734693877551	0.233416458852868	Top2a,Gsn,Hmgb2,Ccnd1,Krt18,Lmna,Clu,Gadd45b,Fasl,Cd44,Tnfrsf12a,Bgn,Ier3	13	160	64	Mutter_02
a	SBRT_vs_Ctrl	HALLMARK_COMPLEMENT	MSigDB_Hallmark	exploratory	1.35943852644543	0.0780141843971631	0.233416458852868	Gzmb,Fyn,Clu,Calm1,Pdgfb,Pfn1,Cxcl3,Calm3,Casp3,Jak2,Cd55,Dusp6,Gata3,Lyn,Cxcl1,Dusp5	16	196	42	Mutter_02
a	SBRT_vs_Ctrl	HALLMARK_ESTROGEN_RESPONSE_EARLY	MSigDB_Hallmark	exploratory	1.38908882672822	0.0830324909747293	0.233416458852868	Ccnd1,Krt19,Krt18,Krt8,Fasn,Cd44,Areg,Celsr2,Jak2,Xbp1,Ptges,Aqp3,Ar,Sfn,Il6st,Myc	16	200	33	Mutter_02
a	SBRT_vs_Ctrl	HALLMARK_NOTCH_SIGNALING	MSigDB_Hallmark	exploratory	1.3557707975944	0.124015748031496	0.307086614173228	Ccnd1,Jag1,Wnt5a,Dll1,Notch2,Fzd5,Fzd7	7	32	12	Mutter_02
a	SBRT_vs_Ctrl	HALLMARK_GLYCOLYSIS	MSigDB_Hallmark	exploratory	1.33641317250706	0.135496183206107	0.31058410188845	Stmn1,Ldha,Col5a1,Ppia,Cd44,Ier3,Vegfa	7	200	18	Mutter_02
a	SBRT_vs_Ctrl	HALLMARK_UNFOLDED_PROTEIN_RESPONSE	MSigDB_Hallmark	exploratory	1.3429685797186	0.137373737373737	0.31058410188845	Vegfa,Xbp1,Bag3,Hsp90b1,Ccl2	5	113	6	Mutter_02
a	SBRT_vs_Ctrl	HALLMARK_ANGIOGENESIS	MSigDB_Hallmark	exploratory	1.27267945648146	0.186666666666667	0.373333333333333	Col3a1,S100a4,Col5a2,Jag1,Vegfa,Fgfr1	6	36	19	Mutter_02
a	SBRT_vs_Ctrl	HALLMARK_ESTROGEN_RESPONSE_LATE	MSigDB_Hallmark	exploratory	1.21598862731398	0.180357142857143	0.373333333333333	Top2a,Ccnd1,Krt19,Cdh1,Cd44,Areg,Celsr2,Jak2,Xbp1,Ptges,Cd9,Sfn,Il6st	13	206	35	Mutter_02
a	SBRT_vs_Ctrl	HALLMARK_FATTY_ACID_METABOLISM	MSigDB_Hallmark	exploratory	1.27941323792192	0.177734375	0.373333333333333	Ldha,S100a10,Fasn,Lgals1	4	157	11	Mutter_02
a	SBRT_vs_Ctrl	HALLMARK_ANDROGEN_RESPONSE	MSigDB_Hallmark	exploratory	1.1821331657644	0.243809523809524	0.42870699881376	Ccnd1,Krt19,Krt8,Akt1	4	112	17	Mutter_02
a	SBRT_vs_Ctrl	HALLMARK_HYPOXIA	MSigDB_Hallmark	exploratory	1.14738832727658	0.247330960854093	0.42870699881376	Ldha,S100a4,Col5a1,Pdgfb,Btg1,Bgn,Ier3,Vhl,Anxa2,Vegfa,Rbpj,Tgfb3	12	200	39	Mutter_02
a	SBRT_vs_Ctrl	HALLMARK_OXIDATIVE_PHOSPHORYLATION	MSigDB_Hallmark	exploratory	1.22860067927107	0.24040404040404	0.42870699881376	Ldha,Glud1	2	199	4	Mutter_02
a	SBRT_vs_Ctrl	HALLMARK_PANCREAS_BETA_CELLS	MSigDB_Hallmark	exploratory	-1.22441094640518	0.234251968503937	0.42870699881376	Gcg,Dpp4	2	40	4	Mutter_02
a	SBRT_vs_Ctrl	HALLMARK_ADIPOGENESIS	MSigDB_Hallmark	exploratory	-1.12131370808019	0.293501048218029	0.476939203354298	Cd36,Angpt1,Adipoq,Fzd4,Sparcl1,Gpx3,Cidea	7	200	19	Mutter_02
a	SBRT_vs_Ctrl	HALLMARK_IL2_STAT5_SIGNALING	MSigDB_Hallmark	exploratory	1.09601083993948	0.287671232876712	0.476939203354298	Col6a1,Spry4,Il3ra,Il4ra,Gadd45b,Itga6,Cd81,Sell,Cd44,Il10,Cd48,Tnfrsf9,Alcam,Casp3,Xbp1,Anxa4	16	199	58	Mutter_02
a	SBRT_vs_Ctrl	HALLMARK_TGF_BETA_SIGNALING	MSigDB_Hallmark	exploratory	-1.04340924324926	0.356846473029046	0.56230353325789	Apc,Bmp2,Tgfbr1,Thbs1,Acvr1,Smad3	6	54	15	Mutter_02
a	SBRT_vs_Ctrl	HALLMARK_TNFA_SIGNALING_VIA_NFKB	MSigDB_Hallmark	exploratory	1.04268673028475	0.374172185430464	0.572263342423062	Ldlr,Ccnd1,Nfkb1,Gadd45b,Stat5a,Ifngr2,Btg1,Cd44,Ier3,Cxcl3,Jag1,Areg,Ifih1,Vegfa,Phlda2,Tnfrsf9,Nfkbia	17	199	76	Mutter_02
a	SBRT_vs_Ctrl	HALLMARK_INFLAMMATORY_RESPONSE	MSigDB_Hallmark	exploratory	-1.00688526654608	0.419512195121951	0.61427441676552	Acvr1b,Cmklr1,Il2rb,Cd40,Cdkn1a,Fpr1,Clec5a,Cd69,Tnfrsf1b,Tlr1,Csf3r	11	201	86	Mutter_02
a	SBRT_vs_Ctrl	HALLMARK_P53_PATHWAY	MSigDB_Hallmark	exploratory	1.01386011312826	0.425266903914591	0.61427441676552	Hdac3,S100a10,S100a4,Pcna,Rxra,Btg1,Cd81,Ier3	8	199	39	Mutter_02
a	SBRT_vs_Ctrl	HALLMARK_BILE_ACID_METABOLISM	MSigDB_Hallmark	exploratory	1.01674515137668	0.446464646464646	0.627463827463827	Rxra,Gc,Ar	3	112	6	Mutter_02
a	SBRT_vs_Ctrl	HALLMARK_COAGULATION	MSigDB_Hallmark	exploratory	0.960218848754566	0.490942028985507	0.671815408085431	Gsn,Fyn,Clu,Pdgfb,Rac1,Anxa1,Dusp6,Cd9,Pf4	9	139	28	Mutter_02
a	SBRT_vs_Ctrl	HALLMARK_SPERMATOGENESIS	MSigDB_Hallmark	exploratory	-0.963887336669754	0.510848126232742	0.681130834976989	Cdkn3,Ace	2	135	6	Mutter_02
a	SBRT_vs_Ctrl	HALLMARK_XENOBIOTIC_METABOLISM	MSigDB_Hallmark	exploratory	-0.938206410350309	0.56687898089172	0.736942675159236	Fas,Cd36,Hsd17b2,Tgfb2,Esr1,Apoe,Reg1,Crp	8	203	20	Mutter_02
a	SBRT_vs_Ctrl	HALLMARK_HEME_METABOLISM	MSigDB_Hallmark	exploratory	-0.898403622822372	0.594758064516129	0.75432730133753	Ackr1,Epor	2	194	7	Mutter_02
a	SBRT_vs_Ctrl	HALLMARK_MTORC1_SIGNALING	MSigDB_Hallmark	exploratory	0.883777043999311	0.610567514677104	0.755940732457367	Ldlr,Ldha,Ppia,Serpinh1	4	201	14	Mutter_02
a	SBRT_vs_Ctrl	HALLMARK_HEDGEHOG_SIGNALING	MSigDB_Hallmark	exploratory	-0.868606387922906	0.644400785854617	0.779275368940467	Cntfr	1	36	5	Mutter_02
a	SBRT_vs_Ctrl	HALLMARK_INTERFERON_ALPHA_RESPONSE	MSigDB_Hallmark	exploratory	0.829612190394546	0.709497206703911	0.837821135340337	Il4ra,Sell,Ifih1,Il15	4	100	23	Mutter_02
a	SBRT_vs_Ctrl	HALLMARK_PI3K_AKT_MTOR_SIGNALING	MSigDB_Hallmark	exploratory	-0.796985563753032	0.754716981132076	0.837821135340337	Cxcr4,Cdkn1a,Il2rg	3	105	16	Mutter_02
a	SBRT_vs_Ctrl	HALLMARK_REACTIVE_OXYGEN_SPECIES_PATHWAY	MSigDB_Hallmark	exploratory	-0.792422500104989	0.738703339882122	0.837821135340337	Gpx3,Junb	2	48	5	Mutter_02
a	SBRT_vs_Ctrl	HALLMARK_WNT_BETA_CATENIN_SIGNALING	MSigDB_Hallmark	exploratory	-0.793537612590699	0.757261410788382	0.837821135340337	Hdac11,Tcf7,Fzd1	3	42	15	Mutter_02
a	SBRT_vs_Ctrl	HALLMARK_APICAL_JUNCTION	MSigDB_Hallmark	exploratory	0.743553531685119	0.871376811594203	0.915289079229122	Cdh1,Itga9,Pfn1,Col16a1,Itga3,Mapk14,Itgb4,Cldn4,Cd34,Vwf,Mmp9,Myl9	12	199	38	Mutter_02
a	SBRT_vs_Ctrl	HALLMARK_DNA_REPAIR	MSigDB_Hallmark	exploratory	0.692327698932046	0.860040567951318	0.915289079229122	Pcna,Trp53	2	150	5	Mutter_02
a	SBRT_vs_Ctrl	HALLMARK_UV_RESPONSE_UP	MSigDB_Hallmark	exploratory	-0.725405798976719	0.880085653104925	0.915289079229122	Bmp2,Rxrb,Fgf18,Gpx3,Bid,H2-M3	6	158	24	Mutter_02
a	SBRT_vs_Ctrl	DNA_Damage_Repair	project	primary	0.60532478317064	0.919765166340509	0.937799777445225	Gadd45b,Parp1,Brca1,Chek1	4	18	10	Mutter_02
a	SBRT_vs_Ctrl	TypeI_interferon	project	primary	0.583722436300648	0.942687747035573	0.942687747035573	Ifit1,Ifitm3,Ifitm1,Stat1,Oas2,Oasl1,Mx1	7	19	7	Mutter_02
b	MBRT_vs_Ctrl	HALLMARK_INTERFERON_GAMMA_RESPONSE	MSigDB_Hallmark	exploratory	-2.01466693154909	4.36385689807604e-05	0.00226920558699954	Ifitm2,Ciita,Tnfsf10,Il2rb,Casp3,Ifi27,Ifi44l,H2-DMa,H2-D1,Bst2,Ido1,Oas2,Irf4,Cd274,Cd38,Fpr1,Tnfaip6,Cxcl9,H2-M3,B2m,Fas,Ifitm3,Lgals3bp,H2-Aa,Tap1,Xcl1,Nlrc5,Jak2,Cd86,H2-Eb1,Vcam1,Stat1,Oas3,Stat3	34	205	65	Mutter_02
b	MBRT_vs_Ctrl	HALLMARK_UV_RESPONSE_UP	MSigDB_Hallmark	exploratory	-1.96035534484027	0.00157026821242372	0.0408269735230166	Casp3,Rxrb,Junb,Sqstm1,H2-Q1,Cxcl1,H2-M3,Bid,Fgf18,H2-Q2,Tap1,Lyn	12	158	24	Mutter_02
b	MBRT_vs_Ctrl	HALLMARK_APICAL_SURFACE	MSigDB_Hallmark	exploratory	-1.87523451811733	0.0031417728777701	0.0544573965480151	Il2rb,Ephb4,Efna5,Lyn,Gata3,Il2rg,Hspb1,Cx3cl1	8	44	10	Mutter_02
b	MBRT_vs_Ctrl	HALLMARK_TGF_BETA_SIGNALING	MSigDB_Hallmark	exploratory	-1.77012554907816	0.0108455398003115	0.140992017404049	Tgfbr1,Thbs1,Junb,Eng,Smad3,Acvr1,Hdac1,Apc	8	54	15	Mutter_02
b	MBRT_vs_Ctrl	TypeII_interferon	project	primary	-1.68452718442313	0.0198963151625112	0.206921677690117	Ciita,Cxcl9,H2-Aa,H2-Ab1,H2-Eb1,Stat1	6	17	8	Mutter_02
b	MBRT_vs_Ctrl	HALLMARK_ANGIOGENESIS	MSigDB_Hallmark	exploratory	1.49499918058666	0.0493601462522852	0.37823275862069	Col3a1,Fgfr1,Pf4,Col5a2,Olr1,Vcan,Jag1	7	36	19	Mutter_02
b	MBRT_vs_Ctrl	HALLMARK_REACTIVE_OXYGEN_SPECIES_PATHWAY	MSigDB_Hallmark	exploratory	-1.50647625845937	0.0581896551724138	0.37823275862069	Sod1,Junb	2	48	5	Mutter_02
b	MBRT_vs_Ctrl	HALLMARK_UV_RESPONSE_DN	MSigDB_Hallmark	exploratory	1.42408332611459	0.0512820512820513	0.37823275862069	Col3a1,Col1a1,Snai2,Col5a2,Rxra,Mapk14,Col1a2,Anxa2,Ldlr,Dusp1	10	144	32	Mutter_02
b	MBRT_vs_Ctrl	HALLMARK_INTERFERON_ALPHA_RESPONSE	MSigDB_Hallmark	exploratory	-1.44746530066493	0.0662393162393162	0.382716049382716	Ifitm2,Ifi27,Ifi44l,Bst2,Cd47,B2m,Ifitm3,Lgals3bp,Tap1	9	100	23	Mutter_02
b	MBRT_vs_Ctrl	HALLMARK_PEROXISOME	MSigDB_Hallmark	exploratory	-1.44979875852422	0.0793991416309013	0.412875536480687	Sod1,Ttr,Msh2	3	102	4	Mutter_02
b	MBRT_vs_Ctrl	HALLMARK_ADIPOGENESIS	MSigDB_Hallmark	exploratory	-1.412372924717	0.0901098901098901	0.425974025974026	Sod1,Ifngr1,Sparcl1,Adipoq,Vegfb,Pparg	6	200	19	Mutter_02
b	MBRT_vs_Ctrl	HALLMARK_TNFA_SIGNALING_VIA_NFKB	MSigDB_Hallmark	exploratory	1.25986198312051	0.114337568058076	0.49546279491833	Il1b,Csf1,Tnfsf9,Stat5a,Olr1,Nfkbia,Phlda2,Ccl20,Il18,Jag1,Gadd45b,Ldlr,Dusp2,Dusp1,Cdkn1a,Il15ra,Cd44,Nfkb1,Ccl5,Ccl2,Cd83,Cxcl5,Zfp36,Ccnd1,Ptger4,Ccl4,Cxcl2,Il1a,Cxcl3,Areg,Btg1	31	199	76	Mutter_02
b	MBRT_vs_Ctrl	HALLMARK_HEDGEHOG_SIGNALING	MSigDB_Hallmark	exploratory	1.35002600726316	0.144981412639405	0.579925650557621	Adgrg1,Hey1,Vegfa,Cntfr	4	36	5	Mutter_02
b	MBRT_vs_Ctrl	HALLMARK_APOPTOSIS	MSigDB_Hallmark	exploratory	-1.14365816566638	0.219354838709677	0.580399852814915	Sod1,Tnfsf10,Mmp2,Casp3,Bax,Sqstm1,Ifngr1,Cflar,Tgfb2,Erbb2,Cd38,Bid,Fas,Ifitm3,Tap1,Ptk2	16	160	64	Mutter_02
b	MBRT_vs_Ctrl	HALLMARK_BILE_ACID_METABOLISM	MSigDB_Hallmark	exploratory	-1.15983187605986	0.293868921775899	0.580399852814915	Sod1,Ttr	2	112	6	Mutter_02
b	MBRT_vs_Ctrl	HALLMARK_CHOLESTEROL_HOMEOSTASIS	MSigDB_Hallmark	exploratory	1.09791687608281	0.32703213610586	0.580399852814915	Fabp5,Jag1,Lgals3,Ldlr	4	75	13	Mutter_02
b	MBRT_vs_Ctrl	HALLMARK_COAGULATION	MSigDB_Hallmark	exploratory	-1.13887502366196	0.267241379310345	0.580399852814915	Mmp2,Pecam1,Fn1,Thbs1,Bmp1,Dpp4,Cfd,Mmp7	8	139	28	Mutter_02
b	MBRT_vs_Ctrl	HALLMARK_EPITHELIAL_MESENCHYMAL_TRANSITION	MSigDB_Hallmark	exploratory	1.06293980534218	0.334558823529412	0.580399852814915	Col3a1,Col1a1,Col5a3,Bgn,Acta2,Col6a3,Snai2,Col12a1,Col6a2,Col5a2,Wnt5a,Vcan,Col1a2,Gadd45b,Il15,Mfap5,Cd44,Cdh11,Tnfrsf11b,Cxcl12,Timp1,Col5a1,Cxcl5,Itga5,Cxcl2,Cxcl3,Areg,Vegfc,Serpinh1,Tgfb1	30	206	72	Mutter_02
b	MBRT_vs_Ctrl	HALLMARK_ESTROGEN_RESPONSE_LATE	MSigDB_Hallmark	exploratory	1.11026115642589	0.292418772563177	0.580399852814915	S100a9,Sfn,Celsr2,Fabp5,Pgr,Dusp2,Cdh1,Cd44,Cxcl12,Zfp36,Ccnd1,Areg,Top2a,Gper1,Agr2	15	206	35	Mutter_02
b	MBRT_vs_Ctrl	HALLMARK_GLYCOLYSIS	MSigDB_Hallmark	exploratory	-1.08901386145326	0.335497835497836	0.580399852814915	Sod1,Sox9,Met,Il13ra1,Igfbp3	5	200	18	Mutter_02
b	MBRT_vs_Ctrl	HALLMARK_HYPOXIA	MSigDB_Hallmark	exploratory	1.10218316381238	0.314079422382672	0.580399852814915	Bgn,Anxa2,Pgf,Slc2a1,Dusp1,Cdkn1a,Pdgfb,Vhl,Rora,Egfr,Ldha,Col5a1,Zfp36,Btg1,Nr3c1,Mt2,Vegfa,Ndrg1	18	200	39	Mutter_02
b	MBRT_vs_Ctrl	HALLMARK_IL6_JAK_STAT3_SIGNALING	MSigDB_Hallmark	exploratory	-1.14937614528627	0.224400871459695	0.580399852814915	Il12rb1,Acvr1b,Tnfrsf1b,Osmr,Ifngr1,Pdgfc,Il13ra1,Tnfrsf21,Cxcl1,Ltb,Cd38,Cxcl9,Fas,Il1r2,Tyk2,Ltbr,Il2rg,Stat1,Il17ra,Stat3,Csf2	21	88	56	Mutter_02
b	MBRT_vs_Ctrl	HALLMARK_INFLAMMATORY_RESPONSE	MSigDB_Hallmark	exploratory	1.11842726148436	0.252302025782689	0.580399852814915	Il4ra,Il1b,Cd48,Csf1,Cd70,Nod2,Tnfsf9,Msr1,Olr1,Nfkbia,Ccl20,Il10,Il18,Hif1a,Ldlr,Ffar2,Il15,Cdkn1a,Il15ra,Cd55,Il10ra,Csf3r,Nfkb1,Ccl5,Osm,Ccl2,Timp1,Lamp3,Cxcl5,Ptger4,Itga5,Il1a,Acvr2a	33	201	86	Mutter_02
b	MBRT_vs_Ctrl	HALLMARK_KRAS_SIGNALING_UP	MSigDB_Hallmark	exploratory	-1.09290996300767	0.304444444444444	0.580399852814915	Ace,Pecam1,Tnfrsf1b,Inhba,Slpi,Sox9,Sparcl1,Tlr8,Eng,Spry2,Igfbp3,Spp1	12	203	49	Mutter_02
b	MBRT_vs_Ctrl	HALLMARK_MTORC1_SIGNALING	MSigDB_Hallmark	exploratory	1.09240045996183	0.346007604562738	0.580399852814915	Ldlr,Slc2a1,Itgb2,Cdkn1a,Ldha,Igfbp5,Serpinh1	7	201	14	Mutter_02
b	MBRT_vs_Ctrl	HALLMARK_NOTCH_SIGNALING	MSigDB_Hallmark	exploratory	1.20548327183964	0.224528301886792	0.580399852814915	Notch3,Dll1,Wnt5a,Jag1,Fzd7,Ccnd1	6	32	12	Mutter_02
b	MBRT_vs_Ctrl	HALLMARK_PI3K_AKT_MTOR_SIGNALING	MSigDB_Hallmark	exploratory	1.27589652549751	0.183520599250936	0.580399852814915	Sfn,Fasl,Slc2a1,Cdkn1a,Pfn1,Egfr	6	105	16	Mutter_02
b	MBRT_vs_Ctrl	HALLMARK_PROTEIN_SECRETION	MSigDB_Hallmark	exploratory	-1.17815861879465	0.287211740041929	0.580399852814915	Sod1,Dst,Lamp2,Arf1	4	96	9	Mutter_02
b	MBRT_vs_Ctrl	HALLMARK_SPERMATOGENESIS	MSigDB_Hallmark	exploratory	-1.18347322153543	0.27906976744186	0.580399852814915	Ace	1	135	6	Mutter_02
b	MBRT_vs_Ctrl	HALLMARK_UNFOLDED_PROTEIN_RESPONSE	MSigDB_Hallmark	exploratory	1.15767611082911	0.30812854442344	0.580399852814915	Ccl2,Vegfa,Xbp1,Bag3,Atf3	5	113	6	Mutter_02
b	MBRT_vs_Ctrl	TypeI_interferon	project	primary	-1.31581485797489	0.183157894736842	0.580399852814915	Oas2,Ifitm3,Mx1,Stat1,Oasl1	5	19	7	Mutter_02
b	MBRT_vs_Ctrl	HALLMARK_ESTROGEN_RESPONSE_EARLY	MSigDB_Hallmark	exploratory	1.0741010353108	0.369090909090909	0.599772727272727	Sfn,Celsr2,Pgr,Aqp3,Slc2a1,Cd44,Cxcl12,Ar,Ccnd1,Msmb,Areg	11	200	33	Mutter_02
b	MBRT_vs_Ctrl	HALLMARK_ANDROGEN_RESPONSE	MSigDB_Hallmark	exploratory	-1.00485528687686	0.442265795206972	0.66423943227399	Itgav,Tsc22d1,B2m,Fkbp5,Arid5b,Myl12a	6	112	17	Mutter_02
b	MBRT_vs_Ctrl	HALLMARK_APICAL_JUNCTION	MSigDB_Hallmark	exploratory	-1.03213136463246	0.423423423423423	0.66423943227399	Icam2,Mmp2,Pecam1,Itgb4,Myl12b,Bmp1,Cd274,Cd276,Ptk2,Cd86,Vcam1,Cldn4,Cx3cl1,Itga3,Actg2,Rac2	16	199	38	Mutter_02
b	MBRT_vs_Ctrl	HALLMARK_IL2_STAT5_SIGNALING	MSigDB_Hallmark	exploratory	-1.00713755704001	0.447084233261339	0.66423943227399	Tnfsf10,Il2rb,Casp3,Tnfrsf1b,Alcam,Ifngr1,Bcl2,Tnfrsf21,Itgav,Irf4,Ltb,Igf1r,Spp1,Ifitm3,Etv4,Il1r2	16	199	58	Mutter_02
b	MBRT_vs_Ctrl	HALLMARK_MYOGENESIS	MSigDB_Hallmark	exploratory	0.997243806942126	0.48014440433213	0.693541917368632	Col3a1,Col1a1,Col6a3,Col6a2,Apod,Igf1,Gadd45b,Cdkn1a,Myl7	9	201	39	Mutter_02
b	MBRT_vs_Ctrl	HALLMARK_ALLOGRAFT_REJECTION	MSigDB_Hallmark	exploratory	0.960698297677663	0.536363636363636	0.753808353808354	Il4ra,Fasl,Il1b,Srgn,Cxcr3,Cd4,Csf1,Pf4,Mmp9,Cd3e,Elane,Ccl11,Il10,Il18,Cd3d,Ccr5,Hif1a,Gzmb,Il2,Itgb2,Il15,Ccl19,Ccr2,Cd8b1,Cd40lg,Ccl5,Ncr1,Ccl2,Egfr,Timp1,Ccl4,Cd2	32	201	102	Mutter_02
b	MBRT_vs_Ctrl	HALLMARK_COMPLEMENT	MSigDB_Hallmark	exploratory	0.927325425671889	0.586452762923351	0.795422031473534	S100a9,Mmp12,Calm1,Olr1,Lgals3,Gzmb,Pdgfb,Cd55,Pfn1,Cd40lg,Spock2,Ccl5,Fyn,Timp1,Cxcl2,Cxcl3	16	196	42	Mutter_02
b	MBRT_vs_Ctrl	HALLMARK_OXIDATIVE_PHOSPHORYLATION	MSigDB_Hallmark	exploratory	-0.88847243358394	0.59656652360515	0.795422031473534	Bax	1	199	4	Mutter_02
b	MBRT_vs_Ctrl	HALLMARK_WNT_BETA_CATENIN_SIGNALING	MSigDB_Hallmark	exploratory	-0.877737560896245	0.622641509433962	0.809433962264151	Hdac5,Fzd8,Notch1,Rbpj,Wnt5b	5	42	15	Mutter_02
b	MBRT_vs_Ctrl	HALLMARK_HEME_METABOLISM	MSigDB_Hallmark	exploratory	0.853630134018598	0.645161290322581	0.817097588578393	Epor,Aqp3,Slc2a1,Myl4,Nr3c1	5	194	7	Mutter_02
b	MBRT_vs_Ctrl	HALLMARK_KRAS_SIGNALING_DN	MSigDB_Hallmark	exploratory	0.859667842200556	0.659963436928702	0.817097588578393	Ryr2,Celsr2	2	202	19	Mutter_02
b	MBRT_vs_Ctrl	HALLMARK_DNA_REPAIR	MSigDB_Hallmark	exploratory	-0.791634720431808	0.724137931034483	0.8757016840417	Npr2,Tyms,Trp53,Nt5c3,Pcna	5	150	5	Mutter_02
b	MBRT_vs_Ctrl	HALLMARK_G2M_CHECKPOINT	MSigDB_Hallmark	exploratory	0.808921286837552	0.749063670411985	0.885257065032346	Mki67,Mapk14,Cenpf,Hif1a,Abl1,Ccnd1,Top2a,Tgfb1,Stmn1,Mt2	10	198	23	Mutter_02
b	MBRT_vs_Ctrl	DNA_Damage_Repair	project	primary	-0.646871969721962	0.907949790794979	0.9760348583878	Bax,Atm,Chek2	3	18	10	Mutter_02
b	MBRT_vs_Ctrl	HALLMARK_E2F_TARGETS	MSigDB_Hallmark	exploratory	-0.671184551832338	0.896551724137931	0.9760348583878	Mlh1,Tubb5,Msh2,Birc5,Cdkn3,Chek2	6	200	20	Mutter_02
b	MBRT_vs_Ctrl	HALLMARK_FATTY_ACID_METABOLISM	MSigDB_Hallmark	exploratory	-0.641394885044266	0.912854030501089	0.9760348583878	Ppara,Glul,Hsp90aa1,Lgals1,Cd36,Fasn,Mif,H2az1,Cidea,S100a10,Ldha	11	157	11	Mutter_02
b	MBRT_vs_Ctrl	HALLMARK_MITOTIC_SPINDLE	MSigDB_Hallmark	exploratory	-0.540071070055746	0.9760348583878	0.9760348583878	Plekhg2,Birc5,Apc,Dst	4	199	11	Mutter_02
b	MBRT_vs_Ctrl	HALLMARK_MYC_TARGETS_V1	MSigDB_Hallmark	exploratory	-0.605402475155254	0.922431865828092	0.9760348583878	Rack1,Hsp90ab1,Myc,Tyms,Ptges3,Ppia,Pcna,H2az1,Ldha	9	201	9	Mutter_02
b	MBRT_vs_Ctrl	HALLMARK_P53_PATHWAY	MSigDB_Hallmark	exploratory	-0.691912800636904	0.950892857142857	0.9760348583878	Acvr1b,Bax,Tm4sf1,Itgb4,Notch1,Tsc22d1,Fas,Rack1,Tap1	9	199	39	Mutter_02
b	MBRT_vs_Ctrl	HALLMARK_PANCREAS_BETA_CELLS	MSigDB_Hallmark	exploratory	0.54803889154687	0.955307262569832	0.9760348583878	Sst,Iapp,Gcg	3	40	4	Mutter_02
b	MBRT_vs_Ctrl	HALLMARK_XENOBIOTIC_METABOLISM	MSigDB_Hallmark	exploratory	0.621628435398548	0.95910780669145	0.9760348583878	Arg1,Apoe	2	203	20	Mutter_02
b	MBRT_vs_SBRT	HALLMARK_E2F_TARGETS	MSigDB_Hallmark	exploratory	-1.92184926153262	0.00144624652317372	0.0752048192050332	Hmgb2,Mki67,Top2a,Pcna,Stmn1,Dnmt1,Birc5,Pttg1,Mlh1,Chek1,Myc,Trp53	12	200	20	Mutter_02
b	MBRT_vs_SBRT	HALLMARK_APOPTOSIS	MSigDB_Hallmark	exploratory	-1.51727593133267	0.0171173115724487	0.0989000224185927	Hmgb2,Gsn,Casp3,Krt18,Ccnd1,Clu,Top2a,Lmna,Sod1,Gadd45b,Mmp2,Rela,Tnfrsf12a,Sqstm1,Ifitm3,Ctnnb1,Ifngr1,Ier3,Anxa1,Jun	20	160	64	Mutter_02
b	MBRT_vs_SBRT	HALLMARK_CHOLESTEROL_HOMEOSTASIS	MSigDB_Hallmark	exploratory	-1.63837651116045	0.0133395264087916	0.0989000224185927	Ldlr,Clu,Alcam,Tnfrsf12a,Fasn,Cd9,Ctnnb1	7	75	13	Mutter_02
b	MBRT_vs_SBRT	HALLMARK_EPITHELIAL_MESENCHYMAL_TRANSITION	MSigDB_Hallmark	exploratory	-1.58823833475274	0.006008358346808	0.0989000224185927	Col6a2,Acta2,Col1a2,Lgals1,Col1a1,Col16a1,Col4a1,Gadd45b,Col5a1,Mmp2,Igfbp3,Tnfrsf12a,Tpm1,Emp3,Col4a2,Cxcl1,Dst,Serpinh1,Jun,Bmp1,Vim,Col5a3,Mfap5,Cd44,Dcn,Thbs2,Col3a1,Col12a1,Areg,Vcam1,Notch2	31	206	72	Mutter_02
b	MBRT_vs_SBRT	HALLMARK_G2M_CHECKPOINT	MSigDB_Hallmark	exploratory	-1.75836558006073	0.00717883208232842	0.0989000224185927	Ccnd1,Nusap1,Mki67,Top2a,Stmn1,Birc5,Pttg1,Chek1,Myc,Ube2c	10	198	23	Mutter_02
b	MBRT_vs_SBRT	HALLMARK_KRAS_SIGNALING_DN	MSigDB_Hallmark	exploratory	1.63892422273071	0.0151628904028675	0.0989000224185927	Cntfr,Ryr2,Tcl1,Cd80,Ifng,Egf,Ifi44l,Krt1,Krt4	9	202	19	Mutter_02
b	MBRT_vs_SBRT	HALLMARK_KRAS_SIGNALING_UP	MSigDB_Hallmark	exploratory	1.53813969901548	0.015817651579355	0.0989000224185927	Il33,Ptgs2,Bmp2,Il1b,Cxcr4,Cmklr1,Pdcd1lg2,Il7r,Tnfrsf1b,Mmp9,Cidea,Pigr,Il10ra,Csf2	14	203	49	Mutter_02
b	MBRT_vs_SBRT	HALLMARK_MITOTIC_SPINDLE	MSigDB_Hallmark	exploratory	-1.72262902834944	0.00873490605065331	0.0989000224185927	Gsn,Nusap1,Top2a,Ezr,Plekhg2,Birc5,Dst	7	199	11	Mutter_02
b	MBRT_vs_SBRT	HALLMARK_MYC_TARGETS_V1	MSigDB_Hallmark	exploratory	-1.63650243291656	0.0165403793780687	0.0989000224185927	Pcna,Ppia,Ldha,Ptges3,Myc,Rack1,Hsp90ab1	7	201	9	Mutter_02
b	MBRT_vs_SBRT	HALLMARK_UV_RESPONSE_DN	MSigDB_Hallmark	exploratory	-1.58486342773898	0.0190840465968861	0.0992370423038076	Ldlr,Ica1,Col1a2,Col1a1,Nfkb1,Adgrl2,Anxa4,Igf1r,Myc,Met,Fyn,Tgfbr2,Col3a1,Cav1	14	144	32	Mutter_02
b	MBRT_vs_SBRT	HALLMARK_PROTEIN_SECRETION	MSigDB_Hallmark	exploratory	-1.55075123858669	0.0380359394410135	0.1798062591757	Krt18,Ica1,Sod1,Dst	4	96	9	Mutter_02
b	MBRT_vs_SBRT	HALLMARK_COAGULATION	MSigDB_Hallmark	exploratory	-1.41653094180047	0.0566037735849057	0.215205395462906	Gsn,Clu,Mmp2,Dusp6,Cd9,Rac1,Anxa1,Bmp1,Fyn	9	139	28	Mutter_02
b	MBRT_vs_SBRT	HALLMARK_ESTROGEN_RESPONSE_EARLY	MSigDB_Hallmark	exploratory	-1.44658985403215	0.05	0.215205395462906	Krt8,Krt19,Krt18,Ccnd1,Jak2,Igf1r,Fasn,Myc,Xbp1,Ptges,Cd44	11	200	33	Mutter_02
b	MBRT_vs_SBRT	HALLMARK_PEROXISOME	MSigDB_Hallmark	exploratory	-1.46395268070727	0.0579399141630901	0.215205395462906	Top2a,Sod1	2	102	4	Mutter_02
b	MBRT_vs_SBRT	HALLMARK_INTERFERON_ALPHA_RESPONSE	MSigDB_Hallmark	exploratory	-1.41050793526603	0.0692883895131086	0.225187265917603	Sell,Ifi27,Cd47,Bst2,Ifitm3,B2m,Ifitm2,Ifih1	8	100	23	Mutter_02
b	MBRT_vs_SBRT	HALLMARK_PANCREAS_BETA_CELLS	MSigDB_Hallmark	exploratory	1.44705253175587	0.0671641791044776	0.225187265917603	Gcg,Iapp	2	40	4	Mutter_02
b	MBRT_vs_SBRT	HALLMARK_MYOGENESIS	MSigDB_Hallmark	exploratory	-1.35659750355515	0.0816696914700544	0.249813173908402	Gsn,Col6a2,Clu,Col1a1,Itgb4,Gadd45b,Igfbp3,Col4a2,Hdac5,Myl7,Tnnc1,Rb1,Col3a1,Sorbs1,Notch1,Cfd	16	201	39	Mutter_02
b	MBRT_vs_SBRT	HALLMARK_ANDROGEN_RESPONSE	MSigDB_Hallmark	exploratory	-1.36862617887399	0.113421550094518	0.327662255828607	Krt8,Krt19,Ccnd1,Akt1,Azgp1,B2m,Arid5b,Myl12a	8	112	17	Mutter_02
b	MBRT_vs_SBRT	HALLMARK_COMPLEMENT	MSigDB_Hallmark	exploratory	-1.26697981021452	0.124773960216998	0.341486627962311	Casp3,Gzmb,Clu,Jak2,Gata3,Dusp6,Col4a2,Cxcl1,Pfn1,Fyn,Dusp5,Lyn,Calm1,Calm3,Hspa1a	15	196	42	Mutter_02
b	MBRT_vs_SBRT	HALLMARK_FATTY_ACID_METABOLISM	MSigDB_Hallmark	exploratory	-1.31053732934113	0.161224489795918	0.419183673469388	Lgals1,S100a10,Ldha,Hsp90aa1,Fasn	5	157	11	Mutter_02
b	MBRT_vs_SBRT	HALLMARK_GLYCOLYSIS	MSigDB_Hallmark	exploratory	-1.28379258224568	0.170093457943925	0.421183800623053	Sod1,Stmn1,Ppia,Ldha,Col5a1,Igfbp3,Ier3,Met,Cd44,Dcn	10	200	18	Mutter_02
b	MBRT_vs_SBRT	HALLMARK_HEDGEHOG_SIGNALING	MSigDB_Hallmark	exploratory	1.25330961999079	0.202247191011236	0.451001430615164	Cntfr,Adgrg1,Celsr1	3	36	5	Mutter_02
b	MBRT_vs_SBRT	HALLMARK_OXIDATIVE_PHOSPHORYLATION	MSigDB_Hallmark	exploratory	-1.24550806197746	0.208154506437768	0.451001430615164	Ldha,Glud1,Atp5e	3	199	4	Mutter_02
b	MBRT_vs_SBRT	HALLMARK_UNFOLDED_PROTEIN_RESPONSE	MSigDB_Hallmark	exploratory	-1.270059527975	0.196687370600414	0.451001430615164	Xbp1,Hsp90b1,Bag3,Vegfa	4	113	6	Mutter_02
b	MBRT_vs_SBRT	HALLMARK_MTORC1_SIGNALING	MSigDB_Hallmark	exploratory	-1.18985385239486	0.254368932038835	0.50873786407767	Ldlr,Ppia,Ldha,Sqstm1,Cd9,Serpinh1,Xbp1	7	201	14	Mutter_02
b	MBRT_vs_SBRT	HALLMARK_XENOBIOTIC_METABOLISM	MSigDB_Hallmark	exploratory	1.17422304498574	0.247826086956522	0.50873786407767	Reg1,Cd36,Igf1,Hsd17b2,Apoe,Fas,Mt2	7	203	20	Mutter_02
b	MBRT_vs_SBRT	HALLMARK_DNA_REPAIR	MSigDB_Hallmark	exploratory	-1.19366877640238	0.275641025641026	0.530864197530864	Pcna,Trp53	2	150	5	Mutter_02
b	MBRT_vs_SBRT	HALLMARK_ADIPOGENESIS	MSigDB_Hallmark	exploratory	1.0511939409602	0.381263616557734	0.622038187255579	Angpt1,Cd36,Gpx3,Fzd4,Apoe,Lep	6	200	19	Mutter_02
b	MBRT_vs_SBRT	HALLMARK_ALLOGRAFT_REJECTION	MSigDB_Hallmark	exploratory	1.00810008198618	0.423076923076923	0.622038187255579	Il1b,Itgal,H2-Ob,Csf1,Cd28,Egfr,Cd80,Fas,Cd40,Ccl19,Il2,Ccl11,Inhbb,Srgn,Tlr2,Mmp9,Cd8b1,Stat4,Ccr2,Ltb,Ifng,Cd4,H2-DMb1,Cd3e,Il6,Ccl5,Hif1a,Nlrp3,Cxcl9,Ifnar2,Ptprc,Il2ra,H2-Q10,Fgr,Krt1,Cd79a,Acvr2a,Ncr1,Itgb2,Il18,Tlr1,Il12rb1,Pf4,Fasl,Inhba,H2-M3,Tgfb1	47	201	102	Mutter_02
b	MBRT_vs_SBRT	HALLMARK_APICAL_JUNCTION	MSigDB_Hallmark	exploratory	-1.07266738097041	0.338768115942029	0.622038187255579	Col16a1,Itgb4,Itga9,Itga3,Mmp2,Cdh1,Cldn4,Bmp1,Pfn1,Cd276,Rac2,Cx3cl1,Vcam1,Itgb1,Actg2,Mapk13,Src,Itga2	18	199	38	Mutter_02
b	MBRT_vs_SBRT	HALLMARK_BILE_ACID_METABOLISM	MSigDB_Hallmark	exploratory	-1.070336927221	0.389233954451346	0.622038187255579	Sod1	1	112	6	Mutter_02
b	MBRT_vs_SBRT	HALLMARK_ESTROGEN_RESPONSE_LATE	MSigDB_Hallmark	exploratory	-1.03177025476988	0.398198198198198	0.622038187255579	Krt19,Ccnd1,Top2a,Jak2,Cdh1,Cd9,Xbp1,Tnnc1,Ptges,Cd44	10	206	35	Mutter_02
b	MBRT_vs_SBRT	HALLMARK_IL2_STAT5_SIGNALING	MSigDB_Hallmark	exploratory	-1.05732376798883	0.354430379746835	0.622038187255579	Col6a1,Casp3,Sell,Alcam,Il3ra,Gadd45b,Anxa4,Ifitm3,Igf1r,Myc,Spry4,Ifngr1,Xbp1,Il10,Cd44,Tnfsf10,Icos,Ahr,Cd81,Etv4	20	199	58	Mutter_02
b	MBRT_vs_SBRT	HALLMARK_IL6_JAK_STAT3_SIGNALING	MSigDB_Hallmark	exploratory	1.02233720207997	0.421296296296296	0.622038187255579	Cntfr,Il1b,Reg1,Cd36,Csf3r,Csf1,Acvrl1,Il17rb,Fas,Pdgfc,Tlr2,Tnfrsf1b,Il10rb,Cxcl2,Csf2,Ltb,Cd14,Il6,Acvr1b	19	88	56	Mutter_02
b	MBRT_vs_SBRT	HALLMARK_SPERMATOGENESIS	MSigDB_Hallmark	exploratory	-1.03339893230121	0.43064182194617	0.622038187255579	Cdkn3,Ezh2,Il12rb2,Ace,Scg5,Mtor	6	135	6	Mutter_02
b	MBRT_vs_SBRT	HALLMARK_TNFA_SIGNALING_VIA_NFKB	MSigDB_Hallmark	exploratory	1.03442767654547	0.383561643835616	0.622038187255579	Cdkn1a,Ptgs2,Bmp2,Il1b,Cd83,Csf1,Sat1,Ackr3,Dusp1,Il1a,Cd80,Il7r,Olr1,Tlr2,Cd69,Cflar,Cxcl2,Csf2,Ccrl2,Fos,Gpr183	21	199	76	Mutter_02
b	MBRT_vs_SBRT	HALLMARK_PI3K_AKT_MTOR_SIGNALING	MSigDB_Hallmark	exploratory	1.01060798834629	0.444906444906445	0.62527392257122	Cdkn1a,Cxcr4,Egfr,Sfn,Smad2	5	105	16	Mutter_02
b	MBRT_vs_SBRT	DNA_Damage_Repair	project	primary	0.963921182422785	0.493150684931507	0.674837779379957	Cdkn1a	1	18	10	Mutter_02
b	MBRT_vs_SBRT	HALLMARK_APICAL_SURFACE	MSigDB_Hallmark	exploratory	-0.949169822778767	0.509164969450102	0.678886625933469	Gata3,Ephb4,Lyn,Cx3cl1,Brca1	5	44	10	Mutter_02
b	MBRT_vs_SBRT	HALLMARK_HEME_METABOLISM	MSigDB_Hallmark	exploratory	0.953681049851614	0.533203125	0.690369625345738	Epor,Myl4,Aqp3	3	194	7	Mutter_02
b	MBRT_vs_SBRT	HALLMARK_WNT_BETA_CATENIN_SIGNALING	MSigDB_Hallmark	exploratory	0.947129020234071	0.544329896907216	0.690369625345738	Fzd1,Hdac11,Tcf7	3	42	15	Mutter_02
b	MBRT_vs_SBRT	HALLMARK_INFLAMMATORY_RESPONSE	MSigDB_Hallmark	exploratory	-0.921759296291219	0.62280701754386	0.753161974704202	Csf3,Ifnar1,Ldlr,Sell,Il1r1,Nfkb1,Axl,Bst2,Rela,Tlr3,Marco,Fzd5,Emp3,Myc	14	201	86	Mutter_02
b	MBRT_vs_SBRT	HALLMARK_P53_PATHWAY	MSigDB_Hallmark	exploratory	0.913043282694744	0.611973392461197	0.753161974704202	Cdkn1a,Bmp2,Serpinb5,Sat1,Krt17,Il1a,Fas,Sfn,Inhbb	9	199	39	Mutter_02
b	MBRT_vs_SBRT	HALLMARK_INTERFERON_GAMMA_RESPONSE	MSigDB_Hallmark	exploratory	-0.867020901793547	0.700361010830325	0.78349978289188	Casp3,Jak2,Nfkb1,Oas3,Ifi27,Bst2,Ifitm3,Nlrc5,B2m,Btg1,Ifitm2,H2-D1,Arid5b,Ifih1,Oas2,Stat3,Tnfsf10	17	205	65	Mutter_02
b	MBRT_vs_SBRT	HALLMARK_TGF_BETA_SIGNALING	MSigDB_Hallmark	exploratory	-0.829856316635938	0.692456479690522	0.78349978289188	Hdac1,Cdh1,Ctnnb1,Ifngr2,Junb,Eng	6	54	15	Mutter_02
b	MBRT_vs_SBRT	HALLMARK_UV_RESPONSE_UP	MSigDB_Hallmark	exploratory	-0.867932335356321	0.678504672897196	0.78349978289188	Casp3,Sqstm1,Cxcl1,Btg1,Epcam,H2-Q2,Lyn	7	158	24	Mutter_02
b	MBRT_vs_SBRT	TypeI_interferon	project	primary	-0.800226108310504	0.708163265306123	0.78349978289188	Ifitm3,Oas2,Stat1	3	19	7	Mutter_02
b	MBRT_vs_SBRT	TypeII_interferon	project	primary	0.800260810212102	0.728915662650602	0.789658634538153	Cxcl9,Ciita,H2-Ab1,Cxcl10,H2-Aa	5	17	8	Mutter_02
b	MBRT_vs_SBRT	HALLMARK_HYPOXIA	MSigDB_Hallmark	exploratory	0.828693776568652	0.76940133037694	0.79520697167756	Cdkn1a,Pgf,Cxcr4,Egfr,Ackr3,Dusp1	6	200	39	Mutter_02
b	MBRT_vs_SBRT	HALLMARK_NOTCH_SIGNALING	MSigDB_Hallmark	exploratory	-0.777298273353915	0.75	0.79520697167756	Ccnd1,Fzd5,Notch1,Notch2,Dll1,Maml2	6	32	12	Mutter_02
b	MBRT_vs_SBRT	HALLMARK_REACTIVE_OXYGEN_SPECIES_PATHWAY	MSigDB_Hallmark	exploratory	-0.74117018923008	0.77991452991453	0.79520697167756	Sod1,Fes,Junb	3	48	5	Mutter_02
b	MBRT_vs_SBRT	HALLMARK_ANGIOGENESIS	MSigDB_Hallmark	exploratory	0.703556617228315	0.869281045751634	0.869281045751634	Fgfr1,Vcan,Olr1,Cxcl5,App,Ptk2,Tnfrsf21,Pf4	8	36	19	Mutter_02
b	SBRT_vs_Ctrl	HALLMARK_EPITHELIAL_MESENCHYMAL_TRANSITION	MSigDB_Hallmark	exploratory	1.90332377476078	0.000135109477633481	0.00702569283694102	Col3a1,Col6a2,Acta2,Col1a1,Col1a2,Col5a3,Gadd45b,Col5a1,Col12a1,Bgn,Lgals1,Col4a1,Mfap5,Col6a3,Serpinh1,Cd44,Col16a1,Tnfrsf12a,Il15,Areg	20	206	72	Mutter_02
b	SBRT_vs_Ctrl	HALLMARK_UV_RESPONSE_DN	MSigDB_Hallmark	exploratory	1.94482128844693	0.000341008072375942	0.00886620988177448	Col3a1,Col1a1,Ldlr,Col1a2,Nfkb1,Ica1,Fyn,Adgrl2,Anxa2,Tgfbr2,Rxra,Col5a2,Anxa4,Cav1,Notch2,Myc	16	144	32	Mutter_02
b	SBRT_vs_Ctrl	HALLMARK_KRAS_SIGNALING_UP	MSigDB_Hallmark	exploratory	-1.81937226443253	0.00101045509903844	0.0175145550499996	Cxcr4,Bmp2,Tnfrsf1b,Ptgs2,Cmklr1,Ace,Inhba,Spry2,Csf2,Sparcl1,Pecam1,Fgf9,Il7r,Spp1,Pigr	15	203	49	Mutter_02
b	SBRT_vs_Ctrl	HALLMARK_INTERFERON_GAMMA_RESPONSE	MSigDB_Hallmark	exploratory	-1.7129019299204	0.00182154352860107	0.0236800658718139	Cdkn1a,Ciita,Ifi44l,Ptgs2,Cmklr1,Fas,Il2rb,Cd274,Klrk1,Ifitm2,Cxcl9,Cd38,H2-DMa,H2-M3,Cd40,Tnfaip6,Tnfsf10,Stat4,Ido1,H2-Aa,Cd69	21	205	65	Mutter_02
b	SBRT_vs_Ctrl	HALLMARK_E2F_TARGETS	MSigDB_Hallmark	exploratory	1.79434792207303	0.00322789145834501	0.0335700711667881	Mki67,Hmgb2,Top2a,Pcna,Dnmt1,Stmn1,Pttg1,Chek1	8	200	20	Mutter_02
b	SBRT_vs_Ctrl	HALLMARK_CHOLESTEROL_HOMEOSTASIS	MSigDB_Hallmark	exploratory	1.74305118261791	0.00691004020517941	0.0519023892319065	Ldlr,Clu,Tnfrsf12a,Fasn,Jag1,Ctnnb1,Cd9,Alcam	8	75	13	Mutter_02
b	SBRT_vs_Ctrl	HALLMARK_IL6_JAK_STAT3_SIGNALING	MSigDB_Hallmark	exploratory	-1.63757952581275	0.0069868600889105	0.0519023892319065	Il12rb1,Acvr1b,Tnfrsf1b,Pdgfc,Fas,Cntfr,Ltb,Acvrl1,Cd36,Il13ra1,Tnfrsf21,Cxcl9,Csf2,Cd38,Reg1	15	88	56	Mutter_02
b	SBRT_vs_Ctrl	HALLMARK_MYOGENESIS	MSigDB_Hallmark	exploratory	1.56533908947044	0.0141589194523866	0.0920329764405132	Col3a1,Col6a2,Col1a1,Gsn,Gadd45b,Clu,Myl7,Col6a3	8	201	39	Mutter_02
b	SBRT_vs_Ctrl	HALLMARK_G2M_CHECKPOINT	MSigDB_Hallmark	exploratory	1.59735276636079	0.0233679706507621	0.121513447383963	Mki67,Ccnd1,Top2a,Nusap1,Stmn1,Abl1,Pttg1,Chek1,Ube2c,Notch2,Myc,Mapk14,H2az1,Cenpf,Birc5	15	198	23	Mutter_02
b	SBRT_vs_Ctrl	HALLMARK_MYC_TARGETS_V1	MSigDB_Hallmark	exploratory	1.67317731511719	0.0213930219033534	0.121513447383963	Pcna,Ldha,Ppia,Ptges3,Myc,H2az1	6	201	9	Mutter_02
b	SBRT_vs_Ctrl	HALLMARK_ESTROGEN_RESPONSE_EARLY	MSigDB_Hallmark	exploratory	1.53290060042104	0.0351229703136461	0.1521995380258	Ccnd1,Krt8,Krt19,Krt18,Celsr2,Cd44,Fasn,Xbp1,Areg,Jak2,Sfn	11	200	33	Mutter_02
b	SBRT_vs_Ctrl	HALLMARK_MITOTIC_SPINDLE	MSigDB_Hallmark	exploratory	1.54161856465889	0.0324222000202192	0.1521995380258	Gsn,Top2a,Nusap1,Ezr,Abl1,Notch2,Plekhg2,Cenpf,Dst,Birc5	10	199	11	Mutter_02
b	SBRT_vs_Ctrl	HALLMARK_ESTROGEN_RESPONSE_LATE	MSigDB_Hallmark	exploratory	1.49542473875855	0.0451542555122619	0.175170465024485	Ccnd1,Top2a,Krt19,Cdh1,Celsr2,Cd44,Xbp1,Areg,Jak2,Sfn,Cav1,Cd9,Mapk13,Il6st,Dusp2	15	206	35	Mutter_02
b	SBRT_vs_Ctrl	TypeII_interferon	project	primary	-1.53446790096911	0.0471612790450535	0.175170465024485	Ciita,Cxcl9,H2-Ab1,H2-Aa	4	17	8	Mutter_02
b	SBRT_vs_Ctrl	HALLMARK_COMPLEMENT	MSigDB_Hallmark	exploratory	1.45658339813366	0.0509337860780985	0.176570458404075	Gzmb,Clu,Calm1,Pfn1,Fyn,Casp3,Jak2,Dusp5,Calm3,Gata3,Cxcl3	11	196	42	Mutter_02
b	SBRT_vs_Ctrl	HALLMARK_PROTEIN_SECRETION	MSigDB_Hallmark	exploratory	1.44274039082923	0.0863723608445297	0.264197809642091	Krt18,Ica1	2	96	9	Mutter_02
b	SBRT_vs_Ctrl	HALLMARK_UNFOLDED_PROTEIN_RESPONSE	MSigDB_Hallmark	exploratory	1.51672633726792	0.0827321871366175	0.264197809642091	Xbp1,Vegfa,Bag3,Ccl2,Hsp90b1	5	113	6	Mutter_02
b	SBRT_vs_Ctrl	HALLMARK_APICAL_SURFACE	MSigDB_Hallmark	exploratory	-1.3610805347434	0.105708245243129	0.270990156340475	Il2rb,Efna5,Hspb1	3	44	10	Mutter_02
b	SBRT_vs_Ctrl	HALLMARK_APOPTOSIS	MSigDB_Hallmark	exploratory	1.28179217614437	0.114649681528662	0.270990156340475	Hmgb2,Gsn,Ccnd1,Top2a,Krt18,Lmna,Gadd45b,Clu,Bgn,Fasl,Cd44,Tnfrsf12a,Ier3,Casp3	14	160	64	Mutter_02
b	SBRT_vs_Ctrl	HALLMARK_KRAS_SIGNALING_DN	MSigDB_Hallmark	exploratory	-1.34830557984713	0.114606741573034	0.270990156340475	Egf,Ifi44l,Cntfr,Tcl1,Ifng,Cd80	6	202	19	Mutter_02
b	SBRT_vs_Ctrl	HALLMARK_NOTCH_SIGNALING	MSigDB_Hallmark	exploratory	1.40273327291353	0.105947955390335	0.270990156340475	Ccnd1,Dll1,Jag1,Fzd5,Notch2,Wnt5a	6	32	12	Mutter_02
b	SBRT_vs_Ctrl	HALLMARK_UV_RESPONSE_UP	MSigDB_Hallmark	exploratory	-1.31670781283319	0.0953488372093023	0.270990156340475	Bmp2,Fgf18,Rxrb,Gpx3,H2-Q1,H2-M3,Fos,Bid	8	158	24	Mutter_02
b	SBRT_vs_Ctrl	HALLMARK_PANCREAS_BETA_CELLS	MSigDB_Hallmark	exploratory	-1.37112272880074	0.12720156555773	0.287586148217476	Gcg,Dpp4,Iapp	3	40	4	Mutter_02
b	SBRT_vs_Ctrl	HALLMARK_FATTY_ACID_METABOLISM	MSigDB_Hallmark	exploratory	1.37954856475093	0.133587786259542	0.289440203562341	S100a10,Ldha,Lgals1,Fasn,Hsp90aa1,Mif,H2az1	7	157	11	Mutter_02
b	SBRT_vs_Ctrl	HALLMARK_GLYCOLYSIS	MSigDB_Hallmark	exploratory	1.24449808715495	0.188299817184644	0.376599634369287	Stmn1,Ldha,Col5a1,Ppia,Cd44,Ier3	6	200	18	Mutter_02
b	SBRT_vs_Ctrl	HALLMARK_IL2_STAT5_SIGNALING	MSigDB_Hallmark	exploratory	1.19662098379124	0.186688311688312	0.376599634369287	Col6a1,Spry4,Gadd45b,Il4ra,Sell,Il10,Il3ra,Cd44,Cd81,Itga6,Xbp1,Casp3,Cd48	13	199	58	Mutter_02
b	SBRT_vs_Ctrl	HALLMARK_ANDROGEN_RESPONSE	MSigDB_Hallmark	exploratory	1.23546997355627	0.19926873857404	0.3837768298463	Ccnd1,Krt8,Krt19,Akt1	4	112	17	Mutter_02
b	SBRT_vs_Ctrl	HALLMARK_MTORC1_SIGNALING	MSigDB_Hallmark	exploratory	1.18219433102198	0.259191176470588	0.473347219007946	Ldlr,Ldha,Ppia,Serpinh1,Xbp1	5	201	14	Mutter_02
b	SBRT_vs_Ctrl	HALLMARK_TGF_BETA_SIGNALING	MSigDB_Hallmark	exploratory	-1.14709953918298	0.263982102908277	0.473347219007946	Bmp2,Apc,Tgfbr1,Thbs1,Acvr1,Smad3	6	54	15	Mutter_02
b	SBRT_vs_Ctrl	HALLMARK_ADIPOGENESIS	MSigDB_Hallmark	exploratory	-1.08536276031983	0.323595505617978	0.531853544420869	Angpt1,Gpx3,Cd36,Sparcl1,Fzd4	5	200	19	Mutter_02
b	SBRT_vs_Ctrl	HALLMARK_ANGIOGENESIS	MSigDB_Hallmark	exploratory	1.08484063883481	0.337522441651706	0.531853544420869	Col3a1,S100a4,Jag1,Col5a2,Pf4,Vegfa	6	36	19	Mutter_02
b	SBRT_vs_Ctrl	HALLMARK_HYPOXIA	MSigDB_Hallmark	exploratory	1.07706290673121	0.336683417085427	0.531853544420869	S100a4,Ldha,Col5a1,Bgn,Vhl,Btg1,Anxa2,Ier3,Tgfb3,Rbpj,Cav1,Mif,Vegfa	13	200	39	Mutter_02
b	SBRT_vs_Ctrl	HALLMARK_PEROXISOME	MSigDB_Hallmark	exploratory	1.16123704487974	0.325865580448065	0.531853544420869	Top2a	1	102	4	Mutter_02
b	SBRT_vs_Ctrl	HALLMARK_COAGULATION	MSigDB_Hallmark	exploratory	1.05199942244024	0.357388316151203	0.546593895290075	Gsn,Clu,Fyn,Rac1,Pf4,Anxa1,Cd9,Dusp6	8	139	28	Mutter_02
b	SBRT_vs_Ctrl	HALLMARK_ALLOGRAFT_REJECTION	MSigDB_Hallmark	exploratory	-1.03463500050633	0.385579937304075	0.572861621137483	Il12rb1,H2-DMb1,Fas,Il2rb,H2-Ob,Inhba,Ltb,Cxcl9,Inhbb,H2-DMa,Tlr1,Cd28,H2-M3,H2-T23,Cd40,Itgal,Stat4,Ifng,H2-Aa,Itk,Cd80,Ly75,Cd79a,Tap2,Fgr,H2-Q10,Il12b,Irf4,Egfr,Tlr2,Cd86,Lif,Il2ra,Cd3g	34	201	102	Mutter_02
b	SBRT_vs_Ctrl	HALLMARK_OXIDATIVE_PHOSPHORYLATION	MSigDB_Hallmark	exploratory	1.08504264785796	0.413441955193483	0.5810535586503	Ldha,Glud1	2	199	4	Mutter_02
b	SBRT_vs_Ctrl	HALLMARK_SPERMATOGENESIS	MSigDB_Hallmark	exploratory	-1.05598506948029	0.412731006160164	0.5810535586503	Ace	1	135	6	Mutter_02
b	SBRT_vs_Ctrl	HALLMARK_PI3K_AKT_MTOR_SIGNALING	MSigDB_Hallmark	exploratory	0.914985268219936	0.551094890510949	0.754129850172878	Pfn1,Fasl,Akt1,Rac1,Tnfrsf1a,Sfn	6	105	16	Mutter_02
b	SBRT_vs_Ctrl	HALLMARK_DNA_REPAIR	MSigDB_Hallmark	exploratory	0.890447238435885	0.592	0.7696	Pcna,Trp53	2	150	5	Mutter_02
b	SBRT_vs_Ctrl	HALLMARK_WNT_BETA_CATENIN_SIGNALING	MSigDB_Hallmark	exploratory	0.905728260419409	0.58018018018018	0.7696	Dll1,Jag1,Ctnnb1,Rbpj,Myc,Trp53	6	42	15	Mutter_02
b	SBRT_vs_Ctrl	HALLMARK_HEME_METABOLISM	MSigDB_Hallmark	exploratory	-0.863606643203734	0.648033126293996	0.783667966681111	Ackr1,Epor,Lamp2	3	194	7	Mutter_02
b	SBRT_vs_Ctrl	HALLMARK_REACTIVE_OXYGEN_SPECIES_PATHWAY	MSigDB_Hallmark	exploratory	-0.861979238592101	0.629482071713147	0.783667966681111	Gpx3,Junb	2	48	5	Mutter_02
b	SBRT_vs_Ctrl	HALLMARK_TNFA_SIGNALING_VIA_NFKB	MSigDB_Hallmark	exploratory	0.912190178112853	0.63482280431433	0.783667966681111	Ldlr,Ccnd1,Nfkb1,Phlda2,Gadd45b,Stat5a,Btg1,Cd44,Ier3,Areg,Ifih1,Dusp5,Jag1,Cxcl3,Ifngr2,Myc,Vegfa,Rela,Il6st,Dusp2,Nfkbia,Ccl2,Tnfsf9,Ccl20,Jun,Tnf,Il18	27	199	76	Mutter_02
b	SBRT_vs_Ctrl	HALLMARK_P53_PATHWAY	MSigDB_Hallmark	exploratory	-0.896452525646697	0.674074074074074	0.796632996632997	Acvr1b,Bmp2,Cdkn1a,Fas,Inhbb,Sat1	6	199	39	Mutter_02
b	SBRT_vs_Ctrl	HALLMARK_INTERFERON_ALPHA_RESPONSE	MSigDB_Hallmark	exploratory	0.832006536225332	0.694589877835951	0.802637192165988	Il4ra,Sell,Il15,Ifih1	4	100	23	Mutter_02
b	SBRT_vs_Ctrl	HALLMARK_APICAL_JUNCTION	MSigDB_Hallmark	exploratory	-0.813421007207004	0.801507537688442	0.886774297017	Icam2,Cd274,Pecam1,Ptk2,Myl12b	5	199	38	Mutter_02
b	SBRT_vs_Ctrl	HALLMARK_HEDGEHOG_SIGNALING	MSigDB_Hallmark	exploratory	-0.725634779914939	0.792828685258964	0.886774297017	Cntfr	1	36	5	Mutter_02
b	SBRT_vs_Ctrl	HALLMARK_BILE_ACID_METABOLISM	MSigDB_Hallmark	exploratory	0.693112665987128	0.848543689320388	0.903029534795285	Gc,Rxra	2	112	6	Mutter_02
b	SBRT_vs_Ctrl	TypeI_interferon	project	primary	-0.677042364840494	0.850931677018634	0.903029534795285	Mx1	1	19	7	Mutter_02
b	SBRT_vs_Ctrl	DNA_Damage_Repair	project	primary	0.643350878336758	0.911153119092628	0.911153119092628	Gadd45b,Chek1,Parp1	3	18	10	Mutter_02
b	SBRT_vs_Ctrl	HALLMARK_INFLAMMATORY_RESPONSE	MSigDB_Hallmark	exploratory	0.764774484002632	0.910334346504559	0.911153119092628	Ldlr,Ifnar1,Nfkb1,Il4ra,Sell,Axl,Il10,Csf3,Il1r1,Il15,Tlr3,Cd48	12	201	86	Mutter_02
b	SBRT_vs_Ctrl	HALLMARK_XENOBIOTIC_METABOLISM	MSigDB_Hallmark	exploratory	-0.696961882466783	0.907834101382488	0.911153119092628	Fas,Cd36,Reg1,Esr1,Hsd17b2	5	203	20	Mutter_02
gdT	MBRT_vs_Ctrl	HALLMARK_G2M_CHECKPOINT	MSigDB_Hallmark	exploratory	1.94846704509746	0.000705665071289872	0.0366945837070733	Ccnd1,Mki67,Nusap1,Abl1,Top2a,Mapk14,Stmn1,Cenpf,H2az1,Tgfb1,Ube2c,Chek1,Myc,Notch2,Birc5,Hif1a	16	198	23	Mutter_02
gdT	MBRT_vs_Ctrl	HALLMARK_EPITHELIAL_MESENCHYMAL_TRANSITION	MSigDB_Hallmark	exploratory	1.6983064924615	0.00185996835698012	0.0483591772814832	Col3a1,Acta2,Col12a1,Gadd45b,Col1a1,Col5a2,Lgals1,Cd44,Cxcl3,Il15,Bgn,Col4a1,Tnfrsf12a,Mfap5,Col5a3,Col6a2,Itgb1,Areg,Serpinh1,Col5a1,Col6a3,Col1a2,Tgfb1,Timp1	24	206	72	Mutter_02
gdT	MBRT_vs_Ctrl	HALLMARK_UV_RESPONSE_DN	MSigDB_Hallmark	exploratory	1.76680566475866	0.00560679029105849	0.0971843650450137	Col3a1,Col1a1,Col5a2,Fyn,Mapk14,Nfkb1,Anxa2,Ldlr,Rxra,Met,Ica1,Col1a2,Myc,Notch2,Cav1,Tgfbr2,Igfbp5,Acvr2a,Anxa4,Bmpr1a	20	144	32	Mutter_02
gdT	MBRT_vs_Ctrl	HALLMARK_ANGIOGENESIS	MSigDB_Hallmark	exploratory	1.68361339158681	0.0149864452867701	0.16631631831544	Col3a1,Pf4,Col5a2,Fgfr1,Pdgfa,Jag1,Timp1,App,S100a4	9	36	19	Mutter_02
gdT	MBRT_vs_Ctrl	HALLMARK_CHOLESTEROL_HOMEOSTASIS	MSigDB_Hallmark	exploratory	1.57026362637967	0.0264403280859468	0.16631631831544	Fabp5,Fasn,Tnfrsf12a,Ldlr,Ctnnb1,Jag1,Lgals3	7	75	13	Mutter_02
gdT	MBRT_vs_Ctrl	HALLMARK_E2F_TARGETS	MSigDB_Hallmark	exploratory	1.71571191795278	0.0164971680663111	0.16631631831544	Mki67,Top2a,Hmgb2,Pcna,Stmn1,Dnmt1,H2az1,Chek1,Myc,Cdkn1a,Birc5	11	200	20	Mutter_02
gdT	MBRT_vs_Ctrl	HALLMARK_FATTY_ACID_METABOLISM	MSigDB_Hallmark	exploratory	1.60093526119487	0.03060162728518	0.16631631831544	S100a10,Ldha,Fasn,Lgals1,H2az1,Mif	6	157	11	Mutter_02
gdT	MBRT_vs_Ctrl	HALLMARK_MITOTIC_SPINDLE	MSigDB_Hallmark	exploratory	1.60330174006715	0.0295372501663634	0.16631631831544	Nusap1,Abl1,Top2a,Cenpf,Plekhg2,Notch2,Birc5	7	199	11	Mutter_02
gdT	MBRT_vs_Ctrl	HALLMARK_MYC_TARGETS_V1	MSigDB_Hallmark	exploratory	1.62075395141669	0.0340162633825045	0.16631631831544	Ldha,Pcna,Ppia,H2az1,Myc,Ptges3	6	201	9	Mutter_02
gdT	MBRT_vs_Ctrl	HALLMARK_NOTCH_SIGNALING	MSigDB_Hallmark	exploratory	1.57755336243877	0.0383806888420245	0.16631631831544	Ccnd1,Notch3,Dll1,Jag1,Notch2,Wnt5a,Ppard	7	32	12	Mutter_02
gdT	MBRT_vs_Ctrl	HALLMARK_SPERMATOGENESIS	MSigDB_Hallmark	exploratory	-1.6236913572602	0.037262757362342	0.16631631831544	Ace,Cdkn3	2	135	6	Mutter_02
gdT	MBRT_vs_Ctrl	HALLMARK_UV_RESPONSE_UP	MSigDB_Hallmark	exploratory	-1.53891609206296	0.031334213655217	0.16631631831544	Junb,Rxrb,H2-Q1,Bmp2,H2-M3,Bid,Fgf18,Casp3,Epcam	9	158	24	Mutter_02
gdT	MBRT_vs_Ctrl	HALLMARK_ESTROGEN_RESPONSE_LATE	MSigDB_Hallmark	exploratory	1.47116030765097	0.0419463087248322	0.167785234899329	Ccnd1,Fabp5,Krt13,Sfn,Top2a,Cd44,S100a9,Krt19,Cdh1,Areg	10	206	35	Mutter_02
gdT	MBRT_vs_Ctrl	HALLMARK_GLYCOLYSIS	MSigDB_Hallmark	exploratory	1.46887817586238	0.0535405872193437	0.198865038243277	Ldha,Cd44,Ppia,Stmn1,Met,Col5a1,Mif,Ier3,Igfbp3,Dcn,Egfr,Vcan	12	200	18	Mutter_02
gdT	MBRT_vs_Ctrl	HALLMARK_PANCREAS_BETA_CELLS	MSigDB_Hallmark	exploratory	-1.41269785949142	0.0777310924369748	0.237765694513099	Dpp4,Sst,Gcg	3	40	4	Mutter_02
gdT	MBRT_vs_Ctrl	HALLMARK_PI3K_AKT_MTOR_SIGNALING	MSigDB_Hallmark	exploratory	1.41608267012176	0.077054794520548	0.237765694513099	Sfn,Fasl,Rac1,Pfn1,Akt1,Cdkn1a,Tnfrsf1a,Slc2a1,Hsp90b1,Egfr	10	105	16	Mutter_02
gdT	MBRT_vs_Ctrl	HALLMARK_TNFA_SIGNALING_VIA_NFKB	MSigDB_Hallmark	exploratory	1.30730362548409	0.0707547169811321	0.237765694513099	Ccnd1,Gadd45b,Tnfrsf9,Phlda2,Il1b,Cd44,Cxcl3,Rigi,Nfkb1,Ldlr,Areg,Stat5a,Ccl2,Jag1,Ackr3,Myc,Cdkn1a,Gpr183,Lif,Zfp36,Ier3,Klf2,Cxcl10,Il15ra,Sat1,Il12b,Ifih1,Ccl5,Dusp5,Ptgs2	30	199	76	Mutter_02
gdT	MBRT_vs_Ctrl	HALLMARK_P53_PATHWAY	MSigDB_Hallmark	exploratory	1.32831956534326	0.0848896434634975	0.245236747783437	S100a10,Sfn,Serpinb5,Hdac3,Pcna,Cd81,Rxra,Pdgfa,Tgfb1,Cdkn1a,Lif,App,S100a4,Epha2,Ier3,Sat1	16	199	39	Mutter_02
gdT	MBRT_vs_Ctrl	HALLMARK_COMPLEMENT	MSigDB_Hallmark	exploratory	1.30901950784998	0.107023411371237	0.292906178489703	Gzmb,S100a9,Mmp12,Cxcl3,Pdgfb,Fyn,Calm1,Pfn1	8	196	42	Mutter_02
gdT	MBRT_vs_Ctrl	HALLMARK_ESTROGEN_RESPONSE_EARLY	MSigDB_Hallmark	exploratory	1.26752158290701	0.142156862745098	0.313073394495413	Ccnd1,Krt13,Sfn,Fasn,Cd44,Krt19,Areg,Krt18,Krt8,Celsr2	10	200	33	Mutter_02
gdT	MBRT_vs_Ctrl	HALLMARK_HYPOXIA	MSigDB_Hallmark	exploratory	1.26256695407975	0.140916808149406	0.313073394495413	Ldha,Pdgfb,Bgn,Anxa2,Col5a1,Mif,Ackr3,Cdkn1a,Cav1,S100a4,Zfp36,Ier3,Igfbp3,Rbpj,Slc2a1,Dcn,Egfr,Btg1,Vhl	19	200	39	Mutter_02
gdT	MBRT_vs_Ctrl	HALLMARK_KRAS_SIGNALING_UP	MSigDB_Hallmark	exploratory	-1.2514304573791	0.122340425531915	0.313073394495413	Ace,Slpi,Spry2,Il2rg,Adgra2,Bmp2,Inhba,Sparcl1,Itgb2,Sox9,Cd37,Tnfrsf1b	12	203	49	Mutter_02
gdT	MBRT_vs_Ctrl	HALLMARK_REACTIVE_OXYGEN_SPECIES_PATHWAY	MSigDB_Hallmark	exploratory	-1.33989476234998	0.138655462184874	0.313073394495413	Junb,Sod1,Fes	3	48	5	Mutter_02
gdT	MBRT_vs_Ctrl	TypeII_interferon	project	primary	-1.34312826406011	0.144495412844037	0.313073394495413	Ciita	1	17	8	Mutter_02
gdT	MBRT_vs_Ctrl	HALLMARK_APOPTOSIS	MSigDB_Hallmark	exploratory	1.1919925903955	0.175824175824176	0.365714285714286	Ccnd1,Gadd45b,Top2a,Hmgb2,Il1b,Fasl,Cd44,Bgn,Lmna,Tnfrsf12a,Krt18,Hgf,Ctnnb1,Timp1,Cdkn1a,Lgals3,Cav1,App,Gpx1,Ier3,Sat1,Igf2r,Anxa1	23	160	64	Mutter_02
gdT	MBRT_vs_Ctrl	HALLMARK_INTERFERON_GAMMA_RESPONSE	MSigDB_Hallmark	exploratory	-1.14565846972241	0.198347107438017	0.372093023255814	Ciita,Cd40,Ifitm2,Fpr1,Cd69,Ifi27,Cd38,H2-D1,Ifi44l,H2-Q10,H2-M3,Fas,Il2rb,Tnfsf10,H2-DMa,Irf4,Bst2,Casp3,Cd86,Oas2	20	205	65	Mutter_02
gdT	MBRT_vs_Ctrl	HALLMARK_MTORC1_SIGNALING	MSigDB_Hallmark	exploratory	1.25785751720352	0.200357781753131	0.372093023255814	Ldha,Ppia,Ldlr,Serpinh1,Cdkn1a,Igfbp5,Slc2a1,Hsp90b1	8	201	14	Mutter_02
gdT	MBRT_vs_Ctrl	HALLMARK_TGF_BETA_SIGNALING	MSigDB_Hallmark	exploratory	-1.23640038396244	0.189814814814815	0.372093023255814	Thbs1,Junb,Tgfbr1,Bmp2,Apc,Hdac1,Acvr1,Smad3	8	54	15	Mutter_02
gdT	MBRT_vs_Ctrl	HALLMARK_ANDROGEN_RESPONSE	MSigDB_Hallmark	exploratory	1.16146966792395	0.267241379310345	0.464941176470588	Ccnd1,Krt19,Akt1,Krt8	4	112	17	Mutter_02
gdT	MBRT_vs_Ctrl	HALLMARK_COAGULATION	MSigDB_Hallmark	exploratory	1.11399302341896	0.294320137693632	0.464941176470588	Pf4,Rac1,Pdgfb,Fyn,Mmp9	5	139	28	Mutter_02
gdT	MBRT_vs_Ctrl	HALLMARK_IL6_JAK_STAT3_SIGNALING	MSigDB_Hallmark	exploratory	1.11330823220234	0.304	0.464941176470588	Pf4,Il3ra,Ifnar1,Il4ra,Il1b,Cd44,Cxcl3,Tnfrsf12a,Reg1,Il1r1,Ccr1,Il7,Tgfb1	13	88	56	Mutter_02
gdT	MBRT_vs_Ctrl	HALLMARK_MYOGENESIS	MSigDB_Hallmark	exploratory	1.12097680117221	0.288624787775891	0.464941176470588	Col3a1,Gadd45b,Myl7,Col1a1,Col6a2,Itgb1,Col6a3,Tgfb1,Cdkn1a,App,Igfbp3,Igfbp7	12	201	39	Mutter_02
gdT	MBRT_vs_Ctrl	HALLMARK_PROTEIN_SECRETION	MSigDB_Hallmark	exploratory	1.12624791280085	0.29706390328152	0.464941176470588	Krt18,Ica1,Cd63,Igf2r,Egfr	5	96	9	Mutter_02
gdT	MBRT_vs_Ctrl	HALLMARK_WNT_BETA_CATENIN_SIGNALING	MSigDB_Hallmark	exploratory	1.15309654549333	0.275438596491228	0.464941176470588	Hey1,Dll1,Ctnnb1,Jag1,Myc,Ppard,Rbpj	7	42	15	Mutter_02
gdT	MBRT_vs_Ctrl	HALLMARK_ALLOGRAFT_REJECTION	MSigDB_Hallmark	exploratory	-1.02803290732432	0.359516616314199	0.533084808946878	Cd28,Il2ra,Cd40,Il12rb1,Cd3g,H2-Ob,Cd79a,Ccl19,Il2rg,Cd3e,Tlr1,Cd8a,Inhba,Il12a,Il16,Itk,Itgb2,Il2,H2-Q10,Tlr2,H2-M3,Fas,Tgfb2,Cd8b1,Il2rb,Itgal,Ifng,Prf1,H2-T23,Ptprc	30	201	102	Mutter_02
gdT	MBRT_vs_Ctrl	HALLMARK_APICAL_SURFACE	MSigDB_Hallmark	exploratory	-1.08572297882461	0.375586854460094	0.533084808946878	Il2rg,Gata3,Il2rb,Efna5	4	44	10	Mutter_02
gdT	MBRT_vs_Ctrl	TypeI_interferon	project	primary	1.08115489676465	0.379310344827586	0.533084808946878	Ifitm1,Ifit1	2	19	7	Mutter_02
gdT	MBRT_vs_Ctrl	DNA_Damage_Repair	project	primary	1.0241415531423	0.420138888888889	0.560185185185185	Gadd45b,Parp1,Chek1,Cdkn1a	4	18	10	Mutter_02
gdT	MBRT_vs_Ctrl	HALLMARK_KRAS_SIGNALING_DN	MSigDB_Hallmark	exploratory	1.0314487738147	0.419520547945205	0.560185185185185	Krt13,Ryr2,Krt4,Celsr2	4	202	19	Mutter_02
gdT	MBRT_vs_Ctrl	HALLMARK_PEROXISOME	MSigDB_Hallmark	exploratory	1.04483824858119	0.432637571157495	0.562428842504744	Top2a	1	102	4	Mutter_02
gdT	MBRT_vs_Ctrl	HALLMARK_UNFOLDED_PROTEIN_RESPONSE	MSigDB_Hallmark	exploratory	1.00463491190922	0.475836431226766	0.603499863994923	Ccl2,Bag3,Hsp90b1,Xbp1	4	113	6	Mutter_02
gdT	MBRT_vs_Ctrl	HALLMARK_HEDGEHOG_SIGNALING	MSigDB_Hallmark	exploratory	0.987694935662653	0.501901140684411	0.606950216641613	Hey1,Adgrg1	2	36	5	Mutter_02
gdT	MBRT_vs_Ctrl	HALLMARK_HEME_METABOLISM	MSigDB_Hallmark	exploratory	-0.958682407543287	0.496674057649667	0.606950216641613	Ackr1,Epor	2	194	7	Mutter_02
gdT	MBRT_vs_Ctrl	HALLMARK_OXIDATIVE_PHOSPHORYLATION	MSigDB_Hallmark	exploratory	0.985357046554317	0.518026565464896	0.61221321373124	Ldha	1	199	4	Mutter_02
gdT	MBRT_vs_Ctrl	HALLMARK_IL2_STAT5_SIGNALING	MSigDB_Hallmark	exploratory	0.956695494105852	0.532488114104596	0.615319598520866	Il3ra,Gadd45b,Tnfrsf9,Il4ra,Spry4,Cd44,Eomes	7	199	58	Mutter_02
gdT	MBRT_vs_Ctrl	HALLMARK_APICAL_JUNCTION	MSigDB_Hallmark	exploratory	0.92932854941537	0.562189054726368	0.621996400973854	Itga9,Mapk14,Cdh1,Pfn1,Mmp9,Itgb1	6	199	38	Mutter_02
gdT	MBRT_vs_Ctrl	HALLMARK_INFLAMMATORY_RESPONSE	MSigDB_Hallmark	exploratory	0.951452151852374	0.560422960725076	0.621996400973854	Tnfrsf9,Ifnar1,Axl,Il4ra,Tlr3,Il1b,Il15,Nfkb1,Ldlr,Il1r1,Ccl2,Met,Timp1,Ifitm1,Myc,Cdkn1a,Gpr183,Lamp3,Lif,Hif1a,Msr1,Il10,Cxcl10,Il15ra,Acvr2a,Nod2,Best1,Il12b	28	201	86	Mutter_02
gdT	MBRT_vs_Ctrl	HALLMARK_XENOBIOTIC_METABOLISM	MSigDB_Hallmark	exploratory	0.886874667027786	0.634680134680135	0.687570145903479	Arg1,Reg1,Apoe,Il1r1,Ptges3,Ddc,Tnfrsf1a,Epha2,Ppard	9	203	20	Mutter_02
gdT	MBRT_vs_Ctrl	HALLMARK_BILE_ACID_METABOLISM	MSigDB_Hallmark	exploratory	0.75912356440936	0.784386617100372	0.832410287535088	Rxra,Gc	2	112	6	Mutter_02
gdT	MBRT_vs_Ctrl	HALLMARK_INTERFERON_ALPHA_RESPONSE	MSigDB_Hallmark	exploratory	-0.783908614892784	0.810551558752998	0.842973621103118	Ifitm2,Ifi27,Ifi44l,H2-Q10,Ccrl2,Sell,Bst2	7	100	23	Mutter_02
gdT	MBRT_vs_Ctrl	HALLMARK_DNA_REPAIR	MSigDB_Hallmark	exploratory	-0.6343777302158	0.90546218487395	0.923216345361674	Npr2,Tyms	2	150	5	Mutter_02
gdT	MBRT_vs_Ctrl	HALLMARK_ADIPOGENESIS	MSigDB_Hallmark	exploratory	0.599811159881959	0.960616438356164	0.960616438356164	Col4a1,Apoe,Stat5a,Fabp4	4	200	19	Mutter_02
gdT	MBRT_vs_SBRT	HALLMARK_KRAS_SIGNALING_UP	MSigDB_Hallmark	exploratory	2.12134140305756	1.44699131404419e-05	0.00075243548330298	Cxcr4,Il33,Pigr,Il1b,Ptgs2,Cmklr1,Csf2,Lif,Cidea,Pecam1,Pdcd1lg2,Fgf9,Ccl20,Inhba,Arg1,Itgb2,Cxcl10,Spp1,Gpnmb,Tnfrsf1b	20	203	49	Mutter_02
gdT	MBRT_vs_SBRT	HALLMARK_MITOTIC_SPINDLE	MSigDB_Hallmark	exploratory	-1.97864585644475	0.000551144929804023	0.0143297681749046	Top2a,Nusap1,Cenpf,Gsn,Dst,Ezr	6	199	11	Mutter_02
gdT	MBRT_vs_SBRT	HALLMARK_EPITHELIAL_MESENCHYMAL_TRANSITION	MSigDB_Hallmark	exploratory	-1.66254195761065	0.0037252529356428	0.0645710508844752	Acta2,Col6a2,Col1a2,Col1a1,Tagln,Col5a1,Vegfa,Col5a3,Dcn,Dst,Areg,Mfap5,Lgals1,Gadd45b,Cxcl12,Wnt5a,Myl9,Tpm1,Col4a1,Cxcl5,Col6a3,Mmp2,Col16a1,Tnfrsf12a,Jun,Vim,Cxcl1	27	206	72	Mutter_02
gdT	MBRT_vs_SBRT	HALLMARK_E2F_TARGETS	MSigDB_Hallmark	exploratory	-1.70379208984319	0.00870907739116712	0.0687137447063075	Hmgb2,Mki67,Top2a,Pttg1,Cdkn3,Stmn1,Pcna,Dnmt1,Brca1,Ezh2,Mlh1,Birc5	12	200	20	Mutter_02
gdT	MBRT_vs_SBRT	HALLMARK_ESTROGEN_RESPONSE_EARLY	MSigDB_Hallmark	exploratory	-1.60378631760169	0.00924992717200293	0.0687137447063075	Krt19,Krt8,Krt18,Ccnd1,Xbp1,Il6st,Areg,Cxcl12,Jak2,Rara,Dhrs2,Igf1r,Aqp3	13	200	33	Mutter_02
gdT	MBRT_vs_SBRT	HALLMARK_G2M_CHECKPOINT	MSigDB_Hallmark	exploratory	-1.71003358045491	0.00662928919869396	0.0687137447063075	Mki67,Top2a,Nusap1,Cenpf,Pttg1,Ccnd1,Ube2c,Cdkn3,Stmn1	9	198	23	Mutter_02
gdT	MBRT_vs_SBRT	HALLMARK_UV_RESPONSE_DN	MSigDB_Hallmark	exploratory	-1.685049642332	0.00910426206185971	0.0687137447063075	Ldlr,Adgrl2,Col1a2,Ica1,Nfkb1,Col1a1,Fyn	7	144	32	Mutter_02
gdT	MBRT_vs_SBRT	HALLMARK_INTERFERON_GAMMA_RESPONSE	MSigDB_Hallmark	exploratory	1.51735060144522	0.0158675909215713	0.0916794142135232	Cdkn1a,Ifi44l,Ptgs2,Cmklr1,Ido1,Cd274,H2-DMa,Cxcl9,Ciita,Ccl5,Ccl2,Tnfaip6,Cd69,Klrk1,Mt2,Fpr1,Cxcl10,Fas,Irf4,Lgals3bp,H2-Eb1,H2-Aa,Tap1,Il2rb	24	205	65	Mutter_02
gdT	MBRT_vs_SBRT	HALLMARK_KRAS_SIGNALING_DN	MSigDB_Hallmark	exploratory	1.67332650981762	0.015660271053694	0.0916794142135232	Ifi44l,Krt13,Krt4,Cntfr,Egf,Krt15,Ryr2,Il12b,Cd40lg,Cd80,Tcl1,Tgfb2,Krt1,Ifng,Pdcd1	15	202	19	Mutter_02
gdT	MBRT_vs_SBRT	HALLMARK_ANDROGEN_RESPONSE	MSigDB_Hallmark	exploratory	-1.55670626707301	0.0228931500195691	0.107829272889249	Krt19,Krt8,Ccnd1,Akt1	4	112	17	Mutter_02
gdT	MBRT_vs_SBRT	HALLMARK_IL6_JAK_STAT3_SIGNALING	MSigDB_Hallmark	exploratory	1.45365507853919	0.0248836783590574	0.107829272889249	Il12rb1,Tnfrsf21,Il1b,Pdgfc,Csf2,Cd36,Acvrl1,Tgfb1,Il13ra1,Cxcl9,Acvr1b,Csf3r,Cntfr,Cd14,Ltb,Cxcl10,Il10rb,Fas,Tnfrsf1b	19	88	56	Mutter_02
gdT	MBRT_vs_SBRT	HALLMARK_INFLAMMATORY_RESPONSE	MSigDB_Hallmark	exploratory	1.44323277665155	0.0223270871950497	0.107829272889249	Cdkn1a,Msr1,Il1b,Icosl,Cmklr1,Lif,Il1a,Cxcl9,Acvr1b,Csf3r,Ccrl2,Ccl5,Cd14,Ccl2,Cx3cl1,Tnfaip6,Clec5a,Ccl20,Cd69,Itga5,Inhba,Tnfrsf9,Fpr1,Ifitm1,Cxcl10,Tnfrsf1b,Best1	27	201	86	Mutter_02
gdT	MBRT_vs_SBRT	TypeII_interferon	project	primary	1.61772496218726	0.0301334103489637	0.120533641395855	Cxcl9,Ciita,Cxcl10,H2-Eb1,H2-Aa,H2-Ab1	6	17	8	Mutter_02
gdT	MBRT_vs_SBRT	HALLMARK_GLYCOLYSIS	MSigDB_Hallmark	exploratory	-1.46264725057506	0.0556660039761431	0.19297548045063	Col5a1,Vegfa,Ppia,Ier3,Dcn,Stmn1,Ldha,Sod1	8	200	18	Mutter_02
gdT	MBRT_vs_SBRT	HALLMARK_PROTEIN_SECRETION	MSigDB_Hallmark	exploratory	-1.56523877602945	0.054053662374492	0.19297548045063	Krt18,Ica1,Dst,Sod1	4	96	9	Mutter_02
gdT	MBRT_vs_SBRT	HALLMARK_APOPTOSIS	MSigDB_Hallmark	exploratory	-1.38772693165149	0.0688976377952756	0.203780544029507	Hmgb2,Top2a,Krt18,Clu,Fasl,Gsn,Casp3,Lmna,Cd2,Ccnd1,Ier3,Dcn,Gadd45b,Rara,Sod1,Brca1,Ctnnb1,Gpx1,Tnf,Mmp2,Tnfrsf12a,Rela	22	160	64	Mutter_02
gdT	MBRT_vs_SBRT	HALLMARK_PEROXISOME	MSigDB_Hallmark	exploratory	-1.49560102249281	0.0673267326732673	0.203780544029507	Top2a,Sod1,Ttr	3	102	4	Mutter_02
gdT	MBRT_vs_SBRT	HALLMARK_TNFA_SIGNALING_VIA_NFKB	MSigDB_Hallmark	exploratory	1.30473129436444	0.0705394190871369	0.203780544029507	Cdkn1a,Il1b,Smad3,Icosl,Ptgs2,Csf2,Lif,Il1a,Sat1,Ackr3,Ccrl2,Ccl5,Ccl2,Tnfaip6,Ccl20,Cd69,Inhba,Tnfrsf9,Cflar,Cxcl10	20	199	76	Mutter_02
gdT	MBRT_vs_SBRT	HALLMARK_MYC_TARGETS_V1	MSigDB_Hallmark	exploratory	-1.46206281278569	0.0805500982318271	0.220452900423948	Ppia,Ldha,Pcna,Ptges3,H2az1	5	201	9	Mutter_02
gdT	MBRT_vs_SBRT	HALLMARK_ADIPOGENESIS	MSigDB_Hallmark	exploratory	1.29017638369835	0.152439024390244	0.360310421286031	Apoe,Cd36,Angpt1,Lep,Cidea,Gpx3,Adipoq	7	200	19	Mutter_02
gdT	MBRT_vs_SBRT	HALLMARK_ESTROGEN_RESPONSE_LATE	MSigDB_Hallmark	exploratory	-1.26292778970246	0.14591439688716	0.360310421286031	Top2a,Krt19,Ccnd1,Xbp1,Il6st,Areg,Cxcl12,Jak2,Tnnc1,Dusp2,Dhrs2,Cd9,Cdh1	13	206	35	Mutter_02
gdT	MBRT_vs_SBRT	HALLMARK_MYOGENESIS	MSigDB_Hallmark	exploratory	-1.26308911890906	0.142857142857143	0.360310421286031	Col6a2,Col1a1,Clu,Tagln,Cfd,Gsn,Itgb4,Sorbs1,Gadd45b	9	201	39	Mutter_02
gdT	MBRT_vs_SBRT	HALLMARK_ALLOGRAFT_REJECTION	MSigDB_Hallmark	exploratory	1.16323710564756	0.172631578947368	0.364621513944223	Il12rb1,Il1b,Icosl,Ccr2,Lif,Tgfb1,H2-DMa,Cxcl9,Ccl5,Ccl2,H2-DMb1,Ltb,Srgn,Inhba,Itgb2,Fas,Itk,H2-Ob,Irf4,Timp1,Inhbb,Il2ra,H2-Aa,Fgr,Cd8b1,Tap2,Pf4,Tap1,Il2rb,Il12b,Itgal,Cd40lg,Acvr2a,Ncr1,Cd80,Tlr1,Mmp9,H2-T23,Cd4,Ccl11,Tgfb2,Krt1,Cd28,Stat4,Cd74	45	201	102	Mutter_02
gdT	MBRT_vs_SBRT	HALLMARK_PI3K_AKT_MTOR_SIGNALING	MSigDB_Hallmark	exploratory	1.32832056511878	0.165668662674651	0.364621513944223	Cdkn1a,Cxcr4	2	105	16	Mutter_02
gdT	MBRT_vs_SBRT	HALLMARK_XENOBIOTIC_METABOLISM	MSigDB_Hallmark	exploratory	1.26741904441336	0.175298804780877	0.364621513944223	Apoe,Cd36,Igf1,Mt2,Arg1,Fas,Vtn,Crp,Reg1	9	203	20	Mutter_02
gdT	MBRT_vs_SBRT	HALLMARK_OXIDATIVE_PHOSPHORYLATION	MSigDB_Hallmark	exploratory	-1.30824216934864	0.184158415841584	0.368316831683168	Ldha,Glud1,Atp5e	3	199	4	Mutter_02
gdT	MBRT_vs_SBRT	HALLMARK_P53_PATHWAY	MSigDB_Hallmark	exploratory	1.17954887809744	0.204545454545455	0.385105204872647	Cdkn1a,Lif,Il1a,Tgfb1,Sat1,Acvr1b,App,Pdgfa,Serpinb5,Fas,Krt17,Inhbb,Tap1,Ddit3,Fgf13	15	199	39	Mutter_02
gdT	MBRT_vs_SBRT	HALLMARK_UNFOLDED_PROTEIN_RESPONSE	MSigDB_Hallmark	exploratory	-1.24579834694571	0.207364341085271	0.385105204872647	Vegfa,Xbp1	2	113	6	Mutter_02
gdT	MBRT_vs_SBRT	HALLMARK_CHOLESTEROL_HOMEOSTASIS	MSigDB_Hallmark	exploratory	-1.22371078060537	0.216796875	0.388739224137931	Ldlr,Clu,Alcam,Ctnnb1,Cd9,Tnfrsf12a	6	75	13	Mutter_02
gdT	MBRT_vs_SBRT	HALLMARK_COAGULATION	MSigDB_Hallmark	exploratory	-1.18057060020997	0.226377952755906	0.39238845144357	Clu,Cfd,Gsn,Fyn	4	139	28	Mutter_02
gdT	MBRT_vs_SBRT	HALLMARK_NOTCH_SIGNALING	MSigDB_Hallmark	exploratory	-1.22136776448065	0.239299610894942	0.401405798920547	Ccnd1,Fzd5,Fzd7,Wnt5a	4	32	12	Mutter_02
gdT	MBRT_vs_SBRT	TypeI_interferon	project	primary	1.16504751175662	0.288844621513944	0.469372509960159	Mx1,Ifitm1	2	19	7	Mutter_02
gdT	MBRT_vs_SBRT	HALLMARK_ANGIOGENESIS	MSigDB_Hallmark	exploratory	1.08722509985196	0.33130081300813	0.522049765952205	Tnfrsf21,Col5a2,App,Pdgfa,Fgfr1,Spp1,Timp1,Vtn,Pf4	9	36	19	Mutter_02
gdT	MBRT_vs_SBRT	DNA_Damage_Repair	project	primary	1.090292946947	0.358762886597938	0.548696179502729	Cdkn1a	1	18	10	Mutter_02
gdT	MBRT_vs_SBRT	HALLMARK_MTORC1_SIGNALING	MSigDB_Hallmark	exploratory	1.01201623733603	0.413721413721414	0.614671814671815	Cdkn1a,Cxcr4	2	201	14	Mutter_02
gdT	MBRT_vs_SBRT	HALLMARK_SPERMATOGENESIS	MSigDB_Hallmark	exploratory	-1.04122789289544	0.436046511627907	0.62984496124031	Cdkn3,Ezh2,Scg5	3	135	6	Mutter_02
gdT	MBRT_vs_SBRT	HALLMARK_HYPOXIA	MSigDB_Hallmark	exploratory	-0.946718273880558	0.542471042471043	0.762391735364708	Tgfb3,Col5a1,Vegfa,Ier3,Rbpj,Dcn,S100a4	7	200	39	Mutter_02
gdT	MBRT_vs_SBRT	HALLMARK_APICAL_JUNCTION	MSigDB_Hallmark	exploratory	-0.935606798800008	0.563706563706564	0.771387929282666	Itga9,Itgb4,Actg2,Rac2,Myl9,Syk,Mmp2,Col16a1,Cd34,Cdh1,Cldn4,Pfn1,Src,Itga2,Fyb	15	199	38	Mutter_02
gdT	MBRT_vs_SBRT	HALLMARK_APICAL_SURFACE	MSigDB_Hallmark	exploratory	0.878123751476115	0.610309278350516	0.813745704467354	Cx3cl1,Efna5,App,Hspb1	4	44	10	Mutter_02
gdT	MBRT_vs_SBRT	HALLMARK_COMPLEMENT	MSigDB_Hallmark	exploratory	-0.88973368615105	0.640384615384615	0.829403606102635	Gzmb,Clu,Casp3,Fyn,Gata3	5	196	42	Mutter_02
gdT	MBRT_vs_SBRT	HALLMARK_IL2_STAT5_SIGNALING	MSigDB_Hallmark	exploratory	-0.883128331152882	0.669902912621359	0.829403606102635	Col6a1,Sell,Casp3,Alcam,Xbp1,Gadd45b,Cd48,Il3ra,Flt3l,Il4ra,Igf1r,Rora,Eomes,Tlr7,Il18r1,Spry4,Itga6,Cst7,Ifitm3,Ahr	20	199	58	Mutter_02
gdT	MBRT_vs_SBRT	HALLMARK_TGF_BETA_SIGNALING	MSigDB_Hallmark	exploratory	0.856794062335644	0.664621676891616	0.829403606102635	Smad3,Tgfb1,Apc,Tgfbr1	4	54	15	Mutter_02
gdT	MBRT_vs_SBRT	HALLMARK_BILE_ACID_METABOLISM	MSigDB_Hallmark	exploratory	-0.745331027192136	0.775193798449612	0.897997284453496	Sod1,Ttr,Rxra	3	112	6	Mutter_02
gdT	MBRT_vs_SBRT	HALLMARK_DNA_REPAIR	MSigDB_Hallmark	exploratory	-0.698207908880183	0.812015503875969	0.897997284453496	Pcna,Nt5c3	2	150	5	Mutter_02
gdT	MBRT_vs_SBRT	HALLMARK_FATTY_ACID_METABOLISM	MSigDB_Hallmark	exploratory	-0.732008969312151	0.807465618860511	0.897997284453496	Lgals1,S100a10,Ldha,Hsp90aa1,Mif,H2az1	6	157	11	Mutter_02
gdT	MBRT_vs_SBRT	HALLMARK_HEDGEHOG_SIGNALING	MSigDB_Hallmark	exploratory	0.72421283459878	0.798353909465021	0.897997284453496	Cntfr,Adgrg1	2	36	5	Mutter_02
gdT	MBRT_vs_SBRT	HALLMARK_UV_RESPONSE_UP	MSigDB_Hallmark	exploratory	-0.766699526170948	0.828920570264766	0.897997284453496	Casp3,Il6st,H2-Q2,Epcam,Aqp3,Cxcl1,Nfkbia,Btg1,Junb,Sqstm1,Bmp2,Lyn,Icam1	13	158	24	Mutter_02
gdT	MBRT_vs_SBRT	HALLMARK_WNT_BETA_CATENIN_SIGNALING	MSigDB_Hallmark	exploratory	0.763265360027382	0.789366053169734	0.897997284453496	Hdac11,Tcf7,Fzd1	3	42	15	Mutter_02
gdT	MBRT_vs_SBRT	HALLMARK_HEME_METABOLISM	MSigDB_Hallmark	exploratory	-0.512603028723917	0.984	0.99031007751938	Aqp3,Myl4,Ackr1,Slc2a1,Epor,Lamp2,Nr3c1	7	194	7	Mutter_02
gdT	MBRT_vs_SBRT	HALLMARK_INTERFERON_ALPHA_RESPONSE	MSigDB_Hallmark	exploratory	0.575579293579497	0.97609561752988	0.99031007751938	Ifi44l,Ccrl2,Ifitm1,Cxcl10,Lgals3bp	5	100	23	Mutter_02
gdT	MBRT_vs_SBRT	HALLMARK_PANCREAS_BETA_CELLS	MSigDB_Hallmark	exploratory	0.558197246573149	0.959758551307847	0.99031007751938	Iapp,Gcg,Dpp4,Sst	4	40	4	Mutter_02
gdT	MBRT_vs_SBRT	HALLMARK_REACTIVE_OXYGEN_SPECIES_PATHWAY	MSigDB_Hallmark	exploratory	-0.463600653445609	0.99031007751938	0.99031007751938	Sod1,Junb,Fes	3	48	5	Mutter_02
gdT	SBRT_vs_Ctrl	HALLMARK_EPITHELIAL_MESENCHYMAL_TRANSITION	MSigDB_Hallmark	exploratory	1.95713738405162	4.19334585501916e-05	0.00218053984460996	Acta2,Col6a2,Col1a1,Gadd45b,Col3a1,Col1a2,Lgals1,Col5a3,Col5a1,Col12a1,Mfap5,Areg,Col4a1,Tnfrsf12a,Dcn,Col6a3,Cd44,Serpinh1,Wnt5a,Bgn,Cxcl3	21	206	72	Mutter_02
gdT	SBRT_vs_Ctrl	HALLMARK_E2F_TARGETS	MSigDB_Hallmark	exploratory	1.99499740923862	0.00033585940052149	0.00859993479865378	Hmgb2,Mki67,Top2a,Pcna,Stmn1,Pttg1,Dnmt1,H2az1,Birc5,Chek1,Brca1,Ezh2,Myc	13	200	20	Mutter_02
gdT	SBRT_vs_Ctrl	HALLMARK_G2M_CHECKPOINT	MSigDB_Hallmark	exploratory	1.95588084865498	0.000496150084537718	0.00859993479865378	Mki67,Nusap1,Top2a,Ccnd1,Cenpf,Stmn1,Ube2c,Pttg1,Abl1,H2az1,Birc5,Chek1,Mapk14,Ezh2,Myc	15	198	23	Mutter_02
gdT	SBRT_vs_Ctrl	HALLMARK_INTERFERON_GAMMA_RESPONSE	MSigDB_Hallmark	exploratory	-1.61410431876205	0.00243091347493195	0.0210679167827435	Ciita,Ifi44l,Cdkn1a,Cd69,Fpr1,Cd40,H2-DMa,Cmklr1,Cd274,Fas,Ido1,Ifitm2,Ptgs2,Il2rb,Irf4,Tnfaip6,Cxcl9,H2-M3,Klrk1,H2-Eb1,H2-Aa	21	205	65	Mutter_02
gdT	SBRT_vs_Ctrl	HALLMARK_KRAS_SIGNALING_UP	MSigDB_Hallmark	exploratory	-1.720289404973	0.00219235326983092	0.0210679167827435	Ace,Cxcr4,Spry2,Inhba,Cmklr1,Pigr,Itgb2,Csf2,Tnfrsf1b,Cidea,Adgra2,Ptgs2,Il2rg,Spp1,Il33,Ccl20,Fgf9,Sox9,Lif,Pecam1,Pdcd1lg2,Gpnmb	22	203	49	Mutter_02
gdT	SBRT_vs_Ctrl	HALLMARK_MYC_TARGETS_V1	MSigDB_Hallmark	exploratory	1.80794396881806	0.00239374078021535	0.0210679167827435	Ldha,Ppia,Pcna,Ptges3,H2az1,Myc	6	201	9	Mutter_02
gdT	SBRT_vs_Ctrl	HALLMARK_CHOLESTEROL_HOMEOSTASIS	MSigDB_Hallmark	exploratory	1.79043768035706	0.00367047698938933	0.0238581004310307	Ldlr,Fasn,Tnfrsf12a,Clu,Ctnnb1,Jag1,Cd9	7	75	13	Mutter_02
gdT	SBRT_vs_Ctrl	HALLMARK_MITOTIC_SPINDLE	MSigDB_Hallmark	exploratory	1.87403320741345	0.00336384020455526	0.0238581004310307	Nusap1,Top2a,Cenpf,Gsn,Abl1,Ezr,Birc5,Dst,Plekhg2	9	199	11	Mutter_02
gdT	SBRT_vs_Ctrl	HALLMARK_UV_RESPONSE_DN	MSigDB_Hallmark	exploratory	1.76068737234865	0.00461451440233528	0.0266616387690483	Ldlr,Col1a1,Col3a1,Nfkb1,Fyn,Ica1,Col1a2,Adgrl2,Anxa2,Rxra,Tgfbr2,Mapk14,Igfbp5,Myc	14	144	32	Mutter_02
gdT	SBRT_vs_Ctrl	HALLMARK_ESTROGEN_RESPONSE_LATE	MSigDB_Hallmark	exploratory	1.69109605819121	0.00601449899458816	0.0312753947718584	Top2a,Ccnd1,Krt19,Areg,Cdh1,Xbp1,Cd44,Sfn,Celsr2,Jak2,Mapk13,Cd9,Il6st	13	206	35	Mutter_02
gdT	SBRT_vs_Ctrl	HALLMARK_ESTROGEN_RESPONSE_EARLY	MSigDB_Hallmark	exploratory	1.66830654436254	0.00902075899624734	0.0426435879822602	Ccnd1,Krt19,Krt8,Krt18,Areg,Fasn,Xbp1,Cd44,Sfn,Celsr2,Jak2,Myc,Il6st,Aqp3,Igf1r	15	200	33	Mutter_02
gdT	SBRT_vs_Ctrl	HALLMARK_ANDROGEN_RESPONSE	MSigDB_Hallmark	exploratory	1.66237777865627	0.0126060967680786	0.0504243870723142	Ccnd1,Krt19,Krt8,Akt1	4	112	17	Mutter_02
gdT	SBRT_vs_Ctrl	HALLMARK_APOPTOSIS	MSigDB_Hallmark	exploratory	1.54966498335129	0.0123167160958236	0.0504243870723142	Hmgb2,Top2a,Ccnd1,Gadd45b,Fasl,Krt18,Lmna,Gsn,Ier3,Tnfrsf12a,Clu,Dcn,Ctnnb1,Cd44,Bgn,Gpx1,Cd2,Brca1,Casp3	19	160	64	Mutter_02
gdT	SBRT_vs_Ctrl	HALLMARK_GLYCOLYSIS	MSigDB_Hallmark	exploratory	1.54874911019674	0.0312444159031393	0.116050687640232	Ldha,Ppia,Col5a1,Stmn1,Ier3,Dcn,Cd44,Mif	8	200	18	Mutter_02
gdT	SBRT_vs_Ctrl	HALLMARK_PEROXISOME	MSigDB_Hallmark	exploratory	1.55313410443772	0.0368021423192372	0.127580760040022	Top2a	1	102	4	Mutter_02
gdT	SBRT_vs_Ctrl	HALLMARK_NOTCH_SIGNALING	MSigDB_Hallmark	exploratory	1.5650648790601	0.043859649122807	0.142543859649123	Ccnd1,Wnt5a,Dll1,Fzd7,Fzd5,Jag1,Notch3	7	32	12	Mutter_02
gdT	SBRT_vs_Ctrl	TypeII_interferon	project	primary	-1.59567750160257	0.0470232327080453	0.143835770636374	Ciita,Cxcl9,H2-Eb1,H2-Aa,H2-Ab1	5	17	8	Mutter_02
gdT	SBRT_vs_Ctrl	HALLMARK_UNFOLDED_PROTEIN_RESPONSE	MSigDB_Hallmark	exploratory	1.49923529320814	0.0537037037037037	0.155144032921811	Xbp1,Bag3,Vegfa,Hsp90b1	4	113	6	Mutter_02
gdT	SBRT_vs_Ctrl	HALLMARK_IL6_JAK_STAT3_SIGNALING	MSigDB_Hallmark	exploratory	-1.35026753060995	0.0591743199839175	0.161950770482301	Il12rb1,Pdgfc,Acvrl1,Cd36,Il2ra,Acvr1b,Tnfrsf21,Il13ra1,Csf2,Tnfrsf1b,Fas,Cntfr,Il2rg,Osmr,Il1r2,Ltb,Csf3r,Tlr2,Cxcl9	19	88	56	Mutter_02
gdT	SBRT_vs_Ctrl	HALLMARK_PROTEIN_SECRETION	MSigDB_Hallmark	exploratory	1.50077821480171	0.0654205607476636	0.170093457943925	Krt18,Ica1,Dst	3	96	9	Mutter_02
gdT	SBRT_vs_Ctrl	HALLMARK_MYOGENESIS	MSigDB_Hallmark	exploratory	1.38473871199198	0.0751533742331288	0.186094069529652	Col6a2,Col1a1,Gadd45b,Col3a1,Myl7,Gsn,Clu,Col6a3,Sorbs1	9	201	39	Mutter_02
gdT	SBRT_vs_Ctrl	HALLMARK_ALLOGRAFT_REJECTION	MSigDB_Hallmark	exploratory	-1.25701948814681	0.0985401459854015	0.222786417010473	Il12rb1,Il2ra,Cd28,H2-Ob,Cd40,Inhba,H2-DMa,Itgb2,Itk,Icosl,Fas,Tlr1,H2-DMb1,Cd3g,Cd8b1,Il2rg,Il2rb,Irf4,Itgal,Ltb,Tgfb2,Tlr2,Cxcl9,H2-M3,H2-T23,Ccr2,Cd3e,Cd79a,H2-Aa,Ifng,Il12a,Ccl19,Il2,Lif,Fgr	35	201	102	Mutter_02
gdT	SBRT_vs_Ctrl	HALLMARK_FATTY_ACID_METABOLISM	MSigDB_Hallmark	exploratory	1.42210291994758	0.0971223021582734	0.222786417010473	S100a10,Lgals1,Ldha,Fasn,H2az1,Mif,Hsp90aa1	7	157	11	Mutter_02
gdT	SBRT_vs_Ctrl	HALLMARK_KRAS_SIGNALING_DN	MSigDB_Hallmark	exploratory	-1.26176893416477	0.168949771689498	0.366057838660578	Ifi44l,Krt15,Cntfr,Tgfb2,Egf,Ifng	6	202	19	Mutter_02
gdT	SBRT_vs_Ctrl	HALLMARK_REACTIVE_OXYGEN_SPECIES_PATHWAY	MSigDB_Hallmark	exploratory	-1.31942861503008	0.182203389830508	0.378983050847458	Junb,Gpx3,Mpo	3	48	5	Mutter_02
gdT	SBRT_vs_Ctrl	HALLMARK_INFLAMMATORY_RESPONSE	MSigDB_Hallmark	exploratory	-1.11002833450522	0.25531914893617	0.51063829787234	Cdkn1a,Cd69,Fpr1,Acvr1b,Cd40,Inhba,Ccrl2,Cmklr1,Clec5a,Icosl,Tnfrsf1b,Tlr1,Msr1,Il1a,Il2rb,Osmr,Tnfaip6,Csf3r,Tlr2,Cxcl9	20	201	86	Mutter_02
gdT	SBRT_vs_Ctrl	HALLMARK_COAGULATION	MSigDB_Hallmark	exploratory	1.16115553586374	0.266025641025641	0.512345679012346	Fyn,Pf4,Gsn,Clu,Rac1,Pdgfb,Cd9,Dusp6,Anxa1,Mmp9,Mmp2	11	139	28	Mutter_02
gdT	SBRT_vs_Ctrl	HALLMARK_COMPLEMENT	MSigDB_Hallmark	exploratory	1.12776083019302	0.280864197530864	0.521604938271605	Gzmb,Fyn,Calm1,Clu,Pfn1,Cxcl3,Pdgfb,Mmp12,Casp3,Jak2,Dusp6,Calm3,Cd55	13	196	42	Mutter_02
gdT	SBRT_vs_Ctrl	HALLMARK_HYPOXIA	MSigDB_Hallmark	exploratory	1.11993748543856	0.294478527607362	0.528030463295959	Ldha,Col5a1,Ier3,Rbpj,S100a4,Dcn,Bgn,Anxa2,Mif,Pdgfb,Tgfb3,Vegfa,Btg1,Vhl,Igfbp3	15	200	39	Mutter_02
gdT	SBRT_vs_Ctrl	HALLMARK_MTORC1_SIGNALING	MSigDB_Hallmark	exploratory	1.11758684500253	0.323741007194245	0.551480335837384	Ldlr,Ldha,Ppia,Xbp1,Serpinh1	5	201	14	Mutter_02
gdT	SBRT_vs_Ctrl	HALLMARK_TGF_BETA_SIGNALING	MSigDB_Hallmark	exploratory	-1.10575674701917	0.328767123287671	0.551480335837384	Smad3,Tgfbr1,Thbs1,Apc	4	54	15	Mutter_02
gdT	SBRT_vs_Ctrl	HALLMARK_ANGIOGENESIS	MSigDB_Hallmark	exploratory	1.02687791214752	0.413120567375887	0.575575428822753	Col3a1,Pf4,S100a4,Jag1,Vegfa	5	36	19	Mutter_02
gdT	SBRT_vs_Ctrl	HALLMARK_APICAL_SURFACE	MSigDB_Hallmark	exploratory	-1.04517585245986	0.414798206278027	0.575575428822753	Efna5,Il2rg,Il2rb	3	44	10	Mutter_02
gdT	SBRT_vs_Ctrl	HALLMARK_OXIDATIVE_PHOSPHORYLATION	MSigDB_Hallmark	exploratory	1.1088133018375	0.383301707779886	0.575575428822753	Ldha,Glud1,Atp5e	3	199	4	Mutter_02
gdT	SBRT_vs_Ctrl	HALLMARK_PI3K_AKT_MTOR_SIGNALING	MSigDB_Hallmark	exploratory	1.07162007201493	0.370567375886525	0.575575428822753	Fasl,Akt1,Pfn1,Tnfrsf1a,Rac1,Sfn	6	105	16	Mutter_02
gdT	SBRT_vs_Ctrl	HALLMARK_SPERMATOGENESIS	MSigDB_Hallmark	exploratory	-1.06796561443407	0.398268398268398	0.575575428822753	Ace	1	135	6	Mutter_02
gdT	SBRT_vs_Ctrl	HALLMARK_TNFA_SIGNALING_VIA_NFKB	MSigDB_Hallmark	exploratory	1.02516442282626	0.420612813370474	0.575575428822753	Ldlr,Ccnd1,Gadd45b,Nfkb1,Areg,Ier3,Cd44,Klf2,Cxcl3,Stat5a,Phlda2,Ifih1,Ifngr2,Tnfrsf9,Jag1,Myc,Rigi,Vegfa,Tnf,Rela,Il6st,Nfkbia,Btg1	23	199	76	Mutter_02
gdT	SBRT_vs_Ctrl	HALLMARK_WNT_BETA_CATENIN_SIGNALING	MSigDB_Hallmark	exploratory	1.05590955993271	0.400709219858156	0.575575428822753	Rbpj,Ctnnb1,Dll1,Hey1,Jag1,Myc	6	42	15	Mutter_02
gdT	SBRT_vs_Ctrl	HALLMARK_IL2_STAT5_SIGNALING	MSigDB_Hallmark	exploratory	0.999994356280238	0.441578148710167	0.588770864946889	Col6a1,Gadd45b,Il3ra,Il4ra,Spry4,Eomes,Xbp1,Cd44,Cd81,Sell,Itga6,Casp3,Tnfrsf9,Myc,Cd48,Igf1r	16	199	58	Mutter_02
gdT	SBRT_vs_Ctrl	HALLMARK_PANCREAS_BETA_CELLS	MSigDB_Hallmark	exploratory	-1.03224562120963	0.454926624737946	0.591404612159329	Gcg,Dpp4,Sst,Iapp	4	40	4	Mutter_02
gdT	SBRT_vs_Ctrl	DNA_Damage_Repair	project	primary	0.912129596062441	0.548561151079137	0.663376275723607	Gadd45b,Parp1,Chek1,Brca1	4	18	10	Mutter_02
gdT	SBRT_vs_Ctrl	HALLMARK_P53_PATHWAY	MSigDB_Hallmark	exploratory	0.943732996564512	0.539877300613497	0.663376275723607	S100a10,Hdac3,Pcna,Ier3,S100a4,Cd81,Sfn,Rxra	8	199	39	Mutter_02
gdT	SBRT_vs_Ctrl	HALLMARK_UV_RESPONSE_UP	MSigDB_Hallmark	exploratory	-0.934649248859293	0.544117647058824	0.663376275723607	Fgf18,Rxrb,H2-Q1,Junb,H2-M3,Bid,Gpx3,Bmp2,Tap1	9	158	24	Mutter_02
gdT	SBRT_vs_Ctrl	HALLMARK_APICAL_JUNCTION	MSigDB_Hallmark	exploratory	0.901842569992721	0.623255813953488	0.736575052854123	Itga9,Cdh1,Pfn1,Itga3,Mapk14,Mapk13,Rac2,Mmp9,Egfr,Mmp2,Itgb4,Itgb1,Syk,Itga2,Cldn4,Myl9,Cd34	17	199	38	Mutter_02
gdT	SBRT_vs_Ctrl	HALLMARK_ADIPOGENESIS	MSigDB_Hallmark	exploratory	-0.84070512845299	0.700913242009133	0.809944190766109	Cd36,Lep,Cidea,Angpt1,Adipoq,Gpx3,Fzd4,Apoe,Col15a1,Sparcl1	10	200	19	Mutter_02
gdT	SBRT_vs_Ctrl	HALLMARK_XENOBIOTIC_METABOLISM	MSigDB_Hallmark	exploratory	-0.838223597039831	0.719257540603248	0.813073741551498	Cd36,Fas,Esr1,Igf1,Tgfb2,Vtn,Apoe,Ptgds,Mt2,Ptges	10	203	20	Mutter_02
gdT	SBRT_vs_Ctrl	HALLMARK_DNA_REPAIR	MSigDB_Hallmark	exploratory	-0.756472492791386	0.752118644067797	0.832131265777137	Npr2	1	150	5	Mutter_02
gdT	SBRT_vs_Ctrl	HALLMARK_BILE_ACID_METABOLISM	MSigDB_Hallmark	exploratory	0.740380744405525	0.801851851851852	0.853650017464199	Rxra,Gc,Ttr	3	112	6	Mutter_02
gdT	SBRT_vs_Ctrl	HALLMARK_INTERFERON_ALPHA_RESPONSE	MSigDB_Hallmark	exploratory	-0.778700023136164	0.80440097799511	0.853650017464199	Ifi44l,Ccrl2	2	100	23	Mutter_02
gdT	SBRT_vs_Ctrl	HALLMARK_HEDGEHOG_SIGNALING	MSigDB_Hallmark	exploratory	-0.647896255226683	0.872881355932204	0.907796610169492	Cntfr,Celsr1	2	36	5	Mutter_02
gdT	SBRT_vs_Ctrl	TypeI_interferon	project	primary	-0.642331452444547	0.903966597077244	0.921691432314053	Mx1,Oas2,Stat1,Ifitm1,Oasl1,Ifitm3,Ifit1	7	19	7	Mutter_02
gdT	SBRT_vs_Ctrl	HALLMARK_HEME_METABOLISM	MSigDB_Hallmark	exploratory	-0.504513209774453	0.993736951983299	0.993736951983299	Ackr1,Epor,Lamp2,Nr3c1,Slc2a1,Myl4,Aqp3	7	194	7	Mutter_02
small.peritoneal.macs	MBRT_vs_Ctrl	HALLMARK_ESTROGEN_RESPONSE_EARLY	MSigDB_Hallmark	exploratory	1.68764618768495	0.0100715642556668	0.167859404261114	Krt19,Ccnd1,Xbp1,Jak2,Myc,Krt18,Celsr2	7	200	17	Mutter_02
small.peritoneal.macs	MBRT_vs_Ctrl	HALLMARK_ESTROGEN_RESPONSE_LATE	MSigDB_Hallmark	exploratory	1.71953594806976	0.00508392472829918	0.167859404261114	S100a9,Krt19,Ccnd1,Xbp1,Jak2,Cav1,Fabp5,Dusp2	8	206	22	Mutter_02
small.peritoneal.macs	MBRT_vs_Ctrl	HALLMARK_UV_RESPONSE_DN	MSigDB_Hallmark	exploratory	1.6861814335832	0.00937196102309525	0.167859404261114	Smad3,Anxa2,Cav1,Myc,Notch2,Col3a1,Col1a1,Fyn,Mapk14,Rxra,Ica1,Nfkb1,Ldlr,Nr3c1	14	144	23	Mutter_02
small.peritoneal.macs	MBRT_vs_Ctrl	HALLMARK_COMPLEMENT	MSigDB_Hallmark	exploratory	1.57811324715108	0.0171173115724487	0.171173115724487	S100a9,Spock2,Pfn1,Jak2,Ccl5,Gzmb,Cxcl1,Fyn,Pdgfb,Timp1,Mmp12,Ltf,Itgam,C1qc,Dusp6,Calm3,Calm1	17	196	30	Mutter_02
small.peritoneal.macs	MBRT_vs_Ctrl	HALLMARK_G2M_CHECKPOINT	MSigDB_Hallmark	exploratory	1.65002521158287	0.0158840000861592	0.171173115724487	Ccnd1,Smad3,Myc,Notch2,Nusap1,Hif1a,Top2a,Mapk14,Chek1,Mt2,Cenpf,Tgfb1,Stmn1	13	198	21	Mutter_02
small.peritoneal.macs	MBRT_vs_Ctrl	HALLMARK_INFLAMMATORY_RESPONSE	MSigDB_Hallmark	exploratory	1.35415116817305	0.0673758865248227	0.421099290780142	Il1b,Ccl2,Ccl5,Itgb8,Axl,Tlr3,Best1,Myc,Hif1a,Msr1,Timp1,Il10ra,Rela,Tlr1,Nfkb1,Fzd5,Ifitm1,Ldlr,Cx3cl1,Il4ra,Ffar2,Cxcl10,Icam1,Cdkn1a,Nfkbia	25	201	60	Mutter_02
small.peritoneal.macs	MBRT_vs_Ctrl	HALLMARK_INTERFERON_ALPHA_RESPONSE	MSigDB_Hallmark	exploratory	-1.47153668652195	0.0663388621547514	0.421099290780142	Ifitm2,Ifi27,Tap1,Bst2,Cd47,Casp8,Sell,Il7,Il15,B2m,Lgals3bp	11	100	21	Mutter_02
small.peritoneal.macs	MBRT_vs_Ctrl	HALLMARK_TNFA_SIGNALING_VIA_NFKB	MSigDB_Hallmark	exploratory	1.34857011580492	0.0654867256637168	0.421099290780142	Ccnd1,Il1b,Ccl2,Smad3,Efna1,Stat5a,Ccl5,Dusp2,Ackr3,Myc	10	199	52	Mutter_02
small.peritoneal.macs	MBRT_vs_Ctrl	HALLMARK_P53_PATHWAY	MSigDB_Hallmark	exploratory	-1.37148357832394	0.087527352297593	0.486263068319961	Krt17,Tm4sf1,Itgb4,Tnfsf9,Tap1,Rack1,Bax,Cd81	8	199	27	Mutter_02
small.peritoneal.macs	MBRT_vs_Ctrl	HALLMARK_ALLOGRAFT_REJECTION	MSigDB_Hallmark	exploratory	1.15677377106501	0.178890876565295	0.526315789473684	Csk,Il1b,Pf4,Ccr1,Srgn,Ccl2,Jak2,Ccl5,Cxcr3,Ltb,Tlr3,Gzmb,Hif1a,Fgr,Ccr2	15	201	71	Mutter_02
small.peritoneal.macs	MBRT_vs_Ctrl	HALLMARK_ANDROGEN_RESPONSE	MSigDB_Hallmark	exploratory	1.24750966266401	0.191729323308271	0.526315789473684	Krt19,Ccnd1	2	112	13	Mutter_02
small.peritoneal.macs	MBRT_vs_Ctrl	HALLMARK_EPITHELIAL_MESENCHYMAL_TRANSITION	MSigDB_Hallmark	exploratory	1.25784466628514	0.125	0.526315789473684	Col5a1,Vegfc,Prss2,Col6a2,Notch2,Col3a1,Cxcl1,Col5a3,Mfap5,Col1a1,Wnt5a,Lgals1,Bmp1,Timp1	14	206	50	Mutter_02
small.peritoneal.macs	MBRT_vs_Ctrl	HALLMARK_GLYCOLYSIS	MSigDB_Hallmark	exploratory	-1.30183894733453	0.146341463414634	0.526315789473684	Vegfa,Sox9,Sod1,Vcan,Mertk	5	200	14	Mutter_02
small.peritoneal.macs	MBRT_vs_Ctrl	HALLMARK_KRAS_SIGNALING_UP	MSigDB_Hallmark	exploratory	-1.21066553991394	0.197777777777778	0.526315789473684	Sox9,Ace,Slpi,Ets1,Igf2,Mmp9,Il2rg,Eng	8	203	23	Mutter_02
small.peritoneal.macs	MBRT_vs_Ctrl	HALLMARK_MITOTIC_SPINDLE	MSigDB_Hallmark	exploratory	1.28968799865145	0.16793893129771	0.526315789473684	Notch2,Nusap1,Gsn,Top2a,Ezr,Cenpf	6	199	10	Mutter_02
small.peritoneal.macs	MBRT_vs_Ctrl	HALLMARK_NOTCH_SIGNALING	MSigDB_Hallmark	exploratory	1.26855357454915	0.174484052532833	0.526315789473684	Ccnd1,Notch2,Wnt5a,Fzd5	4	32	8	Mutter_02
small.peritoneal.macs	MBRT_vs_Ctrl	HALLMARK_REACTIVE_OXYGEN_SPECIES_PATHWAY	MSigDB_Hallmark	exploratory	-1.25906057206528	0.176715176715177	0.526315789473684	Junb,Sod1,Fes	3	48	3	Mutter_02
small.peritoneal.macs	MBRT_vs_Ctrl	HALLMARK_UNFOLDED_PROTEIN_RESPONSE	MSigDB_Hallmark	exploratory	1.31421473428892	0.154580152671756	0.526315789473684	Ccl2,Xbp1,Bag3	3	113	6	Mutter_02
small.peritoneal.macs	MBRT_vs_Ctrl	HALLMARK_UV_RESPONSE_UP	MSigDB_Hallmark	exploratory	-1.23203964433994	0.2	0.526315789473684	Casp3,Junb,Tap1,Fgf18,Sqstm1,H2-Q1	6	158	16	Mutter_02
small.peritoneal.macs	MBRT_vs_Ctrl	HALLMARK_APICAL_SURFACE	MSigDB_Hallmark	exploratory	-1.23569351371605	0.223880597014925	0.533049040511727	Brca1,Gata3,Il2rg,Efna5	4	44	8	Mutter_02
small.peritoneal.macs	MBRT_vs_Ctrl	HALLMARK_HYPOXIA	MSigDB_Hallmark	exploratory	1.19371165007708	0.21841155234657	0.533049040511727	Col5a1,Ldha,Anxa2,Efna1,Cav1,Ackr3,Rbpj,Pdgfb,Mt2,Nr3c1,Plac8	11	200	31	Mutter_02
small.peritoneal.macs	MBRT_vs_Ctrl	HALLMARK_CHOLESTEROL_HOMEOSTASIS	MSigDB_Hallmark	exploratory	-1.18559669193425	0.258547008547009	0.587544065804935	Alcam,Fasn	2	75	12	Mutter_02
small.peritoneal.macs	MBRT_vs_Ctrl	HALLMARK_SPERMATOGENESIS	MSigDB_Hallmark	exploratory	-1.17131620339871	0.27027027027027	0.587544065804935	Ace,Ezh2	2	135	3	Mutter_02
small.peritoneal.macs	MBRT_vs_Ctrl	HALLMARK_IL2_STAT5_SIGNALING	MSigDB_Hallmark	exploratory	-1.12608137468564	0.292410714285714	0.609188988095238	Alcam,Ifngr1,Casp3,Bcl2l1,Cd86,Ahr	6	199	33	Mutter_02
small.peritoneal.macs	MBRT_vs_Ctrl	HALLMARK_MTORC1_SIGNALING	MSigDB_Hallmark	exploratory	1.09266307240699	0.344569288389513	0.638091274795395	Ldha,Xbp1	2	201	12	Mutter_02
small.peritoneal.macs	MBRT_vs_Ctrl	HALLMARK_XENOBIOTIC_METABOLISM	MSigDB_Hallmark	exploratory	1.09837909066565	0.333333333333333	0.638091274795395	Arg1,Ptges3,Apoe,Mt2,Igf1	5	203	9	Mutter_02
small.peritoneal.macs	MBRT_vs_Ctrl	TypeII_interferon	project	primary	-1.10859989167139	0.326226012793177	0.638091274795395	Cxcl9,H2-Eb1,H2-Aa,Ciita	4	17	8	Mutter_02
small.peritoneal.macs	MBRT_vs_Ctrl	HALLMARK_APICAL_JUNCTION	MSigDB_Hallmark	exploratory	-1.06192346372975	0.370932754880694	0.662379919429811	Cd276,Itgb4,Mmp2,Vcan,Mmp9,Cd86,Syk	7	199	26	Mutter_02
small.peritoneal.macs	MBRT_vs_Ctrl	HALLMARK_FATTY_ACID_METABOLISM	MSigDB_Hallmark	exploratory	1.03842541761991	0.402234636871508	0.673494723774053	Ldha,S100a10,Lgals1	3	157	9	Mutter_02
small.peritoneal.macs	MBRT_vs_Ctrl	HALLMARK_MYC_TARGETS_V1	MSigDB_Hallmark	exploratory	1.03396912242339	0.404096834264432	0.673494723774053	Ldha,Myc,Ptges3	3	201	9	Mutter_02
small.peritoneal.macs	MBRT_vs_Ctrl	HALLMARK_ADIPOGENESIS	MSigDB_Hallmark	exploratory	-0.926065372078847	0.544491525423729	0.730994152046784	Ifngr1,Sod1,Vegfb,Lep,Sorbs1	5	200	11	Mutter_02
small.peritoneal.macs	MBRT_vs_Ctrl	HALLMARK_APOPTOSIS	MSigDB_Hallmark	exploratory	-0.960674807944033	0.520361990950226	0.730994152046784	Erbb2,Ifngr1,Casp3,Brca1,Mmp2,Bcl2l1,Sod1,Tap1,Tgfb2	9	160	48	Mutter_02
small.peritoneal.macs	MBRT_vs_Ctrl	HALLMARK_DNA_REPAIR	MSigDB_Hallmark	exploratory	-0.929099068035057	0.555555555555556	0.730994152046784	Tyms,Npr2,Nt5c3,Trp53	4	150	5	Mutter_02
small.peritoneal.macs	MBRT_vs_Ctrl	HALLMARK_IL6_JAK_STAT3_SIGNALING	MSigDB_Hallmark	exploratory	0.941694026960492	0.547237076648841	0.730994152046784	Il1b,Pf4,Ccr1,Ltb,Csf2ra,Cxcl1,Tnf	7	88	37	Mutter_02
small.peritoneal.macs	MBRT_vs_Ctrl	HALLMARK_INTERFERON_GAMMA_RESPONSE	MSigDB_Hallmark	exploratory	-0.960185740057395	0.504444444444444	0.730994152046784	Ifitm2,Ifi27,H2-D1,Casp3,Tap1,Cd86,Cxcl9,Bst2,Casp8,Cd274,H2-Eb1,Cd69,Vcam1,H2-Aa,Il7,Ciita,Il15,B2m,Lgals3bp	19	205	50	Mutter_02
small.peritoneal.macs	MBRT_vs_Ctrl	HALLMARK_KRAS_SIGNALING_DN	MSigDB_Hallmark	exploratory	-1.00091729241307	0.477894736842105	0.730994152046784	Fgfr3,Tgfb2,Krt1,Cpb1	4	202	7	Mutter_02
small.peritoneal.macs	MBRT_vs_Ctrl	HALLMARK_MYOGENESIS	MSigDB_Hallmark	exploratory	-0.957514598407098	0.491150442477876	0.730994152046784	Hdac5,Tnnc1,Itgb4	3	201	22	Mutter_02
small.peritoneal.macs	MBRT_vs_Ctrl	HALLMARK_WNT_BETA_CATENIN_SIGNALING	MSigDB_Hallmark	exploratory	-0.904295468751467	0.548387096774194	0.730994152046784	Hdac5	1	42	9	Mutter_02
small.peritoneal.macs	MBRT_vs_Ctrl	TypeI_interferon	project	primary	0.82471695040403	0.686907020872865	0.880650026760084	Ifitm1,Mx1,Ifit1,Stat1,Oasl1,Oas2,Ifitm3	7	19	7	Mutter_02
small.peritoneal.macs	MBRT_vs_Ctrl	DNA_Damage_Repair	project	primary	-0.755403469422992	0.784648187633262	0.891228070175439	Brca1,Bax	2	18	8	Mutter_02
small.peritoneal.macs	MBRT_vs_Ctrl	HALLMARK_ANGIOGENESIS	MSigDB_Hallmark	exploratory	-0.756844083800573	0.782426778242678	0.891228070175439	Vegfa,Vcan	2	36	10	Mutter_02
small.peritoneal.macs	MBRT_vs_Ctrl	HALLMARK_BILE_ACID_METABOLISM	MSigDB_Hallmark	exploratory	-0.817337137876412	0.723492723492724	0.891228070175439	Sod1	1	112	3	Mutter_02
small.peritoneal.macs	MBRT_vs_Ctrl	HALLMARK_E2F_TARGETS	MSigDB_Hallmark	exploratory	-0.790791059150161	0.765765765765766	0.891228070175439	Brca1,Tubb5,Ezh2,Birc5	4	200	17	Mutter_02
small.peritoneal.macs	MBRT_vs_Ctrl	HALLMARK_OXIDATIVE_PHOSPHORYLATION	MSigDB_Hallmark	exploratory	0.74444204161267	0.783938814531549	0.891228070175439	Ldha	1	199	4	Mutter_02
small.peritoneal.macs	MBRT_vs_Ctrl	HALLMARK_PROTEIN_SECRETION	MSigDB_Hallmark	exploratory	-0.72829169202575	0.802105263157895	0.891228070175439	Sod1,Lamp2,Dst,Arf1	4	96	7	Mutter_02
small.peritoneal.macs	MBRT_vs_Ctrl	HALLMARK_COAGULATION	MSigDB_Hallmark	exploratory	0.747790126382151	0.821109123434705	0.892509916776853	Pf4,Fyn,Gsn,Pdgfb,Bmp1,Timp1,Rac1,Dusp6	8	139	19	Mutter_02
small.peritoneal.macs	MBRT_vs_Ctrl	HALLMARK_PEROXISOME	MSigDB_Hallmark	exploratory	-0.711901582295584	0.848232848232848	0.902375370460477	Sod1	1	102	3	Mutter_02
small.peritoneal.macs	MBRT_vs_Ctrl	HALLMARK_TGF_BETA_SIGNALING	MSigDB_Hallmark	exploratory	-0.676250750512085	0.866525423728814	0.902630649717514	Junb,Eng,Bmpr2,Thbs1,Tgfbr1	5	54	11	Mutter_02
small.peritoneal.macs	MBRT_vs_Ctrl	HALLMARK_HEME_METABOLISM	MSigDB_Hallmark	exploratory	-0.594927357594989	0.935281837160752	0.945283018867925	Lamp2,Slc2a1	2	194	4	Mutter_02
small.peritoneal.macs	MBRT_vs_Ctrl	HALLMARK_PI3K_AKT_MTOR_SIGNALING	MSigDB_Hallmark	exploratory	0.599321429783124	0.945283018867925	0.945283018867925	Pfn1	1	105	11	Mutter_02
small.peritoneal.macs	MBRT_vs_SBRT	HALLMARK_UV_RESPONSE_DN	MSigDB_Hallmark	exploratory	-1.98789113570659	0.000851543446588268	0.0425771723294134	Col1a1,Col1a2,Ldlr,Col3a1,Ica1,Nfkb1,Adgrl2,Tgfbr2,Igf1r,Cav1	10	144	23	Mutter_02
small.peritoneal.macs	MBRT_vs_SBRT	DNA_Damage_Repair	project	primary	1.76639138160003	0.00489467647633471	0.122366911908368	Cdkn1a,Bax,Ddit3	3	18	8	Mutter_02
small.peritoneal.macs	MBRT_vs_SBRT	HALLMARK_G2M_CHECKPOINT	MSigDB_Hallmark	exploratory	-1.51021790902128	0.0402477433571599	0.287483881122571	Stmn1,Mki67,Top2a,Nusap1,Pttg1,Ccnd1,Ube2c	7	198	21	Mutter_02
small.peritoneal.macs	MBRT_vs_SBRT	HALLMARK_INFLAMMATORY_RESPONSE	MSigDB_Hallmark	exploratory	1.44336279911122	0.0366886403029246	0.287483881122571	Cdkn1a,Ccrl2,Best1,Cxcl9,Ccl5,Nlrp3,Il1a,Rgs1,Met,Itgb8,Cd14,Il1b,Il10ra,Icam1,Cd69,Tlr1,Il18,Hif1a,Nfkbia,Cd48,Cx3cl1,Ptger4,Tlr2,Msr1,Tlr3,Tnfsf9,Mmp14	27	201	60	Mutter_02
small.peritoneal.macs	MBRT_vs_SBRT	HALLMARK_INTERFERON_GAMMA_RESPONSE	MSigDB_Hallmark	exploratory	1.52559239933299	0.0276955927318661	0.287483881122571	Cdkn1a,Cxcl9,Ccl5,Cd274,Ifi44l,H2-Q10,Mt2,Cd86,Ciita,Il10ra,Icam1,Arid5b,Cd69,Hif1a,Btg1	15	205	50	Mutter_02
small.peritoneal.macs	MBRT_vs_SBRT	HALLMARK_P53_PATHWAY	MSigDB_Hallmark	exploratory	1.60468497714945	0.0199930165400855	0.287483881122571	Cdkn1a,Bax,Sat1,Il1a,Atf3,Ddit3	6	199	27	Mutter_02
small.peritoneal.macs	MBRT_vs_SBRT	HALLMARK_TNFA_SIGNALING_VIA_NFKB	MSigDB_Hallmark	exploratory	1.5002337967018	0.034655293039641	0.287483881122571	Cdkn1a,Ccrl2,Cd83,Ccl5,Sat1,Il1a,Atf3,Ccl4,Smad3,Il23a,Il1b,Icam1,Cd69,Il18,Btg1,Tnf	16	199	52	Mutter_02
small.peritoneal.macs	MBRT_vs_SBRT	HALLMARK_E2F_TARGETS	MSigDB_Hallmark	exploratory	-1.45973973085553	0.0651685393258427	0.330578512396694	Hmgb2,Stmn1,Mki67,Top2a,Dnmt1,Tubb5	6	200	17	Mutter_02
small.peritoneal.macs	MBRT_vs_SBRT	HALLMARK_EPITHELIAL_MESENCHYMAL_TRANSITION	MSigDB_Hallmark	exploratory	-1.41226000912117	0.0560318004205724	0.330578512396694	Col1a1,Col1a2,Acta2,Col3a1,Itgb5,Tpm2,Vim,Mmp2,Bgn,Col6a3,Vcan,Col5a1,Mgp,Lgals1,Mfap5,Col4a1,Gadd45b	17	206	50	Mutter_02
small.peritoneal.macs	MBRT_vs_SBRT	HALLMARK_PEROXISOME	MSigDB_Hallmark	exploratory	-1.43290233018233	0.0727272727272727	0.330578512396694	Top2a	1	102	3	Mutter_02
small.peritoneal.macs	MBRT_vs_SBRT	HALLMARK_REACTIVE_OXYGEN_SPECIES_PATHWAY	MSigDB_Hallmark	exploratory	-1.43659327076963	0.0707070707070707	0.330578512396694	Fes	1	48	3	Mutter_02
small.peritoneal.macs	MBRT_vs_SBRT	HALLMARK_APOPTOSIS	MSigDB_Hallmark	exploratory	1.30325412575343	0.0926916221033868	0.343406593406593	Cdkn1a,Bax,Sat1,Bcl2l1,Il1a,Atf3,Lgals3,Ddit3,Hgf,Cd14,Gsn,Il1b	12	160	48	Mutter_02
small.peritoneal.macs	MBRT_vs_SBRT	HALLMARK_FATTY_ACID_METABOLISM	MSigDB_Hallmark	exploratory	-1.42472196159724	0.0961538461538462	0.343406593406593	Fasn,Ldha,S100a10,Glul,Mif,Lgals1	6	157	9	Mutter_02
small.peritoneal.macs	MBRT_vs_SBRT	HALLMARK_NOTCH_SIGNALING	MSigDB_Hallmark	exploratory	-1.43003204281549	0.0824295010845987	0.343406593406593	Fzd7,Ccnd1,Fzd5	3	32	8	Mutter_02
small.peritoneal.macs	MBRT_vs_SBRT	HALLMARK_CHOLESTEROL_HOMEOSTASIS	MSigDB_Hallmark	exploratory	-1.36295230230721	0.137855579868709	0.423000660938533	Ldlr,Clu,Fasn,Alcam	4	75	12	Mutter_02
small.peritoneal.macs	MBRT_vs_SBRT	HALLMARK_GLYCOLYSIS	MSigDB_Hallmark	exploratory	-1.32253974250464	0.143820224719101	0.423000660938533	Stmn1,Ier3,Ppia,Ldha,Vcan,Mif,Col5a1	7	200	14	Mutter_02
small.peritoneal.macs	MBRT_vs_SBRT	HALLMARK_PI3K_AKT_MTOR_SIGNALING	MSigDB_Hallmark	exploratory	1.34742446526868	0.136612021857924	0.423000660938533	Cdkn1a,Ddit3	2	105	11	Mutter_02
small.peritoneal.macs	MBRT_vs_SBRT	HALLMARK_ESTROGEN_RESPONSE_EARLY	MSigDB_Hallmark	exploratory	-1.2739896582087	0.17752808988764	0.443820224719101	Fasn,Krt8,Ccnd1,Igf1r,Krt18,Aqp3,Xbp1	7	200	17	Mutter_02
small.peritoneal.macs	MBRT_vs_SBRT	HALLMARK_HYPOXIA	MSigDB_Hallmark	exploratory	1.25444400740382	0.168738898756661	0.443820224719101	Cdkn1a,Pgf,Atf3,Ddit3,Plac8	5	200	31	Mutter_02
small.peritoneal.macs	MBRT_vs_SBRT	HALLMARK_MYC_TARGETS_V1	MSigDB_Hallmark	exploratory	-1.29098899543638	0.170940170940171	0.443820224719101	Ppia,Ldha,Pcna,Rack1	4	201	9	Mutter_02
small.peritoneal.macs	MBRT_vs_SBRT	HALLMARK_ANGIOGENESIS	MSigDB_Hallmark	exploratory	-1.27758749334368	0.188311688311688	0.448361162646877	S100a4,Col3a1,Pf4,Vcan	4	36	10	Mutter_02
small.peritoneal.macs	MBRT_vs_SBRT	TypeII_interferon	project	primary	1.22819141729832	0.210720887245841	0.478911107376912	Cxcl9,Ciita	2	17	8	Mutter_02
small.peritoneal.macs	MBRT_vs_SBRT	HALLMARK_COAGULATION	MSigDB_Hallmark	exploratory	-1.17789528677547	0.248878923766816	0.518497757847534	Clu,Mmp2,Anxa1,Pf4,C1qa,Pdgfb	6	139	19	Mutter_02
small.peritoneal.macs	MBRT_vs_SBRT	HALLMARK_PROTEIN_SECRETION	MSigDB_Hallmark	exploratory	-1.22001773884576	0.2472647702407	0.518497757847534	Ica1,Arf1,Krt18,Dst	4	96	7	Mutter_02
small.peritoneal.macs	MBRT_vs_SBRT	HALLMARK_ANDROGEN_RESPONSE	MSigDB_Hallmark	exploratory	-1.13437757234085	0.307359307359307	0.585257829800696	Selenop,Krt8,Lifr,Ccnd1,B2m	5	112	13	Mutter_02
small.peritoneal.macs	MBRT_vs_SBRT	HALLMARK_COMPLEMENT	MSigDB_Hallmark	exploratory	1.08234171958815	0.329749103942652	0.585257829800696	S100a9,Ccl5,Lgals3,Calm3	4	196	30	Mutter_02
small.peritoneal.macs	MBRT_vs_SBRT	HALLMARK_KRAS_SIGNALING_UP	MSigDB_Hallmark	exploratory	1.11379070036017	0.318014705882353	0.585257829800696	Pdcd1lg2,Spry2,Csf2ra,Cidea,Cd37,Eng,Il1b,Il10ra,Sox9,Itgb2,Spp1	11	203	23	Mutter_02
small.peritoneal.macs	MBRT_vs_SBRT	HALLMARK_MITOTIC_SPINDLE	MSigDB_Hallmark	exploratory	-1.16460780284433	0.294372294372294	0.585257829800696	Top2a,Nusap1,Plekhg2,Abl1,Dst,Birc5	6	199	10	Mutter_02
small.peritoneal.macs	MBRT_vs_SBRT	HALLMARK_MTORC1_SIGNALING	MSigDB_Hallmark	exploratory	1.10088127149045	0.339449541284404	0.585257829800696	Cdkn1a,Ddit3	2	201	12	Mutter_02
small.peritoneal.macs	MBRT_vs_SBRT	HALLMARK_APICAL_SURFACE	MSigDB_Hallmark	exploratory	1.01400820864978	0.436229205175601	0.727048675292668	Ephb4,Efna5,Gata3,App,Cx3cl1	5	44	8	Mutter_02
small.peritoneal.macs	MBRT_vs_SBRT	HALLMARK_ESTROGEN_RESPONSE_LATE	MSigDB_Hallmark	exploratory	0.996149025279251	0.469314079422383	0.733303249097473	S100a9,Celsr2	2	206	22	Mutter_02
small.peritoneal.macs	MBRT_vs_SBRT	HALLMARK_MYOGENESIS	MSigDB_Hallmark	exploratory	-0.991596033344223	0.459821428571429	0.733303249097473	Col1a1,Col3a1,Clu,Itgb5,Tpm2	5	201	22	Mutter_02
small.peritoneal.macs	MBRT_vs_SBRT	HALLMARK_ALLOGRAFT_REJECTION	MSigDB_Hallmark	exploratory	0.94356662561038	0.567062818336163	0.859186088388126	Cxcl9,Ccl5,Nlrp3,Fgr,Itgal,Ccl4,Tgfb1,Ccr1,H2-Q10,Il1b,Cd86,Icam1,Tlr1,Il18,Hif1a,Tnf,Ccl19,Itgb2,Cd3e,H2-T23,Tlr2,Ccl11,Il12a,Tlr3	24	201	71	Mutter_02
small.peritoneal.macs	MBRT_vs_SBRT	HALLMARK_ADIPOGENESIS	MSigDB_Hallmark	exploratory	0.831589557947505	0.673952641165756	0.878870673952641	Fabp4,Apoe,Cidea	3	200	11	Mutter_02
small.peritoneal.macs	MBRT_vs_SBRT	HALLMARK_BILE_ACID_METABOLISM	MSigDB_Hallmark	exploratory	0.917830645976321	0.62278978388998	0.878870673952641	Gc,Rxra	2	112	3	Mutter_02
small.peritoneal.macs	MBRT_vs_SBRT	HALLMARK_KRAS_SIGNALING_DN	MSigDB_Hallmark	exploratory	0.824289562026135	0.69908256880734	0.878870673952641	Celsr2,Ifi44l	2	202	7	Mutter_02
small.peritoneal.macs	MBRT_vs_SBRT	HALLMARK_OXIDATIVE_PHOSPHORYLATION	MSigDB_Hallmark	exploratory	0.847854869908341	0.669793621013133	0.878870673952641	Bax	1	199	4	Mutter_02
small.peritoneal.macs	MBRT_vs_SBRT	HALLMARK_SPERMATOGENESIS	MSigDB_Hallmark	exploratory	0.867190103131489	0.675834970530452	0.878870673952641	Mtor	1	135	3	Mutter_02
small.peritoneal.macs	MBRT_vs_SBRT	HALLMARK_TGF_BETA_SIGNALING	MSigDB_Hallmark	exploratory	0.800697042074857	0.703096539162113	0.878870673952641	Smad3,Tgfb1,Eng	3	54	11	Mutter_02
small.peritoneal.macs	MBRT_vs_SBRT	HALLMARK_UV_RESPONSE_UP	MSigDB_Hallmark	exploratory	0.863337471038081	0.639344262295082	0.878870673952641	Atf3,Icam1,Btg1,Nfkbia,Mmp14,H2-Q1	6	158	16	Mutter_02
small.peritoneal.macs	MBRT_vs_SBRT	HALLMARK_IL6_JAK_STAT3_SIGNALING	MSigDB_Hallmark	exploratory	0.814448745363228	0.763668430335097	0.931302963823289	Acvrl1,Cxcl9,Csf2ra,Cd14,Tgfb1,Ccr1,Il1b	7	88	37	Mutter_02
small.peritoneal.macs	MBRT_vs_SBRT	HALLMARK_IL2_STAT5_SIGNALING	MSigDB_Hallmark	exploratory	-0.769801784522396	0.834451901565996	0.963860617560807	Ifngr1,Il4ra,Alcam,Ahr,Igf1r,Col6a1,Il3ra,Cd81,Xbp1	9	199	33	Mutter_02
small.peritoneal.macs	MBRT_vs_SBRT	HALLMARK_UNFOLDED_PROTEIN_RESPONSE	MSigDB_Hallmark	exploratory	0.683623771434689	0.84819734345351	0.963860617560807	Atf3	1	113	6	Mutter_02
small.peritoneal.macs	MBRT_vs_SBRT	HALLMARK_XENOBIOTIC_METABOLISM	MSigDB_Hallmark	exploratory	0.718732072890355	0.831460674157303	0.963860617560807	Apoe,Mt2	2	203	9	Mutter_02
small.peritoneal.macs	MBRT_vs_SBRT	HALLMARK_WNT_BETA_CATENIN_SIGNALING	MSigDB_Hallmark	exploratory	-0.658273822533319	0.882478632478632	0.980531813865147	Rbpj,Ctnnb1,Dll1,Hdac5,Ppard,Hey1,Trp53,Myc,Jag1	9	42	9	Mutter_02
small.peritoneal.macs	MBRT_vs_SBRT	HALLMARK_INTERFERON_ALPHA_RESPONSE	MSigDB_Hallmark	exploratory	0.657427240311883	0.909090909090909	0.981846574272887	Ccrl2,Ifi44l,H2-Q10	3	100	21	Mutter_02
small.peritoneal.macs	MBRT_vs_SBRT	TypeI_interferon	project	primary	0.600936940663518	0.922935779816514	0.981846574272887	Mx1	1	19	7	Mutter_02
small.peritoneal.macs	MBRT_vs_SBRT	HALLMARK_APICAL_JUNCTION	MSigDB_Hallmark	exploratory	0.633764505416147	0.95724907063197	0.994299638832079	Cd274,Cd86,Icam1,Mapk13,Tnfrsf11b,Actg2,Cx3cl1,Vcam1	8	199	26	Mutter_02
small.peritoneal.macs	MBRT_vs_SBRT	HALLMARK_HEME_METABOLISM	MSigDB_Hallmark	exploratory	-0.52119613554852	0.974413646055437	0.994299638832079	Aqp3,Lamp2,Slc2a1,Nr3c1	4	194	4	Mutter_02
small.peritoneal.macs	MBRT_vs_SBRT	HALLMARK_DNA_REPAIR	MSigDB_Hallmark	exploratory	-0.446888679938819	0.995555555555556	0.995555555555556	Pcna,Nt5c3,Tyms,Trp53,Npr2	5	150	5	Mutter_02
small.peritoneal.macs	SBRT_vs_Ctrl	HALLMARK_UV_RESPONSE_DN	MSigDB_Hallmark	exploratory	1.94411501580111	0.000890863583106726	0.0445431791553363	Col1a1,Ldlr,Col1a2,Col3a1,Cav1,Ica1,Nfkb1,Anxa2,Tgfbr2,Fyn,Mapk14,Notch2,Adgrl2,Myc	14	144	23	Mutter_02
small.peritoneal.macs	SBRT_vs_Ctrl	HALLMARK_APICAL_SURFACE	MSigDB_Hallmark	exploratory	-1.78128588322129	0.00530688076676854	0.104064711249852	Gata3,Efna5,Brca1,Ephb4	4	44	8	Mutter_02
small.peritoneal.macs	SBRT_vs_Ctrl	HALLMARK_G2M_CHECKPOINT	MSigDB_Hallmark	exploratory	1.74199028049019	0.0062438826749911	0.104064711249852	Ccnd1,Stmn1,Nusap1,Top2a,Mki67,Pttg1,Chek1,Mapk14,Notch2,Myc,Ube2c,Cenpf,Smad3	13	198	21	Mutter_02
small.peritoneal.macs	SBRT_vs_Ctrl	DNA_Damage_Repair	project	primary	-1.6289993575537	0.0223499168639167	0.159642263313691	Cdkn1a,Bax	2	18	8	Mutter_02
small.peritoneal.macs	SBRT_vs_Ctrl	HALLMARK_ESTROGEN_RESPONSE_EARLY	MSigDB_Hallmark	exploratory	1.63020725662773	0.0189465814590202	0.159642263313691	Ccnd1,Xbp1,Krt19,Krt18,Krt8,Jak2	6	200	17	Mutter_02
small.peritoneal.macs	SBRT_vs_Ctrl	HALLMARK_INTERFERON_GAMMA_RESPONSE	MSigDB_Hallmark	exploratory	-1.5671854202539	0.0138169953013661	0.159642263313691	Cdkn1a,Cxcl9,Cd274,Cd86,Ifitm2,Cd69,Casp3,Ciita,Ifi27,Ifi44l,Tap1,Vcam1,H2-D1	13	205	50	Mutter_02
small.peritoneal.macs	SBRT_vs_Ctrl	HALLMARK_P53_PATHWAY	MSigDB_Hallmark	exploratory	-1.57940972939413	0.0221945668519951	0.159642263313691	Cdkn1a,Bax,Sat1,Krt17,Tnfsf9,Atf3,Il1a	7	199	27	Mutter_02
small.peritoneal.macs	SBRT_vs_Ctrl	HALLMARK_ESTROGEN_RESPONSE_LATE	MSigDB_Hallmark	exploratory	1.57012650708072	0.0300694838481292	0.187934274050807	Ccnd1,Top2a,Xbp1,Krt19,Cav1,Jak2,Fabp5,S100a9,Dusp2	9	206	22	Mutter_02
small.peritoneal.macs	SBRT_vs_Ctrl	HALLMARK_EPITHELIAL_MESENCHYMAL_TRANSITION	MSigDB_Hallmark	exploratory	1.41668849197501	0.0503731343283582	0.272966447335264	Col1a1,Col5a1,Col1a2,Col3a1,Acta2,Col6a2,Mfap5,Lgals1,Itgb5,Col5a3,Tpm2,Col6a3,Timp1,Notch2,Gadd45b,Wnt5a,Bgn,Col4a1,Prss2	19	206	50	Mutter_02
small.peritoneal.macs	SBRT_vs_Ctrl	HALLMARK_MITOTIC_SPINDLE	MSigDB_Hallmark	exploratory	1.54725978603953	0.0545932894670527	0.272966447335264	Nusap1,Top2a,Plekhg2,Notch2	4	199	10	Mutter_02
small.peritoneal.macs	SBRT_vs_Ctrl	HALLMARK_FATTY_ACID_METABOLISM	MSigDB_Hallmark	exploratory	1.44891291942356	0.0671785028790787	0.30535683126854	Ldha,S100a10,Lgals1,Mif	4	157	9	Mutter_02
small.peritoneal.macs	SBRT_vs_Ctrl	TypeII_interferon	project	primary	-1.46616327575455	0.0833333333333333	0.347222222222222	Cxcl9,Ciita,H2-Aa,H2-Eb1	4	17	8	Mutter_02
small.peritoneal.macs	SBRT_vs_Ctrl	HALLMARK_TNFA_SIGNALING_VIA_NFKB	MSigDB_Hallmark	exploratory	-1.31506167745915	0.0958605664488017	0.368694486341545	Cdkn1a,Sat1,Ccrl2,Cd83,Vegfa,Tnfsf9,Atf3,Il23a,Il1a,Junb,Cd69	11	199	52	Mutter_02
small.peritoneal.macs	SBRT_vs_Ctrl	HALLMARK_NOTCH_SIGNALING	MSigDB_Hallmark	exploratory	1.3893839672944	0.103921568627451	0.371148459383754	Ccnd1,Fzd5,Notch2,Wnt5a	4	32	8	Mutter_02
small.peritoneal.macs	SBRT_vs_Ctrl	HALLMARK_ANDROGEN_RESPONSE	MSigDB_Hallmark	exploratory	1.36552721482952	0.11731843575419	0.383877159309021	Ccnd1,Selenop,Krt19,Lifr,Krt8,Akt1	6	112	13	Mutter_02
small.peritoneal.macs	SBRT_vs_Ctrl	HALLMARK_ANGIOGENESIS	MSigDB_Hallmark	exploratory	1.34442846097248	0.131178707224335	0.383877159309021	Pf4,Col3a1,S100a4	3	36	10	Mutter_02
small.peritoneal.macs	SBRT_vs_Ctrl	HALLMARK_APOPTOSIS	MSigDB_Hallmark	exploratory	-1.28551327602711	0.126637554585153	0.383877159309021	Cdkn1a,Bax,Bcl2l1,Erbb2,Sat1,Atf3,Tgfb2,Il1a,Cd69,Casp3,Sod1,Tap1,Brca1,Cd14	14	160	48	Mutter_02
small.peritoneal.macs	SBRT_vs_Ctrl	HALLMARK_E2F_TARGETS	MSigDB_Hallmark	exploratory	1.29201581077178	0.159474671669794	0.383877159309021	Hmgb2,Stmn1,Top2a,Mki67,Dnmt1,Pttg1,Pcna,Chek1	8	200	17	Mutter_02
small.peritoneal.macs	SBRT_vs_Ctrl	HALLMARK_KRAS_SIGNALING_UP	MSigDB_Hallmark	exploratory	-1.28651203422528	0.146186440677966	0.383877159309021	Sox9,Ace,Spry2,Eng,Pdcd1lg2,Ets1	6	203	23	Mutter_02
small.peritoneal.macs	SBRT_vs_Ctrl	HALLMARK_MYC_TARGETS_V1	MSigDB_Hallmark	exploratory	1.29348867591517	0.161228406909789	0.383877159309021	Ldha,Ppia,Pcna,Ptges3,Myc	5	201	9	Mutter_02
small.peritoneal.macs	SBRT_vs_Ctrl	HALLMARK_REACTIVE_OXYGEN_SPECIES_PATHWAY	MSigDB_Hallmark	exploratory	-1.30329116553858	0.142268041237113	0.383877159309021	Junb,Sod1	2	48	3	Mutter_02
small.peritoneal.macs	SBRT_vs_Ctrl	HALLMARK_GLYCOLYSIS	MSigDB_Hallmark	exploratory	1.19642457874368	0.241252302025783	0.548300686422233	Stmn1,Col5a1,Ldha,Ppia,Ier3	5	200	14	Mutter_02
small.peritoneal.macs	SBRT_vs_Ctrl	HALLMARK_INFLAMMATORY_RESPONSE	MSigDB_Hallmark	exploratory	-1.10470671683082	0.276371308016878	0.600807191341038	Cdkn1a,Cxcl9,Ccrl2,Nlrp3,Rgs1,Tnfsf9,Il1a,Cd69	8	201	60	Mutter_02
small.peritoneal.macs	SBRT_vs_Ctrl	HALLMARK_COMPLEMENT	MSigDB_Hallmark	exploratory	1.11450899360319	0.305343511450382	0.635593220338983	Gzmb,Pfn1,Spock2,Clu,Jak2,Pdgfb,S100a9,Fyn,Timp1,C1qc	10	196	30	Mutter_02
small.peritoneal.macs	SBRT_vs_Ctrl	HALLMARK_PI3K_AKT_MTOR_SIGNALING	MSigDB_Hallmark	exploratory	-1.12464478598013	0.317796610169492	0.635593220338983	Cdkn1a	1	105	11	Mutter_02
small.peritoneal.macs	SBRT_vs_Ctrl	HALLMARK_IL2_STAT5_SIGNALING	MSigDB_Hallmark	exploratory	-1.08032415748203	0.333333333333333	0.641025641025641	Bcl2l1,Cd83,Cd86,Tnfrsf18,Casp3,Alcam	6	199	33	Mutter_02
small.peritoneal.macs	SBRT_vs_Ctrl	HALLMARK_MTORC1_SIGNALING	MSigDB_Hallmark	exploratory	1.07112664638011	0.364485981308411	0.65086782376502	Ldlr,Ldha,Xbp1,Ppia	4	201	12	Mutter_02
small.peritoneal.macs	SBRT_vs_Ctrl	HALLMARK_PROTEIN_SECRETION	MSigDB_Hallmark	exploratory	1.1245296225675	0.353515625	0.65086782376502	Ica1,Krt18	2	96	7	Mutter_02
small.peritoneal.macs	SBRT_vs_Ctrl	HALLMARK_KRAS_SIGNALING_DN	MSigDB_Hallmark	exploratory	-1.08190102870604	0.391836734693878	0.67558057705841	Tgfb2,Fgfr3,Ifi44l,Celsr2,Cpb1	5	202	7	Mutter_02
small.peritoneal.macs	SBRT_vs_Ctrl	HALLMARK_CHOLESTEROL_HOMEOSTASIS	MSigDB_Hallmark	exploratory	0.945101942137552	0.532710280373832	0.682961897915169	Ldlr,Clu,Fabp5,Ctnnb1	4	75	12	Mutter_02
small.peritoneal.macs	SBRT_vs_Ctrl	HALLMARK_COAGULATION	MSigDB_Hallmark	exploratory	0.958882668701109	0.511194029850746	0.682961897915169	Pf4,Clu,Pdgfb,Fyn,Timp1,Rac1,Bmp1,Dusp6,Anxa1	9	139	19	Mutter_02
small.peritoneal.macs	SBRT_vs_Ctrl	HALLMARK_HYPOXIA	MSigDB_Hallmark	exploratory	0.991785834033516	0.474480151228733	0.682961897915169	Col5a1,Ldha,Cav1,S100a4,Ier3,Anxa2,Rbpj,Pdgfb	8	200	31	Mutter_02
small.peritoneal.macs	SBRT_vs_Ctrl	HALLMARK_INTERFERON_ALPHA_RESPONSE	MSigDB_Hallmark	exploratory	-0.955003190275493	0.496894409937888	0.682961897915169	Ccrl2,Ifitm2,Ifi27,Ifi44l,Tap1	5	100	21	Mutter_02
small.peritoneal.macs	SBRT_vs_Ctrl	HALLMARK_MYOGENESIS	MSigDB_Hallmark	exploratory	0.984489811200294	0.478504672897196	0.682961897915169	Col1a1,Col3a1,Col6a2,Clu,Tcap,Itgb5,Tpm2,Col6a3	8	201	22	Mutter_02
small.peritoneal.macs	SBRT_vs_Ctrl	HALLMARK_PEROXISOME	MSigDB_Hallmark	exploratory	0.969511806206435	0.526112185686654	0.682961897915169	Top2a	1	102	3	Mutter_02
small.peritoneal.macs	SBRT_vs_Ctrl	HALLMARK_SPERMATOGENESIS	MSigDB_Hallmark	exploratory	-1.05412596753126	0.447422680412371	0.682961897915169	Ace,Mtor,Ezh2	3	135	3	Mutter_02
small.peritoneal.macs	SBRT_vs_Ctrl	HALLMARK_UNFOLDED_PROTEIN_RESPONSE	MSigDB_Hallmark	exploratory	0.962160682361214	0.514506769825919	0.682961897915169	Xbp1,Ccl2,Hsp90b1,Bag3	4	113	6	Mutter_02
small.peritoneal.macs	SBRT_vs_Ctrl	HALLMARK_UV_RESPONSE_UP	MSigDB_Hallmark	exploratory	-1.01340315487753	0.444444444444444	0.682961897915169	Atf3,Junb,Casp3,Tap1,H2-Q1	5	158	16	Mutter_02
small.peritoneal.macs	SBRT_vs_Ctrl	HALLMARK_XENOBIOTIC_METABOLISM	MSigDB_Hallmark	exploratory	1.00063257120779	0.45489443378119	0.682961897915169	Arg1	1	203	9	Mutter_02
small.peritoneal.macs	SBRT_vs_Ctrl	HALLMARK_OXIDATIVE_PHOSPHORYLATION	MSigDB_Hallmark	exploratory	-0.946080911351738	0.559118236472946	0.698897795591182	Bax	1	199	4	Mutter_02
small.peritoneal.macs	SBRT_vs_Ctrl	TypeI_interferon	project	primary	0.856253570974051	0.630859375	0.769340701219512	Ifitm1	1	19	7	Mutter_02
small.peritoneal.macs	SBRT_vs_Ctrl	HALLMARK_ADIPOGENESIS	MSigDB_Hallmark	exploratory	0.813237057707815	0.711320754716981	0.820158102766799	Stat5a,Lifr	2	200	11	Mutter_02
small.peritoneal.macs	SBRT_vs_Ctrl	HALLMARK_APICAL_JUNCTION	MSigDB_Hallmark	exploratory	-0.832627107800293	0.721739130434783	0.820158102766799	Cd274,Cd86,Vcam1,Col17a1,Cd276,Itgb4,Syk,Mmp9	8	199	26	Mutter_02
small.peritoneal.macs	SBRT_vs_Ctrl	HALLMARK_BILE_ACID_METABOLISM	MSigDB_Hallmark	exploratory	-0.842980494572769	0.705154639175258	0.820158102766799	Sod1	1	112	3	Mutter_02
small.peritoneal.macs	SBRT_vs_Ctrl	HALLMARK_ALLOGRAFT_REJECTION	MSigDB_Hallmark	exploratory	0.816831673631216	0.824091778202677	0.895751932828997	Gzmb,Pf4,Csk,Il4ra,Ptprc,Cxcr3,Srgn,Ccr2,Jak2,Eif5a,Ccl2,H2-M3,Akt1,Il1b	14	201	71	Mutter_02
small.peritoneal.macs	SBRT_vs_Ctrl	HALLMARK_TGF_BETA_SIGNALING	MSigDB_Hallmark	exploratory	-0.722782670931151	0.822033898305085	0.895751932828997	Eng,Junb	2	54	11	Mutter_02
small.peritoneal.macs	SBRT_vs_Ctrl	HALLMARK_DNA_REPAIR	MSigDB_Hallmark	exploratory	-0.680133606101643	0.863636363636364	0.899621212121212	Npr2,Tyms,Trp53	3	150	5	Mutter_02
small.peritoneal.macs	SBRT_vs_Ctrl	HALLMARK_HEME_METABOLISM	MSigDB_Hallmark	exploratory	-0.675235446847164	0.847695390781563	0.899621212121212	Slc2a1,Lamp2	2	194	4	Mutter_02
small.peritoneal.macs	SBRT_vs_Ctrl	HALLMARK_WNT_BETA_CATENIN_SIGNALING	MSigDB_Hallmark	exploratory	-0.625214228249521	0.931392931392931	0.950400950400951	Hdac5	1	42	9	Mutter_02
small.peritoneal.macs	SBRT_vs_Ctrl	HALLMARK_IL6_JAK_STAT3_SIGNALING	MSigDB_Hallmark	exploratory	-0.591945418616335	0.983298538622129	0.983298538622129	Cxcl9,Acvrl1,Pdgfc,Il12rb1,Cd14,Tlr2,Ltbr,Cxcl2	8	88	37	Mutter_02
spleen.red.pulp.macs	MBRT_vs_Ctrl	HALLMARK_EPITHELIAL_MESENCHYMAL_TRANSITION	MSigDB_Hallmark	exploratory	2.01757422300958	1.00336556256779e-05	0.000521750092535252	Col3a1,Col5a3,Dcn,Col1a1,Mfap5,Col12a1,Timp1,Acta2,Col5a2,Cxcl5,Bgn,Col1a2,Il6,Cxcl3,Col5a1,Vcan,Serpinh1,Itga5,Cdh11,Col6a3,Cxcl12,Wnt5a,Tnfrsf11b,Snai2,Itga2,Lum,Col4a1	27	206	72	Mutter_02
spleen.red.pulp.macs	MBRT_vs_Ctrl	HALLMARK_UV_RESPONSE_DN	MSigDB_Hallmark	exploratory	1.96866947865253	0.000354615253284745	0.00921999658540337	Col3a1,Col1a1,Col5a2,Col1a2,Tgfbr2,Fyn,Mapk14,Rxra,Ica1,Snai2,Igfbp5,Dusp1,Nr3c1	13	144	32	Mutter_02
spleen.red.pulp.macs	MBRT_vs_Ctrl	HALLMARK_TGF_BETA_SIGNALING	MSigDB_Hallmark	exploratory	-1.81564303125994	0.00411093422811605	0.0712561932873449	Junb,Tgfbr1,Hdac1,Smad3,Thbs1,Eng,Bmpr1a,Bmp2,Apc,Acvr1	10	54	15	Mutter_02
spleen.red.pulp.macs	MBRT_vs_Ctrl	HALLMARK_ANGIOGENESIS	MSigDB_Hallmark	exploratory	1.64332604792307	0.0115805741655866	0.150547464152625	Col3a1,Pf4,Timp1,Col5a2,Cxcl5,Vcan,Vtn,Fgfr1,Pdgfa,Lum,App,Olr1	12	36	19	Mutter_02
spleen.red.pulp.macs	MBRT_vs_Ctrl	HALLMARK_P53_PATHWAY	MSigDB_Hallmark	exploratory	-1.46560987407828	0.0366035814837752	0.380677247431262	Notch1,Itgb4,Epha2,Tsc22d1,Ndrg1,Tm4sf1,Il1a,Rack1,Bmp2,Acvr1b,S100a4,Btg1,Tnfsf9,Atf3,Tap1	15	199	39	Mutter_02
spleen.red.pulp.macs	MBRT_vs_Ctrl	HALLMARK_ADIPOGENESIS	MSigDB_Hallmark	exploratory	1.37686973698443	0.10958904109589	0.56986301369863	Stat5a,Gpx3,Fabp4,Lifr,Fzd4,Apoe,Angpt1,Sorbs1,Col4a1	9	200	19	Mutter_02
spleen.red.pulp.macs	MBRT_vs_Ctrl	HALLMARK_INFLAMMATORY_RESPONSE	MSigDB_Hallmark	exploratory	1.26140421046379	0.0875	0.56986301369863	Lamp3,Timp1,Cxcl5,Il4ra,Il18,Cd55,Il6,Ffar2,Gpr183,Itga5,Ahr,Osm,Sell,Hif1a,Ptger4,Nfkbia,Il10,Cd48,Ifitm1,Ifngr2,Tlr3,Olr1,Il2rb,Tnfrsf9,Nfkb1,Ccl5,Il1b,Lif	28	201	86	Mutter_02
spleen.red.pulp.macs	MBRT_vs_Ctrl	HALLMARK_INTERFERON_GAMMA_RESPONSE	MSigDB_Hallmark	exploratory	-1.25987600987304	0.104081632653061	0.56986301369863	Ifi27,Casp3,Ciita,Cd38,Cd40,Bst2,Fpr1,Ifi44l,Cd274,Tnfsf10,Oasl1,H2-DMa,Klrk1,Btg1,Ifitm3,Cxcl9,Tap1,Rigi,Ido1,H2-Eb1,H2-Aa,Arid5b,Ptgs2,H2-M3,Tnfaip6,H2-D1,Cd86,B2m,Nlrc5	29	205	65	Mutter_02
spleen.red.pulp.macs	MBRT_vs_Ctrl	HALLMARK_PEROXISOME	MSigDB_Hallmark	exploratory	-1.37069371751454	0.0952380952380952	0.56986301369863	Sod1,Ttr,Msh2	3	102	4	Mutter_02
spleen.red.pulp.macs	MBRT_vs_Ctrl	TypeII_interferon	project	primary	-1.3900625765325	0.102249488752556	0.56986301369863	Ciita,Cxcl9,H2-Ab1,H2-Eb1,H2-Aa,Cd74	6	17	8	Mutter_02
spleen.red.pulp.macs	MBRT_vs_Ctrl	HALLMARK_KRAS_SIGNALING_UP	MSigDB_Hallmark	exploratory	-1.26852304345028	0.124497991967871	0.588535962029938	Sox9,Slpi,Csf2ra,Ace,Sparcl1,Igfbp3,Itgb2,Ets1,Eng,Pigr,Inhba,Bmp2,Etv4	13	203	49	Mutter_02
spleen.red.pulp.macs	MBRT_vs_Ctrl	HALLMARK_E2F_TARGETS	MSigDB_Hallmark	exploratory	-1.29119623792349	0.139959432048682	0.606490872210953	Tubb5,Cdkn3,Mlh1,Chek2,Msh2,Chek1,Dnmt1	7	200	20	Mutter_02
spleen.red.pulp.macs	MBRT_vs_Ctrl	DNA_Damage_Repair	project	primary	-1.11823669822496	0.327345309381238	0.750696496411988	Atr,Chek2,Chek1,Bax,Ddit3,Parp1	6	18	10	Mutter_02
spleen.red.pulp.macs	MBRT_vs_Ctrl	HALLMARK_ANDROGEN_RESPONSE	MSigDB_Hallmark	exploratory	-1.10376436663228	0.332038834951456	0.750696496411988	Mertk,Tsc22d1,Ndrg1,Itgav,Krt8,Fkbp5,Myl12a	7	112	17	Mutter_02
spleen.red.pulp.macs	MBRT_vs_Ctrl	HALLMARK_APICAL_SURFACE	MSigDB_Hallmark	exploratory	-1.19383514701531	0.249500998003992	0.750696496411988	Gata3,Efna5,Ephb4,Hspb1	4	44	10	Mutter_02
spleen.red.pulp.macs	MBRT_vs_Ctrl	HALLMARK_COAGULATION	MSigDB_Hallmark	exploratory	1.07888253848851	0.329979879275654	0.750696496411988	Pf4,Timp1,Pdgfb,Fyn	4	139	28	Mutter_02
spleen.red.pulp.macs	MBRT_vs_Ctrl	HALLMARK_COMPLEMENT	MSigDB_Hallmark	exploratory	1.17234848504806	0.208576998050682	0.750696496411988	Timp1,S100a9,Cd55,Il6,Pdgfb,Cxcl3,Fyn,Mmp12,Gzmb,Pfn1,Gzma,Olr1,Ccl5	13	196	42	Mutter_02
spleen.red.pulp.macs	MBRT_vs_Ctrl	HALLMARK_DNA_REPAIR	MSigDB_Hallmark	exploratory	-1.23221313053224	0.227184466019417	0.750696496411988	Tyms,Npr2,Nt5c3,Pcna	4	150	5	Mutter_02
spleen.red.pulp.macs	MBRT_vs_Ctrl	HALLMARK_GLYCOLYSIS	MSigDB_Hallmark	exploratory	-1.19153859474958	0.240556660039761	0.750696496411988	Sox9,Sod1,Igfbp3,Mertk,Il13ra1,Vegfa	6	200	18	Mutter_02
spleen.red.pulp.macs	MBRT_vs_Ctrl	HALLMARK_MYC_TARGETS_V1	MSigDB_Hallmark	exploratory	-1.12767058748593	0.306748466257669	0.750696496411988	Tyms,Rack1,Hsp90ab1	3	201	9	Mutter_02
spleen.red.pulp.macs	MBRT_vs_Ctrl	HALLMARK_REACTIVE_OXYGEN_SPECIES_PATHWAY	MSigDB_Hallmark	exploratory	-1.16212027005717	0.300970873786408	0.750696496411988	Junb,Sod1	2	48	5	Mutter_02
spleen.red.pulp.macs	MBRT_vs_Ctrl	HALLMARK_SPERMATOGENESIS	MSigDB_Hallmark	exploratory	-1.21958426307969	0.215291750503018	0.750696496411988	Ace,Cdkn3	2	135	6	Mutter_02
spleen.red.pulp.macs	MBRT_vs_Ctrl	HALLMARK_UV_RESPONSE_UP	MSigDB_Hallmark	exploratory	-1.1150733951688	0.298174442190669	0.750696496411988	Junb,Casp3,Sqstm1,Fgf18,Bmp2,Btg1,Atf3,Rxrb,H2-Q1,Tap1	10	158	24	Mutter_02
spleen.red.pulp.macs	MBRT_vs_Ctrl	HALLMARK_HYPOXIA	MSigDB_Hallmark	exploratory	1.07058440412271	0.356435643564356	0.772277227722772	Dcn,Bgn,Il6,Pdgfb,Mt2,Col5a1,Ackr3	7	200	39	Mutter_02
spleen.red.pulp.macs	MBRT_vs_Ctrl	HALLMARK_ALLOGRAFT_REJECTION	MSigDB_Hallmark	exploratory	1.02798675195264	0.387878787878788	0.775757575757576	Pf4,Cd3e,Timp1,Il4ra,Il18,Il6,Elane,Cd3d,Ccl11,Srgn,Cxcr3,Hif1a,Fasl,Il10,Brca1,Ifnar2,Gzmb,Ifngr2,Gzma,Tlr3,Il2rb,Ncr1,Ccl5,Il1b,Lif,Csk,Ccl2,Prf1	28	201	102	Mutter_02
spleen.red.pulp.macs	MBRT_vs_Ctrl	HALLMARK_INTERFERON_ALPHA_RESPONSE	MSigDB_Hallmark	exploratory	-1.0460497077094	0.378542510121458	0.775757575757576	Ifi27,Bst2,Ccrl2,Ifi44l,Cd47,Oasl1,Ifitm3,Tap1	8	100	23	Mutter_02
spleen.red.pulp.macs	MBRT_vs_Ctrl	HALLMARK_APICAL_JUNCTION	MSigDB_Hallmark	exploratory	-0.725006585495564	0.901574803149606	0.979047619047619	Ptk2,Itgb4,Cd274,Mapk13,Myl12b,Itga3	6	199	38	Mutter_02
spleen.red.pulp.macs	MBRT_vs_Ctrl	HALLMARK_APOPTOSIS	MSigDB_Hallmark	exploratory	0.857618672566414	0.72621359223301	0.979047619047619	Dcn,Timp1,Gpx3,Bgn,Il18,Il6,Igf2r	7	160	64	Mutter_02
spleen.red.pulp.macs	MBRT_vs_Ctrl	HALLMARK_BILE_ACID_METABOLISM	MSigDB_Hallmark	exploratory	-0.884759878749524	0.621730382293763	0.979047619047619	Sod1,Ttr	2	112	6	Mutter_02
spleen.red.pulp.macs	MBRT_vs_Ctrl	HALLMARK_CHOLESTEROL_HOMEOSTASIS	MSigDB_Hallmark	exploratory	-0.925569848636088	0.577075098814229	0.979047619047619	Alcam,Cxcl16,Atf3,Clu,Cd9	5	75	13	Mutter_02
spleen.red.pulp.macs	MBRT_vs_Ctrl	HALLMARK_ESTROGEN_RESPONSE_EARLY	MSigDB_Hallmark	exploratory	0.794098963194894	0.794411177644711	0.979047619047619	Aqp3,Pgr,Xbp1,Cxcl12,Celsr2,Ar,Krt13,Il6st,Dhrs2,Areg,Fos	11	200	33	Mutter_02
spleen.red.pulp.macs	MBRT_vs_Ctrl	HALLMARK_ESTROGEN_RESPONSE_LATE	MSigDB_Hallmark	exploratory	0.928242858304076	0.583665338645418	0.979047619047619	S100a9,Agr2,Pgr,Fabp5,Xbp1,Cxcl12,Cxcl14,Celsr2,Krt13,Ltf,Il6st,Dhrs2,Areg,Fos	14	206	35	Mutter_02
spleen.red.pulp.macs	MBRT_vs_Ctrl	HALLMARK_FATTY_ACID_METABOLISM	MSigDB_Hallmark	exploratory	-0.657409774687154	0.905882352941176	0.979047619047619	Cd36,Hsp90aa1,Cidea,H2az1,Mif,Ppara	6	157	11	Mutter_02
spleen.red.pulp.macs	MBRT_vs_Ctrl	HALLMARK_G2M_CHECKPOINT	MSigDB_Hallmark	exploratory	0.687304801253697	0.891732283464567	0.979047619047619	Mt2,Mapk14,Abl1,Hif1a	4	198	23	Mutter_02
spleen.red.pulp.macs	MBRT_vs_Ctrl	HALLMARK_HEDGEHOG_SIGNALING	MSigDB_Hallmark	exploratory	-0.607238372295088	0.916504854368932	0.979047619047619	Vegfa	1	36	5	Mutter_02
spleen.red.pulp.macs	MBRT_vs_Ctrl	HALLMARK_HEME_METABOLISM	MSigDB_Hallmark	exploratory	0.626393805465211	0.919291338582677	0.979047619047619	Aqp3,Nr3c1	2	194	7	Mutter_02
spleen.red.pulp.macs	MBRT_vs_Ctrl	HALLMARK_IL2_STAT5_SIGNALING	MSigDB_Hallmark	exploratory	-0.836249264575458	0.773930753564155	0.979047619047619	Casp3,Alcam,Il18r1,Cd83,Ndrg1,Itgav,Bmp2,Etv4,Tnfsf10,Bcl2,Flt3l,Ifitm3,Tnfrsf21	13	199	58	Mutter_02
spleen.red.pulp.macs	MBRT_vs_Ctrl	HALLMARK_IL6_JAK_STAT3_SIGNALING	MSigDB_Hallmark	exploratory	-0.810739382728032	0.819838056680162	0.979047619047619	Csf2ra,Il12rb1,Acvrl1,Cd38,Il18r1,Il13ra1,Cd36,Acvr1b,Osmr,Cxcl9,Tnfrsf21,Il3ra,Ifngr1,Il1r1,Tyk2,Ifnar1,Cd9,Il2ra	18	88	56	Mutter_02
spleen.red.pulp.macs	MBRT_vs_Ctrl	HALLMARK_KRAS_SIGNALING_DN	MSigDB_Hallmark	exploratory	-0.936817855367723	0.55193482688391	0.979047619047619	Krt15,Ifi44l,Cpb1,Ifng,Egf,Fgfr3,Krt1	7	202	19	Mutter_02
spleen.red.pulp.macs	MBRT_vs_Ctrl	HALLMARK_MITOTIC_SPINDLE	MSigDB_Hallmark	exploratory	-0.83128721384999	0.703921568627451	0.979047619047619	Ezr,Gsn,Apc	3	199	11	Mutter_02
spleen.red.pulp.macs	MBRT_vs_Ctrl	HALLMARK_MTORC1_SIGNALING	MSigDB_Hallmark	exploratory	-0.627320737500167	0.945205479452055	0.979047619047619	Itgb2,Sqstm1,Slc2a1,Ddit3,Cd9	5	201	14	Mutter_02
spleen.red.pulp.macs	MBRT_vs_Ctrl	HALLMARK_MYOGENESIS	MSigDB_Hallmark	exploratory	-0.812536167449051	0.780684104627767	0.979047619047619	Notch1,Itgb4,Ephb3,Tagln,Igfbp3,Mb,Cd36	7	201	39	Mutter_02
spleen.red.pulp.macs	MBRT_vs_Ctrl	HALLMARK_NOTCH_SIGNALING	MSigDB_Hallmark	exploratory	-0.675957027484755	0.886679920477137	0.979047619047619	Notch1,Ppard,Maml2	3	32	12	Mutter_02
spleen.red.pulp.macs	MBRT_vs_Ctrl	HALLMARK_OXIDATIVE_PHOSPHORYLATION	MSigDB_Hallmark	exploratory	-0.505955380977612	0.979047619047619	0.979047619047619	Bax,Atp5e,Ldha,Glud1	4	199	4	Mutter_02
spleen.red.pulp.macs	MBRT_vs_Ctrl	HALLMARK_PANCREAS_BETA_CELLS	MSigDB_Hallmark	exploratory	-0.694448562126135	0.851428571428571	0.979047619047619	Gcg,Dpp4,Iapp,Sst	4	40	4	Mutter_02
spleen.red.pulp.macs	MBRT_vs_Ctrl	HALLMARK_PI3K_AKT_MTOR_SIGNALING	MSigDB_Hallmark	exploratory	-0.63493029375244	0.943907156673114	0.979047619047619	Sqstm1,Smad2,Slc2a1	3	105	16	Mutter_02
spleen.red.pulp.macs	MBRT_vs_Ctrl	HALLMARK_PROTEIN_SECRETION	MSigDB_Hallmark	exploratory	0.67412924861875	0.8635477582846	0.979047619047619	Igf2r,Ica1,Dst,Cd63	4	96	9	Mutter_02
spleen.red.pulp.macs	MBRT_vs_Ctrl	HALLMARK_TNFA_SIGNALING_VIA_NFKB	MSigDB_Hallmark	exploratory	-0.884123791865195	0.716535433070866	0.979047619047619	Junb,Clcf1,Efna1,Cd83,Dusp4,Tsc22d1,Ccrl2,Sqstm1,Il1a,Smad3,Inhba,Vegfa,Dusp2,Rela,Bmp2,Btg1,Tnfsf9,Atf3	18	199	76	Mutter_02
spleen.red.pulp.macs	MBRT_vs_Ctrl	HALLMARK_UNFOLDED_PROTEIN_RESPONSE	MSigDB_Hallmark	exploratory	-0.540424425822218	0.975855130784708	0.979047619047619	Vegfa,Atf3	2	113	6	Mutter_02
spleen.red.pulp.macs	MBRT_vs_Ctrl	HALLMARK_WNT_BETA_CATENIN_SIGNALING	MSigDB_Hallmark	exploratory	-0.724732000537334	0.854	0.979047619047619	Notch1,Ppard,Hdac5	3	42	15	Mutter_02
spleen.red.pulp.macs	MBRT_vs_Ctrl	HALLMARK_XENOBIOTIC_METABOLISM	MSigDB_Hallmark	exploratory	0.945690208340407	0.522593320235756	0.979047619047619	Arg1,Mt2,Igf1,Reg1,Apoe,Vtn	6	203	20	Mutter_02
spleen.red.pulp.macs	MBRT_vs_Ctrl	TypeI_interferon	project	primary	-0.840785451227358	0.690283400809717	0.979047619047619	Mx1,Oasl1,Ifitm3	3	19	7	Mutter_02
spleen.red.pulp.macs	MBRT_vs_SBRT	HALLMARK_INFLAMMATORY_RESPONSE	MSigDB_Hallmark	exploratory	1.68966137687488	0.0012539611247616	0.0326029892438017	Cdkn1a,Met,Cmklr1,Il2rb,Lif,Itga5,Tnfrsf1b,Ccl5,Cd69,Timp1,Csf3r,Il6,Cxcl5,Best1,Cd55,Acvr1b,Mmp14,Cxcl9,Inhba,Il12b,Tnfrsf9,Nfkbia,Il1b,Tlr3,Cx3cl1,Ccrl2,Olr1	27	201	86	Mutter_02
spleen.red.pulp.macs	MBRT_vs_SBRT	HALLMARK_INTERFERON_GAMMA_RESPONSE	MSigDB_Hallmark	exploratory	1.81110197728797	0.00101394132904231	0.0326029892438017	Cdkn1a,Fas,Xcl1,Cmklr1,Vcam1,Mt2,Ifi44l,Il2rb,Ccl5,Cd69,Il6,Cd38,Cxcl9,Nfkbia,Ptgs2,Ido1,Cd86,Tnfsf10,Klrk1,Lgals3bp,Cd274,Tap1,Icam1,Gzma,Hif1a	25	205	65	Mutter_02
spleen.red.pulp.macs	MBRT_vs_SBRT	HALLMARK_TNFA_SIGNALING_VIA_NFKB	MSigDB_Hallmark	exploratory	1.73124704367217	0.00199622616394549	0.0346012535083885	Cdkn1a,Smad3,Ackr3,Lif,Ccl5,Cflar,Cd69,Sat1,Il6,Cxcl5,Dusp1,Cd80,Cd83,Efna1,Inhba,Il12b,Tnfrsf9,Nfkbia,Ptgs2,Il1b,Ccrl2,Cxcl3,Olr1,Ccl4,Cxcl1	25	199	76	Mutter_02
spleen.red.pulp.macs	MBRT_vs_SBRT	HALLMARK_APOPTOSIS	MSigDB_Hallmark	exploratory	1.59700827014651	0.0112761036183295	0.111894486261738	Cdkn1a,Bcl2l1,Bax,Fas,Gpx3,Cflar,Cd69,Timp1,Sat1,Lgals3,Il6,Bid,Cd38	13	160	64	Mutter_02
spleen.red.pulp.macs	MBRT_vs_SBRT	HALLMARK_IL6_JAK_STAT3_SIGNALING	MSigDB_Hallmark	exploratory	1.55618769871685	0.0129109022609697	0.111894486261738	Pdgfc,Fas,Acvrl1,Cntfr,Il1r2,Il2ra,Tnfrsf1b,Csf3r,Ltb,Il6,Cd38,Acvr1b,Tnfrsf21,Csf2ra,Cxcl9,Il1b,Cxcl3,Cxcl1,Il12rb1	19	88	56	Mutter_02
spleen.red.pulp.macs	MBRT_vs_SBRT	HALLMARK_UV_RESPONSE_UP	MSigDB_Hallmark	exploratory	1.82468929549267	0.00885820605240399	0.111894486261738	Gpx3,H2-Q2,Il6,Bid,Fgf18,Epcam,Rxrb,Mmp14,H2-Q1,Nfkbia,Cxcl1,Tap1,Icam1	13	158	24	Mutter_02
spleen.red.pulp.macs	MBRT_vs_SBRT	HALLMARK_APICAL_SURFACE	MSigDB_Hallmark	exploratory	1.64476689541667	0.0201285178377546	0.149526132509034	Il2rb,Gata3,Efna5,Cx3cl1,Brca1,App,Hspb1,Ephb4	8	44	10	Mutter_02
spleen.red.pulp.macs	MBRT_vs_SBRT	DNA_Damage_Repair	project	primary	1.6146614560096	0.0264096646619023	0.152589173602102	Cdkn1a,Bax	2	18	10	Mutter_02
spleen.red.pulp.macs	MBRT_vs_SBRT	HALLMARK_PEROXISOME	MSigDB_Hallmark	exploratory	-1.56071605879884	0.0257689682459903	0.152589173602102	Top2a,Sod1,Msh2,Ttr	4	102	4	Mutter_02
spleen.red.pulp.macs	MBRT_vs_SBRT	HALLMARK_BILE_ACID_METABOLISM	MSigDB_Hallmark	exploratory	-1.5134792307064	0.063872255489022	0.29820788530466	Ar,Sod1,Gc,Ttr	4	112	6	Mutter_02
spleen.red.pulp.macs	MBRT_vs_SBRT	HALLMARK_G2M_CHECKPOINT	MSigDB_Hallmark	exploratory	-1.43555001369067	0.0754310344827586	0.29820788530466	Mki67,Nusap1,Top2a,Pttg1,Stmn1,Ube2c,Chek1	7	198	23	Mutter_02
spleen.red.pulp.macs	MBRT_vs_SBRT	HALLMARK_KRAS_SIGNALING_UP	MSigDB_Hallmark	exploratory	1.34240862224854	0.0827067669172932	0.29820788530466	Cmklr1,Lif,Tnfrsf1b,Il33,Pdcd1lg2,Scg5,Itgb2,Csf2ra,Inhba,Spp1,Cxcr4,Ptgs2,Adgra2,Il1b,Spry2,Etv5,Fgf9,St6gal1	18	203	49	Mutter_02
spleen.red.pulp.macs	MBRT_vs_SBRT	HALLMARK_MYOGENESIS	MSigDB_Hallmark	exploratory	-1.32739175261576	0.0860215053763441	0.29820788530466	Col6a2,Tagln,Gsn,Col6a3,Igfbp3,Notch1,Col1a1,Clu,Cfd,Igfbp7,Mb,Tnnc1,Rb1	13	201	39	Mutter_02
spleen.red.pulp.macs	MBRT_vs_SBRT	HALLMARK_P53_PATHWAY	MSigDB_Hallmark	exploratory	1.48369756433822	0.0577281191806332	0.29820788530466	Cdkn1a,Bax,Fas,Pdgfa,Lif,Sat1	6	199	39	Mutter_02
spleen.red.pulp.macs	MBRT_vs_SBRT	HALLMARK_PI3K_AKT_MTOR_SIGNALING	MSigDB_Hallmark	exploratory	1.43938182499303	0.0694183864915572	0.29820788530466	Cdkn1a	1	105	16	Mutter_02
spleen.red.pulp.macs	MBRT_vs_SBRT	HALLMARK_MITOTIC_SPINDLE	MSigDB_Hallmark	exploratory	-1.41870891955388	0.0922431865828092	0.29979035639413	Nusap1,Gsn,Top2a,Ezr	4	199	11	Mutter_02
spleen.red.pulp.macs	MBRT_vs_SBRT	HALLMARK_NOTCH_SIGNALING	MSigDB_Hallmark	exploratory	-1.41495647276618	0.0995934959349593	0.304638928742229	Notch1,Wnt5a,Ccnd1,Dll1,Maml2,Fzd7,Notch2,Fzd1	8	32	12	Mutter_02
spleen.red.pulp.macs	MBRT_vs_SBRT	HALLMARK_COMPLEMENT	MSigDB_Hallmark	exploratory	1.3229604886467	0.107547169811321	0.305792413995884	Ccl5,Timp1,Lgals3,S100a9,Fn1,Il6,Cd55,Mmp14,Gata3,Cxcl3,Olr1,Cxcl1,Ltf,Pdgfb,Gzma,Calm3,Cd40lg	17	196	42	Mutter_02
spleen.red.pulp.macs	MBRT_vs_SBRT	HALLMARK_HYPOXIA	MSigDB_Hallmark	exploratory	1.31070744464167	0.111731843575419	0.305792413995884	Cdkn1a,Mt2,Ackr3,Mt1,Il6,Dusp1,Efna1,Cxcr4,Pgf	9	200	39	Mutter_02
spleen.red.pulp.macs	MBRT_vs_SBRT	HALLMARK_E2F_TARGETS	MSigDB_Hallmark	exploratory	-1.3492892599422	0.124472573839662	0.308217801888688	Mki67,Hmgb2,Dnmt1,Pcna,Top2a,Pttg1,Stmn1,Chek1	8	200	20	Mutter_02
spleen.red.pulp.macs	MBRT_vs_SBRT	HALLMARK_GLYCOLYSIS	MSigDB_Hallmark	exploratory	-1.34630774054664	0.122105263157895	0.308217801888688	Col5a1,Stmn1,Igfbp3,Ier3,Sod1,Ldha	6	200	18	Mutter_02
spleen.red.pulp.macs	MBRT_vs_SBRT	HALLMARK_ALLOGRAFT_REJECTION	MSigDB_Hallmark	exploratory	1.17642484614725	0.155080213903743	0.353107611053475	Fas,Il2ra,Il2rb,Lif,Ccl5,Timp1,Ltb,Il6,Cd80,Cd28,H2-T23,Itgb2,Cxcl9,Inhba,Inhbb,Il12b,Itgal,Itk,Ncr1,Il1b,Tlr3,Fgr,Cd86,Ccl4,H2-DMb1,Brca1,Il12rb1,Cd8b1,Tap1,H2-Ob,Ets1,Icam1,Ccl11,Gzma,Hif1a,Cd40lg	36	201	102	Mutter_02
spleen.red.pulp.macs	MBRT_vs_SBRT	HALLMARK_EPITHELIAL_MESENCHYMAL_TRANSITION	MSigDB_Hallmark	exploratory	-1.19538886967062	0.156182212581345	0.353107611053475	Acta2,Col6a2,Col5a3,Col5a1,Tagln,Col6a3,Igfbp3,Col1a2,Col1a1,Mfap5,Jun,Col12a1,Il15,Myl9,Serpinh1,Wnt5a,Vim,Areg,Gadd45b,Emp3,Pdgfrb,Tpm1	22	206	72	Mutter_02
spleen.red.pulp.macs	MBRT_vs_SBRT	HALLMARK_MTORC1_SIGNALING	MSigDB_Hallmark	exploratory	1.24756624025477	0.169144981412639	0.366480793060719	Cdkn1a	1	201	14	Mutter_02
spleen.red.pulp.macs	MBRT_vs_SBRT	HALLMARK_MYC_TARGETS_V1	MSigDB_Hallmark	exploratory	-1.30779759840923	0.176470588235294	0.367058823529412	Pcna,Ldha,Ptges3,Ppia	4	201	9	Mutter_02
spleen.red.pulp.macs	MBRT_vs_SBRT	HALLMARK_IL2_STAT5_SIGNALING	MSigDB_Hallmark	exploratory	1.1064024366472	0.277777777777778	0.515873015873016	Bcl2l1,Il1r2,Il2ra,Il2rb,Lif,Il1rl1,Tnfrsf1b,Ltb,Cd83,Tnfrsf21,Spp1,Eomes,Tnfrsf9,Tnfrsf18,Cd86,Tnfsf10	16	199	58	Mutter_02
spleen.red.pulp.macs	MBRT_vs_SBRT	HALLMARK_KRAS_SIGNALING_DN	MSigDB_Hallmark	exploratory	1.15516171458554	0.277039848197343	0.515873015873016	Cntfr,Ifi44l,Ryr2,Cd80,Il12b,Tcl1	6	202	19	Mutter_02
spleen.red.pulp.macs	MBRT_vs_SBRT	HALLMARK_PROTEIN_SECRETION	MSigDB_Hallmark	exploratory	-1.18701627544423	0.267748478701826	0.515873015873016	Ica1,Sod1,Krt18,Egfr,Arf1	5	96	9	Mutter_02
spleen.red.pulp.macs	MBRT_vs_SBRT	HALLMARK_ESTROGEN_RESPONSE_EARLY	MSigDB_Hallmark	exploratory	-1.10472365804301	0.307368421052632	0.551143375680581	Krt8,Xbp1,Ar,Krt18,Msmb,Areg,Dhrs2,Ccnd1,Krt19,Igf1r,Krt15	11	200	33	Mutter_02
spleen.red.pulp.macs	MBRT_vs_SBRT	HALLMARK_HEDGEHOG_SIGNALING	MSigDB_Hallmark	exploratory	1.12351255913828	0.353535353535354	0.57449494949495	Cntfr,Adgrg1,Celsr1	3	36	5	Mutter_02
spleen.red.pulp.macs	MBRT_vs_SBRT	HALLMARK_HEME_METABOLISM	MSigDB_Hallmark	exploratory	-1.10697423554299	0.35	0.57449494949495	Ackr1,Nr3c1	2	194	7	Mutter_02
spleen.red.pulp.macs	MBRT_vs_SBRT	HALLMARK_UNFOLDED_PROTEIN_RESPONSE	MSigDB_Hallmark	exploratory	-1.13777464111678	0.339321357285429	0.57449494949495	Xbp1,Hsp90b1	2	113	6	Mutter_02
spleen.red.pulp.macs	MBRT_vs_SBRT	HALLMARK_ANGIOGENESIS	MSigDB_Hallmark	exploratory	1.0468624629926	0.411764705882353	0.643874643874644	Pdgfa,Timp1,Cxcl5,Tnfrsf21,Spp1,Olr1,App,Col5a2,Itgav	9	36	19	Mutter_02
spleen.red.pulp.macs	MBRT_vs_SBRT	HALLMARK_DNA_REPAIR	MSigDB_Hallmark	exploratory	-1.02281357725335	0.445759368836292	0.643874643874644	Pcna,Nt5c3	2	150	5	Mutter_02
spleen.red.pulp.macs	MBRT_vs_SBRT	HALLMARK_OXIDATIVE_PHOSPHORYLATION	MSigDB_Hallmark	exploratory	1.06358840444975	0.427125506072874	0.643874643874644	Bax	1	199	4	Mutter_02
spleen.red.pulp.macs	MBRT_vs_SBRT	HALLMARK_UV_RESPONSE_DN	MSigDB_Hallmark	exploratory	-1.00811548238617	0.437894736842105	0.643874643874644	Ldlr,Adgrl2,Ica1,Col1a2,Col1a1,Anxa2,Nfkb1,Tgfbr2,Nr3c1,Pdgfrb,Pparg,Igf1r	12	144	32	Mutter_02
spleen.red.pulp.macs	MBRT_vs_SBRT	HALLMARK_REACTIVE_OXYGEN_SPECIES_PATHWAY	MSigDB_Hallmark	exploratory	-0.973219523694106	0.495069033530572	0.695772695772696	Fes,Sod1	2	48	5	Mutter_02
spleen.red.pulp.macs	MBRT_vs_SBRT	HALLMARK_XENOBIOTIC_METABOLISM	MSigDB_Hallmark	exploratory	0.966931056334179	0.511363636363636	0.699760765550239	Fas,Mt2	2	203	20	Mutter_02
spleen.red.pulp.macs	MBRT_vs_SBRT	HALLMARK_FATTY_ACID_METABOLISM	MSigDB_Hallmark	exploratory	-0.946243841278034	0.538784067085954	0.706972111553785	Ldha,S100a10,Hsp90aa1,Glul,Lgals1,Mif,Cd36,Fasn	8	157	11	Mutter_02
spleen.red.pulp.macs	MBRT_vs_SBRT	TypeI_interferon	project	primary	0.934411367005512	0.543824701195219	0.706972111553785	Mx1,Oasl1,Ifit1	3	19	7	Mutter_02
spleen.red.pulp.macs	MBRT_vs_SBRT	HALLMARK_ADIPOGENESIS	MSigDB_Hallmark	exploratory	-0.903714641547505	0.602105263157895	0.763645699614891	Lifr,Fabp4,Sod1,Stat5a,Pparg,Vegfb,Col4a1	7	200	19	Mutter_02
spleen.red.pulp.macs	MBRT_vs_SBRT	HALLMARK_APICAL_JUNCTION	MSigDB_Hallmark	exploratory	0.86467407410839	0.672316384180791	0.809876543209876	Bmp1,Myl12b,Vcam1,Icam2	4	199	38	Mutter_02
spleen.red.pulp.macs	MBRT_vs_SBRT	HALLMARK_CHOLESTEROL_HOMEOSTASIS	MSigDB_Hallmark	exploratory	-0.853551754992383	0.658848614072495	0.809876543209876	Ldlr,Clu	2	75	13	Mutter_02
spleen.red.pulp.macs	MBRT_vs_SBRT	HALLMARK_COAGULATION	MSigDB_Hallmark	exploratory	-0.857531596702921	0.68724279835391	0.809876543209876	Gsn,Mmp9,Clu,Cfd,Vwf,Fgg,Pf4	7	139	28	Mutter_02
spleen.red.pulp.macs	MBRT_vs_SBRT	HALLMARK_WNT_BETA_CATENIN_SIGNALING	MSigDB_Hallmark	exploratory	-0.838495820331657	0.700854700854701	0.809876543209876	Notch1,Dll1,Rbpj,Hdac5,Hey1,Ctnnb1,Fzd1,Myc,Hdac11,Trp53,Wnt5b	11	42	15	Mutter_02
spleen.red.pulp.macs	MBRT_vs_SBRT	HALLMARK_ANDROGEN_RESPONSE	MSigDB_Hallmark	exploratory	0.816798352216802	0.740037950664137	0.836564639881198	Fkbp5,Mertk,Sat1	3	112	17	Mutter_02
spleen.red.pulp.macs	MBRT_vs_SBRT	HALLMARK_PANCREAS_BETA_CELLS	MSigDB_Hallmark	exploratory	0.711039452736336	0.803643724696356	0.889137737961926	Iapp,Gcg	2	40	4	Mutter_02
spleen.red.pulp.macs	MBRT_vs_SBRT	HALLMARK_TGF_BETA_SIGNALING	MSigDB_Hallmark	exploratory	0.729988532860529	0.822097378277154	0.890605493133583	Smad3,Apc,Bmpr1a	3	54	15	Mutter_02
spleen.red.pulp.macs	MBRT_vs_SBRT	HALLMARK_SPERMATOGENESIS	MSigDB_Hallmark	exploratory	0.630994089079988	0.890219560878244	0.937838899803536	Scg5	1	135	6	Mutter_02
spleen.red.pulp.macs	MBRT_vs_SBRT	TypeII_interferon	project	primary	0.607695406662666	0.901768172888016	0.937838899803536	Cxcl9	1	17	8	Mutter_02
spleen.red.pulp.macs	MBRT_vs_SBRT	HALLMARK_INTERFERON_ALPHA_RESPONSE	MSigDB_Hallmark	exploratory	-0.594831288082837	0.974137931034483	0.993238674780257	Il4ra,Sell,Il15,H2-Q10,Cd47,B2m,Cd74	7	100	23	Mutter_02
spleen.red.pulp.macs	MBRT_vs_SBRT	HALLMARK_ESTROGEN_RESPONSE_LATE	MSigDB_Hallmark	exploratory	-0.521182254051558	0.997835497835498	0.997835497835498	Top2a,Xbp1,Tnnc1,Areg,Dhrs2,Ccnd1,Krt19	7	206	35	Mutter_02
spleen.red.pulp.macs	SBRT_vs_Ctrl	HALLMARK_INTERFERON_GAMMA_RESPONSE	MSigDB_Hallmark	exploratory	-1.96908676023185	3.35543583217928e-05	0.00174482663273322	Cdkn1a,Ifi27,Cd38,Ifi44l,Ciita,Cmklr1,Cd40,Cd274,Fas,Cxcl9,Casp3,Tnfsf10,Klrk1,Fpr1,Cd69,Vcam1,Oasl1,Ido1,Tap1,Ptgs2,Cd86,Xcl1,Bst2	23	205	65	Mutter_02
spleen.red.pulp.macs	SBRT_vs_Ctrl	HALLMARK_EPITHELIAL_MESENCHYMAL_TRANSITION	MSigDB_Hallmark	exploratory	1.83363465202745	0.000409378114951587	0.0106438309887413	Col5a3,Acta2,Col3a1,Col1a1,Col5a1,Mfap5,Col1a2,Col12a1,Col6a2,Dcn,Col6a3,Serpinh1,Bgn,Wnt5a,Col5a2,Itga2,Lum,Col4a1,Myl9,Areg,Vcan,Cdh11,Cxcl12,Tnfrsf11b	24	206	72	Mutter_02
spleen.red.pulp.macs	SBRT_vs_Ctrl	DNA_Damage_Repair	project	primary	-1.74839835608463	0.0100489050030466	0.122078425554891	Cdkn1a,Bax,Atr	3	18	10	Mutter_02
spleen.red.pulp.macs	SBRT_vs_Ctrl	HALLMARK_APICAL_SURFACE	MSigDB_Hallmark	exploratory	-1.68577457446382	0.0181025868623792	0.122078425554891	Gata3,Efna5,Hspb1,Ephb4,Cx3cl1,Il2rb,Il2rg,Lyn	8	44	10	Mutter_02
spleen.red.pulp.macs	SBRT_vs_Ctrl	HALLMARK_KRAS_SIGNALING_UP	MSigDB_Hallmark	exploratory	-1.57666888179356	0.0123100281955553	0.122078425554891	Csf2ra,Slpi,Sox9,Itgb2,Ace,Inhba,Cmklr1,Ets1,Sparcl1,Pdcd1lg2,Spry2,Eng,Ptgs2,Tnfrsf1b,Spp1,Cxcr4,Etv4	17	203	49	Mutter_02
spleen.red.pulp.macs	SBRT_vs_Ctrl	HALLMARK_P53_PATHWAY	MSigDB_Hallmark	exploratory	-1.5368519466664	0.0171516160110561	0.122078425554891	Cdkn1a,Bax,Itgb4,Acvr1b,Tm4sf1,Tsc22d1,Fas,Ndrg1,Sat1,Tap1,Epha2,Notch1,Inhbb,Rack1,Il1a,Krt17	16	199	39	Mutter_02
spleen.red.pulp.macs	SBRT_vs_Ctrl	HALLMARK_TGF_BETA_SIGNALING	MSigDB_Hallmark	exploratory	-1.68120596121508	0.0157406680606857	0.122078425554891	Junb,Smad3,Tgfbr1,Apc,Bmpr1a,Thbs1,Eng	7	54	15	Mutter_02
spleen.red.pulp.macs	SBRT_vs_Ctrl	HALLMARK_UV_RESPONSE_DN	MSigDB_Hallmark	exploratory	1.60309996796241	0.018781296239214	0.122078425554891	Col3a1,Col1a1,Col1a2,Tgfbr2,Ldlr,Ica1,Adgrl2,Nfkb1,Nr3c1,Col5a2,Fyn,Anxa2,Igfbp5,Rxra,Pdgfrb,Mapk14,Pparg,Notch2	18	144	32	Mutter_02
spleen.red.pulp.macs	SBRT_vs_Ctrl	HALLMARK_IL6_JAK_STAT3_SIGNALING	MSigDB_Hallmark	exploratory	-1.47145425609414	0.0226117707493608	0.130645786551862	Acvrl1,Csf2ra,Il12rb1,Cd38,Il2ra,Acvr1b,Fas,Cxcl9,Tnfrsf21,Cntfr,Il1r2,Il13ra1,Pdgfc,Tnfrsf1b,Ltb,Osmr	16	88	56	Mutter_02
spleen.red.pulp.macs	SBRT_vs_Ctrl	HALLMARK_APOPTOSIS	MSigDB_Hallmark	exploratory	-1.34770446084891	0.05893536121673	0.306463878326996	Cdkn1a,Bcl2l1,Bax,Ptk2,Cd38,Fas,Casp3,Tnfsf10,Cd69,Hspb1,Sat1,Erbb2,Tap1,Cflar	14	160	64	Mutter_02
spleen.red.pulp.macs	SBRT_vs_Ctrl	HALLMARK_TNFA_SIGNALING_VIA_NFKB	MSigDB_Hallmark	exploratory	-1.26756070005172	0.0967741935483871	0.419354838709677	Cdkn1a,Junb,Smad3,Efna1,Cd83,Clcf1,Ccrl2,Inhba,Tsc22d1,Dusp4,Cd69,Sat1,Cd80,Tap1,Ptgs2,Cflar	16	199	76	Mutter_02
spleen.red.pulp.macs	SBRT_vs_Ctrl	HALLMARK_UV_RESPONSE_UP	MSigDB_Hallmark	exploratory	-1.37135840172689	0.0932038834951456	0.419354838709677	Junb,Fgf18,Rxrb,Casp3,H2-Q1,Tap1,Epcam,Bid,Sqstm1,Lyn,Atf3,H2-Q2,H2-M3,Icam1,Mmp14,Cxcl1	16	158	24	Mutter_02
spleen.red.pulp.macs	SBRT_vs_Ctrl	HALLMARK_ADIPOGENESIS	MSigDB_Hallmark	exploratory	1.32880263803305	0.130879345603272	0.511758691206544	Stat5a,Lifr,Fabp4,Col4a1,Apoe	5	200	19	Mutter_02
spleen.red.pulp.macs	SBRT_vs_Ctrl	HALLMARK_ANDROGEN_RESPONSE	MSigDB_Hallmark	exploratory	-1.28920784920022	0.152091254752852	0.511758691206544	Fkbp5,Mertk,Tsc22d1,Itgav,Ndrg1,Sat1	6	112	17	Mutter_02
spleen.red.pulp.macs	SBRT_vs_Ctrl	HALLMARK_ANGIOGENESIS	MSigDB_Hallmark	exploratory	1.27133203451776	0.157464212678937	0.511758691206544	Col3a1,Pf4,Fgfr1,Vtn,Col5a2,Lum,Vcan	7	36	19	Mutter_02
spleen.red.pulp.macs	SBRT_vs_Ctrl	HALLMARK_NOTCH_SIGNALING	MSigDB_Hallmark	exploratory	1.30189454113122	0.154150197628459	0.511758691206544	Wnt5a,Fzd1,Dll1,Notch3,Fzd7,Ccnd1,Notch2	7	32	12	Mutter_02
spleen.red.pulp.macs	SBRT_vs_Ctrl	TypeII_interferon	project	primary	-1.31176287021456	0.168	0.513882352941177	Ciita,Cxcl9	2	17	8	Mutter_02
spleen.red.pulp.macs	SBRT_vs_Ctrl	HALLMARK_COAGULATION	MSigDB_Hallmark	exploratory	1.15736405995242	0.243010752688172	0.672993960310613	Pf4,Mmp9,Itga2,Fyn,Pdgfb,Mmp7,Cfd,Gsn,Rac1,Apoc1,Timp1	11	139	28	Mutter_02
spleen.red.pulp.macs	SBRT_vs_Ctrl	HALLMARK_G2M_CHECKPOINT	MSigDB_Hallmark	exploratory	1.15162533876819	0.245901639344262	0.672993960310613	Mki67,Nusap1,Top2a,Stmn1,Pttg1,Ezh2,Abl1	7	198	23	Mutter_02
spleen.red.pulp.macs	SBRT_vs_Ctrl	HALLMARK_HEME_METABOLISM	MSigDB_Hallmark	exploratory	1.16959843090846	0.284552845528455	0.715553977272727	Aqp3,Nr3c1	2	194	7	Mutter_02
spleen.red.pulp.macs	SBRT_vs_Ctrl	HALLMARK_MITOTIC_SPINDLE	MSigDB_Hallmark	exploratory	1.14094655858997	0.302734375	0.715553977272727	Nusap1,Top2a,Abl1,Gsn,Plekhg2,Notch2,Dst	7	199	11	Mutter_02
spleen.red.pulp.macs	SBRT_vs_Ctrl	HALLMARK_PROTEIN_SECRETION	MSigDB_Hallmark	exploratory	1.12870769202787	0.3	0.715553977272727	Ica1,Igf2r,Dst,Krt18,Egfr	5	96	9	Mutter_02
spleen.red.pulp.macs	SBRT_vs_Ctrl	HALLMARK_APICAL_JUNCTION	MSigDB_Hallmark	exploratory	-0.98615310134566	0.478095238095238	0.749287749287749	Myl12b,Ptk2,Itgb4,Mapk13,Icam2,Cd274,Vcam1,Bmp1,Itga3,Cd86,Cx3cl1	11	199	38	Mutter_02
spleen.red.pulp.macs	SBRT_vs_Ctrl	HALLMARK_DNA_REPAIR	MSigDB_Hallmark	exploratory	-0.985077794590154	0.499036608863198	0.749287749287749	Npr2,Tyms	2	150	5	Mutter_02
spleen.red.pulp.macs	SBRT_vs_Ctrl	HALLMARK_E2F_TARGETS	MSigDB_Hallmark	exploratory	1.01095125301695	0.451546391752577	0.749287749287749	Mki67,Hmgb2,Top2a,Stmn1,Pttg1,Ezh2,Pcna,Dnmt1	8	200	20	Mutter_02
spleen.red.pulp.macs	SBRT_vs_Ctrl	HALLMARK_ESTROGEN_RESPONSE_EARLY	MSigDB_Hallmark	exploratory	1.01024486826619	0.427966101694915	0.749287749287749	Xbp1,Pgr,Ar,Aqp3,Areg,Dhrs2,Celsr2,Cxcl12,Msmb	9	200	33	Mutter_02
spleen.red.pulp.macs	SBRT_vs_Ctrl	HALLMARK_GLYCOLYSIS	MSigDB_Hallmark	exploratory	0.971548623306376	0.497942386831276	0.749287749287749	Col5a1,Dcn,Ier3,Stmn1,Ldha,Vcan	6	200	18	Mutter_02
spleen.red.pulp.macs	SBRT_vs_Ctrl	HALLMARK_HEDGEHOG_SIGNALING	MSigDB_Hallmark	exploratory	-1.11457281363919	0.360308285163777	0.749287749287749	Cntfr,Vegfa,Celsr1	3	36	5	Mutter_02
spleen.red.pulp.macs	SBRT_vs_Ctrl	HALLMARK_IL2_STAT5_SIGNALING	MSigDB_Hallmark	exploratory	-1.04252954955373	0.372137404580153	0.749287749287749	Bcl2l1,Cd83,Alcam,Il2ra,Tnfrsf21,Casp3,Itgav,Tnfsf10,Il1rl1,Ndrg1,Il1r2,Tnfrsf1b,Ltb,Spp1,Etv4,Cd86	16	199	58	Mutter_02
spleen.red.pulp.macs	SBRT_vs_Ctrl	HALLMARK_KRAS_SIGNALING_DN	MSigDB_Hallmark	exploratory	-1.05073658224578	0.376218323586745	0.749287749287749	Ifi44l,Cntfr,Cd80,Egf,Cpb1,Krt15,Cd40lg,Tcl1	8	202	19	Mutter_02
spleen.red.pulp.macs	SBRT_vs_Ctrl	HALLMARK_MTORC1_SIGNALING	MSigDB_Hallmark	exploratory	-0.956025679787368	0.500967117988395	0.749287749287749	Cdkn1a,Itgb2	2	201	14	Mutter_02
spleen.red.pulp.macs	SBRT_vs_Ctrl	HALLMARK_MYOGENESIS	MSigDB_Hallmark	exploratory	1.02285919955559	0.405797101449275	0.749287749287749	Col3a1,Col1a1,Col6a2,Col6a3	4	201	39	Mutter_02
spleen.red.pulp.macs	SBRT_vs_Ctrl	HALLMARK_OXIDATIVE_PHOSPHORYLATION	MSigDB_Hallmark	exploratory	-0.994441500197234	0.518737672583827	0.749287749287749	Bax	1	199	4	Mutter_02
spleen.red.pulp.macs	SBRT_vs_Ctrl	HALLMARK_PI3K_AKT_MTOR_SIGNALING	MSigDB_Hallmark	exploratory	-1.05849795751713	0.342056074766355	0.749287749287749	Cdkn1a	1	105	16	Mutter_02
spleen.red.pulp.macs	SBRT_vs_Ctrl	HALLMARK_XENOBIOTIC_METABOLISM	MSigDB_Hallmark	exploratory	1.04717835385001	0.404123711340206	0.749287749287749	Arg1,Vtn,Reg1,Apoe,Igf1,Ptges3,Tnfrsf1a	7	203	20	Mutter_02
spleen.red.pulp.macs	SBRT_vs_Ctrl	TypeI_interferon	project	primary	-0.964446395515331	0.509803921568627	0.749287749287749	Mx1,Oasl1	2	19	7	Mutter_02
spleen.red.pulp.macs	SBRT_vs_Ctrl	HALLMARK_INTERFERON_ALPHA_RESPONSE	MSigDB_Hallmark	exploratory	-0.913215996180593	0.608949416342412	0.83329920131067	Ifi27,Ifi44l,Ccrl2,Oasl1,Tap1	5	100	23	Mutter_02
spleen.red.pulp.macs	SBRT_vs_Ctrl	HALLMARK_PEROXISOME	MSigDB_Hallmark	exploratory	0.914328303307651	0.597979797979798	0.83329920131067	Top2a	1	102	4	Mutter_02
spleen.red.pulp.macs	SBRT_vs_Ctrl	HALLMARK_BILE_ACID_METABOLISM	MSigDB_Hallmark	exploratory	0.857849073567308	0.646586345381526	0.862115127175368	Ar,Rxra,Gc,Apoa1	4	112	6	Mutter_02
spleen.red.pulp.macs	SBRT_vs_Ctrl	HALLMARK_HYPOXIA	MSigDB_Hallmark	exploratory	-0.850158110812548	0.707129094412331	0.875493164510506	Cdkn1a,Efna1,Ets1,Ndrg1,Tgfb3,Cxcr4,Vegfa,Slc2a1,Bcl2,Mt1,Plac8	11	200	39	Mutter_02
spleen.red.pulp.macs	SBRT_vs_Ctrl	HALLMARK_REACTIVE_OXYGEN_SPECIES_PATHWAY	MSigDB_Hallmark	exploratory	-0.83826116705157	0.678227360308285	0.875493164510506	Junb	1	48	5	Mutter_02
spleen.red.pulp.macs	SBRT_vs_Ctrl	HALLMARK_UNFOLDED_PROTEIN_RESPONSE	MSigDB_Hallmark	exploratory	0.815347200220612	0.70281124497992	0.875493164510506	Xbp1	1	113	6	Mutter_02
spleen.red.pulp.macs	SBRT_vs_Ctrl	HALLMARK_FATTY_ACID_METABOLISM	MSigDB_Hallmark	exploratory	0.766867729007483	0.771484375	0.903826648224988	Glul,Ldha,S100a10	3	157	11	Mutter_02
spleen.red.pulp.macs	SBRT_vs_Ctrl	HALLMARK_INFLAMMATORY_RESPONSE	MSigDB_Hallmark	exploratory	0.850507404053742	0.782157676348548	0.903826648224988	Il4ra,Cd48,Ldlr,Lamp3,Il18,Sell,Ahr,Ffar2,Il10,Gpr183	10	201	86	Mutter_02
spleen.red.pulp.macs	SBRT_vs_Ctrl	HALLMARK_SPERMATOGENESIS	MSigDB_Hallmark	exploratory	-0.766530350349822	0.767857142857143	0.903826648224988	Ace,Cdkn3	2	135	6	Mutter_02
spleen.red.pulp.macs	SBRT_vs_Ctrl	HALLMARK_WNT_BETA_CATENIN_SIGNALING	MSigDB_Hallmark	exploratory	0.731958098720958	0.826446280991736	0.934243621990657	Fzd1,Ctnnb1,Dll1	3	42	15	Mutter_02
spleen.red.pulp.macs	SBRT_vs_Ctrl	HALLMARK_ESTROGEN_RESPONSE_LATE	MSigDB_Hallmark	exploratory	0.745020601847804	0.866255144032922	0.958409946589616	Xbp1,Pgr,Top2a,Areg,Dhrs2,Celsr2,Cxcl12,Fabp5,Il6st,S100a9,Ccnd1,Agr2	12	206	35	Mutter_02
spleen.red.pulp.macs	SBRT_vs_Ctrl	HALLMARK_ALLOGRAFT_REJECTION	MSigDB_Hallmark	exploratory	-0.774237314892823	0.929389312977099	0.966564885496183	Il12rb1,H2-Ob,Itgb2,H2-DMb1,Il2ra,H2-T23,Itgal,Inhba,Cd40,Ets1,Fas,Cxcl9,Cd8b1,Cd80,Tap1,Itk,Ltb,Cd86,Ccl4,Inhbb,Tap2,Cd28,Cd79a,H2-DMa	24	201	102	Mutter_02
spleen.red.pulp.macs	SBRT_vs_Ctrl	HALLMARK_CHOLESTEROL_HOMEOSTASIS	MSigDB_Hallmark	exploratory	-0.644077518970831	0.912109375	0.966564885496183	Alcam,Cxcl16,Lgals3	3	75	13	Mutter_02
spleen.red.pulp.macs	SBRT_vs_Ctrl	HALLMARK_MYC_TARGETS_V1	MSigDB_Hallmark	exploratory	0.655273132407309	0.894117647058824	0.966564885496183	Ldha,Pcna,Ptges3	3	201	9	Mutter_02
spleen.red.pulp.macs	SBRT_vs_Ctrl	HALLMARK_COMPLEMENT	MSigDB_Hallmark	exploratory	0.577511039027966	0.989733059548255	0.989733059548255	Gzmb,Calm1,Pfn1,Fyn,Pdgfb,Mmp12,Cxcl3,Fcer1g,Cd55,Apoc1,Timp1,S100a9,Il6	13	196	42	Mutter_02
spleen.red.pulp.macs	SBRT_vs_Ctrl	HALLMARK_PANCREAS_BETA_CELLS	MSigDB_Hallmark	exploratory	-0.499519605662067	0.982248520710059	0.989733059548255	Gcg,Iapp,Dpp4	3	40	4	Mutter_02
tumor_epithelial	MBRT_vs_Ctrl	HALLMARK_G2M_CHECKPOINT	MSigDB_Hallmark	exploratory	2.24882674441857	7.68123945691586e-06	0.000399424451759625	Mki67,Top2a,Nusap1,Cenpf,Ccnd1,Stmn1,Ube2c,Pttg1,Ezh2,Abl1,Notch2,Mapk14,Chek1,Birc5,H2az1,Tgfb1,Myc	17	198	23	Mutter_02
tumor_epithelial	MBRT_vs_Ctrl	HALLMARK_UV_RESPONSE_DN	MSigDB_Hallmark	exploratory	1.92831171045371	0.000489375903122984	0.0127237734811976	Col3a1,Ldlr,Fyn,Col1a1,Nr3c1,Igfbp5,Notch2,Bmpr1a,Nfkb1,Anxa2,Col5a2,Mapk14,Ica1,Tgfbr2,Col1a2,Met,Myc,Rxra,Cav1	19	144	32	Mutter_02
tumor_epithelial	MBRT_vs_Ctrl	HALLMARK_E2F_TARGETS	MSigDB_Hallmark	exploratory	1.90358971001941	0.000931277512912357	0.0161421435571475	Mki67,Top2a,Stmn1,Hmgb2,Pttg1,Dnmt1,Ezh2,Pcna,Chek1,Birc5,Trp53,H2az1,Chek2,Myc,Cdkn1a,Brca1	16	200	20	Mutter_02
tumor_epithelial	MBRT_vs_Ctrl	HALLMARK_MITOTIC_SPINDLE	MSigDB_Hallmark	exploratory	1.82709236572604	0.00253458835332324	0.0329496485932021	Top2a,Nusap1,Cenpf,Abl1,Notch2	5	199	11	Mutter_02
tumor_epithelial	MBRT_vs_Ctrl	HALLMARK_EPITHELIAL_MESENCHYMAL_TRANSITION	MSigDB_Hallmark	exploratory	1.49335159122246	0.0116775863800038	0.12144689835204	Col3a1,Gadd45b,Col1a1,Col12a1,Cd44,Col5a3,Il15,Col4a1,Lgals1,Bgn,Notch2,Serpinh1,Tnfrsf12a,Col5a2,Cxcl3,Areg,Acta2,Cxcl12,Col5a1,Itga5,Mfap5,Vcam1,Wnt5a,Itgb1,Col1a2,Tgfb1,Vcan,Col6a3,Col6a2,Cxcl1,Vegfc,Timp1	32	206	72	Mutter_02
tumor_epithelial	MBRT_vs_Ctrl	HALLMARK_FATTY_ACID_METABOLISM	MSigDB_Hallmark	exploratory	1.52914016432002	0.0473983149070759	0.372759856630824	Fasn,Ldha,S100a10,Lgals1,Hsp90aa1,H2az1	6	157	11	Mutter_02
tumor_epithelial	MBRT_vs_Ctrl	HALLMARK_INTERFERON_GAMMA_RESPONSE	MSigDB_Hallmark	exploratory	-1.33511576033935	0.0574468085106383	0.372759856630824	Cd38,Ifitm2,Tnfsf10,Fpr1,Cd40,Il2rb,Ifi27,Ifi44l,Ciita,Fas,H2-D1,Xcl1,Cd86,Casp3,H2-DMa,Cd69,Bst2,Cd274,Gzma,Stat3,H2-Aa,Cmklr1,H2-M3	23	205	65	Mutter_02
tumor_epithelial	MBRT_vs_Ctrl	HALLMARK_TNFA_SIGNALING_VIA_NFKB	MSigDB_Hallmark	exploratory	1.34353308418565	0.0645161290322581	0.372759856630824	Ccnd1,Gadd45b,Ldlr,Cd44,Tnf,Lif,Tnfrsf9,Rigi,Il18,Nfkb1,Ccl5,Cxcl3,Areg,Btg1,Ifih1,Stat5a,Il6st,Jag1,Myc,Gpr183,Cxcl1,Olr1,Ier3,Cdkn1a,Phlda2,Nfkbia,Fos,Csf2	28	199	76	Mutter_02
tumor_epithelial	MBRT_vs_Ctrl	TypeI_interferon	project	primary	1.47203896999976	0.058601134215501	0.372759856630824	Ifit1	1	19	7	Mutter_02
tumor_epithelial	MBRT_vs_Ctrl	HALLMARK_CHOLESTEROL_HOMEOSTASIS	MSigDB_Hallmark	exploratory	1.46030326926106	0.0855397148676171	0.404369561192372	Fasn,Ldlr,Fabp5,Tnfrsf12a,Ctnnb1,Jag1	6	75	13	Mutter_02
tumor_epithelial	MBRT_vs_Ctrl	HALLMARK_MYC_TARGETS_V1	MSigDB_Hallmark	exploratory	1.43835928924289	0.0815533980582524	0.404369561192372	Ldha,Pcna,Ppia,H2az1,Myc,Ptges3	6	201	9	Mutter_02
tumor_epithelial	MBRT_vs_Ctrl	HALLMARK_TGF_BETA_SIGNALING	MSigDB_Hallmark	exploratory	-1.38807120048177	0.0958083832335329	0.415169660678643	Acvr1,Junb,Tgfbr1,Thbs1,Bmpr2,Apc,Hdac1	7	54	15	Mutter_02
tumor_epithelial	MBRT_vs_Ctrl	HALLMARK_MTORC1_SIGNALING	MSigDB_Hallmark	exploratory	1.33274723064679	0.146292585170341	0.516163648558015	Ldlr,Ldha,Igfbp5,Serpinh1,Ppia	5	201	14	Mutter_02
tumor_epithelial	MBRT_vs_Ctrl	HALLMARK_NOTCH_SIGNALING	MSigDB_Hallmark	exploratory	1.33682588931032	0.148893360160966	0.516163648558015	Ccnd1,Notch3,Notch2,Dll1,Wnt5a,Jag1,Fzd1	7	32	12	Mutter_02
tumor_epithelial	MBRT_vs_Ctrl	HALLMARK_REACTIVE_OXYGEN_SPECIES_PATHWAY	MSigDB_Hallmark	exploratory	-1.36341040361788	0.142268041237113	0.516163648558015	Junb,Sod1,Gpx3	3	48	5	Mutter_02
tumor_epithelial	MBRT_vs_Ctrl	HALLMARK_ANGIOGENESIS	MSigDB_Hallmark	exploratory	1.26413689904469	0.172	0.559	Col3a1,Pf4,Fgfr1,Col5a2,S100a4,Jag1,Vcan,Olr1,Timp1,App	10	36	19	Mutter_02
tumor_epithelial	MBRT_vs_Ctrl	HALLMARK_COMPLEMENT	MSigDB_Hallmark	exploratory	1.16370766280752	0.213610586011342	0.584618445925779	Gzmb,Fyn,Pdgfb,Calm3,Mmp12,Pfn1,Calm1,Ccl5,Cxcl3,S100a9,Spock2,Gzmk	12	196	42	Mutter_02
tumor_epithelial	MBRT_vs_Ctrl	HALLMARK_PANCREAS_BETA_CELLS	MSigDB_Hallmark	exploratory	-1.28867563248399	0.193482688391039	0.584618445925779	Dpp4,Gcg,Sst	3	40	4	Mutter_02
tumor_epithelial	MBRT_vs_Ctrl	HALLMARK_UV_RESPONSE_UP	MSigDB_Hallmark	exploratory	-1.20000200386445	0.209876543209877	0.584618445925779	Junb,Rxrb,H2-Q1,Gpx3,Fgf18,Casp3,Epcam	7	158	24	Mutter_02
tumor_epithelial	MBRT_vs_Ctrl	DNA_Damage_Repair	project	primary	1.22857821288942	0.231388329979879	0.601609657947686	Gadd45b,Chek1,Parp1,Atm,Chek2,Cdkn1a,Brca1	7	18	10	Mutter_02
tumor_epithelial	MBRT_vs_Ctrl	HALLMARK_HYPOXIA	MSigDB_Hallmark	exploratory	1.13445837038094	0.261627906976744	0.647840531561462	Ldha,Pdgfb,Nr3c1,Bgn,Anxa2,Col5a1,S100a4,Btg1,Cav1,Ier3,Cdkn1a,Mif,Fos,Vhl,Ackr3,Rbpj,Ets1,Zfp36	18	200	39	Mutter_02
tumor_epithelial	MBRT_vs_Ctrl	HALLMARK_KRAS_SIGNALING_DN	MSigDB_Hallmark	exploratory	-1.15151470850839	0.276892430278884	0.654473017022818	Ifi44l,Tgfb2,Krt15,Krt4,Cd40lg,Cntfr,Egf,Cpb1,Selenop,Krt13,Krt1,Ifng	12	202	19	Mutter_02
tumor_epithelial	MBRT_vs_Ctrl	HALLMARK_WNT_BETA_CATENIN_SIGNALING	MSigDB_Hallmark	exploratory	1.11740050022355	0.311377245508982	0.703983337672481	Ctnnb1,Dll1,Trp53,Tcf7,Jag1,Myc,Hey1,Fzd1	8	42	15	Mutter_02
tumor_epithelial	MBRT_vs_Ctrl	HALLMARK_ADIPOGENESIS	MSigDB_Hallmark	exploratory	-0.956980480213429	0.51792828685259	0.773177842565598	Sod1,Gpx3,Lifr,Angpt1,Vegfb,Cd36,Adipoq,Fzd4,Lep,Sparcl1	10	200	19	Mutter_02
tumor_epithelial	MBRT_vs_Ctrl	HALLMARK_ALLOGRAFT_REJECTION	MSigDB_Hallmark	exploratory	0.984221574045779	0.475609756097561	0.773177842565598	Gzmb,Elane,Cd3d,Srgn,Il7,Csk,Cxcr3,Pf4,Tnf,Fyb,Lif,Il15,Il18,Tlr3,Mmp9,Il4ra,Il10,Ccl5	18	201	102	Mutter_02
tumor_epithelial	MBRT_vs_Ctrl	HALLMARK_APOPTOSIS	MSigDB_Hallmark	exploratory	0.992540168810946	0.469158878504673	0.773177842565598	Top2a,Ccnd1,Gadd45b,Hmgb2,Cd44,Tnf,Hgf,Il18,Bgn,Lmna,Tnfrsf12a	11	160	64	Mutter_02
tumor_epithelial	MBRT_vs_Ctrl	HALLMARK_DNA_REPAIR	MSigDB_Hallmark	exploratory	1.00650008807712	0.513513513513514	0.773177842565598	Pcna,Trp53,Nt5c3	3	150	5	Mutter_02
tumor_epithelial	MBRT_vs_Ctrl	HALLMARK_ESTROGEN_RESPONSE_EARLY	MSigDB_Hallmark	exploratory	1.01032769929677	0.437619961612284	0.773177842565598	Ccnd1,Fasn,Cd44,Areg,Ar,Pgr,Cxcl12,Krt18,Il6st,Myc,Krt8,Fos,Aqp3,Krt19	14	200	33	Mutter_02
tumor_epithelial	MBRT_vs_Ctrl	HALLMARK_ESTROGEN_RESPONSE_LATE	MSigDB_Hallmark	exploratory	1.00160276543497	0.456647398843931	0.773177842565598	Top2a,Ccnd1,Fabp5,Cd44,Areg,S100a9,Pgr,Cxcl12	8	206	35	Mutter_02
tumor_epithelial	MBRT_vs_Ctrl	HALLMARK_GLYCOLYSIS	MSigDB_Hallmark	exploratory	1.00275802709581	0.449704142011834	0.773177842565598	Stmn1,Ldha,Cd44,Ppia,Col5a1,Met,Vcan,Ier3,Mif	9	200	18	Mutter_02
tumor_epithelial	MBRT_vs_Ctrl	HALLMARK_KRAS_SIGNALING_UP	MSigDB_Hallmark	exploratory	-0.983967962543968	0.520408163265306	0.773177842565598	Tnfrsf1b,Ace,Slpi,Sox9,Inhba,Adgra2,Pigr,Spry2,Itgb2,Pecam1	10	203	49	Mutter_02
tumor_epithelial	MBRT_vs_Ctrl	HALLMARK_MYOGENESIS	MSigDB_Hallmark	exploratory	-1.05716637103625	0.368312757201646	0.773177842565598	Col4a2,Tagln,Notch1,Cfd,Tnnc1,Rb1	6	201	39	Mutter_02
tumor_epithelial	MBRT_vs_Ctrl	HALLMARK_PEROXISOME	MSigDB_Hallmark	exploratory	1.00879179574597	0.499021526418787	0.773177842565598	Top2a	1	102	4	Mutter_02
tumor_epithelial	MBRT_vs_Ctrl	HALLMARK_XENOBIOTIC_METABOLISM	MSigDB_Hallmark	exploratory	-1.03303244287878	0.414141414141414	0.773177842565598	Ptgds,Ptges,Esr1,Tgfb2,Fas	5	203	20	Mutter_02
tumor_epithelial	MBRT_vs_Ctrl	TypeII_interferon	project	primary	-1.0312571391589	0.433808553971487	0.773177842565598	Ciita,H2-Aa,H2-Eb1,H2-Ab1,Cxcl9,Cd74	6	17	8	Mutter_02
tumor_epithelial	MBRT_vs_Ctrl	HALLMARK_HEME_METABOLISM	MSigDB_Hallmark	exploratory	-0.889643154187317	0.587737843551797	0.794007490636704	Ackr1	1	194	7	Mutter_02
tumor_epithelial	MBRT_vs_Ctrl	HALLMARK_IL2_STAT5_SIGNALING	MSigDB_Hallmark	exploratory	0.911074178646988	0.595505617977528	0.794007490636704	Gadd45b,Spry4,Cd44,Il3ra,Lif,Tnfrsf9,Il4ra,Il10,Col6a1,Etv4,Cd81	11	199	58	Mutter_02
tumor_epithelial	MBRT_vs_Ctrl	HALLMARK_P53_PATHWAY	MSigDB_Hallmark	exploratory	0.925184838156448	0.577519379844961	0.794007490636704	Hdac3,S100a10,Serpinb5,Pcna,Lif,Cd81,S100a4,Btg1,Trp53,Tgfb1,Rxra,Ier3,Cdkn1a,Fos,App	15	199	39	Mutter_02
tumor_epithelial	MBRT_vs_Ctrl	HALLMARK_PI3K_AKT_MTOR_SIGNALING	MSigDB_Hallmark	exploratory	0.914811217342152	0.591715976331361	0.794007490636704	Pfn1,Rac1,Fasl,Akt1,Tnfrsf1a,Cdkn1a,Hsp90b1,Sfn	8	105	16	Mutter_02
tumor_epithelial	MBRT_vs_Ctrl	HALLMARK_COAGULATION	MSigDB_Hallmark	exploratory	-0.916597744784557	0.612159329140461	0.7958071278826	Cfd,Fgg,Dpp4,Thbs1,Fn1,Pecam1	6	139	28	Mutter_02
tumor_epithelial	MBRT_vs_Ctrl	HALLMARK_OXIDATIVE_PHOSPHORYLATION	MSigDB_Hallmark	exploratory	0.867259298624095	0.653620352250489	0.828981910171352	Ldha	1	199	4	Mutter_02
tumor_epithelial	MBRT_vs_Ctrl	HALLMARK_IL6_JAK_STAT3_SIGNALING	MSigDB_Hallmark	exploratory	-0.872587424283551	0.720588235294118	0.851604278074866	Cd38,Tnfrsf1b,Acvrl1,Il12rb1,Acvr1b,Csf3r,Fas,Osmr,Il2ra,Il1r2,Ltbr,Ltb,Tnfrsf21,Il13ra1,Cd36,Il10rb,Stat3,Tlr2,Il18r1,Il2rg	20	88	56	Mutter_02
tumor_epithelial	MBRT_vs_Ctrl	HALLMARK_INFLAMMATORY_RESPONSE	MSigDB_Hallmark	exploratory	0.879429427660116	0.695035460992908	0.851604278074866	Ldlr,Axl,Lif,Tnfrsf9,Il15,Il18,Tlr3,Il4ra,Nod2,Il10,Il1r1,Nfkb1,Msr1,Ccl5	14	201	86	Mutter_02
tumor_epithelial	MBRT_vs_Ctrl	HALLMARK_INTERFERON_ALPHA_RESPONSE	MSigDB_Hallmark	exploratory	-0.829421617948986	0.708677685950413	0.851604278074866	Ifitm2,Ifi27,Ifi44l	3	100	23	Mutter_02
tumor_epithelial	MBRT_vs_Ctrl	HALLMARK_BILE_ACID_METABOLISM	MSigDB_Hallmark	exploratory	-0.769501826199325	0.752577319587629	0.869644902634593	Sod1	1	112	6	Mutter_02
tumor_epithelial	MBRT_vs_Ctrl	HALLMARK_APICAL_SURFACE	MSigDB_Hallmark	exploratory	-0.712241865189668	0.843564356435644	0.877306930693069	Il2rb,Il2rg,Efna5,Gata3,Hspb1,Lyn,Cx3cl1,Ephb4,App,Brca1	10	44	10	Mutter_02
tumor_epithelial	MBRT_vs_Ctrl	HALLMARK_HEDGEHOG_SIGNALING	MSigDB_Hallmark	exploratory	0.70836387634372	0.828185328185328	0.877306930693069	Adgrg1	1	36	5	Mutter_02
tumor_epithelial	MBRT_vs_Ctrl	HALLMARK_PROTEIN_SECRETION	MSigDB_Hallmark	exploratory	-0.726815211741744	0.811088295687885	0.877306930693069	Sod1	1	96	9	Mutter_02
tumor_epithelial	MBRT_vs_Ctrl	HALLMARK_SPERMATOGENESIS	MSigDB_Hallmark	exploratory	-0.716051024527398	0.816494845360825	0.877306930693069	Ace	1	135	6	Mutter_02
tumor_epithelial	MBRT_vs_Ctrl	HALLMARK_UNFOLDED_PROTEIN_RESPONSE	MSigDB_Hallmark	exploratory	-0.694799929649018	0.841237113402062	0.877306930693069	Vegfa,Bag3,Xbp1,Atf3,Ccl2,Hsp90b1	6	113	6	Mutter_02
tumor_epithelial	MBRT_vs_Ctrl	HALLMARK_ANDROGEN_RESPONSE	MSigDB_Hallmark	exploratory	0.631927168436007	0.920948616600791	0.921455938697318	Ccnd1,Azgp1	2	112	17	Mutter_02
tumor_epithelial	MBRT_vs_Ctrl	HALLMARK_APICAL_JUNCTION	MSigDB_Hallmark	exploratory	0.709561819106186	0.921455938697318	0.921455938697318	Pfn1,Fyb,Itga9,Mmp9,Syk,Mapk14,Vcam1,Itgb1,Vcan,Cd34	10	199	38	Mutter_02
tumor_epithelial	MBRT_vs_SBRT	HALLMARK_KRAS_SIGNALING_UP	MSigDB_Hallmark	exploratory	1.74205446169738	0.00275106807544219	0.143055539922994	Csf2,Il33,Lif,Ptgs2,Cxcr4,Bmp2,Cidea,Pdcd1lg2,St6gal1,Fgf9,Cmklr1,Ccl20,Cxcl10,Mmp9,Gpnmb,Spry2,Etv5,Il10ra,Sparcl1,Il7r,Etv4,Itgb2,Arg1,Tnfrsf1b,Fcer1g,Adgrl4,Spp1	27	203	49	Mutter_02
tumor_epithelial	MBRT_vs_SBRT	HALLMARK_ANDROGEN_RESPONSE	MSigDB_Hallmark	exploratory	-1.78548295275692	0.0107086369052943	0.167894428931861	Krt19,Krt8,Ccnd1,Arid5b,Akt1,Ndrg1,Selenop	7	112	17	Mutter_02
tumor_epithelial	MBRT_vs_SBRT	HALLMARK_APOPTOSIS	MSigDB_Hallmark	exploratory	-1.56535373239637	0.015159207841094	0.167894428931861	Clu,Casp3,Hmgb2,Top2a,Krt18,Gsn,Sod1,Ccnd1,Lmna,Ier3,Igf2r,Sqstm1,Cd2,Jun,Gpx1,Cd38,Rela,Gadd45b,Anxa1,Ifitm3,Ctnnb1	21	160	64	Mutter_02
tumor_epithelial	MBRT_vs_SBRT	HALLMARK_KRAS_SIGNALING_DN	MSigDB_Hallmark	exploratory	1.69586221760435	0.0115354257282938	0.167894428931861	Krt13,Krt4,Ifi44l,Cd80,Cntfr,Egf,Il12b,Pdcd1	8	202	19	Mutter_02
tumor_epithelial	MBRT_vs_SBRT	HALLMARK_PROTEIN_SECRETION	MSigDB_Hallmark	exploratory	-1.70540417624756	0.016143695089602	0.167894428931861	Krt18,Ica1,Sod1,Igf2r,Dst	5	96	9	Mutter_02
tumor_epithelial	MBRT_vs_SBRT	HALLMARK_ALLOGRAFT_REJECTION	MSigDB_Hallmark	exploratory	1.26605462757108	0.0806100217864924	0.217964071856287	Il12rb1,Lif,Il2rb,Cd80,Icosl,Itgal,Ltb,H2-M3,Cxcl9,Tap2,H2-DMa,Il2ra,Tgfb1,H2-DMb1,Elane,Tnf,Cd40,Fas,Ifnar2,Ccl5,Inhbb,Irf4,H2-Ob,Mmp9,Il12b	25	201	102	Mutter_02
tumor_epithelial	MBRT_vs_SBRT	HALLMARK_COMPLEMENT	MSigDB_Hallmark	exploratory	-1.33508672102368	0.076171875	0.217964071856287	Clu,Casp3,Gata3,Gzmb,Jak2,Calm1,Cd55,Src,Gzma,Cxcl1,Dusp5,Fyn,Dusp6,Cxcl2,Dpp4,Cxcl3,Pfn1,Hspa1a,Col4a2,Apoc1,Lyn,Ltf,Mmp14	23	196	42	Mutter_02
tumor_epithelial	MBRT_vs_SBRT	HALLMARK_EPITHELIAL_MESENCHYMAL_TRANSITION	MSigDB_Hallmark	exploratory	-1.35442200134183	0.0602189781021898	0.217964071856287	Col6a2,Vegfa,Acta2,Col1a2,Col1a1,Tagln,Lgals1,Areg,Jun,Gadd45b,Dst,Vim,Igfbp3,Dcn,Cxcl1,Col4a1,Col5a3,Myl9,Tpm1,Col5a1,Mfap5,Col16a1,Serpinh1,Cxcl2,Tnfrsf12a,Cxcl3,Wnt5a,Col6a3,Cd44	29	206	72	Mutter_02
tumor_epithelial	MBRT_vs_SBRT	HALLMARK_ESTROGEN_RESPONSE_EARLY	MSigDB_Hallmark	exploratory	-1.38702380061511	0.0816733067729084	0.217964071856287	Krt19,Krt8,Ptges,Krt18,Jak2,Ccnd1,Areg,Xbp1,Celsr2	9	200	33	Mutter_02
tumor_epithelial	MBRT_vs_SBRT	HALLMARK_HYPOXIA	MSigDB_Hallmark	exploratory	-1.40866091139326	0.0606653620352251	0.217964071856287	Vegfa,Tgfb3,S100a4,Rbpj,Ier3,Efna1,Ldha,Jun,Btg1,Ndrg1,Igfbp3,Vhl,Dcn,Slc2a1,Anxa2	15	200	39	Mutter_02
tumor_epithelial	MBRT_vs_SBRT	HALLMARK_IL2_STAT5_SIGNALING	MSigDB_Hallmark	exploratory	-1.3387481115804	0.0648854961832061	0.217964071856287	Col6a1,Alcam,Casp3,Sell,Il4ra,Cd48,Itga6,Il3ra,Igf2r,Anxa4,Xbp1,Cd81,Gadd45b,Flt3l,Ndrg1,Ifitm3,Il10	17	199	58	Mutter_02
tumor_epithelial	MBRT_vs_SBRT	HALLMARK_MITOTIC_SPINDLE	MSigDB_Hallmark	exploratory	-1.57675223662767	0.0380585355594901	0.217964071856287	Top2a,Gsn,Ezr,Dst,Nusap1,Abl1	6	199	11	Mutter_02
tumor_epithelial	MBRT_vs_SBRT	HALLMARK_MYC_TARGETS_V1	MSigDB_Hallmark	exploratory	-1.5765157962341	0.0485091790184186	0.217964071856287	Ppia,Ldha,Pcna,Ptges3	4	201	9	Mutter_02
tumor_epithelial	MBRT_vs_SBRT	HALLMARK_MYOGENESIS	MSigDB_Hallmark	exploratory	-1.3501109034539	0.0782778864970646	0.217964071856287	Col6a2,Clu,Gsn,Sorbs1,Rb1,Col1a1,Tagln,Itgb4,Gadd45b,Igfbp3,Myl7	11	201	39	Mutter_02
tumor_epithelial	MBRT_vs_SBRT	HALLMARK_OXIDATIVE_PHOSPHORYLATION	MSigDB_Hallmark	exploratory	-1.53988140399776	0.066949927133397	0.217964071856287	Glud1,Atp5e,Ldha	3	199	4	Mutter_02
tumor_epithelial	MBRT_vs_SBRT	HALLMARK_PANCREAS_BETA_CELLS	MSigDB_Hallmark	exploratory	1.443317774292	0.0738522954091816	0.217964071856287	Gcg,Iapp	2	40	4	Mutter_02
tumor_epithelial	MBRT_vs_SBRT	HALLMARK_PEROXISOME	MSigDB_Hallmark	exploratory	-1.53493617318276	0.0681561997837457	0.217964071856287	Top2a,Sod1	2	102	4	Mutter_02
tumor_epithelial	MBRT_vs_SBRT	HALLMARK_UNFOLDED_PROTEIN_RESPONSE	MSigDB_Hallmark	exploratory	-1.47505410997294	0.0755939524838013	0.217964071856287	Vegfa,Xbp1,Bag3	3	113	6	Mutter_02
tumor_epithelial	MBRT_vs_SBRT	HALLMARK_UV_RESPONSE_DN	MSigDB_Hallmark	exploratory	-1.372350795342	0.0838323353293413	0.217964071856287	Adgrl2,Nfkb1,Ldlr,Ica1,Col1a2,Col1a1,Anxa4,Rxra	8	144	32	Mutter_02
tumor_epithelial	MBRT_vs_SBRT	TypeII_interferon	project	primary	1.5210659319116	0.0612244897959184	0.217964071856287	Cxcl9,Cxcl10,Ciita,H2-Ab1,H2-Aa,H2-Eb1	6	17	8	Mutter_02
tumor_epithelial	MBRT_vs_SBRT	HALLMARK_INTERFERON_GAMMA_RESPONSE	MSigDB_Hallmark	exploratory	1.31188742381044	0.0952380952380952	0.235827664399093	Cdkn1a,Ifi44l,Ptgs2,Il2rb,Fpr1,Cd69,Cd274,H2-M3,Cxcl9,H2-DMa,Ido1,Cmklr1,Cd40,Fas,Ifnar2,Ccl5,Vcam1,Cxcl10,Irf4,Klrk1,Tnfsf10,Ciita,Tap1,Tnfaip6,Il7,Rigi,Stat4,Il10ra	28	205	65	Mutter_02
tumor_epithelial	MBRT_vs_SBRT	DNA_Damage_Repair	project	primary	1.37221430712082	0.120982986767486	0.285959786904967	Cdkn1a,Atm,Chek2,Ddit3,Atr	5	18	10	Mutter_02
tumor_epithelial	MBRT_vs_SBRT	HALLMARK_GLYCOLYSIS	MSigDB_Hallmark	exploratory	-1.2999702325204	0.142561983471074	0.308884297520661	Vegfa,Sod1,Ppia,Ier3,Ldha,Igfbp3,Dcn,Stmn1,Col5a1,Sox9	10	200	18	Mutter_02
tumor_epithelial	MBRT_vs_SBRT	HALLMARK_REACTIVE_OXYGEN_SPECIES_PATHWAY	MSigDB_Hallmark	exploratory	-1.32438820680231	0.139186295503212	0.308884297520661	Sod1,Junb,Fes	3	48	5	Mutter_02
tumor_epithelial	MBRT_vs_SBRT	HALLMARK_APICAL_SURFACE	MSigDB_Hallmark	exploratory	1.32575080861024	0.155009451795841	0.313883299798793	Hspb1,Il2rb,Efna5,Cx3cl1,App	5	44	10	Mutter_02
tumor_epithelial	MBRT_vs_SBRT	HALLMARK_CHOLESTEROL_HOMEOSTASIS	MSigDB_Hallmark	exploratory	-1.28737723005536	0.156941649899396	0.313883299798793	Alcam,Clu,Ldlr	3	75	13	Mutter_02
tumor_epithelial	MBRT_vs_SBRT	HALLMARK_IL6_JAK_STAT3_SIGNALING	MSigDB_Hallmark	exploratory	1.15078869223108	0.222453222453222	0.416256157635468	Csf2,Il12rb1,Acvr1b,Acvrl1,Tnfrsf21,Ltb,Cxcl9,Il13ra1,Il2ra,Cntfr,Tgfb1,Tnf,Fas,Cd36,Cxcl10,Pdgfc,Il1r2	17	88	56	Mutter_02
tumor_epithelial	MBRT_vs_SBRT	HALLMARK_INFLAMMATORY_RESPONSE	MSigDB_Hallmark	exploratory	1.11866297503878	0.224137931034483	0.416256157635468	Cdkn1a,Lif,Acvr1b,Il2rb,Msr1,Icosl,Fpr1,Cd69,Met,Ccr7,Cxcl9,Itga5,Gpr183,Cmklr1,Cd40,Ccl20,Il1a,Ccl5,Cxcl10,Cx3cl1,Clec5a,Il12b,Tnfsf10,Nod2,Ccrl2	25	201	86	Mutter_02
tumor_epithelial	MBRT_vs_SBRT	HALLMARK_ANGIOGENESIS	MSigDB_Hallmark	exploratory	-1.15169976655718	0.257668711656442	0.462026655383965	Vegfa,S100a4	2	36	19	Mutter_02
tumor_epithelial	MBRT_vs_SBRT	HALLMARK_BILE_ACID_METABOLISM	MSigDB_Hallmark	exploratory	-1.13952268203979	0.304535637149028	0.485092372416316	Sod1,Rxra,Gc,Ar,Ttr	5	112	6	Mutter_02
tumor_epithelial	MBRT_vs_SBRT	HALLMARK_COAGULATION	MSigDB_Hallmark	exploratory	-1.11238280363684	0.291828793774319	0.485092372416316	Clu,Gsn,Anxa1,Cd9,Fyn,Dusp6,Rac1,Dpp4,Mmp2,Apoc1,Pecam1,Mmp14,Mmp7	13	139	28	Mutter_02
tumor_epithelial	MBRT_vs_SBRT	HALLMARK_ESTROGEN_RESPONSE_LATE	MSigDB_Hallmark	exploratory	-1.1023173215311	0.30784708249497	0.485092372416316	Krt19,Ptges,Top2a,Jak2,Ccnd1,Areg,Cdh1,Xbp1,Celsr2	9	206	35	Mutter_02
tumor_epithelial	MBRT_vs_SBRT	HALLMARK_INTERFERON_ALPHA_RESPONSE	MSigDB_Hallmark	exploratory	-1.12479995675303	0.285714285714286	0.485092372416316	Sell,Il4ra,Cd47,Ifitm2,Ifitm3,Ifih1,Bst2,Ifitm1,Ifi27	9	100	23	Mutter_02
tumor_epithelial	MBRT_vs_SBRT	HALLMARK_E2F_TARGETS	MSigDB_Hallmark	exploratory	-1.04352227015136	0.376278118609407	0.543512837991366	Hmgb2,Top2a,Pcna,Mki67,Dnmt1,Stmn1	6	200	20	Mutter_02
tumor_epithelial	MBRT_vs_SBRT	HALLMARK_G2M_CHECKPOINT	MSigDB_Hallmark	exploratory	-1.04779331306666	0.36734693877551	0.543512837991366	Top2a,Ccnd1,Nusap1,Mki67,Abl1,Stmn1	6	198	23	Mutter_02
tumor_epithelial	MBRT_vs_SBRT	HALLMARK_TGF_BETA_SIGNALING	MSigDB_Hallmark	exploratory	-1.0672717268448	0.367556468172485	0.543512837991366	Hdac1,Ifngr2,Junb,Acvr1,Cdh1,Ctnnb1	6	54	15	Mutter_02
tumor_epithelial	MBRT_vs_SBRT	HALLMARK_MTORC1_SIGNALING	MSigDB_Hallmark	exploratory	-1.02932965070294	0.432865731462926	0.608351838812761	Ldlr,Ppia,Sqstm1,Ldha,Xbp1,Cd9,Slc2a1	7	201	14	Mutter_02
tumor_epithelial	MBRT_vs_SBRT	HALLMARK_HEME_METABOLISM	MSigDB_Hallmark	exploratory	-0.975258872565605	0.469601677148847	0.626135569531796	Ackr1,Slc2a1,Aqp3	3	194	7	Mutter_02
tumor_epithelial	MBRT_vs_SBRT	HALLMARK_P53_PATHWAY	MSigDB_Hallmark	exploratory	-1.01419361209986	0.457925636007828	0.626135569531796	S100a4,Rb1,Hdac3,Ier3,S100a10,Itgb4,Rxra,Jun,Cd81,Pcna,Btg1,Ndrg1	12	199	39	Mutter_02
tumor_epithelial	MBRT_vs_SBRT	HALLMARK_SPERMATOGENESIS	MSigDB_Hallmark	exploratory	0.956499537958669	0.527777777777778	0.685043119411671	Mtor,Cdkn3,Ace	3	135	6	Mutter_02
tumor_epithelial	MBRT_vs_SBRT	HALLMARK_TNFA_SIGNALING_VIA_NFKB	MSigDB_Hallmark	exploratory	0.957391467843883	0.540130151843818	0.685043119411671	Csf2,Cdkn1a,Lif,Ptgs2,Cd80,Icosl,Ackr3,Cd69,Bmp2,Cflar,Gpr183,Tnf,Ccl20,Il1a,Ccl5,Cxcl10	16	199	76	Mutter_02
tumor_epithelial	MBRT_vs_SBRT	HALLMARK_WNT_BETA_CATENIN_SIGNALING	MSigDB_Hallmark	exploratory	0.938450296092826	0.553398058252427	0.685159500693481	Fzd1,Tcf7,Hdac11	3	42	15	Mutter_02
tumor_epithelial	MBRT_vs_SBRT	HALLMARK_FATTY_ACID_METABOLISM	MSigDB_Hallmark	exploratory	-0.864718572581486	0.642259414225942	0.72603238129889	Lgals1,S100a10,Ldha,Glul	4	157	11	Mutter_02
tumor_epithelial	MBRT_vs_SBRT	HALLMARK_PI3K_AKT_MTOR_SIGNALING	MSigDB_Hallmark	exploratory	0.896425440162243	0.633333333333333	0.72603238129889	Cdkn1a,Cxcr4	2	105	16	Mutter_02
tumor_epithelial	MBRT_vs_SBRT	HALLMARK_UV_RESPONSE_UP	MSigDB_Hallmark	exploratory	-0.874270432002559	0.624742268041237	0.72603238129889	Casp3,Junb,Sqstm1,Btg1,Nfkbia,Cxcl1,Epcam,Icam1	8	158	24	Mutter_02
tumor_epithelial	MBRT_vs_SBRT	HALLMARK_XENOBIOTIC_METABOLISM	MSigDB_Hallmark	exploratory	-0.880237538443878	0.640081799591002	0.72603238129889	Il1r1,Ptges	2	203	20	Mutter_02
tumor_epithelial	MBRT_vs_SBRT	HALLMARK_ADIPOGENESIS	MSigDB_Hallmark	exploratory	-0.836924040382788	0.699386503067485	0.747629244417253	Fabp4,Sod1,Sorbs1,Vegfb,Stat5a,Col4a1	6	200	19	Mutter_02
tumor_epithelial	MBRT_vs_SBRT	HALLMARK_HEDGEHOG_SIGNALING	MSigDB_Hallmark	exploratory	-0.805979707417142	0.704496788008565	0.747629244417253	Vegfa	1	36	5	Mutter_02
tumor_epithelial	MBRT_vs_SBRT	TypeI_interferon	project	primary	-0.817708827591385	0.69601677148847	0.747629244417253	Ifitm3,Ifitm1	2	19	7	Mutter_02
tumor_epithelial	MBRT_vs_SBRT	HALLMARK_NOTCH_SIGNALING	MSigDB_Hallmark	exploratory	-0.74635575835765	0.802083333333333	0.834166666666667	Ccnd1,Fzd5,Notch1,Jag1,Fzd7,Wnt5a	6	32	12	Mutter_02
tumor_epithelial	MBRT_vs_SBRT	HALLMARK_APICAL_JUNCTION	MSigDB_Hallmark	exploratory	-0.757285247150853	0.85207100591716	0.868778280542986	Itga9,Cldn4,Itgb4,Src,Cdh1,Actg2,Icam1,Myl9,Rac2,Col16a1,Pfn1,Cd276,Itga3,Mmp2,Pecam1	15	199	38	Mutter_02
tumor_epithelial	MBRT_vs_SBRT	HALLMARK_DNA_REPAIR	MSigDB_Hallmark	exploratory	-0.524916735960786	0.980728051391863	0.980728051391863	Pcna	1	150	5	Mutter_02
tumor_epithelial	SBRT_vs_Ctrl	HALLMARK_EPITHELIAL_MESENCHYMAL_TRANSITION	MSigDB_Hallmark	exploratory	1.68833640599951	0.00229610456915347	0.0440066812167739	Col6a2,Col1a1,Gadd45b,Acta2,Col1a2,Lgals1,Vegfa,Areg,Col5a3,Col3a1,Col4a1,Cd44,Serpinh1,Tnfrsf12a,Col5a1,Cxcl3,Mfap5,Cxcl1,Jun,Bgn,Wnt5a,Col6a3,Col12a1,Il15,Notch2	25	206	72	Mutter_02
tumor_epithelial	SBRT_vs_Ctrl	HALLMARK_G2M_CHECKPOINT	MSigDB_Hallmark	exploratory	1.89618863566387	0.00253884699327542	0.0440066812167739	Top2a,Mki67,Ccnd1,Nusap1,Stmn1,Cenpf,Abl1,Pttg1,Ube2c,Ezh2	10	198	23	Mutter_02
tumor_epithelial	SBRT_vs_Ctrl	HALLMARK_UV_RESPONSE_DN	MSigDB_Hallmark	exploratory	1.82552913027777	0.00153852093872865	0.0440066812167739	Ldlr,Nfkb1,Col1a1,Ica1,Col1a2,Fyn,Adgrl2,Col3a1,Anxa2,Rxra,Anxa4,Tgfbr2	12	144	32	Mutter_02
tumor_epithelial	SBRT_vs_Ctrl	HALLMARK_E2F_TARGETS	MSigDB_Hallmark	exploratory	1.81108448804039	0.00449011697551403	0.0558272986093368	Top2a,Hmgb2,Mki67,Stmn1,Dnmt1,Pcna,Pttg1,Ezh2	8	200	20	Mutter_02
tumor_epithelial	SBRT_vs_Ctrl	HALLMARK_KRAS_SIGNALING_DN	MSigDB_Hallmark	exploratory	-1.81228533953762	0.0065680273644223	0.0558272986093368	Krt4,Ifi44l,Krt13,Cd80,Cntfr,Egf,Cd40lg,Krt15,Tgfb2,Il12b	10	202	19	Mutter_02
tumor_epithelial	SBRT_vs_Ctrl	HALLMARK_KRAS_SIGNALING_UP	MSigDB_Hallmark	exploratory	-1.64419826734308	0.00724805039962763	0.0558272986093368	Csf2,Cxcr4,Tnfrsf1b,Ptgs2,Fgf9,Ace,Spry2,Pdcd1lg2,Cmklr1,Bmp2,Inhba,Itgb2,Il33,Adgra2,Ccl20,Cidea,Sparcl1	17	203	49	Mutter_02
tumor_epithelial	SBRT_vs_Ctrl	HALLMARK_MITOTIC_SPINDLE	MSigDB_Hallmark	exploratory	1.784412835033	0.0085888151706672	0.0558272986093368	Top2a,Nusap1,Cenpf,Gsn,Abl1,Ezr	6	199	11	Mutter_02
tumor_epithelial	SBRT_vs_Ctrl	HALLMARK_MYC_TARGETS_V1	MSigDB_Hallmark	exploratory	1.73266296261597	0.00844333559638895	0.0558272986093368	Ldha,Pcna,Ppia,Ptges3	4	201	9	Mutter_02
tumor_epithelial	SBRT_vs_Ctrl	HALLMARK_INTERFERON_GAMMA_RESPONSE	MSigDB_Hallmark	exploratory	-1.51730994939634	0.0127062171636922	0.0734136991679994	Ifi44l,Il2rb,Fpr1,Tnfsf10,Cd40,Cdkn1a,Cd69,Cd274,Ptgs2,H2-DMa,Fas,H2-M3,Ciita,Cmklr1,Cxcl9	15	205	65	Mutter_02
tumor_epithelial	SBRT_vs_Ctrl	HALLMARK_CHOLESTEROL_HOMEOSTASIS	MSigDB_Hallmark	exploratory	1.67567841656981	0.0196852156331139	0.0930573829929021	Ldlr,Clu,Alcam,Ctnnb1,Tnfrsf12a,Fasn,Jag1,Cd9	8	75	13	Mutter_02
tumor_epithelial	SBRT_vs_Ctrl	HALLMARK_HYPOXIA	MSigDB_Hallmark	exploratory	1.57218162368967	0.018047510505567	0.0930573829929021	S100a4,Ldha,Vegfa,Ier3,Anxa2,Rbpj,Tgfb3,Btg1,Col5a1,Efna1,Nr3c1,Vhl,Jun,Bgn,Ndrg1,Pdgfb,Slc2a1,Mif	18	200	39	Mutter_02
tumor_epithelial	SBRT_vs_Ctrl	HALLMARK_COMPLEMENT	MSigDB_Hallmark	exploratory	1.52994902740972	0.0252664166119588	0.109487805318488	Gzmb,Clu,Fyn,Calm1,Gata3,Jak2,Casp3,Pfn1,Cxcl3,Cxcl1,Cd55,Calm3,Pdgfb,Dusp6	14	196	42	Mutter_02
tumor_epithelial	SBRT_vs_Ctrl	HALLMARK_APOPTOSIS	MSigDB_Hallmark	exploratory	1.44781461878762	0.0378244450597633	0.12312467465501	Top2a,Hmgb2,Ccnd1,Clu,Gadd45b,Krt18,Lmna,Gsn,Ier3,Casp3,Cd44,Ctnnb1,Tnfrsf12a,Gpx1,Anxa1,Hgf,Jun,Bgn,Cd2,Rela,Igf2r	21	160	64	Mutter_02
tumor_epithelial	SBRT_vs_Ctrl	HALLMARK_ESTROGEN_RESPONSE_EARLY	MSigDB_Hallmark	exploratory	1.4676192084784	0.0320908262174602	0.12312467465501	Krt19,Ccnd1,Krt8,Krt18,Areg,Jak2,Cd44,Ar,Fasn,Il6st,Celsr2,Aqp3,Slc2a1,Xbp1	14	200	33	Mutter_02
tumor_epithelial	SBRT_vs_Ctrl	HALLMARK_GLYCOLYSIS	MSigDB_Hallmark	exploratory	1.55149578046738	0.0402522974833687	0.12312467465501	Ldha,Stmn1,Ppia,Vegfa,Ier3,Cd44,Col5a1	7	200	18	Mutter_02
tumor_epithelial	SBRT_vs_Ctrl	HALLMARK_IL6_JAK_STAT3_SIGNALING	MSigDB_Hallmark	exploratory	-1.40750370359288	0.034509413972279	0.12312467465501	Il12rb1,Acvrl1,Acvr1b,Csf2,Tnfrsf21,Ltb,Tnfrsf1b,Il2ra,Fas,Il13ra1,Cd36,Il1r2,Cxcl9,Cntfr,Osmr,Csf3r,Pdgfc	17	88	56	Mutter_02
tumor_epithelial	SBRT_vs_Ctrl	TypeII_interferon	project	primary	-1.61937494221923	0.0388501409496997	0.12312467465501	Ciita,Cxcl9,H2-Aa,H2-Ab1,H2-Eb1,Cxcl10,Cd74	7	17	8	Mutter_02
tumor_epithelial	SBRT_vs_Ctrl	HALLMARK_PEROXISOME	MSigDB_Hallmark	exploratory	1.52031979485784	0.0441678906237742	0.127596128468681	Top2a	1	102	4	Mutter_02
tumor_epithelial	SBRT_vs_Ctrl	HALLMARK_PROTEIN_SECRETION	MSigDB_Hallmark	exploratory	1.52461952743289	0.0580762250453721	0.158945458018913	Krt18,Ica1,Igf2r,Dst	4	96	9	Mutter_02
tumor_epithelial	SBRT_vs_Ctrl	HALLMARK_ALLOGRAFT_REJECTION	MSigDB_Hallmark	exploratory	-1.25675924917305	0.0798898071625344	0.20771349862259	Il12rb1,Il2rb,Cd40,Ltb,Itgal,Il2ra,H2-DMa,H2-Ob,Fas,H2-M3,Inhbb,Cd80,Tap2,Cd28,Cxcl9,H2-DMb1,Inhba,Itgb2,Icosl,Cd40lg,H2-T23,Irf4	22	201	102	Mutter_02
tumor_epithelial	SBRT_vs_Ctrl	HALLMARK_MYOGENESIS	MSigDB_Hallmark	exploratory	1.36286213534791	0.0881863560732113	0.218366215038428	Col6a2,Clu,Col1a1,Gadd45b,Myl7,Gsn,Col3a1,Sorbs1	8	201	39	Mutter_02
tumor_epithelial	SBRT_vs_Ctrl	HALLMARK_ANDROGEN_RESPONSE	MSigDB_Hallmark	exploratory	1.38352472154892	0.101063829787234	0.238878143133462	Krt19,Ccnd1,Krt8,Akt1,Arid5b	5	112	17	Mutter_02
tumor_epithelial	SBRT_vs_Ctrl	HALLMARK_IL2_STAT5_SIGNALING	MSigDB_Hallmark	exploratory	1.27990963989126	0.11496062992126	0.252918287937743	Col6a1,Il4ra,Gadd45b,Il3ra,Spry4,Cd48,Alcam,Il10,Itga6,Sell,Cd81,Casp3,Cd44,Anxa4	14	199	58	Mutter_02
tumor_epithelial	SBRT_vs_Ctrl	HALLMARK_OXIDATIVE_PHOSPHORYLATION	MSigDB_Hallmark	exploratory	1.35959153845469	0.116731517509728	0.252918287937743	Ldha,Glud1,Atp5e	3	199	4	Mutter_02
tumor_epithelial	SBRT_vs_Ctrl	HALLMARK_UNFOLDED_PROTEIN_RESPONSE	MSigDB_Hallmark	exploratory	1.3475198365719	0.135238095238095	0.281295238095238	Vegfa,Xbp1,Bag3,Hsp90b1,Atf3	5	113	6	Mutter_02
tumor_epithelial	SBRT_vs_Ctrl	HALLMARK_PANCREAS_BETA_CELLS	MSigDB_Hallmark	exploratory	-1.32828813741535	0.155737704918033	0.311475409836066	Gcg,Iapp,Dpp4,Sst	4	40	4	Mutter_02
tumor_epithelial	SBRT_vs_Ctrl	HALLMARK_TNFA_SIGNALING_VIA_NFKB	MSigDB_Hallmark	exploratory	1.19603454986281	0.188473520249221	0.3629860389985	Ldlr,Ccnd1,Nfkb1,Gadd45b,Vegfa,Areg,Ifngr2,Ier3,Cd44,Btg1,Ifih1,Stat5a,Cxcl3,Cxcl1,Nfkbia,Efna1,Il6st,Jag1,Jun,Rela,Klf2	21	199	76	Mutter_02
tumor_epithelial	SBRT_vs_Ctrl	HALLMARK_FATTY_ACID_METABOLISM	MSigDB_Hallmark	exploratory	1.26089998760125	0.196779964221825	0.365448504983389	S100a10,Ldha,Lgals1,Fasn,Hsp90aa1,Mif,Glul	7	157	11	Mutter_02
tumor_epithelial	SBRT_vs_Ctrl	HALLMARK_BILE_ACID_METABOLISM	MSigDB_Hallmark	exploratory	1.25195695786247	0.211428571428571	0.366476190476191	Rxra,Ar,Gc	3	112	6	Mutter_02
tumor_epithelial	SBRT_vs_Ctrl	HALLMARK_ESTROGEN_RESPONSE_LATE	MSigDB_Hallmark	exploratory	1.19494454575796	0.208261617900172	0.366476190476191	Top2a,Krt19,Ccnd1,Areg,Jak2,Cd44,Il6st,Celsr2,Cdh1,Cd9,Xbp1	11	206	35	Mutter_02
tumor_epithelial	SBRT_vs_Ctrl	HALLMARK_NOTCH_SIGNALING	MSigDB_Hallmark	exploratory	1.22673505506282	0.223613595706619	0.375093773443361	Ccnd1,Jag1,Wnt5a,Notch2,Dll1,Fzd7,Notch3,Fzd5	8	32	12	Mutter_02
tumor_epithelial	SBRT_vs_Ctrl	HALLMARK_MTORC1_SIGNALING	MSigDB_Hallmark	exploratory	1.17288615100698	0.269642857142857	0.419888421258686	Ldlr,Ldha,Ppia,Serpinh1,Cd9,Slc2a1,Xbp1,Sqstm1,Igfbp5	9	201	14	Mutter_02
tumor_epithelial	SBRT_vs_Ctrl	HALLMARK_P53_PATHWAY	MSigDB_Hallmark	exploratory	1.13031737602686	0.274542429284526	0.419888421258686	Hdac3,S100a4,S100a10,Pcna,Cd81,Ier3,Btg1,Rxra,Serpinb5,Jun,Ndrg1	11	199	39	Mutter_02
tumor_epithelial	SBRT_vs_Ctrl	HALLMARK_UV_RESPONSE_UP	MSigDB_Hallmark	exploratory	-1.13180172932441	0.26463700234192	0.419888421258686	Rxrb,Fgf18,H2-M3,Bid,Bmp2,H2-Q1	6	158	24	Mutter_02
tumor_epithelial	SBRT_vs_Ctrl	HALLMARK_COAGULATION	MSigDB_Hallmark	exploratory	1.11774615427759	0.318260869565217	0.472844720496894	Clu,Fyn,Gsn,Rac1,Anxa1,Pf4,Pdgfb,Cd9,Dusp6	9	139	28	Mutter_02
tumor_epithelial	SBRT_vs_Ctrl	HALLMARK_APICAL_SURFACE	MSigDB_Hallmark	exploratory	-1.11877326255192	0.330376940133038	0.477211135747721	Il2rb,Hspb1,Efna5	3	44	10	Mutter_02
tumor_epithelial	SBRT_vs_Ctrl	HALLMARK_ANGIOGENESIS	MSigDB_Hallmark	exploratory	1.08163098443418	0.346902654867257	0.487538866299928	S100a4,Vegfa,Col3a1,Pf4,Jag1	5	36	19	Mutter_02
tumor_epithelial	SBRT_vs_Ctrl	TypeI_interferon	project	primary	1.06233624504707	0.384180790960452	0.525721082366934	Ifit1,Ifitm1,Ifitm3	3	19	7	Mutter_02
tumor_epithelial	SBRT_vs_Ctrl	HALLMARK_HEDGEHOG_SIGNALING	MSigDB_Hallmark	exploratory	1.0347054138046	0.431599229287091	0.575465639049454	Vegfa,Hey1	2	36	5	Mutter_02
tumor_epithelial	SBRT_vs_Ctrl	HALLMARK_ADIPOGENESIS	MSigDB_Hallmark	exploratory	-0.973203975909195	0.512585812356979	0.619871214943324	Cd36,Fzd4,Angpt1,Apoe,Lep,Adipoq,Gpx3,Cidea,Sparcl1,Lifr	10	200	19	Mutter_02
tumor_epithelial	SBRT_vs_Ctrl	HALLMARK_HEME_METABOLISM	MSigDB_Hallmark	exploratory	0.968333490320073	0.508474576271186	0.619871214943324	Nr3c1,Aqp3,Slc2a1	3	194	7	Mutter_02
tumor_epithelial	SBRT_vs_Ctrl	HALLMARK_TGF_BETA_SIGNALING	MSigDB_Hallmark	exploratory	-0.980102967411603	0.480088495575221	0.619871214943324	Tgfbr1,Thbs1,Bmp2,Apc,Smad3,Acvr1,Bmpr2	7	54	15	Mutter_02
tumor_epithelial	SBRT_vs_Ctrl	HALLMARK_WNT_BETA_CATENIN_SIGNALING	MSigDB_Hallmark	exploratory	0.976610092405732	0.494545454545455	0.619871214943324	Rbpj,Ctnnb1,Hey1,Jag1,Dll1,Myc	6	42	15	Mutter_02
tumor_epithelial	SBRT_vs_Ctrl	HALLMARK_INFLAMMATORY_RESPONSE	MSigDB_Hallmark	exploratory	0.937530158149105	0.571428571428571	0.675324675324675	Ifnar1,Ldlr,Il1r1,Nfkb1,Il4ra,Csf3,Cd48,Ifngr2,Il10,Sell	10	201	86	Mutter_02
tumor_epithelial	SBRT_vs_Ctrl	HALLMARK_PI3K_AKT_MTOR_SIGNALING	MSigDB_Hallmark	exploratory	0.899483615556441	0.604609929078014	0.69866036249015	Akt1,Pfn1,Rac1,Tnfrsf1a,Slc2a1,Fasl,Sqstm1	7	105	16	Mutter_02
tumor_epithelial	SBRT_vs_Ctrl	HALLMARK_XENOBIOTIC_METABOLISM	MSigDB_Hallmark	exploratory	-0.858726244418068	0.693363844393593	0.7838026067058	Fas,Cd36,Esr1,Apoe,Igf1,Ptgds,Tgfb2,Hsd17b2	8	203	20	Mutter_02
tumor_epithelial	SBRT_vs_Ctrl	HALLMARK_DNA_REPAIR	MSigDB_Hallmark	exploratory	0.786853226985513	0.737957610789981	0.799454078355812	Pcna,Nt5c3,Trp53	3	150	5	Mutter_02
tumor_epithelial	SBRT_vs_Ctrl	HALLMARK_REACTIVE_OXYGEN_SPECIES_PATHWAY	MSigDB_Hallmark	exploratory	-0.777712614380229	0.737060041407868	0.799454078355812	Gpx3	1	48	5	Mutter_02
tumor_epithelial	SBRT_vs_Ctrl	DNA_Damage_Repair	project	primary	0.757592502109562	0.776769509981851	0.824326826919516	Gadd45b,Parp1	2	18	10	Mutter_02
tumor_epithelial	SBRT_vs_Ctrl	HALLMARK_INTERFERON_ALPHA_RESPONSE	MSigDB_Hallmark	exploratory	0.721004325626262	0.864818024263432	0.899410745233969	Il4ra,Sell,Ifih1,Il15,Ifitm1,Cd47,Ifitm3	7	100	23	Mutter_02
tumor_epithelial	SBRT_vs_Ctrl	HALLMARK_APICAL_JUNCTION	MSigDB_Hallmark	exploratory	0.72436364889311	0.886477462437396	0.90385937346558	Itga9,Pfn1,Cdh1,Itga3,Cldn4,Myl9,Cd34,Mapk14,Rac2,Col16a1,Itgb4,Fyb,Icam1,Egfr,Syk,Itgb1,Cd276,Cdh11	18	199	38	Mutter_02
tumor_epithelial	SBRT_vs_Ctrl	HALLMARK_SPERMATOGENESIS	MSigDB_Hallmark	exploratory	-0.619635719844628	0.905660377358491	0.905660377358491	Ace	1	135	6	Mutter_02
