logFC	AveExpr	t	P.Value	adj.P.Val	B	gene
-0.07278415054616154	10.07686946960998	-0.8510992085152114	0.39804400242974347	0.9996354569611356	-4.755377717908073	Aatk
-0.06239482266431423	10.271704450460843	-0.7471201590284725	0.457862163950855	0.9996354569611356	-4.806117912846554	Abl1
0.12817098565436233	9.192376717171726	1.113489942358984	0.26986789127956556	0.9996354569611356	-4.611479776679649	Abl2
0.14490917005462575	9.086733882986426	1.0914319381809576	0.2793764194809448	0.9996354569611356	-4.620415047209739	Acacb
0.006522062600187166	9.009213034864903	0.05638174551046127	0.9552220299174191	0.9996354569611356	-4.868536832168615	Ace
-0.23969740415537663	8.501721563711927	-1.69696700666992	0.09480189368571397	0.9996354569611356	-4.298125731285998	Ackr1
0.08620914200013728	9.881051189701193	0.8824403195705466	0.3810040850482286	0.9996354569611356	-4.737074829764111	Ackr3
-0.12469834127547941	9.808974820233933	-1.3977134853438207	0.16726320555502872	0.9996354569611356	-4.456898843115858	Ackr4
0.1055426944029821	10.138715283737012	0.9447200138799294	0.348530034235879	0.9996354569611356	-4.718390658829233	Acta2
0.10238100568811151	9.383900248299021	0.795795170942654	0.42923802905614294	0.9996354569611356	-4.7509739215380575	Actg2
0.046832848449809485	9.354890502766285	0.4267606404323429	0.6710565794146447	0.9996354569611356	-4.8496128969203545	Acvr1
-0.022802169752240885	8.728925230102991	-0.16726109858773724	0.86771803781726	0.9996354569611356	-4.8469300251463645	Acvr1b
-0.06835753096216338	8.578061038916886	-0.5095320617120327	0.6122183724607063	0.9996354569611356	-4.785841260828952	Acvr2a
-0.18501937794480294	8.810135478914292	-1.4920334359651028	0.14084592571040527	0.9996354569611356	-4.4095442147741615	Acvrl1
-0.010818181084752649	9.634913421144306	-0.10145874023600077	0.9195191752066829	0.9996354569611356	-4.907148971643663	Adgra2
0.025120276423786315	8.333817642869933	0.1918275777442564	0.8485145994742409	0.9996354569611356	-4.820093591982922	Adgra3
-0.09416623735206692	8.468147421973827	-0.731797275560561	0.4670953838523162	0.9996354569611356	-4.730876999062693	Adgre5
-0.007068442107724234	8.583578000807744	-0.0590376693859964	0.9531151481450753	0.9996354569611356	-4.8443405764735425	Adgrf1
-0.03284686132462754	9.776780311571613	-0.30658034483443414	0.7602071907136341	0.9996354569611356	-4.89993075545401	Adgrf3
-0.12967569004201157	9.26193332965592	-1.1593896643343993	0.2508170096443134	0.9996354569611356	-4.589087833351403	Adgrf5
0.03612684575432473	9.736969683545109	0.3991644469553424	0.6911665207228648	0.9996354569611356	-4.877959854332719	Adgrg1
0.20472713047389804	9.871953293604085	1.8213994987265518	0.07345204607489951	0.9996354569611356	-4.142477789666079	Adgrg3
0.08187264498773365	10.367732797887344	0.9244628607392209	0.35888920550270176	0.9996354569611356	-4.734477624856665	Adgrg5
0.12902933662981902	9.294710217842194	1.1565411099330232	0.25197058792180727	0.9996354569611356	-4.591826181674056	Adgrg6
0.0730893752667536	9.74172288128933	0.6205333862737564	0.5372189951103024	0.9996354569611356	-4.827479612147615	Adgrl1
0.0862485962549341	9.867115952902973	0.787189592966307	0.4342197545261818	0.9996354569611356	-4.777626641346883	Adgrl2
-0.09074772794004075	9.26920223477084	-0.6971561128652661	0.48835446268258176	0.9996354569611356	-4.782737236739375	Adgrl4
0.0069072283943255935	8.677585746481567	0.053083541547204204	0.9578388620241126	0.9996354569611356	-4.84969643525731	Adgrv1
-0.08397953611222464	9.111446600582314	-0.6305612274226273	0.5306835254096036	0.9996354569611356	-4.789840292794932	Adipoq
-0.026959268357260018	8.965091265895408	-0.21945449152807048	0.827028947106359	0.9996354569611356	-4.857926380382464	Adm2
0.06797798808078175	8.727841725276049	0.49928516668439415	0.6193750765107067	0.9996354569611356	-4.798458740631487	Agr2
0.1972584367833492	9.037454802474286	1.7297494854561755	0.08873397251817239	0.9996354569611356	-4.252358092228707	Ahi1
0.13864531856615844	9.550121502179667	1.257457346304178	0.21338247889374523	0.9996354569611356	-4.540880730052029	Ahr
0.08441844931678102	10.251046623651463	0.8661151352165072	0.38982197170447863	0.9996354569611356	-4.7573101729841865	Aif1
0.06946933351891252	11.727088068433792	0.8354845009617876	0.4067065549974844	0.9996354569611356	-4.817898575148909	Akt1
-0.08773386138313632	9.488142855392137	-0.7666209572199829	0.4462646173923701	0.9996354569611356	-4.763847815548339	Alcam
-0.05687698491715857	8.252554179863031	-0.4266519707630428	0.6711353096894549	0.9996354569611356	-4.791264596843334	Angpt1
0.03735276580086552	9.606512076800817	0.42233716395278925	0.6742643328844298	0.9996354569611356	-4.867042914972356	Angpt2
0.18549298507626	8.893619538442692	1.4464582632440819	0.15316936018918337	0.9996354569611356	-4.434252331013803	Angptl1
-0.07774708442930829	8.324899184173468	-0.5480765245144621	0.5856401443357864	0.9996354569611356	-4.772602048833301	Ankrd1
-0.0010677257292303567	9.072639409352677	-0.009142020175910641	0.9927356672812051	0.9996354569611356	-4.868647387759041	Ankrd42
0.04669474505035086	11.094731548550087	0.4321200901816853	0.6671783086697298	0.9996354569611356	-4.941012253983141	Anxa1
0.08021460391499187	10.94984034773033	0.6994889698386956	0.48690620264353157	0.9996354569611356	-4.852747680613638	Anxa2
0.10548031240032389	10.632211434933408	1.100202853349546	0.27556794710845706	0.9996354569611356	-4.650058016501729	Anxa4
-0.05430667945014005	8.227655082315579	-0.42665633098126104	0.6711321506762518	0.9996354569611356	-4.787355259741878	Apc
0.08209365048961252	8.254583521485076	0.4845554104562235	0.6297276851622471	0.9996354569611356	-4.781619155566124	Apoa1
0.09450180842726506	10.170694893277144	1.0672528470995821	0.29006466421110066	0.9996354569611356	-4.657380228357887	Apoc1
-0.06362428749488103	10.266883655233734	-0.7531081683210878	0.45428264053876666	0.9996354569611356	-4.8054966627836455	Apod
-0.0927094203821761	10.175438824725425	-0.7020712222133257	0.48530589207127206	0.9996354569611356	-4.818386795087422	Apoe
0.022031966929223913	9.552812414013346	0.1934722251697593	0.847232140159693	0.9996354569611356	-4.893812565889191	App
-0.08115973232771986	10.800760340184626	-0.9301421997481027	0.3559650642747215	0.9996354569611356	-4.746011375954616	Aqp3
-0.09945175708372414	8.54849321150316	-0.7579282155601806	0.4514130833537794	0.9996354569611356	-4.729198618045912	Ar
0.1995302128285663	9.291637011899311	1.4319073020667128	0.15727618810743654	0.9996354569611356	-4.436915903279715	Areg
0.09018649814251564	10.889293870301765	1.1971998236443797	0.2358619244862874	0.9996354569611356	-4.596938046519167	Arf1
-0.28274877447801655	10.811057665658746	-1.928761863217438	0.058418473396832836	0.9996354569611356	-4.009617944674222	Arg1
0.08895651014015112	8.964933670356551	0.7578953007376789	0.4514326430994051	0.9996354569611356	-4.745856980056309	Arhgdib
0.13439037216138147	9.230928438995216	1.085397686572407	0.28201778979444714	0.9996354569611356	-4.625775094923531	Arid5b
-0.05812537989050124	9.394804039967418	-0.5746376657747128	0.5676503203335932	0.9996354569611356	-4.817053373106887	Atf3
-0.017562473146700824	8.963533353353306	-0.15955730680991764	0.8737571207327118	0.9996354569611356	-4.857514724521556	Atg12
-0.044067210239660766	9.219207512722738	-0.4048785801746515	0.6869835423593734	0.9996354569611356	-4.848839905544651	Atg5
0.11289573527677553	10.840232063031783	1.2114765551018065	0.23038652012010694	0.9996354569611356	-4.586690145669913	Atp5e
0.09419416748239175	10.435205868439844	1.030777523008715	0.30671614979688383	0.9996354569611356	-4.684251289722897	Axl
0.10340196845880875	9.41645639267706	0.9215203262112134	0.36041030728702705	0.9996354569611356	-4.70246728518606	Azgp1
-0.07197374859377402	12.00923628666782	-0.7148018905427515	0.4774590788297197	0.9996354569611356	-4.882261058318881	B2m
-0.06207290470295529	9.361665413650586	-0.5434964548738891	0.5887694385672764	0.9996354569611356	-4.8267063083825095	Bag3
0.018891690202179658	10.67455961345886	0.2349473597095996	0.8150367388271308	0.9996354569611356	-4.957615277424127	Bbln
0.15587645527358668	10.034660762822718	1.9031528668139661	0.06174380990542485	0.9996354569611356	-4.065326029074107	Bcl2
-0.02683695596518008	10.467078092555122	-0.24956565431404218	0.8037620130237734	0.9996354569611356	-4.948122548748893	Bcl2l1
-0.07620043524466288	10.31366666883988	-0.81450286268849	0.4185263973033174	0.9996354569611356	-4.782894893835921	Becn1
0.02578391497901288	8.906533922326878	0.21810059192369435	0.8280789400620328	0.9996354569611356	-4.856925370214036	Best1
-0.007269534935599133	9.92345364814458	-0.06736938820638373	0.9465080401820258	0.9996354569611356	-4.931949042998805	Bgn
0.07422495899178244	8.703202092535406	0.5973166811197707	0.5525075254478249	0.9996354569611356	-4.780788096257431	Bid
-0.035160688381518083	10.650747072041995	-0.39139793303078607	0.6968674279491578	0.9996354569611356	-4.931018838657306	Birc5
0.043871479243054554	9.846242765460897	0.4144656858314929	0.679987458891196	0.9996354569611356	-4.882727706140314	Blk
-0.14053237706335175	8.79576394209233	-0.8989292603183132	0.37222622470578737	0.9996354569611356	-4.689915716300124	Bmp1
-0.13064350903853428	8.838823321829619	-0.8897449230682944	0.3770995343862522	0.9996354569611356	-4.696102424432494	Bmp2
0.04925647702663693	9.404060855821305	0.42597429160745426	0.6716263660548227	0.9996354569611356	-4.859949164966995	Bmp3
0.1370913438141079	8.37425116600888	0.9611557717672916	0.34026958272600194	0.9996354569611356	-4.656041053438817	Bmp4
0.13094300389777414	9.165461097097413	1.1160777377121833	0.268767458270599	0.9996354569611356	-4.611041206979061	Bmp5
-0.029724794115624946	9.5863579279945	-0.2742558970442223	0.7848148931127602	0.9996354569611356	-4.889197414218683	Bmp7
0.15580182701608986	9.271292617123397	1.458123765595422	0.1499376768532774	0.9996354569611356	-4.42240766301264	Bmpr1a
0.08811637944733708	9.820117081813317	1.073902827403372	0.28709733111712926	0.9996354569611356	-4.643005704688427	Bmpr2
-0.11285902966397118	7.84889192636704	-0.7189305518927397	0.47492964818540995	0.9996354569611356	-4.714358130588108	Bst1
0.022648594325661516	11.634902877975826	0.29006050356410995	0.7727540032338432	0.9996354569611356	-4.991934992262477	Bst2
0.10455108615877104	9.627699694996856	0.739807244103279	0.46225561246682034	0.9996354569611356	-4.785563680950972	Btf3
-0.030211093077307006	10.439739042203788	-0.317506888364079	0.7519436332301288	0.9996354569611356	-4.935569111504259	Btg1
0.05804914108133467	8.49868383131055	0.4315588909284501	0.6675839860147861	0.9996354569611356	-4.801144298843577	Btk
-0.12434171084106319	10.508004452468166	-1.1077730333422315	0.2723101631113056	0.9996354569611356	-4.644622348443344	C1qa
-0.00858000947001536	10.582700069141003	-0.10584104002898179	0.9160558720312731	0.9996354569611356	-4.965791757890369	C1qb
-0.17115337742079575	9.150201200400815	-1.3359394591597835	0.18653343137062325	0.9996354569611356	-4.4949932834846615	C1qc
0.07762968348235119	9.540957418991978	0.6399501551135556	0.5246021550262707	0.9996354569611356	-4.809254716490554	C5ar2
-0.026225767186981472	9.21253735392037	-0.20735388375360223	0.8364243785553929	0.9996354569611356	-4.877322603776693	Cacna1c
0.238721222029481	8.117116129334276	1.6241417303103451	0.10950386308497428	0.9996354569611356	-4.3520457177202845	Calb1
0.02085623012692086	9.83658645798346	0.22156183000481375	0.8253952688915397	0.9996354569611356	-4.913826054412427	Cald1
-0.1333209438283519	9.81000306827735	-1.2802139364957676	0.20531840182201636	0.9996354569611356	-4.530454739535084	Calm1
-0.014295699737686483	10.870107200264043	-0.14728632703482583	0.8833919086522154	0.9996354569611356	-4.976441999672357	Calm2
0.055221734754099784	9.745717206276186	0.5223620108744776	0.6033108376999419	0.9996354569611356	-4.8507395080264635	Calm3
0.07134810418884635	8.57149025849671	0.5625398402855907	0.5758105106574671	0.9996354569611356	-4.783102063758669	Camp
-0.16865594747189572	8.44133752978832	-1.3197978640167096	0.191835795486781	0.9996354569611356	-4.505345283326375	Carmn
0.14674748278645325	9.862306821877546	1.2132809895350953	0.22970112928616426	0.9996354569611356	-4.570010334221089	Casp3
-0.12360447561854797	9.675391705519964	-1.3708236099229136	0.17545442614285023	0.9996354569611356	-4.474045316915602	Casp8
0.0476196827068859	9.464719605801788	0.4485375727248655	0.6553550490174366	0.9996354569611356	-4.85524662382769	Casr
-0.018538646120298735	10.243356567600518	-0.24542751345434813	0.8069495268892408	0.9996354569611356	-4.934207845853009	Cav1
0.0038717537160410194	10.05650697717925	0.0409068606892538	0.9675037865681693	0.9996354569611356	-4.940030387944948	Ccl11
0.020208046538352877	10.552307586597315	0.22457974480993928	0.823057032407257	0.9996354569611356	-4.95378102828018	Ccl19
0.14753109587259186	9.336278543142122	1.0838879850547076	0.2826813365956503	0.9996354569611356	-4.626916816099956	Ccl2
0.1428579064508198	9.129086408949538	1.1419325281621624	0.25794619097105725	0.9996354569611356	-4.596482396311491	Ccl20
-0.0032369757754357694	9.128744937971774	-0.029784665500510045	0.9763360539478467	0.9996354569611356	-4.8746134931415686	Ccl21a/b/d
0.0021119360512798454	10.090370482691757	0.022636725081709774	0.9820139581347411	0.9996354569611356	-4.939565263833229	Ccl26
0.04638603311733227	8.929108789767017	0.3628121623375308	0.7179997332021681	0.9996354569611356	-4.833370316809191	Ccl28
0.0941598774471902	9.87843801974759	0.9486539174688068	0.34654109911746867	0.9996354569611356	-4.707497435054461	Ccl3
0.08577818227867451	10.5940609459092	1.0399907673521367	0.30245011408795036	0.9996354569611356	-4.6842822815134	Ccl4
0.01755440844843419	10.696493986490372	0.1951009674043965	0.8459624917947719	0.9996354569611356	-4.966714911274451	Ccl5
-0.03339230054941879	10.429461333688753	-0.1985908004979994	0.8432434568229797	0.9996354569611356	-4.945189931907564	Ccl8
-0.018857739952522434	9.665951369921261	-0.16517266964449023	0.8693544133281328	0.9996354569611356	-4.907081480837894	Ccl9
-0.051773146244039704	11.62023680985458	-0.5776587607017104	0.5656214266175534	0.9996354569611356	-4.920837817210277	Ccnd1
-0.10304916326851989	10.175408412260603	-1.181850634275971	0.24185320540013303	0.9996354569611356	-4.593742106199709	Ccr1
0.17441619929619595	9.900773272263908	1.8254040495430826	0.07283798624945631	0.9996354569611356	-4.1371900270477315	Ccr10
-0.24265948169996895	9.042965051209357	-2.114557376034413	0.038563406710027115	0.9996354569611356	-3.9547201080845684	Ccr2
9.791981403924513e-4	9.014812741818261	0.007710435572767949	0.9938731924411419	0.9996354569611356	-4.871130480125003	Ccr5
0.020694461654569177	9.895545443565226	0.20331573062311253	0.8395651753062308	0.9996354569611356	-4.91944083959775	Ccr7
0.05187665562266233	10.00023569559622	0.5837198429214016	0.5615617479967319	0.9996354569611356	-4.848044609931647	Ccrl2
-0.09692309200086194	10.25743488308794	-1.169006004160557	0.24695060074064165	0.9996354569611356	-4.602931339608995	Cd14
-0.041165123254854816	10.324863342567772	-0.2889562776412773	0.7735948786284123	0.9996354569611356	-4.932546880165357	Cd163
-0.024660557679740014	10.131832006657241	-0.24702502382677557	0.8057186091332672	0.9996354569611356	-4.928194095924887	Cd164
0.02224352863285047	9.25157541986786	0.187028877280395	0.8522588558940551	0.9996354569611356	-4.881738028497364	Cd19
0.23215643422979246	9.460575686495973	2.236156144187879	0.029011042526753315	0.9996354569611356	-3.8065544226301107	Cd2
-0.175754429627327	9.67331220489103	-1.8157099687695868	0.07433193748515704	0.9996354569611356	-4.154436913218889	Cd200r3
0.08342316869800398	9.21876202301627	0.7654140814357253	0.4469773615072544	0.9996354569611356	-4.7516131683972125	Cd209a
-0.15526330561992263	9.094290096364007	-1.2430102332013744	0.2186221593243851	0.9996354569611356	-4.544765098001251	Cd209e
-0.023942100945223733	7.606411617628855	-0.14927168682316674	0.8818318278576125	0.9996354569611356	-4.790683493012636	Cd244a
0.15269934281323252	10.15147433290043	1.5164765612298257	0.13456594730020963	0.9996354569611356	-4.373064246587239	Cd24a
0.17669048861761252	10.446683191835413	2.0930307832387585	0.040513882210736915	0.9996354569611356	-3.863985074537041	Cd27
-0.1657141778111594	8.14729786136684	-1.1320883768140797	0.26202930101040023	0.9996354569611356	-4.588083675907269	Cd274
-0.04491396586503273	10.092694612413133	-0.4898224463283295	0.6260171074379737	0.9996354569611356	-4.877463042632786	Cd276
-0.013262608899356237	9.030318548527715	-0.1066441256194683	0.9154213736578896	0.9996354569611356	-4.867283825859024	Cd28
-0.2935748016215572	9.324681032242188	-2.2621291003899193	0.02726466106011074	0.9996354569611356	-3.807698125052736	Cd300a
-0.010935423972438425	9.280570893442773	-0.10170735340176446	0.9193226553207638	0.9996354569611356	-4.880318306799902	Cd33
-0.0738236909666779	8.41771911279713	-0.49564587547281236	0.6219258258847145	0.9996354569611356	-4.789823098200895	Cd34
0.02006763045277596	8.349913929007126	0.1579965026536885	0.8749815822614959	0.9996354569611356	-4.821967671610453	Cd36
-0.09709142481614011	10.306377946784618	-1.081278283811887	0.283830913078054	0.9996354569611356	-4.6535896319243	Cd37
0.07982949298527227	9.221228034446426	0.6348492987463559	0.5279015245477611	0.9996354569611356	-4.795277496925407	Cd38
0.01785181206513125	10.211292766741767	0.17242379833499377	0.8636753430585062	0.9996354569611356	-4.941884519736266	Cd3d
0.016913328916495395	9.513803150271963	0.15458183101419112	0.8776614813135483	0.9996354569611356	-4.896084081389526	Cd3e
-0.05663063344594002	9.790330830358526	-0.5816925263983446	0.5629180250289034	0.9996354569611356	-4.839814562137466	Cd3g
-0.30068068963971	6.84110323575721	-1.5989900489169202	0.11499173853462237	0.9996354569611356	-4.4026377573882245	Cd4
-0.12331037614298274	8.696832966773723	-0.9636114211768058	0.3390465251055964	0.9996354569611356	-4.665231701051502	Cd40
0.11436514538727668	7.422185907012172	0.7095845266708274	0.4806662800241378	0.9996354569611356	-4.704396077581757	Cd40lg
0.0838162052225035	10.493475152879338	0.8741582287510098	0.3854617861122206	0.9996354569611356	-4.763142000311076	Cd44
-0.07641688779685764	10.916642030314716	-0.9681712711984496	0.3367831284496766	0.9996354569611356	-4.729806407736091	Cd47
-0.006768388014844818	9.580750142648242	-0.0541645602450519	0.9569811169252851	0.9996354569611356	-4.901480538926874	Cd48
0.15521381221244313	9.859705361395607	1.344009306652698	0.18392451750624805	0.9996354569611356	-4.491588125291279	Cd52
0.04732498830865466	9.48650996698061	0.4168606484160974	0.6782441303974845	0.9996354569611356	-4.853927987393862	Cd53
0.06744808376673515	8.527777807660623	0.4868901118750227	0.628081720437738	0.9996354569611356	-4.794396051341711	Cd55
-0.04375466436984961	10.251945408396312	-0.4306734522027851	0.6682242506602396	0.9996354569611356	-4.9042132520189785	Cd59a
0.05905792734335626	8.346484732705374	0.4137139226654667	0.6805350406092663	0.9996354569611356	-4.796788625455716	Cd5l
0.01523390615551413	10.0620738018617	0.18098138105614558	0.8569823569961728	0.9996354569611356	-4.927905687258769	Cd6
0.004530777781738917	11.891722524614977	0.046932318130331475	0.962720533776274	0.9996354569611356	-5.026107408241309	Cd63
0.050810261581048864	10.364126122701336	0.611213009402045	0.5433303421101725	0.9996354569611356	-4.8592052144690365	Cd68
-0.027608810843125216	9.377367372899599	-0.23903499492123023	0.8118799813582858	0.9996354569611356	-4.8797793211391856	Cd69
-0.11010538582191119	9.240395527853513	-0.9729973006438348	0.334398478118473	0.9996354569611356	-4.672802028418683	Cd70
-0.229398929004373	10.609632888187324	-1.9695900659025907	0.053432492601906224	0.9996354569611356	-3.9768425887550354	Cd74
-0.0503281626997556	9.67625890834729	-0.5152400131495416	0.6082481090282632	0.9996354569611356	-4.84791043640276	Cd79a
-0.04447792380756069	9.143476914821294	-0.33984982378830025	0.7351374181491309	0.9996354569611356	-4.853238282197704	Cd80
-0.06766799754945967	10.684179075256534	-0.6776745468875593	0.500541234258038	0.9996354569611356	-4.852415530591364	Cd81
0.013823265466730988	8.2458066969607	0.09840265885314808	0.9219353069050525	0.9996354569611356	-4.823107773491614	Cd83
-0.07097602738470342	8.061046500963014	-0.4761499263970202	0.6356691242405452	0.9996354569611356	-4.774230929505046	Cd84
-0.12582697691918554	9.726813465459724	-1.3243890062395296	0.19031621521027062	0.9996354569611356	-4.502943926298294	Cd86
5.489279210784579e-4	8.540486257227798	0.004466389633269759	0.9964509277559571	0.9996354569611356	-4.838653283050376	Cd8a
-0.10715043532578225	8.982164193076601	-0.8340756038118113	0.4074937982738235	0.9996354569611356	-4.719566321304232	Cd8b1
-0.05738512105212785	10.858623194620147	-0.6598529109243798	0.5118327904861328	0.9996354569611356	-4.86263736506704	Cd9
0.026195001861722782	10.450543444930663	0.28703099920515746	0.7750616418667966	0.9996354569611356	-4.936408197445765	Cdh1
-0.1256803663782144	8.530136693687036	-1.0489318159346683	0.2983489587926711	0.9996354569611356	-4.626142611502245	Cdh11
-0.11433638982329125	7.434379805712685	-0.6904836621446614	0.4925098931529056	0.9996354569611356	-4.711547335855203	Cdh19
0.099512536459328	9.288242081999643	0.8110948272836311	0.42046566980286915	0.9996354569611356	-4.743892798179129	Cdh5
0.24831967342673997	8.763735667437084	2.1830022174990993	0.03289511811752086	0.9996354569611356	-3.9339152482418207	Cdkn3
-0.004346529453167242	9.621153509237105	-0.04241578319322386	0.9663058232382105	0.9996354569611356	-4.909857000763429	Ceacam1
-0.16483800667165252	8.864610944319748	-1.3388169708299038	0.18559996005349896	0.9996354569611356	-4.493806723051998	Ceacam3
-0.07785822954290736	9.218107549849416	-0.6651240372817043	0.5084789456454752	0.9996354569611356	-4.784568001332554	Celsr1
0.17139343048625852	9.932052415628522	1.8595445563582642	0.0677756752494014	0.9996354569611356	-4.108009043188454	Celsr2
-0.06144927156222325	7.980025137522576	-0.40885795094678007	0.6840762617512834	0.9996354569611356	-4.782190932154897	Cenpf
0.034418174955693034	10.270505665360224	0.42075076965542396	0.6754162153119163	0.9996354569611356	-4.903500749998389	Cfd
-0.10593401246790513	9.131028601077595	-0.9493719692659255	0.34617886141868603	0.9996354569611356	-4.68211529554604	Cflar
-0.1949186259926704	9.509553718262048	-1.8728014244750515	0.06589152084375126	0.9996354569611356	-4.117035803266134	Chil1
-0.3003516777975133	8.520916274317576	-2.1558362973460907	0.035051008036229334	0.9996354569611356	-3.9843966283377927	Cidea
-1.6412739520684454e-4	10.060065705643781	-0.0015513279755722785	0.9987672836737013	0.9996354569611356	-4.937704202592579	Ciita
-0.1282889342371334	10.713554408054796	-1.134360293068207	0.2610829278990116	0.9996354569611356	-4.63283463895025	Clcf1
0.054484913919748384	10.74394183756997	0.5800312562244718	0.5640306227028842	0.9996354569611356	-4.883179772607669	Cldn4
-0.027417599041241403	9.966165208227078	-0.3103703999084582	0.7573376035699868	0.9996354569611356	-4.906227095020378	Clec10a
-0.04692484540145239	9.15425849480429	-0.41827083529012177	0.6772184588017565	0.9996354569611356	-4.836719804247044	Clec12a
-0.12356612148614021	8.117743307761465	-0.8751016832753136	0.38495234485096896	0.9996354569611356	-4.678461936160347	Clec14a
-0.07563389026146165	9.105493406653904	-0.68289963397436	0.4972565246777727	0.9996354569611356	-4.771881963972572	Clec1a
0.02184357064990601	10.21523974130041	0.2393307977595019	0.8116516626054603	0.9996354569611356	-4.931975113353981	Clec2d
-0.033642974926335355	9.18373570782655	-0.2573930857915313	0.7977419020302117	0.9996354569611356	-4.865246354557528	Clec4a1
-0.011014798351735529	9.703706166584732	-0.11196021289533217	0.9112226745199181	0.9996354569611356	-4.912326993687226	Clec4d
-0.20630725590145765	8.888534237383643	-1.560379970731979	0.12384523072085579	0.9996354569611356	-4.36693244767577	Clec4e
-0.03188514143264244	7.688015260155631	-0.18107941759313625	0.8569057415107588	0.9996354569611356	-4.790752321724606	Clec5a
-0.1354807074408871	7.7697765625822575	-0.8743343095730485	0.38536667495374977	0.9996354569611356	-4.671479687494276	Clec7a
-0.17240414133106763	9.17889433083525	-1.3314405123967707	0.18800001701610647	0.9996354569611356	-4.497411483702273	Clock
-0.1571113364655104	11.331536643891019	-1.0774050000808957	0.28554307183453953	0.9996354569611356	-4.676748572830106	Clu
-0.204268836416032	8.596574505373798	-1.3143270884108094	0.19365843597925728	0.9996354569611356	-4.50736966435659	Cmklr1
0.1388175028422655	7.745604850430899	0.8146185293095077	0.4184606743839868	0.9996354569611356	-4.688229496976668	Col11a1
0.13072153013893445	9.587812623902181	1.1109830955798412	0.2709369180495782	0.9996354569611356	-4.621999113904162	Col12a1
-0.13721837874842052	8.539422934542353	-0.9688900559353948	0.33642725207370416	0.9996354569611356	-4.657556700006577	Col14a1
0.09163343769865652	9.994123851075836	1.1659832376227228	0.24816131703608876	0.9996354569611356	-4.5990172249931955	Col15a1
-0.01773335987126418	9.124043839838524	-0.14481833469242736	0.8853318841051938	0.9996354569611356	-4.879048090470487	Col16a1
0.043025933965535994	9.711329481245462	0.4208274733692599	0.6753605027193594	0.9996354569611356	-4.872792957580115	Col17a1
-0.019171200012616508	10.08480683053307	-0.16665752398715739	0.8681909055999073	0.9996354569611356	-4.929356812486893	Col18a1
0.04029318067480676	11.937822947979818	0.3490022100859344	0.7282898607056575	0.9996354569611356	-4.988369683971457	Col1a1
0.005491113475041769	11.116131122756428	0.04804642400358831	0.9618362566302674	0.9996354569611356	-4.997349400111898	Col1a2
0.0027852562077603686	9.509932705415068	0.027239412821492132	0.9783577276616053	0.9996354569611356	-4.899262417586409	Col27a1
-0.1004143614158	8.59649096564081	-0.5482427862148622	0.5855266963959682	0.9996354569611356	-4.791204408475798	Col3a1
0.006285679368882939	10.429535537086798	0.06323662201884611	0.9497849089607433	0.9996354569611356	-4.958525077353364	Col4a1
-0.031053314169618138	9.758457388186784	-0.329378414829324	0.7429983451569686	0.9996354569611356	-4.892782698390686	Col4a2
-0.024722952606411913	7.948702767904692	-0.1929773093440257	0.8476180210238754	0.9996354569611356	-4.8026539434317925	Col4a5
0.060780904313757066	7.8938483463371005	0.39172541473539024	0.6966266869159359	0.9996354569611356	-4.780020143059812	Col5a1
-0.014665273204182618	8.27484841089666	-0.10788434690179145	0.9144416136488902	0.9996354569611356	-4.83003125694709	Col5a2
-0.02827451526807559	9.940883530006628	-0.3140341941363845	0.7545668669398651	0.9996354569611356	-4.906791069302502	Col5a3
0.11306301821327425	10.069719690241763	1.0125111385526329	0.31529435318923704	0.9996354569611356	-4.67985867730559	Col6a1
0.1792530113457224	10.087790788952603	1.9145856610274046	0.06023991877784402	0.9996354569611356	-4.055263896398597	Col6a2
-0.034613927715446115	9.997174753205401	-0.32501734062018967	0.746280393053086	0.9996354569611356	-4.909072419223946	Col6a3
0.09666101862213608	8.342955190377502	0.7130932695979676	0.47850807371945536	0.9996354569611356	-4.731566637405726	Col8a1
-0.15030899886753077	9.37142437252068	-1.4253629765954905	0.1591509009784234	0.9996354569611356	-4.441196454070522	Col9a2
0.14430261235010797	8.819457250805765	1.1003345346662818	0.2755110468753403	0.9996354569611356	-4.610374065390404	Col9a3
-0.1206896301145027	10.273556449013878	-1.3047467076235346	0.19688157005921295	0.9996354569611356	-4.518823538219559	Coro1b
-0.17302051817172018	10.905026451831402	-2.0437442179813665	0.04530495102801305	0.9996354569611356	-3.8892794391426886	Cotl1
-0.1288027251096021	8.75365948400416	-1.018374158419353	0.31252354582867786	0.9996354569611356	-4.643110665297701	Cpa3
-0.2295092807592534	9.209617456161471	-1.7322507522995252	0.08828446955933811	0.9996354569611356	-4.241463086041315	Cpb1
-0.024220153137507448	11.405312662900066	-0.25429129242398085	0.800126052419307	0.9996354569611356	-4.988534403792713	Crip1
0.04651061953294848	8.50868923701568	0.32559091525602474	0.745848462496525	0.9996354569611356	-4.813623803146618	Crp
-0.05342960446105297	10.27906309867052	-0.5386140578158584	0.5921139817602676	0.9996354569611356	-4.876661081120229	Cryab
-0.19843078740315026	9.498926826432553	-2.1367625629881632	0.03663763250289099	0.9996354569611356	-3.8958351778342477	Csf1
-0.11476189871028039	9.44930198992572	-1.0252619010285335	0.3092895218404753	0.9996354569611356	-4.65660526444099	Csf1r
-0.13721119328407044	8.871855004326783	-1.1142093093622152	0.2695616706030259	0.9996354569611356	-4.603968058388066	Csf2
0.08485259312066314	9.581919420465344	0.6399651964135288	0.5245924419419912	0.9996354569611356	-4.8105637955965515	Csf2ra
-0.0183311143568917	9.27098927882716	-0.15726542307527502	0.8755552248821017	0.9996354569611356	-4.8750489808227275	Csf2rb
-0.2117658024189516	9.633100072867686	-2.054776153443086	0.04419198508037393	0.9996354569611356	-3.9513365272229155	Csf3
0.13736891912053545	8.937473674976816	1.1650043889148989	0.24855428852590752	0.9996354569611356	-4.581821171643096	Csf3r
0.056762111032102956	11.056027460682541	0.6362638595464476	0.5269854640546638	0.9996354569611356	-4.8796538068778235	Csk
0.11697098523992505	9.397776766630743	0.9295430302595392	0.35627283242385654	0.9996354569611356	-4.700664013603512	Cst7
0.2191051840039285	8.821577693381192	1.8008555340771313	0.0766708713064073	0.9996354569611356	-4.214878232637872	Ctla4
-0.011463652349620735	11.073316503332652	-0.13179819778140694	0.8955778025490427	0.9996354569611356	-4.9881331170806815	Ctnnb1
-0.04102500025043371	9.04567962488814	-0.3449334154867521	0.7313313134949438	0.9996354569611356	-4.841923326221556	Ctsg
0.12726228342312695	9.41348779464679	1.2330088911954245	0.22230453292500066	0.9996354569611356	-4.553917473451294	Ctsw
-0.10845738308926245	9.151243327183414	-1.0805929911227832	0.28413332230025884	0.9996354569611356	-4.625402969058263	Cuzd1
0.05983486735925287	10.476615455034839	0.7142590014941222	0.47779224163531697	0.9996354569611356	-4.82709870274356	Cx3cl1
0.0423056505986189	9.775373274330523	0.377726560670122	0.7069452879074917	0.9996354569611356	-4.888486297159285	Cx3cr1
-0.018087309482804716	10.326367812577839	-0.19116653268890327	0.8490301836409881	0.9996354569611356	-4.943592697830231	Cxcl1
0.231104390169823	9.531664557268947	2.019544455285198	0.047831442937016355	0.9996354569611356	-3.9981232334607486	Cxcl10
-0.07203955841766257	9.204739448446528	-0.5286226706048787	0.598985997734637	0.9996354569611356	-4.819952828441677	Cxcl12
0.11275314203603198	8.755981079274575	0.9392490169949275	0.3513084375520057	0.9996354569611356	-4.673755668801179	Cxcl14
-0.05754228778662474	10.451797716947686	-0.6069563357840877	0.5461331845844082	0.9996354569611356	-4.863878651428928	Cxcl16
-0.03257566192522057	9.624008772702057	-0.3270249466798961	0.7447689230437545	0.9996354569611356	-4.886045861873888	Cxcl17
0.16311238255787	9.655057226039432	1.4642517164741937	0.1482615372449233	0.9996354569611356	-4.413476643244746	Cxcl2
-0.04699014955137265	10.232483007091355	-0.516992143286994	0.6070317472976712	0.9996354569611356	-4.8788345861262385	Cxcl3
0.0855652061375738	9.44463543663501	0.7312420237541378	0.46743194138380917	0.9996354569611356	-4.777125151897473	Cxcl5
-0.17307690679597115	9.217375217302646	-1.5871889396648715	0.11764198411473485	0.9996354569611356	-4.341025951651261	Cxcl9
-0.014397825845201379	9.691271275248038	-0.15306479851336574	0.8788525402376773	0.9996354569611356	-4.907235621929602	Cxcr1
-0.0408338718905716	10.374997905486467	-0.47718064078820416	0.6349392564998275	0.9996354569611356	-4.897188997768568	Cxcr3
-0.10083696328781037	8.021129500084175	-0.6456283950249089	0.5209420891942294	0.9996354569611356	-4.735810132801659	Cxcr4
1.4756098664319483e-4	9.636048676635264	0.0013519578378891886	0.9989257070787803	0.9996354569611356	-4.912530919572345	Cxcr5
-0.029382625498756105	10.573323335708595	-0.35518301751203446	0.7236780543309116	0.9996354569611356	-4.935269443624828	Cxcr6
0.04489099247253528	9.227191841603682	0.3258776666688141	0.745632554932	0.9996354569611356	-4.862274208506287	Cyp1b1
0.08280025904830358	9.791994663536535	0.7614044254651482	0.44935010148962784	0.9996354569611356	-4.781792738200433	Cyp2u1
0.15287296235336806	10.38897507628658	1.694534000695263	0.09526550155872715	0.9996354569611356	-4.230876518013269	Cystm1
0.16736660846565185	9.733351184099284	1.6352957224049738	0.10713901465517671	0.9996354569611356	-4.2940403230398765	Dcn
0.060238095402379316	9.019105010984045	0.4632497897017296	0.6448344384650577	0.9996354569611356	-4.822015747939439	Ddc
0.13934257475320735	9.46097498991209	1.3132213966570312	0.19402838544977566	0.9996354569611356	-4.508249258185734	Ddr1
0.23713828463566347	7.7932070124204715	1.6187679461440545	0.11065820355546059	0.9996354569611356	-4.366860386671546	Ddr2
-0.034055941386369575	8.942366659648126	-0.27234615971586146	0.7862759190040773	0.9996354569611356	-4.846689100263686	Dhrs2
-0.09076765865815649	10.097288458845375	-1.0132973767897488	0.3149218271729522	0.9996354569611356	-4.682125248020679	Dll1
0.0039179741850480605	8.981215805213415	0.028339354976988543	0.9774840342024103	0.9996354569611356	-4.871018364406924	Dll4
0.11601605107033919	9.055439567349465	0.9591454919916093	0.34127297419858926	0.9996354569611356	-4.67451408099757	Dmbt1
0.050823789865889514	10.397657032918842	0.5921550945497993	0.5559360029348904	0.9996354569611356	-4.865193349410353	Dnmt1
0.1396025764246589	8.589243956905925	1.0207634772113872	0.31139910468134796	0.9996354569611356	-4.639496029045113	Dnmt3a
0.22574920519300773	8.973315687073214	1.7382641029058814	0.08721150338079159	0.9996354569611356	-4.24539466440407	Dpp4
0.017438884529909535	9.422729843873997	0.1705595889882126	0.8651347116354655	0.9996354569611356	-4.886898187494021	Dst
0.028791515907530252	9.897706281507325	0.27281037048166207	0.7859207079161528	0.9996354569611356	-4.908591161205535	Dusp1
-0.08359346454977963	9.346938496881602	-0.6956585455527079	0.4892854198654245	0.9996354569611356	-4.778033482158485	Dusp2
-0.06885673239614232	9.87450104696873	-0.6369202484954787	0.526560673360225	0.9996354569611356	-4.827437814819879	Dusp4
0.026987399039437688	10.24665114559869	0.29448773588085825	0.7693853906107035	0.9996354569611356	-4.926288751853978	Dusp5
-0.058006015592139845	11.362945969818101	-0.64772022184331	0.5195971489152902	0.9996354569611356	-4.88729413182332	Dusp6
0.02004535983224537	10.71082824731264	0.20774757003249655	0.8361183190852325	0.9996354569611356	-4.962005675362836	Efna1
0.0017533761498060964	10.45871497018829	0.021394370350690983	0.9830009153288937	0.9996354569611356	-4.9600076645590985	Efna4
0.11459800826858638	8.251440663647369	0.7576790534029839	0.45156116103328425	0.9996354569611356	-4.71844550249233	Efna5
0.11504073189314995	9.37815771196897	1.0234214531554788	0.3101514465481238	0.9996354569611356	-4.659069370769452	Efnb1
0.09238580744743181	8.89971605784368	0.8521666080961918	0.39745603091848536	0.9996354569611356	-4.711263594079716	Efnb2
0.1330778368840725	8.565043897997649	0.8793572929579484	0.38265967113885824	0.9996354569611356	-4.688906082404229	Egf
0.0695303168399438	8.49020934090703	0.604560113273245	0.5477142220543845	0.9996354569611356	-4.765549839720337	Egfr
0.08847651410868529	11.695732946118085	0.8809266816379661	0.3818163451181761	0.9996354569611356	-4.794263606863529	Eif5a
-0.048886063176543086	9.852282292343093	-0.5244562923618282	0.6018625143131648	0.9996354569611356	-4.856725273345158	Elane
-0.006269512435380582	10.07793954797635	-0.0651952102593322	0.9482318330868318	0.9996354569611356	-4.936377221101062	Emp3
0.01683419810635589	10.422166763911903	0.17603435892772734	0.8608502288593388	0.9996354569611356	-4.94995147472631	Eng
-0.1533225263073634	11.297554994307937	-1.2174017466436955	0.22814148926990152	0.9996354569611356	-4.589975273020264	Eno1/b
0.15862663309631306	9.064706289123247	1.348827087548954	0.18238022331342688	0.9996354569611356	-4.487799794564473	Entpd1
0.08638499724995095	8.648511543818808	0.727892703175128	0.46946500075606	0.9996354569611356	-4.741817888924358	Eomes
0.1800179421061874	8.981049903831313	1.1025838750013945	0.27454036295421624	0.9996354569611356	-4.6119671012973456	Epcam
0.13238477243828967	9.71863834416027	1.3572829346416664	0.17969363336514713	0.9996354569611356	-4.4825790437352255	Epha2
-0.23595474874422961	8.693957304259666	-1.7373702522943382	0.08737030814205127	0.9996354569611356	-4.262396979270752	Epha3
-0.09575056635053883	8.376871041779054	-0.6946381712839241	0.4899202923182324	0.9996354569611356	-4.738752058253151	Epha4
-0.010523291811672717	8.786505578025256	-0.08954478658262859	0.9289424137375902	0.9996354569611356	-4.849252571700536	Epha7
0.06534790526687133	9.3813416090662	0.5916165597085575	0.5562943256453945	0.9996354569611356	-4.814488116155973	Ephb2
0.09691174901642233	8.886935857427476	0.9335818950991746	0.35420156293029814	0.9996354569611356	-4.67896717553118	Ephb3
0.03534082309303469	10.624491700309289	0.36037995022773406	0.7198082976228712	0.9996354569611356	-4.934004163686486	Ephb4
0.04782785092266448	8.914478467213371	0.38220870844617993	0.7036353610586927	0.9996354569611356	-4.832917216890842	Ephb6
-0.06148747276456354	9.259226555503282	-0.5184570876565249	0.6060156106770127	0.9996354569611356	-4.826712566990812	Epor
0.037757151843408415	9.885552224434578	0.40461535698328405	0.687176018055839	0.9996354569611356	-4.8866425601017784	Erbb2
0.0908362436157138	9.828624859538971	0.9245735438821314	0.3588320702293887	0.9996354569611356	-4.7161530478582545	Erbb3
0.030907347158023596	9.712506157255328	0.3130989910859748	0.7552738063119907	0.9996354569611356	-4.8950822588717235	Esam
-0.07912899066324854	7.976877416632663	-0.5184930685953336	0.6059906628564116	0.9996354569611356	-4.762682984313096	Esr1
0.038242176623546294	10.465424834722777	0.37799030664783695	0.7067503616545566	0.9996354569611356	-4.922767201274201	Ets1
0.1258410106673737	8.829483005312966	1.0712973476955092	0.2882574290051611	0.9996354569611356	-4.624632845668605	Etv4
-0.08879194811449895	9.983815063174802	-1.023517921874963	0.31010622767155066	0.9996354569611356	-4.674355579805532	Etv5
-0.06939912876189526	8.989329767146774	-0.5528412170655206	0.5823931297505998	0.9996354569611356	-4.799896930165042	Ezh2
0.05254922399203525	11.152070885357237	0.4562656711034091	0.6498198225175011	0.9996354569611356	-4.9362019063839035	Ezr
0.2202947957489889	9.544232187610795	1.9168112160618547	0.05995081205534836	0.9996354569611356	-4.080793699500793	Fabp4
-0.019105760212527856	10.147338648686103	-0.19876316565254498	0.8431092112167111	0.9996354569611356	-4.93532568128125	Fabp5
0.11246868790550814	9.12251988185715	0.963187439180331	0.3392574863483978	0.9996354569611356	-4.676067324395115	Fas
0.16368453430500962	8.348832830330013	1.2836348300640226	0.20412605108008025	0.9996354569611356	-4.522841914217732	Fasl
0.09859340961632185	8.912833261986012	0.8516334574937094	0.3977496470487204	0.9996354569611356	-4.712012836731202	Fasn
0.10530727834777331	11.703867104324686	1.1158866303776067	0.2688486165434131	0.9996354569611356	-4.66234341044565	Fau
0.16259288088990273	10.35719976947409	1.6010340097893307	0.11453764085259228	0.9996354569611356	-4.306316226786064	Fcer1g
-0.16800978412572284	8.380119877680622	-1.1232187210199103	0.26574722047849275	0.9996354569611356	-4.594506349363339	Fcgbp
0.039249797268393706	10.99864484662455	0.47823405146841935	0.6341936926120375	0.9996354569611356	-4.927464201273301	Fcgr4
0.08966585435193279	10.168932501596004	1.0867907968400208	0.2814064484453503	0.9996354569611356	-4.646597886570478	Fcrla
-0.11388210986559158	10.550779824412823	-1.2402711156174	0.2196261760150708	0.9996354569611356	-4.564352591307995	Fes
-0.11919952674625879	9.171523115282431	-0.97601043087346	0.3329152918819137	0.9996354569611356	-4.673119147442509	Ffar2
-0.09792295915738285	9.128833857201686	-0.7898350414023638	0.4326846846348974	0.9996354569611356	-4.739108256676825	Ffar3
0.06447455767049039	9.48318247123626	0.5933919540871888	0.555113476009146	0.9996354569611356	-4.8203532259368504	Ffar4
-0.056982118309204105	8.736176659416715	-0.4039701604181429	0.6876478905669289	0.9996354569611356	-4.81760226777062	Fgf1
-0.02068952861433364	7.702460441837066	-0.12934128984182053	0.8975132717646387	0.9996354569611356	-4.792696316201221	Fgf12
0.13790226652022597	8.480901343397178	0.9405172173072704	0.3506631147204321	0.9996354569611356	-4.6663061977652704	Fgf13
0.07807067616013465	9.60778313506846	0.8300368587016926	0.409755663934236	0.9996354569611356	-4.746775596672594	Fgf18
-0.06849786072995674	9.390531147248595	-0.6657399245255591	0.5080878486125562	0.9996354569611356	-4.7924390812557025	Fgf2
0.040672019050160574	9.311255967494313	0.3875513903534778	0.6996974659706698	0.9996354569611356	-4.858807457084312	Fgf7
-0.0958374925335203	10.163695889980081	-1.0290511811834533	0.3075200256223433	0.9996354569611356	-4.676765394151877	Fgfr1
0.03468191639673193	10.248898796144431	0.2993389730699019	0.7656992764400589	0.9996354569611356	-4.921107389121869	Fgfr2
-0.004042470747704361	9.380098350590725	-0.03849390182698052	0.9694196372306081	0.9996354569611356	-4.889730267780623	Fgfr3
0.08031315263999825	7.768378424171369	0.5209341500785077	0.6042992104769302	0.9996354569611356	-4.7536956152941485	Fgg
-0.1826816368681484	9.193417599352616	-1.620149845582979	0.11036042178230926	0.9996354569611356	-4.319788977245934	Fgr
-0.3007868709604865	6.7404111175454755	-1.4677227316519104	0.1473186594416038	0.9996354569611356	-4.457255374658483	Fhit
-0.020511425985153316	9.353921151788827	-0.20433484574573318	0.8387722782835413	0.9996354569611356	-4.87647523007271	Fkbp11
0.10469096819669879	9.630736082846507	1.085793102468551	0.28184417490729885	0.9996354569611356	-4.634270017426635	Fkbp5
0.07127588077099893	9.912390799474808	0.7004999744559923	0.48627930054250645	0.9996354569611356	-4.809318491585315	Flt1
0.006091896444328428	9.54095102525944	0.0610543811955895	0.9515155616736695	0.9996354569611356	-4.906323218315307	Flt3l
-0.004110825935068152	9.441053628176011	-0.030228101647749007	0.9759838517442313	0.9996354569611356	-4.8947337838489755	Fn1
0.18186501595694415	9.923590572073902	1.7868908702065616	0.07892546583786322	0.9996354569611356	-4.167048998254291	Fos
0.0950313801651337	9.31988650116171	0.7863786271365275	0.4346909772898717	0.9996354569611356	-4.755780308265765	Foxf1
0.06833289302472494	8.852632041536332	0.5184942784760526	0.605989823979116	0.9996354569611356	-4.804174636753714	Foxp3
-0.061531121693036005	9.401196422492522	-0.5455721429715632	0.5873502618024518	0.9996354569611356	-4.825942844730094	Fpr1
0.10719875700308608	10.304810253446131	1.2210834476751995	0.22675457596274412	0.9996354569611356	-4.572093823845552	Frmd8
0.05093616859677914	9.359497994098017	0.41348474983609385	0.6807020036625435	0.9996354569611356	-4.85329909257698	Fyb
-0.015981276813931574	9.795686380658196	-0.15730669701390118	0.8755228374403703	0.9996354569611356	-4.912329871538073	Fyn
-0.08243263330583521	9.03301785446392	-0.7540824203860569	0.4537017829986638	0.9996354569611356	-4.7469160615791965	Fzd1
-0.06021332384662542	9.700565044587625	-0.5600702564878183	0.5774832388169515	0.9996354569611356	-4.842341528219808	Fzd3
-0.23841122429237427	8.782334860922845	-1.969784846260691	0.053409606806928474	0.9996354569611356	-4.097871052533083	Fzd4
0.10604370991945107	9.717207012120813	1.1253223220936608	0.2648620980098514	0.9996354569611356	-4.616243444534257	Fzd5
0.028056894794418624	9.85573924521411	0.2771038004477678	0.7826375765236644	0.9996354569611356	-4.904697402474065	Fzd6
0.11632931389577518	10.008760147042352	1.1952467959508049	0.23661822480312655	0.9996354569611356	-4.583656942900028	Fzd7
-0.09840385679428712	8.66624807678777	-0.7068947995648193	0.48232438774735376	0.9996354569611356	-4.748297139518239	Fzd8
0.02379543206219595	8.641619485337802	0.1824417855641143	0.8558411952196442	0.9996354569611356	-4.836588941243339	G6pd2
-0.074012719947471	9.344925466667116	-0.7272153181121457	0.46987678616233575	0.9996354569611356	-4.769952770807739	Gas6
0.0993730952665237	9.092264421092741	0.7363271096616123	0.4643548433710849	0.9996354569611356	-4.75795823916546	Gata3
-0.20343595008863016	8.701893114867893	-1.6236725821532447	0.1096042504491831	0.9996354569611356	-4.333490990702776	Gc
-0.34687646449691517	7.828940113473918	-2.099543288406927	0.03991494834711517	0.9996354569611356	-4.083812100734602	Gcg
-0.08685242649347816	10.59887156092993	-1.1396264772861586	0.25889860505087725	0.9996354569611356	-4.627190034281055	Gdf15
-0.003096961217494547	9.451650558904355	-0.026530447223389344	0.9789208792670758	0.9996354569611356	-4.89990011505374	Gh
0.17137583601657966	10.423376281485108	2.066752345177231	0.04301060257714738	0.9996354569611356	-3.8931331463616807	Glud1
0.05013851928572078	10.294068277874528	0.5181339340729046	0.6062396942422955	0.9996354569611356	-4.8830937192583495	Glul
0.08464792977076169	8.806014688978207	0.6723687553598124	0.5038887056966909	0.9996354569611356	-4.763892541679397	Gm13889
-0.06913189521020906	9.733361258656325	-0.6807197131875561	0.4986254825937918	0.9996354569611356	-4.804929669682613	Gpbar1
-0.060559987812396084	9.702882416193347	-0.6280347788796131	0.5323261893626055	0.9996354569611356	-4.820342094429301	Gper1
0.021243779185605962	8.650302210617816	0.15555609423895914	0.8768967131379194	0.9996354569611356	-4.844621099572131	Gpnmb
-0.21247704139843768	9.067445681077732	-1.843926664942687	0.07005345763476406	0.9996354569611356	-4.169734593424764	Gpr183
0.004848398147781721	12.24612130302109	0.059830692408198154	0.9524861260902958	0.9996354569611356	-5.037602037069389	Gpx1
0.1607186527040865	8.35345880440382	1.1276736936373706	0.263875188742897	0.9996354569611356	-4.591307457486164	Gpx3
-0.006202362808717612	11.653367592607344	-0.07268698611565283	0.9422930906314408	0.9996354569611356	-5.014752172531976	Gsn
-0.07751917120471902	11.680156807858456	-1.0421888020135495	0.301438355644285	0.9996354569611356	-4.706724624258231	Gstp1/2
0.07576045098440426	8.899052031136165	0.6391189043345685	0.5251390910470617	0.9996354569611356	-4.778178822605715	Gzma
-0.003397361729126669	9.663836219260599	-0.03592506824370507	0.9714594484336043	0.9996354569611356	-4.91076004066518	Gzmb
-0.15852478901227376	8.692189253338045	-1.3167665659179397	0.19284409756880616	0.9996354569611356	-4.505854117582148	Gzmf
0.12084693732482828	8.316848882480409	0.797395544463247	0.4283153487515239	0.9996354569611356	-4.709361531997411	Gzmg
0.1052895968733319	9.38269763927831	0.8267470665778657	0.41160372661563416	0.9996354569611356	-4.740090461711348	Gzmk
-0.24437162348899208	9.593799984780592	-2.2306494099891467	0.029393740337576864	0.9996354569611356	-3.8018958769014315	H2-Aa
-0.12144271209209327	9.829979295625058	-1.080028681844304	0.2843825111217395	0.9996354569611356	-4.641894496749103	H2-Ab1
0.03499660993785701	11.927712047614143	0.4447690856250539	0.65806129520087	0.9996354569611356	-4.970646595031868	H2-D1
0.07440420359565968	10.260584485217917	0.8257016997250615	0.41219202790921294	0.9996354569611356	-4.775037048879142	H2-DMa
-0.19426784115354423	9.684721609706505	-1.6808843341127873	0.0979010517040815	0.9996354569611356	-4.259672542304645	H2-DMb1
0.002231209755232998	10.148943733214265	0.02216092059578561	0.9823919456872353	0.9996354569611356	-4.945347566713068	H2-DMb2
0.10481613591990657	9.584342630811406	0.7570111273201882	0.45195825000734247	0.9996354569611356	-4.772294486817153	H2-Eb1
-0.04115774282005415	11.902591644088512	-0.491431234995151	0.6248856569441954	0.9996354569611356	-4.956396234499408	H2-K1
0.042671955503048094	10.4598148591311	0.4836604253010659	0.6303591503320884	0.9996354569611356	-4.9020679905513855	H2-M3
-0.03384003139540582	8.709933093562737	-0.2886800948719634	0.773805236265209	0.9996354569611356	-4.830390175840062	H2-Ob
0.08571795863322755	9.63305472891731	0.9075932671557025	0.36766584819625825	0.9996354569611356	-4.715596756150291	H2-Pa
-0.11586969477091603	9.782987259873329	-1.171470851848303	0.24596649178205715	0.9996354569611356	-4.591742892525684	H2-Q1
-0.07840961696352537	9.752408152236887	-0.7743004759637437	0.4417448886984141	0.9996354569611356	-4.775258284960858	H2-Q10
0.026363406378671052	8.734743517574557	0.21183415270695466	0.8329428393194411	0.9996354569611356	-4.839989416152634	H2-Q2
-0.07136531418197287	10.83234343860328	-0.779442884902173	0.43873342880166577	0.9996354569611356	-4.815587687924363	H2-T23
0.013745560329955104	11.190962874523528	0.16867815065403677	0.8666080456891068	0.9996354569611356	-4.990921121476582	H2az1
0.11356922880063898	8.09869152130101	0.830595349262591	0.4094424308834589	0.9996354569611356	-4.692735114877603	Havcr2
-0.055748927854489	10.510551008708086	-0.6562320331517684	0.514143472301859	0.9996354569611356	-4.850440827009942	Hba-a1/2
0.015819124533662646	9.544080996304476	0.15408163140561018	0.8780541689079486	0.9996354569611356	-4.901464976332956	Hbb
-0.0350986962274201	10.360597369400478	-0.3406287813654238	0.7345537742759465	0.9996354569611356	-4.923827413539496	Hcar2
-0.029573135710524615	9.03283887995501	-0.23194863033390306	0.8173545286228175	0.9996354569611356	-4.856503711693374	Hck
-0.16679587397402193	8.49563617874477	-1.2814810913946058	0.20487613212769568	0.9996354569611356	-4.523726985027178	Hcst
0.0872454251488013	11.185532678370185	1.1742939199349314	0.24484282575427213	0.9996354569611356	-4.616863786094661	Hdac1
-0.08238273666831814	9.011144201976105	-0.6947478549503533	0.48985202583459764	0.9996354569611356	-4.768087091572512	Hdac11
0.1020925452711462	9.894390401219795	0.8725985127833368	0.38630491805889	0.9996354569611356	-4.743476580359891	Hdac3
0.04701634947025922	9.30164192634038	0.34492063760114805	0.7313408719038597	0.9996354569611356	-4.863226269980845	Hdac4
0.18741659626338852	9.257626756056142	1.5200461438960144	0.13366769308813434	0.9996354569611356	-4.382477374535673	Hdac5
0.11927912632371958	9.454149748730693	1.1194677288785293	0.2673306824639692	0.9996354569611356	-4.61386228011517	Hey1
-0.13541727236353335	8.900657805955138	-1.0817932878080896	0.28360379668469593	0.9996354569611356	-4.620941966237977	Hgf
0.13461011933254988	8.181085657835418	0.9687188381229566	0.3365120009532623	0.9996354569611356	-4.650701801297217	Hif1a
-0.1689863725143172	10.026965510941862	-1.5336735230562895	0.13028212880006765	0.9996354569611356	-4.361638142419533	Hilpda
0.06951760262491022	12.568987533017784	0.688841323176911	0.49353567115764785	0.9996354569611356	-4.904052723155498	Hmgb2
0.017932836246893017	8.886164941145138	0.14750371294999998	0.8832210657237249	0.9996354569611356	-4.8592485868593425	Hpgds
0.11947328321379957	8.750176543363972	0.9852760947752088	0.328381663243141	0.9996354569611356	-4.65768754015925	Hsd17b2
0.08949659701123355	11.148302366688974	0.9563477661637416	0.34267263092921796	0.9996354569611356	-4.742103986247347	Hsp90aa1
0.07836074984491193	11.890325143529358	0.678326018760139	0.5001310492603417	0.9996354569611356	-4.891679567585738	Hsp90ab1
0.024930823914641964	10.306879855966319	0.24956152699728343	0.8037651905443843	0.9996354569611356	-4.936896948024462	Hsp90b1
0.11036980184369098	10.199774219408596	1.0496407249528443	0.29802542638521584	0.9996354569611356	-4.667733080411123	Hspa1a
0.1056196495972996	10.644208645036894	1.3021236160352547	0.19777103942799004	0.9996354569611356	-4.524783942223262	Hspa1b
0.11253797342432657	10.58882415478401	1.3980159867761772	0.16717276083659782	0.9996354569611356	-4.457868975417263	Hspb1
0.05490014700717996	9.928708060531843	0.6076329769969948	0.5456871539977057	0.9996354569611356	-4.837504448686995	Htt
-0.029045687612190403	8.100817448910396	-0.1918087472180379	0.8485292854844451	0.9996354569611356	-4.807775055098686	Iapp
-0.03868618583520287	8.985888754418191	-0.30973264645785725	0.7578202311267821	0.9996354569611356	-4.845393387059688	Ica1
-0.08991399171029879	10.266220866635095	-1.0610348521562698	0.29285831462648665	0.9996354569611356	-4.663450417226217	Icam1
0.01789595846997901	9.74303774670981	0.17390851880433927	0.8625133923210919	0.9996354569611356	-4.910701105870002	Icam2
-0.0270371053632899	8.925126696020387	-0.20237727375440404	0.8402954658097274	0.9996354569611356	-4.860105862525751	Icos
-0.06999280877958307	9.723464142422833	-0.75875248468393	0.4509234188494138	0.9996354569611356	-4.778303439492853	Icosl
0.05189435689328642	9.699953678334994	0.4625071379839136	0.6453637844433504	0.9996354569611356	-4.8655014348198895	Ido1
0.027366006717886054	11.464101598508147	0.379745309077489	0.7054537975976655	0.9996354569611356	-4.968919146724005	Ier3
-0.011290096673102679	10.685694144093814	-0.13784431348059287	0.8908176120662478	0.9996354569611356	-4.966614251356417	Ifi27
-0.013511106702987156	8.882433465629598	-0.10807805984699682	0.9142885947238983	0.9996354569611356	-4.858149547905342	Ifi44l
-0.18920829449516724	8.922392505087162	-1.36873396670173	0.1761036009500309	0.9996354569611356	-4.477747329274733	Ifih1
-0.06399556798987213	9.067286812432203	-0.47131124982326383	0.6391003193978293	0.9996354569611356	-4.822773601510865	Ifit1
-0.039263013158637276	9.34329490016904	-0.3442917387778808	0.7318113681015692	0.9996354569611356	-4.863763881723882	Ifit3/b
-0.042454507757065114	11.332703675881511	-0.5944460448189418	0.5544129738976626	0.9996354569611356	-4.904410545692417	Ifitm1
0.08494328794772413	12.168100712324433	1.3100621156018073	0.19508836731128268	0.9996354569611356	-4.535121063010284	Ifitm2
-3.483996523400215e-4	10.89107185389336	-0.0033721623046744044	0.9973204162624001	0.9996354569611356	-4.9824769078935285	Ifitm3
0.05500406215752725	10.637324430945478	0.6658309753557404	0.5080300437834266	0.9996354569611356	-4.853265730463138	Ifna
-0.09533346726895797	10.46099071829607	-1.119604643631942	0.2672727679574579	0.9996354569611356	-4.635540367925131	Ifnar1
0.10986243304264125	9.542779354684347	1.1384993521618578	0.25936502246796755	0.9996354569611356	-4.604784544919614	Ifnar2
-0.06902339098665938	8.268267746348902	-0.5164401664954905	0.6074148198610096	0.9996354569611356	-4.774472168778096	Ifng
0.04674630273269931	9.232710855082692	0.4149604621109248	0.679627159870261	0.9996354569611356	-4.847067724457282	Ifngr1
0.005955844516261789	10.490069324175689	0.0721258586472908	0.9427377876002465	0.9996354569611356	-4.961464793132983	Ifngr2
-0.0608139420615865	10.00589785357539	-0.6007806901834564	0.5502126054547791	0.9996354569611356	-4.846117448485476	Ifnl2/3
0.1183518824792485	9.435203476709546	1.1706893409752066	0.24627821037800332	0.9996354569611356	-4.5872480854439965	Igf1
-0.034515884909603396	9.269728717028409	-0.2925778969429911	0.7708380147567929	0.9996354569611356	-4.8688382244589885	Igf1r
-0.00127593193151682	9.448998449784085	-0.011051670339606101	0.9912182991879368	0.9996354569611356	-4.9008846353123134	Igf2
-0.17165819610992442	9.780235976594556	-1.6079705011911085	0.11300736289944549	0.9996354569611356	-4.311885256802179	Igf2r
-0.16349009442951554	8.848112242255594	-1.3292812026701437	0.18870700722539505	0.9996354569611356	-4.499113018750466	Igfbp3
0.06293083425535521	7.11116633332711	0.3729897363246794	0.7104494654745077	0.9996354569611356	-4.75496287975905	Igfbp5
-0.07690614590974268	10.771670850084321	-0.6585848155293595	0.5126413997745453	0.9996354569611356	-4.862168999063114	Igfbp7
-0.23156143094578335	8.047509655253352	-1.7366621385294474	0.08749628388330266	0.9996354569611356	-4.29312985438146	Igha
0.08711015022375893	8.300075858591324	0.5804470448242839	0.5637520560043496	0.9996354569611356	-4.764173753378401	Ighd
-0.030518082610076006	8.642168449698053	-0.21440657585034467	0.830945365492018	0.9996354569611356	-4.841431478071919	Ighg1
-0.05958202637259796	9.385719290729497	-0.46072401179889116	0.6466355095708995	0.9996354569611356	-4.8441851357673	Ighm
-0.10983412221155085	9.407982448544391	-1.0809246310537275	0.2839869467549799	0.9996354569611356	-4.631551943792671	Igkc
-0.13174440536463441	8.186790656064966	-0.9935063312263714	0.32438922987338914	0.9996354569611356	-4.639606864815258	Ikzf3
-0.0314460734306338	10.897390446446336	-0.371576515327877	0.7114961492125466	0.9996354569611356	-4.947489438779751	Il10
0.1856204614373506	9.13631649204213	1.5206381724532498	0.13351917491553283	0.9996354569611356	-4.385878637084123	Il10ra
-0.10439514478635535	9.639881323002143	-1.0186781109930148	0.3123803502466111	0.9996354569611356	-4.667167695809523	Il10rb
0.10994781397491091	10.113025870860762	1.1642981433206159	0.24883809682544358	0.9996354569611356	-4.6020280859671345	Il11
0.23260853774707593	10.2696922021055	2.345942805376437	0.02224659940191202	0.9996354569611356	-3.6170368469964265	Il11ra1/2
-0.0935953922486387	8.918919486674794	-0.8256511210059728	0.4122205050567078	0.9996354569611356	-4.721135147758319	Il12a
0.032265396684589706	8.052317230154669	0.226131771140803	0.821855170146155	0.9996354569611356	-4.805350980534236	Il12b
0.1326353846505358	10.290007869628026	1.4977664582602759	0.13935263502859507	0.9996354569611356	-4.385916769814783	Il12rb1
-0.2817837100760815	8.830298329763881	-2.329309922053808	0.02317150983293169	0.9996354569611356	-3.8089885108322576	Il12rb2
-0.10186796624984822	8.70452250962706	-0.8117800846869077	0.4200753043707596	0.9996354569611356	-4.716896521350097	Il13ra1
0.0336901218502634	9.35125163876132	0.28734016708862087	0.774826048344901	0.9996354569611356	-4.868276697746778	Il15
0.05090199425285165	12.635229014439902	0.8370071499026409	0.4058567975475966	0.9996354569611356	-4.839472340148807	Il15ra
0.04240645069487775	8.99192153969462	0.32975208874357625	0.7427173479683971	0.9996354569611356	-4.840667079837103	Il16
0.14035446190771864	8.758859969758683	1.0894774301452912	0.28023007170196634	0.9996354569611356	-4.613824931164442	Il17a
0.18355870989167658	8.697257133318226	1.362524761969466	0.17804339937675728	0.9996354569611356	-4.482808559996772	Il17b
-0.07173491328908353	9.693359671255331	-0.7861003017198265	0.43485277179535786	0.9996354569611356	-4.766145678598547	Il17d
0.08341653400484317	9.914959012186877	0.826104974577741	0.4119650163380353	0.9996354569611356	-4.761683482121917	Il17ra
-0.06621675786295217	8.591596188373412	-0.38710869159657635	0.7000234505261245	0.9996354569611356	-4.806756541902458	Il17rb
-0.06268355001799962	9.546471292451395	-0.5432423569349428	0.5889432802607869	0.9996354569611356	-4.834856879361116	Il17re
0.01150649924406638	10.25224874644023	0.1117991383168187	0.9113498561450213	0.9996354569611356	-4.948646806913204	Il18
-0.017772248824439587	10.27892252913764	-0.19008823747018813	0.8498713453214224	0.9996354569611356	-4.941341705108637	Il18r1
-0.12689113194119994	9.542185783135842	-1.4069813221844163	0.16450928412775595	0.9996354569611356	-4.4515892709401275	Il1a
-0.0656350626370506	9.743321871313453	-0.7137286029199332	0.47811786500836595	0.9996354569611356	-4.795306194661054	Il1b
-0.04800818951106235	9.32401155995702	-0.4173387568788978	0.6778963190666604	0.9996354569611356	-4.848319040188881	Il1r1
0.02847836258392857	8.64279202946385	0.2447479407590081	0.8074733017434562	0.9996354569611356	-4.838214123932795	Il1r2
0.04202086987092463	9.796835630964251	0.4484878915479833	0.6553906962803537	0.9996354569611356	-4.868963394593605	Il1rap
0.14980726567414693	9.936187226062236	1.426327099747786	0.15887363119208212	0.9996354569611356	-4.437702029879004	Il1rl1
-0.05218118426516753	9.306564803091332	-0.47259878031686225	0.6381865304529662	0.9996354569611356	-4.837593668872738	Il1rn
0.08604539814604754	9.147538874477313	0.798181390129976	0.42786271008469434	0.9996354569611356	-4.738788311913525	Il2
0.03730959499581218	9.913207482181809	0.32408479610744634	0.7469828203437296	0.9996354569611356	-4.904202228996057	Il20
0.29422106393541014	9.11762326918103	2.3933690875427005	0.019787407837029678	0.9996354569611356	-3.71187895515044	Il20ra
-0.11398372472449872	8.260010532311181	-0.8630080576284541	0.3915145261396552	0.9996354569611356	-4.688532887380884	Il22ra1
-0.042426644751645586	10.37353787188324	-0.46502676178981034	0.6435686004201239	0.9996354569611356	-4.899061022099552	Il23a
0.24056015098452604	11.575942512144202	1.9601455191064607	0.05455229622130289	0.9996354569611356	-3.9562353272654014	Il24
0.06413562756636346	9.488849520018707	0.5817516952656082	0.5628784180553219	0.9996354569611356	-4.824647538199132	Il27ra
-0.10011089229197487	7.30149042955668	-0.551201642474005	0.5835094851066751	0.9996354569611356	-4.732348992998821	Il2ra
-0.14039673588676818	10.043984211720884	-1.6050762235921159	0.1136438583002667	0.9996354569611356	-4.309221469427325	Il2rb
0.04245569691371124	8.741371902713158	0.3739599844359162	0.7097311875635924	0.9996354569611356	-4.8229356841132045	Il2rg
0.10932294654546049	8.571740607974602	0.8555575571663733	0.3955917074488826	0.9996354569611356	-4.697354682610332	Il33
0.1548213445181695	9.695162264599324	1.6030648633756084	0.11408788841626981	0.9996354569611356	-4.317393710715158	Il34
-0.16284088002680536	8.872613512485216	-1.2508958369485739	0.21575058404317132	0.9996354569611356	-4.539761808702352	Il36g
0.019237400895710022	8.672710132589252	0.13202520050064037	0.8953990094170905	0.9996354569611356	-4.839239694290376	Il3ra
0.007550553677198446	10.43738192191404	0.07436246425249056	0.9409653741555768	0.9996354569611356	-4.960956808326871	Il4ra
0.042156814366977914	9.768222378074187	0.4425687897957661	0.6596435120927555	0.9996354569611356	-4.8714192290685405	Il6
0.1188531871383815	9.745581264577424	1.0998802935588476	0.27570736171047394	0.9996354569611356	-4.629571698171137	Il6ra
-0.003958298290011936	9.048294087069078	-0.03359816966153201	0.9733073139527314	0.9996354569611356	-4.866055138232559	Il6st
0.004487779646944476	9.218399220444912	0.03678940778737684	0.9707730878579799	0.9996354569611356	-4.882484158879496	Il7
0.08975626752437897	9.390207680789638	0.7567702784080793	0.4521014867911274	0.9996354569611356	-4.763817410044432	Il7r
0.07666350250028037	9.406251043114722	0.7630713507428207	0.4483627996144679	0.9996354569611356	-4.7603520215704025	Inha
0.1818087041957392	9.276477318137038	1.5656526928310275	0.12260494593702775	0.9996354569611356	-4.349908576305047	Inhba
-0.37109431761427225	7.924587142254336	-2.969584196321676	0.004259318050158143	0.9996354569611356	-3.4145437808164036	Inhbb
-0.12632425353112361	8.802945786602468	-1.0231768351941652	0.3102661290971362	0.9996354569611356	-4.643029119044056	Ins1
0.2534245987650823	8.211734944371338	1.7775261865615986	0.08046814218674425	0.9996354569611356	-4.255237091237946	Insr
-0.02296840591100753	9.988899445494297	-0.21495863394862588	0.830516840466565	0.9996354569611356	-4.9207941545331995	Irf3
0.0276284241959407	9.080690399575477	0.21702530126408895	0.8289130872465573	0.9996354569611356	-4.865497987519005	Irf4
-0.00791808715671685	8.306608287263703	-0.06282331475706117	0.950112668950815	0.9996354569611356	-4.827577412918304	Itga1
0.0011866986006865015	8.351244766992659	0.008818186358537922	0.9929929816862361	0.9996354569611356	-4.831997179778166	Itga2
-0.1578348250774437	10.133673336989188	-1.213849532796289	0.22948548380317202	0.9996354569611356	-4.5738138318503205	Itga3
0.060790597681222656	9.242106974812446	0.507641028036247	0.6135362990656332	0.9996354569611356	-4.826601459421409	Itga5
0.05266293978616658	9.921825662359481	0.5546169319973145	0.5811852328887355	0.9996354569611356	-4.850809093261744	Itga6
-0.005281630514254039	10.272796973390347	-0.052076325539510485	0.9586380926818417	0.9996354569611356	-4.952972655068126	Itga8
-0.32204988798535905	8.367650614483559	-2.2287391387770246	0.029527533029998644	0.9996354569611356	-3.9392358283792843	Itga9
-0.06476164489889549	9.30730598521757	-0.6400794868732224	0.5245186407090175	0.9996354569611356	-4.797269520122113	Itgae
0.10132797945889079	8.835173562619733	0.8997230125443826	0.3718069370543212	0.9996354569611356	-4.690131318012012	Itgal
0.028238867070625045	9.714688322068879	0.2608336521005544	0.7950996192368441	0.9996354569611356	-4.901801389169803	Itgam
-0.10271278736302793	8.443543390084017	-0.7439587677170068	0.4597585099946645	0.9996354569611356	-4.7308421253192465	Itgav
-0.1104990642098314	9.538927926693143	-0.9548001880361804	0.3434484722142963	0.9996354569611356	-4.6912906028108194	Itgax
-0.052051778382954	9.035381774302763	-0.39303349796532194	0.6956653905685923	0.9996354569611356	-4.835916719123691	Itgb1
-0.15454202033645673	10.247861141351947	-1.8809660471898708	0.06475326657097495	0.9996354569611356	-4.07411019043527	Itgb2
-0.003737096957221421	10.293598975812744	-0.03258861699457255	0.9741090786890892	0.9996354569611356	-4.947422446670228	Itgb4
0.0783058215509191	9.945344435169948	0.7042102797366695	0.48398245751648694	0.9996354569611356	-4.809879687315255	Itgb5
-0.04647374604887268	9.17850909983544	-0.387315839645069	0.6998709084493916	0.9996354569611356	-4.855488383415803	Itgb6
0.03350382220967643	8.792038910305525	0.2674939076906697	0.7899915463992659	0.9996354569611356	-4.843474845534751	Itgb8
-0.06388701935448346	8.6545190645682	-0.5056998978792107	0.6148904720849712	0.9996354569611356	-4.794348753040094	Itk
-0.11334036301067733	6.89329387102079	-0.5238315282748826	0.6022944086219758	0.9996354569611356	-4.729431186047175	Itm2a
0.04295536474665354	9.651415206849714	0.3972493772734328	0.6925706019679385	0.9996354569611356	-4.876961618220454	Jag1
0.20309658683218784	8.601901866574613	1.7327528224031532	0.08819446954546702	0.9996354569611356	-4.270093224184256	Jak1
-0.16249179315682605	10.220815456807324	-1.5062806581119332	0.13715800693981373	0.9996354569611356	-4.3802137798148415	Jak2
0.0030742716096581074	8.318489915125303	0.023819467011255268	0.9810743850077431	0.9996354569611356	-4.8308184627715045	Jchain
0.030008794420907356	10.37584838513886	0.35029040884910856	0.7273278333243388	0.9996354569611356	-4.922846279518942	Jun
-0.09129990365546495	10.932405585105583	-0.9161988376596959	0.3631716891239498	0.9996354569611356	-4.756176558492789	Junb
0.11136517395519703	8.807838462353617	0.8625101694819793	0.39178617083946865	0.9996354569611356	-4.70499895778711	Kdr
0.15852989391038372	8.022484884264228	1.0401790938304551	0.3023633365778255	0.9996354569611356	-4.621157622566931	Kir3dl1/2
0.017556059218932888	8.0853839952978	0.1156859667383206	0.90828154274370565	0.9996354569611356	-4.8156380564600685	Kit
-0.046845563920237275	8.987200968478911	-0.39440894312972624	0.6946551309684383	0.9996354569611356	-4.831826863783609	Kitl
-0.15109480516123225	10.428252864324465	-1.7837062412893603	0.07944729126798238	0.9996354569611356	-4.153529827297593	Klf2
0.10226482438821667	8.26438322441068	0.7066340278243712	0.48248531221616264	0.9996354569611356	-4.730861208121037	Klra17
-0.1378165878944437	9.098895546318097	-1.1551314509920743	0.25254285727672343	0.9996354569611356	-4.5888764024921995	Klrb1
-0.004657148482632737	7.865890056843171	-0.03286860143779479	0.9738867184212784	0.9996354569611356	-4.803069649710726	Klrb1c
0.04428140068267472	8.542549247720716	0.3226343093242841	0.7480758089987312	0.9996354569611356	-4.821808105177847	Klrk1
-0.11397514500973976	10.079546257089802	-1.3555685512760822	0.18023587683582562	0.9996354569611356	-4.484813232261159	Kras
0.291126853531863	8.362172291314709	1.8542293864879653	0.06854375533564927	0.9996354569611356	-4.20384825570291	Krt1
0.17915517497710273	9.34285615889741	1.3902916167919073	0.1694940851438575	0.9996354569611356	-4.463084416330122	Krt10
0.0800179893529521	8.975872294738162	0.6756281222115695	0.5018309088120686	0.9996354569611356	-4.771237564382426	Krt13
0.34779592988833563	10.413295466255338	2.869580826059412	0.005640841514265272	0.9996354569611356	-2.983239531523051	Krt14
-0.01893200269377937	9.518592917800708	-0.17188043201903058	0.8641006603243392	0.9996354569611356	-4.89978148923275	Krt15
-0.020046915829097994	10.325568532469319	-0.22574907315958573	0.8221514851464842	0.9996354569611356	-4.939341130118247	Krt16
0.1584186941569755	9.789534500000675	1.3630167361654735	0.17788911116129738	0.9996354569611356	-4.479111946947201	Krt17
0.04988051922063412	10.637163288146578	0.41308306823179114	0.680994686055634	0.9996354569611356	-4.921578678954717	Krt18
0.0998746446147464	10.154807553422698	0.9527975249204181	0.3444541647930347	0.9996354569611356	-4.712259384049443	Krt19
-0.07257774572148075	9.315758668366417	-0.7911319831717847	0.4319332878040094	0.9996354569611356	-4.746482543720255	Krt20
0.11682148817503019	8.914089854992268	0.9206555371094748	0.3608581351144813	0.9996354569611356	-4.68895199497778	Krt23
0.1024834360283293	9.13636777033478	0.7646825277989446	0.4474097176614217	0.9996354569611356	-4.753669270583505	Krt4
0.19511228039154543	7.971044609462326	1.2937769697453059	0.2006213650150145	0.9996354569611356	-4.519306911185308	Krt6a
-0.07316689363220368	8.572343030023658	-0.5355166884804436	0.5942403661650402	0.9996354569611356	-4.784852058997265	Krt6b
0.03657611729831293	9.464677643256431	0.24943181141428383	0.803865057104431	0.9996354569611356	-4.8936267607262725	Krt7
0.09045883045983334	12.00789443686946	0.7783369261724742	0.43938007001247414	0.9996354569611356	-4.850891315256517	Krt8
-0.07092782164630132	9.174028788193862	-0.6240132693378143	0.5349463537063422	0.9996354569611356	-4.791103238940357	Krt80
0.013198840734916558	7.789773683863	0.0943505054284798	0.9251400661039447	0.9996354569611356	-4.799562472957024	Krt86
0.038335157482684894	10.37785268567445	0.4473213457603783	0.6562279479115939	0.9996354569611356	-4.904119953299522	Lag3
-0.004901967012372615	9.613745880783709	-0.04825550331754967	0.9616703135830524	0.9996354569611356	-4.907974827325966	Lair1
-0.07180611951158039	9.491975819994353	-0.6503034036631015	0.5179388289000699	0.9996354569611356	-4.801610793973766	Lamp2
0.15855030787558136	9.222442151940756	1.4982757098171353	0.13922059558521635	0.9996354569611356	-4.399209222954847	Lamp3
0.06823982094920121	10.084949321223643	0.6890704575249648	0.49339248727232143	0.9996354569611356	-4.81981140874556	Lcn2
-0.006738407022497308	8.947466647575581	-0.05883362600786496	0.9532769992307116	0.9996354569611356	-4.866951253149241	Ldb2
-0.010755799979906144	11.894856306286753	-0.10936211884244632	0.9132743655041443	0.9996354569611356	-5.022494997438366	Ldha
0.01763172988112938	10.531998193983233	0.18607290048289685	0.8530051814478685	0.9996354569611356	-4.953888124591522	Ldlr
-0.0052845381999837605	10.908540104727495	-0.06224252565617779	0.9505732596143798	0.9996354569611356	-4.98402180830723	Lefty1
0.0531656205615746	9.092765908622127	0.3932797659582027	0.6954844668487973	0.9996354569611356	-4.844007521913151	Lep
0.10275853197690857	12.847161886927825	0.6593298582408841	0.5121662357745851	0.9996354569611356	-4.921770504345434	Lgals1
-0.007751614160659253	9.958877586977202	-0.06744867356954651	0.946445183729769	0.9996354569611356	-4.923973645278348	Lgals3
0.05241688378111943	10.130179378970768	0.5715839196317176	0.5697047635810089	0.9996354569611356	-4.858333832087326	Lgals3bp
-0.0336298834715419	10.177107105790624	-0.3457923201966512	0.7306889138228155	0.9996354569611356	-4.915620425936434	Lgals9
0.12884757677551067	8.581195699509502	1.035858991807304	0.3043582354523033	0.9996354569611356	-4.631644638967845	Lgr5
-0.051278245302677286	9.929501066536382	-0.485941371148687	0.6287503547686051	0.9996354569611356	-4.872094189241976	Lif
0.09761439080309407	9.23139701829294	0.8132946104090871	0.41921331035953513	0.9996354569611356	-4.737904614223415	Lifr
0.19166945148955855	12.924071075070378	1.7150810586555922	0.09140822008709215	0.9996354569611356	-4.184834880202679	Lmna
-0.13557896695235616	10.061814005199329	-1.3772688301110352	0.17346365668214014	0.9996354569611356	-4.4706744256863145	Lpar5
-0.04550004260920943	8.676106373308732	-0.3593686038055104	0.7205607969898278	0.9996354569611356	-4.823827000284278	Ltb
0.0977689035816536	9.120007043023378	0.8314789427074399	0.40894716000051845	0.9996354569611356	-4.727971985288739	Ltbr
-0.106965735546018	9.306739088794945	-1.0255323048200278	0.3091630222273985	0.9996354569611356	-4.65477942823882	Ltf
0.032915606173969145	9.716459371926922	0.30045425983761936	0.7648526129934851	0.9996354569611356	-4.89724764851681	Lum
0.14919685558900558	9.205928345949392	1.2840381352051122	0.2039858201725587	0.9996354569611356	-4.52361028079686	Ly6d
-0.24361194642974687	9.43580385625908	-2.1331738944316574	0.036943060917118124	0.9996354569611356	-3.9100225099839903	Ly75
-0.06425145450202988	8.586527213737515	-0.5513955180404938	0.5833774256390833	0.9996354569611356	-4.784373984689112	Lyn
0.07901513714320536	9.809309744797659	0.8332295193921196	0.40796700822889975	0.9996354569611356	-4.752464816439188	Lyz3
-0.016846479458121254	9.413078727268019	-0.15787105174607233	0.8750800127167337	0.9996354569611356	-4.882871606397843	Maf
0.28725538450764354	10.206410877197762	2.8161620258108835	0.006538488648296303	0.9996354569611356	-3.081621681086703	Maml2
0.016966773172102968	10.986322883235008	0.21301029769697094	0.8320294305748973	0.9996354569611356	-4.975293825925254	Map1lc3b
0.003359637751958046	9.83428565951783	0.036628031803571076	0.970901232719317	0.9996354569611356	-4.921778405632047	Mapk13
0.40381942379957764	8.687302980535593	3.0754080036286067	0.0031444118409210686	0.9996354569611356	-3.140055840785776	Mapk14
0.12693779667895086	8.825263094042413	0.9583036439825311	0.34169374206647996	0.9996354569611356	-4.6695698750719465	Marco
-0.1954564741440786	9.007699775271794	-1.638195721073878	0.10653100053087546	0.9996354569611356	-4.314824706000094	Mb
-0.020913686672438606	8.566535816617783	-0.16219810329597067	0.8716861048291724	0.9996354569611356	-4.834609557239704	Mcpt8
-0.05011958385504844	9.172231679857491	-0.4626349020992011	0.6452727038388173	0.9996354569611356	-4.837163751518114	Mecom
-0.16378430857532247	9.292495739130898	-1.1445657541680438	0.256861699394773	0.9996354569611356	-4.5983568129001995	Meg3
-0.15864250224135096	9.2555130973357	-1.345936445605795	0.1833056046476709	0.9996354569611356	-4.489114093470592	Mertk
0.04737377447629178	8.61512031224851	0.3279625145371351	0.7440633990809693	0.9996354569611356	-4.826861314780583	Met
-0.024949796349887313	10.431474409156431	-0.27602227892831643	0.7834642311423203	0.9996354569611356	-4.941994490687519	Mfap5
0.027079253757509365	8.959250156295157	0.2183764256794537	0.827864996452716	0.9996354569611356	-4.852367082625483	Mgp
-0.04650291354865644	12.434497320634017	-0.6382222774461039	0.5257185788993893	0.9996354569611356	-4.923161811105492	Mif
-0.02314236399396956	9.719228792154809	-0.24644806747174827	0.8061631102802664	0.9996354569611356	-4.899269076961032	Mki67
0.18728565035214195	8.936408608901685	1.4487724663787291	0.15252397793467962	0.9996354569611356	-4.43170973803649	Mlh1
-0.11137492864201921	9.683748832472013	-0.9190496254905738	0.3616906989885019	0.9996354569611356	-4.713030326146775	Mmp12
3.867612396558313e-5	10.422709826957925	4.5876378209184013e-4	0.9996354569611356	0.9996354569611356	-4.956794895459039	Mmp14
0.04082742692479384	10.261119724199409	0.47932271158280204	0.6334235800587813	0.9996354569611356	-4.890649266494747	Mmp19
-0.06821180356391587	9.871933214452678	-0.643145808197924	0.5225406494553342	0.9996354569611356	-4.825130642965708	Mmp1a
-0.026233424798000674	10.126793652353044	-0.28216020195969505	0.7787760963093746	0.9996354569611356	-4.924272089566279	Mmp2
-0.10512142079998969	9.010249804497306	-0.8646170433679168	0.3906374747331496	0.9996354569611356	-4.710876717085341	Mmp7
-0.045841506105624874	9.889340030866594	-0.40581360673746053	0.6862999946167099	0.9996354569611356	-4.886245678411532	Mmp9
-0.12454670905936661	8.851821864038627	-0.9889863907817028	0.3265777973463495	0.9996354569611356	-4.657342647643247	Mpo
-0.027286988772180953	10.284548400382908	-0.2444336059016543	0.8077156025889781	0.9996354569611356	-4.938401088238721	Mrc1
0.09550791264795246	9.594635996697964	0.9391720128317294	0.3513476458826553	0.9996354569611356	-4.702936111674547	Mrc2
0.06060851651630456	9.735816962173791	0.5555924592249329	0.5805221603167967	0.9996354569611356	-4.841665644171286	Ms4a1
-0.04968422017662076	10.476333315740302	-0.6028659614746947	0.5488334281334244	0.9996354569611356	-4.867739634977907	Ms4a4b
-0.0028320470485242583	10.241804445026714	-0.02232533995002577	0.982261327563249	0.9996354569611356	-4.9551299241003735	Ms4a6b
-0.22383157316093116	9.510795367634476	-2.273586972305432	0.026524258415539678	0.9996354569611356	-3.767840937575092	Msh2
-0.03871850591716478	9.237090959339287	-0.3427897763643951	0.7329354446164247	0.9996354569611356	-4.8601095801581335	Msmb
-0.15267623047498194	8.076108128391915	-0.9195927996855213	0.36140895944929574	0.9996354569611356	-4.664758209321851	Msr1
-0.17365889741544072	7.9781656274810215	-1.1414852934115098	0.2581307069669686	0.9996354569611356	-4.582424196748142	Mst1r
-0.11628352336909407	12.009824619587128	-1.0493423451857558	0.29816157187614956	0.9996354569611356	-4.709709989095855	Mt1
-0.1653742459663665	11.53599370634518	-1.4430913459559238	0.1541121205584399	0.9996354569611356	-4.4279617476988316	Mt2
0.1315575218645805	7.907036568648592	0.9416478977475945	0.35008841864274354	0.9996354569611356	-4.654140965111366	Mthfd1l
0.0024995210061106955	9.900943525838432	0.023128062125407665	0.9816236355855816	0.9996354569611356	-4.927896678909968	Mtor
0.05480068659960743	9.655224910605087	0.5452091432163365	0.5875983326796502	0.9996354569611356	-4.8445087074695365	Muc1
-0.02978803857063038	9.953926352253715	-0.2920862339700243	0.7712121073592644	0.9996354569611356	-4.910631452341642	Mx1
-0.07046688055171402	9.629777562257457	-0.6256017868726751	0.5339105790378085	0.9996354569611356	-4.816488181932114	Mxra8
-0.017926079361976197	10.268643520705664	-0.1912230607574926	0.8489860918053245	0.9996354569611356	-4.940066226371459	Myc
0.06252536220967186	8.553876075757161	0.4569234274139522	0.6493496142342855	0.9996354569611356	-4.797877554395495	Myh11
-0.06534558567845365	9.108897728888774	-0.5760145370355	0.5667252044263631	0.9996354569611356	-4.803856146794611	Myh6
0.00629448256065492	11.23432486120828	0.07791161123861004	0.9381534467438895	0.9996354569611356	-4.997601461982444	Myl12a
0.06149920993333994	9.612906297000263	0.533010458380613	0.5959635402447558	0.9996354569611356	-4.843995211593895	Myl12b
0.0052541951471239065	7.884489556994796	0.035854431038526376	0.971515541466533	0.9996354569611356	-4.807908700667472	Myl4
0.031256461975833365	9.288110067499899	0.2695305814415648	0.7884313556467359	0.9996354569611356	-4.871322231902809	Myl7
0.1430291903099441	9.475533569079284	1.2564011521374907	0.21376236498973797	0.9996354569611356	-4.541223140685674	Myl9
0.2284609327267374	8.606161462149668	1.7939720133090846	0.07777540123746396	0.9996354569611356	-4.22944820153698	Mzb1
0.05809068042747681	8.820002632023847	0.5026751820473959	0.6170032587511027	0.9996354569611356	-4.801670380170644	Mzt2
6.2763215956135e-5	11.786620556217056	7.252270662214266e-4	0.9994237198428082	0.9996354569611356	-5.021965874621428	Naca
0.07257486321049422	9.89484143529406	0.7833064506079552	0.4364788497666221	0.9996354569611356	-4.776979394340101	Nanog
0.08896470590963704	8.78327438998213	0.7612798406613183	0.4494239424429608	0.9996354569611356	-4.736350383269225	Ncr1
0.03598779367758189	11.466773605497547	0.3211464644623719	0.7491974875002334	0.9996354569611356	-4.97730863758374	Ndrg1
0.0996938408267533	13.855713509546781	0.8276720741149792	0.4110835859429247	0.9996354569611356	-4.86543586194384	Neat1
-0.22543804280255594	7.844013427414491	-1.716415329204392	0.09116225133137976	0.9996354569611356	-4.311560177909278	Nell2
-0.0050853178373737665	10.35693725304318	-0.047747258724022065	0.962073702472463	0.9996354569611356	-4.951451108171487	Nfkb1
-0.036478436035493195	10.38128066300025	-0.43427406901202786	0.6656221759343628	0.9996354569611356	-4.908202671903141	Nfkbia
0.08445478723444483	9.656817760894022	0.8290844516179957	0.41029016431995735	0.9996354569611356	-4.751120801563704	Ngfr
0.00759893774577687	9.81471283933821	0.06449857883144985	0.9487842089370068	0.9996354569611356	-4.92437817348851	Nkg7
0.024717850708453563	10.29988667873308	0.2720542255436953	0.786499328508351	0.9996354569611356	-4.932044917305666	Nlrc5
-0.04601771220506426	7.970347971345632	-0.3245452360745967	0.7466359728367917	0.9996354569611356	-4.790761310213687	Nlrp1a
-0.09443629391698222	7.632807590134029	-0.6281642475777375	0.5322419464100954	0.9996354569611356	-4.72885100228194	Nlrp2
-0.13651993184007963	9.696686966476742	-1.2685439531371714	0.20942499998685637	0.9996354569611356	-4.535858478789462	Nlrp3
-0.0566879810553636	10.142031642602467	-0.6468579426279999	0.5201513289221673	0.9996354569611356	-4.836498388964336	Nod2
-0.02159987771527657	8.807958458971138	-0.1692811151386181	0.8661358187309979	0.9996354569611356	-4.847875640763282	Nosip
0.0432177312280016	9.563507396891925	0.4198744313441536	0.6760528597774617	0.9996354569611356	-4.864378224095164	Notch1
0.009511866410645171	10.053715596890259	0.10240858664760792	0.918768382570468	0.9996354569611356	-4.936105289385845	Notch2
-0.13042652940776886	8.577120534047125	-1.0246511905910467	0.30957535180188006	0.9996354569611356	-4.635858520898483	Notch3
0.003931268067137801	8.940317852352486	0.034776335430106414	0.97237167537269	0.9996354569611356	-4.868676285434497	Nppc
0.008926041627621034	10.413714065405834	0.09817579267433021	0.9221146965679959	0.9996354569611356	-4.9589395245123615	Npr1
-0.20186964441973038	8.625844211561262	-1.5196551985117526	0.13376583867397526	0.9996354569611356	-4.39700781414672	Npr2
-0.017270574205420785	8.53015837393229	-0.12319270348750636	0.9023596346055576	0.9996354569611356	-4.8362969504803495	Npr3
-0.016066484399205296	10.18479952366485	-0.1605067186648152	0.8730124519773033	0.9996354569611356	-4.938696649782285	Nr1h2
-0.04583531496525387	10.095356896645352	-0.48318712205535186	0.6306932058076455	0.9996354569611356	-4.881521601799202	Nr1h3
0.019690139887113073	7.8848299585412525	0.13382665549446532	0.8939803313162233	0.9996354569611356	-4.803448446054282	Nr3c1
0.07601511678984793	8.833602601676802	0.6640468869550631	0.5091633398521098	0.9996354569611356	-4.77014933252654	Nrg1
0.2017543167477954	8.010133920705146	1.3546442287499891	0.18052874783221637	0.9996354569611356	-4.491748759166663	Nrxn1
0.16212307337384926	7.78678848404427	1.2170575321274677	0.2282714722829234	0.9996354569611356	-4.551937104522091	Nrxn3
0.0882097590491943	9.425917512044652	0.87095023205278	0.38719717800879827	0.9996354569611356	-4.723693729623821	Nt5c3
0.05181809267619674	9.517034540040841	0.5042576346587991	0.6158974969486154	0.9996354569611356	-4.842106240023786	Ntrk2
0.08278563614528363	9.909006053274695	0.904570954570772	0.36925260339542143	0.9996354569611356	-4.726927839588136	Nusap1
0.024259185802802893	11.132255066384852	0.22724325523703362	0.8209947191746632	0.9996354569611356	-4.978399294755113	Oas1a/g
0.0282019199156802	10.43856711156258	0.3479951887984697	0.7290422103069458	0.9996354569611356	-4.928301807106516	Oas2
-0.01660927249565791	10.470966680296563	-0.16691238786634469	0.8679912277453935	0.9996354569611356	-4.95457981734103	Oas3
0.03793314677522421	9.680433643978727	0.395768989726541	0.6936567277330755	0.9996354569611356	-4.8758572093414205	Oasl1
0.07604501518097606	8.287560759048594	0.5478926047802961	0.5857656533382851	0.9996354569611356	-4.771217530161602	Olfm4
0.23535979567063608	8.590540690755958	1.6924085824196715	0.09567201998035155	0.9996354569611356	-4.296479552795552	Olr1
-0.01844068817533464	10.395441744505783	-0.2250731492297676	0.8226749023189803	0.9996354569611356	-4.944927425088651	Osm
-0.1341251217558821	8.59360981165544	-1.0688055309553652	0.2893699444003955	0.9996354569611356	-4.619943048998279	Osmr
1.5060952609303164e-4	8.61575975151926	0.0014049783839923992	0.9988835759128615	0.9996354569611356	-4.844360016902193	P2rx5
-0.020214582885680475	11.353571945040544	-0.27019285925288156	0.787924205749245	0.9996354569611356	-4.985278511343833	Pcna
0.12499084359808627	9.252448631200638	1.1043203435847413	0.2737926434534717	0.9996354569611356	-4.618302655708159	Pdcd1
-0.11656699928496755	9.270482991736882	-0.9435709932298181	0.34911236541523427	0.9996354569611356	-4.6900091287052845	Pdcd1lg2
-0.07062205323149325	9.415804818987654	-0.6250637526940113	0.5342612817799528	0.9996354569611356	-4.812613025343797	Pdgfa
0.2094799809665009	9.386792888589975	1.7583869148045264	0.08369913397160925	0.9996354569611356	-4.212633658820152	Pdgfb
0.11680905935154595	7.313406507299951	0.7610997456951747	0.4495306965287841	0.9996354569611356	-4.692673156130905	Pdgfc
-0.017104681649383936	8.404837176520665	-0.13271417765692747	0.8948563868132375	0.9996354569611356	-4.828975824991622	Pdgfd
0.1229927063064558	9.234464738144727	1.1643482402580316	0.24881795747389668	0.9996354569611356	-4.587119158941164	Pdgfra
0.02219062020925737	9.359578120765034	0.1817467865855735	0.8563842298605943	0.9996354569611356	-4.882464946428418	Pdgfrb
0.04675330181084186	9.833581177469352	0.5356062851008396	0.5941788066925382	0.9996354569611356	-4.8522672755073835	Pds5a
-0.13775878910204764	8.995264255401533	-1.1670581714124015	0.24773028437557373	0.9996354569611356	-4.581366334368343	Pecam1
0.05483965996620099	9.89588601075148	0.4783649989782014	0.6341010395186117	0.9996354569611356	-4.869674147241846	Pf4
0.08553767762237349	11.727951601644644	0.8990604892268644	0.372156884297722	0.9996354569611356	-4.786825176113951	Pfn1
0.16581708454821958	9.146116152692688	1.3404949940903155	0.18505724185012118	0.9996354569611356	-4.492265759992716	Pgf
-0.08014630497214006	8.532441837236844	-0.5506992977702614	0.583851726514934	0.9996354569611356	-4.777643104713987	Pgr
0.05344259308647001	10.786717351691477	0.5752903384778895	0.56721169903748	0.9996354569611356	-4.888433268187755	Phlda2
0.07703419642445364	8.433343739802469	0.647585489040489	0.5196837200340011	0.9996354569611356	-4.753955687715825	Pigr
-0.02040996208776081	9.869690916473933	-0.19366235952906416	0.8470839042961665	0.9996354569611356	-4.917931757759181	Plac8
-0.17171987173556888	8.984687670157829	-1.2512468972170163	0.21562339422714139	0.9996354569611356	-4.539887719933149	Plac9
-0.1353079643680072	10.590121843363011	-1.7039654586022144	0.09347866208159197	0.9996354569611356	-4.21838472415211	Plekhg2
0.006020309168875195	10.839626409173437	0.07472591758935158	0.9406773811265664	0.9996354569611356	-4.979026687122593	Pnoc
0.008218894391601771	9.658111699823985	0.07412104297902952	0.9411566758353784	0.9996354569611356	-4.910885889035415	Pou5f1
0.05443232653539343	8.912893756498361	0.4588821786933964	0.6479502159256967	0.9996354569611356	-4.814825265336308	Ppara
-0.0060116637867445085	10.192906311598337	-0.06603730477878138	0.9475641501083653	0.9996354569611356	-4.943998094882179	Ppard
-0.1694972805936879	9.316517365896186	-1.4629838545348923	0.1486071188531815	0.9996354569611356	-4.4186776508985925	Pparg
0.07570586550281987	14.415649209376099	1.0403999554640277	0.30226158907083134	0.9996354569611356	-4.746697069988731	Ppia
-0.1538822926115817	9.714070159286493	-1.6280276164126308	0.10867522968524279	0.9996354569611356	-4.298613697447944	Prf1
0.021504652416675624	9.353207213781507	0.22480454490558452	0.8228829246955683	0.9996354569611356	-4.884166899878726	Prss2
-0.016670330581830203	9.029066524252597	-0.13162125101285738	0.8957171741076788	0.9996354569611356	-4.862570678998033	Prss34
-0.03888496208089017	10.063405434071491	-0.3926647848751056	0.6959363032287255	0.9996354569611356	-4.89860392763604	Prtn3
-0.013564114055546719	11.3585712246903	-0.18668695670114488	0.8525257757770857	0.9996354569611356	-4.998765616737056	Psap
-0.09326547710104274	9.078671741351416	-0.7257804937486609	0.4707496973876153	0.9996354569611356	-4.758049044020482	Psca
-0.14698314875249485	8.022655117371695	-0.9049236402785951	0.3690672140217707	0.9996354569611356	-4.667714940526512	Psd3
-0.04863246818569466	7.74949975549508	-0.3318362569786055	0.7411507299904723	0.9996354569611356	-4.784906687630936	Ptgdr2
-0.07938077861176851	9.988907088122719	-0.7657152446514892	0.446799441566898	0.9996354569611356	-4.786292878861414	Ptgds
-0.06786954678899441	9.38677000074484	-0.5365854606800413	0.5935062358739507	0.9996354569611356	-4.830491226776989	Ptger4
0.05644195529264688	10.501670633869121	0.6565255049682096	0.5139559849116329	0.9996354569611356	-4.848923004602558	Ptges
-0.11293698826132746	9.898494578919369	-1.251078838897828	0.21568427517498015	0.9996354569611356	-4.548520826028099	Ptges2
0.008868827911824386	10.761713944169408	0.11152568054298072	0.9115657788721149	0.9996354569611356	-4.973937443350385	Ptges3
-0.1559308174369188	8.976315863047212	-1.4858815440864115	0.1424623120749226	0.9996354569611356	-4.410748727177201	Ptgis
0.1788720351697212	10.15936956877543	1.902117384971254	0.061881578488474046	0.9996354569611356	-4.0623790040762495	Ptgs1
-0.023714151052858994	9.00623589477163	-0.20207709419676162	0.840529089992277	0.9996354569611356	-4.864102266674799	Ptgs2
-0.029319265988511613	9.761898396740573	-0.2664101992061999	0.7908220718130803	0.9996354569611356	-4.904559016458475	Ptk2
0.1033891676489562	9.311500057313792	0.9006808456040102	0.3713013759474577	0.9996354569611356	-4.707438487217329	Ptk6
-0.12820183889120876	8.503916766345064	-1.080811018236692	0.2840370860249463	0.9996354569611356	-4.613161816564273	Ptprc
0.05078880255806059	10.556581319301062	0.5375041145515257	0.5928755608059789	0.9996354569611356	-4.889155084803623	Ptprcap
0.0047683179164265425	9.81512176606575	0.046664779987069256	0.9629328885571099	0.9996354569611356	-4.924455661344032	Pttg1
0.010288329123221921	9.788865603386723	0.10378266944248213	0.9176823898099276	0.9996354569611356	-4.922850711997121	Qrfpr
0.07036594177840481	11.54452001537998	0.9641107540112747	0.3387981820855086	0.9996354569611356	-4.748028089828531	Rac1
0.04878025028262196	10.010080002171245	0.42566889060720925	0.6718477111225855	0.9996354569611356	-4.890976114034546	Rac2
-0.010917044515238967	11.28085511787062	-0.09921777947799604	0.9212908010480994	0.9996354569611356	-4.99844433734419	Rack1
-0.2318414429404448	9.08525849561697	-2.069581966262584	0.04273550471192797	0.9996354569611356	-3.995009850840058	Rag1
0.016675968545560048	9.355247717258571	0.16133447432774903	0.872363297990747	0.9996354569611356	-4.887996927315172	Ramp1
-0.10918820037443157	9.828779868095172	-1.1325287341706591	0.26184567940758063	0.9996354569611356	-4.615046244244485	Ramp2
0.015000137457944682	9.603745571673048	0.1406468977406544	0.8886124549742929	0.9996354569611356	-4.903547456700183	Ramp3
0.04218726370469427	7.971394560725826	0.2975275592361472	0.7670750116994027	0.9996354569611356	-4.791480454608626	Rara
0.019316347633615012	8.94927997521771	0.1417339767110397	0.8877573454695351	0.9996354569611356	-4.8602466077760464	Rarb
0.09246399276366424	9.440266420803477	0.8342813909838638	0.4073787534559087	0.9996354569611356	-4.736583154693049	Rarg
0.20509350794737105	9.473195247569416	1.9432268273546356	0.05660845717555142	0.9996354569611356	-4.061492299258214	Rarres1
-0.045911713342954207	10.330387036390087	-0.42604963326812995	0.671571765268273	0.9996354569611356	-4.908440796138782	Rarres2
0.01449824850042912	10.640543381856668	0.18669130356711294	0.8525223822927852	0.9996354569611356	-4.962025418583968	Rb1
0.020903697465960346	11.24724464937488	0.22152882361323623	0.8254208505817977	0.9996354569611356	-4.985271754639237	Rbpj
-0.13326771501132287	8.211560716886947	-0.9873690055857539	0.3273633225332411	0.9996354569611356	-4.642494042287196	Reg1
-0.013330555649528087	10.767992914599766	-0.15169177787036306	0.8799307743202086	0.9996354569611356	-4.970935165378277	Rela
-0.14920389062590544	9.919206810498734	-1.6060237991168222	0.11343515431300231	0.9996354569611356	-4.310206636576226	Relt
-0.1288804313541396	9.76888521103385	-1.2700165831261	0.2089034541398967	0.9996354569611356	-4.535686001739159	Rgcc
-0.043690687833483885	9.579926985850287	-0.43274033924508704	0.6667300616099325	0.9996354569611356	-4.863676250270088	Rgs1
0.0038843217771056785	9.519196806381162	0.035500817453223976	0.9717963483212484	0.9996354569611356	-4.902177782174559	Rgs2
-0.021479923321421027	8.083215805602538	-0.1284826943802779	0.8981897922960081	0.9996354569611356	-4.813915444390172	Rgs5
-0.004748416782221204	8.436499740273602	-0.0369856920679664	0.970617224184332	0.9996354569611356	-4.836512902716567	Rigi
-0.008690000894307158	9.554523438574082	-0.09425993153352395	0.9252117134364277	0.9996354569611356	-4.897969344429485	Rnf43
-0.008671745172195145	9.739505568398283	-0.08889477427412631	0.9294568416369724	0.9996354569611356	-4.913721569544217	Ror1
-0.04625104844432288	9.093388876185147	-0.3550844214460611	0.7237515416379512	0.9996354569611356	-4.846827151517759	Rora
0.03592239979154192	10.433167883806352	0.40751482056346666	0.6850570030427845	0.9996354569611356	-4.918015157818013	Runx3
0.015757581996835305	10.123541341800385	0.17291956307393505	0.8632873210013099	0.9996354569611356	-4.933457728130976	Rxra
0.19773175216203875	9.133101920488233	1.53469198672865	0.1300318664583328	0.9996354569611356	-4.376020869225507	Rxrb
0.1739421976562177	8.804543051815639	1.5508516052452352	0.12611198826259334	0.9996354569611356	-4.373058398352084	Ryk
-0.13571642228052208	7.598155385427489	-0.9664178434209253	0.3376523056626476	0.9996354569611356	-4.641029613057975	Ryr2
0.14267349248746267	12.00884870218316	1.082444475699465	0.2833168038890123	0.9996354569611356	-4.686783720968126	S100a10
0.0725011822750926	10.787071735206181	0.8520291914013852	0.39753169608049244	0.9996354569611356	-4.782496418669185	S100a2
0.06007976320720506	11.990168324572425	0.4250520591881044	0.6722948601048784	0.9996354569611356	-4.974008938514833	S100a4
0.08426047701641032	14.065934168462277	0.45140786468987115	0.6532969242185884	0.9996354569611356	-5.012024873349713	S100a6
-0.01779564177434263	9.648893688861412	-0.17709899410704297	0.8600175424027208	0.9996354569611356	-4.9021373571492886	S100a8
0.24993733156803527	9.6087210935759515	2.210415966318696	0.030838368544634807	0.9996354569611356	-3.812825189548812	S100a9
0.08846535574611893	7.96349809872358	0.6542128559196556	0.5154344313144826	0.9996354569611356	-4.733902606623803	S100b
0.1397693765341607	9.924912092197545	1.297151044085913	0.19946546228662404	0.9996354569611356	-4.52169071622206	Saa1/2
-0.03634242289113003	10.62358783063492	-0.43375995806994033	0.6659934594484651	0.9996354569611356	-4.920606730770058	Sat1
-0.11359464876537356	8.649447250348238	-0.9733322005403097	0.334233411358825	0.9996354569611356	-4.65970750874992	Scg5
0.012080579751469193	9.484678634337284	0.11817044422559096	0.9063209949854807	0.9996354569611356	-4.893215499001793	Scgb3a1
0.13144595547404048	9.077616318421308	1.071582979050811	0.2881300929090995	0.9996354569611356	-4.628844846440193	Sec23a
0.06125061636921702	11.348341506619933	0.7968845334476553	0.4286098387517334	0.9996354569611356	-4.824935584358117	Sec61g
0.04020062457888389	9.252778560475859	0.29335500803563397	0.7702468440797244	0.9996354569611356	-4.860042068789306	Selenop
-0.1572214728884974	9.30078159060464	-1.2279710154704682	0.22417656470988193	0.9996354569611356	-4.554583861266594	Sell
-0.12052451348869316	10.500164718863248	-1.416762028394186	0.16164105456592648	0.9996354569611356	-4.444398671576301	Selplg
-0.006301308084294346	10.233036991234096	-0.07392566208750231	0.9413114977666504	0.9996354569611356	-4.947219525428132	Serpina1a
0.05240549047875022	7.38385496356895	0.3451907295134018	0.7311388406149801	0.9996354569611356	-4.766441655740051	Serpina3a
0.16971792569519245	9.289912662297827	1.5911453008640744	0.11674805951597833	0.9996354569611356	-4.335712668074923	Serpinb5
0.11316852145636361	10.566024719457058	1.2914085271144897	0.20143574235782552	0.9996354569611356	-4.531218626294696	Serpinh1
-0.05036422902234556	9.713748328420394	-0.4954815069331368	0.6220411406717528	0.9996354569611356	-4.858250619318163	Sfn
0.04597396333685135	9.877685534902925	0.48016152242833127	0.6328304870313577	0.9996354569611356	-4.868855371017195	Sh3bgrl3
0.020558411283904444	9.112840622073392	0.16304982350327762	0.8710183440074043	0.9996354569611356	-4.8758947362434695	Sigirr
-0.0222297852451437	11.101032943543123	-0.2930345224174848	0.7704906301205372	0.9996354569611356	-4.970461914878449	Slc2a1
0.15058417349526007	8.213704675292103	1.0369199103306663	0.3038675060999813	0.9996354569611356	-4.626234525612353	Slc40a1
0.06748285038781657	9.867696687440166	0.4801220232401877	0.6328584100656853	0.9996354569611356	-4.870948779171	Slpi
-0.1319393769720157	8.826050947163722	-0.8783098320175973	0.3832231847643154	0.9996354569611356	-4.697755239626392	Smad2
0.031919113727548944	9.211463627112547	0.2548808754177332	0.7996727299489863	0.9996354569611356	-4.871069660389048	Smad3
-0.052078690558024526	8.506453349966419	-0.3679492896563975	0.714185154262164	0.9996354569611356	-4.810561342813272	Smad4
0.12438278383731394	9.949913649192744	1.4803740505763947	0.14392173352822318	0.9996354569611356	-4.4010239656283	Smarcb1
-0.0240164941197374	8.594641810743514	-0.19188527294717234	0.8484696030672798	0.9996354569611356	-4.841430095664646	Smo
-0.005621953040257143	10.693318601794656	-0.06844302820544515	0.9456569008503632	0.9996354569611356	-4.97399253777182	Snai1
0.001190368632043673	8.366893993614699	0.008663998627534515	0.9931154976424893	0.9996354569611356	-4.827304064002211	Snai2
0.00894765170765443	11.11433667569763	0.11368514233565065	0.9098608476770067	0.9996354569611356	-4.990907902948337	Sod1
0.11209258815960056	10.17443394581507	1.3308272499696496	0.1882006043399585	0.9996354569611356	-4.501589822406287	Sod2
0.014846444918758873	9.700836611690143	0.1418408245547499	0.8876733048682184	0.9996354569611356	-4.91061858658402	Sorbs1
0.006397383254951257	8.50894916830773	0.05365853361219642	0.9573826225261738	0.9996354569611356	-4.837456930175327	Sostdc1
-0.18999468599284822	8.651565038961426	-1.5096437370987912	0.1362986989416836	0.9996354569611356	-4.403295562199141	Sox2
-0.10816012176790385	10.351637464891848	-1.123393178304979	0.2656737356232026	0.9996354569611356	-4.630381197328269	Sox4
0.06672731004512522	10.244082626575253	0.6755495257108326	0.5018804769226752	0.9996354569611356	-4.830692652406328	Sox9
-0.0701242143617262	9.116846384995847	-0.6402908427429942	0.5243821754033806	0.9996354569611356	-4.788416583138325	Sparcl1
-0.20870560170187535	8.105789020341687	-1.3486933327303288	0.18242296377669098	0.9996354569611356	-4.494787623240988	Spink1
0.0200789177501785	9.76973895433477	0.1838781466425018	0.8547191222347155	0.9996354569611356	-4.908797389754851	Spock2
-0.15439534182299686	9.2430269872738	-0.9600417018580651	0.3408254091846523	0.9996354569611356	-4.6866758262426895	Spp1
-0.2432510160939707	8.615429810792307	-2.163557783144235	0.03442599655577562	0.9996354569611356	-3.957861221778307	Spry2
-0.037871080234598085	10.143749384883787	-0.4428481795125555	0.6594425182660075	0.9996354569611356	-4.894130967249686	Spry4
-0.04250687798001674	10.943930260985608	-0.4561230855074081	0.6499217711153731	0.9996354569611356	-4.928255129396049	Sqstm1
-0.013485305303440775	9.280798334324835	-0.1254469060755978	0.9005824119143551	0.9996354569611356	-4.889125589791328	Src
-0.11154024807643181	8.52322817479966	-0.7028045598647992	0.48485195012383253	0.9996354569611356	-4.744386382517726	Srebf1
-0.08021408283813927	11.2516171899103	-0.7130728502797145	0.47852061780313015	0.9996354569611356	-4.858539012190483	Srgn
0.1436612826327068	8.850644346749633	1.2584462620036994	0.21302724395436462	0.9996354569611356	-4.535519488357562	Sst
-0.1526926596088136	10.382126517502389	-1.91300688706761	0.06044572392347711	0.9996354569611356	-4.038987427947916	St6gal1
-0.059960375708425696	10.280184425950278	-0.6953576192335831	0.48947260770218326	0.9996354569611356	-4.827323356972267	Stat1
0.09632595395257132	10.703379965962933	1.3018163400230203	0.19787543109421846	0.9996354569611356	-4.525720282503455	Stat3
0.10169037305058891	8.536917356902478	0.7109246848130615	0.4798413161024373	0.9996354569611356	-4.739865160939902	Stat4
-0.007025387007925239	10.255989346707596	-0.0840817888839775	0.9332668240997478	0.9996354569611356	-4.945884684075333	Stat5a
-0.0016406485660402468	10.407609786743762	-0.019305052420017302	0.9846607802792742	0.9996354569611356	-4.958333747947181	Stat5b
-0.11255221107426146	9.478953515343928	-1.0799202972698143	0.2844303891435215	0.9996354569611356	-4.633721588928409	Stat6
0.08719317530391685	11.05158702047968	1.004540387188173	0.31908770418149246	0.9996354569611356	-4.713414227495859	Stmn1
0.06064941224531584	9.368503274211173	0.5259364119377302	0.6008398913157491	0.9996354569611356	-4.832518704687236	Syk
0.07169331569931577	9.32449392541257	0.6010702601752209	0.5500209822583048	0.9996354569611356	-4.811080904459495	Tacstd2
-0.049143644874531954	9.784142186721283	-0.5036051611155861	0.6163533142931932	0.9996354569611356	-4.8601896375351545	Tagln
0.04194703809481527	11.364125461467141	0.5733779554245467	0.5684973646271158	0.9996354569611356	-4.912576028724785	Tap1
-0.010443316821076496	9.872751159984228	-0.10371733289117573	0.9177340243604986	0.9996354569611356	-4.92458224181645	Tap2
0.17443439471825714	9.94547290380103	1.9025066869165548	0.061829752169928275	0.9996354569611356	-4.070230728519747	Tbx21
0.16524611460905336	9.851902797438811	1.696894592820962	0.09481566530765892	0.9996354569611356	-4.241980801172416	Tcap
-0.010749339832668346	7.591492128665043	-0.07658733881459537	0.9392025542565029	0.9996354569611356	-4.793269956410099	Tcf7
0.02090987862804983	8.494350349370098	0.14815460458847304	0.882709565281663	0.9996354569611356	-4.834673066185505	Tcl1
-0.15119259992606632	9.258485571866823	-1.2478182815332153	0.21686795933466524	0.9996354569611356	-4.544230916106031	Tek
0.15015823383266963	8.905382890970158	1.2079105165530302	0.23174541243277727	0.9996354569611356	-4.561356654909061	Tert
0.18289636757537775	8.061304973627065	1.2577727534265561	0.21326913186774898	0.9996354569611356	-4.534895949513517	Tfeb
-0.17893594234273713	10.269743509691931	-2.110452774181659	0.03892887962788963	0.9996354569611356	-3.8594466821824027	Tgfb1
0.14768280176105356	9.499074020420666	1.5006500345324167	0.13860627990837504	0.9996354569611356	-4.391423600621071	Tgfb2
0.02632324907679582	9.55525982141185	0.23791503047257684	0.8127445869121537	0.9996354569611356	-4.8933976083240855	Tgfb3
0.1315860704468563	9.771385005932213	1.343446626171293	0.18410552466989308	0.9996354569611356	-4.491400694496656	Tgfbr1
-0.014675965433842843	9.912881854006203	-0.16244994591369724	0.8714886468343573	0.9996354569611356	-4.919333023704569	Tgfbr2
-0.10440663510825583	9.143720251030228	-0.8672002766008284	0.3892319259112078	0.9996354569611356	-4.715710588706274	Thbs1
0.14234851465400195	9.091644141856394	1.2430034144564148	0.21862465451625598	0.9996354569611356	-4.544674434242866	Thbs2
0.010380644335266115	9.229305771095696	0.08651867877619362	0.9313375688368557	0.9996354569611356	-4.879817535259665	Thsd4
0.04670856858699152	9.697315730733182	0.4650849556340301	0.6435271635336719	0.9996354569611356	-4.866746496175662	Tie1
-0.01196817242832928	10.160183273147938	-0.12497551287943812	0.9009540183468476	0.9996354569611356	-4.938136463753276	Tigit
0.09562669571866818	9.63760400265483	0.894637550318094	0.37449845451034136	0.9996354569611356	-4.72252137792214	Timp1
-0.14304429355292708	9.751921796219372	-1.4426470936650653	0.15423685105757548	0.9996354569611356	-4.4273567819888315	Tlr1
0.09138997876812734	9.948219749340588	0.9670504997843925	0.33733852662751684	0.9996354569611356	-4.701003655048399	Tlr2
0.018461510327277577	9.295135410299286	0.185344282781424	0.8535740996769532	0.9996354569611356	-4.882612980777304	Tlr3
-0.06596109703358492	9.242209960572913	-0.6752243264002851	0.5020855971657983	0.9996354569611356	-4.779076839713464	Tlr4
-0.1238519886932612	9.286631429592953	-1.237863767067338	0.2205113801224998	0.9996354569611356	-4.550194126718917	Tlr5
0.055070864113940965	8.645904214295175	0.4182900482617716	0.6772044888546267	0.9996354569611356	-4.810315851630045	Tlr7
-0.07626538702794435	8.640408759584405	-0.6054300123337395	0.5471399910294698	0.9996354569611356	-4.769021316752955	Tlr8
0.05013729111856569	9.322319265226987	0.3948293220551826	0.6943464748901181	0.9996354569611356	-4.863941528457384	Tm4sf1
0.08397690222985946	10.324398927240921	0.9195451359443123	0.36143367655532677	0.9996354569611356	-4.73639619779541	Tnf
0.017712782813429397	9.726303004489369	0.18844006083713202	0.8511574009625958	0.9996354569611356	-4.908990999124869	Tnfaip6
0.09080265318517573	10.320339771270794	1.0190956285384742	0.3121837251150781	0.9996354569611356	-4.686004726330496	Tnfrsf10b
0.0809604647289871	8.764442608031196	0.6566101156462749	0.513901937307814	0.9996354569611356	-4.768710453804672	Tnfrsf11a
-0.10157017969358491	9.177600849641543	-0.8614632088475691	0.3923577682997337	0.9996354569611356	-4.718003838893194	Tnfrsf11b
0.03014590464651278	11.655510940383035	0.38836803328535613	0.6990962736251679	0.9996354569611356	-4.972797701204851	Tnfrsf12a
-0.07736086789176298	9.715146297838734	-0.7126972681948266	0.478751379844203	0.9996354569611356	-4.795716084123617	Tnfrsf13b
-0.047496019428119214	10.169549317606782	-0.4713109326598611	0.6391005445649824	0.9996354569611356	-4.889427360339956	Tnfrsf14
-0.1376669181706843	9.193422839517867	-1.248003204497756	0.2168006986602727	0.9996354569611356	-4.542941488936575	Tnfrsf17
0.040591101575739336	9.606875016966985	0.40858449495161814	0.6842758925733978	0.9996354569611356	-4.867935541718632	Tnfrsf18
0.002406438472902778	8.202432465343408	0.01571039819502739	0.9875167193177778	0.9996354569611356	-4.819082668133708	Tnfrsf19
-0.02725464542082282	10.933140667343341	-0.3816022189739315	0.7040828998894892	0.9996354569611356	-4.947687533129361	Tnfrsf1a
0.026093310237297735	9.743069512448148	0.2909574557754961	0.7720711692860075	0.9996354569611356	-4.894178589082556	Tnfrsf1b
0.13657127913148318	8.458619262847984	1.1494987002760977	0.2548388083233324	0.9996354569611356	-4.583564729971866	Tnfrsf21
-0.03759732803021006	9.703851696149773	-0.3282986012935486	0.7438105458642494	0.9996354569611356	-4.891727920414537	Tnfrsf22
-0.09901847322090498	9.396656015425076	-0.9079665147463556	0.367470190491605	0.9996354569611356	-4.7075573353339895	Tnfrsf4
-0.07032955405162854	10.142917324254519	-0.8024651255080052	0.42540034685352157	0.9996354569611356	-4.780848643259605	Tnfrsf9
-0.029790785101944155	10.205580100390529	-0.3402311722922899	0.7348516683249854	0.9996354569611356	-4.917523396499457	Tnfsf10
-0.05311659150629962	10.751184848743714	-0.6641347658468554	0.5091074852966655	0.9996354569611356	-4.85835845896867	Tnfsf12
0.053967461464381264	9.472100808125148	0.4877355963279351	0.6274861204164921	0.9996354569611356	-4.843744876864733	Tnfsf13b
0.09129782312434552	8.922651387327257	0.6462257578075877	0.5205578274035676	0.9996354569611356	-4.774259206640941	Tnfsf14
-0.11627993821642486	9.035943102939012	-1.022263448278872	0.3106945995044304	0.9996354569611356	-4.648737760758874	Tnfsf15
0.006079918700938624	9.12474134221323	0.05719454258912519	0.9545772224160534	0.9996354569611356	-4.8724718217896905	Tnfsf4
-0.14828353814919196	9.412476303598835	-1.482125041422429	0.14345647306288933	0.9996354569611356	-4.405243250281011	Tnfsf8
-0.06052403953880019	10.384699335699446	-0.6128408771384541	0.5422604019808566	0.9996354569611356	-4.860725101323673	Tnfsf9
-0.029207187394352026	9.803820193292815	-0.309758045257548	0.7578010084300003	0.9996354569611356	-4.89560065252169	Tnnc1
-0.09200392538389761	8.656368516074949	-0.7199774342150214	0.4742894741546154	0.9996354569611356	-4.746086103147607	Tnxa
0.06611895967721573	9.244701856637237	0.5797530098177431	0.5642170779251485	0.9996354569611356	-4.805982339610953	Tnxb
0.04457501653610376	10.485149263787834	0.47502895639652015	0.6364633154742229	0.9996354569611356	-4.903126443975673	Top2a
-0.13985642431921427	8.020260082265654	-0.9281896171244985	0.35696865622500085	0.9996354569611356	-4.65991891633326	Tox
0.08194373647861751	11.189880274370289	0.7907043123199626	0.4321809777522261	0.9996354569611356	-4.824058754181652	Tpm1
-0.040469603272858506	10.548937431224678	-0.4505795730818927	0.6538905689907679	0.9996354569611356	-4.91205380914841	Tpm2
0.1990252858442991	9.118246781282092	1.7087378582102106	0.0925850572789681	0.9996354569611356	-4.265140776079346	Tpsab1
0.11760584093083681	8.98621409890058	1.0672150088903385	0.29008160856910725	0.9996354569611356	-4.62800953327317	Tpsb2
-0.0032743265415168593	12.498714883787075	-0.037138264009307344	0.9704960720098661	0.9996354569611356	-5.0453661234606	Tpt1
0.017002120395469656	9.684402884579264	0.19455254244877485	0.8463899582005481	0.9996354569611356	-4.90388479836442	Trmt5
-0.06210172170692251	9.364368398455806	-0.5792951006770549	0.5645239928234854	0.9996354569611356	-4.814823620389606	Trp53
-0.03574800965550486	10.109547515869316	-0.40044920458824224	0.6902251778497807	0.9996354569611356	-4.899698969043183	Tsc22d1
-0.012082443835104928	8.187434968578367	-0.08297763493970334	0.9341411019326509	0.9996354569611356	-4.815566502333879	Tshz2
-0.016318818372852505	8.58883426851127	-0.12089552518032258	0.9041712554840768	0.9996354569611356	-4.841018414747667	Ttn
-0.06953568227511828	9.47116963499655	-0.524875315715694	0.6015729270947061	0.9996354569611356	-4.831242302675652	Ttr
0.019525825823651866	11.209868237252175	0.24674940009445537	0.8059309483153573	0.9996354569611356	-4.982580820277131	Tubb4b
0.0368658142352043	10.865044304568825	0.4168902860416495	0.6782225677609768	0.9996354569611356	-4.9355855106052	Tubb5
-0.0556307101163041	9.824887390862145	-0.6062774672139521	0.5465808694279621	0.9996354569611356	-4.833289893778291	Twist1
0.03534506360942931	9.799356208335974	0.3376297837991092	0.7368016703408868	0.9996354569611356	-4.897906537619427	Twist2
-0.040598185722720226	9.488039060242635	-0.3875437738859801	0.6997030739345175	0.9996354569611356	-4.867258182714171	Txk
-0.01534674171239976	10.320974916153551	-0.16275162808533022	0.8712521227860657	0.9996354569611356	-4.944667875245456	Tyk2
0.10003723459110833	12.045911461039204	1.482582680135274	0.14333506773385457	0.9996354569611356	-4.397362462053027	Tyms
-0.014150394075779501	10.615932534699759	-0.15271029324933533	0.8791309115076588	0.9996354569611356	-4.966135494607858	Tyrobp
0.018242580455946972	13.062507066477947	0.23875993159426573	0.8120923067960157	0.9996354569611356	-5.047648953546459	Uba52
-0.02405364142368734	10.721050057946991	-0.3066618184536182	0.7601454683589386	0.9996354569611356	-4.950488008812482	Ube2c
0.03809523634565367	8.979473314569672	0.3122826969802508	0.7558910316850558	0.9996354569611356	-4.848124106458766	Upk3a
-0.08132887859673973	9.005239793506155	-0.6690119557823849	0.506012777660688	0.9996354569611356	-4.774813116820356	Vcam1
-0.06794160960071871	8.751166311502946	-0.5468235500327047	0.5864954421359865	0.9996354569611356	-4.795280200667543	Vcan
-0.024406906566008038	10.103441211631315	-0.23085663345900775	0.81819896700308	0.9996354569611356	-4.9267109111707255	Vegfa
-0.02103427991341331	11.053923500399907	-0.27244662660028485	0.7861990385229267	0.9996354569611356	-4.970703817826642	Vegfb
0.05083796394731133	9.217917062741263	0.43559015300122744	0.6646721019124865	0.9996354569611356	-4.846223339093255	Vegfc
-0.005523466705417293	7.515009710001637	-0.03180642127920914	0.9747302999635683	0.9996354569611356	-4.79218453215785	Vegfd
-6.116226374992079e-4	10.445549704507973	-0.006508588877263393	0.9948281797321661	0.9996354569611356	-4.959695778818741	Vhl
-0.0016225667245853797	12.607134048417524	-0.013352543167032835	0.989390117489455	0.9996354569611356	-5.048920750749749	Vim
0.12456166412654118	9.188759392892509	1.1566212252086852	0.2519380919338202	0.9996354569611356	-4.590660359590061	Vpreb3
-0.01028919651365895	10.327078442971754	-0.11065397256275913	0.9122541255748362	0.9996354569611356	-4.948494814492623	Vsir
0.08518451895613738	9.336545193990217	0.7736256234339909	0.4421409891903848	0.9996354569611356	-4.75796333144201	Vtn
0.0012991404862426647	9.763893655453886	0.014556002771194336	0.9884339186450042	0.9996354569611356	-4.918951311530313	Vwa1
-0.050516413583600636	8.743673584321998	-0.3974424913017462	0.6924289664028029	0.9996354569611356	-4.81995356734334	Vwf
0.07147898214231656	9.232640631670522	0.6948339142518486	0.4897984666924784	0.9996354569611356	-4.774993767898228	Wif1
0.15009914208617076	8.87376286128556	1.221144758095342	0.22673153232818136	0.9996354569611356	-4.55388652993607	Wnt10b
-0.09338984471941282	9.014592695900433	-0.8704547882027907	0.3874656270252338	0.9996354569611356	-4.7090536239637615	Wnt11
0.03254160032035647	8.934074781102087	0.2625719962648145	0.7937655205522883	0.9996354569611356	-4.849800416319548	Wnt3
0.08973452900478845	9.144361145565522	0.7386188646317591	0.4629718368755862	0.9996354569611356	-4.757034209100895	Wnt5a
0.16762947049716095	9.846704980551472	1.5725237398987835	0.12100363791626563	0.9996354569611356	-4.335244141631039	Wnt5b
0.04617818580716653	9.475141403563947	0.46652814813590676	0.6424999029619782	0.9996354569611356	-4.854237561902869	Wnt7a
-0.02881815032230151	9.774804394399636	-0.2867654338406747	0.775264026142404	0.9996354569611356	-4.899623140749966	Wnt7b
0.010888597860249824	9.442120992714875	0.10284508349336649	0.9184233846711631	0.9996354569611356	-4.892643833972219	Wnt9a
0.09844013140520323	9.575118251241282	0.9826193119636676	0.32967739461060297	0.9996354569611356	-4.682426437849317	Xbp1
0.11449641209275972	9.070620028487708	0.9467629388973442	0.34749622945045455	0.9996354569611356	-4.681431923573887	Xcl1
0.05421269768433852	8.451949712939353	0.37207576690510047	0.7111263212461034	0.9996354569611356	-4.8063042650694765	Xkr4
0.15771691169759475	7.919608667890566	0.9562225474471919	0.3427353636166167	0.9996354569611356	-4.652782374044222	Ybx3
0.12766164756233045	9.657363383520563	1.2601905342974549	0.21240173910949872	0.9996354569611356	-4.540925974019185	Yes1
0.02297859054953703	10.634370266555043	0.22300340202682561	0.8242781604507547	0.9996354569611356	-4.958270296939822	Zfp36
