logFC	AveExpr	t	P.Value	adj.P.Val	B	gene
-0.03827895865303875	10.073231403469325	-0.6327345102521797	0.5283013157765494	0.9992596983747324	-5.0841786023425115	Aatk
-0.07541738974824916	10.272438291274014	-1.3396611185292904	0.1832871954920837	0.9992596983747324	-4.591987500773824	Abl1
-0.03841116048961165	9.260372554849996	-0.5618343175735409	0.5754425401394154	0.9992596983747324	-5.050642092355942	Abl2
0.1653742828577325	9.244054299024556	1.991921829536789	0.049011476941966926	0.9992596983747324	-3.8383826799445098	Acacb
-0.03756328822905353	9.02887292542379	-0.5196085038153869	0.6044450235236598	0.9992596983747324	-5.048973455599639	Ace
0.16037919823976649	8.281646315586347	1.7348311132919367	0.08574506053618994	0.9992596983747324	-4.158143748421278	Ackr1
0.06638515954678424	9.950084037277609	1.020018147419998	0.3100962120321446	0.9992596983747324	-4.8467939765633306	Ackr3
0.11244972736533865	9.781617907199832	1.8032245446073558	0.0742601177997553	0.9992596983747324	-4.071080245611327	Ackr4
-0.06761687380057219	9.918179719390817	-0.8350186152716746	0.40562895796681286	0.9992596983747324	-4.968313441713117	Acta2
-0.015299804793828236	9.386163310942477	-0.22252291065668847	0.8243450026689716	0.9992596983747324	-5.152235499834599	Actg2
-0.04085425530178174	9.420347340381205	-0.5935375207086303	0.5541153086764885	0.9992596983747324	-5.050431746601865	Acvr1
0.11283486395142141	8.803102083710357	1.253239082360453	0.21294011953119898	0.9992596983747324	-4.604358610929331	Acvr1b
0.1654237764161513	8.507116613260797	2.0142224354331923	0.0465783030739498	0.9992596983747324	-3.839751203073641	Acvr2a
-0.05181471649339612	8.644743490390514	-0.6564368499129555	0.5129986937618247	0.9992596983747324	-4.959399394897875	Acvrl1
0.03391687956569522	9.578442957614685	0.49109352054650124	0.6243991491813314	0.9992596983747324	-5.103037020531069	Adgra2
0.10180274252462973	8.18932922736114	1.1557025009940036	0.2504615614395158	0.9992596983747324	-4.6548418277399985	Adgra3
0.25325392391102125	8.386943243297026	2.9124617733769083	0.004392467676273815	0.9992596983747324	-2.5659327147492657	Adgre5
0.0591496452709795	8.472054470971006	0.6451374226996975	0.5202644612354097	0.9992596983747324	-4.954177244727434	Adgrf1
0.06959133464230909	9.826106315020528	1.0240399542160636	0.30820190343160847	0.9992596983747324	-4.836184635168834	Adgrf3
-0.13639028243381573	9.283843623637845	-1.81315086557912	0.07270437336469701	0.9992596983747324	-4.059515080977011	Adgrf5
0.014328149201575133	9.773462373392215	0.21648608400513966	0.8290346353808791	0.9992596983747324	-5.188678524882606	Adgrg1
0.03419169392313684	10.182604874888362	0.5238970951649002	0.6014692431738662	0.9992596983747324	-5.135826521171813	Adgrg3
-0.034474362488983966	10.37005009425732	-0.5534692529823073	0.5811347793639774	0.9992596983747324	-5.139239356301835	Adgrg5
-0.03649444408003437	9.360120656509418	-0.5039408017911078	0.6153730982478667	0.9992596983747324	-5.080961299985777	Adgrg6
0.06697720075862576	9.894614770279981	1.123912841548454	0.26364784065044117	0.9992596983747324	-4.764459677829151	Adgrl1
-0.0422088482944759	9.902690703281715	-0.6928913650972063	0.4899282714536104	0.9992596983747324	-5.04337725125894	Adgrl2
-0.12349180321933362	9.238585217140809	-1.7790121987980843	0.07817093197466422	0.9992596983747324	-4.0999640238472805	Adgrl4
-0.0014451838087942257	8.552052925797637	-0.016190667498408872	0.9871134240154509	0.9992596983747324	-5.090285026190045	Adgrv1
-0.09672770119985016	9.102335014519525	-1.2910852793372343	0.1995479493438832	0.9992596983747324	-4.588898448037155	Adipoq
0.05732077181440343	8.908324900214334	0.7381537881540946	0.4620900277392713	0.9992596983747324	-4.947036875925225	Adm2
0.013477037461516059	8.648158272043169	0.15341941808570003	0.878366007103422	0.9992596983747324	-5.093473121966044	Agr2
0.08204725739112281	8.890507963093695	0.9613150723344953	0.3386323813213602	0.9992596983747324	-4.8204652527214025	Ahi1
0.16163129664358283	9.284991997525225	2.285910848594877	0.02429543313483361	0.9992596983747324	-3.4288003574548833	Ahr
0.11153570027941911	10.135235017261438	1.7911158061439094	0.0761951784990134	0.9992596983747324	-4.088323168324221	Aif1
-0.015136446928988648	11.781557164640414	-0.23816939155552197	0.8122202064040447	0.9992596983747324	-5.3214509149523375	Akt1
-0.03301020379205327	9.349026695523424	-0.45731354132933066	0.648403374117331	0.9992596983747324	-5.098787654957816	Alcam
-0.06185809397053782	8.188975121919146	-0.7284849266683739	0.46796048182559236	0.9992596983747324	-4.898104535067817	Angpt1
0.038614445900337566	9.620356092423988	0.6216753050027568	0.5355212054005114	0.9992596983747324	-5.053770356932681	Angpt2
0.08479519049329118	8.732515196699332	0.9202378023363987	0.3595865815686601	0.9992596983747324	-4.8354063147058906	Angptl1
-0.0036206000236155994	8.554861739923172	-0.043249688853782456	0.9655857549863488	0.9992596983747324	-5.093962035915134	Ankrd1
-0.027000040894975944	9.002834963093877	-0.3384290121090229	0.735724903306076	0.9992596983747324	-5.097005300018235	Ankrd42
-0.07252086282294509	11.174941276006024	-1.0807510959674458	0.28231759898718856	0.9992596983747324	-4.85986904829769	Anxa1
0.001108765919313408	11.084106775818725	0.015187389542669016	0.9879118951630139	0.9992596983747324	-5.298425008142245	Anxa2
-0.048483874648463716	10.6215721080827	-0.7539150576429388	0.45261055780028125	0.9992596983747324	-5.056795799420494	Anxa4
0.0048824948263592165	8.146292524974628	0.05604870385868483	0.9554109740720979	0.9992596983747324	-5.053062008722556	Apc
-0.17269445045977225	8.502280119705086	-1.8235297494511837	0.07110674005539352	0.9992596983747324	-4.059534665013386	Apoa1
0.03272991802831449	10.095268313372353	0.501663170530276	0.616969035809282	0.9992596983747324	-5.138215913681844	Apoc1
-0.07290862347980277	10.291125465861775	-1.1886389640814137	0.2372996240822512	0.9992596983747324	-4.730503132878598	Apod
-0.1370347468640989	9.671855349563112	-1.6762504131801061	0.09670485904541537	0.9992596983747324	-4.220703902549126	Apoe
-0.0645901840868459	9.429059364108031	-0.8812754459359887	0.38020899602809255	0.9992596983747324	-4.904689444071508	App
-0.01699236477599888	10.873801856055247	-0.27899766902646417	0.7808028548310777	0.9992596983747324	-5.257399849794406	Aqp3
-0.19154377744851572	8.388223215865995	-2.2829069466734477	0.024478385267658262	0.9992596983747324	-3.509060402992405	Ar
-0.09152957555477054	9.475355092172578	-1.1790775316901962	0.24106841007271843	0.9992596983747324	-4.699937080524064	Areg
-0.016728894630361625	10.875264684826579	-0.25336538556948995	0.8004880376940787	0.9992596983747324	-5.261494938753824	Arf1
-0.32455673648402644	10.14352527646094	-4.319910431660582	3.5890610226076264e-5	0.03409607971477245	0.8761002900938513	Arg1
0.0900228611958621	8.930981189228605	1.1862726530906007	0.2382283859453888	0.9992596983747324	-4.6673369398297355	Arhgdib
0.06901057426438639	9.306094502792252	0.9203406908197438	0.35953308458903965	0.9992596983747324	-4.8722656986512165	Arid5b
-0.10627558174546145	9.236210141180539	-1.4055829605224464	0.16284024197090274	0.9992596983747324	-4.492420073840369	Atf3
0.07296722813178129	8.87991973171017	0.8658224043106376	0.388588458161196	0.9992596983747324	-4.876325006061121	Atg12
0.008676515626628032	9.267480338105955	0.11089348003441561	0.911915392331732	0.9992596983747324	-5.1518862829307475	Atg5
0.04732770776893748	10.861207915161858	0.7921364928574252	0.43009140911573907	0.9992596983747324	-5.0472236402356705	Atp5e
0.06955452902816008	10.52824212131651	1.1411493943836049	0.2564390382294874	0.9992596983747324	-4.7808134919724345	Axl
0.023829901662836734	9.506451474152584	0.3405696267902318	0.7341173164176596	0.9992596983747324	-5.141938778459383	Azgp1
-0.06111586282200442	11.941662237251071	-1.0027416558557316	0.31832215883127357	0.9992596983747324	-4.9586647765852785	B2m
0.0616471300684704	9.456859731330704	0.897777736193639	0.37138599488527135	0.9992596983747324	-4.895696758672417	Bag3
0.04679295058642207	10.609173874500938	0.8182586749070905	0.41508781948505213	0.9992596983747324	-5.017312880547517	Bbln
0.06308853633823648	9.993065343292303	0.9890162902847325	0.3249597423831361	0.9992596983747324	-4.870600724360173	Bcl2
-0.06500081729587051	10.421180869051568	-1.0264284287482563	0.3070805928706796	0.9992596983747324	-4.868007511274664	Bcl2l1
0.09283589195727854	10.291837178366059	1.3954131592615582	0.16587555609703214	0.9992596983747324	-4.538479007390929	Becn1
0.02806728791019134	9.06586828751722	0.4136995570078314	0.6799494080259272	0.9992596983747324	-5.082410992900153	Best1
-0.15677616656640275	9.801241015001166	-2.0345747770433227	0.04444847121985328	0.9992596983747324	-3.7692283488565526	Bgn
0.04371736782021227	8.714303929480263	0.5351090807258537	0.5937213111174031	0.9992596983747324	-5.0126347164335066	Bid
0.011801099590031864	10.80242463030758	0.23674009664940693	0.8133259517600832	0.9992596983747324	-5.258859733101352	Birc5
0.06443689643323837	9.87160035989107	0.7925317429222292	0.4298620374984097	0.9992596983747324	-4.988349096594969	Blk
-0.12018850890503424	9.022060689006047	-1.4508097982234067	0.14985434125053626	0.9992596983747324	-4.443897350049735	Bmp1
-0.10675224186719895	8.72520045430429	-1.31087465628688	0.19279882070934168	0.9992596983747324	-4.556451935181891	Bmp2
0.04763637673196964	9.550256071492191	0.6664361653412034	0.5066139343184956	0.9992596983747324	-5.031311792945584	Bmp3
0.01027349890875582	8.318885116642111	0.10620146414816324	0.9156279047663717	0.9992596983747324	-5.060478085648393	Bmp4
-0.0144867025615468	9.22012268166039	-0.17385530582209	0.8623184818993098	0.9992596983747324	-5.149498989132173	Bmp5
0.013957503670008035	9.560142611445798	0.17761956491841566	0.8593686234950426	0.9992596983747324	-5.171907045523343	Bmp7
0.08893627972900339	9.38309314748185	1.3764388849678104	0.17165384160390484	0.9992596983747324	-4.522211971317756	Bmpr1a
-0.011562421743876472	9.734613208032005	-0.1631294971371525	0.8707343039861676	0.9992596983747324	-5.190020264776267	Bmpr2
0.0018373635066217758	7.875156276335004	0.01612928031108417	0.9871622793984991	0.9992596983747324	-5.018971495753232	Bst1
-0.01546284096639778	11.735289838293331	-0.323424293058923	0.7470259573567499	0.9992596983747324	-5.2999284780158185	Bst2
0.01933586585756923	9.82845521769514	0.2974979989269261	0.766682137574145	0.9992596983747324	-5.174289942802363	Btf3
-0.03583111150346775	10.486617467840878	-0.6901118299776243	0.49166714746591034	0.9992596983747324	-5.0821511369369645	Btg1
-0.09947261058771316	8.4046976818946	-1.077615875665688	0.2837083380614789	0.9992596983747324	-4.715945535034663	Btk
-0.06627738650396525	9.988267830185716	-0.9327519017572626	0.35311709763476873	0.9992596983747324	-4.909365792811624	C1qa
-5.725204407223124e-5	10.218200933215012	-9.30072544141074e-4	0.9992596983747324	0.9992596983747324	-5.237987112339553	C1qb
0.05522714173884419	8.914093785574183	0.7126559032958883	0.47766094074000875	0.9992596983747324	-4.957665624976311	C1qc
0.014802986303578257	9.487554786888843	0.19476747500663114	0.8459564707063938	0.9992596983747324	-5.1615345958357555	C5ar2
0.06922825221406706	9.186179124183695	0.8518096403829197	0.3962847497105948	0.9992596983747324	-4.907494706757858	Cacna1c
0.024152370405148768	8.085769460474555	0.27589686643085337	0.7831769354457024	0.9992596983747324	-5.02752230601863	Calb1
-0.0826574706333815	9.845597089634927	-1.095164262510159	0.2759845104517582	0.9992596983747324	-4.786740871816174	Cald1
-0.05803621181876867	9.955524106281095	-0.8254132116476434	0.41103391384233723	0.9992596983747324	-4.974103667710177	Calm1
0.002667335724743477	11.060279724415954	0.04771839451669235	0.9620325540975567	0.9992596983747324	-5.296370499392807	Calm2
0.03134201928946862	9.649843936398497	0.44623776022584005	0.6563569181832853	0.9992596983747324	-5.125411780510243	Calm3
0.051804516427578495	8.67523861684598	0.5919553557823072	0.5551702860944203	0.9992596983747324	-4.993007584555907	Camp
-0.15098176538177527	8.408508720095751	-1.5568426483423798	0.12255790499369904	0.9992596983747324	-4.332081720674125	Carmn
0.06668801716448189	10.030229454598363	0.9756404697003305	0.33151558400282166	0.9992596983747324	-4.884645053654861	Casp3
0.03239935588705815	9.630967494329592	0.44704145253864946	0.6557784391946895	0.9992596983747324	-5.122647419117061	Casp8
-0.13620255821073118	9.37935803340681	-1.9388648028321396	0.05523872397413931	0.9992596983747324	-3.903649626547865	Casr
-0.05180530793142615	10.284183670916388	-0.8390551918366029	0.40337049252984636	0.9992596983747324	-4.986475663053323	Cav1
0.12242860982703209	9.904994972849474	1.7162975090416657	0.08909669707232103	0.9992596983747324	-4.177405119370323	Ccl11
6.719853430409255e-4	10.455727762149436	0.01135152237335028	0.9909648236326856	0.9992596983747324	-5.256913254248678	Ccl19
0.1035483729994929	9.209882808940865	1.3974789655902224	0.16525551892526033	0.9992596983747324	-4.497248745315989	Ccl2
0.023342255291928488	9.058690246587739	0.3101503234635247	0.7570697680824925	0.9992596983747324	-5.105110234852224	Ccl20
0.09912730553306487	9.080225825794226	1.3862714330779549	0.1686407086397995	0.9992596983747324	-4.503446684748683	Ccl21a/b/d
-0.005346391432302211	10.10173027311982	-0.08564588653988757	0.9319132411577338	0.9992596983747324	-5.226491574607083	Ccl26
7.06271522851903e-4	8.601636903453505	0.009267665846639635	0.9926234034421297	0.9992596983747324	-5.090454374712198	Ccl28
0.04348235761073103	9.589573779892577	0.5844252641257593	0.5602049063487323	0.9992596983747324	-5.069147833168018	Ccl3
-0.008502021938903731	10.40988164817485	-0.130501010916333	0.8964231509429537	0.9992596983747324	-5.248145056354128	Ccl4
0.08545612582075018	10.471535126931482	1.260552471733041	0.2103021624141694	0.9992596983747324	-4.675000208437869	Ccl5
-0.06867208480962668	9.751193594892664	-0.7944513793690714	0.428749059198662	0.9992596983747324	-4.978475928653201	Ccl8
-0.007372963386569797	9.35667567496389	-0.1030766687429454	0.9181014104308585	0.9992596983747324	-5.163485161673886	Ccl9
-0.03135967996183796	11.733783806725521	-0.5188478431873045	0.6049735321328071	0.9992596983747324	-5.234702301311258	Ccnd1
-0.027808261803679995	9.789152449706707	-0.4096234769279579	0.682927997229023	0.9992596983747324	-5.145161490464252	Ccr1
0.10196948099719254	9.928431399587524	1.6107801193642486	0.11027074616045739	0.9992596983747324	-4.298940594447105	Ccr10
-0.09243919634936452	8.836886970046336	-1.1893570435714602	0.23701829649409636	0.9992596983747324	-4.657980593267608	Ccr2
-0.016341753731396468	8.889522901050954	-0.20823226046532783	0.8354564976908894	0.9992596983747324	-5.104314452469584	Ccr5
-0.001773590867304389	10.050679968536034	-0.028201467351181238	0.9775557277672592	0.9992596983747324	-5.227500944469523	Ccr7
0.060617003701227315	9.973725487343769	0.932805868816683	0.3530893606814808	0.9992596983747324	-4.908888597079847	Ccrl2
0.006398458089548126	9.952869035546518	0.08919419343455481	0.9290998026074072	0.9992596983747324	-5.215879220815029	Cd14
-0.14178450535880174	9.570944862331963	-1.6968037689981288	0.092736725353000593	0.9992596983747324	-4.195979693424059	Cd163
-0.036220358267839634	10.099921427206104	-0.6375900140278129	0.525147414265901	0.9992596983747324	-5.083664501863547	Cd164
-6.263331414164576e-4	9.269025452350816	-0.008626859333860657	0.9931334399930738	0.9992596983747324	-5.158034878328163	Cd19
0.001557632875932617	9.45686844236293	0.01993611732396276	0.9841326837569717	0.9992596983747324	-5.178056344004667	Cd2
-0.05905378579300138	9.606636293272906	-0.8407819087397672	0.40240673200316135	0.9992596983747324	-4.943831435408653	Cd200r3
0.04430744773609246	9.112491090788811	0.5658790063411598	0.5726998385261481	0.9992596983747324	-5.0374637324532685	Cd209a
0.14147239043069154	8.987891385431698	1.7897776725704322	0.076411559202247	0.9992596983747324	-4.089289287211324	Cd209e
0.12950124385413497	7.2585175472688785	1.0201529526507727	0.31003259143699674	0.9992596983747324	-4.697973472377463	Cd244a
-0.003916848856495952	10.20967593490721	-0.05919857088151859	0.9529080020328101	0.9992596983747324	-5.240093368885096	Cd24a
0.07617341190150448	10.35177898578274	1.3397791138198505	0.18324894670425684	0.9992596983747324	-4.595334817263504	Cd27
5.009306997966726e-4	8.279696701873123	0.004899507111906255	0.9961001977994457	0.9992596983747324	-5.059701430372784	Cd274
-0.008830571522771587	10.185592533128656	-0.14663291577388818	0.8837067658113014	0.9992596983747324	-5.228530088635766	Cd276
0.01306787444061997	8.987696684747554	0.1884147699761568	0.8509201480437569	0.9992596983747324	-5.119669481124668	Cd28
-0.06683412697920822	9.091672443188136	-0.8274165499314641	0.4099030696564421	0.9992596983747324	-4.91216790054801	Cd300a
-0.02580607006536023	9.17948144642801	-0.3377642780074192	0.7362243534355566	0.9992596983747324	-5.110539134911452	Cd33
-0.03322579632770156	8.322045828989575	-0.3851601705306932	0.7009084789443247	0.9992596983747324	-5.023444180720353	Cd34
-0.019920354529785352	8.317779182647932	-0.22920685096789808	0.8191600858978574	0.9992596983747324	-5.052427226544728	Cd36
0.029434560271463083	10.1483673694363	0.4864056347580533	0.6277070837382811	0.9992596983747324	-5.147011050921613	Cd37
0.15873317351097418	9.208094754040827	2.179483721030807	0.03156117676919452	0.9992596983747324	-3.5872590262433093	Cd38
-0.03216554097365394	10.089915170350768	-0.4691557027788169	0.639944298032429	0.9992596983747324	-5.151878074155728	Cd3d
-0.016541461220751025	9.58833626008657	-0.23390715598986025	0.8155187134330897	0.9992596983747324	-5.1660686483747735	Cd3e
0.00858895381140205	9.699914784313416	0.1383210287331021	0.8902552412051372	0.9992596983747324	-5.189600043389247	Cd3g
-0.005193890650488281	6.656632778708663	-0.037446448491587646	0.97020110846463	0.9992596983747324	-4.927759546731586	Cd4
0.07478610489383301	8.593688689034417	0.8706831532350148	0.38594048244399715	0.9992596983747324	-4.856480509973316	Cd40
0.12310850385424829	7.260278694078336	1.1446346165697352	0.25499846062728304	0.9992596983747324	-4.625534396253437	Cd40lg
-0.07917876185172505	10.696584971553547	-1.4199490154583443	0.15862516289159173	0.9992596983747324	-4.526603197312945	Cd44
-0.07668953412551009	10.885665110455456	-1.3474284014932245	0.18078217398628835	0.9992596983747324	-4.606483841965828	Cd47
-0.06235501578933441	9.16916955849142	-0.7309429928411113	0.4664641043336515	0.9992596983747324	-4.962335749257534	Cd48
0.017114315619607166	9.757061305188973	0.25432802146412253	0.7997463335186058	0.9992596983747324	-5.179678766835791	Cd52
-0.04390570977298193	9.158556748571144	-0.5884037397052597	0.5575421009503094	0.9992596983747324	-5.03009701437424	Cd53
-0.11502562371438667	8.515724261968352	-1.3324305830583474	0.18564247846945806	0.9992596983747324	-4.53197055120885	Cd55
-0.14686816060899074	10.300725173259258	-2.549169848301608	0.0122633601458091	0.9992596983747324	-2.9500669038466976	Cd59a
0.004141144267809832	8.427632666597614	0.04766471548849521	0.9620752314948817	0.9992596983747324	-5.078557019250747	Cd5l
0.01567792539630603	10.167027746087037	0.23906567390620356	0.8115270091344846	0.9992596983747324	-5.2180957026917545	Cd6
-0.05694712659125726	11.83093956573807	-0.9912132632247057	0.32389118731121336	0.9992596983747324	-4.963198366165083	Cd63
-0.05210954897838668	10.25009852012506	-0.9774743498950269	0.3306116540801344	0.9992596983747324	-4.893824878393714	Cd68
-0.16250533665747052	9.239609123929064	-2.2464514867704226	0.026797105592675615	0.9992596983747324	-3.492460537160458	Cd69
-0.08093670488109278	9.149623696433883	-1.0698776606850338	0.2871610183693247	0.9992596983747324	-4.762575264079037	Cd70
-0.06271582962170663	10.47738756083532	-1.1073606200789194	0.270702816054511	0.9992596983747324	-4.8060376870467785	Cd74
0.026644114782225448	9.80073851659728	0.3990955164128555	0.690644402114811	0.9992596983747324	-5.147652074131418	Cd79a
0.03834868856654278	9.112491117424787	0.5162388667871846	0.6067878491510973	0.9992596983747324	-5.051674749645539	Cd80
-0.016449976686360702	10.783060128274741	-0.3207573779542691	0.7490404585428498	0.9992596983747324	-5.238590169308197	Cd81
-0.10550224375276715	8.052465519594191	-1.2339541750259784	0.2200122822713945	0.9992596983747324	-4.594471501759213	Cd83
-0.15303421802963224	7.801783690251547	-1.4045798890262018	0.16313771977905353	0.9992596983747324	-4.456638057886626	Cd84
0.0644012175197044	9.550548403269683	0.991692162613342	0.3236585707234243	0.9992596983747324	-4.844111108349296	Cd86
0.14114742918615425	8.468972179234898	1.6818521618255144	0.09560993555292423	0.9992596983747324	-4.2096665496313035	Cd8a
0.021068645895963245	8.832520195175151	0.23632895226389408	0.8136440954039331	0.9992596983747324	-5.101875472331094	Cd8b1
0.03747701032925796	10.887459621094758	0.6347588477646484	0.5269852146749894	0.9992596983747324	-5.134367264900229	Cd9
0.011961709642724399	10.564416532438743	0.19704223464105644	0.8441805865244508	0.9992596983747324	-5.249540083911818	Cdh1
-0.13631666857880556	8.349463459275238	-1.361859849322845	0.1761965127419865	0.9992596983747324	-4.502236693851657	Cdh11
-0.08572660175088566	7.477912724288978	-0.75636505269785	0.4511471030292272	0.9992596983747324	-4.834588178081651	Cdh19
-0.12864065628145932	9.279264133826825	-1.6662189289294442	0.09869103467382906	0.9992596983747324	-4.227455933740958	Cdh5
0.021083989290823776	8.840309483442548	0.26868895047480673	0.7887034475932956	0.9992596983747324	-5.092833849861238	Cdkn3
-0.003375484208948014	9.55892076728586	-0.046449681563239024	0.9630412708868618	0.9992596983747324	-5.181408784713179	Ceacam1
-0.047418412506010844	8.718980739313743	-0.5635611173496535	0.5742708278793542	0.9992596983747324	-5.0016946668976905	Ceacam3
0.04198410386598382	9.319822257190497	0.5850712252988913	0.5597721377300268	0.9992596983747324	-5.043666801336496	Celsr1
0.0290043056546107	10.043090906104863	0.42747726969341165	0.6699190528149617	0.9992596983747324	-5.155139873085908	Celsr2
-0.10552517463273532	8.002851767801609	-1.0603511548454962	0.29145097657162	0.9992596983747324	-4.707294713151061	Cenpf
-0.028283223096490905	10.353356304380526	-0.4865940681175146	0.6275739715240174	0.9992596983747324	-5.1623408517219795	Cfd
0.04007504650333621	8.999730534576482	0.4612140505785187	0.6456120099296041	0.9992596983747324	-5.0637973436141515	Cflar
-0.03053703213060817	9.472596336638613	-0.41441303883124914	0.679428551348042	0.9992596983747324	-5.1150742170525545	Chil1
-0.07780282132404008	8.506894757519419	-0.8479838312221657	0.3984021346338169	0.9992596983747324	-4.855415975734818	Cidea
-0.0036774971281528846	10.163362026168778	-0.05619849032596127	0.9552919392727864	0.9992596983747324	-5.234428530039705	Ciita
0.0053381409212243216	10.952635098960933	0.10527315007468291	0.9163626482918489	0.9992596983747324	-5.28573584932465	Clcf1
-0.005047412318064585	10.874076344955668	-0.07735264838790477	0.9384922221791852	0.9992596983747324	-5.283740746794897	Cldn4
0.035512853819258325	9.789233980565177	0.49650327016750906	0.6205913689051497	0.9992596983747324	-5.119116142118519	Clec10a
0.07988500755171309	8.839524514299018	0.968487231903974	0.335056933177193	0.9992596983747324	-4.809727090112175	Clec12a
-0.10211705556256513	8.04597410309154	-0.9303469642868872	0.35435456035913526	0.9992596983747324	-4.78019984992586	Clec14a
0.01699023131785675	8.69685955389417	0.20516328824129026	0.8378471681394886	0.9992596983747324	-5.086477083592111	Clec1a
-0.07951610747985012	10.077842994734512	-1.2217265186158859	0.22458410093139225	0.9992596983747324	-4.692402918569732	Clec2d
0.024692867128194726	8.589500898104703	0.29043433732783525	0.7720646212890611	0.9992596983747324	-5.068495152019783	Clec4a1
-0.012851869750149868	9.371706252968108	-0.20670889472507126	0.8366429790496299	0.9992596983747324	-5.149879533693257	Clec4d
0.04102993563913664	8.524671323858504	0.4573732565156237	0.6483606015477541	0.9992596983747324	-5.021799901764241	Clec4e
-0.14044829700702427	7.430446228995192	-1.228202738189143	0.22215418850481936	0.9992596983747324	-4.578863144685086	Clec5a
-0.16909376101543122	7.312153446305925	-1.4699458486957764	0.1446072485989927	0.9992596983747324	-4.403178651511764	Clec7a
0.02022864187289903	9.145133285107889	0.24169161426206778	0.8094969349529845	0.9992596983747324	-5.1294899714200906	Clock
-0.15224233029662845	11.556281269656854	-2.1591409873605865	0.03314729378929046	0.9992596983747324	-3.5664107751701133	Clu
-0.005127741106774431	8.380785554704595	-0.06507794773866528	0.9482373652820639	0.9992596983747324	-5.075524332681452	Cmklr1
0.11768969948386063	6.557499454605081	0.7792332238416623	0.4376189490760476	0.9992596983747324	-4.781030863398333	Cntfr
8.080747757970461e-4	7.745710757785592	0.007340124021479046	0.9941575984548725	0.9992596983747324	-5.016751391672914	Col11a1
-0.07650644652424095	9.424080775988788	-1.1199074441851466	0.26534312596660786	0.9992596983747324	-4.74434249636262	Col12a1
-0.009270890055275248	8.725245240561824	-0.11831024590989775	0.9060509563562618	0.9992596983747324	-5.102446509642084	Col14a1
0.018740084856107682	9.866878710695177	0.3052094931649263	0.7608190305642317	0.9992596983747324	-5.17744054937563	Col15a1
-0.10631047665191945	9.350565056047719	-1.4985092169252185	0.13704232253092524	0.9992596983747324	-4.406136739277317	Col16a1
-0.009359247915157637	9.897328379007089	-0.1511768329035404	0.880130240658965	0.9992596983747324	-5.203391998989077	Col17a1
-0.11344011943266233	10.178257529001517	-1.6928514533055459	0.09348930687367898	0.9992596983747324	-4.209122555150129	Col18a1
-0.16286832893123387	11.691048140471676	-2.455358621654327	0.015739114138232438	0.9992596983747324	-3.063908934213209	Col1a1
-0.16450480257727	10.84551937064209	-2.3541946611516775	0.020448777915543042	0.9992596983747324	-3.2583742489848797	Col1a2
0.007413335726335789	9.488849017567494	0.10573476202759849	0.9159972818154078	0.9992596983747324	-5.171116477487776	Col27a1
-0.2815151382536682	8.223531147223225	-2.4132878577493977	0.017565530154265315	0.9992596983747324	-3.3490851977472484	Col3a1
0.013135977760719347	10.378416916452093	0.22119629847297173	0.8253750256659409	0.9992596983747324	-5.235488649896958	Col4a1
-0.023870827604899572	9.65756919410601	-0.3649328543028945	0.7159055334979336	0.9992596983747324	-5.150164651195592	Col4a2
0.010424661623683832	7.884227855394238	0.11689578972130926	0.9071689758286672	0.9992596983747324	-5.025577072518889	Col4a5
0.013673411475107526	7.852452450019502	0.148382001631678	0.8823297684201197	0.9992596983747324	-5.029383349488275	Col5a1
-0.017242390938918134	8.094194388295438	-0.17346193556961265	0.8626268593543176	0.9992596983747324	-5.039250575050008	Col5a2
0.024748225537455277	9.970957019472786	0.3582847773316187	0.7208593153213584	0.9992596983747324	-5.173580208447035	Col5a3
-0.02155711507623168	9.953718597283812	-0.32113175741370037	0.7487575592224611	0.9992596983747324	-5.18344158072187	Col6a1
-0.02395859394319672	9.986779242553187	-0.3383930089173716	0.735751951520778	0.9992596983747324	-5.182624319710323	Col6a2
-0.025091089849022925	9.966915942332687	-0.38089793881868433	0.7040590260817644	0.9992596983747324	-5.164961896605342	Col6a3
-0.13073369946764146	8.353932532830855	-1.400557552196986	0.16433478890088207	0.9992596983747324	-4.471208214471829	Col8a1
-0.05122795797215499	9.332508193254204	-0.7285124425225197	0.4679437162993513	0.9992596983747324	-4.980736710220369	Col9a2
0.10939248043757054	8.76996614561241	1.214406833037927	0.22735361633796589	0.9992596983747324	-4.637359980629235	Col9a3
0.019330227533780803	10.35503909366005	0.32466800370835186	0.7460870968588253	0.9992596983747324	-5.209254101098731	Coro1b
-0.039825052648510856	10.816785431727737	-0.8021851095193916	0.42428240712343157	0.9992596983747324	-5.038883912932476	Cotl1
-0.08975401989683715	8.725176108093486	-1.1235516114307613	0.263800419649923	0.9992596983747324	-4.701764949551694	Cpa3
0.03189498190701069	9.165178460794056	0.3896140447468405	0.6976218415771158	0.9992596983747324	-5.102124325710568	Cpb1
-0.024461154652748444	11.409797849546926	-0.35460140879973756	0.7236091001554346	0.9992596983747324	-5.2702658948641234	Crip1
-0.04828270589404843	8.314945838699549	-0.5649873263106907	0.573303945092625	0.9992596983747324	-4.967791371228975	Crp
-0.11647585740136772	10.395761058997639	-2.1575668408280344	0.033272865791527224	0.9992596983747324	-3.5811561949727935	Cryab
0.011048623894447824	9.580452336905445	0.17425070190566797	0.8620085377717838	0.9992596983747324	-5.178685856529069	Csf1
-0.021449557733859776	9.03047575828407	-0.25201515909818367	0.8015286851410154	0.9992596983747324	-5.116532979878444	Csf1r
-0.07067562630480467	8.814229680948339	-0.8536207265153717	0.3952848167277685	0.9992596983747324	-4.883287452182388	Csf2
-0.13686960003973106	9.014151143675765	-1.3807570452765432	0.17032556677797248	0.9992596983747324	-4.505690238696316	Csf2ra
0.05779181591689366	8.854495341815216	0.6957710518268195	0.4881302870373557	0.9992596983747324	-4.957208942320213	Csf2rb
-0.02552498523641832	9.958081557708148	-0.3863253128551017	0.7000481363413171	0.9992596983747324	-5.167797087897475	Csf3
0.07092553412722055	8.913462675407448	0.9620874861340507	0.33824612978401714	0.9992596983747324	-4.817201532259808	Csf3r
-0.0497506025825019	11.05412711652168	-0.8249557912087168	0.4112923817788915	0.9992596983747324	-5.039931979880514	Csk
-0.08776955024079817	9.297549320123567	-1.3168556602707142	0.19079287982481108	0.9992596983747324	-4.573533461567543	Cst7
-0.008645562661187885	8.65945416950653	-0.09399118026610222	0.9252977261695376	0.9992596983747324	-5.0919252385560645	Ctla4
-0.030793396580223453	11.406289972742034	-0.6189756712092808	0.5372912626496638	0.9992596983747324	-5.170935554599979	Ctnnb1
-0.018361601746037525	8.994791990572088	-0.21918007824002603	0.8269410654073879	0.9992596983747324	-5.109530759179191	Ctsg
-0.03671832134866017	9.561994696928409	-0.576323730652291	0.5656465413251716	0.9992596983747324	-5.073235080940052	Ctsw
-0.011310752172609385	9.11193289903323	-0.14452400225368833	0.8853675173434465	0.9992596983747324	-5.137631604600876	Cuzd1
0.046479472429518616	10.548796024800657	0.8414775069344114	0.40201888262995356	0.9992596983747324	-5.0006388326168905	Cx3cl1
-0.07776848472474786	9.939985004909197	-1.2341938257737248	0.21992336073187907	0.9992596983747324	-4.675920749602084	Cx3cr1
-0.02275570397132716	10.438172912324605	-0.37105919758002887	0.7113512309448503	0.9992596983747324	-5.206603905439667	Cxcl1
-0.05796805612630018	9.424274396145092	-0.7137081962484981	0.4770126229393261	0.9992596983747324	-4.999923658897722	Cxcl10
-0.12431531698255736	9.05867807809372	-1.6105496161579578	0.11032107347508117	0.9992596983747324	-4.284989415015346	Cxcl12
0.028110690931141057	8.84766452728071	0.34819517886199924	0.7284002259956133	0.9992596983747324	-5.074643878846425	Cxcl14
-0.002730138014625724	10.034040218977488	-0.041289481577488074	0.9671445971564463	0.9992596983747324	-5.224182323379741	Cxcl16
0.02421130626096343	9.691040331947038	0.3316027307581672	0.7408592094409905	0.9992596983747324	-5.15833715649028	Cxcl17
0.08433064412697151	9.59485283378778	1.249779335698021	0.21419647033303751	0.9992596983747324	-4.648219193591063	Cxcl2
-0.010412929607889788	10.172503427222502	-0.16575380466380424	0.868673774929656	0.9992596983747324	-5.226989260093152	Cxcl3
-0.002558224251098974	9.536062896522692	-0.03456900161767855	0.9724899453576715	0.9992596983747324	-5.183082085636336	Cxcl5
-3.1537214966621515e-4	9.105493678169598	-0.003958737017509944	0.9968490069247121	0.9992596983747324	-5.144030159212819	Cxcl9
-0.001508242454621498	9.507921649940332	-0.021374139269592064	0.9829883205624546	0.9992596983747324	-5.182997952691633	Cxcr1
0.028152446782230223	10.285438154650937	0.4593805602669192	0.6469235031196395	0.9992596983747324	-5.168821875679701	Cxcr3
0.0030825621070458345	7.656420952729573	0.028927868977976067	0.9769777783216065	0.9992596983747324	-5.004154435177425	Cxcr4
-0.039451604183770715	9.639918607777604	-0.5522772689230313	0.5819480688223597	0.9992596983747324	-5.082054894961113	Cxcr5
0.019456418665803707	10.424654652142403	0.37831613271172876	0.7059699530838641	0.9992596983747324	-5.200816875868203	Cxcr6
-0.07910084001178608	9.346242112229362	-1.1215729525030158	0.26463727619442845	0.9992596983747324	-4.736851970816167	Cyp1b1
0.06201519239631461	9.71280257797442	0.8230779020221318	0.4123545186753722	0.9992596983747324	-4.961830824952982	Cyp2u1
0.06345566244383206	10.303086203142428	1.0016645580452308	0.31883976236702555	0.9992596983747324	-4.878701008617385	Cystm1
-0.07795752879268253	9.58182301548618	-1.1169706413566027	0.26659095900594454	0.9992596983747324	-4.752402489987222	Dcn
-0.06780397438346307	8.924780151313714	-0.8402657433123286	0.4026946809075559	0.9992596983747324	-4.891312818396444	Ddc
-0.005084432207304538	9.665486787249222	-0.07796108833521632	0.9380093996505748	0.9992596983747324	-5.193506979508825	Ddr1
0.05769706372680953	7.75859551715275	0.5661982826538305	0.5724836057687559	0.9992596983747324	-4.926953221050618	Ddr2
-0.05152863346556676	8.897044689684218	-0.7426924614886237	0.4593488161197866	0.9992596983747324	-4.94080971854881	Dhrs2
-0.03063509418119422	10.218708254117745	-0.5323118928666979	0.5956499386019669	0.9992596983747324	-5.135266988667432	Dll1
-0.106636413965425	9.303295267493162	-1.4728079939097063	0.14383488014024198	0.9992596983747324	-4.429010115654052	Dll4
0.05407117784630943	9.095477797583555	0.7380958038244082	0.4621251082222547	0.9992596983747324	-4.958068014691609	Dmbt1
0.012135706562269274	10.456580807357764	0.1956597795513321	0.8452597614852245	0.9992596983747324	-5.241248441861483	Dnmt1
0.069075067893065	8.572640064448546	0.844862247167709	0.40013487922569113	0.9992596983747324	-4.869926317571857	Dnmt3a
0.11064947290345638	8.993649377740367	1.5627886817113972	0.12115229988692178	0.9992596983747324	-4.332544990653939	Dpp4
0.08682532640600711	9.42938719068246	1.0915432562255147	0.2775662442815422	0.9992596983747324	-4.764573637990158	Dst
0.07987242406816202	10.005552058955868	1.236375425300592	0.21911508908239072	0.9992596983747324	-4.674876143289496	Dusp1
0.028513399378401708	9.136758323899492	0.3474199348553493	0.7289807549895733	0.9992596983747324	-5.104736359724192	Dusp2
-0.04207963050671831	9.919116371321758	-0.6810084520880874	0.4973856713034124	0.9992596983747324	-5.052226590878973	Dusp4
-0.04211902884619191	10.497872539268636	-0.7519716476444035	0.45377334674436187	0.9992596983747324	-5.050435688813288	Dusp5
-0.015772635093840307	11.327825774081514	-0.2376725200862972	0.812604558103275	0.9992596983747324	-5.293497268286091	Dusp6
0.029232792234239385	10.764873986834345	0.49994395874174485	0.6181749059629587	0.9992596983747324	-5.184373001335136	Efna1
-0.04664784153833526	10.666851507148731	-0.8100920127294826	0.41974439565534727	0.9992596983747324	-5.026477488819069	Efna4
-0.09764476612926898	8.379045933945255	-1.042064918676318	0.29980753901775214	0.9992596983747324	-4.7427495077773925	Efna5
-0.05470880856592108	9.402196279443778	-0.7336565004820014	0.4648153572186624	0.9992596983747324	-4.984395155355369	Efnb1
-0.06600096457384858	9.121971319435133	-0.8638835060882796	0.3896478300524725	0.9992596983747324	-4.896196501410428	Efnb2
0.11793405915561292	8.573368132122994	1.3355680849056621	0.1846176911231448	0.9992596983747324	-4.53222101185788	Egf
0.05341369281002106	8.491208840657146	0.5382730391428694	0.591543300921006	0.9992596983747324	-4.991571620625623	Egfr
-0.005200804084915078	11.859045520309245	-0.08236236082288713	0.934517505634636	0.9992596983747324	-5.344314715363939	Eif5a
-0.03595870399622778	9.957120051771078	-0.6296343463309609	0.5303201412595812	0.9992596983747324	-5.075489426865324	Elane
-0.017943611270039385	10.115724122377285	-0.29904535253048276	0.7655045732832757	0.9992596983747324	-5.196938260774466	Emp3
-0.07094625300217558	10.5510361733453	-1.3659289626482818	0.17491956783626625	0.9992596983747324	-4.5764162616023905	Eng
-0.04447832568436775	11.533997226631199	-0.6905356478489982	0.4914017901965999	0.9992596983747324	-5.141846780911547	Eno1/b
0.04358559459710693	9.068604252118002	0.6428944044107964	0.5217131449975034	0.9992596983747324	-5.000357764077332	Entpd1
0.05933912251466134	8.619979145592954	0.6775340544969215	0.49957764304022556	0.9992596983747324	-4.951248031506069	Eomes
-0.06179845931944096	9.175146662778618	-0.7548277641061685	0.4520650534050551	0.9992596983747324	-4.962930047335312	Epcam
-0.024111433561195127	9.883105407376204	-0.3655608273526535	0.7154382251680831	0.9992596983747324	-5.1677828405905695	Epha2
-0.1441750137380414	8.679007978104346	-1.7359538712561928	0.0855453857926675	0.9992596983747324	-4.151656005613834	Epha3
-0.1615597125378051	8.20158237918266	-1.8356485155395368	0.06927834574908093	0.9992596983747324	-4.053723277996349	Epha4
-0.1485643642624153	8.683083919315123	-1.9012533188775649	0.06004778647265241	0.9992596983747324	-3.967048234306863	Epha7
0.04852424274978575	9.471407480013477	0.6466216179268518	0.5193070314911075	0.9992596983747324	-5.031373862415298	Ephb2
0.035554459104236165	8.977836358832027	0.42409682664652226	0.6723746236715993	0.9992596983747324	-5.072035552727708	Ephb3
-0.014112344441473766	10.718523530108289	-0.2204565522363294	0.8259495202699604	0.9992596983747324	-5.256945184231581	Ephb4
0.07737644530331007	8.989205646999235	0.9167917897829175	0.3613812693039946	0.9992596983747324	-4.855494250668692	Ephb6
-0.027476624117703997	9.307279743109149	-0.38882018233070953	0.6982072355476826	0.9992596983747324	-5.1087762320931525	Epor
0.05346986422516366	10.060343778088372	0.8377305507235175	0.404110785844107	0.9992596983747324	-4.973117903188165	Erbb2
-0.03253393319848388	9.9502943301186	-0.5351408043666791	0.5936994546838701	0.9992596983747324	-5.115175408417916	Erbb3
-0.026201492789603	9.77710284784883	-0.39412917845496975	0.6942958633276963	0.9992596983747324	-5.153959640638127	Esam
0.004690075702695817	7.97720508962104	0.04996528853522085	0.9602462662936031	0.9992596983747324	-5.040100836443088	Esr1
-0.03181320526179176	10.682786426451292	-0.6150977340475507	0.5398391020364772	0.9992596983747324	-5.132170954170349	Ets1
0.14848914064322208	9.086485136352577	2.0118865552028895	0.04682823462622256	0.9992596983747324	-3.816876669327244	Etv4
-0.05429011833421229	9.992503005448047	-0.8344615421379517	0.40594124126442566	0.9992596983747324	-4.972571550172155	Etv5
-0.05753723453819386	8.998806957789139	-0.7410651184484105	0.46033061451540025	0.9992596983747324	-4.954314146826395	Ezh2
-0.03999825981880053	11.290247454549887	-0.5645396420159443	0.5736073634212251	0.9992596983747324	-5.191165393237718	Ezr
-0.03675570476945767	9.403866313945496	-0.5526233420690394	0.5817118879031947	0.9992596983747324	-5.06283165624281	Fabp4
0.06773377922059967	9.858768684372517	0.912961053253131	0.36338299711565136	0.9992596983747324	-4.914729767386145	Fabp5
0.09058411082561112	9.23144486532925	1.230926996595444	0.22113775975123298	0.9992596983747324	-4.6459117307407505	Fas
-0.12505468911281395	8.332535770120039	-1.4077378390516744	0.16220258017485883	0.9992596983747324	-4.464725987972357	Fasl
0.05441069354587352	9.027224217340484	0.7790859054500212	0.43770533380180376	0.9992596983747324	-4.93790179884496	Fasn
-0.020097545870075388	11.75521355726698	-0.3397364472749104	0.7347428884156559	0.9992596983747324	-5.296028605805948	Fau
-0.09034719179154398	9.788628564306945	-1.3231378472453834	0.1887027535319071	0.9992596983747324	-4.5882437724613245	Fcer1g
0.01688452404487896	8.525722747862607	0.20612483139620053	0.8370979799810293	0.9992596983747324	-5.0768082373821946	Fcgbp
-0.04838297918485312	10.843913417513969	-0.8478689775872639	0.3984658068094987	0.9992596983747324	-5.014759456552667	Fcgr4
0.001542735859342146	9.988622537675203	0.024010511011768706	0.9808904167813465	0.9992596983747324	-5.220818862384406	Fcrla
-0.02401428379069701	10.488852399492115	-0.4296666500934789	0.6683305812696203	0.9992596983747324	-5.190077578025134	Fes
-0.017281096397564456	9.150392354159477	-0.2176478064268773	0.8281316799592023	0.9992596983747324	-5.125008119802171	Ffar2
-0.037238618087514566	8.98468496027329	-0.4445121287499181	0.657599693584848	0.9992596983747324	-5.062914080739542	Ffar3
0.04993178055728221	9.619532277808855	0.7061278315691564	0.48169379205613383	0.9992596983747324	-5.01737059462928	Ffar4
0.06497918602748756	8.66383005124699	0.7994745856812426	0.4258447325473773	0.9992596983747324	-4.8943338944186285	Fgf1
0.08422153655729152	7.6085608161139575	0.8255120656705269	0.41097806869260944	0.9992596983747324	-4.808368337050509	Fgf12
0.014643825916373048	8.150099124405449	0.16660514720100533	0.8680055194568003	0.9992596983747324	-5.040674444779377	Fgf13
0.05527352279096969	9.579047509541795	0.9036460612459295	0.36827978639631254	0.9992596983747324	-4.899668505916816	Fgf18
0.014022812812819332	9.296408190572352	0.1827731500596596	0.8553332564073466	0.9992596983747324	-5.153094704532184	Fgf2
-0.09630915201269477	9.316059767280134	-1.2569281411539757	0.21160645306390335	0.9992596983747324	-4.62629212529327	Fgf7
-0.1652288596790653	6.497798708759065	-1.0824459360645209	0.28156774801437773	0.9992596983747324	-4.637648855316332	Fgf9
-0.04580917885167099	10.156507716656318	-0.7108476743415899	0.4787761319296543	0.9992596983747324	-5.052462008825888	Fgfr1
-0.003435055754193716	10.476949134925492	-0.05380538077805936	0.9571938545568301	0.9992596983747324	-5.256034327205252	Fgfr2
-0.13270534038780502	9.454215851733839	-1.9793713890280433	0.05042783361010732	0.9992596983747324	-3.849630088975467	Fgfr3
0.16097728051460777	7.68484498014349	1.5063933214837588	0.13500973306177702	0.9992596983747324	-4.374050632254945	Fgg
-0.02815504465465079	9.18207832031939	-0.3751478064921139	0.7083175655399276	0.9992596983747324	-5.10325813544169	Fgr
-0.3099707024212768	6.595876582891463	-2.212695552516706	0.02911344821718073	0.9992596983747324	-3.769033538687265	Fhit
0.09939319083549573	9.294008657151757	1.5066738053222266	0.13493785965637942	0.9992596983747324	-4.395949119003117	Fkbp11
0.011407150148745356	9.795041121066088	0.17400243869685159	0.8622031444774338	0.9992596983747324	-5.191691043037698	Fkbp5
0.047408021216549925	9.894446540291387	0.7635874617491528	0.44684878840899755	0.9992596983747324	-5.011808825448595	Flt1
0.004213206941882788	9.608483445833995	0.06393629971857384	0.9491441659994732	0.9992596983747324	-5.185585717125563	Flt3l
0.006265634436594906	8.992175509418797	0.06880077932343832	0.9452808325093216	0.9992596983747324	-5.1376789373309695	Fn1
0.028881113019394996	9.91666298864067	0.44492564731023704	0.6573017956956043	0.9992596983747324	-5.143613714403608	Fos
0.10358636154588627	9.425692989661613	1.4523091538944557	0.1494379701917441	0.9992596983747324	-4.454586419035324	Foxf1
-0.008520233143242479	8.793263965728093	-0.09960328999770031	0.9208517884764594	0.9992596983747324	-5.1127123234063205	Foxp3
0.0034041710214235406	9.42967199826999	0.0488035229809697	0.9611698488545313	0.9992596983747324	-5.174679396536035	Fpr1
0.010256837372122829	10.507245845480869	0.17662723801730823	0.8601460681282829	0.9992596983747324	-5.248669074388121	Frmd8
-0.0076207818875580185	9.239782632719349	-0.10279341535438377	0.9183256664722941	0.9992596983747324	-5.150649301226123	Fyb
0.042743931762506196	9.733196915940475	0.681905775095209	0.4968204023442756	0.9992596983747324	-5.032117674906957	Fyn
-0.1086583406679122	9.085677177786357	-1.5354178309176183	0.12773005225036854	0.9992596983747324	-4.3616164355158284	Fzd1
-0.0105051183141745	9.932693993204552	-0.15324352698666363	0.8785043579609402	0.9992596983747324	-5.209742759196	Fzd3
-0.1076541885610048	8.778503435236734	-1.314331553934316	0.19163751897735326	0.9992596983747324	-4.555223726956715	Fzd4
7.723312082107188e-4	9.695240383642842	0.012001209925161979	0.9904477330972266	0.9992596983747324	-5.1979350691834165	Fzd5
-0.12099134329921489	9.986490335537953	-1.9507612657136606	0.053787104248189034	0.9992596983747324	-3.880559340554629	Fzd6
0.06973625910950575	10.089255659716882	1.2137988977190095	0.22758474411987012	0.9992596983747324	-4.699090577206221	Fzd7
-0.032837289628926965	8.596449566176439	-0.3893201962773218	0.6978385041148383	0.9992596983747324	-5.042073206246089	Fzd8
-0.03703100422285019	8.369278995725555	-0.41576075307559357	0.6784451153850879	0.9992596983747324	-5.020899949096513	G6pd2
0.003478761640271178	9.214739742818134	0.041476614494172045	0.9669957753183928	0.9992596983747324	-5.1562182298772985	Gas6
0.04333668931663764	9.315459279120539	0.5217012126164846	0.6029920909531352	0.9992596983747324	-5.073787285568393	Gata3
0.007266040290392787	8.569355326900324	0.08559315863224932	0.9319550555055698	0.9992596983747324	-5.094268128694645	Gc
0.03893626668685925	7.740779479694204	0.3839528072314891	0.7018004083266177	0.9992596983747324	-4.972824968578369	Gcg
0.05145841355244818	10.687465070007768	1.0965097773693195	0.2753983529507901	0.9992596983747324	-4.825602899852412	Gdf15
0.037055236595064565	9.513695883500757	0.5341046256310487	0.5944135371998561	0.9992596983747324	-5.082976720113807	Gh
0.050799316421188755	10.405059468313633	0.8481799014481506	0.39829345224222246	0.9992596983747324	-4.986783213518636	Glud1
-0.02282772677442988	10.146606741988764	-0.3637814098330081	0.7167626653538889	0.9992596983747324	-5.18379471447394	Glul
0.0031962110107167695	8.768447033350101	0.03829809321450519	0.9695237229151921	0.9992596983747324	-5.1054657843161655	Gm13889
-0.03036539258476399	9.6451236401630709	-0.4155006688951443	0.678634857331178	0.9992596983747324	-5.129543057462927	Gpbar1
-0.02218923967484719	9.599900289751934	-0.31134556037187777	0.7561636502384931	0.9992596983747324	-5.157156831301836	Gper1
-0.140136029342482	8.613641667638678	-1.655781626223725	0.10079250249279503	0.9992596983747324	-4.235771914202029	Gpnmb
0.02866747029001944	8.79595482328407	0.328608687216306	0.7431148585888003	0.9992596983747324	-5.07387615263841	Gpr183
-0.008275856095815395	12.358572370700509	-0.15568740833115444	0.8765824105695099	0.9992596983747324	-5.367665955460795	Gpx1
0.15048629302133681	8.349755682200119	1.4890329874333224	0.13951697692255066	0.9992596983747324	-4.392605933815355	Gpx3
-0.07909162396733992	11.7462865294419	-1.3518819477858188	0.1793575449714125	0.9992596983747324	-4.633787800979181	Gsn
-0.015727406703124534	11.795494878886823	-0.3416891434466596	0.7332770372501962	0.9992596983747324	-5.298525857662622	Gstp1/2
1.4441432960060957e-4	8.81491976565115	0.0018062764861862337	0.9985622746447782	0.9992596983747324	-5.120029589699168	Gzma
0.09913046275782543	9.469567904666999	1.3837501797127196	0.16940946767658643	0.9992596983747324	-4.5206525320031385	Gzmb
0.07820937602421005	8.640559069031266	0.9657406092761618	0.33642324760564624	0.9992596983747324	-4.800653726637785	Gzmf
0.15294401482891834	8.210978400558952	1.520296963660313	0.13148293393256555	0.9992596983747324	-4.363816567048009	Gzmg
-0.03656132777179328	9.345310375310829	-0.460400806799336	0.6461935844910386	0.9992596983747324	-5.090941551207521	Gzmk
-7.231377027409614e-4	9.621488114123888	-0.010742402773949647	0.9914496293731263	0.9992596983747324	-5.188511265459313	H2-Aa
-0.0696762221736338	9.789179594122958	-1.0519985726864798	0.29524808520439144	0.9992596983747324	-4.81066225636826	H2-Ab1
-0.0787281965492333	12.034998572120056	-1.550025520351834	0.12418530364766384	0.9992596983747324	-4.422291663671284	H2-D1
0.008325185365681989	10.267589364405062	0.1372535083117994	0.8910968418970271	0.9992596983747324	-5.237280532530941	H2-DMa
0.016588162842277	9.775802307146568	0.25375662904705415	0.8001865652937655	0.9992596983747324	-5.1772493295003725	H2-DMb1
-0.011890788841751224	10.178386318098898	-0.18414628179099077	0.8542587076429393	0.9992596983747324	-5.224995843314436	H2-DMb2
-0.011352735688556388	9.539975797468992	-0.13810768064774576	0.8904234283594978	0.9992596983747324	-5.170692436355701	H2-Eb1
-0.08493614634077941	12.067466276547483	-1.8733794832315562	0.06383493965649144	0.9992596983747324	-4.00028702494046	H2-K1
0.06786568176751005	10.500686916102026	1.3150780715664232	0.1913874224382689	0.9992596983747324	-4.6251401701255785	H2-M3
-0.12026907956973709	8.811905846001157	-1.4655587424027352	0.14579739176563752	0.9992596983747324	-4.423043225591721	H2-Ob
-0.03142811425400579	9.584908019862693	-0.4742504484579654	0.636319499354945	0.9992596983747324	-5.107146817020887	H2-Pa
0.03258897706668373	9.969740702720175	0.557780333288774	0.5781978475441769	0.9992596983747324	-5.1074802407263356	H2-Q1
0.05029498890330872	9.778717191027862	0.7244235516664732	0.4704387938570016	0.9992596983747324	-5.018612122111315	H2-Q10
-0.015152235873554428	8.789780258870978	-0.19195839933240821	0.8481505856542163	0.9992596983747324	-5.098301816740499	H2-Q2
-0.03207270751477649	10.970784390647946	-0.6145568665272639	0.5401949437685785	0.9992596983747324	-5.148760419797372	H2-T23
-0.006434812004300193	11.235700639068476	-0.12667818415642254	0.8994406791076417	0.9992596983747324	-5.302207010232295	H2az1
0.12483042641783282	8.088645058777983	1.3547538323471269	0.17844336927815313	0.9992596983747324	-4.50220248115545	Havcr2
-0.011193757528572462	10.586405777954216	-0.1797800841932058	0.8576764306947177	0.9992596983747324	-5.25398904243436	Hba-a1/2
-0.06779679230836626	9.426438593278496	-0.9824487443953466	0.32816790186881595	0.9992596983747324	-4.843388825682826	Hbb
-0.10937836287738464	10.085357369474735	-1.5521137613395681	0.12368498717221384	0.9992596983747324	-4.367451763185654	Hcar2
0.013618665002139745	8.892188125216023	0.16845512771445015	0.8665537204197324	0.9992596983747324	-5.112761045843447	Hck
-0.1654211104019869	8.263418041908347	-1.9246864386957963	0.05701192000790133	0.9992596983747324	-3.9561775030294717	Hcst
0.029732920112163972	11.113816767161223	0.5567107184824576	0.5789258638580609	0.9992596983747324	-5.182477869832001	Hdac1
-0.051299551206045284	9.027434796775394	-0.6815148460831909	0.4970666255087265	0.9992596983747324	-4.983870554173737	Hdac11
-0.05001189587245243	10.014083169440005	-0.8387436279508484	0.4035445399944213	0.9992596983747324	-4.967993113845987	Hdac3
0.12826610398645516	9.34192837647473	1.7800264992611556	0.07800375240096322	0.9992596983747324	-4.098616637548236	Hdac4
-0.036168142642455256	9.293982714411216	-0.4757473052115778	0.6352561906687493	0.9992596983747324	-5.084284287746752	Hdac5
0.07882653939220326	9.372247467841616	1.1999173364355202	0.23290860231419594	0.9992596983747324	-4.676593202186654	Hey1
-0.11994354758291026	8.810058644657587	-1.4974744332762242	0.1373108672558694	0.9992596983747324	-4.393780475328167	Hgf
0.04615196007354474	8.29054445023392	0.5605051331522908	0.5763452321565687	0.9992596983747324	-4.969119784518173	Hif1a
-0.11761001744041127	9.983040208234964	-1.7088353747255414	0.09047605130969716	0.9992596983747324	-4.187512138414619	Hilpda
0.04127024043851008	12.690825477356416	0.6270758755088534	0.5319892050891871	0.9992596983747324	-5.234114424354845	Hmgb2
0.10898865250462028	8.677969771056112	1.325092757756095	0.18805584908003728	0.9992596983747324	-4.5430465607710495	Hpgds
0.06786322691709355	8.777230830083502	0.8992427679226779	0.37060898719454805	0.9992596983747324	-4.8515812034031125	Hsd17b2
0.08478737645531229	11.317049327575619	1.5456105050952038	0.12524835912158813	0.9992596983747324	-4.406885729892338	Hsp90aa1
-0.06850409446135579	11.959929622194153	-0.9705695753403152	0.3340234865831915	0.9992596983747324	-4.983664973708187	Hsp90ab1
-0.029825621744531437	10.267570794453139	-0.4702832946291491	0.6391412857379347	0.9992596983747324	-5.1621051963141795	Hsp90b1
-0.04866571891948926	10.316691009451867	-0.8189486755239106	0.41469580972134834	0.9992596983747324	-5.000393969505042	Hspa1a
0.028468787619001925	10.679831930095945	0.5147274858197305	0.6078400107129229	0.9992596983747324	-5.173886745658309	Hspa1b
0.010202174552731192	10.461015173765862	0.17958507779042346	0.8578291392809343	0.9992596983747324	-5.243421938938768	Hspb1
0.041790063793596635	9.928910894027835	0.6241609378960741	0.5338941010681421	0.9992596983747324	-5.079545581864286	Htt
-0.029240001412967485	8.137783342798796	-0.32728873786291546	0.7441099928882475	0.9992596983747324	-5.01962557164652	Iapp
-0.06972727209848217	8.758721737497979	-0.8399478050450475	0.4028721088235798	0.9992596983747324	-4.882682663272335	Ica1
-0.03503182015722914	10.270552454555345	-0.6079645716063374	0.5445416210183986	0.9992596983747324	-5.106625247270055	Icam1
0.03713539642971407	9.72194873949633	0.49073042769035174	0.6246550870303305	0.9992596983747324	-5.113220671420645	Icam2
-0.015612738382756331	8.827743272895178	-0.20513786191193667	0.8378669811392971	0.9992596983747324	-5.103741597008445	Icos
0.10019573000967165	9.677198087200491	1.5832406051479617	0.11641507126060514	0.9992596983747324	-4.323039777153363	Icosl
0.007243685482733444	10.03820181556216	0.126600252426892	0.8995022096031602	0.9992596983747324	-5.219733043969299	Ido1
5.02096865728041e-4	11.500406239728251	0.010245108419172977	0.9918454344165446	0.9992596983747324	-5.3273686945630985	Ier3
0.041004742795883675	10.812433002615943	0.7713625063179026	0.4422481106331526	0.9992596983747324	-5.057895049058418	Ifi27
-0.04882924980704057	8.910309977861914	-0.6142606702528	0.5403898644659698	0.9992596983747324	-4.999013205161089	Ifi44l
0.03464199635617327	8.890697356319027	0.4819209503204723	0.6308787526636697	0.9992596983747324	-5.046369308001401	Ifih1
0.059183004342010785	9.021514905036158	0.683485843321049	0.4958258827516602	0.9992596983747324	-4.9874068002930185	Ifit1
-0.057667529683290544	9.296003215180619	-0.8205256279956469	0.41380073049351673	0.9992596983747324	-4.931513741053873	Ifit3/b
-0.05002441357857542	11.326475134966214	-0.8985119836906738	0.3709964445487416	0.9992596983747324	-5.006574429541153	Ifitm1
-0.04361573471717474	12.13343076737887	-1.0855645887900418	0.28019154232303467	0.9992596983747324	-4.901023593011608	Ifitm2
-0.02236602430087725	10.928974570396976	-0.34387999475393516	0.7316335816387101	0.9992596983747324	-5.244259930772387	Ifitm3
2.5647935979764713e-4	10.623565717177922	0.003959318025347462	0.9968485444686291	0.9992596983747324	-5.26977771872959	Ifna
-0.07622166899463727	10.388115798286925	-1.1573324983753872	0.2497982605770516	0.9992596983747324	-4.763019585723473	Ifnar1
0.05138030359601742	9.436376721237977	0.6928431345407067	0.4899584158234336	0.9992596983747324	-5.008589311999773	Ifnar2
-0.02812900271262662	7.982852621635499	-0.25761590308285776	0.7972144292811202	0.9992596983747324	-5.015918171285483	Ifng
-0.05728949526094491	9.281073576438871	-0.7913649972414425	0.4305393313004078	0.9992596983747324	-4.945689262334964	Ifngr1
0.006766728505151739	10.225708449435118	0.1005736830200032	0.920083289348083	0.9992596983747324	-5.236524012236656	Ifngr2
0.01865217449760085	9.952192410732765	0.27310185873472725	0.7853186463462326	0.9992596983747324	-5.1932017883407084	Ifnl2/3
0.059342480703848226	9.473809576747502	0.9776067927062742	0.3305464349755478	0.9992596983747324	-4.845907863464871	Igf1
0.052048956272940164	9.173624972285047	0.6789469814378272	0.4986856105919335	0.9992596983747324	-4.996213191507749	Igf1r
0.014094981659662982	9.536436671105204	0.2012256703607417	0.8409167195912766	0.9992596983747324	-5.166273422089367	Igf2
-0.07003248738971918	9.906477139919392	-1.0707920854302861	0.28675152241748586	0.9992596983747324	-4.806506338741622	Igf2r
0.05911531984647021	8.745120428392893	0.7422259082457539	0.4596301723647551	0.9992596983747324	-4.931400921552567	Igfbp3
-0.015484485307486917	7.184666755855488	-0.12150093415419864	0.9035296581849449	0.9992596983747324	-4.955802824602681	Igfbp5
-0.11669584630521676	10.550831092848748	-1.832551833126467	0.06974178487652932	0.9992596983747324	-4.038568326699231	Igfbp7
0.024812650898692546	8.094878219820348	0.22733319441711788	0.8206127345088238	0.9992596983747324	-5.024471894075935	Igha
-0.04328013930151073	8.229234646218396	-0.429446786074452	0.6684900323637086	0.9992596983747324	-5.002678698471899	Ighd
-0.0314648944314908	8.757826781219581	-0.35586164670717396	0.7226678716367276	0.9992596983747324	-5.064442092524138	Ighg1
-0.05623192155337437	9.305511336649673	-0.68116778717919	0.49728527273679746	0.9992596983747324	-5.001752691474337	Ighm
-0.032665926904009206	9.109820091933772	-0.45026258637897926	0.6534620466584208	0.9992596983747324	-5.074694742263848	Igkc
-0.07668517188956231	8.172012293653568	-0.7987995290195838	0.4262343592332052	0.9992596983747324	-4.864518782847291	Ikzf3
-0.007692909230031549	10.827382528208727	-0.13735636905179976	0.8910157441775297	0.9992596983747324	-5.2749334067004785	Il10
0.07240460580557931	8.955878285669957	0.9167680786628869	0.36139363779100353	0.9992596983747324	-4.846503318449918	Il10ra
0.10280280267999431	9.442353789876092	1.377552791023213	0.17131045135539044	0.9992596983747324	-4.526051564780641	Il10rb
0.14208407279975652	10.088312939164759	2.099329573772762	0.03821787978921609	0.9992596983747324	-3.672635178183765	Il11
0.062324085881757287	10.283827201447428	0.9711266905034741	0.3337473497849701	0.9992596983747324	-4.899863476763393	Il11ra1/2
0.02195487193785966	8.843923206640342	0.2522979895165898	0.8013106722437662	0.9992596983747324	-5.104249847969872	Il12a
0.21180828317260691	7.983860288722252	2.167736683252573	0.03246883583473175	0.9992596983747324	-3.686816005160928	Il12b
0.038590467136408874	10.4230788733163	0.7089154816434879	0.4799693681507482	0.9992596983747324	-5.067435519887214	Il12rb1
-0.02006881990605912	8.703867521370217	-0.24464911123976885	0.8072120963316572	0.9992596983747324	-5.082546400059185	Il12rb2
-0.037603228446873714	8.583320847364964	-0.4864559559918656	0.6276715348441649	0.9992596983747324	-5.018420758089974	Il13ra1
0.16982349861389018	9.212221478219309	2.444558565887473	0.016191050914637507	0.9992596983747324	-3.1939490889211797	Il15
0.026738663715070374	12.63110092412416	0.6582778009528185	0.511820024409916	0.9992596983747324	-5.21972406971627	Il15ra
-0.09576745882908065	8.81134465165214	-1.126915842763641	0.26238180218923807	0.9992596983747324	-4.702552983832951	Il16
0.05812706435004181	8.768680939977912	0.6664991324450287	0.5065738632925743	0.9992596983747324	-4.96404472308145	Il17a
0.09595098003114444	8.486695669309041	0.9541500839661144	0.342228972133098	0.9992596983747324	-4.798268947448108	Il17b
0.03393158496971031	9.566982559775077	0.49999971279084504	0.6181357831862088	0.9992596983747324	-5.0979067302740555	Il17d
-0.01235970788877775	9.850112444414478	-0.19474795990119392	0.8459717094209819	0.9992596983747324	-5.196205615712645	Il17ra
0.06993068658929646	8.469107240378463	0.7648729016805942	0.4460862623961904	0.9992596983747324	-4.896929719496506	Il17rb
-5.313139551882754e-4	9.496537837604524	-0.007203320559073959	0.9942664858071761	0.9992596983747324	-5.177162927039235	Il17re
0.013629416452281884	10.29494499823013	0.20569787901931594	0.8374306222727361	0.9992596983747324	-5.227976834176071	Il18
0.03808925341991089	10.224572147638312	0.624826033033062	0.5334591573930542	0.9992596983747324	-5.097140930398051	Il18r1
0.0025538843573482506	9.490616144078253	0.03402193967602871	0.9729251270039756	0.9992596983747324	-5.180183363861752	Il1a
0.11197201898581056	9.595696641730422	1.530294102116231	0.12899213940499693	0.9992596983747324	-4.379356251955455	Il1b
0.06526526353831626	9.067711783585981	0.8680046706936622	0.3873982458049998	0.9992596983747324	-4.889264846023913	Il1r1
0.001297258073638241	8.709016375449867	0.01675294805867292	0.9866659317638156	0.9992596983747324	-5.099122524446834	Il1r2
0.06720867937517054	9.75815261995917	0.9709282887634744	0.3338456714244201	0.9992596983747324	-4.871192535739041	Il1rap
0.024668547385465672	9.89482447484188	0.3805590571711856	0.7043097420176966	0.9992596983747324	-5.163238621807285	Il1rl1
-0.08808876470068558	9.145559361203318	-1.1346867070422095	0.2591254705287381	0.9992596983747324	-4.714354764568461	Il1rn
0.03696256544992133	9.150678594991616	0.5569887841846245	0.5787365608454916	0.9992596983747324	-5.04079492968565	Il2
0.049023338380261905	10.059832003112396	0.7584936364009454	0.4498778452507035	0.9992596983747324	-5.0191333932108915	Il20
-0.04573969122235415	9.218203120517579	-0.6562228130539987	0.5131358239474741	0.9992596983747324	-5.000361239537659	Il20ra
0.22539785881659227	8.371991528113133	2.6084152207184994	0.010440487199189408	0.9992596983747324	-3.052310539927757	Il22ra1
-0.030991653254745673	10.365727993841679	-0.5073867092810131	0.6129620560079754	0.9992596983747324	-5.157028559238744	Il23a
0.0317892306500297	11.574953900942447	0.4307227719361982	0.6675648660032845	0.9992596983747324	-5.259649053382649	Il24
-0.07491008253763104	9.551436266634756	-1.0275461191184965	0.3065568164269006	0.9992596983747324	-4.817584161176661	Il27ra
0.011835108490568182	7.306201829410796	0.09651765246642678	0.9232959424515216	0.9992596983747324	-4.9714460776587535	Il2ra
0.0040360499073919046	10.073752272619005	0.06007081393929139	0.9522149756500065	0.9992596983747324	-5.2282177243524846	Il2rb
0.0752836014392334	8.678268831032481	0.8910868875446388	0.37494763481733695	0.9992596983747324	-4.843366762672254	Il2rg
0.08821968084295578	8.602988362398792	0.9993739710212365	0.3199423703910177	0.9992596983747324	-4.7787016259116495	Il33
-0.007260394143499197	9.860265445282407	-0.11206484004692359	0.9109888659211101	0.9992596983747324	-5.207914328692483	Il34
0.035431233736976576	8.906332438881776	0.4473214374089069	0.6555769617797609	0.9992596983747324	-5.055282166838118	Il36g
-0.06589476275380078	8.333692877271378	-0.7513835850168448	0.4541255353794207	0.9992596983747324	-4.896159466042817	Il3ra
-0.052441709662150074	10.093536908468252	-0.7407657817509754	0.46051133805015554	0.9992596983747324	-5.030452597386117	Il4ra
0.047162347000440294	9.743777222533355	0.7253755581557425	0.469857206266849	0.9992596983747324	-5.011896044647896	Il6
0.027967945630275	9.935203696176263	0.4381061444780969	0.6622215750424674	0.9992596983747324	-5.1489187887255055	Il6ra
0.03108091440354506	8.999704282011106	0.43614238248590087	0.6636410469329916	0.9992596983747324	-5.070050432154484	Il6st
-0.09026560046567632	9.208874529703696	-1.3770782492272535	0.17145667724497018	0.9992596983747324	-4.5176461933360645	Il7
0.16816735644727102	9.452460462610407	2.2307847733608894	0.02785129157933024	0.9992596983747324	-3.504370585641495	Il7r
0.004282998686415714	9.305108375325082	0.05764590277181621	0.9541417380137387	0.9992596983747324	-5.154730737620634	Inha
0.04654028960915379	9.315075347773803	0.6273268768722625	0.531825340536886	0.9992596983747324	-5.028624590620512	Inhba
-0.08320950647311907	7.8525859613519655	-0.8922655681812666	0.37431865586162527	0.9992596983747324	-4.797157136903226	Inhbb
-0.1599085920106853	8.738483147046104	-2.0692368209941385	0.0410129378817053	0.9992596983747324	-3.7604838359574977	Ins1
0.03654317336763924	8.531879597299934	0.44505460280605436	0.6572089077261314	0.9992596983747324	-5.028245103830602	Insr
-0.03503844120980146	10.02357393282162	-0.5886289320855554	0.557391566124819	0.9992596983747324	-5.098488777765183	Irf3
0.06331592127113835	9.033866678142225	0.7793403179695999	0.4375561573475233	0.9992596983747324	-4.9340414691162415	Irf4
0.0663106789736064	8.13213405231657	0.73012275301831	0.4669631354880107	0.9992596983747324	-4.891515494516283	Itga1
0.08428271923442443	8.533417356246614	0.9892527055359459	0.32484464403582414	0.9992596983747324	-4.781320512138395	Itga2
-0.09570540653881357	10.303859865819813	-1.4423486924026419	0.15222083810376696	0.9992596983747324	-4.492341538214593	Itga3
-0.01912914839146034	9.211748524761132	-0.25970885110843855	0.7956038344894176	0.9992596983747324	-5.129991794923257	Itga5
0.044071023016167214	9.978116247206797	0.7442752390830348	0.45839504718475166	0.9992596983747324	-5.023036184486456	Itga6
-0.013872167151854685	10.226613003708001	-0.20303470327419562	0.8395061887971074	0.9992596983747324	-5.226975092933617	Itga8
-0.08394539858755007	8.288379285090535	-0.9287109143739345	0.3551979776077828	0.9992596983747324	-4.800977437800783	Itga9
0.023140546222447735	9.252148245271833	0.29656881356714276	0.7673895275762092	0.9992596983747324	-5.125028298897072	Itgae
0.052236177008207575	8.767928048208498	0.6161411735114568	0.5391529500780693	0.9992596983747324	-4.98969766141753	Itgal
-0.04629426108569848	9.52533318629863	-0.6183591581841869	0.5376959070437459	0.9992596983747324	-5.047568800419684	Itgam
-0.03196919470620538	8.511861359402733	-0.3534779926325586	0.72444849891193	0.9992596983747324	-5.052729626654581	Itgav
-0.09793257137037384	9.304647881559184	-1.376655055550915	0.17158716060793153	0.9992596983747324	-4.520842832855921	Itgax
0.03722552647657511	9.2430575796162	0.5136845422871054	0.608566546282104	0.9992596983747324	-5.071419851364673	Itgb1
0.009151196423659391	10.239544773960237	0.17229156380421848	0.8635444823869627	0.9992596983747324	-5.227350178817782	Itgb2
0.022532493680184132	10.39628720111342	0.3333434177481052	0.7395488492745024	0.9992596983747324	-5.213694607044026	Itgb4
-0.009897829317517386	9.908662551559711	-0.16288168748817222	0.8709289230681967	0.9992596983747324	-5.204975014900263	Itgb5
0.024836075591386484	9.429929169138049	0.3818013220175437	0.7033908325704654	0.9992596983747324	-5.123495739767396	Itgb6
-0.17712264945165496	8.790507691921352	-2.2524308671985	0.026404075951598136	0.9992596983747324	-3.5133641204734523	Itgb8
0.05220473166507087	8.436180668019624	0.6417919375605439	0.5224259590244956	0.9992596983747324	-4.950597985823511	Itk
0.10749910788880228	6.671872360085028	0.6816932073707133	0.4969542780553309	0.9992596983747324	-4.8143982783894455	Itm2a
0.0747376866517876	9.624655107840974	0.9886654500373041	0.3251305979563257	0.9992596983747324	-4.85116375535195	Jag1
-0.024593155061808317	8.503851441689312	-0.28037580161540565	0.7797483729212189	0.9992596983747324	-5.059839805803655	Jak1
-0.04889849113463935	10.378074541044159	-0.7853514059542327	0.4340401612645328	0.9992596983747324	-5.026520587553724	Jak2
0.09631918930093793	8.376166984859506	1.0958728116158944	0.2756757319633804	0.9992596983747324	-4.702599426335723	Jchain
-0.014259948297749951	10.334206215587296	-0.2544727802542837	0.7996348137209938	0.9992596983747324	-5.222052382238416	Jun
-0.010687226826710862	11.052984819298644	-0.20906744580464665	0.8348061702448464	0.9992596983747324	-5.279710715693881	Junb
0.039989758319349214	8.798094435466936	0.4482992228775345	0.6548735458329104	0.9992596983747324	-5.047827638502153	Kdr
-0.0010711435315855198	7.871176217564143	-0.009536977782337629	0.9924090511360784	0.9992596983747324	-5.027713955490019	Kir3dl1/2
-0.006090232298758622	7.986111890424593	-0.05780284400555931	0.9540170288194021	0.9992596983747324	-5.029814958827561	Kit
0.025232802769447688	9.003827745907259	0.34665481519829777	0.7295538571567732	0.9992596983747324	-5.098237095829471	Kitl
0.026626899736126124	10.371363684433243	0.45348478574502377	0.651148272483487	0.9992596983747324	-5.174681412737692	Klf2
-0.1124795186246106	8.080124105719682	-1.172781053153126	0.24357350176106662	0.9992596983747324	-4.637602772064592	Klra17
0.04015488501647901	8.837740540008141	0.4781465822677972	0.6335534293233955	0.9992596983747324	-5.044623557860981	Klrb1
0.09044165089462998	7.887932536284011	0.8154775398955122	0.4166701155961331	0.9992596983747324	-4.830303805514921	Klrb1c
0.07030118625969717	8.272665521942262	0.7754797718846179	0.4398230043643798	0.9992596983747324	-4.882927819475221	Klrk1
-0.004679021301446696	10.070295297783623	-0.07691840199523843	0.9388368288821978	0.9992596983747324	-5.227622907894876	Kras
-0.02671090337871174	8.47243856823305	-0.21922461221437878	0.8269064673861408	0.9992596983747324	-5.070818597695888	Krt1
0.044165638053631016	9.493362043479983	0.4235864149279534	0.6727456984227753	0.9992596983747324	-5.121401553899027	Krt10
0.10923127113999849	9.055476161301696	1.3907063713270325	0.16729489426359703	0.9992596983747324	-4.501875627342233	Krt13
0.09292487121339113	10.69487328381868	1.3161445448771922	0.1910305578630908	0.9992596983747324	-4.6315539804440515	Krt14
-0.010133792170753898	9.802761800918221	-0.15006337654599539	0.8810064175895526	0.9992596983747324	-5.199258651359115	Krt15
0.05319301601238774	10.39036471417378	0.7329614844383006	0.46523734051713295	0.9992596983747324	-5.056199061999428	Krt16
0.13254477731243622	9.921264651663533	2.1240545821195274	0.03604586511969992	0.9992596983747324	-3.639453885427716	Krt17
-0.005933670538531252	10.99976518267686	-0.09544539006853822	0.9241454618825177	0.9992596983747324	-5.290962483285543	Krt18
0.024939434546275212	10.130896407886272	0.36073353702443817	0.7190332380609801	0.9992596983747324	-5.187771680777144	Krt19
-0.10092109738103365	9.325712406760982	-1.3840769541270221	0.16930968028251317	0.9992596983747324	-4.5156368730950645	Krt20
0.10315669405511481	9.128750538538076	1.4173980820142855	0.1593674399578703	0.9992596983747324	-4.478087104307468	Krt23
0.030320216776128398	9.40065681282633	0.37880040764070483	0.7056113726017412	0.9992596983747324	-5.115746293624509	Krt4
-0.01949135898606403	8.030100925468277	-0.17989577291207703	0.8575858379627954	0.9992596983747324	-5.02627667693879	Krt6a
0.015559763525461782	8.662443487129377	0.17019526491979795	0.8651885391691677	0.9992596983747324	-5.084878756835327	Krt6b
0.03170950561970401	9.856545349229073	0.48603189648982315	0.6279711345413788	0.9992596983747324	-5.12719140854229	Krt7
-0.04942473508319086	12.349558801706223	-0.7433457065296052	0.45895503935748205	0.9992596983747324	-5.156082204474252	Krt8
-0.0274500943270249	9.129434166587721	-0.3391833294262709	0.735158281785698	0.9992596983747324	-5.104331164332506	Krt80
-0.16287931022867985	7.746921816106963	-1.5495910797982306	0.12428959120904358	0.9992596983747324	-4.337736840312682	Krt86
-0.01834117132503561	10.284151275959173	-0.329597283771979	0.7423698222971213	0.9992596983747324	-5.204834107522321	Lag3
-0.040603186413607786	9.483958064393144	-0.6072535507873611	0.5450114890619745	0.9992596983747324	-5.048049509691035	Lair1
0.015167602240328077	9.390996099694235	0.2219002266655268	0.8248284358027196	0.9992596983747324	-5.154253926453397	Lamp2
0.005898343681523521	9.069750910670434	0.07283059360862512	0.9420813684968576	0.9992596983747324	-5.1400794987007545	Lamp3
-0.054394533587752134	10.132202477435142	-0.9530288900018887	0.34279400969396556	0.9992596983747324	-4.901674501760705	Lcn2
-0.19209934212737687	8.903734205508693	-2.304362133145511	0.023197817412849125	0.9992596983747324	-3.4307908018645854	Ldb2
-0.05662069632282096	11.985521153309367	-1.074670128836294	0.28501931131972713	0.9992596983747324	-4.902609591074514	Ldha
-0.05739978817377136	10.742529481888138	-1.0637509506319183	0.28991499768159495	0.9992596983747324	-4.854329676131039	Ldlr
-0.0026410918788518606	10.835462823023972	-0.04628787554658176	0.9631699224968204	0.9992596983747324	-5.2820762527258465	Lefty1
0.0338464264008366	9.129737547247434	0.49359229558644635	0.6226390540756499	0.9992596983747324	-5.061776501380807	Lep
-0.04599904225113591	13.069013701514693	-0.5782621398331654	0.5643422098224051	0.9992596983747324	-5.270762363595528	Lgals1
-0.04165521636266509	9.7237047079473	-0.5479266597987811	0.5849210539420991	0.9992596983747324	-5.092794705589219	Lgals3
0.04324180297320479	10.17622256289902	0.676300562872458	0.500357093574646	0.9992596983747324	-5.0697533293753265	Lgals3bp
0.049536667101237074	10.06576361717611	0.7667076407420522	0.4449991942142585	0.9992596983747324	-5.016576815819071	Lgals9
0.17392359600621832	8.624484535377672	2.19071922317214	0.03071378083653954	0.9992596983747324	-3.6084043527931984	Lgr5
0.06536752677964257	10.013377796444745	1.0117927042151695	0.31399471425914804	0.9992596983747324	-4.8573438613667665	Lif
0.0018767985935986664	9.3025002678665	0.026802166047829104	0.9786690921417635	0.9992596983747324	-5.162138871785907	Lifr
-0.02226965494592984	13.119368065775673	-0.334144042775275	0.738946409272192	0.9992596983747324	-5.365420721046565	Lmna
-0.023807312905373513	9.912001511071018	-0.35912001926500875	0.7202362806276377	0.9992596983747324	-5.167969046305604	Lpar5
-1.6414307097591436e-4	8.677752203700598	-0.0019542229656193517	0.9984445151858671	0.9992596983747324	-5.103280408964308	Ltb
0.14341562758517828	9.07286874780792	1.7984752309997278	0.07501417951239714	0.9992596983747324	-4.0791286435134815	Ltbr
0.021265667921031624	9.311394827825747	0.2745311273631809	0.7842232435910808	0.9992596983747324	-5.140728581709847	Ltf
-0.050303431136652	9.758366893410741	-0.7978386841717242	0.4267892997684921	0.9992596983747324	-4.978596626042876	Lum
0.011749348602423406	9.277878850041034	0.1440629778380277	0.8857306384882391	0.9992596983747324	-5.1489355734438504	Ly6d
0.008174611988209127	9.35970046193007	0.11463847387340959	0.9089535970909688	0.9992596983747324	-5.160276388989682	Ly75
0.008396309176908067	8.697733843007555	0.10414199985459385	0.9172580308196617	0.9992596983747324	-5.102488693615976	Lyn
0.028182208084265706	9.689809918177545	0.40662332852258437	0.6851235588973273	0.9992596983747324	-5.138840380609109	Lyz3
-0.03312954380727456	9.307918883375919	-0.47425760335713063	0.636314414982579	0.9992596983747324	-5.087333883788274	Maf
-0.030741256341746535	10.427967383750865	-0.5790152145911815	0.5638358716158864	0.9992596983747324	-5.131942548258044	Maml2
0.060702636693851716	11.054915166405582	1.0905584686904466	0.2779975020777836	0.9992596983747324	-4.847343626193833	Map1lc3b
-0.02298269536570755	9.916358372917294	-0.3537874775712063	0.7242172230785402	0.9992596983747324	-5.169150189696289	Mapk13
0.04770284367253978	8.820282024836484	0.6199282886708266	0.536666323663056	0.9992596983747324	-4.992154327316668	Mapk14
0.1339204493193031	8.698818599758972	1.560842526747871	0.12161094343152036	0.9992596983747324	-4.330801209407421	Marco
0.03521642588586271	9.089797357619295	0.44254129541615633	0.6590202352933436	0.9992596983747324	-5.078985189129378	Mb
0.0770649147607178	8.371181679167233	0.8261363079782044	0.41062552392584506	0.9992596983747324	-4.863658190615967	Mcpt8
0.04028110307026965	9.377300106507091	0.586588050979445	0.5587565711949427	0.9992596983747324	-5.048375184452261	Mecom
-0.12801693158474917	9.169637688340933	-1.5863625692895051	0.1157051035761544	0.9992596983747324	-4.31127940347793	Meg3
-0.11810855804548559	9.097926641363836	-1.5495518468163278	0.12429901250735924	0.9992596983747324	-4.3479238530256	Mertk
0.010205997263547314	8.622671503141682	0.11163613559219276	0.9113279498820812	0.9992596983747324	-5.100434074485768	Met
0.026695675931345274	10.303108553674786	0.40122484362804417	0.6890810589393828	0.9992596983747324	-5.189540574740774	Mfap5
0.018470219928616104	8.709333076778217	0.20969415090736038	0.8343182537574878	0.9992596983747324	-5.0978076369024885	Mgp
-0.038998421740126035	12.527527826421668	-0.852956535596091	0.39565134859973006	0.9992596983747324	-5.097075075560864	Mif
-0.032771969125682525	9.736464687957005	-0.4822011273764938	0.6306804022367937	0.9992596983747324	-5.115945406757358	Mki67
-0.0027968723313184247	9.061363830708956	-0.04021139661153429	0.9680019919422056	0.9992596983747324	-5.1402034124171	Mlh1
-0.017789753506173695	9.591812720663853	-0.2684414154246621	0.788893433205532	0.9992596983747324	-5.16715630798824	Mmp12
0.011488700428033866	10.311165459027391	0.19155206956132015	0.8484680612988453	0.9992596983747324	-5.230825886524795	Mmp14
-0.021290501991109538	10.060730233140887	-0.3272616255910274	0.744130437883879	0.9992596983747324	-5.188395069166867	Mmp19
0.03525584284318967	9.98548855349584	0.5738248310467937	0.5673301844999168	0.9992596983747324	-5.106646843219412	Mmp1a
-0.03454947970203299	10.109490443639977	-0.5187217818248939	0.605061140133559	0.9992596983747324	-5.1334302801408205	Mmp2
-0.047004375300344486	8.983374045785217	-0.520189398698398	0.604041558156143	0.9992596983747324	-5.0372457805890525	Mmp7
-0.022976834231065973	9.818961637974182	-0.319170863020396	0.7502396862337884	0.9992596983747324	-5.173869359640162	Mmp9
0.10252332337016902	8.785785263267417	1.195574064967794	0.23459260014488215	0.9992596983747324	-4.6517507787426835	Mpo
0.05449703816117496	9.7195281840649	0.7810895406391141	0.4365312930587968	0.9992596983747324	-4.981279751285002	Mrc1
0.08393127181865438	9.732470601535933	1.2485663292554972	0.21463823554358213	0.9992596983747324	-4.6512205333337695	Mrc2
-0.047196151198444274	9.512471227645598	-0.6433572635904841	0.5214140288303557	0.9992596983747324	-5.037213164241614	Ms4a1
0.049592109971312574	10.335568669853423	0.8493615734111701	0.3976388312106399	0.9992596983747324	-4.983581227233488	Ms4a4b
-0.031910944704574506	10.1026313616897	-0.5338010602047226	0.5946228147050234	0.9992596983747324	-5.126801921935258	Ms4a6b
0.031290959758166904	9.659909726277082	0.45525082031333347	0.6498815738652837	0.9992596983747324	-5.120963786950315	Msh2
-0.05619033265287032	9.420446200781422	-0.7532559881335114	0.45300470346645594	0.9992596983747324	-4.971617032546209	Msmb
0.19455336726582176	7.764137515364445	1.9686232926466791	0.05166830653764592	0.9992596983747324	-3.9295208921675098	Msr1
-0.0776469393489303	8.028375428945061	-0.7694357319779481	0.4433856589751647	0.9992596983747324	-4.863806442085011	Mst1r
-0.19351446531249114	11.857730967814518	-3.0835283226712833	0.0026222316888998756	0.9992596983747324	-1.808215747591424	Mt1
-0.1265196217912996	11.464426411350026	-2.0892428935693874	0.03913586862639239	0.9992596983747324	-3.6759877130799206	Mt2
0.01912666886583713	8.137313638565567	0.21310782653221028	0.8316617035547704	0.9992596983747324	-5.039973961071255	Mthfd1l
-0.003225620474439089	9.996712084724624	-0.052164881280737894	0.9584977792003673	0.9992596983747324	-5.221925023520977	Mtor
-0.03444035242008928	9.794176416997523	-0.5323555190436308	0.5956198366346572	0.9992596983747324	-5.107791762064732	Muc1
-0.006184211447527084	9.922568382673646	-0.09170957691056746	0.9271059072992369	0.9992596983747324	-5.213595360438034	Mx1
-0.10152483380234623	9.59687883173392	-1.4273962376954592	0.15647334025416385	0.9992596983747324	-4.4813481453695	Mxra8
0.018026440073609967	10.46259342140397	0.3435536124929744	0.7318783366233499	0.9992596983747324	-5.213985762717914	Myc
0.21427947792164395	8.57522809408035	2.5106395657530123	0.013597562835575821	0.9992596983747324	-3.1677770234540255	Myh11
-0.013143469247363867	9.035034452736316	-0.1763857371373426	0.8603352943224053	0.9992596983747324	-5.126291929059743	Myh6
-0.0044589190570913486	11.287955767855136	-0.07260913597718235	0.9422571702584084	0.9992596983747324	-5.310229003144853	Myl12a
-0.04530163264205088	9.653825573714661	-0.6762548122742321	0.5003860162240688	0.9992596983747324	-5.029988023135877	Myl12b
0.009175990229631226	7.9911335933154595	0.08099742848538008	0.9356002860005727	0.9992596983747324	-5.033543286066372	Myl4
0.029902252870031856	9.272264998310225	0.3578411259231279	0.7211903261304176	0.9992596983747324	-5.115115632801811	Myl7
-0.11086982687188267	9.542517148355037	-1.710645572848067	0.09013985019580119	0.9992596983747324	-4.180142398822081	Myl9
0.11102928943953563	8.561060806324813	1.2541005031270824	0.2126281495127586	0.9992596983747324	-4.596351724671784	Mzb1
0.02999095993644604	8.71792639694464	0.3540077274977497	0.7240526474691056	0.9992596983747324	-5.06324783149093	Mzt2
0.004468073243470755	11.859413778149955	0.08124824742146788	0.935401305973752	0.9992596983747324	-5.345105163904134	Naca
0.07582043486434359	9.82186889425632	1.206623374611479	0.23032561371877874	0.9992596983747324	-4.694296633343425	Nanog
0.07783831976673872	8.715011069939674	0.8841876923216297	0.3786425280223241	0.9992596983747324	-4.854035542400387	Ncr1
-0.06334307360001916	11.549706955185076	-0.8908244205132851	0.37508778517441455	0.9992596983747324	-5.022719881621328	Ndrg1
-0.0057350374387088975	13.972733746630805	-0.09903669499357973	0.9213005359958623	0.9992596983747324	-5.437224688153361	Neat1
-0.10544479799154731	7.551816864373636	-1.0179555694615106	0.3110707250706189	0.9992596983747324	-4.709054445936261	Nell2
-0.015878638709270244	10.41051528531266	-0.2689473506647718	0.7885051364786336	0.9992596983747324	-5.224696803768817	Nfkb1
-0.039210099251442254	10.309222742597944	-0.6273130724720418	0.531834351972444	0.9992596983747324	-5.102675009018549	Nfkbia
-0.025373947327841512	9.741140729463158	-0.38741515862732095	0.6992437461149259	0.9992596983747324	-5.1492232032171446	Ngfr
0.0033244238838215107	9.768961806513085	0.0514159605825999	0.9590930844431957	0.9992596983747324	-5.198927985053345	Nkg7
0.07625295560656317	6.996120357288964	0.591489075250722	0.555481388808658	0.9992596983747324	-4.864999541744882	Nlrc4
0.015562131863269971	10.463638069595003	0.25237638861950823	0.801250242994344	0.9992596983747324	-5.234328008538288	Nlrc5
0.27083731703245817	7.741275551010195	2.392021557801898	0.01855862410178821	0.9992596983747324	-3.432681118017971	Nlrp1a
-0.004621871600929755	7.660083371572178	-0.04712297532220134	0.9625059470128781	0.9992596983747324	-5.007768615676573	Nlrp2
0.06098468906970521	9.367419908083264	0.864163250434025	0.3894948738964219	0.9992596983747324	-4.911757174124665	Nlrp3
0.06357295291588282	10.00946859929913	1.1396408448360815	0.2570643550456496	0.9992596983747324	-4.75696444718334	Nod2
0.019434507056682	8.806137003260943	0.2645717533761617	0.7918650864127309	0.9992596983747324	-5.093114572270459	Nosip
0.016898019423572736	9.421650411714223	0.23837667572708993	0.8120598766406937	0.9992596983747324	-5.1508291970461855	Notch1
-0.001117618646142118	10.170264119744132	-0.017952627605403938	0.9857111784994222	0.9992596983747324	-5.234794448416775	Notch2
0.10010427571245636	8.617123571047017	1.325396699683991	0.18795542017781125	0.9992596983747324	-4.540965317814621	Notch3
0.13148855270556045	9.006894354988617	1.7586092062000271	0.08159712007904023	0.9992596983747324	-4.124418686984681	Nppc
-0.02085131066633261	10.421496471864234	-0.3444660281623203	0.7311941830627434	0.9992596983747324	-5.209313830094556	Npr1
0.022028644128817807	8.743707843376685	0.2534075763871372	0.8004555261363351	0.9992596983747324	-5.08844654850556	Npr2
-0.026490982944274204	8.562035701442861	-0.3267219964217635	0.7445374029483691	0.9992596983747324	-5.054526922321365	Npr3
-1.1819240855863607e-4	10.225055689662366	-0.0020551825524819894	0.9983641554269165	0.9992596983747324	-5.238569014674462	Nr1h2
-0.0723793716421129	9.994146886012397	-1.0838699191042107	0.2809387935424162	0.9992596983747324	-4.802621128351711	Nr1h3
0.1320578007659759	7.796280991789326	1.3289732799468361	0.1867766564114725	0.9992596983747324	-4.515874655388073	Nr3c1
-0.04917350268817784	8.852057545088293	-0.6628815721793754	0.5088787462625668	0.9992596983747324	-4.974194743104869	Nrg1
-0.07207507405268375	7.995219148693764	-0.7644299377197229	0.4463489447357427	0.9992596983747324	-4.8630332686034805	Nrxn1
0.003948180392656549	7.813767593807754	0.04500767681505103	0.964187839730564	0.9992596983747324	-5.018586225088892	Nrxn3
0.09136558272021493	9.281819748156082	1.0817430910786863	0.28187854236174686	0.9992596983747324	-4.7616701421525836	Nt5c3
-0.03142503281122397	9.440804016486313	-0.42526869774149095	0.6715229673297176	0.9992596983747324	-5.109545315314076	Ntrk2
-0.06036615288609773	9.975693033897032	-0.9167204969173621	0.36141845878058765	0.9992596983747324	-4.920930633555281	Nusap1
0.051201084043880414	11.273946429958462	0.8903908380612519	0.37531937850576824	0.9992596983747324	-5.007955525648898	Oas1a/g
0.06392773656086029	10.364069705323399	1.109841296154537	0.2696372055369233	0.9992596983747324	-4.799949523771951	Oas2
0.020379915361100353	10.63635779056399	0.3630809027398543	0.7172842979848237	0.9992596983747324	-5.22023173049865	Oas3
0.07365379650458742	9.686450948414162	1.1930973804249976	0.23555678240762626	0.9992596983747324	-4.6979592866923845	Oasl1
0.016335123054214508	8.335951407616918	0.16584073325326476	0.8686055365592014	0.9992596983747324	-5.0573342729874975	Olfm4
0.24774424459204258	8.406159845185675	2.7203144305958826	0.007650489527243017	0.9992596983747324	-2.8715680991696906	Olr1
0.13096446047360386	10.30621133979644	2.334887185043027	0.021477693965256065	0.9992596983747324	-3.3080724437003077	Osm
-0.04269938328493777	8.705296147393424	-0.4281241745421145	0.669449544560482	0.9992596983747324	-5.047546450274252	Osmr
-0.015961795713513856	8.672893263436594	-0.1997815697206555	0.8420430793172922	0.9992596983747324	-5.087089371306864	P2rx5
0.05671867701062229	11.321570789073542	1.112985073387672	0.26829094990001495	0.9992596983747324	-4.8408381523030535	Pcna
0.11777160130831671	9.344439973598494	1.5688325036335355	0.11973672074874749	0.9992596983747324	-4.334493689305382	Pdcd1
-0.09363739677064785	9.177603424822218	-1.1268944970503179	0.2623907862926232	0.9992596983747324	-4.723257380517139	Pdcd1lg2
-0.04612362896410546	9.603165928339628	-0.7457029961736926	0.4575356597583051	0.9992596983747324	-4.9998415185505936	Pdgfa
0.02692450836376508	9.424992096093026	0.3623279488600603	0.7178451343125002	0.9992596983747324	-5.1256192399407485	Pdgfb
0.08078297267201166	7.283618170634114	0.6931741737656969	0.48975153481466904	0.9992596983747324	-4.849457106830505	Pdgfc
-0.07157714791104823	8.259483301083737	-0.7977566611875854	0.4268366923219945	0.9992596983747324	-4.86832325167682	Pdgfd
0.10703577456112236	9.339862719721602	1.5651325963433218	0.12060174127409912	0.9992596983747324	-4.3369751646918155	Pdgfra
-0.048212187401139465	9.151649776898154	-0.6171886777079758	0.538464571421474	0.9992596983747324	-5.0142758380037264	Pdgfrb
-0.011524381285721067	9.944317604422311	-0.20509786181654616	0.8378981506895194	0.9992596983747324	-5.201098640190647	Pds5a
0.061621950659777956	8.852694022984897	0.7279685393838408	0.46827518138958435	0.9992596983747324	-4.942917596581711	Pecam1
-0.0433850426008693	9.593865478849528	-0.5587848358114541	0.5775145468492737	0.9992596983747324	-5.080109150979946	Pf4
-0.009959116393173829	11.659417720700455	-0.17442597530345105	0.8618711508893213	0.9992596983747324	-5.322492548930508	Pfn1
-0.011751021586474161	9.0316429434612715	-0.13883250387477752	0.8898520541207653	0.9992596983747324	-5.136935094590553	Pgf
-0.18521070848197144	8.675368878251398	-2.121420293884343	0.03627208187107118	0.9992596983747324	-3.6993641103495425	Pgr
-0.02826117565863866	10.929510024924555	-0.5336200145750171	0.5947476435210608	0.9992596983747324	-5.181300700127683	Phlda2
1.5966509902723622e-4	8.538291444713137	0.0020114359250697346	0.9983989759758036	0.9992596983747324	-5.087970355834682	Pigr
-0.001441249197719459	9.693890777222025	-0.02150555296609923	0.9828837446182507	0.9992596983747324	-5.194911551522342	Plac8
-0.13725266813718318	9.017198121255731	-1.738132860330761	0.0851589557492569	0.9992596983747324	-4.147125016261806	Plac9
-0.006729493097063565	10.628873737481307	-0.10633325079522199	0.9155236039703853	0.9992596983747324	-5.264423605085623	Plekhg2
0.010039455547854662	10.975609656984334	0.1919426997837867	0.8481628516416155	0.9992596983747324	-5.278016939112471	Pnoc
-0.05466905429033296	9.75275399295793	-0.8122189428554044	0.41852864364073294	0.9992596983747324	-4.971229428302412	Pou5f1
0.078647828911574	8.82338271653654	0.9385978453551257	0.35012064003870547	0.9992596983747324	-4.826544971132217	Ppara
-0.01470985089742523	10.379346103586268	-0.26538864965520637	0.791237505121787	0.9992596983747324	-5.22523624156194	Ppard
-0.07615646006049205	9.209822141652461	-1.0352469394406238	0.3029643573291983	0.9992596983747324	-4.794100287522362	Pparg
-0.01768400082840955	14.456076518613237	-0.3681505603643968	0.7135122108610958	0.9992596983747324	-5.399604029945617	Ppia
0.07363930131241869	9.716111496167462	0.9348213973698678	0.35205445917303313	0.9992596983747324	-4.892273787709461	Prf1
-0.025850277077508806	9.428566463380184	-0.379750249931001	0.7049082562826916	0.9992596983747324	-5.123844260326832	Prss2
0.04868310675591693	8.940579019361037	0.6386011077159913	0.5244918884167789	0.9992596983747324	-4.992807263768883	Prss34
-0.07575765979266968	10.006586951559644	-1.2118564794258677	0.22832436057257796	0.9992596983747324	-4.697778667153031	Prtn3
-0.04023186801568347	11.011828243083595	-0.7345279930950991	0.46428653041876056	0.9992596983747324	-5.090154505595149	Psap
-0.04571501276573934	8.978441023228527	-0.5308869118378309	0.5966335591597796	0.9992596983747324	-5.037926738430805	Psca
-0.0863597928798342	7.948887986315493	-0.8646457457961639	0.3892311464098309	0.9992596983747324	-4.812740535598718	Psd3
0.022832629873760463	7.735410154859461	0.20579730202123475	0.837353158315782	0.9992596983747324	-4.997784769585144	Ptgdr2
-0.07378903829060365	10.043017325329593	-1.0853497257355533	0.28028620858305453	0.9992596983747324	-4.803623917938744	Ptgds
-0.008569474435143727	9.413196393657142	-0.11181932599716715	0.911183053349311	0.9992596983747324	-5.1651362883869325	Ptger4
-0.003903783747503622	10.648473819299653	-0.07278230488872384	0.9421197017346241	0.9992596983747324	-5.2679959667288285	Ptges
-0.0421242248961596	9.899894268549463	-0.665088325905184	0.5074720780644129	0.9992596983747324	-5.054674216085599	Ptges2
-0.05321719432695493	10.76139566276432	-0.897807202997354	0.3713703565031031	0.9992596983747324	-4.976087984234669	Ptges3
0.046331561333802646	8.944589569652258	0.576462186001544	0.565553327738415	0.9992596983747324	-5.0176540838293455	Ptgis
-0.07153563119835474	10.158609363036275	-1.1694620250926377	0.24490144070001357	0.9992596983747324	-4.741073907762801	Ptgs1
0.048571468817901406	9.01591433622292	0.5854437572353703	0.5595226307726964	0.9992596983747324	-5.02386174435018	Ptgs2
0.014035170705129125	10.005830263829766	0.21044570914345886	0.833733219157887	0.9992596983747324	-5.207637809085632	Ptk2
-0.014472171006013668	9.253990324323347	-0.21777891946715702	0.8280297860417868	0.9992596983747324	-5.1397674874965	Ptk6
-0.011487071046743473	8.180254445692336	-0.1147506533671947	0.9088648975266282	0.9992596983747324	-5.050699896353762	Ptprc
-0.029256568303352694	10.711513678765451	-0.4845222137944177	0.6290382359525939	0.9992596983747324	-5.186389571080904	Ptprcap
4.1531582519630417e-4	9.968900345214434	0.006885826310231713	0.9945191926038826	0.9992596983747324	-5.218911947280742	Pttg1
-0.008320461357916186	10.072629659239563	-0.1363723131738098	0.8917916432265082	0.9992596983747324	-5.221897780629865	Qrfpr
-0.03817564050078662	11.642349079458512	-0.8641622989141555	0.3894953940972834	0.9992596983747324	-5.044587819487109	Rac1
-0.049927892037880554	9.802171984969258	-0.6354454216172543	0.526539231969522	0.9992596983747324	-5.059844848925815	Rac2
0.006294694885352112	11.276580420571507	0.09275005546427158	0.9262812753209695	0.9992596983747324	-5.307605845004073	Rack1
-0.032730603935837405	8.92789833229911	-0.4072786095091439	0.6846437815084812	0.9992596983747324	-5.069722771269341	Rag1
-0.06718614139711418	9.277478631753734	-0.8531945628706302	0.3955199699794957	0.9992596983747324	-4.911978440939637	Ramp1
0.019749531940597517	9.873087645869795	0.28966988227683904	0.7726478063178828	0.9992596983747324	-5.1821848408653635	Ramp2
0.1100086601687304	9.515650468335625	1.6244765442428737	0.1073131985132332	0.9992596983747324	-4.276689859897092	Ramp3
0.06573282952666824	7.907695044472219	0.6811307662295769	0.4973085990149667	0.9992596983747324	-4.8975083821788905	Rara
0.11862737244079771	8.917285417882567	1.4716967737218616	0.14413436813369265	0.9992596983747324	-4.420472274328694	Rarb
0.011774276225398112	9.41398600069585	0.17203634994941708	0.8637446061432916	0.9992596983747324	-5.158177451288496	Rarg
0.061245150740764025	9.513662627214831	0.839476956420082	0.40313495685141765	0.9992596983747324	-4.936589716848631	Rarres1
-0.10856323193108522	10.073358608224948	-1.5331291801223574	0.12829258805851193	0.9992596983747324	-4.387762499709739	Rarres2
0.023834329772086098	10.611856398823493	0.416055047203524	0.6782304408357605	0.9992596983747324	-5.202532048701318	Rb1
-0.07562627029648429	11.239568693511037	-1.446657510848373	0.15101211760297537	0.9992596983747324	-4.516060442903209	Rbpj
-0.07440076180354023	7.949081522462349	-0.7995576128505355	0.42579682580240874	0.9992596983747324	-4.847985258597819	Reg1
0.05966116168562083	10.831428959050745	1.091208416973986	0.27771282506821965	0.9992596983747324	-4.836857716255119	Rela
-0.09349348382028358	9.893169980545132	-1.381705403781212	0.17003489901218433	0.9992596983747324	-4.536880004459031	Relt
-0.03403807769752412	9.812994402164255	-0.565808445032923	0.5727476321140154	0.9992596983747324	-5.094301433434208	Rgcc
-0.06352488235574884	9.426149456178248	-0.9422301618751745	0.34826708979642795	0.9992596983747324	-4.870164557706314	Rgs1
0.026600617379478875	9.225573604457816	0.3525487986733499	0.7251430319970393	0.9992596983747324	-5.116217479861581	Rgs2
0.1160154734528104	7.960089864195266	1.1137462927994795	0.2679656795647193	0.9992596983747324	-4.673030365817625	Rgs5
0.09575103171933694	8.427265257266596	1.0886419146002717	0.2788381249345041	0.9992596983747324	-4.712156110658518	Rigi
0.03093255170628789	9.383559507414368	0.4194981023998923	0.6757208565411353	0.9992596983747324	-5.105370988011312	Rnf43
0.07670294351330649	9.67385864408882	1.10961395607708	0.26973474107585393	0.9992596983747324	-4.765215406269274	Ror1
-0.023814597779223047	9.096201096806515	-0.3129738399846434	0.7549297869822448	0.9992596983747324	-5.113726106390806	Rora
-0.28225766523084955	6.352627974276566	-1.7547436601320323	0.08225997573251663	0.9992596983747324	-4.2002998199913675	Rspo3
0.043282051272402734	10.283317239215455	0.782085637925364	0.43594831022651637	0.9992596983747324	-5.018795149117236	Runx3
-0.011437585744658196	10.18350469489973	-0.1892450906679527	0.850271033071934	0.9992596983747324	-5.222839443919116	Rxra
-0.07601862497235466	9.308596373941102	-1.06451772621714	0.2895693449328826	0.9992596983747324	-4.774764022574315	Rxrb
0.13546714813708235	8.790958100965895	1.7913133283928386	0.07616328147398194	0.9992596983747324	-4.0897302076025195	Ryk
0.08500205869551397	7.690044972681993	0.8289880545639355	0.4090173016350084	0.9992596983747324	-4.811633830243933	Ryr2
0.021357412506235476	12.193109399527835	0.2989119689073142	0.7656060590439024	0.9992596983747324	-5.3300120441416485	S100a10
0.006221488144753594	10.9477400941622	0.10868086297185522	0.9136658663678995	0.9992596983747324	-5.284682237709559	S100a2
-0.005541258120583867	12.115624553483723	-0.07304600408514651	0.9419103699507038	0.9992596983747324	-5.360053075761023	S100a4
-0.03552798285476086	14.261237588048076	-0.35985364612637927	0.7196891994087689	0.9992596983747324	-5.384990317102016	S100a6
0.05549393599191977	9.506508164792649	0.8259855866358038	0.41071062805715486	0.9992596983747324	-4.940845696193628	S100a8
0.019524127573702088	9.497679644177232	0.2683960993699087	0.7889282151078465	0.9992596983747324	-5.1535784814964085	S100a9
0.16056049309067869	7.99743620671673	1.7951884934849531	0.07553972932420772	0.9992596983747324	-4.103281247601633	S100b
-0.04136872840001805	9.989335942101807	-0.5662148308696853	0.5724723994128242	0.9992596983747324	-5.10556296210714	Saa1/2
-0.05975472325458676	10.42037180569419	-1.0435596379883465	0.29911844835662926	0.9992596983747324	-4.854534309109467	Sat1
-0.17047020039152314	8.687037470605485	-2.044504716046253	0.043439945115935553	0.9992596983747324	-3.793070702839299	Scg5
0.07047938780529243	9.355641656118094	0.9306300553144334	0.3542087514803962	0.9992596983747324	-4.870687858375943	Scgb3a1
0.0012243525634723308	9.150030491692046	0.016357530242672762	0.9869806254885727	0.9992596983747324	-5.1467244814426465	Sec23a
-0.037831720879327034	11.32720660442566	-0.7805827396838431	0.4368280817447221	0.9992596983747324	-5.080677596346516	Sec61g
-0.023233711531133894	9.090096309994381	-0.2766905391201231	0.7825690764136339	0.9992596983747324	-5.111206410834779	Selenop
-0.06761480889785047	9.073719419502444	-0.8354763805749554	0.40537245353460183	0.9992596983747324	-4.906490689346555	Sell
-0.039949471710703614	10.422753091247184	-0.7384759832829773	0.4618951273607771	0.9992596983747324	-5.052646410541538	Selplg
-0.04411138135284999	10.29113076996216	-0.7674391644565599	0.4445661999769148	0.9992596983747324	-5.029578796990932	Serpina1a
0.005478046053710675	7.447587737662669	0.048950561986455296	0.9610529525615341	0.9992596983747324	-4.982633719757988	Serpina3a
-0.002298607485911665	9.239378034775234	-0.029545122611889407	0.9764866802963817	0.9992596983747324	-5.15252448527502	Serpinb5
-0.013336919624473576	10.680904433918682	-0.248962615187063	0.8038826582794494	0.9992596983747324	-5.24840549639642	Serpinh1
-0.010000988239948976	9.888296740853866	-0.1506723272783122	0.8805272169048923	0.9992596983747324	-5.208777055042288	Sfn
-0.06767291818493772	9.917638709178428	-1.1026298961870336	0.27274307628963423	0.9992596983747324	-4.781922239066313	Sh3bgrl3
-0.11387136250819258	9.252097682081853	-1.6198374260185826	0.10830772859619024	0.9992596983747324	-4.2780467619504225	Sigirr
-0.03454197191727901	11.17625999492102	-0.6855957949515699	0.4944995288704912	0.9992596983747324	-5.1262387784965995	Slc2a1
0.08300929427086595	8.071655816439153	0.8072857628691485	0.42135166464215845	0.9992596983747324	-4.852070325185754	Slc40a1
0.014812663251310419	9.928556931161609	0.201364738071297	0.8408082679099466	0.9992596983747324	-5.206075750439866	Slpi
-0.053800424576951666	8.631307020177216	-0.6835957814774776	0.4957567260931043	0.9992596983747324	-4.945243799839459	Smad2
-0.05667278289481798	9.302773029259201	-0.8126348528386013	0.4182911557706537	0.9992596983747324	-4.934880863818913	Smad3
-0.07064074851592121	8.542154597185748	-0.8187938806968454	0.414783733915725	0.9992596983747324	-4.876124009953687	Smad4
0.06756360467900585	10.03122742442364	1.087748944900443	0.2792303902989711	0.9992596983747324	-4.799286095616576	Smarcb1
-0.05138150712504888	8.687194520442237	-0.6387542926124228	0.5243926106352021	0.9992596983747324	-4.9751287692122	Smo
-0.039232053748878094	10.757051546156902	-0.6740286541861885	0.5017944367478785	0.9992596983747324	-5.107385332232193	Snai1
-0.15134767901605603	8.220694772485055	-1.670627028098901	0.09781422373111479	0.9992596983747324	-4.223653435358093	Snai2
0.021513960003932193	11.169456088236599	0.38319941768679816	0.7023571797949468	0.9992596983747324	-5.247408476616792	Sod1
0.01150492331442668	10.192576416158673	0.19777706577799248	0.843607081740563	0.9992596983747324	-5.222760149478963	Sod2
-0.023610884566446867	9.833002565105604	-0.34349366483034993	0.7319232945553912	0.9992596983747324	-5.168548419927617	Sorbs1
-0.05265444408622623	8.528440715094572	-0.6105022668382979	0.5428662878853693	0.9992596983747324	-4.967678439033165	Sostdc1
0.0195927376079576	8.62623455498125	0.2454352930131459	0.8066050049181137	0.9992596983747324	-5.074495125599045	Sox2
-0.02371903917109944	10.436114795135516	-0.42762261556369624	0.6698135528114441	0.9992596983747324	-5.185726390285106	Sox4
0.01914447229472797	10.415108936078905	0.3198914128400519	0.7496949551266183	0.9992596983747324	-5.2172448277812515	Sox9
-0.14762484184472557	9.139522407614667	-2.0644285282562365	0.041475443034819634	0.9992596983747324	-3.7452993528254197	Sparcl1
-0.03169436178349008	7.912500784664572	-0.29092349952740226	0.7716915192989153	0.9992596983747324	-4.9950306702149545	Spink1
0.038745339211613876	9.844529377609826	0.5329953996314322	0.5951784013207357	0.9992596983747324	-5.107900287522728	Spock2
-0.1538101269448202	9.317427115150991	-1.8088061344101944	0.07338195727628065	0.9992596983747324	-4.06415625353444	Spp1
-0.07266624362463181	8.842344288942972	-0.8750370129181597	0.38357815933495487	0.9992596983747324	-4.867603363434642	Spry2
-0.05366549222560293	10.203826120643933	-0.9187878701620303	0.3603410148142975	0.9992596983747324	-4.932394854891006	Spry4
-0.015068968496897163	10.977205565754641	-0.26322442056642653	0.7929004748876854	0.9992596983747324	-5.2669562551745726	Sqstm1
0.08242520647151712	9.437568081026722	1.0025009032364378	0.3184378049526999	0.9992596983747324	-4.829492134509859	Src
-0.056567960048435915	8.688095485056007	-0.7372161992281553	0.4626574533637259	0.9992596983747324	-4.931912668692352	Srebf1
-0.09577616105910745	10.673609024282136	-1.5159039168641373	0.13258935898736002	0.9992596983747324	-4.42290431922085	Srgn
0.1559781806009231	8.831487916767164	1.9273804308654314	0.056671350277507034	0.9992596983747324	-3.9314959952261805	Sst
-0.0615330560197833	10.43091515050275	-0.9673418621005785	0.33562625886244446	0.9992596983747324	-4.911245153857669	St6gal1
0.061936612857284704	10.2388532296377	0.8535268102299549	0.39533663152006393	0.9992596983747324	-4.9764069095469505	Stat1
-0.02212673108484224	10.738483530800094	-0.3899143339400339	0.6974004559519464	0.9992596983747324	-5.218767118175232	Stat3
0.058784913555618074	8.403464405926318	0.6565454299741851	0.5129291355608792	0.9992596983747324	-4.9409656004635405	Stat4
-0.015891950703564243	10.14692227657442	-0.2698332934321326	0.7878253188636286	0.9992596983747324	-5.207716782237576	Stat5a
-0.014013696072156407	10.366514790808683	-0.24051976140368125	0.8104027166138337	0.9992596983747324	-5.228379394535644	Stat5b
0.027783517185285718	9.531226646913098	0.419299386897722	0.6758655978479553	0.9992596983747324	-5.120982370631685	Stat6
0.07486147665696828	11.153524474750183	1.308786310628866	0.1935029119330571	0.9992596983747324	-4.655074333127753	Stmn1
0.0031391069055518215	9.264199622313036	0.03876599923436746	0.9691515668870823	0.9992596983747324	-5.15840615070277	Syk
0.01575835543846447	9.185740163851316	0.19691206797809285	0.8442821848750919	0.9992596983747324	-5.146078161594696	Tacstd2
-0.0175362475063284	9.741619302410417	-0.24363333932354736	0.8079966522230483	0.9992596983747324	-5.178279435334795	Tagln
0.03304382298821341	11.487270587180804	0.6903484479981443	0.49151898856679843	0.9992596983747324	-5.141279646577842	Tap1
-0.04909164156585329	9.95975057794367	-0.7911592548512625	0.43065882952636436	0.9992596983747324	-4.993226374871783	Tap2
-0.011358722616796556	9.973325824057259	-0.1629204539705377	0.8708984770102174	0.9992596983747324	-5.209715504728495	Tbx21
0.1750427926898457	9.86395792987891	2.678826758010291	0.00859435560627779	0.9992596983747324	-2.756095073513009	Tcap
-0.04155566131367623	7.691409060544494	-0.4046908498618856	0.6865392125575459	0.9992596983747324	-4.965107938728849	Tcf7
-0.03094931686923904	8.555955982333868	-0.3317586406156373	0.7407418119323975	0.9992596983747324	-5.062895515172423	Tcl1
0.09015666632844392	9.288229151171292	1.171792094764499	0.2439686448499647	0.9992596983747324	-4.695419787077655	Tek
0.0927048670908944	8.884508630853688	1.2285057111048536	0.2220409809532324	0.9992596983747324	-4.631868583807689	Tert
-0.10082423248319748	8.003832425955043	-1.1189447956240797	0.26575170013506455	0.9992596983747324	-4.670617130526125	Tfeb
-0.02558683356790562	10.231770715433392	-0.44644762343306493	0.6562058433555689	0.9992596983747324	-5.167786839076527	Tgfb1
-0.05958941293663438	9.386099985979483	-0.8333950051195038	0.4065395253964791	0.9992596983747324	-4.937194013297695	Tgfb2
-0.09066597062277931	9.6630255157616	-1.3326101412711946	0.18558371533644602	0.9992596983747324	-4.576794450640886	Tgfb3
0.03237262688038554	9.804872486792451	0.5777790857378664	0.5646671134878822	0.9992596983747324	-5.086990959730449	Tgfbr1
0.02417751225137067	9.870926625372306	0.35798885830241517	0.7210800962837535	0.9992596983747324	-5.165984414596346	Tgfbr2
-0.09644351456833339	9.17835141207399	-1.3313913013681522	0.18598287330393154	0.9992596983747324	-4.557357336141146	Thbs1
-0.12409699095965751	9.276092813676456	-1.6960884548951816	0.09287256524484087	0.9992596983747324	-4.194837855725812	Thbs2
0.09664129518928173	9.304176471647427	1.5952959391572406	0.11369262646864693	0.9992596983747324	-4.303892500905732	Thsd4
-0.04945070787861598	9.77215862826534	-0.7618459424009346	0.4478830609811518	0.9992596983747324	-4.997795991172988	Tie1
-0.038935502162306714	10.165864155419824	-0.598434580370457	0.5508563030274297	0.9992596983747324	-5.105717649945112	Tigit
0.035372048330793646	9.611659633214689	0.5230458962544252	0.6020593419027087	0.9992596983747324	-5.096426960271043	Timp1
0.06036299190951935	9.83640847147278	0.9884849266281758	0.3252185340913002	0.9992596983747324	-4.859913543933217	Tlr1
-0.0026547009424516287	9.829108528559482	-0.03917916763748102	0.9688229529019459	0.9992596983747324	-5.207930192336323	Tlr2
-0.00216387441741257	9.423014398590302	-0.03127150583913643	0.9751131875523433	0.9992596983747324	-5.175408710254353	Tlr3
0.03780004745741544	9.00837055448635	0.41025768988202366	0.68246421645073	0.9992596983747324	-5.07668117751978	Tlr4
-0.0721513626346235	9.229940199738678	-0.9140172468975835	0.3628303880912176	0.9992596983747324	-4.8731664132992565	Tlr5
-0.05945083111841978	8.495717077130681	-0.6886210999248233	0.4926011304220629	0.9992596983747324	-4.932418472385658	Tlr7
-0.09837393135233327	8.367741314395094	-1.156951078246533	0.24995336158249296	0.9992596983747324	-4.659345792944343	Tlr8
-0.09469507328303833	9.67311006694266	-1.4023325434105953	0.16380571699953841	0.9992596983747324	-4.511760940767781	Tm4sf1
-0.027952430366945176	10.302293899025509	-0.45007616529577776	0.6535960143683902	0.9992596983747324	-5.172148541055484	Tnf
-0.04502281211584054	9.622148998142531	-0.6416316326531764	0.5225296484746089	0.9992596983747324	-5.04736337969658	Tnfaip6
-0.01648746139529668	10.553297641249143	-0.264278982701131	0.7920900410807137	0.9992596983747324	-5.237357174312115	Tnfrsf10b
-0.01613665946688594	8.706469765390008	-0.19912033775159857	0.8425589321199294	0.9992596983747324	-5.094408531399639	Tnfrsf11a
0.03228848302461198	9.15542697247059	0.4061877899061826	0.6854425187225246	0.9992596983747324	-5.093230125936223	Tnfrsf11b
-0.031002979322237792	11.755178068389176	-0.5843113128403342	0.5602812663014349	0.9992596983747324	-5.208040997976989	Tnfrsf12a
0.045120928546063956	9.743005910692002	0.6555088754503617	0.5135933730203803	0.9992596983747324	-5.0508333930885705	Tnfrsf13b
-0.038833454026160646	9.978847251494205	-0.6160032429740554	0.5392436259359905	0.9992596983747324	-5.08670652341476	Tnfrsf14
-0.05249233965261285	9.1016289875018	-0.6813311952731275	0.49718231910781974	0.9992596983747324	-4.987083617145235	Tnfrsf17
-0.08799183551617429	9.48364200095449	-1.1956382073670808	0.23456766700480872	0.9992596983747324	-4.684208652440159	Tnfrsf18
-0.06608920301965009	8.162184643411518	-0.833057251828225	0.40672910258512507	0.9992596983747324	-4.84488072028987	Tnfrsf19
-0.03426557878284325	10.707090141232019	-0.6326364812580979	0.5283650913582447	0.9992596983747324	-5.123215510556754	Tnfrsf1a
-0.09874511049746376	9.63786981449872	-1.5535768530325365	0.12333540057756955	0.9992596983747324	-4.356321137382939	Tnfrsf1b
-0.08937988906582715	8.347638946457119	-0.9036403604926729	0.3682827959231818	0.9992596983747324	-4.81797950507598	Tnfrsf21
-0.08522400828945828	9.794424858199037	-1.2713197215019847	0.20646217447259516	0.9992596983747324	-4.637872477447447	Tnfrsf22
-0.12128301127872701	9.421241871432368	-1.6381105488130574	0.1044327768573802	0.9992596983747324	-4.259792351941796	Tnfrsf4
0.04363656247770612	10.249486571650463	0.8577699667991451	0.3929997868920745	0.9992596983747324	-4.971937850557933	Tnfrsf9
-0.0647068008436942	10.290776608605944	-1.1002925445554692	0.2737550557160309	0.9992596983747324	-4.8039461101456595	Tnfsf10
-0.008066635171105944	10.704663508369224	-0.13063134827774114	0.8963202963679244	0.9992596983747324	-5.267449024506248	Tnfsf12
0.07491031070586145	9.382703752392255	1.0620472731212578	0.2906840022984664	0.9992596983747324	-4.784097943146338	Tnfsf13b
0.02691142995410393	8.981537192892677	0.36080136624041415	0.7189826798828176	0.9992596983747324	-5.083359676256364	Tnfsf14
0.0577545845086535	9.087738765591652	0.7544453381707673	0.45229357499204403	0.9992596983747324	-4.950021273641677	Tnfsf15
0.038951394402664805	8.917066279690477	0.5279587815413032	0.5986571083726777	0.9992596983747324	-5.032063073005917	Tnfsf4
0.018233209272126485	9.340645225126254	0.24734131985419244	0.8051336578398489	0.9992596983747324	-5.142720110084985	Tnfsf8
-0.024193497340156116	10.381927266702094	-0.39959042067656075	0.6902809257274041	0.9992596983747324	-5.193778137510854	Tnfsf9
-0.08069744538342452	9.730006055573744	-1.2244177586995577	0.22357200326986973	0.9992596983747324	-4.672351709527404	Tnnc1
0.1325334767485429	8.746141132172218	1.6650181880790687	0.09893097304099344	0.9992596983747324	-4.226268268937469	Tnxa
0.02362513068890325	9.317709529043473	0.36164574568161373	0.7183534053565588	0.9992596983747324	-5.112314987889425	Tnxb
-0.019300261371111512	10.683871315623964	-0.3296603358920569	0.7423223126085583	0.9992596983747324	-5.232188466544491	Top2a
0.05371377185059459	7.976329031293203	0.5161226210485306	0.606868745361774	0.9992596983747324	-4.95752202169851	Tox
-0.019333724326732932	11.278076539900148	-0.2955655153494387	0.7681535606070361	0.9992596983747324	-5.278816668488764	Tpm1
-0.02122264817453731	10.507968249539758	-0.3450009177687599	0.7307932093738568	0.9992596983747324	-5.215916176635746	Tpm2
-0.03149332253000322	9.169177475323302	-0.409995072605496	0.6826562457882033	0.9992596983747324	-5.092694816260716	Tpsab1
-0.023029607035789625	8.96573636486015	-0.2788548401422168	0.7809121641715034	0.9992596983747324	-5.100036133385839	Tpsb2
-0.002224902700304174	12.58831530579548	-0.0454119256499067	0.9638664051459584	0.9992596983747324	-5.386466726652207	Tpt1
-0.02948610716424003	9.723135089158342	-0.41298631820912685	0.6804702422024542	0.9992596983747324	-5.1399225056576485	Trmt5
0.0605379926786494	9.410266053094517	0.8312816751478477	0.407726593978083	0.9992596983747324	-4.933051426335524	Trp53
-0.09621723104528042	10.207303767084623	-1.3999537114504197	0.16451507318789865	0.9992596983747324	-4.531774222719873	Tsc22d1
0.1389332891598862	8.029449147882149	1.3935247562679793	0.16644389873522333	0.9992596983747324	-4.469005908016829	Tshz2
-0.05710121421960595	8.461934457010642	-0.6518099381505784	0.5159673971321395	0.9992596983747324	-4.949403580004366	Ttn
-0.020430734508809962	9.233965529424962	-0.2997667689810093	0.7649557498948025	0.9992596983747324	-5.123030851026291	Ttr
0.03971377051528986	11.28210440391149	0.779077449595635	0.4377102924573354	0.9992596983747324	-5.078716890766198	Tubb4b
-0.012453296071887839	11.068144990636462	-0.2074128759565339	0.8360946325615869	0.9992596983747324	-5.281289501698809	Tubb5
-0.034101997463302	9.925196878822556	-0.5385774898934014	0.5913339192402473	0.9992596983747324	-5.1122089784453255	Twist1
0.005000753893160418	9.755686660610168	0.07288780683387387	0.9420359508576202	0.9992596983747324	-5.200695272688212	Twist2
-0.1026230112524223	9.460292538119333	-1.3801018719689293	0.170526595074757	0.9992596983747324	-4.523694178162878	Txk
-0.023120217820183975	10.441512288420347	-0.4022905562793058	0.6882991221311212	0.9992596983747324	-5.193743839501841	Tyk2
-0.014376929662687877	12.09628417983195	-0.3268086417771693	0.7444720538749223	0.9992596983747324	-5.320760312446257	Tyms
0.021128302572677487	10.230006178344334	0.33113767186066345	0.7412094273475238	0.9992596983747324	-5.200038491288954	Tyrobp
-0.027091147211903744	13.12187391521708	-0.543885696739113	0.5876888423299935	0.9992596983747324	-5.293293668849732	Uba52
-0.03707858997138998	10.749288343265494	-0.7354798145576401	0.46370934795949015	0.9992596983747324	-5.0749381545369845	Ube2c
-0.06644026015160905	9.01654538495277	-0.776506135325363	0.4392196748516124	0.9992596983747324	-4.928090896440958	Upk3a
-0.09672549647026979	9.008645629637847	-1.231798138367011	0.22081344891912694	0.9992596983747324	-4.632242264641019	Vcam1
-0.09575532902690846	8.717482288687686	-1.0379093038930258	0.30172898750883853	0.9992596983747324	-4.758269329698485	Vcan
-0.022389537006780126	10.232453516648986	-0.34198415645692554	0.7330556623181155	0.9992596983747324	-5.197425181147837	Vegfa
-0.06570013672406863	11.189280352317434	-1.2141891787742034	0.22743634566957302	0.9992596983747324	-4.746057671501866	Vegfb
0.009324633503958731	9.244980555799541	0.1308664878447568	0.8961347425327251	0.9992596983747324	-5.1541976462062635	Vegfc
-0.006664782697269664	7.354590377241883	-0.06254576747645853	0.9502487433613945	0.9992596983747324	-4.975755383755625	Vegfd
-0.019259849131695	10.299709851169236	-0.2927040001668088	0.7703339189110145	0.9992596983747324	-5.214623725074186	Vhl
-0.05655894732108564	12.531190654606176	-0.8386217171449925	0.40361265487036035	0.9992596983747324	-5.1024491106726915	Vim
-0.08555224849834413	9.247145451946704	-1.0037376616258438	0.3178440215856926	0.9992596983747324	-4.8155212505615745	Vpreb3
-0.09545253050037787	10.285825978055453	-1.5136460683048356	0.1331608558374395	0.9992596983747324	-4.414808115379092	Vsir
0.07752836647107403	9.449387463602914	1.0397354926283	0.30088358320435754	0.9992596983747324	-4.80675559481028	Vtn
-0.03053099127358174	9.802810057474568	-0.4819058241240739	0.6308894619725202	0.9992596983747324	-5.1217472577898455	Vwa1
0.04036417186597113	8.66992949187809	0.4395055154218517	0.6612108140062384	0.9992596983747324	-5.039903259541923	Vwf
0.05751417994005554	9.208278671600523	0.7473269729648875	0.4565592813081679	0.9992596983747324	-4.966702859422773	Wif1
-0.063663039422886	8.837701426914046	-0.779442269182043	0.4374963859150345	0.9992596983747324	-4.918772298566814	Wnt10b
-0.07198336158039549	9.145428508780197	-0.9420284148613237	0.3483698738781582	0.9992596983747324	-4.846584390070888	Wnt11
0.13053401988465613	8.882380445018757	1.5062757934397064	0.1350398583022908	0.9992596983747324	-4.386705633784862	Wnt3
-0.12046359461585353	9.179087965715672	-1.5705608252688164	0.11933434049336587	0.9992596983747324	-4.327091748211154	Wnt5a
0.041895330659614136	9.994913936336873	0.6427380290313843	0.5218142205977341	0.9992596983747324	-5.072196989251701	Wnt5b
-0.045682440461368476	9.546805280059857	-0.6459694752811135	0.5197276042281505	0.9992596983747324	-5.043642013195927	Wnt7a
0.004487819007722628	9.949643452518925	0.06630968554292374	0.947259083376924	0.9992596983747324	-5.217540055090208	Wnt7b
-0.004735115686434489	9.365708754170932	-0.06327912997736067	0.9496661803755971	0.9992596983747324	-5.167021908998662	Wnt9a
0.044502903883340134	9.629764263400562	0.6844334143209003	0.4952299842406622	0.9992596983747324	-5.0250874147653635	Xbp1
0.039168292939984334	9.072589587110903	0.5032790568663502	0.6158365935399912	0.9992596983747324	-5.053458517503774	Xcl1
-0.0909252008348903	8.389858197373119	-0.9931148259335414	0.3229681896389275	0.9992596983747324	-4.767674733528987	Xkr4
0.04529872036539725	8.131054593550548	0.5084630569644268	0.6122098224596224	0.9992596983747324	-4.97841944561846	Ybx3
0.04826585723162284	9.775176275628745	0.7437671170869995	0.4587011145230523	0.9992596983747324	-5.0094726419155	Yes1
-0.0023903564051653754	10.703044805662726	-0.03882254962421951	0.9691065891515004	0.9992596983747324	-5.274960179338735	Zfp36
