baseMean	log2FoldChange	lfcSE	stat	pvalue	padj	gene
27.392456557384254	-0.0350939113690135	0.051597879246607296	-0.6801425151852732	0.4964142266860339	0.9891999326828187	Aatk
31.580847891925192	-0.04918977369413378	0.05307775557017675	-0.9267493164645503	0.35405670563285635	0.9891999326828187	Abl1
15.45812916878373	-0.024296206767998735	0.07152811600988197	-0.3396735175387828	0.7341024071287856	0.9891999326828187	Abl2
15.947551735702543	0.15392155176981528	0.07571039514687178	2.0330306224293304	0.042049429308611115	0.9891999326828187	Acacb
13.136915483292187	-0.04402978795751831	0.06953749001918556	-0.6331805756200056	0.526615728857613	0.9891999326828187	Ace
7.943828089154267	0.11449022672835278	0.10010736110521443	1.143674405801405	0.25275869153862335	0.9891999326828187	Ackr1
25.43098842288167	0.04174567249921637	0.06028086553960412	0.6925194607862712	0.48861116894479734	0.9891999326828187	Ackr3
23.44418600965279	0.08081787756231175	0.057410054541269934	1.4077303742015226	0.15921092411723545	0.9891999326828187	Ackr4
25.408783760040222	-0.04205583222875801	0.07784677730043031	-0.5402385774616457	0.5890325114239293	0.9891999326828187	Acta2
16.836343727756855	0.013760779692083381	0.06747781579537826	0.20393042557589564	0.8384078684884093	0.9891999326828187	Actg2
17.84470070820502	-0.03356431945842302	0.07078976451578549	-0.47414085479742585	0.635399466594228	0.9891999326828187	Acvr1
12.819684028412103	0.0751882197185181	0.08629824806007995	0.871260094019207	0.38361215437014723	0.9891999326828187	Acvr1b
9.226343650424454	0.16352623524621823	0.0911663776485538	1.7937121059763013	0.07285913204384271	0.9891999326828187	Acvr2a
10.401916327245026	-0.09347415992360848	0.08601035933723512	-1.0867779258671482	0.2771349655024131	0.9891999326828187	Acvrl1
20.232625862039836	0.0402099411259303	0.07506887781811604	0.5356406315724439	0.5922069416829612	0.9891999326828187	Adgra2
6.77747542925751	0.1343140654894002	0.09541890857250081	1.4076252547716601	0.1592420651821713	0.9891999326828187	Adgra3
8.150648864301456	0.23679313667055915	0.08834946555527357	2.6801875391358836	0.007358092342765	0.9345305973792329	Adgre5
9.05252622606589	0.06486954997462167	0.10568722219511599	0.6137880117131077	0.5393554202409557	0.9891999326828187	Adgrf1
23.291115093069795	0.07878829416800927	0.0571918573847206	1.3776138382429661	0.16832254612203726	0.9891999326828187	Adgrf3
15.93281710874255	-0.10185360867958512	0.07022483091467296	-1.4503930782452559	0.14694893620945437	0.9891999326828187	Adgrf5
22.127475422834898	0.03446576603814491	0.055930324255648284	0.6162268232275497	0.5377448275087542	0.9891999326828187	Adgrg1
30.300069874938362	0.036020810741070844	0.06463853758254842	0.5572652490021062	0.5773462150767248	0.9891999326828187	Adgrg3
34.51219835389247	-0.045291512610241565	0.05518019199583165	-0.8207929507324461	0.4117642145711489	0.9891999326828187	Adgrg5
17.121679995916008	-0.050238384440291224	0.06878422724212484	-0.7303765187831351	0.4651600673125173	0.9891999326828187	Adgrg6
23.939294645298435	0.05398596882152114	0.0547717929356752	0.9856527589834982	0.32430353881493335	0.9891999326828187	Adgrl1
24.53295592240026	-0.02510203956231041	0.058540833133613135	-0.4287953932090053	0.6680721317080267	0.9891999326828187	Adgrl2
15.00633865794941	-0.11751976871089406	0.06783073900624949	-1.7325444250292856	0.0831766744657877	0.9891999326828187	Adgrl4
9.862762830876639	-0.012541944289089385	0.09082375954512617	-0.13809100561244514	0.8901684941558994	0.9893997819251661	Adgrv1
13.947623317374816	-0.08328901319708303	0.07676826384965404	-1.0849406905983894	0.27794792444178035	0.9891999326828187	Adipoq
12.593468610655314	0.06829610195913124	0.0877909884651052	0.7779397766580256	0.4366045173820091	0.9891999326828187	Adm2
10.194552371681267	-0.03250539733847803	0.0928570626541259	-0.3500584275377542	0.7262948493580563	0.9891999326828187	Agr2
11.997486427299947	0.07925189197393398	0.08100738521435588	0.9783292197893236	0.3279115226560568	0.9891999326828187	Ahi1
15.63205964969235	0.1697241260122604	0.06386348564685913	2.6576082450427223	0.007869731346351435	0.9345305973792329	Ahr
29.841597480517862	0.10255367125058432	0.058934919639834736	1.74011726625427	0.08183842902556965	0.9891999326828187	Aif1
93.42162787062102	0.010109259456057843	0.040234346408331	0.2512594427025314	0.801613529532315	0.9891999326828187	Akt1
16.499469228175524	-0.03511362259601247	0.07004347469772748	-0.5013118316523454	0.6161516797068812	0.9891999326828187	Alcam
6.859165303843808	-0.029442544380398998	0.09267830121204021	-0.3176854128242696	0.7507235773237262	0.9891999326828187	Angpt1
20.532044896059677	0.044783902614955275	0.06265832372941808	0.7147318975264771	0.4747747237829935	0.9891999326828187	Angpt2
11.36027395082181	0.08950963444633867	0.09199956922372601	0.9729353648240212	0.330585427093344	0.9891999326828187	Angptl1
9.233950112524836	0.014415373573177908	0.08025938365413234	0.17960982151693486	0.8574588936245219	0.9891999326828187	Ankrd1
13.506130137015717	-0.013760064820440282	0.08464625291170925	-0.1625596449590367	0.8708651629157887	0.9891999326828187	Ankrd42
60.53010592892049	-0.035466871457333876	0.04560343781050012	-0.7777236357643126	0.43673195513655344	0.9891999326828187	Anxa1
57.93769582690016	0.018121616397066557	0.056365884593417064	0.321499725015989	0.7478317206138867	0.9891999326828187	Anxa2
40.889283180045084	-0.031897437659891406	0.04890282197345789	-0.6522616972330105	0.5142323648053849	0.9891999326828187	Anxa4
6.885247195535104	7.772919419217116e-4	0.10043952868374799	0.0077389047131947	0.9938253090462508	0.9975745867384366	Apc
9.262864090178816	-0.1457426217594777	0.10620908382717385	-1.3722236978960654	0.16999381030997826	0.9891999326828187	Apoa1
29.62886070746305	0.04647013981850102	0.06381734504783758	0.7281741317139867	0.4665069988986111	0.9891999326828187	Apoc1
33.38429600882769	-0.07975693901735459	0.051371261890839	-1.5525594677201726	0.12052841529035194	0.9891999326828187	Apod
24.190223857891354	-0.12321154153622318	0.08819575834761734	-1.3970234379140278	0.16240652312765685	0.9891999326828187	Apoe
18.122955101053964	-0.03801574366618341	0.07542759410776888	-0.5040031319554957	0.6142591761028604	0.9891999326828187	App
48.698341589878936	-0.02227407368077623	0.04375444535327898	-0.5090699585135297	0.610703188211615	0.9891999326828187	Aqp3
8.391886468626115	-0.13945475015340605	0.0951711248567422	-1.465305263159624	0.14283765121690983	0.9891999326828187	Ar
18.837332588053407	-0.09441546129704587	0.07592605155792446	-1.2435186521587485	0.21367677199392088	0.9891999326828187	Areg
48.662560554381244	0.008878097508231972	0.04275836052220917	0.20763418895868538	0.8355146071571153	0.9891999326828187	Arf1
30.69874537584002	-0.2994645674648048	0.07072193887702458	-4.234394195350487	2.2916864916437884e-5	0.02177102167061599	Arg1
12.22262678347799	0.07144065961062858	0.07335362322758397	0.9739213479473221	0.3300955931214337	0.9891999326828187	Arhgdib
16.061658289364463	0.08408502213180777	0.07426034279358025	1.1323004846010063	0.2575081264532661	0.9891999326828187	Arid5b
14.962186521041676	-0.09794821087415485	0.07265474883814418	-1.3481322616964502	0.17761584663815685	0.9891999326828187	Atf3
12.642443609957562	0.09973390604410276	0.09369080293330391	1.0645004944092622	0.28710203054840183	0.9891999326828187	Atg12
15.99352190325075	0.02500011193148819	0.079264214491265	0.31540225424479834	0.752456255480145	0.9891999326828187	Atg5
48.36823997021877	0.0639526160225259	0.04855971888479993	1.3169890084051583	0.1878423089429787	0.9891999326828187	Atp5e
38.04047163234131	0.07227639056634283	0.04716763050031336	1.5323303248371287	0.12544094151019938	0.9891999326828187	Axl
18.548250276198	0.06121277242277137	0.06668545396718642	0.9179329041216701	0.35865399391325103	0.9891999326828187	Azgp1
106.58353295500102	-0.045034555058540406	0.04501743509986917	-1.0003802961815407	0.3171265017728157	0.9891999326828187	B2m
17.835956822748667	0.07317295988126353	0.06356543670174176	1.1511438240344616	0.24967307138195413	0.9891999326828187	Bag3
41.23900832429947	0.03723100690296048	0.04867406194952842	0.764904456537168	0.4443284399933153	0.9891999326828187	Bbln
26.48264959672201	0.041563625353329824	0.06330353108794289	0.6565767286439136	0.5114531163408942	0.9891999326828187	Bcl2
35.63863734029428	-0.057288753865976844	0.05493828421088859	-1.0427838198598565	0.29704842672298254	0.9891999326828187	Bcl2l1
32.557948013801784	0.09981750428980252	0.05325694624244615	1.8742626329980459	0.060894235138224145	0.9891999326828187	Becn1
13.26740611113494	0.011812093429240849	0.06952774523501372	0.1698903565664942	0.8650963652191394	0.9891999326828187	Best1
24.123354623249863	-0.17201379539136283	0.07880986574101483	-2.182642918802006	0.029062116541692034	0.9891999326828187	Bgn
10.931321119548096	0.045003946407276715	0.0864461567924132	0.5206008928233397	0.6026448272446022	0.9891999326828187	Bid
45.55628287852386	0.016066724704101115	0.04190813654594295	0.3833796018700933	0.7014383254441372	0.9891999326828187	Birc5
25.219154071122805	0.06762701815164161	0.07698774942371843	0.8784127170602424	0.3797197855354759	0.9891999326828187	Blk
13.595153897511183	-0.1374428823494817	0.08280317970475225	-1.6598744497440305	0.09693971245414743	0.9891999326828187	Bmp1
10.955303859983148	-0.15756337266790932	0.09124844270183052	-1.7267513614755472	0.08421232708489695	0.9891999326828187	Bmp2
19.263333732259024	0.04668984549126818	0.0666592753157863	0.7004253387106814	0.4836617166229437	0.9891999326828187	Bmp3
8.193262524031205	0.027727499569526866	0.10013139365149623	0.2769111520212277	0.7818483292480072	0.9891999326828187	Bmp4
15.408018667106719	-0.035472103418700045	0.08375444827577089	-0.4235250085094487	0.6719122562530945	0.9891999326828187	Bmp5
20.962511028361	0.02285295927972944	0.08065388862870841	0.28334603164558425	0.7769115942657325	0.9891999326828187	Bmp7
17.29025081136967	0.11367201461327799	0.06799804566646858	1.6716953185807852	0.09458441775921213	0.9891999326828187	Bmpr1a
22.207505161070106	-0.004095448885983039	0.06076901753108973	-0.0673936991640154	0.9462682851252832	0.9970414716048607	Bmpr2
6.3092218059870975	0.025645672350051288	0.12457989540794144	0.20585723134598558	0.8369024343071794	0.9891999326828187	Bst1
88.04485161616138	-0.014977077010377397	0.03860067384743365	-0.3880004030389003	0.6980157353419301	0.9891999326828187	Bst2
22.905039784416985	0.02026234809770406	0.054336183444242465	0.3729070908798083	0.7092175943215282	0.9891999326828187	Btf3
36.56063880416358	-0.008473999494315541	0.0473830338256039	-0.17884037407787362	0.8580630423798521	0.9891999326828187	Btg1
8.86136462881078	-0.07846603397753217	0.09604975405872523	-0.8169311285228039	0.41396778742992285	0.9891999326828187	Btk
27.42600717604458	-0.0654379493490134	0.07376004180665367	-0.8871734308468143	0.374985534584416	0.9891999326828187	C1qa
32.31965691900932	-0.007473926141941771	0.06132887076810042	-0.1218663583453628	0.9030048591468499	0.993165932687719	C1qb
12.4595732340526	0.06520576367323742	0.08731469463540042	0.7467902618856636	0.4551901747168836	0.9891999326828187	C1qc
19.69012146660045	0.029786748548692083	0.07861932315963654	0.378873123700265	0.704782083118292	0.9891999326828187	C5ar2
15.552833938592816	0.07078745963168565	0.08584031176069185	0.8246412225182618	0.4095753106927805	0.9891999326828187	Cacna1c
6.743914843318833	0.019326176226068564	0.09921825697626643	0.19478447631559878	0.8455616756230446	0.9891999326828187	Calb1
24.20843786554967	-0.08043750949934983	0.06845470900541285	-1.1750471321555025	0.23997585993441978	0.9891999326828187	Cald1
26.568150152576706	-0.037666490672404705	0.06977414662309644	-0.5398344873477313	0.5893111810158549	0.9891999326828187	Calm1
55.13371027385248	0.0066945855690210485	0.03940965149778957	0.16987172721881436	0.8651110163427961	0.9891999326828187	Calm2
20.850049073963383	0.053526529416426716	0.06705058111970763	0.7983007532904752	0.4246959810049019	0.9891999326828187	Calm3
10.110667621469126	0.06648867587388438	0.0892454513160808	0.7450091281224104	0.456266201678186	0.9891999326828187	Camp
8.706467552955475	-0.19656238470717893	0.11400696447201258	-1.7241261147290066	0.08468507862483367	0.9891999326828187	Carmn
27.49328533626821	0.07269922923083125	0.060625679389574076	1.1991491058380368	0.23046997273569522	0.9891999326828187	Casp3
20.390129792767915	0.0038976878539461533	0.0620015379876254	0.06286437369866656	0.9498745043775968	0.9970414716048607	Casp8
16.930145307050882	-0.1232260054148811	0.07333680537150064	-1.6802750650325964	0.0929038101905995	0.9891999326828187	Casr
32.238990014178384	-0.040287977696054404	0.05598528096225802	-0.7196173173304995	0.47176064670025053	0.9891999326828187	Cav1
24.63419592236216	0.10667306462429585	0.06418231886883527	1.6620319506108188	0.09650636837756303	0.9891999326828187	Ccl11
36.729713262724175	0.004604004925422315	0.05997275283668701	0.07676827738689221	0.9388078872188638	0.9970414716048607	Ccl19
15.64543223441395	0.15396746936551103	0.08000013026381424	1.92459023326308	0.05428064223286488	0.9891999326828187	Ccl2
13.821690803456459	0.018277718450057195	0.07789709484817914	0.23463928257761515	0.8144887174838973	0.9891999326828187	Ccl20
13.502986340732411	0.11651479973883569	0.07409770030072173	1.5724482577187462	0.11584663004594699	0.9891999326828187	Ccl21a/b/d
28.318972088820615	-0.011854558480430192	0.054510710262812914	-0.21747209719476623	0.8278404498649028	0.9891999326828187	Ccl26
10.204447797803935	-0.013696378413961032	0.08642967412061871	-0.15846847223844407	0.8740876622335597	0.9891999326828187	Ccl28
20.74819013635399	0.0884755805968214	0.07650940143202434	1.1564014217968828	0.24751700030535828	0.9891999326828187	Ccl3
35.35496700781452	0.04659858201292374	0.05173347516577055	0.9007433168486559	0.36772481171723465	0.9891999326828187	Ccl4
37.14750980681786	0.09966031678648743	0.05465669125503729	1.823387301683808	0.06824475218246641	0.9891999326828187	Ccl5
28.503756746936684	-0.03819197916088227	0.1051539322604778	-0.36320067485709	0.7164549835363502	0.9891999326828187	Ccl8
16.95837040391677	0.010517982755060927	0.07539453906016065	0.13950589639745872	0.8890503968519061	0.9893997819251661	Ccl9
90.51434756035344	-0.03252354619573576	0.03951674374605145	-0.8230320393993886	0.41048977383664903	0.9891999326828187	Ccnd1
22.86344542897433	0.011665745016783469	0.05647760376299075	0.2065552402991276	0.8363572193947847	0.9891999326828187	Ccr1
25.111995706118392	0.09328358486061804	0.060935917174565576	1.5308473095331412	0.12580713405725363	0.9891999326828187	Ccr10
11.578855218516733	-0.03995539833868659	0.08399663323407718	-0.4756785694891019	0.6343033908437672	0.9891999326828187	Ccr2
12.283759369502308	-0.023824239917933723	0.08523251219779979	-0.2795205644372492	0.7798453585615666	0.9891999326828187	Ccr5
27.42038242420796	-0.0012205708115376503	0.05898367795842375	-0.02069336558493356	0.9834902613844709	0.9970414716048607	Ccr7
26.31007214819352	0.07072903753797913	0.0684839350964619	1.0327829065072696	0.3017055048394238	0.9891999326828187	Ccrl2
26.015492406939323	0.02448736543944831	0.06737261897999682	0.3634616823596943	0.7162600316045209	0.9891999326828187	Cd14
22.746431172339978	-0.13927564969059233	0.09375596694887772	-1.4855123809510185	0.1374081461546346	0.9891999326828187	Cd163
27.864487966070442	-0.054440851038385536	0.0496032360671969	-1.0975261969730197	0.2724114353815479	0.9891999326828187	Cd164
15.493838699010334	0.04908219258681005	0.06837955530919088	0.7177904618548013	0.4728864953529498	0.9891999326828187	Cd19
18.43914625288241	0.0150170867729962	0.08035824539604204	0.18687673802464397	0.8517572782516287	0.9891999326828187	Cd2
20.06172815349897	-0.05660082757285262	0.061879034495093105	-0.9147012075203107	0.3603485102737664	0.9891999326828187	Cd200r3
14.159357516647809	0.028276669702172207	0.07755051894282476	0.36462257232629985	0.7153931629544704	0.9891999326828187	Cd209a
12.964365558789089	0.10587560080355768	0.07993580287730911	1.3245078799804229	0.18533442776468623	0.9891999326828187	Cd209e
3.627100052997311	0.14773534518674475	0.14106887694313405	1.0472568321806233	0.2949811398418555	0.9891999326828187	Cd244a
30.183852638628696	0.014089418869146747	0.048164664271948085	0.2925260475105743	0.7698844473556014	0.9891999326828187	Cd24a
33.38017810746317	0.06849463990821622	0.04832332038123215	1.417424120856112	0.1563589646018292	0.9891999326828187	Cd27
8.317043212959549	-0.005432942496950498	0.11742963118639754	-0.0462655161398465	0.9630986239973106	0.9970414716048607	Cd274
30.161654350961793	0.010849249294244807	0.05528432258397638	0.19624459136249517	0.8444187276940852	0.9891999326828187	Cd276
12.647973787051802	0.02871504895540013	0.0749951802739933	0.3828919251942633	0.7017998987375194	0.9891999326828187	Cd28
13.854834605495132	-0.061333118949127165	0.08376745439633346	-0.7321831538408519	0.46405678515636967	0.9891999326828187	Cd300a
15.335806451507004	-0.03729976075093434	0.0778935719323173	-0.4788554411568719	0.6320414722560713	0.9891999326828187	Cd33
8.141370033050336	-0.06207269000121625	0.09717963851706721	-0.6387417256168813	0.5229909636778094	0.9891999326828187	Cd34
8.043726649642979	-0.010185571076267438	0.09947658059313029	-0.10239164852205263	0.9184458123468159	0.9970414716048607	Cd36
29.496473523007914	0.03221825558508395	0.063308552763712	0.5089084204046316	0.6108164174851297	0.9891999326828187	Cd37
15.342126933981532	0.1318872380080775	0.07114248783421358	1.853846302302782	0.06376115203861786	0.9891999326828187	Cd38
28.809369184945528	-0.01713133490190731	0.0649940707610394	-0.26358304228847695	0.7921012268469512	0.9891999326828187	Cd3d
20.898022494602355	0.017542753518228465	0.07432999654329919	0.2360117628689697	0.8134235425349086	0.9891999326828187	Cd3e
21.076692183162386	0.013057889686671658	0.06231818059262499	0.20953579777996578	0.8340299929735737	0.9891999326828187	Cd3g
1.9734374450002672	0.09524401803601121	0.17252407521551358	0.5520621856226983	0.5809057486242138	0.9891999326828187	Cd4
9.683171164262577	0.09631187914835515	0.08323954385422577	1.1570447732993643	0.24725406823110585	0.9891999326828187	Cd40
3.1352029551654277	0.1437491954617673	0.13701596794506873	1.0491419184032476	0.2941128057517232	0.9891999326828187	Cd40lg
43.04600151097592	-0.07109264302562864	0.04464733693776113	-1.5923154190524857	0.11131385011088041	0.9891999326828187	Cd44
48.66940292750614	-0.05631944378661059	0.04534418509887249	-1.2420433549264736	0.21422056634660516	0.9891999326828187	Cd47
16.885764224858285	-0.0515780310332109	0.09025990639158141	-0.5714390042622691	0.5677020959301027	0.9891999326828187	Cd48
22.378158295219247	0.0362491137399866	0.06786596165952008	0.534128049667173	0.5932529444511399	0.9891999326828187	Cd52
14.89383625787314	-0.04393300935579952	0.07945706549301765	-0.5529150753706121	0.5803215640002048	0.9891999326828187	Cd53
9.553852928083788	-0.043809186781773264	0.08826201863971557	-0.49635378226054183	0.6196448271952778	0.9891999326828187	Cd55
32.82837292620459	-0.1256696538644877	0.05886349383656313	-2.1349336519747633	0.03276643004113538	0.9891999326828187	Cd59a
8.797178909216681	0.025786445292268045	0.09702226737884748	0.26577862988481277	0.7904097023417028	0.9891999326828187	Cd5l
29.398364070109857	6.263047626485289e-4	0.05588880455860937	0.011206265147284315	0.991058881193291	0.9971917774163394	Cd6
95.41903600894804	-0.03089333234800743	0.03700827637093696	-0.8347682026139518	0.40384823231070255	0.9891999326828187	Cd63
30.624167598833267	-0.03770136322733287	0.049105994888345994	-0.7677547988398518	0.44263287324154227	0.9891999326828187	Cd68
15.39717652237709	-0.1384138407094352	0.07048477956365108	-1.9637408468368829	0.049560153081515575	0.9891999326828187	Cd69
14.80289442714776	-0.07328592859463845	0.08019043542375867	-0.9138986240362206	0.3607701167484712	0.9891999326828187	Cd70
39.16553098399218	-0.049588966071115806	0.055915428965875764	-0.8868565794492806	0.3751561212931804	0.9891999326828187	Cd74
22.823283037103007	0.07070326591586432	0.057834127193765086	1.2225180762040897	0.22151177241182315	0.9891999326828187	Cd79a
14.249511292690421	0.06363894739363891	0.07524743269913413	0.8457291512933066	0.39770385692297666	0.9891999326828187	Cd80
45.463707421512154	-0.024182785677084092	0.04045688563673043	-0.5977421468925123	0.5500119983385744	0.9891999326828187	Cd81
6.282375978698031	-0.10281959785004495	0.09932274247719283	-1.0352069957558319	0.30057225239136715	0.9891999326828187	Cd83
5.728385963723292	-0.14331348309632033	0.12745568075022617	-1.1244181683605814	0.260835668041604	0.9891999326828187	Cd84
18.749842419244132	0.05732870672144516	0.06179721658242838	0.9276907584498909	0.353568003645909	0.9891999326828187	Cd86
8.687586463163077	0.15325410935492811	0.08936482998630256	1.7149264355834193	0.08635871520227659	0.9891999326828187	Cd8a
12.17051807058983	0.05614655328949043	0.10060556989993372	0.5580859324720889	0.5767857061947894	0.9891999326828187	Cd8b1
49.463437037179546	0.046780432551742926	0.04372450617593849	1.0698904720274716	0.284668612317608	0.9891999326828187	Cd9
38.750052022752065	0.009499719050761008	0.04549656434127015	0.20880080041876412	0.8346037464647307	0.9891999326828187	Cdh1
8.608438589700064	-0.17182576053281667	0.10050656356411339	-1.70959740776739	0.08734034533556938	0.9891999326828187	Cdh11
4.292832747746987	-0.12229177599227567	0.1285663076039945	-0.9511961436191709	0.3415048157149838	0.9891999326828187	Cdh19
16.968931442908662	-0.0964308767372678	0.08107465955918172	-1.1894083461044516	0.23427901815276664	0.9891999326828187	Cdh5
11.663071070860646	0.04860986281018383	0.08325246318613584	0.583884980093645	0.5592976990878733	0.9891999326828187	Cdkn3
19.773677638879235	-0.020828933047476288	0.07372435574248001	-0.2825244498606672	0.777541401587639	0.9891999326828187	Ceacam1
10.46240627047702	-0.028217108950186757	0.08838602234087539	-0.31924854408950304	0.7495380484541332	0.9891999326828187	Ceacam3
16.521906194463963	0.06126948392257995	0.07343755665522073	0.8343072225323589	0.4041078829111776	0.9891999326828187	Celsr1
28.64454950420837	0.044537290992387464	0.06840213586138169	0.6511096536903933	0.5149757052508958	0.9891999326828187	Celsr2
6.074862643891655	-0.06623936243560787	0.10683283518586956	-0.6200281245027666	0.5352392708289727	0.9891999326828187	Cenpf
33.774428114813716	0.021408171531423853	0.04930492606735289	0.4341994449434782	0.6641436161293626	0.9891999326828187	Cfd
13.298631134258496	0.0322529575831394	0.07972614971932805	0.40454678542340666	0.6858106811827636	0.9891999326828187	Cflar
18.452108761397326	-0.01546902809072896	0.07376958482887774	-0.20969384776411912	0.8339066275594337	0.9891999326828187	Chil1
9.642740610744456	-0.1068903254274359	0.10168879728494584	-1.0511514373398936	0.29318904299716514	0.9891999326828187	Cidea
29.74196990105136	0.01341735575912922	0.055078261381112506	0.24360528859631567	0.8075365319697324	0.9891999326828187	Ciita
50.1756998426795	0.01721749574583304	0.039913268755039824	0.43137273099585455	0.6661973742934348	0.9891999326828187	Clcf1
49.152443010576	0.020767335505883045	0.04928043246125983	0.42141138924072136	0.6734547039623009	0.9891999326828187	Cldn4
23.64575120069394	0.0421002020298002	0.07213907891557558	0.5835977207176446	0.5594909940299633	0.9891999326828187	Clec10a
12.104685953165045	0.08260578938686493	0.08715257840032473	0.947829552528272	0.3432162331956944	0.9891999326828187	Clec12a
7.249950372265604	-0.07776977756334724	0.1260101373582944	-0.6171708022364772	0.5371220720989107	0.9891999326828187	Clec14a
10.446431338561693	0.03794185482913523	0.09157222811062388	0.4143380106826663	0.6786265802057645	0.9891999326828187	Clec1a
27.74474494842028	-0.06552959549928082	0.052134324252340554	-1.2569376593835662	0.20877621043346822	0.9891999326828187	Clec2d
9.920481662279075	-0.04712710306085649	0.09306182437911407	-0.5064063956974527	0.612571385652902	0.9891999326828187	Clec4a1
16.789613373765476	-0.039767318404416344	0.06724605457695058	-0.5913702841690148	0.554272346372575	0.9891999326828187	Clec4d
9.315048143907978	0.05834914696453101	0.0950868371837778	0.6136406330537367	0.5394528265712147	0.9891999326828187	Clec4e
3.9967699689295935	-0.12391956479399774	0.1455223184662842	-0.8515502371047534	0.39446376922441784	0.9891999326828187	Clec5a
3.4594517450541824	-0.18785344331681283	0.13733398394689028	-1.367858398322293	0.17135640388587808	0.9891999326828187	Clec7a
14.3129797887235	0.028107400690843925	0.08458844301465267	0.33228417132556837	0.7396746909911378	0.9891999326828187	Clock
86.88813410307583	-0.14487633954209533	0.06745413112561313	-2.147775638415778	0.031731583217312016	0.9891999326828187	Clu
8.002528522410435	0.0019167873179304162	0.08883460623128314	0.021577033987633287	0.9827853534896054	0.9970414716048607	Cmklr1
1.961962135724214	0.2089419975725013	0.17960194686604486	1.1633615404422066	0.2446828467014244	0.9891999326828187	Cntfr
5.363573252570332	0.017309171611933155	0.1182162495559028	0.14641956310539095	0.8835901846143734	0.9893997819251661	Col11a1
17.19201184663349	-0.1134953569145017	0.06303911097443493	-1.8003958996269624	0.07179814781962461	0.9891999326828187	Col12a1
10.617958467063383	-0.013876320160840065	0.08154051325926752	-0.17017700289325743	0.8648709369384076	0.9891999326828187	Col14a1
24.08921189631365	0.021951158554314426	0.05907474419409478	0.3715827948774885	0.7102035010101857	0.9891999326828187	Col15a1
16.492750697442652	-0.0720040838345554	0.06748036882672774	-1.0670374967784095	0.28595490404554713	0.9891999326828187	Col16a1
24.53730826166736	0.008579837183034615	0.05740515569723973	0.14946109071257457	0.8811898095745374	0.9893997819251661	Col17a1
30.755846661172082	-0.10316478114052842	0.054839083755496044	-1.8812272940316788	0.059941006397671276	0.9891999326828187	Col18a1
103.70101107569624	-0.1405006061897814	0.07617013262082616	-1.8445629718040724	0.06510113756548115	0.9891999326828187	Col1a1
54.20806339157126	-0.14569858966990745	0.07705268407779445	-1.8908957087439844	0.05863826739745001	0.9891999326828187	Col1a2
19.863520871232087	0.03366777969818737	0.06732813865495632	0.5000551087670524	0.6170362742144357	0.9891999326828187	Col27a1
11.281133475449796	-0.26912388923964126	0.13363834100932043	-2.0138224345427305	0.04402817943611479	0.9891999326828187	Col3a1
35.05570030266951	0.034376777824662495	0.04878832273749913	0.7046107735579153	0.48105249206547107	0.9891999326828187	Col4a1
20.09269817385887	-0.027108428099483634	0.058838281173898825	-0.46072773640962794	0.6449939529048045	0.9891999326828187	Col4a2
5.609901623429838	0.07788892176066475	0.10784962045201464	0.7221993126560863	0.4701719458663074	0.9891999326828187	Col4a5
5.123030170688625	0.017608703954697585	0.10286064101919133	0.17118991073964065	0.8640744404554231	0.9891999326828187	Col5a1
7.418622360962049	0.019481244030070486	0.11853688625222329	0.16434752629336163	0.8694575697276347	0.9891999326828187	Col5a2
26.042465646893568	0.018448779694217588	0.0607044551612859	0.3039114616085583	0.7611953454589675	0.9891999326828187	Col5a3
26.85022625744449	-0.018690957192756236	0.07107023556338435	-0.26299275701832464	0.792556161734113	0.9891999326828187	Col6a1
26.220422529192568	0.001962889662199164	0.06365121983256068	0.03083820965823896	0.9753985679998657	0.9970414716048607	Col6a2
26.09117796769343	0.012796417223204811	0.06524377815560319	0.1961323759130869	0.8445065560461671	0.9891999326828187	Col6a3
8.23720384268076	-0.10925464487120178	0.10853517224515458	-1.0066289352213131	0.3141131241354002	0.9891999326828187	Col8a1
16.645273122298722	-0.05454800610604114	0.07023381028806909	-0.7766630613134687	0.4373575855815743	0.9891999326828187	Col9a2
11.312540741217989	0.09451465202183286	0.0889689679679991	1.0623327906403104	0.28808463329057477	0.9891999326828187	Col9a3
33.40606313443092	0.03421014727074476	0.04727044318822034	0.7237111599425375	0.46924308030438605	0.9891999326828187	Coro1b
46.495756964797216	-0.041283194010632136	0.044558020967503054	-0.9265042098871648	0.35418401030332625	0.9891999326828187	Cotl1
10.54053305451596	-0.07967936231656321	0.07836980247607146	-1.016710005628655	0.309291404495181	0.9891999326828187	Cpa3
14.92383280637807	0.017242742794781357	0.07716042456112765	0.22346614722319727	0.8231727275698502	0.9891999326828187	Cpb1
72.5066344091213	-0.016850830534399393	0.053114351100820086	-0.3172556980393801	0.7510495900966385	0.9891999326828187	Crip1
7.806163907496405	0.0070556805343720205	0.09371411161396428	0.07528941386582656	0.9399844440881437	0.9970414716048607	Crp
34.73497486761801	-0.08210791973187381	0.05064868045795403	-1.62112653260603	0.104990504750384	0.9891999326828187	Cryab
19.328796162455223	0.0037947019178939893	0.059187567398825594	0.06411315897347192	0.9488801240581952	0.9970414716048607	Csf1
13.835986968277897	-0.0468465135722934	0.09429376042880228	-0.4968145650280377	0.6193198232142119	0.9891999326828187	Csf1r
11.113805461321261	-0.04834410000183031	0.0814027759293485	-0.5938876094813936	0.5525872868374111	0.9891999326828187	Csf2
14.399184639238014	-0.12191100529648952	0.11018039429356354	-1.1064673173311674	0.2685243025049872	0.9891999326828187	Csf2ra
12.316925287734314	0.0904121026975756	0.0870922426008758	1.03811889552453	0.299214705449386	0.9891999326828187	Csf2rb
25.25732397096749	-0.04473129157986504	0.05418250081413068	-0.8255671279056063	0.4090496887355193	0.9891999326828187	Csf3
12.25270427104963	0.08138147847810336	0.07944815695459648	1.0243343785131698	0.30567736525480993	0.9891999326828187	Csf3r
55.24734473332704	-0.039128206103303975	0.04434271755560344	-0.8824043328927519	0.3775581934385087	0.9891999326828187	Csk
16.040472088782927	-0.07040029811752238	0.06965273616906503	-1.0107327003872875	0.31214438156670793	0.9891999326828187	Cst7
10.45640049711479	0.002801233427560367	0.10003605059299657	0.02800223930228288	0.9776603651434896	0.9970414716048607	Ctla4
69.97462881234686	-0.03370000991935424	0.033916947761081125	-0.9936038512882986	0.3204157684672938	0.9891999326828187	Ctnnb1
13.635935094443758	0.018058270158171023	0.08243986280004628	0.21904779489954324	0.8266128167629683	0.9891999326828187	Ctsg
18.893035027374655	-0.009844055511351892	0.05951571486284292	-0.16540262574410866	0.8686270870970199	0.9891999326828187	Ctsw
14.235902108834106	0.0036135751374589196	0.078894244665808	0.04580277246795175	0.9634674490219444	0.9970414716048607	Cuzd1
38.978736796283066	0.034378342140124044	0.0466225994508117	0.737375061559883	0.4608942968147851	0.9891999326828187	Cx3cl1
26.241075961202537	-0.06302876498882472	0.06132076808107926	-1.0278534819636818	0.3040187541747055	0.9891999326828187	Cx3cr1
35.59329764796467	-0.017281591921905103	0.04745918056511374	-0.3641359103997772	0.7157565222752192	0.9891999326828187	Cxcl1
17.69594002391154	-0.03505281793601872	0.07529250327861102	-0.4655552201035196	0.6415339022546511	0.9891999326828187	Cxcl10
13.98657095716162	-0.09965890564841884	0.08646016527757004	-1.1526568949813571	0.24905124056103892	0.9891999326828187	Cxcl12
11.994998312255701	0.05775472875548253	0.08860094128505132	0.6518523157634541	0.5144964487126611	0.9891999326828187	Cxcl14
27.420069552508135	-0.001989981666706069	0.05970704840146779	-0.03332909128794162	0.9734121551487334	0.9970414716048607	Cxcl16
21.392707768000776	0.04282419950069337	0.06433356331383147	0.6656587525206509	0.5056292437101447	0.9891999326828187	Cxcl17
19.61691462807849	0.0633001421367582	0.06056856994499102	1.0450988391214788	0.2959772905537113	0.9891999326828187	Cxcl2
29.609471344183767	0.015721478152643648	0.05126931201954679	0.3066449993838365	0.7591135980850409	0.9891999326828187	Cxcl3
19.643598986742322	0.011866987414963021	0.06911809825717209	0.171691463078292	0.8636800976290022	0.9891999326828187	Cxcl5
14.285026067375517	-0.002282498786654038	0.07835217256260188	-0.02913127628758941	0.9767598915072159	0.9970414716048607	Cxcl9
18.59385921010779	0.032005894112928035	0.07004846683909105	0.45691070136408635	0.6477352318653793	0.9891999326828187	Cxcr1
31.88937839723105	0.07364041156255573	0.050366096787652505	1.4621028084234837	0.14371303927508514	0.9891999326828187	Cxcr3
5.0168207578179285	0.03300582416552127	0.11827693440765806	0.27905545853735153	0.7802022647121637	0.9891999326828187	Cxcr4
21.18908262733913	-0.03999904195673849	0.07614285817141628	-0.5253157409285953	0.5993637166067476	0.9891999326828187	Cxcr5
35.301987285888785	0.03220292003152568	0.045753444651700656	0.7038359685630511	0.481534931184546	0.9891999326828187	Cxcr6
17.358577808541956	-0.07582110713944863	0.07311531822927425	-1.0370071412626503	0.299732529029645	0.9891999326828187	Cyp1b1
21.71667577441429	0.06307536280931525	0.06905055896001822	0.9134663608709853	0.3609973178145574	0.9891999326828187	Cyp2u1
32.74745205134976	0.06440075354842138	0.051311550071743664	1.2550927317217357	0.20944509867393546	0.9891999326828187	Cystm1
20.399421565456517	-0.07168654890917148	0.07680202980374175	-0.9333939362326457	0.3506166100601211	0.9891999326828187	Dcn
12.807751550710627	-0.028396683927349255	0.08657252652477303	-0.32801034077737634	0.7429038439883782	0.9891999326828187	Ddc
21.336028509489513	0.021700542843027557	0.06496263634567545	0.33404652372104904	0.7383444522072653	0.9891999326828187	Ddr1
5.212369485693678	0.09506881267904627	0.12000292168611434	0.7922208171540441	0.42823193245680635	0.9891999326828187	Ddr2
12.067828799563323	-0.03169994789381197	0.07608423085439277	-0.41664281202340303	0.6769396898467361	0.9891999326828187	Dhrs2
30.63588007887304	-0.02877637778039165	0.05146069072772198	-0.5591914405628013	0.5760310740989858	0.9891999326828187	Dll1
16.182279014496032	-0.07562055997614248	0.07537273181423573	-1.0032880347566218	0.31572190754085316	0.9891999326828187	Dll4
13.790800981510868	0.06530822085939945	0.07217027483346643	0.9049185555978382	0.36550853594864097	0.9891999326828187	Dmbt1
36.39815664482822	0.03545686144235008	0.05158046502066989	0.6874087201063701	0.49182520406635205	0.9891999326828187	Dnmt1
9.479081699873397	0.012489969267597663	0.08293872742278076	0.1505927285805816	0.8802969977272198	0.9893997819251661	Dnmt3a
12.882347478081583	0.1130241897371222	0.07621303979824806	1.4830033027985892	0.1380735332616169	0.9891999326828187	Dpp4
18.637550411217312	0.11400890751258992	0.0790261053639289	1.4426739997822133	0.14911232679531328	0.9891999326828187	Dst
26.80742489984672	0.09585257271586997	0.06577428117096912	1.4572956330258848	0.14503479177143627	0.9891999326828187	Dusp1
15.145385518405735	0.02262329961149988	0.08829089742527348	0.2562359231952252	0.7977686716083614	0.9891999326828187	Dusp2
24.708530700204552	-0.050668039576120726	0.05453692463498388	-0.9290593467681275	0.35285833115702653	0.9891999326828187	Dusp4
37.634260216199884	-0.035696335049780654	0.05079685935960026	-0.7027272059691677	0.4822257696437596	0.9891999326828187	Dusp5
67.7561412968059	-0.008257715555053158	0.045620967240265424	-0.18100702494016466	0.8563620619927252	0.9891999326828187	Dusp6
44.727591274040414	0.03677438304189238	0.04579889005135997	0.8029535868806582	0.42200156145975753	0.9891999326828187	Efna1
42.257004629873464	-0.004482437478194867	0.049221702988679415	-0.09106628186403447	0.9274399244592268	0.9970414716048607	Efna4
8.108882527407475	-0.027968716412353423	0.09123368956967527	-0.30656127735570404	0.7591773314384744	0.9891999326828187	Efna5
17.475144723071033	-0.04752978625688012	0.07277037693320569	-0.6531474517509598	0.5136612233896661	0.9891999326828187	Efnb1
14.181902157618246	-0.0834620210206495	0.07646634683540805	-1.0914869674668708	0.2750586633887582	0.9891999326828187	Efnb2
9.463628255813996	0.09880193193816274	0.09574812144321442	1.0318942079376403	0.30212167961781405	0.9891999326828187	Egf
9.506290686722195	0.059296879274691704	0.09523407490057827	0.622643516373693	0.5335188080488897	0.9891999326828187	Egfr
97.61454410604925	0.023963131119760544	0.04310897792378877	0.5558733301941033	0.5782974512903647	0.9891999326828187	Eif5a
25.139404299842774	-0.009985625762927951	0.055134182958746565	-0.18111496764900945	0.8562773363996552	0.9891999326828187	Elane
28.706746280141033	-0.00831944579706796	0.051846061845672524	-0.16046437281643536	0.8725152842987483	0.9891999326828187	Emp3
38.52055821977787	-0.06802075952717387	0.045526206367954375	-1.494101199151381	0.13514917061856752	0.9891999326828187	Eng
77.30260446270628	-0.036569937930315655	0.04820073211115331	-0.7587008812642833	0.4480315096181127	0.9891999326828187	Eno1/b
13.13922784972718	0.013094424003349063	0.0709482707673867	0.18456297611933156	0.8535718277555195	0.9891999326828187	Entpd1
9.829385917196076	0.08819775287965154	0.0926619412126696	0.9518228490079628	0.34118683204128536	0.9891999326828187	Eomes
15.136214628772485	-0.05250723302176027	0.07451362678107823	-0.7046661837575969	0.4810180005060008	0.9891999326828187	Epcam
23.748217561325053	-0.010714354296539013	0.0555382650202752	-0.1929184192669244	0.8470228595127303	0.9891999326828187	Epha2
11.014875959798653	-0.14583578333254485	0.08961863610664804	-1.6272930460467758	0.10367487411870001	0.9891999326828187	Epha3
6.803252195798077	-0.1524602450814495	0.10226093083054003	-1.490894360565683	0.13598923222359538	0.9891999326828187	Epha4
10.663045031295322	-0.13910566146549994	0.08843710877274051	-1.5729331656800758	0.11573429456868375	0.9891999326828187	Epha7
18.77831959363504	0.025629857645117698	0.07352562109591038	0.3485840345596656	0.7274016153825595	0.9891999326828187	Ephb2
13.022187192582496	0.059073684505690276	0.08785097328314721	0.6724306208343693	0.5013095944296571	0.9891999326828187	Ephb3
44.02981303718022	-9.76132958804041e-4	0.04893866045978047	-0.01994604980261488	0.9840864100105947	0.9970414716048607	Ephb4
13.45097881124248	0.07922397762215497	0.08728321621388924	0.9076656550786929	0.36405489483471826	0.9891999326828187	Ephb6
16.303519046637692	-0.0080147454655436	0.06935551201041439	-0.1155603243811409	0.908001008729033	0.993165932687719	Epor
28.13113435252712	0.06484469656869388	0.05971278902376157	1.0859431895383442	0.2775041272628007	0.9891999326828187	Erbb2
25.666660056539797	-0.009480765112077365	0.0589721715356063	-0.16076676278324015	0.8722771041229254	0.9891999326828187	Erbb3
22.50395806475563	-0.00791839458223559	0.05789536983468831	-0.13677077467240298	0.8912119849519117	0.9893997819251661	Esam
5.951784997735331	-0.004157281965157943	0.10182033656261377	-0.04082958380913865	0.9674317545482574	0.9970414716048607	Esr1
42.27617697057661	-0.0024302018863087884	0.04461367613725286	-0.05447212820643457	0.9565590140794942	0.9970414716048607	Ets1
13.520888724779242	0.18925795835013984	0.06851287777721457	2.7623705862357113	0.005738330538009004	0.9345305973792329	Etv4
25.69880582194204	0.00572548875546484	0.052562635725692815	0.1089269721051336	0.9132604132821751	0.993165932687719	Etv5
12.587592962534991	-0.0776002678868103	0.07366373654359423	-1.0534392026242985	0.2921397449298495	0.9891999326828187	Ezh2
67.42389688502479	-8.76770685533742e-4	0.04674682386958721	-0.018755727404705158	0.9850359720165549	0.9970414716048607	Ezr
17.485564657852134	-0.013930829467704848	0.0679207725681943	-0.20510410793278178	0.837490786997557	0.9891999326828187	Fabp4
24.58696450649817	0.07857778811472499	0.0679498902734818	1.156407873485424	0.24751436258596232	0.9891999326828187	Fabp5
15.56290823493413	0.05973624460247703	0.07307277623791526	0.8174897366426005	0.41364861216017174	0.9891999326828187	Fas
7.94778645342518	-0.1336455512488468	0.09173012850436779	-1.4569428106980487	0.14513216731140924	0.9891999326828187	Fasl
12.657197215936197	0.0529694237105206	0.06839537125632619	0.7744591883565691	0.4386592936295002	0.9891999326828187	Fasn
90.01443471477772	-0.011504094977081518	0.03736780700056066	-0.3078611216577123	0.75818801029759	0.9891999326828187	Fau
23.560985783751175	-0.05925783604854391	0.07319427976864162	-0.8095965454657229	0.4181720941991166	0.9891999326828187	Fcer1g
9.533617527406172	0.049909618917441397	0.08845692619057177	0.564225110082573	0.5726009409603154	0.9891999326828187	Fcgbp
47.939505954736646	-0.002507560993895385	0.04653089953747112	-0.05389023248682433	0.9570226187050496	0.9970414716048607	Fcgr4
26.009885748177425	0.017120667224466073	0.056388949490397106	0.3036174175825297	0.7614193803338616	0.9891999326828187	Fcrla
37.16637812063337	-0.009745634799361774	0.05277220736532785	-0.1846736243548684	0.8534850350301979	0.9891999326828187	Fes
15.097124773484941	-0.026663172323300687	0.08091631519645351	-0.32951540438496524	0.7417661524859396	0.9891999326828187	Ffar2
13.343052255001718	-0.023614510597224248	0.08672673944066968	-0.2722863876760764	0.7854018220171759	0.9891999326828187	Ffar3
21.0422350462105	0.05619793508046462	0.0651811845582219	0.8621803279789559	0.3885882932074092	0.9891999326828187	Ffar4
10.240009164435786	0.0920763484488355	0.08953607808893897	1.028371472306093	0.30377512248578287	0.9891999326828187	Fgf1
4.641775954995979	0.1324110024998413	0.12143291808706236	1.090404517866466	0.2755349926070329	0.9891999326828187	Fgf12
6.769351261915455	-0.01300174995227123	0.09719777767935153	-0.1337659179324353	0.893587678483671	0.9893997819251661	Fgf13
19.36293063396342	0.0693857261388276	0.0599717843776899	1.1569728474619103	0.24728345397063334	0.9891999326828187	Fgf18
16.690360155040363	0.008486471705760766	0.07592680342795392	0.11177175019377028	0.9110043872163561	0.993165932687719	Fgf2
16.376843109728092	-0.06929479067943234	0.07937815958949507	-0.8729704875722872	0.3826791640283997	0.9891999326828187	Fgf7
2.1051169456880516	-0.2128108097505496	0.18597068174691905	-1.1443245126140709	0.2524890811402237	0.9891999326828187	Fgf9
29.692406503259598	-0.0326438957476403	0.05837220686796674	-0.5592369639454986	0.5760000093257234	0.9891999326828187	Fgfr1
37.43542250155423	0.0058420776195240165	0.05956208203497085	0.09808383823946822	0.9218657208567475	0.9970414716048607	Fgfr2
17.905439542306464	-0.09400468514817707	0.0640701912305699	-1.467214056063633	0.14231783440690912	0.9891999326828187	Fgfr3
5.225615176112034	0.13201790877344516	0.12150513134114577	1.0865212630632284	0.2772484388689904	0.9891999326828187	Fgg
14.954349330072391	-0.01328705397109065	0.077098658469553	-0.1723383290299122	0.8631715529089163	0.9891999326828187	Fgr
1.9831330227977253	-0.2173500403281661	0.18240261700073562	-1.191594966684549	0.23342009955768026	0.9891999326828187	Fhit
15.787422270300342	0.08223184194042879	0.07231670390232654	1.137107162011891	0.2554934902812125	0.9891999326828187	Fkbp11
23.179964065995197	0.016723634554903218	0.06286830398943631	0.2660105887016337	0.7902310541404522	0.9891999326828187	Fkbp5
24.40839364623653	0.039828536403821474	0.05311881892698441	0.749800865462928	0.453374647435789	0.9891999326828187	Flt1
19.62176741849459	0.005134862028503939	0.061384902366305935	0.08365024347293669	0.9333345183743477	0.9970414716048607	Flt3l
14.007027680414252	-0.014031090263390361	0.0912425082183562	-0.1537779981871167	0.8777847823701224	0.9891999326828187	Fn1
24.793751301399936	0.05785541883891504	0.05880761776163907	0.983808238473738	0.3252098078425012	0.9891999326828187	Fos
17.704252800179763	0.10944984141873002	0.07127184834311831	1.535667222937933	0.12462001786894665	0.9891999326828187	Foxf1
11.249153059155725	0.011785628157845804	0.09557929981363254	0.12330732889680378	0.9018637375043389	0.993165932687719	Foxp3
17.66008251064438	0.005466375112530065	0.0742698341513567	0.07360155270294501	0.9413274356139634	0.9970414716048607	Fpr1
37.52278993101466	-0.01958832982507012	0.047943823736407785	-0.40856836811276387	0.6828564481085602	0.9891999326828187	Frmd8
16.260434593043026	-0.02455376165386717	0.07898073284640447	-0.31088293016497326	0.7558896216860806	0.9891999326828187	Fyb
22.728203045996235	0.05423377361124974	0.06106141039647399	0.8881840962910592	0.3744417321041057	0.9891999326828187	Fyn
13.461780641884106	-0.11095130554703818	0.07072978122435976	-1.5686646222627632	0.11672610610600795	0.9891999326828187	Fzd1
25.15705120667416	0.013722080203247434	0.06465034045224301	0.2122507028928005	0.8319114525419515	0.9891999326828187	Fzd3
11.62794938424538	-0.13973455497591541	0.09295271730721252	-1.5032863914465997	0.13276520784036028	0.9891999326828187	Fzd4
21.02936065377406	0.0017520798454708653	0.06346693185856143	0.027606184735311366	0.9779762488412772	0.9970414716048607	Fzd5
26.01538022860714	-0.08865602765296707	0.056446537333292614	-1.570619418680923	0.11627107664002209	0.9891999326828187	Fzd6
28.047542081663465	0.058399319397761475	0.05432267590033101	1.075044968420004	0.2823545958903005	0.9891999326828187	Fzd7
10.533011153334401	-0.03153414610493257	0.09338708269929821	-0.33767139087609105	0.7356108364590627	0.9891999326828187	Fzd8
8.564146088089496	-0.008358720584711042	0.10102156427837955	-0.08274194370696317	0.9340567329428827	0.9970414716048607	G6pd2
15.431870141173876	-0.005737042751570728	0.08245175466124334	-0.06958060231879383	0.9445274766215925	0.9970414716048607	Gas6
16.58785069166759	0.047172995378798134	0.07712776291310211	0.6116214654371183	0.5407882327448532	0.9891999326828187	Gata3
9.167078081587704	0.025925062474266396	0.0908156135412415	0.2854692212423717	0.775284681662091	0.9891999326828187	Gc
5.316025722944888	0.007420921463429088	0.11580097606566837	0.06408341030926056	0.9489038113473763	0.9970414716048607	Gcg
41.903177454255726	0.049956903529112986	0.04218442950214229	1.1842498314828693	0.23631418159521303	0.9891999326828187	Gdf15
18.733553301181143	0.03670126497675677	0.06148837965611663	0.5968813161448444	0.5505866223213212	0.9891999326828187	Gh
35.17045886687067	0.06649936125206912	0.04857300530839575	1.3690600536214883	0.17098050368891815	0.9891999326828187	Glud1
31.303380037189093	-0.038311244054627464	0.06287749347357893	-0.6092997977205599	0.5423257411476026	0.9891999326828187	Glul
12.080308682687436	0.029031510197057724	0.08831918647573164	0.3287112501317594	0.7423739500910634	0.9891999326828187	Gm13889
20.708883760155857	-0.01366693448192802	0.0682886941116249	-0.2001346585949939	0.84137526802074325	0.9891999326828187	Gpbar1
19.988976293801972	-0.0024794399982478515	0.06692699667245759	-0.03704693354734403	0.9704475838455262	0.9970414716048607	Gper1
9.628122037494478	-0.14092624034568524	0.08438045077652881	-1.6701290292808575	0.09489383779150624	0.9891999326828187	Gpnmb
12.053854666512482	0.023832813913865922	0.09885395363834	0.24109115555518346	0.809484467477839	0.9891999326828187	Gpr183
135.2639370589144	0.01862436040361562	0.029032622912635326	0.6414976855401545	0.5211993841415435	0.9891999326828187	Gpx1
9.370073354629513	0.22284342170466412	0.09805811673896658	2.2725647719492663	0.023052420568800063	0.9891999326828187	Gpx3
90.78723912263915	-0.060763304136270097	0.04912831199163161	-1.2368286568978872	0.21615070073329254	0.9891999326828187	Gsn
91.22031268646737	0.0036996904585197476	0.0313276437761843	0.11809667158346274	0.9059910606897457	0.993165932687719	Gstp1/2
11.783241830423693	-0.0012612589820433684	0.08862479993149909	-0.01423144518259263	0.9886453328966092	0.9970414716048607	Gzma
18.33047683848867	0.07803711503234734	0.06816641662505493	1.1448029527734391	0.2522907919096104	0.9891999326828187	Gzmb
10.06139294020466	0.09311703256909903	0.09275813613886197	1.0038691638833686	0.3154416814831882	0.9891999326828187	Gzmf
8.045219880142268	0.13338136312524188	0.10833956438502518	1.2311417706205767	0.2182698452322495	0.9891999326828187	Gzmg
17.07386178800787	-0.028437874921296655	0.07520416099586649	-0.3781423068180989	0.7053248812620547	0.9891999326828187	Gzmk
20.06400245262063	-0.009302678903223557	0.0659003387683465	-0.14116283887286865	0.8877413023352241	0.9893997819251661	H2-Aa
23.319125201446514	-0.06496846965291372	0.06223921579239064	-1.0438510322756471	0.2965543166387848	0.9891999326828187	H2-Ab1
110.12916888721358	-0.07201428881341536	0.03137792896242622	-2.29506188568562	0.021729577963932316	0.9891999326828187	H2-D1
32.442548643478766	0.005404296176582874	0.05807744471251633	0.09305327056543498	0.9258612409774204	0.9970414716048607	H2-DMa
22.85482304695379	0.010136751825386047	0.06473313051535577	0.15659294930872286	0.8755656596261799	0.9891999326828187	H2-DMb1
29.95423987927002	-0.020580604439647095	0.0619858624279418	-0.33202094209097965	0.7398734456613678	0.9891999326828187	H2-DMb2
20.562546367225888	0.003892853753297764	0.09161909553503167	0.042489545771703066	0.9661084454912104	0.9970414716048607	H2-Eb1
112.07595561631685	-0.06411544831565683	0.033812582975285436	-1.8962008422284864	0.05793349186649478	0.9891999326828187	H2-K1
37.138160875936975	0.07106343196132271	0.04628669527444629	1.5352885216792531	0.12471297237264257	0.9891999326828187	H2-M3
11.70441760400981	-0.1239788098488285	0.08839821707396738	-1.4025035114123285	0.1607649426753101	0.9891999326828187	H2-Ob
19.577469587833047	0.009106676021328051	0.06743464610173089	0.13504446968684106	0.8925767146183177	0.9893997819251661	H2-Pa
26.119777888528898	0.03186486958447841	0.05436127814599803	0.5861685131629716	0.5577622787294139	0.9891999326828187	H2-Q1
22.74520573219827	0.07210117937088517	0.06622498228822776	1.08873082150604	0.27627260587841623	0.9891999326828187	H2-Q10
11.175753644600364	-0.012289832468233326	0.0851601497390064	-0.14431435954373553	0.8852522397268304	0.9893997819251661	H2-Q2
52.27349101618476	-0.031716376338962855	0.044001705119955326	-0.7207988020577657	0.4710333125763103	0.9891999326828187	H2-T23
62.386223298423204	0.014635513315070806	0.03857128873317969	0.3794406097321058	0.7043606990025548	0.9891999326828187	H2az1
6.668645982875573	0.15263919359661365	0.10807570503724874	1.4123358579433363	0.1578510929670682	0.9891999326828187	Havcr2
40.40176482565591	0.026497813015699045	0.0538351808942067	0.492202544424821	0.62257616590677	0.9891999326828187	Hba-a1/2
17.228089901304166	-0.07036990736403362	0.06480599066177327	-1.0858549749096313	0.27754315970090593	0.9891999326828187	Hbb
28.676349399530654	-0.10270146212736365	0.0650157290327581	-1.5796402448339486	0.11418927728006714	0.9891999326828187	Hcar2
12.373855889555678	0.019316121363541223	0.09000549304081244	0.21461047221620624	0.8300710285269808	0.9891999326828187	Hck
7.603060934381171	-0.1651617548800305	0.09776614773944386	-1.689355249223917	0.09115137144872189	0.9891999326828187	Hcst
56.60748337738048	0.019095529766164406	0.03913503779503611	0.48793947424234974	0.6255927131358774	0.9891999326828187	Hdac1
13.129262555786864	-0.019490014969936024	0.06983402151832539	-0.2790905427782299	0.7801753406651236	0.9891999326828187	Hdac11
26.91676089438392	-0.035288044199391626	0.05453630265865496	-0.6470560430225899	0.5175956729418429	0.9891999326828187	Hdac3
16.790101997750966	0.09228061666226944	0.07180265872062354	1.2851977671373347	0.1987231837115296	0.9891999326828187	Hdac4
16.117254464213634	-0.015256075358570221	0.07236161145127756	-0.2108310615614527	0.8330190996586495	0.9891999326828187	Hdac5
17.1927413187772	0.08122957464257743	0.06717618439128266	1.2092019720774505	0.2265852602692949	0.9891999326828187	Hey1
11.16742121933583	-0.11746040660037622	0.08195565112259916	-1.4332191251176172	0.1517952257570215	0.9891999326828187	Hgf
7.419189164062799	0.00547576293014875	0.09106516884800166	0.060130157330388685	0.9520519713352704	0.9970414716048607	Hif1a
26.09295580954081	-0.10666513228553881	0.060619627157420954	-1.7595808038961362	0.07847890863940157	0.9891999326828187	Hilpda
180.664290759518	0.059036280611211314	0.052267871848122205	1.1294946307122753	0.2586892333007961	0.9891999326828187	Hmgb2
10.496555912795147	0.10799281366991713	0.08512433736783108	1.2686479214900552	0.20456666449124153	0.9891999326828187	Hpgds
10.903918274740942	0.11101345841312052	0.08067718792547544	1.3760204249516956	0.16881530982437581	0.9891999326828187	Hsd17b2
65.67519967224894	0.0903104646085067	0.04026090432024725	2.2431305539028705	0.02488839691125056	0.9891999326828187	Hsp90aa1
106.800748791882	-0.022565488226513972	0.04448020273827519	-0.5073153186663959	0.6119335918708616	0.9891999326828187	Hsp90ab1
32.021218918369875	0.014699714222793267	0.05638110096285818	0.2607205955853346	0.7943079822449569	0.9891999326828187	Hsp90b1
33.07383542897366	-0.031589900837826826	0.055024397396597605	-0.574107165774798	0.5658952845780634	0.9891999326828187	Hspa1a
42.353054874232186	0.049716740248278365	0.04638948155591732	1.0717244207256424	0.28384382871333547	0.9891999326828187	Hspa1b
37.60288100303166	0.027076085095839083	0.0471368359757558	0.5744145642224545	0.5656872996417809	0.9891999326828187	Hspb1
25.135687890470997	0.06556136573576736	0.05605278606333758	1.169636165126305	0.24214741701493506	0.9891999326828187	Htt
6.773377391446102	0.05529737633349516	0.0957021036863023	0.5778073229691166	0.5633942106867784	0.9891999326828187	Iapp
11.169641943209774	-0.08577232769672162	0.08724825608891873	-0.9830835771583455	0.3255663063717653	0.9891999326828187	Ica1
32.12135003569805	-0.016463738254082667	0.055358160437775625	-0.2974039983244827	0.7661580914902474	0.9891999326828187	Icam1
21.54287728378894	0.04956799124905969	0.06422867536103749	0.7717423871881485	0.44026702043107896	0.9891999326828187	Icam2
11.763151665607623	-0.03465758873193566	0.08314740255335644	-0.4168210631678551	0.6768092947076153	0.9891999326828187	Icos
21.354047046627958	0.12725820150845413	0.06288768960821553	2.0235788959852226	0.04301349827771533	0.9891999326828187	Icosl
26.44738668891583	0.02998586113591551	0.05054994444623913	0.593192761424418	0.5530521564006428	0.9891999326828187	Ido1
76.01501042122347	0.010024805021852459	0.04127371856287496	0.24288591798630926	0.8080937747923927	0.9891999326828187	Ier3
46.177640123768136	0.029343972099110285	0.04572184168395382	0.6417933096821997	0.5210073941909537	0.9891999326828187	Ifi27
12.509613053751316	-0.08156740266675518	0.0852364480212085	-0.956954501980885	0.3385902200842531	0.9891999326828187	Ifi44l
11.892992065881218	0.03521386613796263	0.07526898602261121	0.4678403150984948	0.639898788019001	0.9891999326828187	Ifih1
13.297547504296398	0.04458840207484177	0.0740936137404664	0.6017846859383201	0.547317470190616	0.9891999326828187	Ifit1
16.250963247471287	-0.04235710230208947	0.07043153401269657	-0.6013940047714115	0.5475775908428716	0.9891999326828187	Ifit3/b
67.08971081837335	-0.010207707436348424	0.04397751197437912	-0.2321119812847834	0.8164510392636355	0.9891999326828187	Ifitm1
115.51001280164911	-0.027442155560915383	0.02908389626821525	-0.9435515553982337	0.3453988580075159	0.9891999326828187	Ifitm2
50.916302715218904	-0.014269052642221766	0.05136338382458874	-0.27780593060130254	0.7811613383608482	0.9891999326828187	Ifitm3
41.10461919741039	0.021766541949764913	0.05194412466207306	0.4190376118833268	0.6751886446055203	0.9891999326828187	Ifna
34.76935537996122	-0.0314220886538858	0.05458700844564208	-0.5756330956508822	0.5648632060803429	0.9891999326828187	Ifnar1
17.489838479078948	0.029405835323578763	0.06591287481503101	0.4461318885892829	0.655501979373667	0.9891999326828187	Ifnar2
6.079274921441344	-0.028777933861442787	0.1189658646324161	-0.2419007666641319	0.8088570560614201	0.9891999326828187	Ifng
16.317929845979396	-0.045529698817742534	0.07802211639057352	-0.5835486260052712	0.5595240327814823	0.9891999326828187	Ifngr1
30.976865795254906	0.05114012908233917	0.052375072450932085	0.9764211616174874	0.32885579898891454	0.9891999326828187	Ifngr2
25.598817315910896	0.0180529258954318	0.057500958195041085	0.31395869672635635	0.7535524089808867	0.9891999326828187	Ifnl2/3
17.723044100250494	0.08224712883859549	0.06225515530092914	1.321129606713357	0.1864581526991354	0.9891999326828187	Igf1
14.555587428569723	0.07697593095154373	0.06796479913941839	1.1325852783532917	0.2573884537611495	0.9891999326828187	Igf1r
19.65708136705401	0.041835147898058166	0.06868139202132556	0.6091191029597706	0.5424454963611787	0.9891999326828187	Igf2
24.608797570249784	-0.0486824962659566	0.054378640167711	-0.8952503430724504	0.3706532785797228	0.9891999326828187	Igf2r
10.800974847213835	0.03643716564773986	0.0867078817558783	0.42022899083530696	0.6743181781330294	0.9891999326828187	Igfbp3
4.024485959549785	0.02909923968576048	0.1514260306109959	0.19216801476170647	0.8476105994585075	0.9891999326828187	Igfbp5
39.78699084156234	-0.10495434265609412	0.06405437878819802	-1.6385194055684433	0.10131338933082912	0.9891999326828187	Igfbp7
7.758782212189798	0.04489969539912296	0.12674824626347253	0.3542431293746631	0.7231566839050527	0.9891999326828187	Igha
7.6570318010131775	-0.0060414449998187235	0.11730816761189991	-0.05150063395249787	0.9589265967024496	0.9970414716048607	Ighd
11.191187006721337	-0.0038281729566041443	0.09935058244558875	-0.0385319628971548	0.9692635476925053	0.9970414716048607	Ighg1
17.45443498930024	-0.041108840651323156	0.08534845093100031	-0.48165889600688205	0.6300482800981277	0.9891999326828187	Ighm
13.878338827253046	-0.05327624758670132	0.07032216181434915	-0.75760252830894	0.4486889661466775	0.9891999326828187	Igkc
7.094209250135113	-0.08800532916318478	0.10497820294109698	-0.8383200197527134	0.4018509951473802	0.9891999326828187	Ikzf3
46.74712043274466	-0.011575860209372995	0.045882276161912885	-0.25229481136731785	0.8008131983780815	0.9891999326828187	Il10
13.116065064182969	0.10043381968524652	0.08270980538211509	1.2142915730637667	0.22463640244814292	0.9891999326828187	Il10ra
17.888108820359566	0.08290756504992504	0.0698007464299033	1.1877747630275577	0.23492215970240649	0.9891999326828187	Il10rb
28.63178703424238	0.14795213689186557	0.05947458177976919	2.487653253951805	0.0128589037409361	0.9891999326828187	Il11
33.442093305591335	0.06295763642447749	0.056775302485216284	1.1088912549760703	0.2674770968389478	0.9891999326828187	Il11ra1/2
11.759939518641085	0.04093799469771226	0.07717276629049862	0.5304720391078229	0.595784690294465	0.9891999326828187	Il12a
6.043285781920959	0.23656432090796214	0.1128985174014372	2.0953713684901825	0.036137992665653595	0.9891999326828187	Il12b
35.21022534885354	0.056590693058840506	0.050222524276835864	1.126799058265214	0.25982744878492586	0.9891999326828187	Il12rb1
11.110799845018256	-0.05574700888557956	0.08818457784326365	-0.6321627913745014	0.5272805081716484	0.9891999326828187	Il12rb2
9.448859013034756	-0.056447212007168325	0.08501340830152264	-0.6639801077844484	0.506703042796009	0.9891999326828187	Il13ra1
14.665670362923072	0.14933329063738124	0.06554079680926915	2.2784784120333077	0.02269808928066989	0.9891999326828187	Il15
164.5425958518064	0.03151452743398049	0.02823483757394731	1.1161575607241814	0.2643546969432574	0.9891999326828187	Il15ra
11.83042665220108	-0.10509934876055209	0.09718315354280886	-1.08145645545713	0.27949412042364397	0.9891999326828187	Il16
11.523234008039635	0.07838344892730001	0.09278403365029408	0.8447945820369233	0.39822554015064104	0.9891999326828187	Il17a
10.125087145949285	0.07933319387717674	0.1103214785625729	0.7191092334044452	0.472073618635848	0.9891999326828187	Il17b
19.28062795932382	0.06444825105044513	0.06465671213691908	0.9967758786430014	0.3188733090955803	0.9891999326828187	Il17d
23.3884939642495	0.03378916508039016	0.05549279525627832	0.6088928287779365	0.5425954778638075	0.9891999326828187	Il17ra
9.102187394785444	0.06649714635866674	0.09849212868719447	0.6751518851811802	0.4995792720145467	0.9891999326828187	Il17rb
19.180599842097934	-0.0010117061534984236	0.0705464868210085	-0.014340985626475462	0.9885579411862974	0.9970414716048607	Il17re
32.6977198613869	0.039212830077079576	0.06190816778202632	0.6334031757351437	0.5264703916950415	0.9891999326828187	Il18
30.578953986497098	0.0652000818886188	0.049925393921530094	1.305950274345288	0.1915694682303355	0.9891999326828187	Il18r1
18.64384003583033	0.0038037921270876493	0.06597634663894941	0.05765387628847676	0.9540243339337148	0.9970414716048607	Il1a
20.232641670697028	0.10163882994623091	0.06994476621787162	1.45312988293699	0.1461876954785954	0.9891999326828187	Il1b
13.656538667121257	0.0787983591648196	0.07564319816164704	1.0417111000043928	0.29754564115751525	0.9891999326828187	Il1r1
11.09336806888862	-0.013165647053994051	0.08532184505015324	-0.1543057003309659	0.8773687029343541	0.9891999326828187	Il1r2
21.76878099693032	0.08257765137478291	0.057523302956764416	1.4355512832225543	0.1511300656506076	0.9891999326828187	Il1rap
24.687426752292076	0.01182203786971342	0.06311740815663387	0.18730233409419364	0.8514235930308852	0.9891999326828187	Il1rl1
14.873207641447127	-0.08878939344437514	0.07873045246589518	-1.127764297846978	0.259419474963649	0.9891999326828187	Il1rn
14.289454911442233	0.07086407241818184	0.06830116765894396	1.0375235863028802	0.2994919092991474	0.9891999326828187	Il2
27.786887810805098	0.1054236925280827	0.0591424175363598	1.7825394517102708	0.07466130364924553	0.9891999326828187	Il20
15.805004361751076	-0.049216234262534096	0.07424501950122664	-0.6628893708044749	0.5074014097370452	0.9891999326828187	Il20ra
8.48009402654396	0.2462912350695628	0.10335591673887463	2.3829427752240795	0.017174863905646178	0.9891999326828187	Il22ra1
34.088313664957425	-0.010135066033840227	0.056223595060574685	-0.18026357124479178	0.8569456530856997	0.9891999326828187	Il23a
84.90441578367736	0.04640462165464543	0.05665613677908647	0.8190572865140145	0.41275373010152355	0.9891999326828187	Il24
19.699453816220228	-0.022298921707694225	0.07218310204865631	-0.30892163227708386	0.757381140937496	0.9891999326828187	Il27ra
3.571907697132696	0.04550606611839547	0.1360515789841854	0.33447657467970354	0.7380199647252947	0.9891999326828187	Il2ra
27.671658156224183	-0.03677658187172237	0.057267536115088655	-0.6421890021217903	0.5207504729549616	0.9891999326828187	Il2rb
10.864325212743944	0.08897058962857986	0.09105616291538708	0.9770957481620962	0.32852175252942184	0.9891999326828187	Il2rg
9.9528606180391	0.07743829437381787	0.08578533986947275	0.9026984621340269	0.36668595287694755	0.9891999326828187	Il33
23.746532816765026	0.022159362161735047	0.062119116928872335	0.35672371497341104	0.7212986500666901	0.9891999326828187	Il34
13.081942189527396	0.08097362567043917	0.08566705626074536	0.9452131216459596	0.3445500817683219	0.9891999326828187	Il36g
8.232254990071675	-0.06618927175433728	0.09844775632723725	-0.6723289003593563	0.5013743351248222	0.9891999326828187	Il3ra
29.302694764742924	-0.0665307383314927	0.05966881262329355	-1.1150002054091552	0.26485033370297767	0.9891999326828187	Il4ra
21.890394341463193	0.07433220321886523	0.06121406646476684	1.2142993843032603	0.22463342068271736	0.9891999326828187	Il6
25.158450856891495	0.020477609178595035	0.05910717084041061	0.3464488130193981	0.7290054462428064	0.9891999326828187	Il6ra
12.636189945151997	0.04658378791402445	0.07167575690228896	0.6499239063150626	0.5157413751412209	0.9891999326828187	Il6st
14.853910579572204	-0.06418860393311264	0.07013621423226123	-0.9151991540425516	0.3600870886775678	0.9891999326828187	Il7
18.40267275640675	0.1619569157015236	0.0802096310421139	2.019170436234627	0.04346950794998429	0.9891999326828187	Il7r
16.435615860927534	0.06526131324087722	0.07027479343060665	0.928658912463684	0.35306588042018555	0.9891999326828187	Inha
16.503951297371213	0.040252924291378445	0.07161552520200212	0.5620698050854078	0.5740684599741308	0.9891999326828187	Inhba
5.474089967346552	-0.07087103275801483	0.11031866894455845	-0.6424210284265816	0.5205998497287971	0.9891999326828187	Inhbb
10.699768221894896	-0.16779280024324655	0.08036916773214355	-2.087775760008748	0.036818067131113234	0.9891999326828187	Ins1
9.114558036159565	0.06770687865315807	0.08430341527978762	0.8031332826606291	0.42189770242158336	0.9891999326828187	Insr
26.590048199538263	-0.038064043114679896	0.05216760678781835	-0.7296490189687641	0.46560475093098846	0.9891999326828187	Irf3
13.690304996961064	0.04810336290728381	0.08537681626503651	0.5634241824848074	0.5731460741046853	0.9891999326828187	Irf4
6.688569288600182	0.06877310357492455	0.10182746243617982	0.6753885634538715	0.4994289296042589	0.9891999326828187	Itga1
9.183067879976146	0.08378350702670323	0.08519666311340791	0.9834130113191923	0.3254042091058761	0.9891999326828187	Itga2
32.68527130445891	-0.08451846929397586	0.05589077798180722	-1.5122077799934566	0.13048101245385021	0.9891999326828187	Itga3
15.127695813504358	-0.024299762371492502	0.068487329013443	-0.35480668791628356	0.7227344177148094	0.9891999326828187	Itga5
25.498643098880514	0.04335011621474808	0.050548194193448616	0.8575997007696577	0.3911135403473316	0.9891999326828187	Itga6
31.08890818392689	0.004330032668638424	0.06391420171639348	0.06774758273367915	0.9459865707493994	0.9970414716048607	Itga8
7.6822851403874255	-0.07991632518789332	0.10246888487969796	-0.7799082158619943	0.43544490217224757	0.9891999326828187	Itga9
15.8971504014304	0.040377484066331966	0.07943008049694573	0.5083399615575684	0.611214949676167	0.9891999326828187	Itgae
11.141421291983148	0.028708859764196484	0.08606049997880483	0.3335892746529124	0.7386895126831198	0.9891999326828187	Itgal
19.650651703074935	-0.04004935626516003	0.07260160095178783	-0.5516318612829956	0.581200602611685	0.9891999326828187	Itgam
9.070795195210433	-0.03269172369129901	0.08649970735395385	-0.3779402808558137	0.7054749580752933	0.9891999326828187	Itgav
16.750395302507247	-0.1228832797343699	0.0749451548827794	-1.6396427484414409	0.10107946923775227	0.9891999326828187	Itgax
15.114027064776058	0.0495511953423646	0.06390685782341482	0.7753658532122283	0.43812350657303334	0.9891999326828187	Itgb1
31.471158169761203	0.019037193547343165	0.051085860156824654	0.37265093489474993	0.709408258399268	0.9891999326828187	Itgb2
36.47882450112445	0.012748072574366092	0.05477431433953509	0.23273814977113766	0.8159647433041077	0.9891999326828187	Itgb4
25.232071090812642	0.0078577980818043	0.05992066447446104	0.13113669801097408	0.8956671710059398	0.9893997819251661	Itgb5
17.185812044091705	0.02274931811987549	0.0617809086826597	0.36822569633490404	0.7127049514473123	0.9891999326828187	Itgb6
11.060595982203067	-0.1648670321064173	0.08775022403113834	-1.8788217799639337	0.060268832088870634	0.9891999326828187	Itgb8
8.293607473739131	0.04172964625654548	0.08977939358919061	0.46480205076334696	0.6420732190459763	0.9891999326828187	Itk
2.631733112049777	0.19177289977415007	0.17930963312857906	1.0695069552489345	0.2848412964929742	0.9891999326828187	Itm2a
20.49115077325939	0.049866519241156496	0.06711816440298182	0.7429660760946124	0.45750221924991175	0.9891999326828187	Jag1
8.835702598230565	0.01782850278899003	0.09519533572195593	0.18728336481803118	0.8514384651754039	0.9891999326828187	Jak1
34.701080644418816	-0.037239116085901205	0.04832666701139943	-0.7705707508675725	0.4409614036609345	0.9891999326828187	Jak2
7.9723626528753915	0.08251179998823562	0.09322033539236961	0.885126615785481	0.3760883458707401	0.9891999326828187	Jchain
33.52760170884023	-0.004662922971714191	0.04922140298585987	-0.0947336461143486	0.9245263924144589	0.9970414716048607	Jun
54.69971435224913	0.001729933088712314	0.040578944768752026	0.04263129804312841	0.965995445931944	0.9970414716048607	Junb
11.565241473355814	0.04114112701107039	0.0937641407447922	0.4387725060377672	0.6608263839876165	0.9891999326828187	Kdr
5.895141055599167	-0.025379619517646952	0.12852407919525416	-0.1974697634603564	0.8434599408183496	0.9891999326828187	Kir3dl1/2
6.499133701917528	-0.0015816633134568012	0.10989630245533613	-0.014392325111207614	0.9885169824312523	0.9970414716048607	Kit
12.605171374732183	-0.01603379441685653	0.069761412834243	-0.22983758162916965	0.8182179804324927	0.9891999326828187	Kitl
33.85813749182784	0.03870100789972996	0.05181644645524435	0.7468865687877179	0.4551320340813285	0.9891999326828187	Klf2
6.403799470430888	-0.11440185746039344	0.10190044631035569	-1.1226825946567742	0.26157232273553715	0.9891999326828187	Klra17
11.459042959098992	0.04494269201397981	0.08517358387484646	0.5276599852839153	0.5977353509287702	0.9891999326828187	Klrb1
6.5960143357148935	0.09455639728628316	0.12092897226773282	0.7819168187168446	0.4342634601026309	0.9891999326828187	Klrb1c
7.345952131711911	0.08281185032677817	0.09559098685356653	0.866314419932034	0.38631776065269535	0.9891999326828187	Klrk1
27.54648345304887	-0.022873709359697552	0.05324803225801655	-0.4295691012366732	0.6675091177030085	0.9891999326828187	Kras
30.58791520409066	-0.021917652951179287	0.15609345938031388	-0.14041365370587391	0.8883331706276969	0.9893997819251661	Krt1
57.83849627320513	0.054654077347712875	0.12197217163865938	0.4480864496667708	0.6540908069417488	0.9891999326828187	Krt10
13.680098097023226	0.08065009125384957	0.0767734916623706	1.050493985717456	0.2934910546635383	0.9891999326828187	Krt13
46.06098944818252	0.11118358274743893	0.060379891903024764	1.8414008247316709	0.06556284204713808	0.9891999326828187	Krt14
24.682515064458812	0.01937719749586667	0.0683368399979115	0.28355419267936405	0.7767520456552547	0.9891999326828187	Krt15
35.029922863837456	0.04826195353451141	0.05656805431348991	0.8531662281868917	0.39356712867200105	0.9891999326828187	Krt16
24.972648140243706	0.12824850518534106	0.056342035472161024	2.276249058284547	0.022831107186155636	0.9891999326828187	Krt17
55.00283126034273	0.008420514185275002	0.05373240636037095	0.15671202456112873	0.8754718099500256	0.9891999326828187	Krt18
29.224363340193097	0.03794054355424766	0.05463583366424938	0.6944260023083316	0.48741509170726166	0.9891999326828187	Krt19
16.47642854808361	-0.0967492101354463	0.07644999704417625	-1.2655227452728381	0.2056840001149816	0.9891999326828187	Krt20
14.663484329843918	0.0986908610414437	0.07808229022520377	1.26393399523504	0.20625371875869394	0.9891999326828187	Krt23
18.763015996952962	0.043776330827163444	0.0840160313171991	0.5210473541875322	0.6023337837912841	0.9891999326828187	Krt4
7.147264341032973	0.007049098542080611	0.11412063584840036	0.06176883338999919	0.9507469234282295	0.9970414716048607	Krt6a
10.928285067130822	0.06494617519214989	0.09356594787864377	0.6941219179052823	0.4876057543854686	0.9891999326828187	Krt6b
23.702527769735955	9.249386718980588e-4	0.05705114524371728	0.01621244705863143	0.9870649054523568	0.9970414716048607	Krt7
138.76257519906974	-0.02781922634057634	0.049105823125560985	-0.5665158339662498	0.5710431722440488	0.9891999326828187	Krt8
15.642863925184976	-0.03441527998620899	0.08390978372110192	-0.410146212515551	0.6816986946207662	0.9891999326828187	Krt80
5.251173764924413	-0.11343385418656035	0.11801243983337069	-0.9612025168425029	0.33645035116194555	0.9891999326828187	Krt86
32.09959069463612	-0.02666997050621224	0.05004703001169481	-0.5328981659846768	0.5941040748619062	0.9891999326828187	Lag3
18.628927926062474	0.00396806892505768	0.06564327686018566	0.06044897687708847	0.9517980520389313	0.9970414716048607	Lair1
17.08366846619667	0.027804179959755825	0.0670016256590061	0.41497769175423727	0.6781582339931685	0.9891999326828187	Lamp2
13.688940884276365	0.037352063027106024	0.08110465915434165	0.46054152025995554	0.6451275761998243	0.9891999326828187	Lamp3
28.899490046448552	-0.04944607843465414	0.05879576685825951	-0.8409802452930852	0.40035900142140396	0.9891999326828187	Lcn2
12.120585506332006	-0.15757193731520225	0.08274724209651645	-1.9042560612643769	0.05687684365832288	0.9891999326828187	Ldb2
105.78257482869641	-0.0469450777990324	0.03892371153467931	-1.2060791725168964	0.22778696463302664	0.9891999326828187	Ldha
43.77757088626564	-0.023977378691267114	0.04484039737288656	-0.5347271678231248	0.5928385322902943	0.9891999326828187	Ldlr
48.18447580141605	0.006667796642718633	0.049544677915356425	0.1345814913583673	0.892942776214553	0.9893997819251661	Lefty1
14.016685061684594	0.014942645048704208	0.07338659159290391	0.20361546604583122	0.838654006177538	0.9891999326828187	Lep
245.18719011970296	-0.03356207693267489	0.056510438955921706	-0.5939093299001518	0.5525727584610722	0.9891999326828187	Lgals1
22.346475381812926	-0.01774496908610314	0.0669863541184501	-0.2649042378799301	0.7910832335772675	0.9891999326828187	Lgals3
30.173040938047095	0.05640134835284711	0.06275712525522074	0.8987242185405091	0.36879957369204736	0.9891999326828187	Lgals3bp
27.275003112032607	0.06637956408778198	0.05368933422126048	1.2363640758558017	0.21632326321438836	0.9891999326828187	Lgals9
9.970304796327333	0.194511022473528	0.08573933176949147	2.268632358792661	0.02329069211020571	0.9891999326828187	Lgr5
26.971975756167293	0.05156860223558959	0.05237496786175994	0.9846039881437503	0.32481862993563865	0.9891999326828187	Lif
16.28435558389309	-0.009456643249650842	0.07202694032677748	-0.13129314124336255	0.8955434173207124	0.9893997819251661	Lifr
238.51104239268454	-0.0013547475363773758	0.04376758334315071	-0.03095321772179554	0.9753068486272246	0.9970414716048607	Lmna
25.22632383556958	-0.04425816092829611	0.05966917395584306	-0.7417257185602811	0.4582535341368734	0.9891999326828187	Lpar5
10.373695988855586	0.04437685286822606	0.08967110114667146	0.49488466519041185	0.6206815358709172	0.9891999326828187	Ltb
14.243448066061578	0.16681244374590928	0.08155000374506084	2.0455234345223734	0.04080328125740764	0.9891999326828187	Ltbr
16.907130891024934	0.02174335171170874	0.07860779742026218	0.27660553310585584	0.7820830156128127	0.9891999326828187	Ltf
21.990417766172403	-0.04691667321641451	0.05747521257969504	-0.8162940354741607	0.41433198493079704	0.9891999326828187	Lum
18.447923634305273	0.013636822949913086	0.08450807274741186	0.1613671038348313	0.8718042744295956	0.9891999326828187	Ly6d
17.048755829857875	0.03050148553328121	0.07419439123059311	0.41110230877808335	0.6809975171135454	0.9891999326828187	Ly75
10.220829115082386	0.0331118161155456	0.08309188323572289	0.39849639731489633	0.6902643134094038	0.9891999326828187	Lyn
21.360435535207746	0.006805293547269391	0.06280448267515554	0.1083568124025239	0.9137126580727015	0.993165932687719	Lyz3
16.443544336272204	-0.01641658049448886	0.07229867760264147	-0.22706612401288334	0.8203723251815365	0.9891999326828187	Maf
34.84145616855467	-0.02714837570516267	0.0488047673476455	-0.5562648319124176	0.5780298248481146	0.9891999326828187	Maml2
54.646288727738835	0.05362284957621513	0.04036009659323515	1.328610536209742	0.18397649415634398	0.9891999326828187	Map1lc3b
25.092244581144534	0.003953019063011682	0.058820778761234434	0.06720446662322842	0.9464189293148727	0.9970414716048607	Mapk13
11.246278357462717	0.0548101082867216	0.07743216122112898	0.7078468096763586	0.479040393909794	0.9891999326828187	Mapk14
11.079070408917191	0.15400873371853838	0.09043851269912362	1.702910951564452	0.08858473423211036	0.9891999326828187	Marco
13.708359467824499	0.02591324570934458	0.0719122206241481	0.36034550851629416	0.7185887710404744	0.9891999326828187	Mb
8.48600012464832	0.05407955662986961	0.1034288501229393	0.52286723255251	0.6010666487168309	0.9891999326828187	Mcpt8
17.575752889626674	0.05664231315889878	0.08263256445985667	0.6854720476019586	0.4930460935291107	0.9891999326828187	Mecom
15.907406418223243	-0.1054934296212336	0.08635487901591203	-1.221626743311111	0.22184881056944195	0.9891999326828187	Meg3
13.76680068205542	-0.05694243963013832	0.07618233947642508	-0.7474493435287503	0.45479236966903747	0.9891999326828187	Mertk
10.27777622169033	0.023741145724326288	0.09550069049270753	0.24859658712246874	0.8036728487212248	0.9891999326828187	Met
32.980494238836684	0.03466512008997611	0.05798031799343898	0.5978773709709353	0.5499217600668547	0.9891999326828187	Mfap5
10.735317353467684	0.03162750977425876	0.10384282611404265	0.3045709651577152	0.7606929364098953	0.9891999326828187	Mgp
151.61083295209642	-0.03859318236295378	0.02608149103147457	-1.4797153397549387	0.13894923012296578	0.9891999326828187	Mif
21.607200135499824	-0.033346200096746624	0.06002077980742482	-0.5555775883575168	0.5784996559097314	0.9891999326828187	Mki67
12.880197053572754	0.011387574464386794	0.0692374916204463	0.16447121635793008	0.8693602041843076	0.9891999326828187	Mlh1
19.429118883141935	0.010108925013615924	0.05937633793188955	0.17025174279376823	0.8648121607817476	0.9891999326828187	Mmp12
32.962272890614955	0.032224211172603406	0.05133772720560551	0.6276906463651332	0.5302066140008825	0.9891999326828187	Mmp14
27.38380352023739	-0.018488279979144435	0.05745285049578563	-0.32179917653521156	0.7476048381753349	0.9891999326828187	Mmp19
25.761567894200283	0.02310548299949865	0.053349416860240674	0.4330971987946564	0.6649441577329032	0.9891999326828187	Mmp1a
29.857585325849605	0.019400124389857484	0.061025260489410656	0.31790318032683973	0.7505583801042297	0.9891999326828187	Mmp2
13.757357748615528	-0.04247888601585611	0.10189772024156679	-0.41687768789284296	0.6767678743423968	0.9891999326828187	Mmp7
24.118471917405	-0.020652359980181716	0.07600046359907175	-0.27173992107640194	0.7858220033011724	0.9891999326828187	Mmp9
11.47605909792982	0.1262035244576937	0.09373171496013694	1.346433536518207	0.1781627414554744	0.9891999326828187	Mpo
22.844401806482164	0.056091450104219544	0.07093787139668059	0.7907123374277656	0.42911187495229663	0.9891999326828187	Mrc1
21.9709604955494	0.12270926493574237	0.06171525993454039	1.9883131832531626	0.046777063661574976	0.9891999326828187	Mrc2
19.11752869620737	-0.03502908195052143	0.07812298502647616	-0.44838381353003787	0.6538762215414762	0.9891999326828187	Ms4a1
33.401219942535114	0.05592917463232492	0.05171147646645498	1.0815621299965386	0.2794471395084199	0.9891999326828187	Ms4a4b
29.194251046528528	-0.023059283721684577	0.059286169739191354	-0.3889487855789265	0.6973140322950294	0.9891999326828187	Ms4a6b
21.006765619755218	0.005688094050998629	0.05873121578389854	0.09684958799300131	0.9228458434717915	0.9970414716048607	Msh2
18.450247129237404	-0.025543940837603522	0.07906497455856731	-0.3230753058509096	0.7466382113583363	0.9891999326828187	Msmb
5.05999083686754	0.2478406414797246	0.11365135205040389	2.180710013637219	0.029204871923371605	0.9891999326828187	Msr1
6.529207439513521	-0.05486319134383887	0.10720801003734379	-0.5117452634810437	0.608829303161637	0.9891999326828187	Mst1r
103.94479678313795	-0.1807864974214582	0.06693385072093026	-2.700972609139401	0.006913703209371046	0.9345305973792329	Mt1
78.79523639957296	-0.11375626669027827	0.06136756237126416	-1.8536872297789937	0.06378391974764058	0.9891999326828187	Mt2
6.56762733479895	0.008648387018043147	0.09691193757310146	0.08923964616350384	0.9288914579695253	0.9970414716048607	Mthfd1l
26.100100610581475	-0.006562608398485345	0.05417588446211045	-0.12113523320648516	0.9035839225854869	0.993165932687719	Mtor
22.791422932969912	-0.04074833212627871	0.05680144318223181	-0.7173819861504027	0.4731384316048649	0.9891999326828187	Muc1
25.540867502489753	0.005798476518530487	0.06480892983510121	0.08947033276562406	0.9287081300284744	0.9970414716048607	Mx1
21.1750456744583	-0.09151137429477067	0.06839121116053107	-1.3380575185307197	0.1808776875097157	0.9891999326828187	Mxra8
36.17275535427159	0.013587373099626958	0.04535549524610105	0.2995750134774459	0.7645013456412295	0.9891999326828187	Myc
9.60963557327463	0.1980379014480559	0.08590583749258658	2.3052903880384843	0.021150315504716462	0.9891999326828187	Myh11
13.291967451760831	-0.0019693131084028777	0.0767587125378576	-0.025655890299509744	0.9795318067060875	0.9970414716048607	Myh6
65.32508768030813	-0.02146106379612166	0.0390590614871767	-0.5494515991677742	0.5826955716805065	0.9891999326828187	Myl12a
20.598390983437735	-0.015395587937025864	0.0658605856373011	-0.23376026477824619	0.8151710990598922	0.9891999326828187	Myl12b
6.752488231448871	4.361135153657783e-5	0.11180297321584687	3.9007327159700607e-4	0.9996887665669036	0.9996887665669036	Myl4
16.196506840888777	0.061413914109544686	0.08432960710782758	0.7282604083642668	0.4664541932879306	0.9891999326828187	Myl7
19.408629380627023	-0.10731185549600175	0.06469640179729308	-1.6586989772975553	0.09717646558998465	0.9891999326828187	Myl9
9.887630558508475	0.10160440607862169	0.09442245505398202	1.0760618967229107	0.28189957517051656	0.9891999326828187	Mzb1
10.87432400541048	0.03726160354786365	0.09332321779539743	0.3992747402854913	0.6896907772179227	0.9891999326828187	Mzt2
96.80428838740822	0.03233096957823825	0.040838396637463976	0.7916806789759896	0.4285468908803155	0.9891999326828187	Naca
23.27342366666603	0.0741897085734147	0.058614962139179966	1.2657128123234616	0.20561591957776598	0.9891999326828187	Nanog
10.828210217488081	0.07562675216403027	0.08347458972525641	0.9059853113737237	0.3649436271084073	0.9891999326828187	Ncr1
83.55606378680211	-0.03849699176445643	0.06142992512660686	-0.6266814046267233	0.530868095516578	0.9891999326828187	Ndrg1
442.0381321421638	0.014087717398452491	0.04989694363737931	0.2823362789679758	0.7776856700295721	0.9891999326828187	Neat1
4.131129297549279	-0.08539968803690488	0.1248076686295273	-0.6842503267199145	0.49381710780878463	0.9891999326828187	Nell2
34.53444320778065	0.02012028940831394	0.04760354660338746	0.422663663612034	0.6725406702721801	0.9891999326828187	Nfkb1
33.09177494001926	-0.04707140754562855	0.05538087976869075	-0.8499577424958151	0.39534858056229805	0.9891999326828187	Nfkbia
22.021380334412573	-0.011294668925612462	0.063798599015451	-0.1770363158425638	0.8594798641754797	0.9891999326828187	Ngfr
22.46608672657807	0.012290602244395415	0.06389415616709554	0.19235878492945616	0.8474611743334385	0.9891999326828187	Nkg7
2.801089671479447	0.18316154029907872	0.1519441909796379	1.2054527331263638	0.22802857464729223	0.9891999326828187	Nlrc4
36.29241004800348	0.019195728696487727	0.048206361345523814	0.3981990791402085	0.6904834446986795	0.9891999326828187	Nlrc5
5.593563137699122	0.3173805883476782	0.13898176437365176	2.283613176002012	0.02239427473632672	0.9891999326828187	Nlrp1a
4.639331843899439	0.03201927983063743	0.11386277876504451	0.2812093660274102	0.7785498213554127	0.9891999326828187	Nlrp2
17.293672501514735	0.08856283260045685	0.07510557300812509	1.1791779098852746	0.23832734032384953	0.9891999326828187	Nlrp3
26.66633937875791	0.042873297657507685	0.05559910000465538	0.7711149578665456	0.44063879533423406	0.9891999326828187	Nod2
11.093102640589748	0.012394822535466907	0.07520300405339239	0.1648181836814241	0.8690870912712114	0.9891999326828187	Nosip
17.62513622245151	0.06482293396436742	0.06748622058516017	0.9605358457222838	0.33678559921186346	0.9891999326828187	Notch1
30.000116264182996	-0.0321859811453997	0.05664778460970429	-0.5681772264733183	0.569914633513472	0.9891999326828187	Notch2
9.703753064009698	0.13011181083656917	0.08376686904023564	1.5532610007671734	0.12036079326661211	0.9891999326828187	Notch3
12.811521324308792	0.15759964744143795	0.07445994761708248	2.116569410603261	0.034296408529822776	0.9891999326828187	Nppc
36.2285100568499	-0.018709810175918645	0.05130516934885092	-0.3646769012436305	0.7153526030272589	0.9891999326828187	Npr1
11.356813018900437	-0.002750760361654458	0.09836589547345102	-0.02796457398587795	0.9776904059535778	0.9970414716048607	Npr2
9.71815939604892	-0.04284703541626735	0.08585080828915219	-0.4990871521203995	0.6177179882455082	0.9891999326828187	Npr3
30.631602443203526	0.010689814804143653	0.05036980110406731	0.21222666299709614	0.8319302064242949	0.9891999326828187	Nr1h2
26.138696097691835	-0.03625514727125175	0.05537488067082872	-0.6547219033620568	0.5126468203155247	0.9891999326828187	Nr1h3
5.419656331418714	0.1244333617717066	0.11769381146510503	1.0572634212683287	0.29039138233262085	0.9891999326828187	Nr3c1
11.390422772029867	-0.005830716219199896	0.07928713163040692	-0.07353925030835387	0.9413770113839836	0.9970414716048607	Nrg1
6.245785544969643	-0.07045254066463591	0.11248612698890817	-0.6263220412200962	0.531103732070187	0.9891999326828187	Nrxn1
5.209109268480422	-0.01984917996524229	0.10730732966881458	-0.184975062062427	0.8532485956129715	0.9891999326828187	Nrxn3
17.127732359310905	0.09464891802096763	0.08248145043895097	1.1475176238689264	0.2511677535391481	0.9891999326828187	Nt5c3
18.280564733493627	-0.005670867126959945	0.07531519983374885	-0.07529512156215273	0.9399799028954686	0.9970414716048607	Ntrk2
25.470491492472725	-0.04445862040117339	0.05248742949177391	-0.8470336770472093	0.3969763505749232	0.9891999326828187	Nusap1
65.87814147343082	0.055201823916300755	0.047897887266631335	1.152489745716985	0.24911988109471842	0.9891999326828187	Oas1a/g
33.849397903399975	0.059007573691288756	0.05235539776274674	1.12705807257328	0.2597179287000454	0.9891999326828187	Oas2
41.03601286656581	0.023927938621680803	0.04835286278249189	0.4948608467986074	0.6206983499600225	0.9891999326828187	Oas3
20.75372218155146	0.11190354490275119	0.05702729680331875	1.9622803670441358	0.04972985167184352	0.9891999326828187	Oasl1
8.26611419338388	0.02945433629999669	0.10107521629241734	0.2914100744022484	0.7707377104820661	0.9891999326828187	Olfm4
8.688437070019466	0.2718512044711914	0.09434336647609858	2.881508415751345	0.003957766653777494	0.9345305973792329	Olr1
33.152548712341094	0.15543203492054458	0.051156745614920326	3.0383487661734963	0.0023787847082851147	0.9345305973792329	Osm
11.610056351390416	-0.05981288833322313	0.09967024681736832	-0.6001077577626733	0.548434422746475	0.9891999326828187	Osmr
10.106012982833178	-0.021099124776253704	0.085890201588952	-0.24565229078432704	0.8059514070207245	0.9891999326828187	P2rx5
65.62829421758214	0.06643853851743423	0.03788650467285715	1.7536201634623862	0.07949561366964453	0.9891999326828187	Pcna
16.76643117519036	0.13486160697823454	0.07397932491445595	1.822963471675069	0.06830892353388451	0.9891999326828187	Pdcd1
15.53699669032714	-0.07842328579259615	0.08597699804224045	-0.9121426378956246	0.3616936355618522	0.9891999326828187	Pdcd1lg2
19.462893442824736	-0.037037455119638366	0.05770980810966577	-0.6417878751087892	0.5210109232881739	0.9891999326828187	Pdgfa
18.443716987252593	0.062347488941003636	0.07799847106500649	0.7993424497903452	0.42409187084308597	0.9891999326828187	Pdgfb
3.5928025915863153	0.1426926049507245	0.1350224723283918	1.0568063411228168	0.29059997972188445	0.9891999326828187	Pdgfc
7.401954295724213	-0.09390881479036439	0.09760172517689462	-0.9621634722148901	0.33596749465490094	0.9891999326828187	Pdgfd
16.767375699143145	0.10089109145264072	0.07051176869425121	1.4308404585639944	0.15247594474222456	0.9891999326828187	Pdgfra
15.007987622432461	-0.032109446655441486	0.08405706039928251	-0.38199583119986863	0.702464456812429	0.9891999326828187	Pdgfrb
25.051375549236976	-0.011198816177385666	0.052660648328811774	-0.21266005134347257	0.8315921283865354	0.9891999326828187	Pds5a
11.899912260111044	0.031551383899155606	0.09305816100603603	0.3390501548500307	0.7345719473294601	0.9891999326828187	Pecam1
20.61959861642412	-0.04443757474822394	0.0837245157676293	-0.530759411873541	0.5955855096191304	0.9891999326828187	Pf4
84.39920009277492	0.02350812947428516	0.039529015037629	0.5947056725776491	0.5520402293739343	0.9891999326828187	Pfn1
13.478387498763212	-0.021513857156560644	0.0856222352762004	-0.2512648389423751	0.8016093577443961	0.9891999326828187	Pgf
10.94416184835997	-0.16835805082894664	0.08722065522558395	-1.9302543691458434	0.053575327919011775	0.9891999326828187	Pgr
50.7862243806665	-0.020222968264860336	0.046715690479039625	-0.43289455978252034	0.6650913724322403	0.9891999326828187	Phlda2
9.3584302438430491	-0.03215587681520087	0.09326097285669252	-0.3447945676549237	0.7302488173209117	0.9891999326828187	Pigr
21.99701708654107	6.897223882792467e-4	0.0683054226968264	0.010097622722292185	0.9919433996404639	0.9971917774163394	Plac8
13.142576180835349	-0.1072355137281911	0.07929835604850359	-1.3523043739090819	0.1762779657641888	0.9891999326828187	Plac9
41.61289859174095	-0.0017569559815799384	0.0600889774491023	-0.02923923914445288	0.9766737862897558	0.9970414716048607	Plekhg2
52.07739880466021	0.009524701152596205	0.046779743014819235	0.20360738513631635	0.8386603215344413	0.9891999326828187	Pnoc
21.858515993756306	-0.04464383272909208	0.058864065004632433	-0.7584225235817258	0.4481980782840427	0.9891999326828187	Pou5f1
13.26159374022949	0.09096898162646354	0.09910272661347182	0.9179261230749771	0.35865754425128904	0.9891999326828187	Ppara
33.80783954746784	0.005105905318710149	0.046190408245302135	0.11054038084258441	0.9119808267943119	0.993165932687719	Ppard
14.909224357632336	-0.08155762288775655	0.07228266547591665	-1.128315099488551	0.2591868688282725	0.9891999326828187	Pparg
579.4197702894793	0.019110738227414447	0.02352585808534672	0.8123290618384599	0.41660283895611183	0.9891999326828187	Ppia
22.613003708779537	0.054975320310972485	0.07649271080356486	0.718700118396254	0.47232571035535936	0.9891999326828187	Prf1
17.618406741565483	-0.00878538338271849	0.06281516110147456	-0.13986087480578405	0.8887699147586945	0.9893997819251661	Prss2
12.290688888661103	0.05384218066526589	0.07641193415678081	0.7046305169398454	0.4810402021153689	0.9891999326828187	Prss34
27.47157602622942	-0.06645022401107739	0.05923939299556595	-1.1217235803893393	0.2619799873139908	0.9891999326828187	Prtn3
54.47843966935154	-0.02921818705927264	0.048910178152590855	-0.5973845968852785	0.5502506351753598	0.9891999326828187	Psap
13.227594329603026	-0.0725660580020442	0.089141910445808	-0.8140509625509905	0.4156157564461683	0.9891999326828187	Psca
5.869711386705433	-0.0077619730092433675	0.10840435306425335	-0.07160204170622832	0.9429186152015996	0.9970414716048607	Psd3
5.165160398717882	0.05435053961998296	0.1198346730542307	0.4535460249921726	0.650155609622049	0.9891999326828187	Ptgdr2
27.13653009210591	-0.04929163718327595	0.05678408558077531	-0.8680537280671473	0.38536492046408444	0.9891999326828187	Ptgds
18.597138030744027	0.0037796162422926226	0.08456128166189006	0.044696771004548455	0.9643490074928645	0.9970414716048607	Ptger4
41.656735724356686	-0.0020608783418817815	0.04611441717862532	-0.0446905429575076	0.964353971794812	0.9970414716048607	Ptges
25.12103893033602	-0.05609523276115444	0.06237350071674268	-0.8993439860927513	0.3684694649974734	0.9891999326828187	Ptges2
44.68663349777709	-0.0405932215875855	0.04180329542656109	-0.9710531472069848	0.3315218134509518	0.9891999326828187	Ptges3
12.541171089419494	0.022515978716145257	0.0803661615351663	0.28016740237485155	0.7793490746903328	0.9891999326828187	Ptgis
29.651492328330413	-0.05945335815030961	0.05627745698295363	-1.0564329189273416	0.290770472987425	0.9891999326828187	Ptgs1
13.204753015959165	0.07515151456826326	0.08008073442373671	0.9384468700125659	0.3480148086998258	0.9891999326828187	Ptgs2
26.42786956254249	0.017734590720846034	0.05592869179974913	0.3170928936500815	0.751173116916071	0.9891999326828187	Ptk2
15.45710129458313	0.008825839396281983	0.07168928562016098	0.12311239148127201	0.9020180989453519	0.993165932687719	Ptk6
7.160193678131013	0.05678840382226905	0.10971248704810047	0.517611124769888	0.6047296183508577	0.9891999326828187	Ptprc
43.21501194594225	-0.020864908684707657	0.04740557956477879	-0.44013613748137326	0.6598385100129167	0.9891999326828187	Ptprcap
25.52087789497789	0.03389527961667456	0.05822731568201805	0.5821199074636754	0.5604859168155493	0.9891999326828187	Pttg1
27.981537112086365	0.013422088094823616	0.05732944997891506	0.23412204547156942	0.8148902316747714	0.9891999326828187	Qrfpr
81.84871326403513	-0.017340824944580294	0.03396478991180417	-0.5105529870671639	0.6096641026823323	0.9891999326828187	Rac1
24.460441913435417	-0.023605818362612496	0.07267703044514309	-0.3248043875489693	0.7453291236602557	0.9891999326828187	Rac2
66.37134317435381	0.02410317391076135	0.04490497420368868	0.5367595536616836	0.5914337133263088	0.9891999326828187	Rack1
12.841954887345125	-0.06342531897744492	0.08689858014852875	-0.7298775062726817	0.4654650628306296	0.9891999326828187	Rag1
16.03761068075244	-0.06454759406814728	0.07827741361089763	-0.8246004957317737	0.40959843986962324	0.9891999326828187	Ramp1
24.34207160668926	0.03539188192078431	0.06502925220465264	0.5442455621264569	0.5862725024021596	0.9891999326828187	Ramp2
18.39460113624827	0.13909432707689287	0.062110379731406776	2.2394699191729197	0.025125356438036803	0.9891999326828187	Ramp3
5.745537557549897	0.08321731297179942	0.11009798352341017	0.7558477486020886	0.4497404847948325	0.9891999326828187	Rara
12.485444335030255	0.1279141059374443	0.08951748592667368	1.4289287127905086	0.15302472382617968	0.9891999326828187	Rarb
17.896390381141213	-0.030025402958112388	0.06664686010199453	-0.45051489165674624	0.6523392189501538	0.9891999326828187	Rarg
18.782883884093756	0.058656362026448	0.07102473178133384	0.8258582687370825	0.40888449564699164	0.9891999326828187	Rarres1
30.692239457595313	-0.0886134366600977	0.07456559152766987	-1.188395811588445	0.2346775057909018	0.9891999326828187	Rarres2
41.2251215732653	0.029645049377885542	0.05301029471417995	0.5592319291512194	0.576003444988075	0.9891999326828187	Rb1
63.046907489993394	-0.04560346803317553	0.03973499403751152	-1.1476903202784912	0.25109642857429604	0.9891999326828187	Rbpj
5.911780503644859	-0.03845553315611124	0.10306910407964116	-0.373104370116546	0.7090707662708344	0.9891999326828187	Reg1
47.02567329566845	0.07122320573244897	0.04342203900372073	1.640254750044005	0.10095220982481114	0.9891999326828187	Rela
24.960742390027736	-0.07368301217859177	0.06417061715809443	-1.1482359908906916	0.250871155243751	0.9891999326828187	Relt
22.956995286103844	-0.04599466026163478	0.05797637171001698	-0.7933345758801247	0.42758291721355063	0.9891999326828187	Rgcc
17.37369251311604	-0.04188216364831471	0.06582745246880219	-0.6362415994780302	0.5246189630289015	0.9891999326828187	Rgs1
15.21179935076723	0.05264654552853083	0.06975717781045472	0.7547115175958357	0.4504220942799276	0.9891999326828187	Rgs2
6.864802532374493	0.21751166835531116	0.11540714701595704	1.8847330861167237	0.05946588301942308	0.9891999326828187	Rgs5
8.484532952458942	0.10160149476455888	0.08798344458674422	1.1547796888582649	0.2481806566684255	0.9891999326828187	Rigi
17.54965082730676	0.042071064964374995	0.07679376519571247	0.5478448003839236	0.5837984738211265	0.9891999326828187	Rnf43
21.418651682046224	0.06837528273503989	0.07121127518677453	0.9601749520101088	0.33696717096138207	0.9891999326828187	Ror1
13.516190454503706	-0.022516962148385073	0.0712908625238626	-0.31584639813900633	0.7521190987562572	0.9891999326828187	Rora
1.647424470242046	-0.30965013968979876	0.19058721809088805	-1.6247161944623771	0.10422304507712812	0.9891999326828187	Rspo3
32.873734943445406	0.04525188415931752	0.05034717408046814	0.8987969034169226	0.3687608498025251	0.9891999326828187	Runx3
31.325736615070422	0.00640023030187765	0.05566593324829834	0.1149757118654487	0.9084643734770971	0.993165932687719	Rxra
16.482654696737683	-0.05561470787502821	0.07018132220719414	-0.7924431476346175	0.4281023291126078	0.9891999326828187	Rxrb
10.932099960400837	0.12239001813852218	0.07900129781971586	1.5492152852706436	0.12132997623538032	0.9891999326828187	Ryk
5.181776071734482	0.10278274227915106	0.11987351641593122	0.8574266055775036	0.39120916072280615	0.9891999326828187	Ryr2
127.69031302561682	0.03084603396666683	0.05427034648621024	0.5683773177034094	0.5697787887851151	0.9891999326828187	S100a10
51.17590138056771	0.020940994026038683	0.04991879428855617	0.41950119838610334	0.6748498790742086	0.9891999326828187	S100a2
122.68616110807555	3.099835859780586e-4	0.05775691429506519	0.00536703855739994	0.9957177433563006	0.9978184137009343	S100a4
596.8223630788524	-0.023840804779840487	0.08303917335942206	-0.28710310827215607	0.7740333722684047	0.9891999326828187	S100a6
19.49898996743339	0.08322347359168439	0.07205332287900314	1.155026170429904	0.24807970968218265	0.9891999326828187	S100a8
18.986306248680624	0.030866791598308185	0.07096777893293377	0.43494092759304237	0.6636053060404441	0.9891999326828187	S100a9
6.241670099853126	0.2167690147228453	0.10648543662694948	2.035668177633082	0.041783686614753575	0.9891999326828187	S100b
26.511450370155945	-0.039189947854876825	0.07171632330635767	-0.5464578501530993	0.584751253644705	0.9891999326828187	Saa1/2
35.27241637150278	-0.04099735533603881	0.04906161690375441	-0.835629926679027	0.4033631274823572	0.9891999326828187	Sat1
10.538751046336456	-0.1980368058988216	0.0857069002599518	-2.3106284943005706	0.020853383957975265	0.9891999326828187	Scg5
16.342164932122547	0.07209903649510399	0.06726770044301121	1.071822524335968	0.28379975411444613	0.9891999326828187	Scgb3a1
14.570708470354438	0.005280384636729357	0.07843541265656247	0.06732143629880631	0.94632581190091	0.9970414716048607	Sec23a
65.9330275168158	5.61887971514629e-4	0.03682926820691443	0.015256560851489812	0.9878274978647856	0.9970414716048607	Sec61g
14.410483114317179	-0.031595186187476615	0.09359943812047444	-0.33755743433854346	0.7356967235920522	0.9891999326828187	Selenop
13.651553985627201	-0.04965204512339423	0.08284494401873035	-0.5993370592678345	0.5489481396732713	0.9891999326828187	Sell
35.64607364795251	-0.018179252423043166	0.04813590244105152	-0.37766514184097727	0.7056793660103385	0.9891999326828187	Selplg
31.974585907214717	-0.051711904197293004	0.04867446566810436	-1.062403120147224	0.2880527179353077	0.9891999326828187	Serpina1a
4.580048577006584	-0.01849382668176979	0.13003708467009156	-0.1422196347195052	0.8869065231662893	0.9893997819251661	Serpina3a
16.10815285548516	0.003953047043305418	0.0817886293003645	0.04833247698513271	0.9614512718990141	0.9970414716048607	Serpinb5
42.051365953108245	0.007242023782864356	0.0441053826740439	0.16419818497859445	0.8695751298932499	0.9891999326828187	Serpinh1
24.468832270974257	0.026018112860242776	0.05794188667563736	0.4490380681922553	0.6534041953160807	0.9891999326828187	Sfn
24.685580669391125	-0.040939769376557564	0.05611051070504479	-0.7296274594926606	0.46561793274447655	0.9891999326828187	Sh3bgrl3
15.325454813821743	-0.09471056304793118	0.06586522160489182	-1.437944953955746	0.15044967327030903	0.9891999326828187	Sigirr
60.598401658019974	-0.033570363629442684	0.04315301892133061	-0.7779377774389916	0.43660569603340277	0.9891999326828187	Slc2a1
6.688793862739159	0.13698761843909496	0.11746211689417732	1.1662280747290494	0.2435222444738249	0.9891999326828187	Slc40a1
27.34094265920913	0.03750444925331227	0.06920572183795295	0.5419270005033678	0.5878687955173693	0.9891999326828187	Slpi
10.257440007672898	-0.04846171297760964	0.08791519401680252	-0.5512325090057533	0.5814742974735624	0.9891999326828187	Smad2
16.065226905755868	-0.04765063655506572	0.0695769174573558	-0.684862714481008	0.49343055615559567	0.9891999326828187	Smad3
9.557931626761237	-0.0791122685540994	0.09456157063655146	-0.8366217695153179	0.40280520497241395	0.9891999326828187	Smad4
26.713276077364938	0.06527643271250888	0.05535438448138554	1.1792459319001172	0.23830026102189072	0.9891999326828187	Smarcb1
10.145720465571346	-0.02506070626247574	0.07933251263680118	-0.3158945233111204	0.7520825690082592	0.9891999326828187	Smo
44.927602441430594	-0.01931036291715196	0.04929373675785252	-0.3917406994728556	0.6952498148214152	0.9891999326828187	Snai1
7.670035370868864	-0.1652982956467009	0.09896571584196233	-1.6702581721397802	0.09486829501538246	0.9891999326828187	Snai2
59.90842289766997	0.03977265587256085	0.044748970644790546	0.8887948772781655	0.3741133295007223	0.9891999326828187	Sod1
29.439526043476388	0.03720896056838649	0.04946561657726089	0.7522186751734795	0.45191956470936356	0.9891999326828187	Sod2
23.216248749444656	-0.01124862082698828	0.058580305325319396	-0.19202052233289466	0.8477261300535296	0.9891999326828187	Sorbs1
9.476485729461894	-0.05727323435365436	0.09268312571834815	-0.6179467288112424	0.5366104546820862	0.9891999326828187	Sostdc1
10.09685735297955	0.024090950968793746	0.08737170607735505	0.27572943290662866	0.7827558874292275	0.9891999326828187	Sox2
35.418774120049804	-0.03631820220762796	0.04512970748336323	-0.8047515535308184	0.42096306338551953	0.9891999326828187	Sox4
35.35865966205605	0.041477687986071786	0.05145284452966554	0.8061301248788588	0.4201678232441386	0.9891999326828187	Sox9
14.301174099153771	-0.1449511154571903	0.07038281135045085	-2.059467541520161	0.03944947132112818	0.9891999326828187	Sparcl1
6.593585195753877	-0.06625564286838431	0.12410799225319674	-0.5338547636256498	0.593442021434548	0.9891999326828187	Spink1
24.320096265612303	0.054576607337997685	0.0705847235819747	0.7732070704309589	0.43939984240663865	0.9891999326828187	Spock2
19.44309376020478	-0.1575329632438539	0.09858693628394291	-1.5979091062343083	0.11006320717411762	0.9891999326828187	Spp1
11.928028402575364	-0.07268871370650301	0.08657142208821701	-0.8396386700501766	0.4011110104950694	0.9891999326828187	Spry2
30.250839304150816	-0.03886231284790796	0.0535599527582132	-0.7255852712071069	0.46809305308110527	0.9891999326828187	Spry4
52.61287296117692	7.896002745001802e-4	0.0471527042378277	0.016745598948421134	0.9866395695516141	0.9970414716048607	Sqstm1
18.60638987774523	0.08600935032958908	0.08087312235402572	1.0635097029279925	0.28755086733952767	0.9891999326828187	Src
9.99576010918203	-0.06297956171584868	0.07795926487622787	-0.8078521753102503	0.41917568523752663	0.9891999326828187	Srebf1
42.95187848704648	-0.07862188367056851	0.05587865894852139	-1.407010925995906	0.15942414894367524	0.9891999326828187	Srgn
11.887869734738194	0.17746633243267196	0.09195554688908503	1.929914381855924	0.053617447133871135	0.9891999326828187	Sst
36.2615131078337	-0.039620887186986746	0.06062654256991989	-0.6535237786534246	0.5134186648412415	0.9891999326828187	St6gal1
31.822191543255904	0.07903016852224283	0.06017332376273294	1.3133754890101064	0.1890564526613796	0.9891999326828187	Stat1
44.15714933930789	0.01880019738773585	0.04416826522993779	0.42564944060770693	0.6703633084613798	0.9891999326828187	Stat3
8.424498052733624	0.09548294120933543	0.09339821415534004	1.0223208449203114	0.3066290705460532	0.9891999326828187	Stat4
29.230743589480706	0.009208963155465046	0.056915652647281025	0.1618001854873745	0.871463206969858	0.9891999326828187	Stat5a
33.85998178349979	-0.022278049087690384	0.04658944045647809	-0.47817807789517475	0.632523464100036	0.9891999326828187	Stat5b
18.667955343323428	0.024334124916718124	0.06414182128475715	0.3793800118129941	0.7044056913810954	0.9891999326828187	Stat6
59.273055169062275	0.087786631903513615	0.044245870414013316	1.9840638478141521	0.04724872269409951	0.9891999326828187	Stmn1
16.12675548127728	5.591026777629122e-4	0.0800078663242761	0.006988096339137949	0.9944243512013679	0.9975745867384366	Syk
14.782506468648753	-0.00811188493193027	0.0729097291264267	-0.11125929322634193	0.9114107342358112	0.993165932687719	Tacstd2
22.79543282835784	0.0023143574023678686	0.0689062971259582	0.033587023231524224	0.9732064703920421	0.9970414716048607	Tagln
75.03472108917093	0.04517237973870648	0.04046548371515781	1.1163187880486285	0.26428570221229303	0.9891999326828187	Tap1
26.36406868412266	-0.074148750535724	0.05856627015194029	-1.2660657805825368	0.20548953253959962	0.9891999326828187	Tap2
26.386695502453552	0.020553874947262542	0.0750325303761682	0.27393285078109075	0.7841362255517473	0.9891999326828187	Tbx21
24.075977762262017	0.15404013732417027	0.054487621540294226	2.827066643205481	0.004697655034929833	0.9345305973792329	Tcap
4.952445669474259	-0.031835096710376085	0.11594746441697662	-0.2745648373636612	0.7836505841080039	0.9891999326828187	Tcf7
9.734084702595075	-0.030782087496207228	0.10139956102197181	-0.30357219682181064	0.7614538362265443	0.9891999326828187	Tcl1
15.856534143626432	0.09649264920569844	0.07819769829778511	1.233957665074031	0.21721867991788263	0.9891999326828187	Tek
11.909554772998886	0.08851498578373218	0.07533040430519641	1.1750233733662077	0.2399853648325875	0.9891999326828187	Tert
6.125907489457284	-0.07196765109129587	0.10327796795082946	-0.6968344993538177	0.48590637304875456	0.9891999326828187	Tfeb
30.67129140069811	0.00848920116114717	0.050245346334032	0.1689549735553777	0.8658320580448172	0.9891999326828187	Tgfb1
16.69346374465607	-0.052517012032352484	0.06018662919403591	-0.8725694184175472	0.3828978154585114	0.9891999326828187	Tgfb2
20.535729518985846	-0.1028400677153109	0.05639338761150544	-1.8236192587644684	0.0682096529626254	0.9891999326828187	Tgfb3
22.54358608024529	0.04067096361022385	0.05380434035322222	0.7559048831975533	0.4497062259781467	0.9891999326828187	Tgfbr1
23.843172027445934	0.045252917277061516	0.05981368079347841	0.756564663413851	0.44931071842000764	0.9891999326828187	Tgfbr2
14.980219914394253	-0.10444591018136502	0.07775580980568593	-1.34325538429062	0.1791892934862309	0.9891999326828187	Thbs1
15.697042255017886	-0.07154338528120505	0.07151992886174581	-1.0003279703969585	0.31715181542124754	0.9891999326828187	Thbs2
16.17300043908484	0.049026497438925454	0.0663729897567711	0.7386513342036694	0.4601187440747492	0.9891999326828187	Thsd4
22.558352194590373	-0.04032223288122927	0.06280652795722216	-0.6420070364133637	0.5208686143260526	0.9891999326828187	Tie1
29.9934250724825	-0.020558872684782535	0.052682298381161854	-0.3902425163009589	0.6963572254295365	0.9891999326828187	Tigit
19.744505041069175	0.04023535525311353	0.05775818292974616	0.6966174005517725	0.48604226331314604	0.9891999326828187	Timp1
23.386580688227607	0.0931593616919157	0.05619235522079745	1.6578654040369594	0.0973446364320149	0.9891999326828187	Tlr1
23.757259780512634	-0.02700814187195464	0.06547223423426697	-0.41251291005766644	0.6799635201103369	0.9891999326828187	Tlr2
17.092753747982457	-0.015515939066169602	0.06104769296411455	-0.2541609406155656	0.7993712248255574	0.9891999326828187	Tlr3
13.858344157599861	0.04602615664106227	0.08759748029847024	0.525427860301891	0.5992857901890001	0.9891999326828187	Tlr4
15.383961725092831	-0.07030212549303762	0.08408081069025246	-0.836125685705214	0.4030841997386377	0.9891999326828187	Tlr5
9.52424864159492	-0.05742186456102288	0.09247520384890674	-0.6209433682876032	0.5346368852081078	0.9891999326828187	Tlr7
8.274808121813827	-0.11405593151264484	0.09552545604978015	-1.193984684597665	0.23248395905599967	0.9891999326828187	Tlr8
20.656252499282054	-0.07356119797001955	0.0612015856883833	-1.2019492165540775	0.22938320424528869	0.9891999326828187	Tm4sf1
32.50706494054862	0.01669633046973423	0.05218694235980955	0.31993310423552396	0.7490190421697165	0.9891999326828187	Tnf
20.24271528917607	-0.05363832373262	0.06864268953389602	-0.7814134920534137	0.4345593382855039	0.9891999326828187	Tnfaip6
38.67135590614848	0.02343843697586689	0.042577009573146876	0.5504951430560169	0.5819798072926534	0.9891999326828187	Tnfrsf10b
10.736425780335281	-0.010386074405473606	0.08992730192494883	-0.11549411783911381	0.9080534825636959	0.993165932687719	Tnfrsf11a
14.481395174912729	0.01448818722559117	0.0702813936659926	0.20614541729842842	0.8366773226999804	0.9891999326828187	Tnfrsf11b
89.50631561557091	-0.004658531543453446	0.034262144346970565	-0.13596730830028594	0.8918471251098936	0.9893997819251661	Tnfrsf12a
21.966239698891684	0.04603915100140969	0.06119762495047655	0.7523029045435395	0.451868921549587	0.9891999326828187	Tnfrsf13b
26.11111230142434	-0.04868492295226548	0.062245144392890084	-0.7821481245985589	0.4341275270844575	0.9891999326828187	Tnfrsf14
14.191507874037931	-0.050820696447924425	0.08263718966724475	-0.614985778831107	0.5385641121803816	0.9891999326828187	Tnfrsf17
19.500909622210813	-0.05573963107323082	0.06683738716207333	-0.8339588580575171	0.40430416816042936	0.9891999326828187	Tnfrsf18
6.956330024594525	-0.03526934899248527	0.0976463279214458	-0.36119483183083584	0.7179538053318575	0.9891999326828187	Tnfrsf19
43.06495569535792	-0.020044077460057638	0.044566535484712615	-0.44975624068721326	0.6528862138235769	0.9891999326828187	Tnfrsf1a
20.137814123519593	-0.1034919083623072	0.061286541014545115	-1.6886563778782278	0.09128529980956827	0.9891999326828187	Tnfrsf1b
8.402670077787292	-0.06092331623545653	0.11007846684211557	-0.5534535316778914	0.5799528915586245	0.9891999326828187	Tnfrsf21
22.46259990238327	-0.052687302221679944	0.05693058579917241	-0.9254656610690603	0.35472373772696514	0.9891999326828187	Tnfrsf22
18.16545358538893	-0.13147322926008764	0.07281762684138236	-1.805513787842523	0.07099431991732036	0.9891999326828187	Tnfrsf4
31.08761166801095	0.039689544250955756	0.050429640333020706	0.7870281046792937	0.43126541412481473	0.9891999326828187	Tnfrsf9
32.23522474973831	-0.06994126007008904	0.05288087956489184	-1.322619076036015	0.18596208718375812	0.9891999326828187	Tnfsf10
43.476734101307656	0.001770276676143362	0.04827629230419604	0.03666969006212382	0.9707483762083566	0.9970414716048607	Tnfsf12
17.098152407920374	0.08477469162591111	0.07127991060067963	1.1893209589000637	0.23431339087798167	0.9891999326828187	Tnfsf13b
13.3925006774148	0.0032130781356714704	0.07905525556033388	0.04064344758482621	0.9675801465909287	0.9970414716048607	Tnfsf14
14.116403193848106	0.07177534138800906	0.08286931772486586	0.8661268532016896	0.38642060063688355	0.9891999326828187	Tnfsf15
12.179069374182262	0.023012135617762344	0.07988796216430696	0.28805510860863975	0.77330455493499894	0.9891999326828187	Tnfsf4
17.28013984556697	-0.0033189616227093394	0.0723893671596933	-0.04584874482170292	0.9634308068851183	0.9970414716048607	Tnfsf8
34.68790383207852	0.02218369053528547	0.05258735356811478	0.42184458867190605	0.6731384575288155	0.9891999326828187	Tnfsf9
22.39025542239488	-0.07897749687295938	0.06312127796086771	-1.2512024379785498	0.2108606289856697	0.9891999326828187	Tnnc1
11.164793562515143	0.12941330756968875	0.096093944514406	1.346737385208364	0.1780648271858038	0.9891999326828187	Tnxa
16.660670957673894	0.032157761044136056	0.06618578343925062	0.48587112478093464	0.6270585422837267	0.9891999326828187	Tnxb
41.99549879142187	-0.0067315833301975015	0.04143320058962641	-0.16246834022961967	0.8709370578520859	0.9891999326828187	Top2a
5.934894068449938	0.08919888491530745	0.11433947621437857	0.7801232598622871	0.43531832666432596	0.9891999326828187	Tox
65.74175061147659	-0.001994756182398453	0.04454262607353938	-0.044783084389886055	0.9642802082661716	0.9970414716048607	Tpm1
38.160006103665104	-0.008650228189056086	0.05552842728521943	-0.15578017624422447	0.8762062969097077	0.9891999326828187	Tpm2
14.873244369258614	-0.030141875866803693	0.08245801886776143	-0.3655420816639126	0.7147068002146852	0.9891999326828187	Tpsab1
12.70968807382386	-0.004075101859968955	0.07790841468704159	-0.05230631217871209	0.958284623812786	0.9970414716048607	Tpsb2
162.96355256892542	0.009064727434351303	0.0327894522362753	0.2764525423917544	0.7822005054360983	0.9891999326828187	Tpt1
22.365499788905616	-0.004388484470989859	0.07514735533693746	-0.058398388756507186	0.9534312981699056	0.9970414716048607	Trmt5
17.42929978609362	0.05317566606285442	0.0694122432301667	0.7660848229112435	0.4436258329549572	0.9891999326828187	Trp53
30.713598123346596	-0.0649721118054833	0.04838046731155918	-1.342940972171222	0.1792910880701958	0.9891999326828187	Tsc22d1
6.380565032762316	0.157226351156096	0.10925792883962059	1.4390383638599642	0.15013965351605488	0.9891999326828187	Tshz2
8.923359317777695	-0.07089414821781058	0.09102758137845543	-0.7788205194979501	0.43608544855199516	0.9891999326828187	Ttn
15.144723410230533	-0.0037904479720773225	0.06955664393471851	-0.05449440567654182	0.9565412655921399	0.9970414716048607	Ttr
64.17027860627624	0.03889404364559762	0.037037201312490775	1.0501345206253645	0.2936562693410188	0.9891999326828187	Tubb4b
55.78237347924381	-0.005106508133561276	0.04635569209626057	-0.11015924695843789	0.9122830817290448	0.993165932687719	Tubb5
24.628514829029157	-0.019257024505161886	0.05860464132271309	-0.3285921399829222	0.7424639898522711	0.9891999326828187	Twist1
22.392483403342258	-5.502581760941164e-5	0.0710487332617885	-7.74479925020784e-4	0.99938205448695006	0.9996887665669036	Twist2
17.91241568944331	-0.08701673676597668	0.06553991708510258	-1.3276906751802384	0.1842803153234867	0.9891999326828187	Txk
35.66571092736523	-0.03393492870311625	0.0524939553451639	-0.6464540246583375	0.5179853625524132	0.9891999326828187	Tyk2
113.37391999519512	0.009590246205218266	0.0328169704719175	0.29223435519207774	0.7701074458669777	0.9891999326828187	Tyms
31.33247762340422	0.04063196853426687	0.05905228631603157	0.6880676612047799	0.49141017403653103	0.9891999326828187	Tyrobp
231.52657531083278	0.014197743243138427	0.025556626364373114	0.5555405882104458	0.5785249559904087	0.9891999326828187	Uba52
43.99259070115404	-0.015667578262863174	0.04299638614176189	-0.3643929099344802	0.7155646291381894	0.9891999326828187	Ube2c
13.928083908358118	-0.04126916441756422	0.09222369134780417	-0.44748983492674776	0.6545214256813785	0.9891999326828187	Upk3a
13.346265565104956	-0.07655662461437454	0.08701106127824834	-0.8798493374257087	0.3789409330904931	0.9891999326828187	Vcam1
10.908052977584095	-0.07888632548321382	0.09958177224526	-0.7921763562203397	0.428257852855583	0.9891999326828187	Vcan
32.75368140801826	-0.028790569293320408	0.06916720039682937	-0.41624598260652124	0.6772300151941747	0.9891999326828187	Vegfa
60.649265645779465	-0.03150896400305653	0.037753008922887285	-0.8346080193876843	0.403938445428797	0.9891999326828187	Vegfb
15.224295613321946	0.022304541216344047	0.0659259772954733	0.33832704696022087	0.7351167436930701	0.9891999326828187	Vegfc
3.7553929059728355	0.0014171594258435935	0.13371984806005943	0.010597973647166315	0.9915441987398623	0.9971917774163394	Vegfd
32.21497259513916	-0.028910716263516545	0.051336184497570256	-0.5631644919946259	0.5733228793627196	0.9891999326828187	Vhl
167.45883142559504	-0.04353294918951519	0.05504935852015631	-0.7907984826667074	0.4290615955103534	0.9891999326828187	Vim
16.475887111662296	-0.08028814811884782	0.09347569210293213	-0.8589200712249057	0.39038461506281025	0.9891999326828187	Vpreb3
32.692078536709175	-0.08800759696503686	0.0613223696896337	-1.4351630149073349	0.1512406501817285	0.9891999326828187	Vsir
17.870258389188564	0.08056203732317377	0.06843140317905969	1.1772670671734247	0.239088927179379	0.9891999326828187	Vtn
23.185388511207055	0.010456428066667986	0.06276727170108501	0.16659045045743534	0.8676923081264902	0.9891999326828187	Vwa1
10.44448874909934	0.03948753387477106	0.08983667663890682	0.4395480259525723	0.6602644909991643	0.9891999326828187	Vwf
14.966983902672276	0.10639801484946043	0.07433562854249567	1.4313192332615519	0.15233874415142146	0.9891999326828187	Wif1
11.654206705031925	-0.06418037104894161	0.08475846587267924	-0.7572148739141974	0.44892114056258337	0.9891999326828187	Wnt10b
14.769176169061758	-0.07790567245421762	0.0778584565388256	-1.0006064327176647	0.31701711892208656	0.9891999326828187	Wnt11
12.531316688179839	0.11358627679756322	0.09197415978134135	1.2349803147710439	0.2168378304853587	0.9891999326828187	Wnt3
15.475403224274816	-0.12837724390556063	0.08288856459837571	-1.5487931842901803	0.12143144450892122	0.9891999326828187	Wnt5a
26.193098525441993	0.0390840450132564	0.05972293622178432	0.6544226973053654	0.5128395153266766	0.9891999326828187	Wnt5b
18.92049727234918	-0.05283275371315151	0.0591276699781142	-0.893536879310605	0.3715697316398168	0.9891999326828187	Wnt7a
25.4917421883269	0.013362237118094655	0.05478026076510488	0.24392430651966562	0.8072894437859289	0.9891999326828187	Wnt7b
17.25920889593451	-0.01664647299390089	0.07849243283604987	-0.21207742444002228	0.8320466317959923	0.9891999326828187	Wnt9a
20.173304016984588	0.06965832988042057	0.05997867618374069	1.1613849173167294	0.24548539987956453	0.9891999326828187	Xbp1
13.747904901560155	0.05039094747388289	0.07797499204341041	0.6462449838510933	0.5181207112357737	0.9891999326828187	Xcl1
8.56905807161344	-0.04204293750393027	0.1008363463674241	-0.41694229331490873	0.6767206173789673	0.9891999326828187	Xkr4
6.726355087694473	0.0774440490216441	0.09432032726303984	0.8210748549002456	0.4116036317879832	0.9891999326828187	Ybx3
22.08760100218537	0.08529403048004784	0.05630120526527216	1.514959228282438	0.1297827296071842	0.9891999326828187	Yes1
43.0367339145942	0.01850081917834265	0.0487581337742674	0.37944067473941434	0.7043606507368748	0.9891999326828187	Zfp36
