fov	n_cells	med_counts	xmin	xmax	ymin	ymax	sample_id	dataset
100	2044	90	4.60844407003631	5.11747302927631	11.2259205908389	11.7107730801339	sam0001	Mutter_01
101	1001	60	5.12072060849201	5.62662226316201	11.2262814336739	11.5434622856389	sam0001	Mutter_01
102	267	56	2.0499481204378	2.5554889322728	10.7161699522282	11.1574807394332	sam0001	Mutter_01
103	1708	61	2.5619840970035	3.0693291230135	10.7150874237232	11.2232744163482	sam0001	Mutter_01
104	3331	64	3.0731781069542	3.5816056614692	10.7143657380532	11.2232744163482	sam0001	Mutter_01
105	3003	108	3.58473295973991	4.09400248086991	10.7146062999432	11.2221918878432	sam0001	Mutter_01
106	2973	162	4.09688921725061	4.60543705271061	10.7143657380532	11.2229135735132	sam0001	Mutter_01
107	3116	142	4.60856435098131	5.11723246738631	10.7142454571082	11.2233946972932	sam0001	Mutter_01
108	2758	92	5.12011920376701	5.62866703922701	10.7138846142732	11.2230338544582	sam0001	Mutter_01
109	852	60	5.63251602316771	6.12807351656771	10.7142454571082	11.2217107640632	sam0001	Mutter_01
111	300	18	0.513960471685701	1.0199824073007	10.2058179088925	10.7039013021375	sam0001	Mutter_01
112	195	20	1.0271992577014	1.5185469180264	10.2053367851125	10.7083516971025	sam0001	Mutter_01
113	142	24	1.6573511222571	2.0450166079921	10.2042542566075	10.7053446734775	sam0001	Mutter_01
114	656	70.5	2.0504292442178	2.5572931464478	10.2024500424325	10.7103964731675	sam0001	Mutter_01
115	2849	43	2.5629463445635	3.0698102467935	10.2028108852675	10.7109978778925	sam0001	Mutter_01
116	3148	90	3.0729375450642	3.5818462233592	10.2023297614875	10.7112384397825	sam0001	Mutter_01
117	3097	136	3.58509380257491	4.0934010761449	10.2020891995975	10.7106370350575	sam0001	Mutter_01
118	2870	162	4.09652837441561	4.60555733365561	10.2024500424325	10.7109978778925	sam0001	Mutter_01
119	2955	153	4.60832378909131	5.11759331022131	10.2022094805425	10.7109978778925	sam0001	Mutter_01
120	3231	125	5.12023948471201	5.62950900584201	10.2020891995975	10.7111181588375	sam0001	Mutter_01
121	2443	135	5.63263630411271	6.14010161106771	10.2022094805425	10.7109978778925	sam0001	Mutter_01
122	1313	66	6.14539396634841	6.57840536834841	10.2017283567625	10.6067142985775	sam0001	Mutter_01
123	395	25	0.00312730457	0.509389802075	9.69221828004181	10.1973982490418	sam0001	Mutter_01
124	417	25	0.514321314520701	1.0191404406857	9.69245884193181	10.1976388109318	sam0001	Mutter_01
125	287	37	1.0268384148664	1.5314169791414	9.69053434681181	10.1978793728218	sam0001	Mutter_01
126	157	27	1.5415205722221	2.0435732366521	9.69221828004181	10.1928275731318	sam0001	Mutter_01
127	795	61	2.0498278394928	2.5565714607778	9.69113575153681	10.1990821822718	sam0001	Mutter_01
128	2767	53	2.5616232541685	3.0696899658485	9.69101547059181	10.1986010584918	sam0001	Mutter_01
129	2939	121	3.0729375450642	3.5816056614692	9.69065462775681	10.1988416203818	sam0001	Mutter_01
130	3162	147	3.58473295973991	4.09400248086991	9.69017350397681	10.1987213394368	sam0001	Mutter_01
131	2980	160	4.09640809347061	4.60555733365561	9.69005322303181	10.1990821822718	sam0001	Mutter_01
132	3061	158	4.60880491287131	5.11819471494631	9.69053434681181	10.1989619013268	sam0001	Mutter_01
133	3185	128	5.12108145132701	5.62950900584201	9.69017350397681	10.1995633060518	sam0001	Mutter_01
134	3193	122	5.63299714694771	6.14130442051771	9.69113575153681	10.1994430251068	sam0001	Mutter_01
135	2518	101	6.14443171878841	6.62423240839341	9.69041406586681	10.1998038679418	sam0001	Mutter_01
136	367	27	0.00408955213	0.506743621285	9.18078370820111	9.68572311531111	sam0001	Mutter_01
137	445	32	0.515283562080701	1.0205838120257	9.18006202253111	9.68620423909111	sam0001	Mutter_01
138	640	56	1.0274398195914	1.5324995076464	9.18367045088111	9.68716648665111	sam0001	Mutter_01
139	595	29	1.5381527057621	2.0445354842121	9.18054314631111	9.68572311531111	sam0001	Mutter_01
140	682	45.5	2.0498278394928	2.5562106179428	9.18042286536611	9.68656508192611	sam0001	Mutter_01
141	2756	53	2.5617435351135	3.0696899658485	9.17897949402611	9.68752732948611	sam0001	Mutter_01
142	3043	113	3.0729375450642	3.5818462233592	9.17813752741111	9.68740704854111	sam0001	Mutter_01
143	3121	156	3.58461267879491	4.09352135708991	9.17813752741111	9.68740704854111	sam0001	Mutter_01
144	3172	155	4.09688921725061	4.60591817649061	9.17861865119111	9.68740704854111	sam0001	Mutter_01
145	3256	147	4.60832378909131	5.11759331022131	9.17789696552111	9.68728676759611	sam0001	Mutter_01
146	3209	113	5.12072060849201	5.62974956773201	9.17849837024611	9.68752732948611	sam0001	Mutter_01
147	3276	122	5.63251602316771	6.14106385862771	9.17825780835611	9.68692592476111	sam0001	Mutter_01
148	2552	65	6.14431143784341	6.64191370730841	9.17873893213611	9.68704620570611	sam0001	Mutter_01
149	237	28	0.0914135182	0.508668116405	8.68161779275041	9.17188292457041	sam0001	Mutter_01
150	402	28	0.515524123970701	1.0205838120257	8.66766520313041	9.17320601496541	sam0001	Mutter_01
151	394	30.5	1.0259964482514	1.5323792267014	8.66766520313041	9.17356685780041	sam0001	Mutter_01
152	428	23	1.5394757961571	2.0423704272021	8.67007082203041	9.17488994819541	sam0001	Mutter_01
153	376	44	2.0511509298878	2.5556092132178	8.66898829352541	9.17404798158041	sam0001	Mutter_01
154	1920	49	2.5631869064535	3.0698102467935	8.66862745069041	9.17476966725041	sam0001	Mutter_01
155	3177	109	3.0728172641192	3.5813650995792	8.66682323651541	9.17573191481041	sam0001	Mutter_01
156	3183	113	3.58449239784991	4.09328079519991	8.66658267462541	9.17585219575541	sam0001	Mutter_01
157	3281	138	4.09676893630561	4.60603845743561	8.66658267462541	9.17525079103041	sam0001	Mutter_01
158	3289	117	4.60844407003631	5.11735274833131	8.66622183179041	9.17549135292041	sam0001	Mutter_01
159	3213	93	5.12060032754701	5.62950900584201	8.66694351746041	9.17525079103041	sam0001	Mutter_01
160	3148	82	5.63227546127771	6.14130442051771	8.66622183179041	9.17549135292041	sam0001	Mutter_01
161	778	44	6.14467228067841	6.55314636989841	8.77158793961041	9.17416826252541	sam0001	Mutter_01
162	101	30	0.246696218195	0.505300249945	8.21721307040471	8.66104975745471	sam0001	Mutter_01
163	313	31	0.519974518935701	1.0204635310807	8.15635091223471	8.66141060028971	sam0001	Mutter_01
164	483	33	1.0264775720314	1.5324995076464	8.19905064770971	8.66189172406971	sam0001	Mutter_01
165	243	27	1.5381527057621	2.0442949223221	8.19363800518471	8.66104975745471	sam0001	Mutter_01
166	368	41	2.0504292442178	2.5548875275478	8.16537198310971	8.66189172406971	sam0001	Mutter_01
167	300	56.5	2.5625855017285	3.0690885611235	8.23369155986971	8.66273369068471	sam0001	Mutter_01
168	2149	62	3.0729375450642	3.5812448186342	8.17956513461971	8.66321481446471	sam0001	Mutter_01
169	3230	80	3.58497352162991	4.09388219992491	8.15502782183971	8.66321481446471	sam0001	Mutter_01
170	3317	94	4.09652837441561	4.60579789554561	8.15406557427971	8.66345537635471	sam0001	Mutter_01
171	2590	90	4.60904547476131	5.11771359116631	8.15586978845471	8.66309453351971	sam0001	Mutter_01
172	1572	38	5.12132201321701	5.62914816300701	8.33123940626471	8.66321481446471	sam0001	Mutter_01
173	344	33	5.63504192301271	6.01200240464271	8.46811912167471	8.66345537635471	sam0001	Mutter_01
97	827	52	3.0742606354592	3.5812448186342	11.2266422765089	11.5431014428039	sam0001	Mutter_01
98	2016	68	3.58497352162991	4.0931605142549	11.2260408717839	11.6858749245189	sam0001	Mutter_01
99	2697	82	4.09688921725061	4.60483564798561	11.2260408717839	11.7297774694439	sam0001	Mutter_01
10	332	22	2.02570023387868	2.52823402208868	18.2435710989994	18.7483902251644	sam0002	Mutter_01
11	562	34	2.53821733422438	3.04399870794938	18.2414060419894	18.7483902251644	sam0002	Mutter_01
12	983	43	3.04808825378008	3.55447103223008	18.2403235134844	18.7475482585494	sam0002	Mutter_01
13	643	28	3.55940254467578	4.06602588501578	18.2416466038794	18.7482699442194	sam0002	Mutter_01
14	555	35	4.07191964502148	4.57794158063648	18.2428494133294	18.7481496632744	sam0002	Mutter_01
15	167	34	0.70489519307924	1.20947375735424	17.7294903463687	18.2291373918987	sam0002	Mutter_01
16	251	35	1.21620948397494	1.72295310525994	17.7322568081037	18.2365948104887	sam0002	Mutter_01
17	377	27	1.72968883188064	2.23474851993564	17.7293700654237	18.2346703153687	sam0002	Mutter_01
18	1814	69	2.23943947049134	2.74786702500634	17.7291295035337	18.2351514391487	sam0002	Mutter_01
19	2996	94	2.75027263760704	3.25966243968204	17.7288889416437	18.2374367771037	sam0002	Mutter_01
1	118	25.5	1.0766835901431	1.5291805052331	18.7576518516301	19.2427449028151	sam0002	Mutter_01
20	3066	83	3.26230861417274	3.77073616868774	17.7292497844787	18.2374367771037	sam0002	Mutter_01
21	1689	57	3.77470543357344	4.28168961674844	17.7285280988087	18.2367150914337	sam0002	Mutter_01
22	643	33	4.28794421958914	4.79384587425914	17.7298511892037	18.2375570580487	sam0002	Mutter_01
23	121	26	0.196227082973539	0.696234971338539	17.221062798153	17.724077710143	sam0002	Mutter_01
24	186	35	0.70501547402424	1.20887235262924	17.218055774528	17.724558833923	sam0002	Mutter_01
25	258	31	1.21560807924994	1.72259226242494	17.218416617363	17.720469281793	sam0002	Mutter_01
26	657	30	1.72728321298064	2.23498908182564	17.217935493583	17.724438552978	sam0002	Mutter_01
27	2892	86	2.23907862765634	2.74762646311634	17.216852965078	17.725881924318	sam0002	Mutter_01
28	3038	101	2.75027263760704	3.25978272062704	17.216852965078	17.725521081483	sam0002	Mutter_01
29	2978	90	3.26254917606274	3.77145785435774	17.216371841298	17.725641362428	sam0002	Mutter_01
2	383	32	1.5366379175238	2.0408556389638	18.7547651089501	19.2564569305451	sam0002	Mutter_01
30	2861	92	3.77374318601344	4.28313298808844	17.216371841298	17.725400800538	sam0002	Mutter_01
31	614	28	4.28758337675415	4.79480812181915	17.217935493583	17.723235743528	sam0002	Mutter_01
32	154	24	0.193701183128539	0.692746823933539	16.7073428883573	17.2090347099523	sam0002	Mutter_01
33	194	33	0.70465463118924	1.20911291451924	16.7098687882023	17.2102375194023	sam0002	Mutter_01
34	277	26	1.21717173153494	1.71994608163494	16.7067414836323	17.2108389241273	sam0002	Mutter_01
35	455	28	1.72872658432064	2.23402683426564	16.7061400789073	17.2125228573573	sam0002	Mutter_01
36	2391	90	2.23980031332634	2.74810758689634	16.7057792360723	17.2139662286973	sam0002	Mutter_01
37	2924	99	2.75099432327704	3.25918131590204	16.7048169885123	17.2136053858623	sam0002	Mutter_01
38	2933	102	3.26266945700774	3.77085644963274	16.7049372694573	17.2138459477523	sam0002	Mutter_01
39	1884	98	3.77434459073844	4.28253158336344	16.7055386741823	17.2139662286973	sam0002	Mutter_01
3	500	30	2.0460277132995	2.5534930202545	18.7527203328851	19.2588625494451	sam0002	Mutter_01
40	472	24	4.28770365769914	4.79216194102915	16.7117932833223	17.2130039811373	sam0002	Mutter_01
41	238	35	0.199234106598539	0.694190195273539	16.1948257880116	16.7001260379566	sam0002	Mutter_01
42	263	26	0.70790221670424	1.20959403829924	16.1956677546266	16.6992840713416	sam0002	Mutter_01
43	310	24	1.21921650759994	1.72223141958994	16.1950663499016	16.7002463189016	sam0002	Mutter_01
44	372	38	1.72824546054064	2.23342542954064	16.1963894402966	16.6991637903966	sam0002	Mutter_01
45	447	31	2.23968003238134	2.74702505839134	16.1949460689566	16.7009680045716	sam0002	Mutter_01
46	1203	45	2.75135516611204	3.25882047306704	16.1942243832866	16.7018099711866	sam0002	Mutter_01
47	986	50	3.26363170456774	3.76977392112774	16.1957880355716	16.7014491283516	sam0002	Mutter_01
48	442	28	3.77530683829844	4.28168961674844	16.1933824166716	16.7013288474066	sam0002	Mutter_01
49	256	18	4.28854562431414	4.78819266984415	16.1965097212416	16.7009680045716	sam0002	Mutter_01
4	468	47	2.5603490278202	3.0633639398102	18.7534420185551	19.2585017066101	sam0002	Mutter_01
50	188	30	0.0131594869569702	0.51160372303697	15.6821884067209	16.1877292185559	sam0002	Mutter_01
51	274	29.5	0.520384225722671	1.02592503755767	15.6823086876659	16.1880900613909	sam0002	Mutter_01
52	268	29	1.03169851661837	1.53735960939837	15.6874807683009	16.1884509042259	sam0002	Mutter_01
53	392	35	1.54349393129407	2.04771165273407	15.6823086876659	16.1877292185559	sam0002	Mutter_01
54	292	33	2.05709356014477	2.55926650551977	15.6843534637309	16.1885711851709	sam0002	Mutter_01
55	364	33	2.56768616537047	3.07406894382047	15.6819478448309	16.1886914661159	sam0002	Mutter_01
56	330	37	3.08056410855117	3.58406014432117	15.6819478448309	16.1888117470609	sam0002	Mutter_01
57	354	41	3.59055530905188	4.09489331143688	15.6821884067209	16.1861655662709	sam0002	Mutter_01
58	188	30	0.0287960098069702	0.51244568965197	15.1706335539352	15.6762946467152	sam0002	Mutter_01
59	357	23	0.519061135327671	1.02388026149267	15.1702727111002	15.6772568942752	sam0002	Mutter_01
5	602	68.5	3.0726255662759	3.5769635686609	18.7541637042251	19.2603059207851	sam0002	Mutter_01
60	336	25.5	1.03350273079337	1.53639736183837	15.1738811394502	15.6695589137952	sam0002	Mutter_01
61	344	32.5	1.54626039302907	2.04819277651407	15.1701524301552	15.6776177371102	sam0002	Mutter_01
62	305	22	2.05552990785977	2.55902594362977	15.1711146777152	15.6766554895502	sam0002	Mutter_01
63	345	20	2.56804700820547	3.07310669626047	15.1714755205502	15.6768960514402	sam0002	Mutter_01
64	363	34	3.08104523233117	3.58237621109117	15.1699118682652	15.6768960514402	sam0002	Mutter_01
65	244	30	3.59187839944688	4.09224713064688	15.1705132729902	15.6746107134852	sam0002	Mutter_01
66	77	24	0.0479206800619702	0.51148344209197	14.7556642999845	15.1647397939295	sam0002	Mutter_01
67	183	42	0.519301697217671	1.02424110432767	14.7960786975045	15.1647397939295	sam0002	Mutter_01
68	216	40	1.03314188795837	1.53663792372837	14.6741138192745	15.1629355797545	sam0002	Mutter_01
69	304	39	1.54505758357907	2.04903474312907	14.6576353298095	15.1634167035345	sam0002	Mutter_01
6	560	99	3.5832181715016	4.0891198261716	18.7528406138301	19.1721399881001	sam0002	Mutter_01
70	272	18	2.05552990785977	2.55878538173977	14.6582367345345	15.1647397939295	sam0002	Mutter_01
71	290	27	2.56684419875547	3.07202416775547	14.6607626343795	15.1654614795995	sam0002	Mutter_01
72	236	16	3.07900045626617	3.58117340164117	14.6585975773695	15.1638978273145	sam0002	Mutter_01
7	70	21.5	0.503184050966576	0.991765249556576	18.2474200892394	18.7439398301994	sam0002	Mutter_01
8	146	26	1.00030519035228	1.50271869761728	18.2446536275044	18.7479091013844	sam0002	Mutter_01
9	264	24	1.51799437133298	2.01920506914798	18.2414060419894	18.7476685394944	sam0002	Mutter_01
154	721	51	2.0505495251628	2.5563308988878	3.0734186625449	3.2509533373649	sam0003	Mutter_01
155	1072	46	2.5618638160585	3.0689682801785	3.0730578197099	3.3610104020399	sam0003	Mutter_01
156	2229	87	3.0734186688442	3.5816056614692	3.0737795053799	3.5031824790299	sam0003	Mutter_01
157	3029	83	3.58485324068491	4.09364163803491	3.04274702194881	3.55009204795881	sam0003	Mutter_01
158	2794	85	4.09640809347061	4.60555733365561	3.01219566229771	3.51930012641771	sam0003	Mutter_01
159	1826	54	4.60868463192631	5.11699190549631	3.01147397662771	3.49825096104271	sam0003	Mutter_01
160	924	37	5.12168285605201	5.62806563450201	3.0736592244349	3.5476864286799	sam0003	Mutter_01
161	1674	40	0.559306387950701	1.0221474643107	2.37627031389764	2.87603764037264	sam0003	Mutter_01
162	2497	61	1.0253950435264	1.5345442837114	2.5611421240892	3.0686074310442	sam0003	Mutter_01
163	2519	76	1.5369498963121	2.0459788555521	2.68455037214358	3.18347573200358	sam0003	Mutter_01
164	3038	82	2.0489858728778	2.5575337083378	2.5607812812542	3.0699305214392	sam0003	Mutter_01
165	3152	73	2.5609015684985	3.0698102467935	2.5617435288142	3.0700508023842	sam0003	Mutter_01
166	2936	113	3.0729375450642	3.5818462233592	2.5607812812542	3.0700508023842	sam0003	Mutter_01
167	3086	92	3.58473295973991	4.09376191897991	2.53083132632811	3.03925888084311	sam0003	Mutter_01
168	3040	87	4.09688921725061	4.60567761460061	2.49979884289701	3.00786555457702	sam0003	Mutter_01
169	3018	79	4.60928603665131	5.11759331022131	2.49991912384201	3.00822639741202	sam0003	Mutter_01
170	2788	49	5.12084088943701	5.62866703922701	2.5609015621992	3.0693291167142	sam0003	Mutter_01
171	1060	40	5.63227546127771	6.03521662702771	2.5609015621992	3.0675249025392	sam0003	Mutter_01
172	3038	76.5	0.513118505070701	1.0221474643107	1.86459518016694	2.37326329657193	sam0003	Mutter_01
173	2513	84	1.0249139197464	1.5334617552064	2.0491061475235	2.5578945448735	sam0003	Mutter_01
174	2773	71	1.5375513010371	2.0460991364971	2.17251439557788	2.68130279292788	sam0003	Mutter_01
175	2436	69	2.0491061538228	2.5571728655028	2.0498278331935	2.5583756686535	sam0003	Mutter_01
176	2391	90	2.5612624113335	3.0694494039585	2.0497075522485	2.5586162305435	sam0003	Mutter_01
177	3055	83	3.0725767022292	3.5816056614692	2.0489858665785	2.5582553877085	sam0003	Mutter_01
178	3094	80	3.58473295973991	4.09376191897991	2.01807366409241	2.52722290427741	sam0003	Mutter_01
179	3135	99	4.09664865536061	4.60567761460061	1.98788314727631	2.49643098273631	sam0003	Mutter_01
180	3099	89	4.60880491287131	5.11747302927631	1.98788314727631	2.49655126368131	sam0003	Mutter_01
181	2979	70	5.12060032754701	5.62926844395201	2.0489858665785	2.5578945448735	sam0003	Mutter_01
182	2492	52	5.63311742789271	6.14022189201271	2.0492264284685	2.5574134210935	sam0003	Mutter_01
183	692	35	6.14455199973341	6.32196639360841	1.64977341504927	2.15675759822427	sam0003	Mutter_01
184	1463	61	0.204838449335	0.509149240185	1.65251819368456	2.16046462441956	sam0003	Mutter_01
185	3023	81	0.513960471685701	1.0219069024207	1.35292004643623	1.86170844378623	sam0003	Mutter_01
186	2938	64	1.0253950435264	1.5337023170964	1.5376715756828	2.0454977254728	sam0003	Mutter_01
187	2971	58	1.5371904582021	2.0458585746071	1.66083926184718	2.16902625447218	sam0003	Mutter_01
188	2136	37	2.0488655919328	2.5569323036128	1.5380324185178	2.0454977254728	sam0003	Mutter_01
189	2384	39	2.5612624113335	3.0695696849035	1.5368296090678	2.0462194111428	sam0003	Mutter_01
190	2792	81	3.0730578260092	3.5817259424142	1.5376715756828	2.0457382873628	sam0003	Mutter_01
191	2900	71	3.58509380257491	4.09352135708991	1.50724049697671	2.01554777054671	sam0003	Mutter_01
192	3228	83	4.09712977914061	4.60567761460061	1.47560660882061	1.98475584900561	sam0003	Mutter_01
193	3048	85	4.60868463192631	5.11807443400131	1.47572688976561	1.98463556806061	sam0003	Mutter_01
194	3094	64	5.12060032754701	5.62938872489701	1.5375512947378	2.0456180064178	sam0003	Mutter_01
195	2880	61	5.63311742789271	6.14142470146271	1.5377918566278	2.0459788492528	sam0003	Mutter_01
196	418	20	6.14455199973341	6.31655375108341	1.22385859510357	1.64436077882357	sam0003	Mutter_01
197	2415	84	0.04859350178	0.510111487745	1.14096334089886	1.64927061446886	sam0003	Mutter_01
198	2915	73	0.513479347905701	1.0217866214757	0.840523227035533	1.34955218627553	sam0003	Mutter_01
199	2939	54	1.0253950435264	1.5339428789864	1.0251544753371	1.5343037155221	sam0003	Mutter_01
200	2652	57	1.5374310200921	2.0458585746071	1.14856272339148	1.65771196357648	sam0003	Mutter_01
201	2550	34	2.0495872776028	2.5581351130628	1.0255153181721	1.5341834345771	sam0003	Mutter_01
202	2378	36	2.5609015684985	3.0694494039585	1.0264775657321	1.5339428726871	sam0003	Mutter_01
203	2725	47	3.0726969831742	3.5818462233592	1.0257558800621	1.5338225917421	sam0003	Mutter_01
204	3000	45	3.58533436446491	4.0931605142549	0.995324801356007	1.50351179398101	sam0003	Mutter_01
205	3219	59	4.09821230764561	4.60543705271061	0.963811194144913	1.47308071527491	sam0003	Mutter_01
206	3199	69	4.60916575570631	5.11699190549631	0.964412598869913	1.47284015338491	sam0003	Mutter_01
207	3156	51	5.12096117038201	5.62974956773201	1.0257558800621	1.5343037155221	sam0003	Mutter_01
208	2897	49	5.63251602316771	6.14142470146271	1.0261167228971	1.5341834345771	sam0003	Mutter_01
209	2708	63	0.028506583965	0.51047233058	0.628566521498155	1.13735491884815	sam0003	Mutter_01
210	2912	72	0.513238786015701	1.0222677452557	0.328126407634833	0.837035085929833	sam0003	Mutter_01
211	2755	49	1.0251544816364	1.5337023170964	0.513359060661402	1.0215460532864	sam0003	Mutter_01
212	2508	54	1.5373107391471	2.0459788555521	0.637849837220781	1.14543542512078	sam0003	Mutter_01
213	2501	79	2.0494669966578	2.5578945511728	0.513479341606401	1.0227488627364	sam0003	Mutter_01
214	2471	70	2.5605407256635	3.0693291230135	0.513719903496401	1.0226285817914	sam0003	Mutter_01
215	2897	57	3.0726969831742	3.5822070661942	0.513359060661402	1.0220271770664	sam0003	Mutter_01
216	3149	52	3.58497352162991	4.09364163803491	0.483769948570307	0.991956941195307	sam0003	Mutter_01
217	3320	48	4.09700949819561	4.60555733365561	0.452015779469212	0.960563614929212	sam0003	Mutter_01
218	3068	58	4.60868463192631	5.11735274833131	0.452256341359212	0.961285300599212	sam0003	Mutter_01
219	3048	48	5.12048004660201	5.62914816300701	0.514201027276402	1.0217866151764	sam0003	Mutter_01
220	1437	32	5.63251602316771	6.03521662702771	0.522019288701402	1.0220271770664	sam0003	Mutter_01
221	1661	41	0.08972958497	0.510352049635	0.119176725722454	0.625800066062454	sam0003	Mutter_01
222	2326	47	0.513359066960701	1.0219069024207	-0.129662862735868	0.325841075979132	sam0003	Mutter_01
223	2660	72	1.0253950435264	1.5337023170964	0.00144336504070075	0.510231762390701	sam0003	Mutter_01
224	2911	49	1.5375513010371	2.0457382936621	0.12497189404008	0.63339944855508	sam0003	Mutter_01
225	2602	31	2.0488655919328	2.5577742702278	0.0108252787507007	0.510592605225701	sam0003	Mutter_01
226	2438	41	2.5616232541685	3.0695696849035	0.0815504744107007	0.510472324280701	sam0003	Mutter_01
227	3236	50	3.0731781069542	3.5820867852492	0.0026461744907007	0.509630357665701	sam0003	Mutter_01
228	3363	48	3.58509380257491	4.09400248086991	-0.0283863089403941	0.479439840849606	sam0003	Mutter_01
229	3050	43	4.09676893630561	4.60555733365561	-0.0588173876464888	0.448768200253511	sam0003	Mutter_01
230	2646	36.5	4.60892519381631	5.11711218644131	-0.0424591791264888	0.448768200253511	sam0003	Mutter_01
231	1290	30	5.12240454172201	5.62638170127201	0.113785767670701	0.510111481445701	sam0003	Mutter_01
232	855	22	1.0262370101414	1.5328603504814	-0.18643546475	-0.00192449512	sam0003	Mutter_01
233	1344	25	1.5382729867071	2.0441746413771	-0.177053552555621	0.121604033879379	sam0003	Mutter_01
104	559	73	1.01380097055499	1.52018374900499	5.12072060219271	5.60918151983771	sam0004	Mutter_01
105	1024	54.5	1.5249949805057	2.0330616921857	5.12132200691771	5.62481804268771	sam0004	Mutter_01
106	1273	63	2.0375120808514	2.5443759830814	5.12048004030271	5.62024736677771	sam0004	Mutter_01
107	1479	48	2.5502697430871	3.0567728024821	5.12144228786271	5.62794534725771	sam0004	Mutter_01
108	1756	45	3.0614637530378	3.5691696218828	5.12084088313771	5.62181101906271	sam0004	Mutter_01
109	1764	55	3.57313888676849	4.08144616033849	5.12120172597271	5.61904455732771	sam0004	Mutter_01
110	814	53	4.08481402049919	4.55126352520919	5.12072060219271	5.35274254509771	sam0004	Mutter_01
111	1302	51	0.511628031479294	1.00947086283429	4.60988743507701	5.11759330392201	sam0004	Mutter_01
112	2834	59	1.01331984677499	1.52186768223499	4.60868462562701	5.11699189919701	sam0004	Mutter_01
113	2905	87	1.5247544186157	2.0337833778557	4.60904546846201	5.11783386581201	sam0004	Mutter_01
114	3220	50	2.0370309570714	2.5458193544214	4.60952659224201	5.11747302297701	sam0004	Mutter_01
115	3431	81	2.5490669336371	3.0573742072071	4.60928603035201	5.11795414675701	sam0004	Mutter_01
116	2740	70	3.0607420673678	3.5695304647178	4.60904546846201	5.11735274203201	sam0004	Mutter_01
117	2789	58	3.57265776298849	4.08180700317349	4.60916574940701	5.11783386581201	sam0004	Mutter_01
118	3284	48	4.08481402049919	4.59372269879419	4.60928603035201	5.11723246108701	sam0004	Mutter_01
119	1492	37	4.59672971611989	5.08531091470989	4.60892518751701	5.09233430547201	sam0004	Mutter_01
120	2185	52	0.503689489109294	1.00959114377929	4.09688921095131	4.60531676546631	sam0004	Mutter_01
121	3069	39	1.01319956582999	1.52090543467499	4.09773117756631	4.60495592263131	sam0004	Mutter_01
122	2903	47	1.5251152614507	2.0328211302957	4.09700949189631	4.60555732735631	sam0004	Mutter_01
123	2528	44	2.0366701142364	2.5453382306414	4.09688921095131	4.60531676546631	sam0004	Mutter_01
124	3256	55	2.5495480574171	3.0580958928771	4.09785145851131	4.60531676546631	sam0004	Mutter_01
125	2398	86.5	3.0605015054778	3.5695304647178	4.09749061567631	4.60603845113631	sam0004	Mutter_01
126	2580	55	3.57265776298849	4.08060419372349	4.09773117756631	4.60603845113631	sam0004	Mutter_01
127	2526	49	4.08505458238919	4.59348213690419	4.09664864906131	4.60483564168631	sam0004	Mutter_01
128	2731	51	4.59721083989989	5.10419502307489	4.09749061567631	4.60603845113631	sam0004	Mutter_01
129	2728	56	0.502847522494294	1.00935058188929	3.58521407722061	4.09352135079061	sam0004	Mutter_01
130	3095	32	1.01319956582999	1.52138655845499	3.58497351533061	4.09376191268061	sam0004	Mutter_01
131	3007	43	1.5253558233407	2.0334225350207	3.58557492005561	4.09376191268061	sam0004	Mutter_01
132	2495	53	2.0366701142364	2.5461801972564	3.58545463911061	4.09376191268061	sam0004	Mutter_01
133	2563	56	2.5490669336371	3.0567728024821	3.58617632478061	4.09352135079061	sam0004	Mutter_01
134	2234	36	3.0607420673678	3.5690493409378	3.58557492005561	4.09279966512061	sam0004	Mutter_01
135	2399	45	3.57362001054849	4.08132587939349	3.58593576289061	4.09279966512061	sam0004	Mutter_01
136	2573	39	4.08505458238919	4.59312129406919	3.58485323438561	4.09388219362561	sam0004	Mutter_01
137	2918	61	4.59721083989989	5.10551811346989	3.58545463911061	4.09376191268061	sam0004	Mutter_01
138	2443	63	0.502125836824294	1.00947086283429	3.07389978632491	3.58172593611491	sam0004	Mutter_01
139	3038	35	1.01307928488499	1.52222852506999	3.07293753876491	3.58184621705991	sam0004	Mutter_01
140	2484	33	1.5248746995607	2.0327008493507	3.07353894348991	3.58112453138991	sam0004	Mutter_01
141	2530	32	2.0369106761264	2.5449773878064	3.07426062915991	3.58172593611491	sam0004	Mutter_01
142	1939	41	2.5495480574171	3.0562916787021	3.07402006726991	3.58148537422491	sam0004	Mutter_01
143	1754	43	3.0612231911478	3.5688087790478	3.07293753876491	3.58088396949991	sam0004	Mutter_01
144	1191	44	3.57289832487849	4.08012306994349	3.07474175293991	3.58184621705991	sam0004	Mutter_01
145	1936	40	4.08493430144419	4.59360241784919	3.07365922443491	3.58208677894991	sam0004	Mutter_01
146	2267	56	4.59660943517489	5.10443558496489	3.07426062915991	3.58160565516991	sam0004	Mutter_01
147	473	43	5.10864541174059	5.37518798586059	3.07377950537991	3.58040284571991	sam0004	Mutter_01
148	1439	81	0.558778161919294	1.00911001999929	2.56234493353921	3.07005080238421	sam0004	Mutter_01
149	2530	92	1.01344012771999	1.52090543467499	2.56186380975921	3.06932911671421	sam0004	Mutter_01
150	1898	68	1.5249949805057	2.0327008493507	2.56174352881421	3.06981024049421	sam0004	Mutter_01
151	497	52	2.0377526427414	2.5449773878064	2.90346169355921	3.06920883576921	sam0004	Mutter_01
152	482	34.5	2.5500291811971	3.0565322405921	2.56414914771421	3.06956967860421	sam0004	Mutter_01
153	713	59	3.0617043149278	3.5685682171578	2.56186380975921	3.06968995954921	sam0004	Mutter_01
154	1340	62	3.57349972960349	4.08060419372349	2.56270577637421	3.06956967860421	sam0004	Mutter_01
155	556	39.5	4.08529514427919	4.59215904650919	2.56234493353921	3.06932911671421	sam0004	Mutter_01
156	1059	41	4.59709055895489	5.10551811346989	2.56162324786921	3.06981024049421	sam0004	Mutter_01
157	332	27	5.11008878308059	5.31613004186559	2.67420621238921	3.06776546442921	sam0004	Mutter_01
158	543	78	0.779132849749147	1.28611703292415	2.16421501188851	2.55741342109351	sam0004	Mutter_01
159	1019	78	1.29020657875485	1.79731104287485	2.04934670941351	2.55789454487351	sam0004	Mutter_01
160	206	32	5.10924681646559	5.26043996433059	4.09749061567631	4.59340895191131	sam0004	Mutter_01
161	1377	54	3.0627868434328	3.5674856886528	2.05018867602851	2.55729314014851	sam0004	Mutter_01
162	974	54	3.57482281999849	4.08048391277849	2.05030895697351	2.55813510676351	sam0004	Mutter_01
163	662	50	4.08541542522419	4.58927230382919	2.05175232831351	2.55621061164351	sam0004	Mutter_01
164	669	39	4.59853393029489	5.10491670874489	2.05139148547851	2.55717285920351	sam0004	Mutter_01
165	564	36	5.10888597363059	5.49246190723559	2.05018867602851	2.53804818894851	sam0004	Mutter_01
166	1055	45	3.0614637530378	3.5691696218828	1.5373107328478	2.0451368826378	sam0004	Mutter_01
167	729	58	3.57289832487849	3.91870604175349	1.5948050245578	2.0441746350778	sam0004	Mutter_01
168	113	40	4.09984913862419	4.59155764178419	1.5395960708028	2.0423704209028	sam0004	Mutter_01
169	744	43	4.59805280651489	5.10395446118489	1.5389946660778	2.0438137922428	sam0004	Mutter_01
170	882	60	5.10960765930059	5.61647156153059	1.5373107328478	2.0451368826378	sam0004	Mutter_01
171	615	46	5.6220044787013	6.1157577579263	1.5376715756828	1.8093862304378	sam0004	Mutter_01
172	455	37	3.0614637530378	3.5204558391578	1.1854889750221	1.5337023107971	sam0004	Mutter_01
173	462	42.5	3.65709498637849	4.08108531750349	1.0257558800621	1.5116908978621	sam0004	Mutter_01
174	879	41	4.08541542522419	4.59312129406919	1.0259964419521	1.5328603441821	sam0004	Mutter_01
175	2169	44	4.59709055895489	5.10503698968989	1.0253950372271	1.5338225917421	sam0004	Mutter_01
176	3174	69	5.10924681646559	5.61731352814559	1.0255153181721	1.5338225917421	sam0004	Mutter_01
177	2969	66	5.6202002645263	6.1292292237663	1.0253950372271	1.5339428726871	sam0004	Mutter_01
178	607	37	6.132476802982	6.432457479812	1.0258761610071	1.4904011705971	sam0004	Mutter_01
179	368	40	3.61018541782849	4.08048391277849	0.516366084286401	1.0210649295064	sam0004	Mutter_01
180	1317	41	4.08589654900419	4.59360241784919	0.514922712946401	1.0208243676164	sam0004	Mutter_01
181	2351	64	4.59709055895489	5.10527755157989	0.514201027276402	1.0216663342314	sam0004	Mutter_01
182	2949	110	5.10852513079559	5.61707296625559	0.513719903496401	1.0221474580114	sam0004	Mutter_01
183	3191	82	5.6208016692513	6.1286278190413	0.513479341606401	1.0220271770664	sam0004	Mutter_01
184	1517	38	6.132717364872	6.498852561452	0.514802432001401	1.0214257723414	sam0004	Mutter_01
185	167	42	3.74453923339349	4.07964194616349	0.00408954583070076	0.509149233885701	sam0004	Mutter_01
186	1199	38	4.08637767278419	4.59336185595919	0.00252589354570076	0.509510076720701	sam0004	Mutter_01
187	2903	57	4.59709055895489	5.10587895630489	0.0026461744907007	0.510231762390701	sam0004	Mutter_01
188	2938	72	5.10876569268559	5.61695268531059	0.00204476976570067	0.510111481445701	sam0004	Mutter_01
189	3006	65	5.6205611073613	6.1288683809313	0.00216505071070072	0.510592605225701	sam0004	Mutter_01
190	977	25	6.133318769597	6.430893827527	0.00300701732570075	0.509028952940701	sam0004	Mutter_01
191	582	35	4.25729689411357	4.71568757550857	-0.469697090225	-0.002525899845	sam0004	Mutter_01
192	2199	31	4.71965684039427	5.22868579963427	-0.50830727357	-0.001323090395	sam0004	Mutter_01
193	2413	27	5.23217394073998	5.74012037147498	-0.50926952113	-0.00192449512	sam0004	Mutter_01
194	1100	30	5.74300710785568	6.24951016725068	-0.448287082015	-0.002044776065	sam0004	Mutter_01
195	666	55	5.10900625457559	5.30410194736559	3.58569520100061	4.09243882228561	sam0004	Mutter_01
100	781	45	8.67701934100565	9.09295084881565	11.3611907814517	11.8031029733817	sam0005	Mutter_01
101	422	34	7.14367787304355	7.64825643731855	11.121110021531	11.292269806266	sam0005	Mutter_01
102	834	48	7.65342851165425	8.16101409955425	11.132055587526	11.292269806266	sam0005	Mutter_01
103	385	43	8.16678757861495	8.55589643568995	11.154067000461	11.292630649101	sam0005	Mutter_01
10	975	35	0.515403843025701	1.0219069024207	15.7180679921587	16.1698432215787	sam0005	Mutter_01
11	2384	30	1.0251544816364	1.5331009123714	15.7174665874337	16.2256535800587	sam0005	Mutter_01
12	2498	43	1.5375513010371	2.0453774508271	15.7178274302687	16.2255332991137	sam0005	Mutter_01
13	1514	39	2.0499481204378	2.5576539892828	15.7173463064887	16.1069362873437	sam0005	Mutter_01
14	428	45	2.5611421303885	3.0689682801785	15.7192708016087	16.2245710515537	sam0005	Mutter_01
15	2046	30	3.0728172641192	3.5807636948542	15.7177071493237	16.2249318943887	sam0005	Mutter_01
16	908	33	3.58557492635491	4.0156995856749	15.7210750157837	16.2258941419487	sam0005	Mutter_01
17	944	37	0.15901140929	0.50975064491	15.206272577483	15.713016198768	sam0005	Mutter_01
18	2862	39	0.513960471685701	1.0215460595857	15.205911734648	15.714219008218	sam0005	Mutter_01
19	2548	48	1.0255153244714	1.5340631599314	15.205671172758	15.714098727273	sam0005	Mutter_01
1	1193	49	2.45529490016204	2.95662587892204	17.2542962028008	17.7612803859758	sam0005	Mutter_01
20	2639	53	1.5376715819821	2.0459788555521	15.206272577483	15.714219008218	sam0005	Mutter_01
21	2838	40	2.0492264347678	2.5575337083378	15.206272577483	15.713377041603	sam0005	Mutter_01
22	2091	34	2.5613826922785	3.0688479992335	15.205671172758	15.713377041603	sam0005	Mutter_01
23	725	38	3.0732983878992	3.5801622901292	15.205791453703	15.712535074988	sam0005	Mutter_01
24	272	39	4.13225181508061	4.60483564798561	15.206272577483	15.607529810003	sam0005	Mutter_01
25	336	34	4.61241334122131	5.11578909604631	15.207114544098	15.546427089943	sam0005	Mutter_01
26	2115	45	0.023454784275	0.51095345436	14.6943568818623	15.2023033125973	sam0005	Mutter_01
27	2602	49	0.513238786015701	1.0220271833657	14.6943568818623	15.2021830316523	sam0005	Mutter_01
28	3122	34	1.0253950435264	1.5341834408764	14.6936351961923	15.2018221888173	sam0005	Mutter_01
29	3366	27	1.5373107391471	2.0463396983871	14.6941163199723	15.2019424697623	sam0005	Mutter_01
2	768	37	2.96239935798274	3.46866185548774	17.2546570456358	17.7604384193608	sam0005	Mutter_01
30	3566	27	2.0493467157128	2.5575337083378	14.6938757580823	15.2019424697623	sam0005	Mutter_01
31	2683	31	2.5617435351135	3.0690885611235	14.6943568818623	15.2023033125973	sam0005	Mutter_01
32	2412	27	3.0732983878992	3.5813650995792	14.6942366009173	15.2015816269273	sam0005	Mutter_01
33	737	31	3.58593576918991	4.00331064833991	14.6949582865873	15.1961689844023	sam0005	Mutter_01
34	253	49	4.12214821570061	4.60459508609561	14.9890451971123	15.2007396603123	sam0005	Mutter_01
35	83	32	4.61157137460631	5.06575222292631	14.7483630261673	15.1998976936973	sam0005	Mutter_01
36	2495	39	0.0408955213	0.510111487745	14.1820803434066	14.6895456503616	sam0005	Mutter_01
37	2239	68	0.513359066960701	1.0216663405307	14.1822006243516	14.6902673360316	sam0005	Mutter_01
38	2891	36	1.0262370101414	1.5343037218214	14.1820803434066	14.6901470550866	sam0005	Mutter_01
39	2859	35	1.5375513010371	2.0457382936621	14.1824411862416	14.6905078979216	sam0005	Mutter_01
3	256	31.5	3.47491645832844	3.77910696823344	17.2554990122508	17.5797764399708	sam0005	Mutter_01
40	2941	34	2.0493467157128	2.5578945511728	14.1823209052966	14.6902673360316	sam0005	Mutter_01
41	2416	41	2.5611421303885	3.0700508086835	14.1823209052966	14.6907484598116	sam0005	Mutter_01
42	1854	27.5	3.0736592307342	3.5798014472942	14.1826817481316	14.6895456503616	sam0005	Mutter_01
43	1477	33	0.098991217735	0.510592611525	13.6702849287309	14.1785922023009	sam0005	Mutter_01
44	2626	52	0.513599628850701	1.0216663405307	13.6701646477859	14.1785922023009	sam0005	Mutter_01
45	2877	29	1.0263572910864	1.5345442837114	13.6695632430609	14.1778705166309	sam0005	Mutter_01
46	2680	40	1.5370701772571	2.0460991364971	13.6708863334559	14.1782313594659	sam0005	Mutter_01
47	2552	40	2.0491061538228	2.5578945511728	13.6699240858959	14.1777502356859	sam0005	Mutter_01
48	2949	25	2.5615029732235	3.0696899658485	13.6707660525109	14.1784719213559	sam0005	Mutter_01
49	593	30	3.0734186688442	3.3433291094242	13.7430549004559	14.1788327641909	sam0005	Mutter_01
4	803	26	2.0693133525828	2.5560903369978	16.7423805071801	17.2457562620051	sam0005	Mutter_01
50	1346	27	0.514922719245701	1.0214257786407	13.1623385042952	13.6665562257352	sam0005	Mutter_01
51	3030	23	1.0251544816364	1.5331009123714	13.1576475474402	13.6665562257352	sam0005	Mutter_01
52	2863	27	1.5383932676521	2.0457382936621	13.1584895140552	13.6665562257352	sam0005	Mutter_01
53	2168	24	2.0494669966578	2.5572931464478	13.1578881093302	13.6660751019552	sam0005	Mutter_01
54	671	24	2.5623449398385	2.9990850511335	13.3693420106402	13.6664359447902	sam0005	Mutter_01
55	146	25.5	0.548120260065701	1.0214257786407	12.6654579267995	13.1539188444445	sam0005	Mutter_01
56	268	26	1.0261167291964	1.5332211933164	12.7544658260995	13.1543999682245	sam0005	Mutter_01
57	652	22.5	1.5387541104871	2.0438137985421	12.8799188517345	13.1539188444445	sam0005	Mutter_01
58	132	33.5	2.0489858728778	2.2579138743428	12.9666414130795	13.1537985634995	sam0005	Mutter_01
59	527	36	5.42065335708988	5.92751725931988	13.8562986730352	14.3281608202702	sam0005	Mutter_01
5	260	37	2.5619840970035	3.0687277182885	16.7743752385501	17.2493646903551	sam0005	Mutter_01
60	685	35	5.93341101932558	6.43919239305058	13.8569000777602	14.3631625752652	sam0005	Mutter_01
61	782	44	6.44520643400128	6.95219061717628	13.8584637300452	14.3330923390152	sam0005	Mutter_01
62	501	36	6.95724241056698	7.46350490807198	13.8587042919352	14.2866638942452	sam0005	Mutter_01
63	429	34	7.46843642051768	7.97602200841768	13.8582231681552	14.2563530961052	sam0005	Mutter_01
64	290	41	7.98275773503838	8.45293594904338	13.8565392349252	14.1778096390202	sam0005	Mutter_01
65	630	38	5.14364634478075	5.60107477861575	13.3447438202495	13.8518482843695	sam0005	Mutter_01
66	853	40	5.60576572917145	6.11166738384145	13.3448641011945	13.8520888462595	sam0005	Mutter_01
67	706	28	6.11732058195715	6.62442504607715	13.3451046630845	13.8512468796445	sam0005	Mutter_01
68	581	34	6.62959712041285	7.13573933697285	13.3447438202495	13.8510063177545	sam0005	Mutter_01
69	509	35	7.14151281603355	7.64753475164855	13.3440221345795	13.8520888462595	sam0005	Mutter_01
6	650	36.5	3.0767865353042	3.5813650995792	16.7416588215101	17.2482821618501	sam0005	Mutter_01
70	644	43	7.65330823070925	8.15993157104925	13.3457060678095	13.8512468796445	sam0005	Mutter_01
71	218	29	8.16558476916495	8.60304656612995	13.3457060678095	13.8500440701945	sam0005	Mutter_01
72	897	39	5.18033203300575	5.60131534050575	12.8357148673088	13.3396920268588	sam0005	Mutter_01
73	887	36	5.60492376255645	6.11287019329145	12.8325875627388	13.3394514649688	sam0005	Mutter_01
74	876	30	6.11744086290215	6.62382364135215	12.8328281246288	13.3398123078038	sam0005	Mutter_01
75	931	36	6.62959712041285	7.13549877508285	12.8330686865188	13.3395717459138	sam0005	Mutter_01
76	1664	51	7.14175337792355	7.64897812298855	12.8334295293538	13.3394514649688	sam0005	Mutter_01
77	2007	55	7.65330823070925	8.16077353766425	12.8330686865188	13.3401731506388	sam0005	Mutter_01
78	2467	62	8.16450224065995	8.67329063800995	12.8322267199038	13.3390906221338	sam0005	Mutter_01
79	539	38	8.67725990289565	9.18400352418065	12.8335498102988	13.2968720104388	sam0005	Mutter_01
7	412	41	3.58617633107991	4.08185410542491	16.7463497783651	17.2482821618501	sam0005	Mutter_01
80	743	36	5.39334958295378	5.89780786628378	12.3209124290081	12.8282574550181	sam0005	Mutter_01
81	798	26.5	5.90261909778448	6.40948300001448	12.3215138337331	12.8278966121831	sam0005	Mutter_01
82	767	27	6.41429423151518	6.92103785280018	12.3215138337331	12.8269343646231	sam0005	Mutter_01
83	2455	53	6.92633020808088	7.43367523409088	12.3197096195581	12.8276560502931	sam0005	Mutter_01
84	3035	18	7.43680253236159	7.94450840120659	12.3210327099531	12.8280168931281	sam0005	Mutter_01
85	3210	21	7.94895878987229	8.45762690627729	12.3211529908981	12.8287385787981	sam0005	Mutter_01
86	2243	46	8.46123532832799	8.96906147811799	12.3210327099531	12.8284980169081	sam0005	Mutter_01
87	669	45	8.97327130489369	9.45872519891369	12.3207921480631	12.8269343646231	sam0005	Mutter_01
88	517	40	5.72303964940973	6.20428371035473	11.8304067415974	12.3161011975074	sam0005	Mutter_01
89	945	42	6.21005718941543	6.71776305826043	11.8085156096074	12.3163417593974	sam0005	Mutter_01
8	2306	33	2.91945906113873	3.42692436809373	16.2305850925044	16.7374489947344	sam0005	Mutter_01
90	2636	49	6.72101063747613	7.22931791104613	11.8088764524424	12.3168228831774	sam0005	Mutter_01
91	4541	22	7.23436970443683	7.74159444950183	11.8085156096074	12.3168228831774	sam0005	Mutter_01
92	3694	23	7.74568399533253	8.25302902134253	11.8097184190574	12.3171837260124	sam0005	Mutter_01
93	3591	17	8.25723884811823	8.76530555979823	11.8082750477174	12.3167026022324	sam0005	Mutter_01
94	972	48	8.77829589555893	9.27674013163893	11.8088764524424	12.3159809165624	sam0005	Mutter_01
95	177	45	6.24878765484215	6.62406420324215	11.3913812986467	11.8035840971617	sam0005	Mutter_01
96	2049	43	6.63019852513785	7.13670158453285	11.2991258138317	11.8044260637767	sam0005	Mutter_01
97	2435	30	7.14079113036355	7.64897812298855	11.2959985092617	11.8046666256667	sam0005	Mutter_01
98	3802	28	7.65258654503925	8.16077353766425	11.2964796330417	11.8052680303917	sam0005	Mutter_01
99	2594	28	8.16546448821995	8.67280951422995	11.2964796330417	11.8040652209417	sam0005	Mutter_01
9	1426	31.5	3.43137475675943	3.93871978276943	16.2304648115594	16.7361259043394	sam0005	Mutter_01
100	2398	41	7.9592071022325	8.4672738139125	8.6900211601472	9.1976067480472	sam0006	Mutter_01
101	1842	47	4.0042494000819	4.3725496536719	8.11616077860931	8.62386664745431	sam0006	Mutter_01
102	3116	83.5	4.3757972328876	4.8837436636226	8.23980958855369	8.74775601928869	sam0006	Mutter_01
103	3003	107	4.8874723666183	5.3962607639683	8.1773837788565	8.6862924571515	sam0006	Mutter_01
104	2742	100	5.399147500349	5.908296740534	7.96159976617883	8.47026788258383	sam0006	Mutter_01
105	2863	95	5.9113037578597	6.4198515933197	8.1769026550765	8.6861721762065	sam0006	Mutter_01
106	3050	73	6.4233397344254	6.9315267270504	8.1771432169665	8.6864127380965	sam0006	Mutter_01
107	3049	76	6.9352554300461	7.4439235464511	8.1775040598015	8.6864127380965	sam0006	Mutter_01
108	3014	75	7.4468102828318	7.9558392420718	8.36201502715806	8.87104398639806	sam0006	Mutter_01
109	2779	37	7.9589665403425	8.4679954995825	8.1778649026365	8.6856910524265	sam0006	Mutter_01
110	2632	43.5	3.8649640657719	4.3723090917819	7.60376395920861	8.11231179466861	sam0006	Mutter_01
111	2960	83	4.3751958281626	4.8844653492926	7.72717220726299	8.23547948083298	sam0006	Mutter_01
112	2987	96	4.8872318047283	5.3965013258583	7.6651072404008	8.1741361996408	sam0006	Mutter_01
113	2665	107	5.399628624129	5.907815616754	7.45028547528313	7.95919415357813	sam0006	Mutter_01
114	2790	110	5.9110631959697	6.4199718742647	7.6657086451258	8.1742564805858	sam0006	Mutter_01
115	2864	84	6.4230991725354	6.9323686936654	7.6651072404008	8.1746173234208	sam0006	Mutter_01
116	3090	88	6.9354959919361	7.4434424226711	7.6659492070158	8.1742564805858	sam0006	Mutter_01
117	3196	63	7.4469305637768	7.9562000849068	7.85082101720736	8.35936885266736	sam0006	Mutter_01
118	2471	36	7.9588462593975	8.4670332520225	7.6655883641808	8.17389563775079	sam0006	Mutter_01
119	256	68	3.6163433587562	3.8594311486012	7.15535660179009	7.66173938024009	sam0006	Mutter_01
120	2769	47	3.8640018182119	4.3723090917819	7.09293079209291	7.60123806566291	sam0006	Mutter_01
121	2870	66	4.3755566709976	4.8843450683476	7.21537679258728	7.72404490899228	sam0006	Mutter_01
122	2905	101	4.8872318047283	5.3967418877483	7.1541537923401	7.66258134685509	sam0006	Mutter_01
123	2791	80	5.400109747909	5.908176459589	6.93849006060743	7.44667705323243	sam0006	Mutter_01
124	2920	111	5.9111834769147	6.4202124361547	7.1536726685601	7.6624610659101	sam0006	Mutter_01
125	2850	101	6.4235802963154	6.9317672889404	7.1539132304501	7.6624610659101	sam0006	Mutter_01
126	2952	81	6.9356162728811	7.4439235464511	7.15319154478009	7.66234078496509	sam0006	Mutter_01
127	2850	59	7.4472914066118	7.9562000849068	7.33854447875166	7.84721259515666	sam0006	Mutter_01
128	1805	37	7.9593273831775	8.4663115663525	7.15439435423009	7.6622205040201	sam0006	Mutter_01
129	408	43.5	3.35280780826119	3.8590703057662	6.64247865860939	7.14862087516939	sam0006	Mutter_01
130	1879	42	3.8655654704969	4.3725496536719	6.58065425363721	7.0883601224822	sam0006	Mutter_01
131	2712	69	4.3755566709976	4.8833828207876	6.70346109696658	7.21176837053658	sam0006	Mutter_01
132	2607	66	4.8873520856733	5.3960202020783	6.64151641104939	7.15054537028939	sam0006	Mutter_01
133	2634	57	5.399628624129	5.907695335809	6.42621352215173	6.93428023383173	sam0006	Mutter_01
134	2974	90	5.9114240388047	6.4204529980447	6.64127584915939	7.15054537028939	sam0006	Mutter_01
135	2916	87	6.4238208582054	6.9320078508304	6.64199753482939	7.15114677501439	sam0006	Mutter_01
136	2902	57	6.9347743062661	7.4436829845611	6.64175697293939	7.15090621312439	sam0006	Mutter_01
137	2818	42	7.4471711256668	7.9552378373468	6.82662878313096	7.33493605670096	sam0006	Mutter_01
138	785	50	7.9599287879025	8.4337154302575	6.64789130113439	7.14910199894939	sam0006	Mutter_01
139	486	54	8.4707619550182	8.9018488618982	7.6669114545758	8.1736550758608	sam0006	Mutter_01
140	909	31	3.8652046276619	4.3719482489469	6.0692196817965	6.5765647078065	sam0006	Mutter_01
141	2700	50	4.3759175138326	4.8833828207876	6.19154540134588	6.70033379869588	sam0006	Mutter_01
142	2926	47	4.8875926475633	5.3962607639683	6.13008183920869	6.63838911277869	sam0006	Mutter_01
143	2689	38	5.400230028854	5.907815616754	5.91550063598103	6.42308622388103	sam0006	Mutter_01
144	3186	62	5.9107023531347	6.4196110314297	6.13008183920869	6.63850939372369	sam0006	Mutter_01
145	3119	54	6.4232194534804	6.9316470079954	6.12996155826369	6.63887023655869	sam0006	Mutter_01
146	2641	42	6.9354959919361	7.4427207370011	6.13044268204369	6.63790798899869	sam0006	Mutter_01
147	1245	50	7.4469305637768	7.9545161516768	6.32132853948526	6.82326092297026	sam0006	Mutter_01
148	163	38	8.4716039216332	8.5992220042782	8.6918253743222	9.1717463448722	sam0006	Mutter_01
149	210	29	8.4708822359632	8.9668005721982	8.1787068692515	8.6817217812415	sam0006	Mutter_01
150	208	42	8.4718444835232	8.7198637921132	7.21309145539009	7.66149881835009	sam0006	Mutter_01
151	685	26	4.8889157379583	5.3944565497933	5.73074910810799	6.12599229337799	sam0006	Mutter_01
152	1177	42	5.9122660054197	6.4194907504847	5.83743830632299	6.12659369810299	sam0006	Mutter_01
153	866	44	6.4237005772604	6.9311658842154	5.88182197502799	6.12635313621299	sam0006	Mutter_01
73	2168	81.5	5.400230028854	5.907454773919	10.0096233914966	10.5179306650666	sam0006	Mutter_01
74	2199	87	5.9113037578597	6.4199718742647	10.2248059994493	10.6613055488543	sam0006	Mutter_01
75	2485	75	6.4234600153704	6.9321281317754	10.2252871232293	10.7284223161643	sam0006	Mutter_01
76	1864	56	6.9347743062661	7.4435627036161	10.2250465613393	10.7055689366143	sam0006	Mutter_01
77	1751	68	4.8881940522883	5.3957796401883	9.7131308657186	10.2044785260436	sam0006	Mutter_01
78	3306	99	5.399388062239	5.907935897699	9.49746713398593	10.0063758122809	sam0006	Mutter_01
79	3243	112	5.9114240388047	6.4200921552097	9.7128903038286	10.2222801059036	sam0006	Mutter_01
80	3030	93	6.4230991725354	6.9317672889404	9.7136119894986	10.2224003868486	sam0006	Mutter_01
81	3022	84	6.9352554300461	7.4434424226711	9.7132511466636	10.2214381392886	sam0006	Mutter_01
82	1532	42	7.4474116875568	7.9541553088418	9.89812295685517	10.4060693875902	sam0006	Mutter_01
83	435	34	7.9592071022325	8.3231772418025	9.7146945180036	10.1228077643886	sam0006	Mutter_01
84	1648	52	4.4366593910576	4.8837436636226	9.26291929412509	9.76833982501509	sam0006	Mutter_01
85	3190	75	4.8875926475633	5.3960202020783	9.2009746082079	9.7095224436679	sam0006	Mutter_01
86	3156	100	5.399267781294	5.908176459589	8.98591228120023	9.49433983571523	sam0006	Mutter_01
87	3091	105	5.9111834769147	6.4199718742647	9.2013354510429	9.7098832865029	sam0006	Mutter_01
88	3084	100	6.4233397344254	6.9323686936654	9.2012151700979	9.7096427246129	sam0006	Mutter_01
89	3238	84	6.9352554300461	7.4442843892861	9.2013354510429	9.7103644102829	sam0006	Mutter_01
90	2806	58	7.4472914066118	7.9547567135668	9.38668838501447	9.89379284913447	sam0006	Mutter_01
91	1386	42	7.9594476641225	8.4208453691425	9.2014557319879	9.7101238483929	sam0006	Mutter_01
92	827	46	4.1483459721919	4.3725496536719	8.62867787895501	9.11786048227001	sam0006	Mutter_01
93	3223	64	4.3751958281626	4.8842247874026	8.75052247472439	9.26003255774439	sam0006	Mutter_01
94	3282	82	4.8871115237833	5.3961404830233	8.6889386316422	9.1980878718272	sam0006	Mutter_01
95	3032	101	5.399628624129	5.908056178644	8.47339518085453	8.98194301631453	sam0006	Mutter_01
96	2985	92	5.9115443197497	6.4204529980447	8.6892994744772	9.1982081527722	sam0006	Mutter_01
97	3051	89	6.4233397344254	6.9322484127204	8.6895400363672	9.1985689956072	sam0006	Mutter_01
98	3007	79	6.9350148681561	7.4432018607811	8.6894197554222	9.1980878718272	sam0006	Mutter_01
99	3145	66	7.4470508447218	7.9557189611268	8.87429156561377	9.38259883918377	sam0006	Mutter_01
174	141	55	6.54835768286604	6.82572554203604	3.07570400049991	3.23543709545991	sam0007	Mutter_01
175	550	44.5	6.83426548283174	7.33932517088674	3.07486203388491	3.37809029622991	sam0007	Mutter_01
176	688	45.5	7.34485808805744	7.85148142839744	3.07377950537991	3.38614911954491	sam0007	Mutter_01
177	565	53	7.85737518840314	8.36315656212814	3.07389978632491	3.40395069940491	sam0007	Mutter_01
178	373	55	8.36868947929884	8.78810913451384	3.07414034821491	3.40852137531491	sam0007	Mutter_01
179	259	68	6.32836383446104	6.82837172282604	2.5627057763742	3.0692088357692	sam0007	Mutter_01
180	606	48	6.83318295432674	7.34052798033674	2.5627057763742	3.0683668691542	sam0007	Mutter_01
181	1522	41	7.34497836900244	7.85196255217744	2.5610218431442	3.0690885548242	sam0007	Mutter_01
182	1346	54	7.85689406462314	8.36387824779814	2.5616232478692	3.0689682738792	sam0007	Mutter_01
183	1220	53	8.36893004118884	8.87567366247384	2.5615029669242	3.0693291167142	sam0007	Mutter_01
184	527	65	8.88072545586454	9.38578514391954	2.5653519571642	3.0668032168692	sam0007	Mutter_01
185	413	34	3.76746226596253	4.26771071621753	2.0493467094135	2.1929621577435	sam0007	Mutter_01
186	754	57	4.27264222866323	4.78058865939823	2.0493467094135	2.2759560097935	sam0007	Mutter_01
187	585	44	4.78431736239394	5.29142182651393	2.0497075522485	2.3080710221085	sam0007	Mutter_01
188	821	38	5.29743586746464	5.80454033158464	2.0500683950835	2.3385021011935	sam0007	Mutter_01
189	1425	43	5.80875015836034	6.31609518437034	2.0499481141385	2.5002799722185	sam0007	Mutter_01
190	1853	44	6.32018473020104	6.82873256566104	2.0503089569735	2.5566917354235	sam0007	Mutter_01
191	1256	30	6.83258154960174	7.34040769939174	2.0510306426435	2.5570525782585	sam0007	Mutter_01
192	1540	31	7.34545949278244	7.85232339501244	2.0497075522485	2.5574134210935	sam0007	Mutter_01
193	1294	37	7.85701434556814	8.36327684307314	2.0498278331935	2.5572931401485	sam0007	Mutter_01
194	875	44	8.36893004118884	8.87591422436384	2.0507900807535	2.5568120163685	sam0007	Mutter_01
195	448	45.5	8.88084573680954	9.38337952501954	2.0513914854785	2.5565714544785	sam0007	Mutter_01
196	967	43	3.40637887537183	3.75663698721183	1.5381526994628	2.0258919314378	sam0007	Mutter_01
197	2983	73	3.76072653304253	4.26903380661253	1.5375512947378	2.0467005349228	sam0007	Mutter_01
198	2911	57	4.27216110488323	4.78010753561823	1.5376715756828	2.0464599730328	sam0007	Mutter_01
199	2297	42	4.78395651955893	5.29226379312894	1.5385135422978	2.0460991301978	sam0007	Mutter_01
200	2378	63.5	5.29611277706964	5.80490117441964	1.5381526994628	2.0464599730328	sam0007	Mutter_01
201	1942	63	5.80826903458034	6.31609518437034	1.5371904519028	2.0459788492528	sam0007	Mutter_01
202	1882	65	6.32018473020104	6.82825144188104	1.5380324185178	2.0457382873628	sam0007	Mutter_01
203	1424	57.5	6.83198014487674	7.34004685655674	1.5385135422978	2.0451368826378	sam0007	Mutter_01
204	1556	27	7.34473780711244	7.85148142839744	1.5382729804078	2.0446557588578	sam0007	Mutter_01
205	845	41	7.85689406462314	8.36363768590814	1.5391149470228	2.0441746350778	sam0007	Mutter_01
206	705	55	8.36844891740884	8.87579394341884	1.5380324185178	2.0450166016928	sam0007	Mutter_01
207	396	48.5	8.87988348924954	9.33478602323954	1.5395960708028	2.0445354779128	sam0007	Mutter_01
208	2255	41	3.24917168025683	3.75735867288183	1.0259964419521	1.5335820298521	sam0007	Mutter_01
209	3382	67	3.76000484737253	4.26939464944753	1.0255153181721	1.5334617489071	sam0007	Mutter_01
210	3147	32	4.27240166677323	4.78070894034323	1.0261167228971	1.5341834345771	sam0007	Mutter_01
211	2676	45	4.78383623861394	5.29346660257894	1.0257558800621	1.5340631536321	sam0007	Mutter_01
212	2481	74	5.29599249612464	5.80466061252964	1.0255153181721	1.5337023107971	sam0007	Mutter_01
213	2112	69	5.80826903458034	6.31609518437034	1.0258761610071	1.5341834345771	sam0007	Mutter_01
214	2114	70	6.31982388736604	6.82837172282604	1.0250341943921	1.5343037155221	sam0007	Mutter_01
215	1756	65	6.83270183054674	7.34016713750174	1.0263572847871	1.5339428726871	sam0007	Mutter_01
216	1624	28	7.34449724522244	7.85196255217744	1.0263572847871	1.5332211870171	sam0007	Mutter_01
217	579	57	7.86146474053314	8.36339712401814	1.0256355991171	1.5338225917421	sam0007	Mutter_01
218	849	53	8.36893004118884	8.87519253869384	1.0267181276221	1.5323792204021	sam0007	Mutter_01
219	145	34	8.88204854625954	9.19766574593954	1.0269586895121	1.5337023107971	sam0007	Mutter_01
220	1584	42	3.29319450612683	3.75759923477183	0.513479341606401	1.0217866151764	sam0007	Mutter_01
221	3530	52	3.76000484737253	4.26903380661253	0.513719903496401	1.0220271770664	sam0007	Mutter_01
222	3207	41	4.27204082393823	4.78094950223323	0.513719903496401	1.0221474580114	sam0007	Mutter_01
223	2862	69	4.78431736239394	5.29262463596394	0.513840184441401	1.0223880199014	sam0007	Mutter_01
224	2775	103	5.29647361990464	5.80514173630964	0.513840184441401	1.0226285817914	sam0007	Mutter_01
225	2794	84	5.80802847269034	6.31729799382034	0.513960465386401	1.0219068961214	sam0007	Mutter_01
226	2900	95	6.32030501114604	6.82897312755104	0.513359060661402	1.0220271770664	sam0007	Mutter_01
227	2314	54	6.83258154960174	7.34028741844674	0.513599622551402	1.0220271770664	sam0007	Mutter_01
228	1236	34	7.34377555955244	7.85208283312244	0.515644398616401	1.0211852104514	sam0007	Mutter_01
229	109	64	7.85701434556814	8.35810476243814	0.851829639891401	1.0213054913964	sam0007	Mutter_01
230	247	46	8.36965172685884	8.87483169585884	0.708454753451401	1.0210649295064	sam0007	Mutter_01
231	117	29	8.88120657964454	9.15520657235454	0.713145710306401	1.0199824010014	sam0007	Mutter_01
232	681	58	3.33396974648183	3.75663698721183	0.00336786016070068	0.508668110105701	sam0007	Mutter_01
233	1378	69	3.76120765682253	4.26843240188753	0.121604029095701	0.510111481445701	sam0007	Mutter_01
234	2202	105	4.27264222866323	4.78046837845323	0.00204476976570067	0.510472324280701	sam0007	Mutter_01
235	2477	92	4.78479848617394	5.29286519785394	0.00192448882070073	0.510352043335701	sam0007	Mutter_01
236	3069	61	5.29659390084964	5.80478089347464	0.00228533165570077	0.510592605225701	sam0007	Mutter_01
237	2917	49	5.80766762985534	6.31669658909534	0.00204476976570067	0.510953448060701	sam0007	Mutter_01
238	2649	49	6.31946304453104	6.82885284660604	0.00156364598570069	0.510833167115701	sam0007	Mutter_01
239	1542	43	6.83210042582174	7.33992657561174	0.00336786016070068	0.510592605225701	sam0007	Mutter_01
240	235	36	7.34473780711244	7.66324174947244	0.157327469760701	0.509389795775701	sam0007	Mutter_01
241	453	62	3.35970986871183	3.75627614437683	-0.341718164745	-0.002766461735	sam0007	Mutter_01
242	877	50	4.78539989089894	5.29262463596394	-0.46476557148	-0.001323090395	sam0007	Mutter_01
243	1222	32	5.29659390084964	5.80502145536464	-0.50854783546	-0.001804214175	sam0007	Mutter_01
244	1150	34	5.80850959647034	6.31549377964534	-0.50878839735	-0.001082528505	sam0007	Mutter_01
245	291	40	6.32042529209104	6.82740947526604	-0.253431951115	-0.00216505701	sam0007	Mutter_01
10	803	34	5.95258361388157	6.46028948272657	18.188862319095	18.695726221325	sam0008	Mutter_01
11	767	36	6.46522099517227	6.97184433551227	18.18898260004	18.695726221325	sam0008	Mutter_01
12	197	27	6.97725697173797	7.27567399628297	18.189343442875	18.486918500805	sam0008	Mutter_01
13	117	38	1.02575588872956	1.33932831234456	17.6779088710343	18.1599948985943	sam0008	Mutter_01
14	327	51	1.34702628652526	1.85244681741526	17.6775480281993	18.1009369545993	sam0008	Mutter_01
15	188	48.5	1.86038535348596	2.31769350637596	17.6773074663093	17.9094496901593	sam0008	Mutter_01
16	2	9.5	2.43316320727666	2.87519568015166	17.6870502228543	18.1814049068043	sam0008	Mutter_01
17	62	50	3.27380672558236	3.38771278049736	17.6764654996943	17.8715611924843	sam0008	Mutter_01
18	2318	60	3.39276457388806	3.90131240934806	17.6763452187493	18.1844119304293	sam0008	Mutter_01
19	3361	63	3.90455998856376	4.41346866685876	17.6756235330793	18.1847727732643	sam0008	Mutter_01
1	151	37	3.97059422736876	4.41106304795876	18.7027025098357	18.9171634347707	sam0008	Mutter_01
20	3325	43	4.41575399851446	4.92430183397446	17.6761046568593	18.1842916494843	sam0008	Mutter_01
21	1766	26	4.92839137980517	5.43693921526517	17.6774277472543	18.1841713685393	sam0008	Mutter_01
22	1932	32	5.44066791826087	5.94849406805087	17.6771871853643	18.1840510875943	sam0008	Mutter_01
23	1409	37	5.95366614238657	6.46016920178157	17.6761046568593	18.1824874353093	sam0008	Mutter_01
24	1161	38	6.46473987139227	6.97112264984227	17.6768263425293	18.1829685590893	sam0008	Mutter_01
25	832	33	6.97773809551797	7.48424115491297	17.6769466234743	18.1828482781443	sam0008	Mutter_01
26	163	28	7.48893210546867	7.70447555890867	17.6785102757593	18.0713478421293	sam0008	Mutter_01
27	1253	76	0.869150098339559	1.34149336935456	17.1638281184036	17.6720151110286	sam0008	Mutter_01
28	2663	64	1.34474094857026	1.85364962686526	17.1651512087986	17.6724962348086	sam0008	Mutter_01
29	1372	53	1.85701748702596	2.36484363681596	17.1649106469086	17.6712934253586	sam0008	Mutter_01
2	582	42	4.41755821268946	4.92321930546946	18.7004171718807	19.0658306827907	sam0008	Mutter_01
30	555	58	2.36929402548166	2.87603764676666	17.1656323325786	17.6720151110286	sam0008	Mutter_01
31	854	69	2.88120972110236	3.38915615183736	17.1656323325786	17.6716542681936	sam0008	Mutter_01
32	3117	51	3.39288485483306	3.90155297123806	17.1641889612386	17.6727367966986	sam0008	Mutter_01
33	3170	60	3.90455998856376	4.41334838591376	17.1647903659636	17.6726165157536	sam0008	Mutter_01
34	3426	47	4.41587427945946	4.92490323869946	17.1639483993486	17.6728570776436	sam0008	Mutter_01
35	2900	24	4.92839137980517	5.43705949621017	17.1646700850186	17.6722556729186	sam0008	Mutter_01
36	3116	44	5.44066791826087	5.94873462994087	17.1635875565136	17.6721353919736	sam0008	Mutter_01
37	3528	36	5.95210249010157	6.46077060650657	17.1644295231286	17.6728570776436	sam0008	Mutter_01
38	2734	38	6.46377762383227	6.97160377362227	17.1643092421836	17.6721353919736	sam0008	Mutter_01
39	840	28	6.97701640984797	7.48339918829797	17.1667148610836	17.6722556729186	sam0008	Mutter_01
3	733	36	4.92971447020017	5.43537556298016	18.7012591384957	19.1628974054057	sam0008	Mutter_01
40	368	31	7.48845098168867	7.79913666262367	17.1649106469086	17.6718948300836	sam0008	Mutter_01
41	1489	59	0.878171169214559	1.34149336935456	16.6531152322329	17.1602196963529	sam0008	Mutter_01
42	3156	48	1.34522207235026	1.85352934592026	16.6528746703429	17.1609413820229	sam0008	Mutter_01
43	3148	56	1.85629580135596	2.36520447965096	16.6520327037279	17.1604602582429	sam0008	Mutter_01
44	2740	57	2.36869262075666	2.87712017527166	16.6521529846729	17.1600994154079	sam0008	Mutter_01
45	2246	38.5	2.88108944015736	3.38891558994736	16.6525138275079	17.1599791344629	sam0008	Mutter_01
46	3025	45	3.39336597861306	3.90107184745806	16.6520327037279	17.1608211010779	sam0008	Mutter_01
47	3201	56	3.90468026950876	4.41262670024376	16.6523935465629	17.1608211010779	sam0008	Mutter_01
48	3369	32	4.41659596512946	4.92514380058946	16.6523935465629	17.1605805391879	sam0008	Mutter_01
49	1825	26	4.92851166075017	5.43657837243017	16.6539571988479	17.1614225058029	sam0008	Mutter_01
4	692	38	5.44150988487587	5.94789266332587	18.7011388575507	19.1725198810057	sam0008	Mutter_01
50	3336	42	5.44030707542587	5.94861434899587	16.6517921418379	17.1608211010779	sam0008	Mutter_01
51	3000	60	5.95198220915657	6.46089088745157	16.6523935465629	17.1611819439129	sam0008	Mutter_01
52	2989	54	6.46401818572227	6.97316742590727	16.6517921418379	17.1613022248579	sam0008	Mutter_01
53	1485	31	6.97617444323297	7.48424115491297	16.6532355131779	17.1602196963529	sam0008	Mutter_01
54	358	44	7.48929294830367	7.98954139855867	16.6579264700329	17.1596182916279	sam0008	Mutter_01
55	615	49	0.869510941174559	1.34053112179456	16.1416806603922	16.6472214722272	sam0008	Mutter_01
56	2938	47	1.34570319613026	1.85352934592026	16.1414400985022	16.6493865292372	sam0008	Mutter_01
57	2748	67	1.85701748702596	2.36544504154096	16.1411995366122	16.6490256864022	sam0008	Mutter_01
58	2900	74	2.36893318264666	2.87784186094166	16.1405981318872	16.6490256864022	sam0008	Mutter_01
59	3085	35	2.88072859732236	3.38927643278236	16.1404778509422	16.6485445626222	sam0008	Mutter_01
5	526	45	5.95330529955157	6.45788386382657	18.7004171718807	19.0272204994457	sam0008	Mutter_01
60	2986	27	3.39264429294306	3.90119212840306	16.1411995366122	16.6486648435672	sam0008	Mutter_01
61	2968	33	3.90455998856376	4.41346866685876	16.1405981318872	16.6492662482922	sam0008	Mutter_01
62	2201	35	4.41611484134946	4.92466267680946	16.1405981318872	16.6490256864022	sam0008	Mutter_01
63	799	51	4.92863194169517	5.43501472014517	16.1411995366122	16.6484242816772	sam0008	Mutter_01
64	2858	37.5	5.44066791826087	5.94885491088587	16.1407184128322	16.6491459673472	sam0008	Mutter_01
65	2718	51	5.95258361388157	6.46101116839657	16.1405981318872	16.6489054054572	sam0008	Mutter_01
66	2808	56	6.46353706194227	6.97232545929227	16.1409589747222	16.6490256864022	sam0008	Mutter_01
67	1477	30	6.97629472417797	7.47750542199297	16.1420415032272	16.6481837197872	sam0008	Mutter_01
68	121	46	1.11837221637956	1.34017027895956	15.8140353725115	16.1348246528265	sam0008	Mutter_01
69	1476	45	1.34750741030526	1.85340906497526	15.6294041219365	16.1372302717265	sam0008	Mutter_01
6	1960	45	3.90443970761876	4.41298754307876	18.188621757205	18.69608706416	sam0008	Mutter_01
70	2978	44	1.85725804891596	2.36544504154096	15.6292838409915	16.1368694288915	sam0008	Mutter_01
71	2718	59	2.36881290170166	2.87712017527166	15.6290432791015	16.1371099907815	sam0008	Mutter_01
72	3280	32	2.88084887826736	3.38903587089236	15.6282013124865	16.1371099907815	sam0008	Mutter_01
73	2397	31	3.39228345010806	3.90083128556806	15.6290432791015	16.1371099907815	sam0008	Mutter_01
74	949	39	3.90540195517876	4.41262670024376	15.6309677742215	16.1362680241665	sam0008	Mutter_01
75	1089	39	4.41779877457946	4.92490323869946	15.6296446838265	16.1360274622765	sam0008	Mutter_01
76	284	35.5	4.92911306547517	5.10472324517517	15.6295244028815	16.1335015624315	sam0008	Mutter_01
77	764	29	5.58885404250087	5.94801294427087	15.7774699652315	16.1369897098365	sam0008	Mutter_01
78	2234	30	5.95210249010157	6.46040976367157	15.6352978882415	16.1365085860565	sam0008	Mutter_01
79	2097	39	6.46353706194227	6.97208489740227	15.6284418743765	16.1365085860565	sam0008	Mutter_01
7	1363	44	4.41671624607446	4.92466267680946	18.188381195315	18.695245097545	sam0008	Mutter_01
80	422	36	6.97677584795797	7.31584783191297	15.7326051727465	16.1372302717265	sam0008	Mutter_01
81	268	31	1.44565666142526	1.85304822214026	15.1173681453708	15.6243523285458	sam0008	Mutter_01
82	1643	34	1.85773917269596	2.36532476059596	15.1172478644258	15.6255551379958	sam0008	Mutter_01
83	2751	34	2.36893318264666	2.87724045621666	15.1167667406458	15.6254348570508	sam0008	Mutter_01
84	2345	32	2.88096915921236	3.38927643278236	15.1176087072608	15.6249537332708	sam0008	Mutter_01
85	1163	40	3.39288485483306	3.89722285721806	15.1425068628758	15.6250740142158	sam0008	Mutter_01
86	424	43.5	3.90636420273876	4.41214557646376	15.1178492691508	15.6239914857108	sam0008	Mutter_01
87	607	38	4.41719736985446	4.92333958641446	15.1183303929308	15.6244726094908	sam0008	Mutter_01
88	226	38	4.92887250358517	5.11145897809517	15.3705595345958	15.6245928904358	sam0008	Mutter_01
89	153	40	5.57129302453087	5.94789266332587	15.4382777066308	15.6195410907458	sam0008	Mutter_01
8	802	38.5	4.92875222264017	5.43597696770517	18.189824566655	18.69560594038	sam0008	Mutter_01
90	110	38	6.46882942352227	6.83243872025727	15.5364269577508	15.6247131713808	sam0008	Mutter_01
91	456	24	1.85870142025596	2.36376110831096	14.6053321688051	15.1117149472551	sam0008	Mutter_01
92	670	27	2.37157936343666	2.87471455637166	14.6271030198501	15.1120757900901	sam0008	Mutter_01
93	40	21.5	2.88626152079236	3.08436423720736	15.0120020438501	15.1115946663101	sam0008	Mutter_01
94	167	48	3.58918335707306	3.89914735233806	14.6766587691901	15.0198203052751	sam0008	Mutter_01
95	605	45	3.90696560746376	4.41058192417876	14.7162312000951	15.1127974757601	sam0008	Mutter_01
96	172	31.5	4.42032467442446	4.85850815705946	14.6949414728301	15.1097904521351	sam0008	Mutter_01
9	711	36	5.44199100865587	5.94801294427087	18.189102880985	18.696447906995	sam0008	Mutter_01
213	315	32	1.0630429793114	1.5323792267014	4.34334486422507	4.57103669311007	sam0009	Mutter_01
214	795	55	1.5381527057621	2.0453774508271	4.34442739273007	4.68746864787007	sam0009	Mutter_01
215	980	70	2.0501886823278	2.5576539892828	4.34466795462007	4.73594186870507	sam0009	Mutter_01
216	913	68	2.5623449398385	3.0684871563985	4.40577067392226	4.85550112727726	sam0009	Mutter_01
217	1108	75	3.0735389497892	3.5808839757992	4.40601123581226	4.88352658746226	sam0009	Mutter_01
218	901	62	3.58557492635491	4.0931605142549	4.34502879745507	4.82037909209507	sam0009	Mutter_01
219	666	56	4.0968892172506	4.6038734004256	4.34442739273007	4.74111394934007	sam0009	Mutter_01
220	163	30	4.61121053177131	5.1150674103763	4.34406654989507	4.79367672230507	sam0009	Mutter_01
221	731	43	5.12120173227201	5.62746422977701	4.09845286323631	4.46988042139631	sam0009	Mutter_01
222	160	28	5.63468108017771	6.13925964445271	4.09797173945631	4.58041860985131	sam0009	Mutter_01
223	259	33	0.23935908055	0.508908678295	3.70994541566999	4.09135629226499	sam0009	Mutter_01
224	941	40	0.514321314520701	1.0213054976957	3.83287253994437	4.33600773287937	sam0009	Mutter_01
225	1259	48	1.0259964482514	1.5334617552064	3.83179001143937	4.33997700406437	sam0009	Mutter_01
226	778	39	1.5379121438721	2.0451368889371	3.83299282088937	4.33805250894437	sam0009	Mutter_01
227	881	40	2.0498278394928	2.5571728655028	3.83227113521937	4.33973644217437	sam0009	Mutter_01
228	894	45	2.5616232541685	3.0682465945085	3.89529834964156	4.40192168998156	sam0009	Mutter_01
229	844	45	3.0738997926242	3.5800420091842	3.89433610208156	4.40132028525656	sam0009	Mutter_01
230	865	45	3.58617633107991	4.09279967141991	3.83239141616437	4.33889447555937	sam0009	Mutter_01
231	1718	42	4.0977311838656	4.6054370527106	3.83215085427437	4.34021756595437	sam0009	Mutter_01
232	1580	47	4.6089251938163	5.11711218644131	3.83215085427437	4.33985672311937	sam0009	Mutter_01
233	788	49	5.12204369888701	5.62758451072201	3.58581548194561	4.09304022701061	sam0009	Mutter_01
234	1182	53	5.63299714694771	6.14022189201271	3.58557492005561	4.09291994606561	sam0009	Mutter_01
235	792	59	6.14527368540341	6.64913056400841	3.58557492005561	4.08919123677061	sam0009	Mutter_01
236	19	15	6.66873635174411	6.79154319658911	3.58749941517561	3.73051345878061	sam0009	Mutter_01
237	962	49	0.087203685125	0.50878839735	3.19778915815929	3.70405165566429	sam0009	Mutter_01
238	968	30	0.514080752630701	1.0205838120257	3.32047572054367	3.82758018466367	sam0009	Mutter_01
239	917	29	1.0282817862064	1.5333414742614	3.32011487770867	3.82661793710367	sam0009	Mutter_01
240	862	33	1.5381527057621	2.0446557651571	3.32035543959867	3.82733962277367	sam0009	Mutter_01
241	900	34	2.0499481204378	2.5563308988878	3.32083656337867	3.82697877993867	sam0009	Mutter_01
242	870	36	2.5615029732235	3.0686074373435	3.38181900173585	3.88856262302086	sam0009	Mutter_01
243	941	36	3.0740200735692	3.5806434139092	3.38278124929585	3.88868290396586	sam0009	Mutter_01
244	834	35	3.58557492635491	4.09267939047491	3.32035543959867	3.82745990371867	sam0009	Mutter_01
245	1003	42	4.0972500600856	4.6049559289306	3.32011487770867	3.82758018466367	sam0009	Mutter_01
246	846	46.5	4.60940631759631	5.1163905007713	3.31999459676367	3.82733962277367	sam0009	Mutter_01
247	827	40	5.12216397983201	5.62698310599701	3.07474175293991	3.58100425044491	sam0009	Mutter_01
248	858	55	5.63359855167271	6.14022189201271	3.07389978632491	3.58136509327991	sam0009	Mutter_01
249	723	69	6.14527368540341	6.65225786857841	3.07377950537991	3.58196649800491	sam0009	Mutter_01
250	417	43	6.65791106669411	7.01310069727911	3.07474175293991	3.57775666492991	sam0009	Mutter_01
251	734	35	0.05869710116	0.50878839735	2.76032736749358	3.19273736476858	sam0009	Mutter_01
252	1175	31	0.514682157355701	1.0209446548607	2.80807890114296	3.31554420809796	sam0009	Mutter_01
253	758	28	1.0261167291964	1.5335820361514	2.80928171059296	3.31530364620796	sam0009	Mutter_01
254	831	26	1.5375513010371	2.0446557651571	2.81000339626296	3.31494280337296	sam0009	Mutter_01
255	740	33	2.0497075585478	2.5571728655028	2.80928171059296	3.31434139864796	sam0009	Mutter_01
256	644	37	2.5629463445635	3.0689682801785	2.87050471084015	3.37604552267515	sam0009	Mutter_01
257	738	38	3.0747417592392	3.5800420091842	2.87062499178515	3.37700777023515	sam0009	Mutter_01
258	724	49	3.58593576918991	4.0914765810249	2.80916142964796	3.31626589376796	sam0009	Mutter_01
259	839	44	4.0977311838656	4.6051964908206	2.80795862019796	3.31530364620796	sam0009	Mutter_01
260	768	44	4.60928603665131	5.11687162455131	2.80771805830796	3.31542392715296	sam0009	Mutter_01
261	932	44	5.12120173227201	5.62830619639201	2.5622246525942	3.0698102404942	sam0009	Mutter_01
262	1042	34	5.63335798978271	6.13925964445271	2.5611421240892	3.0693291167142	sam0009	Mutter_01
263	854	42	6.14623593296341	6.65129562101841	2.5624652144842	3.0688479929342	sam0009	Mutter_01
264	831	61	6.65694881913411	7.16212878813411	2.5628260573192	3.0693291167142	sam0009	Mutter_01
265	48	13	7.17547996672981	7.67428504564481	2.5657127999992	3.0604283267842	sam0009	Mutter_01
266	287	21	0.517568900035701	1.0208243739157	2.50605345454726	2.80362851247726	sam0009	Mutter_01
267	497	32	1.0262370101414	1.5333414742614	2.30662764773726	2.80362851247726	sam0009	Mutter_01
268	576	32	1.5387541104871	2.0442949223221	2.31204029026226	2.80194457924726	sam0009	Mutter_01
269	516	39	2.0499481204378	2.5559700560528	2.32286557531226	2.80302710775226	sam0009	Mutter_01
270	728	40	2.5618638160585	3.0690885611235	2.37085767160945	2.86509207461445	sam0009	Mutter_01
271	662	31	3.0741403545142	3.5811245376892	2.40862588833945	2.86485151272445	sam0009	Mutter_01
272	757	38	3.58569520729991	4.09279967141991	2.29700517213726	2.80290682680726	sam0009	Mutter_01
273	705	58	4.0977311838656	4.6047153670406	2.29724573402726	2.80350823153226	sam0009	Mutter_01
274	682	57	4.60904547476131	5.11602965793631	2.29652404835726	2.80386907436726	sam0009	Mutter_01
275	613	55	5.12084088943701	5.62734394883201	2.0495872713035	2.5568120163685	sam0009	Mutter_01
276	957	29	5.63323770883771	6.13986104917771	2.0501886760285	2.5560903306985	sam0009	Mutter_01
277	904	39	6.14551424729341	6.65237814952341	2.0494669903585	2.5569322973135	sam0009	Mutter_01
278	634	53.5	6.65767050480411	7.16441412608911	2.0506697998085	2.5562106116435	sam0009	Mutter_01
279	823	46	7.16994704325981	7.67320251713981	2.0492264284685	2.5553686450285	sam0009	Mutter_01
280	339	40	3.73857228839491	4.09267939047491	1.80866454173656	2.29038972646156	sam0009	Mutter_01
281	591	44	4.0976109029206	4.6039936813706	1.78496919557156	2.29195337874656	sam0009	Mutter_01
282	627	81	4.61000772232131	5.11554853415631	1.78496919557156	2.29051000740656	sam0009	Mutter_01
283	597	63	5.12144229416201	5.62818591544701	1.5383932613528	2.0457382873628	sam0009	Mutter_01
284	883	36	5.63419995639771	6.14070301579271	1.5387541041878	2.0452571635828	sam0009	Mutter_01
285	923	50	6.14587509012841	6.65285927330341	1.5370701709578	2.0454977254728	sam0009	Mutter_01
286	1151	44	6.65755022385911	7.16513581175911	1.5383932613528	2.0453774445278	sam0009	Mutter_01
287	1189	44	7.16946591947981	7.67632982170981	1.5375512947378	2.0457382873628	sam0009	Mutter_01
288	359	27	7.68102077226551	8.18644130315551	1.5386338232428	2.0403256448378	sam0009	Mutter_01
289	458	53.5	4.1935950970306	4.6041139623156	1.28039063759586	1.77931599745586	sam0009	Mutter_01
290	770	63	4.6089251938163	5.1153079722663	1.27245209522586	1.77943627840086	sam0009	Mutter_01
291	652	60.5	5.12132201321701	5.62830619639201	1.0273195323471	1.5334617489071	sam0009	Mutter_01
292	594	62	5.63359855167271	6.14058273484771	1.0264775657321	1.5323792204021	sam0009	Mutter_01
293	1064	50.5	6.14587509012841	6.65189702574341	1.0267181276221	1.5335820298521	sam0009	Mutter_01
294	1441	46	6.65694881913411	7.16465468797911	1.0257558800621	1.5337023107971	sam0009	Mutter_01
295	1472	46	7.16790226719481	7.67753263115981	1.0262370038421	1.5327400632371	sam0009	Mutter_01
296	782	55	7.68162217699051	8.18355456047551	1.0264775657321	1.5323792204021	sam0009	Mutter_01
297	22	15.5	4.3855634852506	4.6036328385356	0.78290865537516	1.26571636860516	sam0009	Mutter_01
298	1287	29	4.61000772232131	5.11651078171631	0.76077696149516	1.26848283034016	sam0009	Mutter_01
299	1102	33	5.12120173227201	5.62758451072201	0.514201027276402	1.0225083008464	sam0009	Mutter_01
300	713	44	5.63371883261771	6.14142470146271	0.514441589166402	1.0198621200564	sam0009	Mutter_01
301	737	47	6.14611565201841	6.65309983519341	0.516125522396401	1.0221474580114	sam0009	Mutter_01
302	1087	44	6.65622713346411	7.16441412608911	0.514441589166402	1.0213054913964	sam0009	Mutter_01
303	1470	37	7.17006732420481	7.67669066454481	0.515163274836402	1.0223880199014	sam0009	Mutter_01
304	914	34	7.68174245793551	8.17597686094051	0.516005241451402	1.0210649295064	sam0009	Mutter_01
305	226	73.5	4.4591754235906	4.6047153670406	0.285065830319459	0.750312525579459	sam0009	Mutter_01
306	732	50	4.60880491287131	5.11675134360631	0.330532027529459	0.756326572829459	sam0009	Mutter_01
307	173	48	5.12481016062201	5.62686282505201	0.0147945499357007	0.509389795775701	sam0009	Mutter_01
308	883	43	5.63335798978271	6.14142470146271	0.00384898394070077	0.509149233885701	sam0009	Mutter_01
309	747	29	6.14527368540341	6.65249843046841	0.00276645543570075	0.508066705380701	sam0009	Mutter_01
310	796	41	6.65755022385911	7.16441412608911	0.00276645543570075	0.508668110105701	sam0009	Mutter_01
311	787	26	7.16946591947981	7.67524729320481	0.00204476976570067	0.509870919555701	sam0009	Mutter_01
312	191	11	7.68162217699051	8.18547905559551	0.00950218835570071	0.509028952940701	sam0009	Mutter_01
313	418	67	5.63564332773771	6.08465209542271	-0.3031079814	-0.00264618079	sam0009	Mutter_01
314	494	42.5	6.18616920670341	6.65189702574341	-0.419419655215	-0.00216505701	sam0009	Mutter_01
315	638	30	6.65755022385911	7.16357215947411	-0.49676030285	-0.003969271185	sam0009	Mutter_01
100	744	29	6.2654329386439	6.7716954361489	15.1926869453873	15.6854779770524	sam0010	Mutter_01
101	727	31	6.7763863867046	7.2826488842096	15.2655771980574	15.6853576961073	sam0010	Mutter_01
102	565	21	7.2892643298853	7.7945645798303	15.2509029227673	15.6861996627224	sam0010	Mutter_01
103	1117	27	7.80635210614101	8.307803365846	15.1807791318324	15.6858388198873	sam0010	Mutter_01
104	1181	28	8.31225375451171	8.81899737579671	15.1783735129323	15.6866807865024	sam0010	Mutter_01
105	1036	21	8.82453029296741	9.33103335236241	15.1786140748224	15.6860793817774	sam0010	Mutter_01
106	886	18.5	9.33620542669811	9.84054342908311	15.2106088061924	15.6849968532723	sam0010	Mutter_01
107	37	13	9.85148898877881	10.0612589568588	15.2070003778423	15.6858388198873	sam0010	Mutter_01
10	1221	39	3.1949010124797	3.7000809814797	18.2507096532716	18.7580546792816	sam0010	Mutter_01
11	941	30	3.7056138986504	4.2118763961554	18.2503488104366	18.7564910269966	sam0010	Mutter_01
12	891	29	4.2183715608861	4.7235515298861	18.2523935865016	18.7564910269966	sam0010	Mutter_01
13	899	24	4.7296858517818	5.2352266636168	18.2499879676016	18.7564910269966	sam0010	Mutter_01
14	733	29	5.2418421092925	5.7477437639625	18.2507096532716	18.7578141173916	sam0010	Mutter_01
15	658	28	5.7520738716832	6.2597797405282	18.2534761150066	18.7213689910566	sam0010	Mutter_01
16	444	20	6.2648315339189	6.7686884125239	18.2509502151616	18.7279844430316	sam0010	Mutter_01
17	1023	37	7.80093946361601	8.307201961121	18.2498676866566	18.7127087630166	sam0010	Mutter_01
18	428	28	8.31285515923671	8.81911765674171	18.2545586435116	18.7566113079416	sam0010	Mutter_01
19	660	25	8.82537225958241	9.33067250952741	18.2517921817766	18.7568518698316	sam0010	Mutter_01
1	1208	45	3.1969457885447	3.7004418243147	18.7621442251123	19.2700906558473	sam0010	Mutter_01
20	839	29	9.33740823614811	9.84330989081811	18.2511907770516	18.7566113079416	sam0010	Mutter_01
21	821	26	9.84872252704381	10.3547444626588	18.2502285294916	18.7568518698316	sam0010	Mutter_01
22	757	18	10.3614801892795	10.8670210011145	18.2504690913816	18.7566113079416	sam0010	Mutter_01
23	57	25	10.8756812228552	11.3091737486352	18.2535963959516	18.6941854974866	sam0010	Mutter_01
24	705	48	3.3303373565497	3.6997201386447	17.7393953623759	18.2454172979909	sam0010	Mutter_01
25	1064	39	3.7050124939254	4.2125980818254	17.7386736767059	18.2451767361009	sam0010	Mutter_01
26	989	29	4.2166876276561	4.7240326536661	17.7392750814309	18.2452970170459	sam0010	Mutter_01
27	985	32	4.7288438851668	5.2354672255068	17.7393953623759	18.2442144885409	sam0010	Mutter_01
28	1008	22	5.2414812664575	5.7484654496325	17.7393953623759	18.2451767361009	sam0010	Mutter_01
29	744	27	5.7537578049132	6.2597797405282	17.7392750814309	18.2420494315309	sam0010	Mutter_01
2	1064	35	3.7051327748704	4.2115155533204	18.7629861917273	19.2685270035623	sam0010	Mutter_01
30	598	28	6.2660343433689	6.7709737504789	17.7407184527709	18.2462592646059	sam0010	Mutter_01
31	643	35	6.7765066676496	7.2831300079896	17.7399967671009	18.2451767361009	sam0010	Mutter_01
32	1193	22	7.2897454536653	7.7961282321153	17.7391548004859	18.2449361742109	sam0010	Mutter_01
33	1470	22	7.800338058891	8.30744252301101	17.7387939576509	18.2457781408259	sam0010	Mutter_01
34	187	17	8.31153206884171	8.81743372351171	17.7385533957609	18.2382004412909	sam0010	Mutter_01
35	689	21	8.82765759753741	9.33175503803241	17.7393953623759	18.2445753313759	sam0010	Mutter_01
36	882	25	9.33644598858811	9.84355045270811	17.7390345195409	18.2457781408259	sam0010	Mutter_01
37	927	19	9.84824140326381	10.3548647436038	17.7386736767059	18.2450564551559	sam0010	Mutter_01
38	1071	24	10.3599165369945	10.8666601582795	17.7387939576509	18.2450564551559	sam0010	Mutter_01
39	660	20	10.8731553230102	11.3780947301202	17.7395156433209	18.2455375789359	sam0010	Mutter_01
3	1053	29	4.2166876276561	4.7242732155561	18.7633470345623	19.2690081273423	sam0010	Mutter_01
40	96	21	11.3844696139059	11.8148348351159	17.7390345195409	17.9362952693409	sam0010	Mutter_01
41	1148	32	3.7066964271554	4.2124778008804	17.2261565763602	17.7337421642602	sam0010	Mutter_01
42	959	41	4.2165673467111	4.7237920917761	17.2275999477002	17.7336218833152	sam0010	Mutter_01
43	1011	32	4.7292047280018	5.2355875064518	17.2263971382502	17.7335016023702	sam0010	Mutter_01
44	930	31	5.2406392998425	5.7477437639625	17.2261565763602	17.7329001976452	sam0010	Mutter_01
45	1003	32	5.7529158382982	6.2600203024182	17.2260362954152	17.7332610404802	sam0010	Mutter_01
46	866	32	6.2651923767539	6.7708534695339	17.2277202286452	17.7325393548102	sam0010	Mutter_01
47	678	33	6.7768675104846	7.2831300079896	17.2271188239202	17.7325393548102	sam0010	Mutter_01
48	769	23	7.2909482631153	7.7954065464453	17.2277202286452	17.7335016023702	sam0010	Mutter_01
49	971	22	7.800338058891	8.307322242066	17.2273593858102	17.7331407595352	sam0010	Mutter_01
4	625	28	4.7300466946168	5.2353469445618	18.7639484392873	19.2686472845073	sam0010	Mutter_01
50	678	22	8.31273487829171	8.81839597107171	17.2266377001402	17.7339827261502	sam0010	Mutter_01
51	783	19	8.82549254052741	9.33139419519741	17.2268782620302	17.7337421642602	sam0010	Mutter_01
52	938	18	9.33764879803811	9.84282876703811	17.2260362954152	17.7333813214252	sam0010	Mutter_01
53	987	24	9.84944421271381	10.3560675530538	17.2271188239202	17.7339827261502	sam0010	Mutter_01
54	1455	35	10.3605179417195	10.8676224058395	17.2265174191952	17.7336218833152	sam0010	Mutter_01
55	1154	20	10.8718322326152	11.3792975395702	17.2271188239202	17.7329001976452	sam0010	Mutter_01
56	335	26	11.3847101757959	11.5253186005009	17.2339748377852	17.7326596357552	sam0010	Mutter_01
57	172	15	3.9671046730804	4.2117561152104	16.7299976845345	17.2214656258045	sam0010	Mutter_01
58	1091	41	4.2165673467111	4.7246340583911	16.7233822325595	17.2208642210795	sam0010	Mutter_01
59	1119	32	4.7287236042218	5.2351063826718	16.7137597569595	17.2224278733645	sam0010	Mutter_01
5	260	24	5.2391959285025	5.7411283119875	18.7632267536173	19.0568325403623	sam0010	Mutter_01
60	1061	32	5.2412407045675	5.7481046067975	16.7156842520795	17.2221873114745	sam0010	Mutter_01
61	990	30	5.7531564001882	6.2607419880882	16.7152031282995	17.2224278733645	sam0010	Mutter_01
62	1019	29	6.2653126576989	6.7726576837089	16.7150828473545	17.2217061876945	sam0010	Mutter_01
63	1144	26	6.7769877914296	7.2838516936596	16.7154436901895	17.2215859067495	sam0010	Mutter_01
64	1182	16	7.2889034870503	7.7957673892803	16.7150828473545	17.2217061876945	sam0010	Mutter_01
65	879	26	7.80069890172601	8.307322242066	16.7152031282995	17.2211047829695	sam0010	Mutter_01
66	863	27	8.31273487829171	8.81911765674171	16.7147220045195	17.2217061876945	sam0010	Mutter_01
67	858	19	8.82465057391241	9.33019138574741	16.7149625664095	17.2220670305295	sam0010	Mutter_01
68	988	20	9.33584458386311	9.84306932892811	16.7155639711345	17.2218264686395	sam0010	Mutter_01
69	863	31	9.84812112231881	10.3536619341538	16.7143611616845	17.2209845020245	sam0010	Mutter_01
6	117	33	8.84221159188241	9.32814660968241	18.7643092821223	19.2365322721923	sam0010	Mutter_01
70	1100	33	10.3611193464445	10.8673818439495	16.7146017235745	17.2215859067495	sam0010	Mutter_01
71	1774	14	10.8727944801752	11.3792975395702	16.7144814426295	17.2219467495845	sam0010	Mutter_01
72	120	15	11.3839884901259	11.4462940196359	16.9434963619095	17.2194208497395	sam0010	Mutter_01
73	45	12	4.3074997411311	4.7233109679961	16.3275376488638	16.7099107730188	sam0010	Mutter_01
74	1143	30	4.7377446750968	5.2355875064518	16.2034077136238	16.7106324586888	sam0010	Mutter_01
75	950	37	5.2411204236225	5.7478640449075	16.2017237803938	16.7107527396338	sam0010	Mutter_01
76	933	36	5.7524347145182	6.2594188976932	16.2025657470087	16.7095499301838	sam0010	Mutter_01
77	922	40	6.2650720958089	6.7701317838639	16.2037685564588	16.7096702111288	sam0010	Mutter_01
78	909	35	6.7774689152096	7.2834908508246	16.2038888374038	16.7099107730188	sam0010	Mutter_01
79	975	15	7.2890237679953	7.7954065464453	16.2046105230738	16.7094296492388	sam0010	Mutter_01
7	318	33	9.34209919300311	9.84150567664311	18.7633470345623	19.1994857411323	sam0010	Mutter_01
80	887	22	7.801300306451	8.30756280395601	16.2035279945688	16.7089485254588	sam0010	Mutter_01
81	963	25	8.31225375451171	8.81947849957671	16.2030468707888	16.7088282445138	sam0010	Mutter_01
82	879	16	8.82549254052741	9.33115363330741	16.2024454660638	16.7102716158538	sam0010	Mutter_01
83	929	18	9.33632570764311	9.84270848609311	16.2032874326788	16.7096702111288	sam0010	Mutter_01
84	713	26	9.85064702216381	10.3539024960438	16.2037685564588	16.7085876826238	sam0010	Mutter_01
85	975	18	10.3602773798295	10.8665398773345	16.2025657470087	16.7094296492388	sam0010	Mutter_01
86	379	14	10.8736364467902	11.2172791066552	16.2633076242338	16.7099107730188	sam0010	Mutter_01
87	106	18	4.9920185928268	5.2345049779468	15.9695815628431	16.1958300203881	sam0010	Mutter_01
88	1052	35	5.2407595807875	5.7477437639625	15.698949436593	16.1981153583431	sam0010	Mutter_01
89	1068	33	5.7523144335732	6.2590580548582	15.6905297704431	16.1981153583431	sam0010	Mutter_01
8	461	28	9.84956449365881	10.3542633388788	18.7640687202323	19.2275112013173	sam0010	Mutter_01
90	836	46.5	6.2642301291939	6.7707331885889	15.690409489498	16.1982356392881	sam0010	Mutter_01
91	865	44	6.7775891961546	7.2826488842096	15.6917325798931	16.197393672673	sam0010	Mutter_01
92	1020	19	7.2890237679953	7.7950457036103	15.691371737058	16.1977545155081	sam0010	Mutter_01
93	855	25	7.80154086834101	8.308284489626	15.6916122989481	16.1966719870031	sam0010	Mutter_01
94	916	29	8.31201319262171	8.81827569012671	15.6911311751681	16.1965517060581	sam0010	Mutter_01
95	795	28	8.82477085485741	9.33199559992241	15.6920934227281	16.1976342345631	sam0010	Mutter_01
96	783	24	9.33644598858811	9.84282876703811	15.690770332333	16.1971531107831	sam0010	Mutter_01
97	1061	17	9.84788056042881	10.3552255864388	15.6960626939131	16.1978747964531	sam0010	Mutter_01
98	428	13	10.3596759751045	10.7495065178495	15.858562250608	16.197393672673	sam0010	Mutter_01
99	269	21	5.7906840550282	6.2591783358032	15.2774850116123	15.6864402246123	sam0010	Mutter_01
9	124	32	10.3628032796745	10.6707224988745	18.7622645060573	18.9799730165073	sam0010	Mutter_01
108	290	51	1.04338832284005	1.40507312445505	13.6010587247232	13.9394090230082	sam0011	Mutter_01
109	1155	40	1.41060604162575	1.91759022480075	13.5999761962182	14.0914441374882	sam0011	Mutter_01
110	1204	51	1.92192033252146	2.42950592042146	13.6002167581082	14.0782132335382	sam0011	Mutter_01
111	214	251	2.43395630908716	2.92686762169716	13.6006978818882	14.0703949721132	sam0011	Mutter_01
112	947	45	0.934173224780054	1.40591509107005	13.0883010624875	13.5954055266075	sam0011	Mutter_01
113	1077	51	1.41060604162575	1.91783078669075	13.0887821862675	13.5956460884975	sam0011	Mutter_01
114	1142	50.5	1.92300286102646	2.42902479664146	13.0885416243775	13.5957663694425	sam0011	Mutter_01
115	642	115.5	2.43455771381216	2.93468588312216	13.0892633100475	13.5955258075525	sam0011	Mutter_01
116	1318	64	0.904704393255054	1.40519340540005	12.5754231193068	13.0832492690968	sam0011	Mutter_01
117	1004	48	1.41096688446075	1.91710910102075	12.5765056478118	13.0834898309868	sam0011	Mutter_01
118	824	44	1.92216089441146	2.42974648231146	12.5765056478118	13.0834898309868	sam0011	Mutter_01
119	736	46.5	2.43576052326216	2.93528728784716	12.5767462097018	13.0839709547668	sam0011	Mutter_01
120	1151	44	0.909275069165054	1.40543396729005	12.0651913569161	12.5719349782011	sam0011	Mutter_01
121	1086	41	1.41036547973575	1.91746994385575	12.0643493903011	12.5719349782011	sam0011	Mutter_01
122	844	40	1.92228117535646	2.42830311097146	12.0644696712461	12.5730175067061	sam0011	Mutter_01
123	1021	37	2.43479827570216	2.94142161604216	12.0636277046311	12.5719349782011	sam0011	Mutter_01
124	325	94	2.94623284754286	3.33425917611286	12.0648305140811	12.5549753649561	sam0011	Mutter_01
125	40	18.5	4.06556730911426	4.43603261971426	12.0671158520361	12.2909586906811	sam0011	Mutter_01
126	873	44	0.938984462580054	1.40531368634505	11.5526742565704	12.0601395635254	sam0011	Mutter_01
127	1226	40	1.41024519879075	1.91746994385575	11.5530350994054	12.0603801254154	sam0011	Mutter_01
128	951	32	1.92264201819146	2.42890451569646	11.5526742565704	12.0596584397454	sam0011	Mutter_01
129	942	38	2.43443743286716	2.94021880659216	11.5530350994054	12.0602598444704	sam0011	Mutter_01
130	996	36	2.94635312848786	3.45321703071786	11.5533959422404	12.0602598444704	sam0011	Mutter_01
131	98	19	3.45887022883356	3.93638558048356	11.5552001564154	12.0322343842854	sam0011	Mutter_01
132	114	18.5	4.07061910880426	4.47139521754426	11.5908033161354	12.0588164731304	sam0011	Mutter_01
133	93	9	4.49256465756496	4.98487456544996	11.5537567850754	12.0509982117054	sam0011	Mutter_01
134	57	17	6.01880954977206	6.39071823171206	11.5572449324804	11.9384152471854	sam0011	Mutter_01
135	576	46	0.961116156460054	1.40567452918005	11.0407585609497	11.5467804965647	sam0011	Mutter_01
136	1060	43	1.41036547973575	1.91746994385575	11.0401571562247	11.5479833060147	sam0011	Mutter_01
137	1074	29	1.92252173724646	2.42962620136646	11.0409991228397	11.5483441488497	sam0011	Mutter_01
138	1054	31	2.43383602814216	2.93961740186716	11.0411194037847	11.5477427441247	sam0011	Mutter_01
139	700	40	2.94647340943286	3.45225478315786	11.0418410894547	11.5478630250697	sam0011	Mutter_01
140	1237	46	3.45862966694356	3.96585441200856	11.0399165943347	11.5479833060147	sam0011	Mutter_01
141	604	33	3.96910199122426	4.47235746510426	11.0412396847297	11.5094934036147	sam0011	Mutter_01
142	142	17	4.48137852967996	4.98355147505496	11.0414802466197	11.5392027970297	sam0011	Mutter_01
143	384	22	4.99930827255066	5.50051897036566	11.0409991228397	11.5469007775097	sam0011	Mutter_01
144	780	18	5.50629244942636	6.01231438504136	11.0409991228397	11.5465399346747	sam0011	Mutter_01
145	508	23	6.01808786410206	6.52471120444206	11.0411194037847	11.5420895397097	sam0011	Mutter_01
146	111	19	6.53084552633776	7.03506324777776	11.0420816513447	11.5425706634897	sam0011	Mutter_01
147	633	33	1.41204941296575	1.91698882007575	10.533533822184	11.036067610394	sam0011	Mutter_01
148	1128	38	1.92228117535646	2.42878423475146	10.528842865329	11.035345924724	sam0011	Mutter_01
149	1048	29.5	2.43491855664716	2.94082021131716	10.528602303439	11.036548734174	sam0011	Mutter_01
150	790	42	2.94707481415786	3.45225478315786	10.528602303439	11.035827048504	sam0011	Mutter_01
151	900	32	3.45826882410856	3.96513272633856	10.529444270054	11.036187891339	sam0011	Mutter_01
152	1147	25	3.97018451972926	4.47680786006926	10.530406517614	11.035827048504	sam0011	Mutter_01
153	911	22	4.48246105818496	4.98776130812996	10.528842865329	11.035947329449	sam0011	Mutter_01
154	405	18	4.99389563002566	5.50039868942066	10.528602303439	11.034263396219	sam0011	Mutter_01
155	666	19	5.50593160659136	6.01267522787636	10.529083427219	11.035827048504	sam0011	Mutter_01
156	738	20	6.01772702126706	6.52471120444206	10.530647079504	11.035466205669	sam0011	Mutter_01
157	475	28	6.52964271688776	7.03554437155776	10.528963146274	11.034143115274	sam0011	Mutter_01
158	597	27	7.04396403140846	7.54746006717846	10.529323989109	11.034744519999	sam0011	Mutter_01
159	1069	20	7.55443635568916	8.06045829130416	10.529083427219	11.033782272439	sam0011	Mutter_01
160	1265	49	1.93118196528646	2.42782198719146	10.0174082934883	10.5241519147733	sam0011	Mutter_01
161	845	36	2.43491855664716	2.94214330171216	10.0169271697083	10.5243924766633	sam0011	Mutter_01
162	1009	38	2.94635312848786	3.45321703071786	10.0168068887633	10.5252344432783	sam0011	Mutter_01
163	904	35	3.45790798127356	3.96489216444856	10.0172880125433	10.5233099481583	sam0011	Mutter_01
164	750	31.5	3.97018451972926	4.47584561250926	10.0170474506533	10.5240316338283	sam0011	Mutter_01
165	900	33	4.48161909156996	4.98872355568996	10.0182502601033	10.5241519147733	sam0011	Mutter_01
166	926	22	4.99497815853066	5.50063925131066	10.0168068887633	10.5241519147733	sam0011	Mutter_01
167	887	23	5.50689385415136	6.01315635165636	10.0168068887633	10.5241519147733	sam0011	Mutter_01
168	980	27	6.01760674032206	6.52374895688206	10.0172880125433	10.5228288243783	sam0011	Mutter_01
169	906	37	6.52952243594276	7.03650661911776	10.0172880125433	10.5235505100483	sam0011	Mutter_01
170	1008	21	7.04167869345346	7.54794119095846	10.0169271697083	10.5240316338283	sam0011	Mutter_01
171	1111	24	7.55491747946916	8.06021772941416	10.0162054840383	10.5235505100483	sam0011	Mutter_01
172	491	45	2.03498442082146	2.42962620136646	9.50825905960257	10.0122362191526	sam0011	Mutter_01
173	1112	37	2.43311434247216	2.94106077320716	9.50477091219757	10.0123565000976	sam0011	Mutter_01
174	792	38	2.94611256659786	3.45357787355286	9.50465063125257	10.0116348144276	sam0011	Mutter_01
175	911	35	3.45754713843856	3.96513272633856	9.50573315975758	10.0113942525376	sam0011	Mutter_01
176	872	32	3.96970339594926	4.47668757912426	9.50537231692257	10.0118753763176	sam0011	Mutter_01
177	780	36	4.48149881062496	4.98788158907496	9.50525203597758	10.0115145334826	sam0011	Mutter_01
178	745	41	4.99594040609066	5.50087981320066	9.50513175503257	10.0116348144276	sam0011	Mutter_01
179	1112	28.5	5.50605188753636	6.01195354220636	9.50477091219757	10.0105522859226	sam0011	Mutter_01
180	748	23	6.01772702126706	6.52374895688206	9.50597372164757	10.0115145334826	sam0011	Mutter_01
181	904	36	6.53060496444776	7.03722830478776	9.50441006936257	10.0121159382076	sam0011	Mutter_01
182	1285	23	7.04023532211346	7.54818175284846	9.50465063125257	10.0110334097026	sam0011	Mutter_01
183	1137	20	7.55323354623916	8.05973660563416	9.50489119314257	10.0129579048226	sam0011	Mutter_01
184	462	21.5	2.43756473743716	2.94154189698716	9.00536443485687	9.49971911880687	sam0011	Mutter_01
185	1052	41	2.94599228565286	3.45309674977286	8.99357690224687	9.49983939975187	sam0011	Mutter_01
186	792	46	3.45778770032856	3.96441104066856	8.99309577846687	9.50080164731187	sam0011	Mutter_01
187	791	35	3.97042508161926	4.47668757912426	8.99321605941187	9.49995968069687	sam0011	Mutter_01
188	717	36	4.48173937251496	4.98788158907496	8.99333634035687	9.49983939975187	sam0011	Mutter_01
189	807	26	4.99401591097066	5.50112037509066	8.99285521657687	9.50044080447687	sam0011	Mutter_01
190	933	38	5.50629244942636	6.01303607071136	8.99297549752187	9.50080164731187	sam0011	Mutter_01
191	1064	49	6.01796758315706	6.52495176633206	8.99369718319187	9.49851630935687	sam0011	Mutter_01
192	1266	51	6.52940215499776	7.03710802384276	8.99297549752187	9.50056108542187	sam0011	Mutter_01
193	1473	50	7.04035560305846	7.54854259568346	8.99345662130187	9.50104220920187	sam0011	Mutter_01
194	626	30	7.55311326529416	8.05985688657916	8.99297549752187	9.50044080447687	sam0011	Mutter_01
195	281	21	2.94948043305786	3.45309674977286	8.48755497293117	8.98744258035117	sam0011	Mutter_01
196	819	30	3.45790798127356	3.96453132161356	8.53326173203117	8.98840482791117	sam0011	Mutter_01
197	1205	35	3.97006423878426	4.47704842195926	8.48130036379117	8.98696145657117	sam0011	Mutter_01
198	772	40	4.48210021534996	4.98728018434996	8.48118008284617	8.98720201846117	sam0011	Mutter_01
199	802	25	4.99401591097066	5.49967700375066	8.48202204946117	8.98756286129617	sam0011	Mutter_01
200	1017	39	5.50569104470136	6.01255494693136	8.48033811623117	8.98756286129617	sam0011	Mutter_01
201	1311	46	6.01808786410206	6.52483148538706	8.48081924001117	8.98840482791117	sam0011	Mutter_01
202	1284	55	6.52856018838276	7.03566465250276	8.48202204946117	8.98804398507617	sam0011	Mutter_01
203	877	33	7.04191925534346	7.54806147190346	8.48190176851617	8.98720201846117	sam0011	Mutter_01
204	273	26	3.98509935690926	4.47572533156426	7.98550231480047	8.47636885134547	sam0011	Mutter_01
205	1197	36	4.48173937251496	4.98944524135996	7.97191056801547	8.47648913229047	sam0011	Mutter_01
206	1075	35	4.99353478719066	5.50027840847566	7.96890354439047	8.47636885134547	sam0011	Mutter_01
207	820	34	5.50581132564636	6.01195354220636	7.96902382533547	8.47612828945547	sam0011	Mutter_01
208	1139	33	6.01772702126706	6.52374895688206	7.96998607289547	8.47624857040047	sam0011	Mutter_01
209	765	35	6.52928187405276	7.03602549533776	7.99308001433547	8.47612828945547	sam0011	Mutter_01
210	395	29	4.99690265365066	5.50075953225566	7.45770953443977	7.96445315572477	sam0011	Mutter_01
211	504	39.5	5.50641273037136	6.01171298031636	7.46913622421477	7.96505456044977	sam0011	Mutter_01
212	66	12.5	6.02446275418706	6.38410277973706	7.83731619685977	7.96337062721977	sam0011	Mutter_01
100	2987	263	10.1711984426044	10.6787840305044	14.4054255861515	14.9139734216115	sam0012	Mutter_02
101	2943	258	10.6827532953901	11.1906997261251	14.4055458670965	14.9143342644465	sam0012	Mutter_02
102	2956	90	11.1945487100658	11.7032168264708	14.4057864289865	14.9137328597215	sam0012	Mutter_02
103	3046	45	11.7064644056865	12.2147716792565	14.4059067099315	14.9139734216115	sam0012	Mutter_02
104	993	50	4.02724784759596	4.53603624494596	13.9896143644491	14.4943132096691	sam0012	Mutter_02
105	2706	88	4.54084747644666	5.04759109773166	13.8939910143108	14.4025388497708	sam0012	Mutter_02
106	3268	260	5.05168064356236	5.55998791713236	14.2318601846478	14.7408891438878	sam0012	Mutter_02
107	3334	266	5.56299493445806	6.07226445558806	14.2324615893728	14.7414905486128	sam0012	Mutter_02
108	2634	52	6.07479034913376	6.58357874648376	13.8636802165497	14.3713860853947	sam0012	Mutter_02
109	811	43	6.58778857325946	7.09393078981946	14.0218496588458	14.4018171641008	sam0012	Mutter_02
10	3296	46	6.07515119196876	6.58381930837376	16.9340918617689	17.4427599781739	sam0012	Mutter_02
110	564	55	7.61149968355587	8.11944611429087	14.1657056690658	14.4021780069358	sam0012	Mutter_02
111	2096	85	8.12329509823157	8.63172265274656	13.8957952284858	14.4019374450458	sam0012	Mutter_02
112	3363	214	8.63472967007227	9.14291666269727	14.2011885440517	14.7100972223467	sam0012	Mutter_02
113	3309	261	9.14640480380297	9.65543376304297	14.1092939032084	14.6179620196134	sam0012	Mutter_02
114	3260	228.5	9.65856106131367	10.1674697396087	13.8936301714758	14.4026591307158	sam0012	Mutter_02
115	2933	193	10.1703564759894	10.6789043114494	13.8937504524208	14.4016968831558	sam0012	Mutter_02
116	2845	100	10.6825127335001	11.1909402880151	13.8941112952558	14.4021780069358	sam0012	Mutter_02
117	2890	62	11.1940675862858	11.7028559836358	13.8937504524208	14.4018171641008	sam0012	Mutter_02
118	2240	36	11.7056224390715	12.2032247085365	13.8950735428158	14.4018171641008	sam0012	Mutter_02
119	2752	76	5.05168064356236	5.56010819807736	13.7482105111021	14.2292140101571	sam0012	Mutter_02
11	3365	108	6.58754801136946	7.09585528493946	16.965004064255	17.47391274255	sam0012	Mutter_02
120	2981	44	5.56299493445806	6.07166305086306	13.7268005028921	14.2292140101571	sam0012	Mutter_02
121	2441	95	8.63533107479727	9.14375862931227	13.707555552071	14.198542369561	sam0012	Mutter_02
122	2814	123	9.14712648947297	9.65579460587797	13.5985810170377	14.1058057621027	sam0012	Mutter_02
123	2516	127	9.65892190414867	10.1674697396087	13.4274212349551	13.8903825922601	sam0012	Mutter_02
124	3165	111	10.1704767569344	10.6792651542844	13.3886907706651	13.8901420303701	sam0012	Mutter_02
125	2686	42	10.6822721716101	11.1914214117951	13.3825564424701	13.8899014684801	sam0012	Mutter_02
126	1690	32	11.1944284291208	11.7021342979658	13.4360814629951	13.8905028732051	sam0012	Mutter_02
12	3070	205	7.09910286415516	7.60741013772516	16.9035405021178	17.4117274947428	sam0012	Mutter_02
13	2849	202	7.61125912166586	8.11956639523586	16.96488378331	17.47391274255	sam0012	Mutter_02
14	2932	113	8.12317481728656	8.63172265274656	16.965004064255	17.47367218066	sam0012	Mutter_02
15	1221	26	8.63569191763227	9.14219497702727	17.2725624368309	17.7091822671809	sam0012	Mutter_02
16	568	49	9.14772789419797	9.64978055862797	17.1806677959877	17.4831743726627	sam0012	Mutter_02
17	889	47	9.65880162320367	10.1672291777187	16.9651243452	17.283026882835	sam0012	Mutter_02
18	1868	122	10.1709578807144	10.6792651542844	16.96584603087	17.47319105688	sam0012	Mutter_02
19	2685	137	10.6823924525551	11.1906997261251	16.965485188035	17.47343161877	sam0012	Mutter_02
1	958	13	6.22117225919876	6.58297734175876	17.4463684002246	17.9363929701546	sam0012	Mutter_02
20	2841	123	11.1940675862858	11.7030965455258	16.96536490709	17.473551899715	sam0012	Mutter_02
21	2522	67	11.7068252485215	12.2145311173665	16.96536490709	17.473551899715	sam0012	Mutter_02
22	979	41	4.54794405220166	5.04686941206166	16.4534492114693	16.8326950310543	sam0012	Mutter_02
23	769	31	5.05384570057236	5.55926623146236	16.7920400674763	17.0829996734313	sam0012	Mutter_02
24	2462	37	5.56467886768806	6.07202389369806	16.7917995055863	17.3001067791563	sam0012	Mutter_02
25	3569	114	6.07467006818876	6.58357874648376	16.4225370089832	16.9308442825532	sam0012	Mutter_02
26	3346	77	6.58742773042446	7.09537416115946	16.4527275257993	16.9619970469293	sam0012	Mutter_02
27	3270	182	7.09934342604516	7.60789126150516	16.3912639636621	16.9005334847921	sam0012	Mutter_02
28	3020	311	7.61101855977586	8.11944611429087	16.4527275257993	16.9617564850393	sam0012	Mutter_02
29	2922	191	8.12317481728656	8.63172265274656	16.4533289305243	16.9617564850393	sam0012	Mutter_02
2	1930	22	6.58742773042446	7.09525388021446	17.4769197598757	17.9398811171807	sam0012	Mutter_02
30	2904	107	8.63497023196227	9.14303694364227	16.7607670221552	17.2687134528902	sam0012	Mutter_02
31	2663	79	9.14640480380297	9.65507292020797	16.668150695642	17.176939092992	sam0012	Mutter_02
32	2643	41	9.65904218509367	10.1672291777187	16.4533289305243	16.9622376088193	sam0012	Mutter_02
33	2637	83	10.1710781616594	10.6791448733394	16.4533289305243	16.9618767659843	sam0012	Mutter_02
34	2819	171	10.6823924525551	11.1910605689601	16.4529680876893	16.9618767659843	sam0012	Mutter_02
35	2635	182	11.1947892719558	11.7029762645808	16.4535694924143	16.9616362040943	sam0012	Mutter_02
36	2863	90	11.7061035628515	12.2156136458715	16.4533289305243	16.9616362040943	sam0012	Mutter_02
37	872	52	4.03302133295596	4.53639708778096	16.0345106851969	16.5109435083419	sam0012	Mutter_02
38	3293	26	4.54000550983166	5.04807222151166	15.9412929539586	16.4497205084736	sam0012	Mutter_02
39	3401	36	5.05144008167236	5.56010819807736	16.2798838099656	16.7883113644806	sam0012	Mutter_02
3	2658	53	7.09958398793516	7.60692901394516	17.4150953549035	17.9236431903635	sam0012	Mutter_02
40	3655	108	5.56359633918306	6.07190361275306	16.2794026861856	16.7889127692056	sam0012	Mutter_02
41	3412	230	6.07539175385876	6.58418015120876	15.9103807514725	16.4186880250425	sam0012	Mutter_02
42	3402	64	6.58718716853446	7.09561472304946	15.9414132349036	16.4502016322536	sam0012	Mutter_02
43	3236	213	7.09910286415516	7.60741013772516	15.8794685489864	16.3883772272814	sam0012	Mutter_02
44	3207	115	7.61077799788586	8.11920555240086	15.9410523920686	16.4499610703636	sam0012	Mutter_02
45	2701	31	8.12233285067157	8.63148209085657	15.9416537967936	16.4502016322536	sam0012	Mutter_02
46	2696	216	8.63484995101727	9.14303694364227	16.2499338550395	16.7576397238845	sam0012	Mutter_02
47	2255	109	9.14700620852797	9.65507292020797	16.1569566856913	16.6658653639863	sam0012	Mutter_02
48	2636	40	9.65880162320367	10.1672291777187	15.9409321111236	16.4492393846936	sam0012	Mutter_02
49	3144	57	10.1708375997694	10.6790245923944	15.9409321111236	16.4494799465836	sam0012	Mutter_02
4	2416	63	7.61137940261086	8.11932583334587	17.4765589170407	17.9486616261657	sam0012	Mutter_02
50	2848	68	10.6827532953901	11.1909402880151	15.9411726730136	16.4500813513086	sam0012	Mutter_02
51	2750	185	11.1938270243958	11.7026154217458	15.9414132349036	16.4493596656386	sam0012	Mutter_02
52	2666	75	11.7067049675765	12.2146513983115	15.9421349205736	16.4498407894186	sam0012	Mutter_02
53	1785	53	3.57896077188026	4.02351914460026	15.4296178202279	15.9363614415129	sam0012	Mutter_02
54	2866	72	4.02796953326596	4.53627680683596	15.5217530229612	16.0295791727512	sam0012	Mutter_02
55	3306	63	4.53928382416166	5.04807222151166	15.4291366964479	15.9379250937979	sam0012	Mutter_02
56	3376	55	5.05144008167236	5.56010819807736	15.7677275524549	16.2765159498049	sam0012	Mutter_02
57	3481	199	5.56311521540306	6.07202389369806	15.7678478333999	16.2768767926399	sam0012	Mutter_02
58	3394	298	6.07491063007876	6.58369902742876	15.3983447749068	15.9066520484768	sam0012	Mutter_02
59	3716	169	6.58706688758946	7.09621612777446	15.4296178202279	15.9380453747429	sam0012	Mutter_02
5	1873	22	8.12245313161657	8.62979815762657	17.4777617264907	17.9087283524257	sam0012	Mutter_02
60	3238	86	7.09898258321016	7.60765069961516	15.3674325724207	15.8764615316607	sam0012	Mutter_02
61	3309	38	7.61089827883086	8.11968667618086	15.4292569773929	15.9379250937979	sam0012	Mutter_02
62	2802	31	8.12293425539657	8.63148209085657	15.4296178202279	15.9376845319079	sam0012	Mutter_02
63	2314	77	8.63472967007227	9.14267610080727	15.7369356309138	16.2460848710988	sam0012	Mutter_02
64	2944	44	9.14652508474797	9.65531348209797	15.6455221138506	16.1534685445856	sam0012	Mutter_02
65	3074	155	9.65856106131367	10.1672291777187	15.4291366964479	15.9382859366329	sam0012	Mutter_02
66	2913	175	10.1704767569344	10.6792651542844	15.4292569773929	15.9379250937979	sam0012	Mutter_02
67	3126	62	10.6827532953901	11.1910605689601	15.4290164155029	15.9375642509629	sam0012	Mutter_02
68	2827	165	11.1943081481758	11.7032168264708	15.4293772583379	15.9380453747429	sam0012	Mutter_02
69	2934	68	11.7062238437965	12.2147716792565	15.4292569773929	15.9384062175779	sam0012	Mutter_02
6	82	20	10.4750281096744	10.6779420638894	17.4777617264907	17.9065632954157	sam0012	Mutter_02
70	2675	69	3.51629439953526	4.02460167310526	14.9173412817722	15.4263702410122	sam0012	Mutter_02
71	3096	91	4.02748840948596	4.53591596400096	15.0097170463955	15.5186257246905	sam0012	Mutter_02
72	3474	63	4.53940410510666	5.04807222151166	14.9174615627172	15.4256485553422	sam0012	Mutter_02
73	3503	131	5.05168064356236	5.56070960280236	15.2555712949442	15.7647205351292	sam0012	Mutter_02
74	3295	211	5.56335577729306	6.07226445558806	15.2564132615592	15.7647205351292	sam0012	Mutter_02
75	3307	264	6.07467006818876	6.58405987026376	14.8865493602311	15.3955783194711	sam0012	Mutter_02
76	3392	222.5	6.58670604475446	7.09597556588446	14.9177021246072	15.4261296791222	sam0012	Mutter_02
77	3219	197	7.09922314510016	7.60728985678016	14.855877719635	15.365147240765	sam0012	Mutter_02
78	3118	80	7.61041715505087	8.11944611429087	14.9168601579922	15.4263702410122	sam0012	Mutter_02
79	3132	29	8.12281397445157	8.63064012424156	14.9178224055522	15.4256485553422	sam0012	Mutter_02
7	776	43.5	10.6831141382251	11.1903388832901	17.4766791979857	17.7111067597907	sam0012	Mutter_02
80	3177	42	8.63509051290727	9.14387891025727	15.2253807781281	15.7338083326431	sam0012	Mutter_02
81	3117	106	9.14700620852797	9.65507292020797	15.1333658563399	15.6413122870749	sam0012	Mutter_02
82	2832	165	9.65892190414867	10.1675900205537	14.9171007198822	15.4267310838472	sam0012	Mutter_02
83	2886	357	10.1703564759894	10.6793854352294	14.9171007198822	15.4260093981772	sam0012	Mutter_02
84	3010	314	10.6823924525551	11.1911808499051	14.9171007198822	15.4262499600672	sam0012	Mutter_02
85	2866	145	11.1945487100658	11.7029762645808	14.9178224055522	15.4263702410122	sam0012	Mutter_02
86	2981	65	11.7069455294665	12.2144108364215	14.9175818436622	15.4260093981772	sam0012	Mutter_02
87	730	122.5	3.69406963624526	4.02424083027026	14.4079514859965	14.9139734216115	sam0012	Mutter_02
88	2314	160	4.02796953326596	4.53555512116596	14.4985230364448	15.0068303100148	sam0012	Mutter_02
89	2962	224	4.53892298132666	5.04795194056666	14.4050647433165	14.9140937025565	sam0012	Mutter_02
8	1005	36	11.1943081481758	11.7010517694608	17.4770400408207	17.7386510961957	sam0012	Mutter_02
90	3502	165	5.05119951978236	5.56046904091236	14.7441367231035	15.2529251204535	sam0012	Mutter_02
91	3509	177	5.56383690107306	6.07166305086306	14.7440164421585	15.2530454013985	sam0012	Mutter_02
92	3288	156	6.07551203480376	6.58393958931876	14.3740322598854	14.8837829047954	sam0012	Mutter_02
93	3412	77	6.58718716853446	7.09513359926946	14.4063878337115	14.9138531406665	sam0012	Mutter_02
94	2610	77.5	7.09934342604516	7.60741013772516	14.3444431477943	14.8528707023093	sam0012	Mutter_02
95	3069	150	7.61041715505087	8.11956639523586	14.4053053052065	14.9143342644465	sam0012	Mutter_02
96	3022	69	8.12233285067157	8.63124152896657	14.4050647433165	14.9139734216115	sam0012	Mutter_02
97	3138	152	8.63472967007227	9.14363834836726	14.7134650825074	15.2216520751324	sam0012	Mutter_02
98	2875	369	9.14640480380297	9.65591488682297	14.6208487559941	15.1296371533441	sam0012	Mutter_02
99	2911	299	9.65844078036867	10.1668683348837	14.4056661480415	14.9139734216115	sam0012	Mutter_02
9	489	32	11.7074266532465	12.1892721189165	17.4780022883807	17.8322296714057	sam0012	Mutter_02
127	370	67	3.77598128831679	4.20117442889179	12.1496061285721	12.4996236785221	sam0013	Mutter_02
128	1705	40	4.2056248175575	4.7124887197875	12.1480424762871	12.5969309630271	sam0013	Mutter_02
129	1172	30.5	4.7170593893982	5.2245246963532	12.1484033191221	12.4942110359971	sam0013	Mutter_02
130	375	30	5.2288548040739	5.6603025537889	12.1484033191221	12.4968572167871	sam0013	Mutter_02
131	2001	152	3.69406996477179	4.20105414794679	11.6364876235014	12.1444340542364	sam0013	Mutter_02
132	2621	175	4.2045422890525	4.7130901245125	11.6360064997214	12.1452760208514	sam0013	Mutter_02
133	3110	115	4.7169391084532	5.2256072248582	11.6363673425564	12.1449151780164	sam0013	Mutter_02
134	2721	95	5.2281331184039	5.7365606729189	11.6361267806664	12.1443137732914	sam0013	Mutter_02
135	1390	37	5.7411313425296	6.2482358066496	11.7289836690697	12.2351258856297	sam0013	Mutter_02
136	843	29	6.2524456334253	6.7596703784903	11.7291039500147	12.1945912071647	sam0013	Mutter_02
137	1004	106	6.764842452826	7.272067197891	11.6367281853914	12.0154928811964	sam0013	Mutter_02
138	1781	111	7.2763973056117	7.7843437363467	11.6363673425564	12.1440732114014	sam0013	Mutter_02
139	2116	75	7.7883130012324	8.2957783081874	11.6361267806664	12.1449151780164	sam0013	Mutter_02
140	531	94	8.2995070111831	8.7431031363431	11.6370890282264	12.0887439767014	sam0013	Mutter_02
141	1290	57	3.24458007960609	3.68889789043609	11.1252936135507	11.6141153740307	sam0013	Mutter_02
142	2974	171	3.69226575059679	4.20069330511179	11.1243313659907	11.6332400442857	sam0013	Mutter_02
143	2769	159	4.2047828509425	4.7133306864025	11.1237299612657	11.6332400442857	sam0013	Mutter_02
144	2518	66	4.7165782656182	5.2248855391882	11.1249327707157	11.6331197633407	sam0013	Mutter_02
145	2296	106	5.2289750850189	5.7368012348089	11.1244516469357	11.6323980776707	sam0013	Mutter_02
146	2252	93	5.7402893759146	6.2483560875946	11.216827411559	11.725615808909	sam0013	Mutter_02
147	2000	93	6.2526861953153	6.7603920641603	11.215985444944	11.725495527964	sam0013	Mutter_02
148	1460	99	6.765083014716	7.273149726396	11.1244516469357	11.6326386395607	sam0013	Mutter_02
149	2203	71	7.2767581484467	7.7844640172917	11.1245719278807	11.6325183586157	sam0013	Mutter_02
150	2083	76	7.7881927202874	8.2962594319674	11.1242110850457	11.6322777967257	sam0013	Mutter_02
151	1825	103	8.3001084159081	8.8082954085331	11.1252936135507	11.6321575157807	sam0013	Mutter_02
152	71	13	2.49980048076469	2.66434481352469	10.61361847982	10.697454298485	sam0013	Mutter_02
153	1465	98	2.67047913542039	3.17758359954039	10.612535951315	10.974100471985	sam0013	Mutter_02
154	3232	79	3.18071089781109	3.68925873327109	10.61241567037	11.120362101105	sam0013	Mutter_02
155	2917	154	3.69298743626679	4.20117442889179	10.612295389425	11.12096350583	sam0013	Mutter_02
156	2870	161	4.2045422890525	4.7136915292375	10.61193454659	11.12120406772	sam0013	Mutter_02
157	2456	39	4.7164579846732	5.2248855391882	10.61241567037	11.12072294394	sam0013	Mutter_02
158	1911	36	5.2286142421839	5.7366809538639	10.61313735604	11.12096350583	sam0013	Mutter_02
159	1742	81	5.7404096568596	6.2484763685396	10.7045508731033	11.2135798323433	sam0013	Mutter_02
160	2734	92	6.2526861953153	6.7611137498303	10.7049117159383	11.2129784276183	sam0013	Mutter_02
161	3009	140	6.764120767156	7.273149726396	10.61265623226	11.12096350583	sam0013	Mutter_02
162	2084	216	7.2760364627767	7.7844640172917	10.61217510848	11.121324348665	sam0013	Mutter_02
163	2182	150	7.7884332821774	8.2967405557474	10.612535951315	11.121564910555	sam0013	Mutter_02
164	2244	64	8.2999881349631	8.8087765323131	10.61337791793	11.120843224885	sam0013	Mutter_02
165	1782	76	2.15808231601969	2.66542734202969	10.1004999747493	10.6080855626493	sam0013	Mutter_02
166	2840	169	2.66855464030039	3.17698219481539	10.1006202556943	10.6094086530443	sam0013	Mutter_02
167	2924	91	3.18047033592109	3.68949929516109	10.1008608175843	10.6090478102093	sam0013	Mutter_02
168	2975	38	3.69262659343179	4.20033246227679	10.1009810985293	10.6094086530443	sam0013	Mutter_02
169	2472	41	4.2049031318875	4.7128495626225	10.1009810985293	10.6089275292643	sam0013	Mutter_02
170	2375	43	4.7166985465632	5.2251261010782	10.1012216604193	10.6085666864293	sam0013	Mutter_02
171	2224	28	5.2289750850189	5.7366809538639	10.1008608175843	10.6086869673743	sam0013	Mutter_02
172	3033	28	5.7405299378046	6.2489574923196	10.1932365822076	10.7010627319976	sam0013	Mutter_02
173	3017	40	6.2523253524803	6.7608731879403	10.1933568631526	10.7017844176676	sam0013	Mutter_02
174	2730	200	6.763519362431	7.273029445451	10.1006202556943	10.6091680911543	sam0013	Mutter_02
175	2606	239	7.2756756199417	7.7850654220167	10.1004999747493	10.6092883720993	sam0013	Mutter_02
176	2221	194	7.7879521583974	8.2968608366924	10.1004999747493	10.6083261245393	sam0013	Mutter_02
177	2155	99	8.3001084159081	8.8082954085331	10.1006202556943	10.6091680911543	sam0013	Mutter_02
178	463	19	2.01759417855898	2.15363192735398	9.58882484101859	10.0914789101736	sam0013	Mutter_02
179	2995	83	2.15699978751469	2.66530706108469	9.58846399818359	10.0966509908086	sam0013	Mutter_02
180	2750	88	2.66819379746539	3.17722275670539	9.58870456007359	10.0967712717536	sam0013	Mutter_02
181	3169	33	3.18083117875609	3.68925873327109	9.58870456007359	10.0973726764786	sam0013	Mutter_02
182	3354	28	3.69262659343179	4.20081358605679	9.58918568385359	10.0968915526986	sam0013	Mutter_02
183	1536	20	4.2049031318875	4.7122481578975	9.58894512196359	10.0962901479736	sam0013	Mutter_02
184	1234	20	4.7170593893982	5.2245246963532	9.58930596479859	10.0961698670286	sam0013	Mutter_02
185	3095	24	5.2288548040739	5.7369215157539	9.58858427912859	10.0965307098636	sam0013	Mutter_02
186	3088	28	5.7408907806396	6.2487169304296	9.68156144847687	10.1891470363769	sam0013	Mutter_02
187	2589	41	6.2526861953153	6.7603920641603	9.68120060564187	10.1893875982669	sam0013	Mutter_02
188	2647	137	6.764000486211	7.273149726396	9.58858427912859	10.0967712717536	sam0013	Mutter_02
189	2465	289	7.2756756199417	7.7850654220167	9.58894512196359	10.0967712717536	sam0013	Mutter_02
190	2870	219.5	7.7881927202874	8.2963797129124	9.58846399818359	10.0972523955336	sam0013	Mutter_02
191	2672	86	8.2997475730731	8.8082954085331	9.58906540290859	10.0965307098636	sam0013	Mutter_02
192	2830	84	2.15724034940469	2.66566790391969	9.07678886445289	9.58473529518789	sam0013	Mutter_02
193	2904	78	2.66867492124539	3.17722275670539	9.07751055012289	9.58533669991289	sam0013	Mutter_02
194	3063	30	3.18071089781109	3.68901817138109	9.07642802161789	9.58497585707789	sam0013	Mutter_02
195	3151	25	3.69322799815679	4.20057302416679	9.07702942634289	9.58497585707789	sam0013	Mutter_02
196	1817	24	4.20430172716249	4.7128495626225	9.07666858350789	9.58425417140789	sam0013	Mutter_02
197	1115	21	4.7171796703432	5.2246449772982	9.07666858350789	9.58437445235289	sam0013	Mutter_02
198	2867	32	5.2280128374589	5.7365606729189	9.07666858350789	9.58449473329789	sam0013	Mutter_02
199	2784	35	5.7401690949696	6.2485966494846	9.16964575285617	9.67711105981117	sam0013	Mutter_02
200	2708	60	6.2531673190953	6.7606326260503	9.16844294340617	9.67735162170117	sam0013	Mutter_02
201	2888	204	6.764601890936	7.272428040726	9.07642802161789	9.58437445235289	sam0013	Mutter_02
202	2885	279	7.2763973056117	7.7851857029617	9.07606717878289	9.58509613802289	sam0013	Mutter_02
203	2793	232	7.7881927202874	8.2963797129124	9.07618745972789	9.58533669991289	sam0013	Mutter_02
204	2013	62	8.2999881349631	8.7777440485031	9.07702942634289	9.58461501424289	sam0013	Mutter_02
205	2476	89	2.19885755637469	2.66578818486469	8.56547457355719	9.07293988051219	sam0013	Mutter_02
206	3172	65	2.66891548313539	3.17710247576039	8.56475288788719	9.07342100429219	sam0013	Mutter_02
207	3096	35	3.18059061686609	3.68901817138109	8.56451232599719	9.07318044240219	sam0013	Mutter_02
208	3110	32	3.69274687437679	4.20201639550679	8.56523401166719	9.07306016145719	sam0013	Mutter_02
209	2291	31	4.2046625699975	4.7126090007325	8.56487316883219	9.07269931862219	sam0013	Mutter_02
210	2886	35	4.7170593893982	5.2248855391882	8.56463260694219	9.07330072334719	sam0013	Mutter_02
211	2715	165	5.2283736802939	5.7369215157539	8.56463260694219	9.07318044240219	sam0013	Mutter_02
212	2965	203	5.7402893759146	6.2481155257046	8.65688809062048	9.16555620702547	sam0013	Mutter_02
213	2743	278	6.2522050715353	6.7611137498303	8.65676780967547	9.16543592608047	sam0013	Mutter_02
214	2449	395	6.764120767156	7.272668602616	8.56451232599719	9.07293988051219	sam0013	Mutter_02
215	2760	245	7.2762770246667	7.7848248601267	8.56487316883219	9.07269931862219	sam0013	Mutter_02
216	2958	71	7.7885535631224	8.2958985891324	8.56523401166719	9.07354128523719	sam0013	Mutter_02
217	568	23	8.2999881349631	8.5862567840631	8.56559485450219	9.07209791389719	sam0013	Mutter_02
218	1272	55	2.30939574482969	2.66518678013969	8.05391972077149	8.56138502772649	sam0013	Mutter_02
219	2779	158	2.66903576408039	3.17782416143039	8.05307775415649	8.56102418489149	sam0013	Mutter_02
220	2088	256	3.18047033592109	3.68961957610609	8.05283719226649	8.56186615150649	sam0013	Mutter_02
221	2021	237	3.69298743626679	4.20081358605679	8.05355887793649	8.56054306111149	sam0013	Mutter_02
222	2612	156	4.2049031318875	4.7127292816775	8.05259663037649	8.56102418489149	sam0013	Mutter_02
223	3104	120.5	4.7162174227832	5.2253666629682	8.05295747321149	8.56174587056149	sam0013	Mutter_02
224	2563	284	5.2283736802939	5.7370417966989	8.05295747321149	8.56102418489149	sam0013	Mutter_02
225	2451	360	5.7406502187496	6.2491980542096	8.14569408066977	8.65352023045977	sam0013	Mutter_02
226	2881	292	6.2524456334253	6.7608731879403	8.14485211405477	8.65315938762477	sam0013	Mutter_02
227	3023	201	6.764000486211	7.272909164506	8.05271691132149	8.56114446583649	sam0013	Mutter_02
228	2706	69	7.2763973056117	7.7841031744567	8.05307775415649	8.56174587056149	sam0013	Mutter_02
229	888	27	7.7885535631224	8.2928915655074	8.05355887793649	8.56114446583649	sam0013	Mutter_02
230	660	15	8.3009503825231	8.5474060388281	8.05379943982649	8.56066334205649	sam0013	Mutter_02
231	1196	88	2.66963716880539	3.17734303765039	7.54368795838079	8.04886792738079	sam0013	Mutter_02
232	1582	98	3.18071089781109	3.68925873327109	7.60394871182579	8.04922877021579	sam0013	Mutter_02
233	1168	103	3.69346856004679	4.20081358605679	7.85389251553579	8.04958961305079	sam0013	Mutter_02
234	905	78	4.2049031318875	4.7126090007325	7.87421999524079	8.04922877021579	sam0013	Mutter_02
235	1921	128	4.7172999512882	5.2253666629682	7.64219805233579	8.04922877021579	sam0013	Mutter_02
236	2503	136	5.2282533993489	5.7364403919739	7.62559928192579	8.04898820832579	sam0013	Mutter_02
237	2938	127	5.7398082521346	6.2487169304296	7.64111552269407	8.14196537767407	sam0013	Mutter_02
238	2555	91	6.2516036668103	6.7601515022703	7.65651148365407	8.14196537767407	sam0013	Mutter_02
239	1433	57	6.764601890936	7.271586074111	7.77137978726579	8.04898820832579	sam0013	Mutter_02
240	461	21	7.2767581484467	7.7829003650067	7.54200402515079	8.04898820832579	sam0013	Mutter_02
241	641	47	7.7885535631224	8.2948160606274	7.54272571082079	8.04742455604079	sam0013	Mutter_02
242	789	36	8.3001084159081	8.6643191173681	7.54236486798579	8.04862736549079	sam0013	Mutter_02
243	226	37	7.7896360916274	8.2958985891324	7.37312958467009	7.53574942231009	sam0013	Mutter_02
244	107	46	8.3005895396881	8.4968880419281	7.37830166530509	7.53695223176009	sam0013	Mutter_02
245	56	27.5	2.6637417764735	3.0628339519835	6.25857832929411	6.45463626964411	sam0013	Mutter_02
247	60	46	5.24268548672201	5.62674254410701	6.25797692456911	6.52945101743411	sam0013	Mutter_02
248	389	45	5.63480136112271	6.14118413957271	6.25797692456911	6.57022625778911	sam0013	Mutter_02
250	5	25	6.66176005693411	7.12784871880911	6.26759940016911	6.59452300867911	sam0013	Mutter_02
246	77	43	3.0734186688442	3.5626012721592	6.25821748645911	6.61196374570411	sam0013	Mutter_02
249	72	15	6.14575480918341	6.58345716803841	6.25942029590911	6.41530440062911	sam0013	Mutter_02
246	130	21	3.0754634449092	3.5793203235142	6.14683733138911	6.25737551984411	sam0014	Mutter_02
247	64	41.5	5.12673465574201	5.62325439670201	6.14575480288411	6.25653355322911	sam0014	Mutter_02
248	145	38	5.63672585624271	6.11424120789271	6.14563452193911	6.25773636267911	sam0014	Mutter_02
249	79	41	6.14816042808341	6.59380132930841	6.14635620760911	6.23560466879911	sam0014	Mutter_02
251	399	22	1.5391149533221	2.0438137985421	5.57153357851122	6.07647298562122	sam0014	Mutter_02
252	391	20	2.0499481204378	2.5527224705378	5.75857044571279	6.25521046761779	sam0014	Mutter_02
253	589	22	2.5625855017285	3.0681263135635	5.63347826442841	6.13889879531841	sam0014	Mutter_02
254	360	24	3.0740200735692	3.5806434139092	5.63347826442841	6.14010160476841	sam0014	Mutter_02
255	372	55	3.58545464540991	3.88928431247991	5.78779871496889	6.25088035321888	sam0014	Mutter_02
256	123	29	4.80209639148631	5.11566881510131	5.65127984428841	6.13697430019841	sam0014	Mutter_02
257	668	48	5.12108145132701	5.62770479166701	5.63299714064841	6.13998132382341	sam0014	Mutter_02
258	689	61	5.63359855167271	6.13986104917771	5.63335798348341	6.14010160476841	sam0014	Mutter_02
259	633	46	6.14515340445841	6.65153618290841	5.63335798348341	6.14010160476841	sam0014	Mutter_02
260	905	60	6.65718938102411	7.16357215947411	5.63335798348341	6.14082329043841	sam0014	Mutter_02
261	836	78	7.16850367191981	7.67560813603981	5.63299714064841	6.10882855906841	sam0014	Mutter_02
262	568	37.5	7.68138161510051	8.18812523638551	5.63323770253841	6.13396727657341	sam0014	Mutter_02
263	572	50	8.19329731072121	8.70028149389621	5.63371882631841	6.13950020004341	sam0014	Mutter_02
264	184	34.5	0.596112357120701	1.0215460595857	5.12252481636771	5.62481804268771	sam0014	Mutter_02
265	454	21	1.0264775720314	1.5318981029214	5.30751690750428	5.81125350516428	sam0014	Mutter_02
266	2078	40	1.5380324248171	2.0459788555521	5.05961788289052	5.56744403268052	sam0014	Mutter_02
267	2682	65.5	2.0498278394928	2.5576539892828	5.24388828835709	5.75051162869709	sam0014	Mutter_02
268	3199	127	2.5607812875535	3.0701710896285	5.12060032124771	5.62962928048771	sam0014	Mutter_02
269	2536	96	3.0731781069542	3.5804028520192	5.12048004030271	5.62866703292771	sam0014	Mutter_02
270	266	56	3.58653717391491	4.06465393028991	5.27480049084318	5.78226579779818	sam0014	Mutter_02
271	561	30	5.07369075961273	5.57863016672273	5.14754325292771	5.62830619009271	sam0014	Mutter_02
272	663	38	5.58320083633343	6.09006473856343	5.12168284975271	5.62914815670771	sam0014	Mutter_02
273	814	57.5	6.09559765573413	6.60089790567913	5.12336678298271	5.62830619009271	sam0014	Mutter_02
274	416	31	6.60775391324483	7.11449753452983	5.12336678298271	5.62902787576271	sam0014	Mutter_02
275	416	31	7.11894792319553	7.62653351109553	5.12180313069771	5.62926843765271	sam0014	Mutter_02
276	715	37	7.63122446165123	8.13688555443123	5.12204369258771	5.62818590914771	sam0014	Mutter_02
277	472	33.5	8.14350100010693	8.64868096910693	5.12192341164271	5.62866703292771	sam0014	Mutter_02
278	144	53.5	8.65481529100263	8.78880826373263	5.12180313069771	5.62638169497271	sam0014	Mutter_02
279	69	17	0.253672513005	0.506021935615	4.61121052547201	4.88713501330201	sam0014	Mutter_02
280	1078	30	0.515163281135701	1.0221474643107	4.60928603035201	5.11651077541701	sam0014	Mutter_02
281	2513	40	1.0256356054164	1.5341834408764	4.79415784054358	5.30102174277358	sam0014	Mutter_02
282	3207	129	1.5375513010371	2.0459788555521	4.54746162537982	5.05516749422482	sam0014	Mutter_02
283	3086	168	2.0494669966578	2.5577742702278	4.73257399746139	5.24064070914139	sam0014	Mutter_02
284	3096	192	2.5615029732235	3.0701710896285	4.60928603035201	5.11759330392201	sam0014	Mutter_02
285	3252	145	3.0734186688442	3.5818462233592	4.60952659224201	5.11747302297701	sam0014	Mutter_02
286	2977	119	3.58533436446491	4.09400248086991	4.76288479522248	5.27131234973748	sam0014	Mutter_02
287	1373	111	4.09688921725061	4.59978384829561	4.73221315462639	5.23811480929639	sam0014	Mutter_02
288	373	56	4.60928603665131	5.11230094864131	4.60820350184701	5.11374431368201	sam0014	Mutter_02
289	301	47	5.39039048467176	5.83049846242676	4.61133080641701	5.11590937069201	sam0014	Mutter_02
290	592	66.5	5.83723418904746	6.34385752938746	4.60988743507701	5.11711218014201	sam0014	Mutter_02
291	537	56	6.35071353695316	6.85541238217316	4.60976715413201	5.11663105636201	sam0014	Mutter_02
292	382	36	6.86202782784886	7.36853088724386	4.61012799696701	5.11627021352701	sam0014	Mutter_02
293	432	26	7.37298127590956	7.87936405435956	4.61193221114201	5.11651077541701	sam0014	Mutter_02
294	369	50	7.88525781436526	8.25716649630526	4.60976715413201	5.11530796596701	sam0014	Mutter_02
295	536	51	8.39849660038096	8.86975734289096	4.61024827791201	5.11482684218701	sam0014	Mutter_02
296	397	42	0.17031781812	0.50926952113	4.09833258229131	4.60291114656631	sam0014	Mutter_02
297	2627	80	0.514201033575701	1.0227488690357	4.09773117756631	4.60519648452131	sam0014	Mutter_02
298	3344	117	1.0251544816364	1.5335820361514	4.28188130208788	4.79042913754788	sam0014	Mutter_02
299	3160	151	1.5371904582021	2.0458585746071	4.03566621070412	4.54421404616412	sam0014	Mutter_02
300	3059	218	2.0491061538228	2.5582553940078	4.22041773995069	4.72920613730069	sam0014	Mutter_02
301	2972	234	2.5612624113335	3.0705319324635	4.09712977284131	4.60555732735631	sam0014	Mutter_02
302	3065	213	3.0726969831742	3.5818462233592	4.09688921095131	4.60579788924631	sam0014	Mutter_02
303	3133	165	3.58521408351991	4.09364163803491	4.25072853771178	4.75939665411678	sam0014	Mutter_02
304	3263	163	4.09664865536061	4.60603845743561	4.22017717806069	4.72872501352069	sam0014	Mutter_02
305	2781	67	4.60868463192631	5.11723246738631	4.09676893000631	4.60555732735631	sam0014	Mutter_02
306	742	40	5.12132201321701	5.55505510088701	4.09749061567631	4.60339227034631	sam0014	Mutter_02
307	436	36.5	5.74594095292918	6.25112092192918	4.10025707741131	4.60483564168631	sam0014	Mutter_02
308	565	43	6.25665383909988	6.76159324620988	4.09773117756631	4.60471536074131	sam0014	Mutter_02
309	365	36	6.77025346795058	7.27531315600558	4.09977595363131	4.60243002278631	sam0014	Mutter_02
310	431	40	7.28060551128628	7.78698828973628	4.09773117756631	4.60206917995131	sam0014	Mutter_02
311	132	43	7.79228064501698	8.27653172958698	4.15546603116631	4.60459507979631	sam0014	Mutter_02
312	102	27	8.32584691073768	8.81130080475768	4.10121932497131	4.59990412294131	sam0014	Mutter_02
313	534	28	0.18619490286	0.5099912068	3.58761969612061	4.09304022701061	sam0014	Mutter_02
314	3136	88	0.514080752630701	1.0222677452557	3.58509379627561	4.09364163173561	sam0014	Mutter_02
315	3272	140	1.0252747625814	1.5340631599314	3.77044673024718	4.27875400381718	sam0014	Mutter_02
316	3054	208	1.5373107391471	2.0460991364971	3.52302882941342	4.03193750770842	sam0014	Mutter_02
317	3021	219	2.0492264347678	2.5580148321178	3.70838176338499	4.21668903695499	sam0014	Mutter_02
318	2936	195	2.5610218494435	3.0699305277385	3.58533435816561	4.09352135079061	sam0014	Mutter_02
319	2865	285	3.0726969831742	3.5808839757992	3.58521407722061	4.09412275551561	sam0014	Mutter_02
320	3133	188	3.58509380257491	4.09388219992491	3.73929396587108	4.24796208227608	sam0014	Mutter_02
321	3123	195	4.09688921725061	4.60579789554561	3.70838176338499	4.21632819411999	sam0014	Mutter_02
322	2903	157	4.60868463192631	5.11711218644131	3.58557492005561	4.09316050795561	sam0014	Mutter_02
323	2055	62	5.12035976565701	5.62710338694201	3.58533435816561	4.09364163173561	sam0014	Mutter_02
324	273	36	5.63311742789271	6.13986104917771	3.58593576289061	4.09099545094561	sam0014	Mutter_02
325	606	29.5	6.14515340445841	6.65201730668841	3.58629660572561	4.09231854134061	sam0014	Mutter_02
326	470	36	6.65803134763911	7.16333159758411	3.58653716761561	4.09255910323061	sam0014	Mutter_02
327	606	41	7.16982676231481	7.67548785509481	3.58689801045061	4.09291994606561	sam0014	Mutter_02
328	341	41	7.68162217699051	8.18752383166051	3.58593576289061	4.08858983204561	sam0014	Mutter_02
329	453	37	8.19221478221621	8.69847727972121	3.58569520100061	4.09087517000061	sam0014	Mutter_02
330	727	43	8.70485216350691	9.19463617154691	3.58461267249561	4.09279966512061	sam0014	Mutter_02
331	193	38	9.22073713031261	9.72315063757761	3.58557492005561	4.07475752337061	sam0014	Mutter_02
332	552	40	9.73108917364831	10.2342243665833	3.58689801045061	3.89277245358561	sam0014	Mutter_02
333	684	108.5	10.241080374149	10.566079487539	3.58521407722061	3.90576279564561	sam0014	Mutter_02
334	823	52	0.23045829062	0.51023176869	3.07498231482991	3.58004200288491	sam0014	Mutter_02
335	3026	69	0.512757662235701	1.0217866214757	3.07281725781991	3.58160565516991	sam0014	Mutter_02
336	3113	128	1.0255153244714	1.5339428789864	3.25877159651648	3.76707887008648	sam0014	Mutter_02
337	2636	166	1.5368296153671	2.0460991364971	3.01219566229772	3.52002181208772	sam0014	Mutter_02
338	2677	238	2.0494669966578	2.5577742702278	3.19646606776429	3.70513418416929	sam0014	Mutter_02
339	2792	282	2.5606610066085	3.0699305277385	3.07269697687491	3.58160565516991	sam0014	Mutter_02
340	2858	291	3.0731781069542	3.5817259424142	3.07305781970991	3.58220705989491	sam0014	Mutter_02
341	2931	228	3.58497352162991	4.09364163803491	3.22773911308538	3.73628694854538	sam0014	Mutter_02
342	3012	183	4.09676893630561	4.60615873838061	3.19658634870929	3.70501390322429	sam0014	Mutter_02
343	2865	154	4.60916575570631	5.11783387211131	3.07317810065491	3.58148537422491	sam0014	Mutter_02
344	2380	52	5.12048004660201	5.62890760111701	3.07329838159991	3.58172593611491	sam0014	Mutter_02
345	588	38	5.63263630411271	6.13974076823271	3.07438091010491	3.58064340760991	sam0014	Mutter_02
346	924	33	6.14527368540341	6.65346067802841	3.07534315766491	3.58064340760991	sam0014	Mutter_02
347	1018	44	6.65634741440911	7.16465468797911	3.07426062915991	3.58040284571991	sam0014	Mutter_02
348	1104	38	7.16874423380981	7.67488645036981	3.07353894348991	3.58052312666491	sam0014	Mutter_02
349	1111	42	7.68005852470551	8.18908748394551	3.07329838159991	3.58244762178491	sam0014	Mutter_02
350	1076	33	8.19257562505121	8.69992065106121	3.07293753876491	3.58100425044491	sam0014	Mutter_02
351	1773	47	8.70437103972691	9.21183634668191	3.07377950537991	3.58148537422491	sam0014	Mutter_02
352	1461	72	9.21676785912761	9.72327091852261	3.07305781970991	3.58148537422491	sam0014	Mutter_02
353	797	80	9.72892411663831	10.2363894235933	3.07462147199491	3.58064340760991	sam0014	Mutter_02
354	1393	79	10.239155879029	10.632354288234	3.07450119104991	3.58148537422491	sam0014	Mutter_02
355	246	55	0.328487260795	0.509149240185	2.5704037568542	3.0684871500992	sam0014	Mutter_02
356	2413	42	0.513840190740701	1.0217866214757	2.5612624050342	3.0698102404942	sam0014	Mutter_02
357	3019	105	1.0255153244714	1.5335820361514	2.74625449617077	3.25468205068577	sam0014	Mutter_02
358	1761	94	1.5374310200921	2.0420095843671	2.50015968573201	3.00786555457702	sam0014	Mutter_02
359	2255	162	2.0495872776028	2.5576539892828	2.68539233875859	3.19333876949359	sam0014	Mutter_02
360	2788	292	2.5615029732235	3.0694494039585	2.5618638097592	3.0690885548242	sam0014	Mutter_02
361	2882	308	3.0730578260092	3.5817259424142	2.5615029669242	3.0706522071092	sam0014	Mutter_02
362	3007	230	3.58509380257491	4.0934010761449	2.71522201273968	3.22413069103468	sam0014	Mutter_02
363	2880	161	4.09700949819561	4.60531677176561	2.68430981025359	3.19285764571359	sam0014	Mutter_02
364	2857	126	4.60868463192631	5.11735274833131	2.5613826859792	3.0698102404942	sam0014	Mutter_02
365	1728	30	5.12084088943701	5.62902788206201	2.5613826859792	3.0698102404942	sam0014	Mutter_02
366	573	35	5.63407967545271	6.14034217295771	2.5628260573192	3.0678857453742	sam0014	Mutter_02
367	1190	30	6.14503312351341	6.65346067802841	2.5624652144842	3.0696899595492	sam0014	Mutter_02
368	2866	57	6.65586629062911	7.16537637364911	2.5613826859792	3.0702913642742	sam0014	Mutter_02
369	3027	142	7.16814282908481	7.67657038359981	2.5606610003092	3.0695696786042	sam0014	Mutter_02
370	3033	144	7.67969768187051	8.18896720300051	2.5610218431442	3.0695696786042	sam0014	Mutter_02
371	2773	83	8.19173365843621	8.70040177484121	2.5613826859792	3.0698102404942	sam0014	Mutter_02
372	2645	71	8.70425075878191	9.21231747046191	2.5617435288142	3.0699305214392	sam0014	Mutter_02
373	2355	52	9.21628673534761	9.72447372797261	2.5615029669242	3.0706522071092	sam0014	Mutter_02
374	1575	39	9.72760102624331	10.2363894235933	2.5619840907042	3.0695696786042	sam0014	Mutter_02
375	622	73.5	10.240599250369	10.501488620074	2.6727628410492	3.0687277119892	sam0014	Mutter_02
376	61	25	0.417735721985	0.5099912068	2.0720798080185	2.5574134210935	sam0014	Mutter_02
377	1749	54	0.514561876410701	1.0214257786407	2.0492264284685	2.5581351067635	sam0014	Mutter_02
378	2650	113	1.0256356054164	1.5343037218214	2.23325627204507	2.74264607412007	sam0014	Mutter_02
379	2278	111	1.5375513010371	2.0453774508271	1.98836427105631	2.49582957801131	sam0014	Mutter_02
380	1732	134	2.0506698061078	2.5580148321178	2.17299551935788	2.68070138820288	sam0014	Mutter_02
381	2894	245	2.5607812875535	3.0704116515185	2.0495872713035	2.5574134210935	sam0014	Mutter_02
382	2804	299.5	3.0726969831742	3.5814853805242	2.0488655856335	2.5580148258185	sam0014	Mutter_02
383	2799	205	3.58473295973991	4.09328079519991	2.20318603617398	2.71137302879898	sam0014	Mutter_02
384	2678	174	4.09664865536061	4.60615873838061	2.17263467652288	2.68106223103788	sam0014	Mutter_02
385	2729	148	4.60832378909131	5.11723246738631	2.0494669903585	2.5572931401485	sam0014	Mutter_02
386	1730	45	5.12084088943701	5.62794535355701	2.0499481141385	2.5574134210935	sam0014	Mutter_02
387	1932	35	5.63432023734271	6.14118413957271	2.0501886760285	2.5571728592035	sam0014	Mutter_02
388	3153	131	6.14419115689841	6.65322011613841	2.0499481141385	2.5582553877085	sam0014	Mutter_02
389	2980	183	6.65658797629911	7.16549665459411	2.0500683950835	2.5583756686535	sam0014	Mutter_02
390	3056	149	7.16838339097481	7.67729206926981	2.0493467094135	2.5580148258185	sam0014	Mutter_02
391	3003	122	7.67993824376051	8.18920776489051	2.0491061475235	2.5583756686535	sam0014	Mutter_02
392	3018	85	8.19209450127121	8.70064233673121	2.0499481141385	2.5580148258185	sam0014	Mutter_02
393	2938	66	8.70497244445191	9.21231747046191	2.0501886760285	2.5581351067635	sam0014	Mutter_02
394	2401	48	9.21640701629261	9.72399260419261	2.0498278331935	2.5576539829835	sam0014	Mutter_02
395	580	39	9.72844299285831	10.1070874077183	2.0825442502335	2.5572931401485	sam0014	Mutter_02
396	1456	80	0.514682157355701	1.0210649358057	1.5386338232428	2.0458585683078	sam0014	Mutter_02
397	2577	137	1.0261167291964	1.5338225980414	1.72230282398437	2.23157234511437	sam0014	Mutter_02
398	2925	122	1.5379121438721	2.0458585746071	1.47572688976561	1.98391388239061	sam0014	Mutter_02
399	2494	137	2.0489858728778	2.5574134273928	1.66071898090218	2.16986822108718	sam0014	Mutter_02
400	2809	170	2.5606610066085	3.0698102467935	1.5377918566278	2.0457382873628	sam0014	Mutter_02
401	2901	243	3.0726969831742	3.5819665043042	1.5377918566278	2.0456180064178	sam0014	Mutter_02
402	2967	204	3.58485324068491	4.09388219992491	1.69102977866328	2.20005873790328	sam0014	Mutter_02
403	2825	181	4.09688921725061	4.60579789554561	1.66071898090218	2.16926681636218	sam0014	Mutter_02
404	2737	188	4.60868463192631	5.11783387211131	1.5375512947378	2.0457382873628	sam0014	Mutter_02
405	2670	38	5.12023948471201	5.62878732017201	1.5380324185178	2.0450166016928	sam0014	Mutter_02
406	3107	128	5.63275658505771	6.14082329673771	1.5376715756828	2.0463396920878	sam0014	Mutter_02
407	3057	194	6.14407087595341	6.65273899235841	1.5373107328478	2.0460991301978	sam0014	Mutter_02
408	3036	167	6.65634741440911	7.16513581175911	1.5376715756828	2.0459788492528	sam0014	Mutter_02
409	3094	154.5	7.16778198624981	7.67717178832481	1.5369498900128	2.0464599730328	sam0014	Mutter_02
410	2914	128	7.68065992943051	8.18884692205551	1.5379121375728	2.0459788492528	sam0014	Mutter_02
411	3088	88	8.19233506316121	8.70100317956621	1.5376715756828	2.0460991301978	sam0014	Mutter_02
412	2944	62	8.70437103972691	9.21243775140691	1.5383932613528	2.0460991301978	sam0014	Mutter_02
413	1320	46	9.21604617345761	9.71040085740761	1.5380324185178	2.0464599730328	sam0014	Mutter_02
414	133	31	0.806002606145701	1.0216663405307	1.3721650016621	1.5337023107971	sam0014	Mutter_02
415	2196	76.5	1.0259964482514	1.5335820361514	1.21158993781367	1.71917552571367	sam0014	Mutter_02
416	2026	99	1.5377918629271	2.0459788555521	0.966938498714913	1.47211846771491	sam0014	Mutter_02
417	3153	150	2.0493467157128	2.5576539892828	1.14892356622648	1.65686999696148	sam0014	Mutter_02
418	3198	167	2.5606610066085	3.0696899658485	1.0251544753371	1.5345442774121	sam0014	Mutter_02
419	3079	204	3.0728172641192	3.5814853805242	1.0258761610071	1.5339428726871	sam0014	Mutter_02
420	3160	190	3.58485324068491	4.09364163803491	1.17911408304258	1.68874444700758	sam0014	Mutter_02
421	3064	182	4.09725006008561	4.60555733365561	1.14868300433648	1.65735112074148	sam0014	Mutter_02
422	2741	168	4.60880491287131	5.11747302927631	1.0258761610071	1.5343037155221	sam0014	Mutter_02
423	3017	79	5.12060032754701	5.62890760111701	1.0255153181721	1.5337023107971	sam0014	Mutter_02
424	3017	192	5.63251602316771	6.14142470146271	1.0255153181721	1.5343037155221	sam0014	Mutter_02
425	2946	179	6.14443171878841	6.65297955424841	1.0253950372271	1.5339428726871	sam0014	Mutter_02
426	2989	177	6.65610685251911	7.16513581175911	1.0253950372271	1.5343037155221	sam0014	Mutter_02
427	3006	110	7.16814282908481	7.67657038359981	1.0262370038421	1.5344239964671	sam0014	Mutter_02
428	2690	45.5	7.68017880565051	8.18896720300051	1.0264775657321	1.5339428726871	sam0014	Mutter_02
429	2943	32	8.19245534410621	8.70040177484121	1.0262370038421	1.5340631536321	sam0014	Mutter_02
430	1561	39	8.70437103972691	9.21207690857191	1.0312888035321	1.5337023107971	sam0014	Mutter_02
431	82	64.5	9.21773010668761	9.43255187445761	1.3748111824521	1.5324995013471	sam0014	Mutter_02
432	1341	89	2.0500684013828	2.5577742702278	0.638210680055781	1.14591654890078	sam0014	Mutter_02
433	2314	91	2.5616232541685	3.0695696849035	0.514201027276402	1.0220271770664	sam0014	Mutter_02
434	3179	148	3.0732983878992	3.5812448186342	0.514321308221402	1.0221474580114	sam0014	Mutter_02
435	3318	121	3.58449239784991	4.09352135708991	0.667438949311875	1.17634762760688	sam0014	Mutter_02
436	3403	104	4.09664865536061	4.60555733365561	0.636286184935781	1.14555570606578	sam0014	Mutter_02
437	2887	144	4.60856435098131	5.11747302927631	0.513960465386401	1.0221474580114	sam0014	Mutter_02
438	2883	164	5.12108145132701	5.62962928678701	0.513719903496401	1.0219068961214	sam0014	Mutter_02
439	3063	141	5.63287686600271	6.14118413957271	0.513599622551402	1.0223880199014	sam0014	Mutter_02
440	3086	117	6.14479256162341	6.65322011613841	0.514802432001401	1.0217866151764	sam0014	Mutter_02
441	2982	93	6.65634741440911	7.16537637364911	0.513599622551402	1.0221474580114	sam0014	Mutter_02
442	2707	38	7.16790226719481	7.67645010265481	0.514201027276402	1.0225083008464	sam0014	Mutter_02
443	1618	23	7.67981796281551	8.18848607922051	0.531280921466401	1.0220271770664	sam0014	Mutter_02
444	585	26	8.19269590599621	8.66660282929621	0.654328328201402	1.0225083008464	sam0014	Mutter_02
445	126	25	9.57111552082418	9.90790216682418	0.762220335866402	0.961405580786401	sam0014	Mutter_02
446	210	54.5	2.7887136783285	3.0689682801785	0.304551346440701	0.509510076720701	sam0014	Mutter_02
447	1721	71	3.0735389497892	3.5816056614692	0.0485934954807008	0.510592605225701	sam0014	Mutter_02
448	3269	81	3.58533436446491	4.09328079519991	0.156244939361175	0.664672493876175	sam0014	Mutter_02
449	3045	99	4.09712977914061	4.60471536704061	0.12545301782008	0.63315888666508	sam0014	Mutter_02
450	3069	101	4.60904547476131	5.11747302927631	0.00180420787570068	0.509991200500701	sam0014	Mutter_02
451	3020	94	5.12072060849201	5.62962928678701	0.00168392693070074	0.510953448060701	sam0014	Mutter_02
452	2967	62	5.63287686600271	6.14106385862771	0.00240561260070071	0.510592605225701	sam0014	Mutter_02
453	2455	39	6.14467228067841	6.65237814952341	0.00288673638070069	0.510111481445701	sam0014	Mutter_02
454	968	51	6.65622713346411	7.16381272136411	0.0737322129857007	0.510111481445701	sam0014	Mutter_02
455	93	58	7.16910507664481	7.66189610830981	0.356512714680701	0.509991200500701	sam0014	Mutter_02
456	1043	55	3.58557492635491	4.09279967141991	-0.150471464089526	0.152275674475474	sam0014	Mutter_02
457	1863	62	4.09725006008561	4.60519649082061	-0.244170319865621	0.121604033879379	sam0014	Mutter_02
458	1531	50	4.60880491287131	5.11675134360631	-0.314534671175	-0.00192449512	sam0014	Mutter_02
459	1383	44	5.12060032754701	5.62878732017201	-0.316459166295	-0.001323090395	sam0014	Mutter_02
460	478	49.5	5.63275658505771	6.14082329673771	-0.24561368969	-0.001563652285	sam0014	Mutter_02
461	125	49	6.14575480918341	6.50190668732841	-0.136037748795	-0.0024056189	sam0014	Mutter_02
462	453	32	8.81575119342338	9.23829815320838	4.09785145851131	4.60555732735631	sam0014	Mutter_02
250	55	24	6.65682853818911	7.02765469162411	6.14707789327911	6.25593214850411	sam0014	Mutter_02
245	73	22	2.5725688201635	3.0479191148035	6.14563452193911	6.25629299133911	sam0014	Mutter_02
100	3175	33	4.6802734064783	5.1894226466633	13.9365767172249	14.4452448336299	sam0015	Mutter_02
101	3319	122	5.191948540209	5.700977499449	13.9364564362799	14.4452448336299	sam0015	Mutter_02
102	3359	153	5.7041047977197	6.2130134760147	13.9365767172249	14.4450042717399	sam0015	Mutter_02
103	3336	204	6.2156596505054	6.7249291716354	13.8131684691706	14.3217163046306	sam0015	Mutter_02
104	3345	179	6.7279361889611	7.2367245863111	13.8132887501156	14.3219568665206	sam0015	Mutter_02
105	2918	218	7.2399721655268	7.7482794390968	13.9368172791149	14.4453651145749	sam0015	Mutter_02
106	3187	129	7.7515270183125	8.2604356966075	13.6896399401712	14.1989094613012	sam0015	Mutter_02
107	1400	46	8.2641643996032	8.6084084641932	13.9368172791149	14.4451245526849	sam0015	Mutter_02
108	432	72	3.6600504435869	4.1648695697519	13.6886776958792	13.9327277332842	sam0015	Mutter_02
109	801	62	4.1701619250326	4.6770258272626	13.3295187967616	13.7179059681666	sam0015	Mutter_02
10	532	19	2.63718129990549	3.13899340244549	16.7025572944382	17.2077372634382	sam0015	Mutter_02
110	2680	26	4.6800328445883	5.1887009609933	13.4250218644392	13.9335696998992	sam0015	Mutter_02
111	3232	16	5.192429663989	5.699173285274	13.4253827072742	13.9329682951742	sam0015	Mutter_02
112	2992	20	5.7043453596097	6.2126526331797	13.4244204597142	13.9334494189542	sam0015	Mutter_02
113	3445	117	6.2163813361754	6.7243277669104	13.3013730544949	13.8101614518449	sam0015	Mutter_02
114	3171	194	6.7275753461261	7.2366043053661	13.3017338973299	13.8102817327899	sam0015	Mutter_02
115	2941	222	7.2396113226918	7.7486402819318	13.4247813025492	13.9333291380092	sam0015	Mutter_02
116	2573	114	7.7517675802025	8.2604356966075	13.1783256492755	13.6868734847355	sam0015	Mutter_02
117	1703	47	8.2632021520432	8.6098518355332	13.4251421453842	13.9334494189542	sam0015	Mutter_02
118	979	40	4.6824384634883	5.1880995562683	12.9143089782685	13.4211728804985	sam0015	Mutter_02
119	2270	17	5.192910787769	5.700857218504	12.9132264497635	13.4204511948285	sam0015	Mutter_02
11	811	26	3.1451277243412	3.6523524694062	17.0083114528392	17.5154159169592	sam0015	Mutter_02
120	3522	30	5.7041047977197	6.2131337569597	12.9126250450385	13.4217742852235	sam0015	Mutter_02
121	3562	120	6.2157799314504	6.7245683288004	12.7895776398192	13.2984863181142	sam0015	Mutter_02
122	3191	159	6.7284173127411	7.2364840244211	12.7892167969842	13.2980051943342	sam0015	Mutter_02
123	3016	174	7.2396113226918	7.7485200009868	12.9126250450385	13.4209323186085	sam0015	Mutter_02
124	2232	88	7.7518878611475	8.2606762584975	12.6667707964898	13.1750780700598	sam0015	Mutter_02
125	671	28	8.2634427139332	8.4671986347632	12.9968217065385	13.4210525995535	sam0015	Mutter_02
126	686	45	5.196278654229	5.700977499449	12.6063897653678	12.9090166229878	sam0015	Mutter_02
127	2023	56	5.7041047977197	6.2126526331797	12.4538735271078	12.9097383086578	sam0015	Mutter_02
128	2346	96	6.2163813361754	6.7250494525804	12.3531983776585	12.7864503415485	sam0015	Mutter_02
129	2915	90	6.7284173127411	7.2367245863111	12.3115811706885	12.7862097796585	sam0015	Mutter_02
12	1666	23	3.6578853865769	4.1639073221919	17.0085520147291	17.5151753550692	sam0015	Mutter_02
130	2411	131	7.2398518845818	7.7482794390968	12.4005890684728	12.9099788705478	sam0015	Mutter_02
131	89	7	3.80831127273406	4.19152636350406	11.622168709265	11.83133727262	sam0015	Mutter_02
132	78	8	4.21943153644476	4.69393986446977	11.621928147375	11.805717431335	sam0015	Mutter_02
13	2389	63	4.1678765870776	4.6765447034826	16.7928882829965	17.3001130280615	sam0015	Mutter_02
14	2072	35	4.6801531255333	5.1882198372133	17.0079506100041	17.5145739503442	sam0015	Mutter_02
15	1213	20	5.192549944934	5.699413847164	17.0085520147291	17.4119743042592	sam0015	Mutter_02
16	243	16	5.7060292928397	5.9641522008097	17.0089128575642	17.2041288312991	sam0015	Mutter_02
17	1280	29	0.267526433956991	0.581579981351991	16.4966363191084	17.0044624688985	sam0015	Mutter_02
18	5909	46	0.584707279622691	1.09337539602769	16.4960349143834	17.0047030307884	sam0015	Mutter_02
19	2438	33	1.09698381807839	1.60505052975839	16.2501806658347	16.7574054108997	sam0015	Mutter_02
1	379	19	2.64403731377049	3.13863255961049	17.2136310234439	17.7170067782689	sam0015	Mutter_02
20	794	25	1.60986176125909	2.04624102971909	16.4973580047784	17.0032596594485	sam0015	Mutter_02
21	44	11	2.17217517283479	2.62719798776979	16.5008461521835	16.9964036455835	sam0015	Mutter_02
22	986	19	2.63333230966549	3.14079761662049	16.1891982274775	16.6964229725425	sam0015	Mutter_02
23	2080	22	3.1464508147362	3.6522321884612	16.4957943524935	17.0041016260635	sam0015	Mutter_02
24	2467	58	3.6563217342919	4.1649898506969	16.4957943524935	17.0043421879535	sam0015	Mutter_02
25	2729	99	4.1685982727476	4.6777475129326	16.2807320254858	16.7897609847258	sam0015	Mutter_02
26	2715	73	4.6805139683683	5.1887009609933	16.4962754762735	17.0045827498435	sam0015	Mutter_02
27	2572	38	5.192068821154	5.700255813779	16.4965160381635	17.0050638736235	sam0015	Mutter_02
28	2244	19	5.7037439548847	6.2115701046747	16.4965160381635	17.0039813451184	sam0015	Mutter_02
29	1406	18	6.2156596505054	6.7244480478554	16.3728672282191	16.8417223518291	sam0015	Mutter_02
2	338	25	3.1522243000962	3.6517510646812	17.5207082722399	17.9204018524749	sam0015	Mutter_02
30	719	20	6.7287781555761	7.0897412715211	16.3743105995591	16.7786951366491	sam0015	Mutter_02
31	895	33	0.0890295115769908	0.581339419461991	15.9850814663227	16.4919453685528	sam0015	Mutter_02
32	5147	45	0.584586998677692	1.09361595791769	15.9844800615977	16.4929076161128	sam0015	Mutter_02
33	2028	38	1.09710409902339	1.60420856314339	15.738505532104	16.246211400949	sam0015	Mutter_02
34	688	30	1.60889951369909	2.11395920175409	15.9883290518377	16.4915845257177	sam0015	Mutter_02
35	559	20	2.12165717593479	2.62647630209979	15.9855625901027	16.4883369402027	sam0015	Mutter_02
36	1979	50	2.63417427628049	3.14175986418049	15.6764405652418	16.1845072769218	sam0015	Mutter_02
37	2655	79	3.1441654767812	3.6529538741312	15.9837583759277	16.4930278970577	sam0015	Mutter_02
38	2662	136.5	3.6565622961819	4.1647492888069	15.9843597806527	16.4920656494977	sam0015	Mutter_02
39	2699	174	4.1681171489676	4.6775069510426	15.7689366108101	16.2773641653251	sam0015	Mutter_02
3	183	21	3.6580056675219	4.1595772081719	17.5217908007449	18.0273316125799	sam0015	Mutter_02
40	2881	75	4.6803936874233	5.1896632085533	15.9841192187628	16.4926670542227	sam0015	Mutter_02
41	2851	50	5.192549944934	5.700015251889	15.9842394997077	16.4927873351678	sam0015	Mutter_02
42	2791	59	5.7041047977197	6.2122917903447	15.9842394997077	16.4927873351678	sam0015	Mutter_02
43	2559	56	6.2159002123954	6.7244480478554	15.8614326563784	16.3691385252234	sam0015	Mutter_02
44	1998	45	6.7285375936861	7.2362434625311	15.8616732182684	16.3691385252234	sam0015	Mutter_02
45	881	35	0.109958396006991	0.579655486231991	15.472564365977	15.980871639547	sam0015	Mutter_02
46	2302	52	0.585068122457692	1.09385651980769	15.473646894482	15.980751358602	sam0015	Mutter_02
47	660	45	1.09698381807839	1.60420856314339	15.2289954553833	15.7338145815483	sam0015	Mutter_02
48	556	38.5	1.60950091842409	2.11528229214909	15.473887456372	15.979668830097	sam0015	Mutter_02
49	728	28	2.12117605215479	2.62828051627479	15.473406332592	15.979307987262	sam0015	Mutter_02
4	936	20	4.1685982727476	4.6749810511976	17.3045634167272	17.5883061659822	sam0015	Mutter_02
50	2342	83.5	2.63381343344549	3.14115845945549	15.1650059934011	15.6728321431911	sam0015	Mutter_02
51	2759	154	3.1447668815062	3.6528335931862	15.472444085032	15.980631077657	sam0015	Mutter_02
52	2623	199	3.6566825771269	4.1654709744769	15.472804927867	15.980631077657	sam0015	Mutter_02
53	2732	168	4.1681171489676	4.6772663891526	15.2566600723544	15.7658093125394	sam0015	Mutter_02
54	2820	117	4.6803936874233	5.1888212419383	15.472203523142	15.981232482382	sam0015	Mutter_02
55	2921	95	5.191707978319	5.700857218504	15.472203523142	15.9811122014371	sam0015	Mutter_02
56	2858	139	5.7037439548847	6.2131337569597	15.472203523142	15.9811122014371	sam0015	Mutter_02
57	2833	76	6.2162610552304	6.7240872050204	15.3496372417027	15.8572228296027	sam0015	Mutter_02
58	2770	98	6.7278159080161	7.2363637434761	15.3491561179227	15.8572228296027	sam0015	Mutter_02
59	2114	72	7.2400924464718	7.7475577534268	15.472444085032	15.980149953877	sam0015	Mutter_02
5	143	26	0.329952244411991	0.580377171901991	17.0108373526842	17.1560164532992	sam0015	Mutter_02
60	1272	29	7.7516472992575	8.2574286729825	15.2264695555383	15.7344159862733	sam0015	Mutter_02
61	731	36	0.0813315310969908	0.578933800561991	14.9611297941363	15.4678734154213	sam0015	Mutter_02
62	539	32	0.585428965292692	1.09193202468769	14.9607689513013	15.4677531344763	sam0015	Mutter_02
63	536	30	1.09902859414339	1.60456940597839	14.7150349836976	15.2192527051376	sam0015	Mutter_02
64	654	35	1.61070372787409	2.11600397781909	14.9622123226413	15.4676328535313	sam0015	Mutter_02
65	714	34.5	2.12105577120979	2.62840079721979	14.9619717607513	15.4684748201463	sam0015	Mutter_02
66	1978	60	2.63369315250049	3.14115845945549	14.6526091740004	15.1606758856804	sam0015	Mutter_02
67	2937	136	3.1440451958362	3.6534349979112	14.9598067037413	15.4691965058163	sam0015	Mutter_02
68	2557	215	3.6570434199619	4.1655912554219	14.9600472656313	15.4688356629813	sam0015	Mutter_02
69	2744	232	4.1685982727476	4.6773866700976	14.7451052195687	15.2535327740837	sam0015	Mutter_02
6	1546	42.5	0.584947841512692	1.07437100671769	17.0085520147291	17.2765379601892	sam0015	Mutter_02
70	2857	81	4.6805139683683	5.1893023657183	14.9599269846863	15.4685951010913	sam0015	Mutter_02
71	2948	148	5.192189102099	5.700977499449	14.9605283894113	15.4689559439263	sam0015	Mutter_02
72	2914	152	5.7045859214997	6.2132540379047	14.9595661418513	15.4691965058163	sam0015	Mutter_02
73	3095	110	6.2159002123954	6.7244480478554	14.836639017577	15.345066572092	sam0015	Mutter_02
74	2694	145	6.7274550651811	7.2362434625311	14.837601265137	15.345908538707	sam0015	Mutter_02
75	3090	85	7.2393707608018	7.7486402819318	14.9601675465763	15.4690762248713	sam0015	Mutter_02
76	2731	85	7.7523689849275	8.2597140109375	14.7141930170826	15.2228611334876	sam0015	Mutter_02
77	543	34	8.2642846805482	8.6357122387082	14.9606486703563	15.4687153820363	sam0015	Mutter_02
78	524	39.5	0.0732727077819908	0.579414924341991	14.5249910938656	14.9575213720856	sam0015	Mutter_02
79	413	35	0.586030370017691	1.09229286752269	14.4500560651306	14.9565591245256	sam0015	Mutter_02
7	925	44	1.09662297524339	1.60493024881339	16.7622166424004	17.2631867783254	sam0015	Mutter_02
80	566	25	1.09794606563839	1.60444912503339	14.2387224477969	14.7099831903069	sam0015	Mutter_02
81	539	31	1.61070372787409	2.11732706821409	14.4504169079656	14.9565591245256	sam0015	Mutter_02
82	779	49	2.12129633309979	2.62864135910979	14.4493343794606	14.9564388435806	sam0015	Mutter_02
83	1003	53	2.63405399533549	3.14055705473049	14.1708839955747	14.6492413138397	sam0015	Mutter_02
84	3124	106	3.1447668815062	3.6534349979112	14.4484924128456	14.9572808101956	sam0015	Mutter_02
85	2970	166	3.6564420152369	4.1651101316419	14.4481315700106	14.9572808101956	sam0015	Mutter_02
86	3077	138	4.1681171489676	4.6765447034826	14.232708400168	14.741617078463	sam0015	Mutter_02
87	2992	107.5	4.6796720017533	5.1890618038283	14.4486126937906	14.9574010911406	sam0015	Mutter_02
88	3233	176	5.192790506824	5.701338342284	14.4487329747356	14.9574010911406	sam0015	Mutter_02
89	3214	180	5.7041047977197	6.2134945997947	14.4484924128456	14.9567996864156	sam0015	Mutter_02
8	120	17	1.61142541354409	2.11432004458909	17.0095142622892	17.4878715805542	sam0015	Mutter_02
90	3373	174	6.2157799314504	6.7248088906904	14.3255652885713	14.8337522811963	sam0015	Mutter_02
91	3055	229	6.7280564699061	7.2364840244211	14.3254450076263	14.8342334049763	sam0015	Mutter_02
92	3347	133	7.2397316036368	7.7482794390968	14.4486126937906	14.9566794054706	sam0015	Mutter_02
93	2469	123	7.7520081420925	8.2606762584975	14.2020367595719	14.7109454378669	sam0015	Mutter_02
94	1141	51	8.2641643996032	8.6280142582282	14.4488532556806	14.9563185626356	sam0015	Mutter_02
95	139	42	1.61010232314909	2.11684594443409	14.2205600283699	14.4440420241799	sam0015	Mutter_02
96	426	57.5	2.12141661404479	2.62852107816479	14.1523607325549	14.4440420241799	sam0015	Mutter_02
97	1451	78	3.1457291290662	3.6530741550762	13.9463194737699	14.4451245526849	sam0015	Mutter_02
98	2368	133	3.6568028580719	4.1648695697519	13.9380200885649	14.4454853955199	sam0015	Mutter_02
99	2535	83	4.1695605203076	4.6772663891526	13.7217549521073	14.2289796971723	sam0015	Mutter_02
9	91	11	2.12285998538479	2.51990738482979	17.0120401621342	17.5007416416691	sam0015	Mutter_02
132	402	7	4.21979237927976	4.72425066260976	11.352979954355	11.617598033355	sam0016	Mutter_02
133	717	27	4.73122695112047	5.23592579634047	11.353701640025	11.594985215695	sam0016	Mutter_02
134	314	6	3.88637360603906	4.21233496698906	10.8415453825143	11.3441994516693	sam0016	Mutter_02
135	2115	11	4.21822872699476	4.72629543867476	10.8408236968443	11.3481687228543	sam0016	Mutter_02
136	2778	29	4.72990386072547	5.23821113429547	10.8399817302293	11.3492512513593	sam0016	Mutter_02
137	1546	86	5.24121815162117	5.74699952534617	10.9635102592287	11.4504075245887	sam0016	Mutter_02
138	21	14	2.98294344074266	3.18669936157266	10.458691139363	10.893867598373	sam0016	Mutter_02
139	77	5	3.20053166394836	3.69103735765836	10.454721868178	10.950399642523	sam0016	Mutter_02
140	1389	9	3.70763612176906	4.21341749549406	10.3301108106736	10.8367341510136	sam0016	Mutter_02
141	2852	16	4.21810844604976	4.72569403394977	10.3286674393336	10.8352907796736	sam0016	Mutter_02
142	2675	37	4.73038498450547	5.23785029146047	10.3285471583886	10.8366138700686	sam0016	Mutter_02
143	2892	76	5.24121815162117	5.75024711086117	10.452195968333	10.960262680013	sam0016	Mutter_02
144	2286	115	5.75289328535187	6.26083971608687	10.452075687388	10.959781556233	sam0016	Mutter_02
145	971	26	6.26541038569757	6.75784057452757	10.452075687388	10.728842141833	sam0016	Mutter_02
146	64	5	2.69655451069766	3.15638856343266	9.97023022801732	10.4339132709923	sam0016	Mutter_02
147	895	6	3.19872744977336	3.70090039514836	9.94028027271232	10.4470238939973	sam0016	Mutter_02
148	2653	12	3.70607246948406	4.21413918116406	9.81723286749294	10.3250590172829	sam0016	Mutter_02
149	2824	36	4.21822872699476	4.72629543867476	9.81711258654794	10.3252995791729	sam0016	Mutter_02
150	2851	30	4.72954301789047	5.23821113429547	9.81699230560294	10.3255401410629	sam0016	Mutter_02
151	3027	20	5.24145871351117	5.75036739180617	9.94040055365732	10.4484672653373	sam0016	Mutter_02
152	2222	139	5.75361497102187	6.26132083986687	9.94015999176732	10.4475050177773	sam0016	Mutter_02
153	2141	180	6.26541038569757	6.77383794021257	9.93991942987732	10.4485875462823	sam0016	Mutter_02
154	1702	62	6.77768692415327	7.26662896557827	9.94003971082232	10.4414909705273	sam0016	Mutter_02
155	172	9	2.33980123412696	2.67682844201696	9.43197300544162	9.90720301913662	sam0016	Mutter_02
156	643	6	2.68404529241766	3.18790217102266	9.43064991504662	9.93462707459662	sam0016	Mutter_02
157	2575	15	3.19475817858836	3.70210320459836	9.42764289142162	9.93546904121162	sam0016	Mutter_02
158	2617	72	3.70631303137406	4.21377833832906	9.30483604809224	9.81314332166224	sam0016	Mutter_02
159	2705	65	4.21762732226976	4.72665628150976	9.30423464336724	9.81290275977224	sam0016	Mutter_02
160	2653	120	4.72930245600047	5.23845169618547	9.30435492431224	9.81398528827724	sam0016	Mutter_02
161	2223	61	5.24145871351117	5.74952542519117	9.42812401520162	9.93619072688162	sam0016	Mutter_02
162	2208	199	5.75409609480187	6.26144112081187	9.42800373425662	9.93582988404662	sam0016	Mutter_02
163	2075	252	6.26516982380757	6.77431906399257	9.42848485803662	9.93655156971662	sam0016	Mutter_02
164	3101	51	6.77720580037327	7.28635504055827	9.42800373425662	9.93643128877162	sam0016	Mutter_02
165	396	71	7.28960261977397	7.42371587344897	9.42896598181662	9.90251206228162	sam0016	Mutter_02
166	1022	8	2.22312871747696	2.67839209430196	8.91693000525092	9.42259109803092	sam0016	Mutter_02
167	2070	10	2.68175995446266	3.19102947559266	8.91813281470092	9.42379390748092	sam0016	Mutter_02
168	2764	45.5	3.19355536913836	3.70270460932336	8.91644888147092	9.42427503126092	sam0016	Mutter_02
169	2898	38	3.70631303137406	4.21425946210906	8.79316091436154	9.30122762604154	sam0016	Mutter_02
170	2775	34	4.21774760321476	4.72641571961976	8.79304063341654	9.30086678320654	sam0016	Mutter_02
171	2806	46	4.72966329883547	5.23785029146047	8.79412316192154	9.30074650226154	sam0016	Mutter_02
172	2521	82	5.24133843256617	5.74976598708117	8.91644888147092	9.42343306464592	sam0016	Mutter_02
173	2681	157	5.75337440913187	6.26120055892187	8.91572719580092	9.42463587409592	sam0016	Mutter_02
174	2267	142	6.26468870002757	6.77443934493757	8.91668944336092	9.42463587409592	sam0016	Mutter_02
175	2814	67	6.77732608131827	7.28587391677827	8.91596775769092	9.42463587409592	sam0016	Mutter_02
176	1243	67	7.28912149599397	7.79646652200397	8.91632860052592	9.42403446937092	sam0016	Mutter_02
177	1132	16	2.17285128246696	2.67791097052196	8.40465346679522	8.91079568335522	sam0016	Mutter_02
178	2569	17	2.68212079729766	3.18958610425266	8.40405206207022	8.91272017847522	sam0016	Mutter_02
179	2884	24	3.19403649291836	3.70234376648836	8.40525487152022	8.91211877375022	sam0016	Mutter_02
180	2910	18	3.70631303137406	4.21377833832906	8.28220746630084	8.78907136853084	sam0016	Mutter_02
181	2687	12	4.21738676037976	4.72557375300476	8.28184662346584	8.78955249231084	sam0016	Mutter_02
182	2640	13	4.73026470356047	5.23736916768047	8.28124521874084	8.78883080664084	sam0016	Mutter_02
183	3202	32	5.24230068012617	5.74940514424617	8.40429262396022	8.91259989753022	sam0016	Mutter_02
184	2340	123	5.75337440913187	6.26216280648187	8.40489402868522	8.91284045942022	sam0016	Mutter_02
185	1916	224	6.26565094758757	6.77359737832257	8.40417234301522	8.91259989753022	sam0016	Mutter_02
186	2665	181	6.77756664320827	7.28611447866827	8.40429262396022	8.91344186414522	sam0016	Mutter_02
187	2951	76	7.28876065315897	7.79682736483897	8.40429262396022	8.91259989753022	sam0016	Mutter_02
188	237	20	7.80115747255967	8.06637695628467	8.58940499604178	9.07786591368678	sam0016	Mutter_02
189	1344	17	2.17092678734696	2.67827181335696	7.89333917589952	8.40068420190952	sam0016	Mutter_02
190	2697	21	2.68236135918766	3.18922526141766	7.89370001873452	8.40068420190952	sam0016	Mutter_02
191	2678	14	3.19355536913836	3.70126123798336	7.89261749022952	8.40092476379951	sam0016	Mutter_02
192	2615	12	3.70559134570406	4.21425946210906	7.77029177068014	8.27667454913014	sam0016	Mutter_02
193	2788	11	4.21786788415976	4.72545347205977	7.76896868028514	8.27703539196514	sam0016	Mutter_02
194	2511	14	4.73002414167047	5.23736916768047	7.77029177068014	8.27667454913014	sam0016	Mutter_02
195	2010	21	5.24157899445617	5.75024711086117	7.89297833306452	8.40020307812952	sam0016	Mutter_02
196	1914	18	5.75409609480187	6.26180196364687	7.89297833306452	8.39960167340452	sam0016	Mutter_02
197	2132	25	6.26516982380757	6.77395822115757	7.89237692833952	8.40092476379951	sam0016	Mutter_02
198	2534	201	6.77696523848327	7.28503195016327	7.89261749022952	8.40056392096452	sam0016	Mutter_02
199	2744	158.5	7.28912149599397	7.79742876956397	7.89249720928452	8.40044364001951	sam0016	Mutter_02
200	970	58	7.80091691066967	8.28552883807467	8.07712845758608	8.58483432643108	sam0016	Mutter_02
201	158	28	8.31463682046537	8.64240239559037	7.74022153480904	8.22567542882904	sam0016	Mutter_02
202	985	12	2.17838420593696	2.67779068957696	7.38250600878381	7.88756569683881	sam0016	Mutter_02
203	1582	15	2.68320332580266	3.18970638519766	7.38082207555381	7.88804682061881	sam0016	Mutter_02
204	2669	12	3.19343508819336	3.70186264270836	7.38082207555381	7.88804682061881	sam0016	Mutter_02
205	2962	12	3.70619275042906	4.21245524793406	7.25897747978444	7.76572110106944	sam0016	Mutter_02
206	2627	11	4.21798816510476	4.72533319111476	7.25729354655444	7.76499941539944	sam0016	Mutter_02
207	2504	14	4.72930245600047	5.23736916768047	7.25813551316944	7.76560082012444	sam0016	Mutter_02
208	2693	17	5.24206011823617	5.74940514424617	7.38022067082881	7.88816710156381	sam0016	Mutter_02
209	2811	17	5.75337440913187	6.26192224459187	7.38118291838881	7.88852794439881	sam0016	Mutter_02
210	2434	29	6.26529010475257	6.77359737832257	7.37998010893881	7.88888878723381	sam0016	Mutter_02
211	2382	199.5	6.77732608131827	7.28563335488827	7.37998010893881	7.88828738250881	sam0016	Mutter_02
212	2315	206	7.28876065315897	7.79754905050897	7.38010038988381	7.88936991101381	sam0016	Mutter_02
213	1333	76	7.80091691066967	8.30910390329467	7.56485191913038	8.07376059742538	sam0016	Mutter_02
214	246	29	8.31367457290537	8.66573689892037	7.22890724391334	7.73336552724334	sam0016	Mutter_02
215	741	13	2.17224987774196	2.67815153241196	6.86986862749311	7.37396606798811	sam0016	Mutter_02
216	1840	15	2.68163967351766	3.18970638519766	6.86950778465811	7.37637168688811	sam0016	Mutter_02
217	2858	13	3.19379593102836	3.70222348554336	6.86818469426311	7.37721365350311	sam0016	Mutter_02
218	2708	13	3.70535078381406	4.21365805738406	6.74609953660373	7.25404596733873	sam0016	Mutter_02
219	2619	13	4.21762732226976	4.72569403394977	6.74585897471373	7.25296343883373	sam0016	Mutter_02
220	2759	26	4.73038498450547	5.23797057240547	6.74573869376873	7.25356484355873	sam0016	Mutter_02
221	2757	23	5.24121815162117	5.74988626802617	6.86842525615311	7.37613112499811	sam0016	Mutter_02
222	2485	90	5.75349469007687	6.26144112081187	6.86866581804311	7.37685281066811	sam0016	Mutter_02
223	2282	196	6.26661319514757	6.77407850210257	6.86854553709811	7.37697309161311	sam0016	Mutter_02
224	2468	197.5	6.77732608131827	7.28635504055827	6.86806441331811	7.37733393444811	sam0016	Mutter_02
225	2120	158	7.28924177693897	7.79682736483897	6.86794413237311	7.37637168688811	sam0016	Mutter_02
226	1197	76	7.80103719161467	8.30826193667967	7.05365790917968	7.56124349707968	sam0016	Mutter_02
227	106	26	8.31355429196037	8.69664910178537	6.71614958167764	7.22048758406264	sam0016	Mutter_02
228	765	23	2.18042898200196	2.67827181335696	6.35783265092741	6.86289233898241	sam0016	Mutter_02
229	3024	24	2.68272220202266	3.18922526141766	6.35638927958741	6.86481683410241	sam0016	Mutter_02
230	3132	24	3.19427705480836	3.70234376648836	6.35638927958741	6.86445599126741	sam0016	Mutter_02
231	2959	25	3.70595218853906	4.21317693360406	6.23370271720303	6.74116802415803	sam0016	Mutter_02
232	2626	26	4.21762732226976	4.72569403394977	6.23322159342303	6.74188970982803	sam0016	Mutter_02
233	2571	181	4.72954301789047	5.23833141524047	6.23310131247803	6.74188970982803	sam0016	Mutter_02
234	2607	206	5.24157899445617	5.75072823464117	6.35638927958741	6.86517767693741	sam0016	Mutter_02
235	2290	225	5.75301356629687	6.26168168270187	6.35614871769741	6.86457627221241	sam0016	Mutter_02
236	2599	188	6.26516982380757	6.77419878304757	6.35614871769741	6.86577908166241	sam0016	Mutter_02
237	2753	170	6.77708551942827	7.28599419772327	6.35638927958741	6.86517767693741	sam0016	Mutter_02
238	2374	164	7.28912149599397	7.79815045523397	6.35662984147741	6.86493711504741	sam0016	Mutter_02
239	1102	60	7.80139803444967	8.30717940817467	6.54234361828398	7.04992920618398	sam0016	Mutter_02
240	383	23	2.19089342421696	2.67755012768696	5.84603723625171	6.35242001470171	sam0016	Mutter_02
241	1764	26	2.68332360674766	3.19006722803266	5.84579667436171	6.35314170037171	sam0016	Mutter_02
242	2979	40	3.19415677386336	3.70258432837836	5.84387217924171	6.35302141942671	sam0016	Mutter_02
243	3072	71	3.70583190759406	4.21413918116406	5.72347095481233	6.23045513798733	sam0016	Mutter_02
244	2488	91	4.21726647943476	4.72653600056477	5.72178702158233	6.22961317137233	sam0016	Mutter_02
245	2153	122	4.72990386072547	5.23821113429547	5.78529536054233	6.22997401420733	sam0016	Mutter_02
246	2627	79	5.24109787067617	5.75036739180617	5.84411274113171	6.35290113848171	sam0016	Mutter_02
247	2272	92	5.75301356629687	6.26252364931687	5.85301353106171	6.35338226226171	sam0016	Mutter_02
248	2540	41	6.26565094758757	6.77395822115757	5.84603723625171	6.35338226226171	sam0016	Mutter_02
249	2604	48	6.77780720509827	7.28599419772327	5.84531555058171	6.35314170037171	sam0016	Mutter_02
250	1387	68	7.28960261977397	7.79418118404897	5.84663864097671	6.35302141942671	sam0016	Mutter_02
251	273	40	7.80211972011967	8.16188002661467	6.05412326882828	6.53693098205828	sam0016	Mutter_02
252	199	20	2.19053258138196	2.67767040863196	5.34494682568101	5.84098544286101	sam0016	Mutter_02
253	1476	23	2.68248164013266	3.11705669441766	5.33532435008101	5.84026375719101	sam0016	Mutter_02
254	190	21	3.36483543481836	3.70114095703836	5.75281951017601	5.84050431908101	sam0016	Mutter_02
255	310	18	6.26685375703757	6.77275541170757	5.48399159810101	5.84050431908101	sam0016	Mutter_02
256	333	28	6.77828832887827	7.28467110732827	5.50792750615601	5.84086516191601	sam0016	Mutter_02
257	83	22	7.29020402449897	7.55578435105897	5.61136911885601	5.84002319530101	sam0016	Mutter_02
258	521	19	2.68212079729766	2.98354484546766	4.98109697335531	5.32846834251531	sam0016	Mutter_02
131	81	6	3.73951057219406	4.20247192949906	11.367654229645	11.613989605005	sam0016	Mutter_02
258	300	14	2.72097154253266	3.01986969085766	4.82076247367031	4.98013472579531	sam0017	Mutter_02
259	104	21.5	4.12286990137061	4.59822019601061	3.97672854841193	4.25217191246193	sam0017	Mutter_02
260	213	26	4.61193221744131	5.11578909604631	4.03759070582412	4.45364249457912	sam0017	Mutter_02
261	212	31	5.12156257510701	5.62806563450201	4.09893398701631	4.51510605671631	sam0017	Mutter_02
262	151	21	5.63552304679271	6.10654322741271	3.94665831254083	4.43740456814083	sam0017	Mutter_02
263	79	25	6.18123768795841	6.64864944022841	4.03915435810912	4.34154065383912	sam0017	Mutter_02
264	92	28	6.65887331425411	7.14396636543911	4.03807182960412	4.24808235957412	sam0017	Mutter_02
265	119	14	0.307317814475	0.5075855879	3.52579529114842	3.76635718114842	sam0017	Mutter_02
266	1080	24	0.513599628850701	1.0178173502907	3.52471276264342	4.02868992219342	sam0017	Mutter_02
267	183	18	3.0748620401842	3.5731859953192	3.37027203115794	3.79330011472294	sam0017	Mutter_02
268	270	21.5	3.58749942147491	4.09219826669491	3.55610608890951	4.05058105380451	sam0017	Mutter_02
269	365	24	4.09688921725061	4.60483564798561	3.46373032428623	3.96891029328623	sam0017	Mutter_02
270	420	25	4.61024828421131	5.11542825321131	3.52495332453342	4.03133610298342	sam0017	Mutter_02
271	351	24	5.12180313699701	5.62710338694201	3.58629660572561	4.09111573189061	sam0017	Mutter_02
272	348	23	5.63407967545271	6.13841767783771	3.43233699802013	3.93775752891013	sam0017	Mutter_02
273	319	37	6.14503312351341	6.65309983519341	3.52543444831342	4.03013329353342	sam0017	Mutter_02
274	292	43.5	6.65851247141911	7.16248963096911	3.52555472925842	4.03181722676342	sam0017	Mutter_02
275	191	51	7.17042816703981	7.67476616942481	3.52603585303842	4.02484093195342	sam0017	Mutter_02
276	614	25	0.065793676915	0.509630363965	3.01339847174772	3.51930012641772	sam0017	Mutter_02
277	631	19	0.515163281135701	1.0009780179907	3.01363903363772	3.51954068830772	sam0017	Mutter_02
278	13	13	1.0275601005364	1.1033370958864	3.02145729506272	3.19682691287272	sam0017	Mutter_02
279	335	16	2.0962562842628	2.5559700560528	3.01327819080272	3.33130100938272	sam0017	Mutter_02
280	206	17.5	2.5615029732235	3.0617514234785	3.04419039328881	3.49885236538881	sam0017	Mutter_02
281	321	26	3.0741403545142	3.5799217282392	2.85847661648224	3.36437827115224	sam0017	Mutter_02
282	381	28	3.58593576918991	4.0920779857499	3.04527292179381	3.54792699094881	sam0017	Mutter_02
283	1292	21	4.09797174575561	4.60495592893061	2.94989013354553	3.45687431672053	sam0017	Mutter_02
284	1441	18	4.60976716043131	5.11723246738631	3.01207538135272	3.52074349775772	sam0017	Mutter_02
285	966	21	5.12120173227201	5.62782507261201	3.07329838159991	3.58076368855491	sam0017	Mutter_02
286	756	19	5.63251602316771	6.14034217295771	2.92006045956443	3.42752576651943	sam0017	Mutter_02
287	313	39	6.14527368540341	6.64997253062341	3.01303762891272	3.51857844074772	sam0017	Mutter_02
288	170	28	6.66019640464911	7.14781535567911	3.02001392372272	3.51448888861772	sam0017	Mutter_02
289	344	32	7.17271350499481	7.67524729320481	3.01243622418772	3.51581197901272	sam0017	Mutter_02
290	192	17.5	0.35025811184	0.50830727357	2.50256530463202	3.00558021662202	sam0017	Mutter_02
291	622	20	0.513719909795701	1.0196215644657	2.50052052856702	3.00666274512702	sam0017	Mutter_02
292	71	11	1.0270789767564	1.1893379715614	2.51748014181202	2.99908504559202	sam0017	Mutter_02
293	99	17	1.5807321602921	2.0428515509821	2.50509120447702	2.88229224799702	sam0017	Mutter_02
294	225	26	2.0507900870528	2.5548875275478	2.50003940478702	3.00714386890702	sam0017	Mutter_02
295	279	39	2.5637883111785	3.0658409756085	2.53155301199811	3.03769522855811	sam0017	Mutter_02
296	450	16	3.0751026020742	3.5807636948542	2.34764344936654	2.85342482309154	sam0017	Mutter_02
297	1558	24	3.58557492635491	4.09412276181491	2.53071104538311	3.03841691422811	sam0017	Mutter_02
298	3192	65	4.09652837441561	4.60543705271061	2.43785415697983	2.94616143054983	sam0017	Mutter_02
299	3282	67	4.60880491287131	5.11747302927631	2.49991912384202	3.00834667835702	sam0017	Mutter_02
300	2961	52	5.12060032754701	5.62842647733701	2.56210437164921	3.06956967860421	sam0017	Mutter_02
301	2733	43	5.63251602316771	6.14082329673771	2.40850560677873	2.91573035184373	sam0017	Mutter_02
302	1114	20	6.14419115689841	6.65117534007341	2.50040024762202	3.00690330701702	sam0017	Mutter_02
303	294	22.5	6.65706910007911	7.16357215947411	2.49979884289702	3.00714386890702	sam0017	Mutter_02
304	501	34	7.17030788609481	7.67657038359981	2.50088137140202	3.00606134040202	sam0017	Mutter_02
305	407	20	0.038369621455	0.50926952113	1.98884539483632	2.49426592572632	sam0017	Mutter_02
306	733	22	0.513599628850701	1.0025416702757	1.98848455200132	2.49667154462632	sam0017	Mutter_02
307	155	14	1.0274398195914	1.3531606186514	1.99113073279132	2.49065749737632	sam0017	Mutter_02
308	141	30	1.6437593754721	2.0441746413771	1.99028876617632	2.49378480194632	sam0017	Mutter_02
309	268	43	2.0512712108328	2.5501965706928	1.99004820428632	2.49558901612132	sam0017	Mutter_02
310	245	47	2.5647505587385	3.0665626612785	2.02168209244241	2.52662149955241	sam0017	Mutter_02
311	1353	16	3.0737795116792	3.5819665043042	1.83500606807584	2.34042659896584	sam0017	Mutter_02
312	3053	61	3.58509380257491	4.09352135708991	2.01867506881741	2.52770402805741	sam0017	Mutter_02
313	3159	135	4.09664865536061	4.60555733365561	1.92629930419413	2.43508770154413	sam0017	Mutter_02
314	3095	141	4.60820350814631	5.11747302927631	1.98776286633132	2.49643098273632	sam0017	Mutter_02
315	3095	119	5.12035976565701	5.62962928678701	2.04922642846851	2.55837566865351	sam0017	Mutter_02
316	3077	101	5.63191461844271	6.14082329673771	1.89526682076303	2.40345381338803	sam0017	Mutter_02
317	2580	59	6.14467228067841	6.65237814952341	1.98788314727632	2.49655126368132	sam0017	Mutter_02
318	1507	22	6.65658797629911	7.16441412608911	1.98824399011132	2.49510789234132	sam0017	Mutter_02
319	778	55	7.17042816703981	7.66875212217481	1.98824399011132	2.49558901612132	sam0017	Mutter_02
320	283	19	0.002766461735	0.509389802075	1.65085594568561	1.98222994916061	sam0017	Mutter_02
321	964	27	0.514080752630701	1.0208243739157	1.47849335150061	1.98319219672061	sam0017	Mutter_02
322	292	25	1.0262370101414	1.3730069745764	1.47680941827061	1.98078657782061	sam0017	Mutter_02
323	51	39	1.8251430405321	2.0420095843671	1.63774532268061	1.98198938727061	sam0017	Mutter_02
324	232	41.5	2.0653440813978	2.5563308988878	1.47825278961061	1.98247051105061	sam0017	Mutter_02
325	277	40	2.5613826922785	3.0678857516735	1.50916499209671	2.01217990408671	sam0017	Mutter_02
326	1198	16	3.0790718732592	3.5813650995792	1.32357149623514	1.82983399374014	sam0017	Mutter_02
327	3135	63	3.58497352162991	4.09412276181491	1.50639853036171	2.01530720865671	sam0017	Mutter_02
328	3087	150	4.09652837441561	4.60543705271061	1.41438360857342	1.92281116308842	sam0017	Mutter_02
329	3170	179	4.60820350814631	5.11723246738631	1.47596745165561	1.98451528711561	sam0017	Mutter_02
330	3073	154	5.12072060849201	5.62878732017201	1.5374310137928	2.0462194111428	sam0017	Mutter_02
331	3079	151	5.63323770883771	6.14106385862771	1.38371196797733	1.89213952249233	sam0017	Mutter_02
332	2725	88	6.14479256162341	6.65285927330341	1.47536604693061	1.98439500617061	sam0017	Mutter_02
333	2584	28	6.65670825724411	7.16477496892411	1.47620801354561	1.98427472522561	sam0017	Mutter_02
334	892	63	7.16790226719481	7.67596897887481	1.48270318457561	1.98415444428061	sam0017	Mutter_02
335	509	21	0.606336237445701	1.0214257786407	0.990874406769913	1.47091565826491	sam0017	Mutter_02
336	480	36	1.0262370101414	1.3734880983564	0.965855970209913	1.47103593920991	sam0017	Mutter_02
337	197	50	2.1316188820928	2.5562106179428	0.967539903439913	1.46778835369491	sam0017	Mutter_02
338	342	41.5	2.5613826922785	3.0683668754535	0.996407329861007	1.50230898453101	sam0017	Mutter_02
339	618	13	3.0734186688442	3.5806434139092	0.812257205339439	1.31791829811944	sam0017	Mutter_02
340	3195	59	3.58473295973991	4.0931605142549	0.995565363246007	1.50327123209101	sam0017	Mutter_02
341	3045	153	4.09664865536061	4.60531677176561	0.902227351062723	1.41089546746772	sam0017	Mutter_02
342	3090	185	4.60832378909131	5.11759331022131	0.964292317924913	1.47235902960491	sam0017	Mutter_02
343	3122	150	5.12084088943701	5.62926844395201	1.0258761610071	1.5343037155221	sam0017	Mutter_02
344	2976	155	5.63263630411271	6.14082329673771	0.871555710466628	1.38058466970663	sam0017	Mutter_02
345	2827	80	6.14395059500841	6.65285927330341	0.964412598869913	1.47235902960491	sam0017	Mutter_02
346	2665	40	6.65646769535411	7.16549665459411	0.964412598869913	1.47211846771491	sam0017	Mutter_02
347	87	35	2.0981807793828	2.5564511798328	0.457668983884212	0.957917434139212	sam0017	Mutter_02
348	270	44.5	2.5630666255085	3.0659612565535	0.486897253140307	0.988589074735307	sam0017	Mutter_02
349	268	31	3.0758242877442	3.5793203235142	0.298657576488738	0.799146588633738	sam0017	Mutter_02
350	2347	45	3.58593576918991	4.09364163803491	0.483890229515307	0.990874412690307	sam0017	Mutter_02
351	3076	107	4.09640809347061	4.60495592893061	0.390431936387022	0.899220333737022	sam0017	Mutter_02
352	2924	176	4.60832378909131	5.11759331022131	0.451775217579212	0.961165019654212	sam0017	Mutter_02
353	3124	119	5.12060032754701	5.62962928678701	0.514321308221402	1.0225083008464	sam0017	Mutter_02
354	2929	106	5.63239574222271	6.14130442051771	0.359279172010928	0.868428412195928	sam0017	Mutter_02
355	2755	71	6.14443171878841	6.65273899235841	0.452256341359212	0.960924457764212	sam0017	Mutter_02
356	2230	41	6.65646769535411	7.16453440703411	0.453459150809212	0.960683895874212	sam0017	Mutter_02
357	170	17	2.5636680302335	3.0573010285135	-0.0244170377553941	0.476312536279606	sam0017	Mutter_02
358	252	23	3.0761851305792	3.5783580759542	-0.130745390861963	0.292643535538037	sam0017	Mutter_02
359	737	17	3.58545464540991	4.09364163803491	-0.0254995662603941	0.479319559904606	sam0017	Mutter_02
360	1467	23	4.09725006008561	4.60579789554561	-0.114748026313678	0.387424919061322	sam0017	Mutter_02
361	2328	74	4.60856435098131	5.11687162455131	-0.0502774405514889	0.448647919308511	sam0017	Mutter_02
362	2554	60	5.12084088943701	5.62926844395201	0.00204476976570067	0.510712886170701	sam0017	Mutter_02
363	2003	46	5.63251602316771	6.14082329673771	-0.119438982789773	0.355791030905227	sam0017	Mutter_02
364	1362	35	6.14491284256841	6.65225786857841	0.0543669815985112	0.447926233638511	sam0017	Mutter_02
365	376	54	5.12288566550201	5.62794535355701	-0.12821948737	-0.002044776065	sam0017	Mutter_02
366	280	21	2.76126565910766	3.10647197125766	4.55975282931961	4.81595124216961	sam0017	Mutter_02
100	75	14	3.29603520297901	3.78425555873401	17.5027087809266	17.9680757571316	sam0018	Mutter_02
101	386	12	9.91319452210488	10.4157283103149	13.5733291568671	14.0480780467821	sam0018	Mutter_02
10	119	18	5.9434187697958	6.4452308723358	17.7730525181155	18.2725792827006	sam0018	Mutter_02
11	75	14	6.4590631747115	6.8314529804315	17.7724511133906	18.2705345066356	sam0018	Mutter_02
12	72	16	3.93123886608799	4.40129679914799	17.2641438461198	17.6181306672548	sam0018	Mutter_02
13	425	26	4.41296404451369	4.91297193287869	17.2580095179248	17.7625880821998	sam0018	Mutter_02
14	1144	40	4.91850485004939	5.42633099983939	17.2576486750898	17.7636706107048	sam0018	Mutter_02
15	1088	31	5.4301799837801	5.93668304317509	17.2580095179248	17.7553712254998	sam0018	Mutter_02
16	503	20	5.9431782079058	6.4424644106008	17.2595731702098	17.7653545439348	sam0018	Mutter_02
17	92	28.5	6.4550939035265	6.9419911688865	17.2607759796598	17.7635503297599	sam0018	Mutter_02
19	122	16	2.99701677887159	3.37638287940159	16.7474169126992	17.1852395524992	sam0018	Mutter_02
1	58	14	5.9708428252558	6.4488393006858	18.838501116327	19.291599436142	sam0018	Mutter_02
20	59	15	3.38492282019729	3.88048031359729	16.7470560698641	17.1928172520341	sam0018	Mutter_02
21	933	19	3.89647767298299	4.40201848481799	16.7465749460841	17.2471842391741	sam0018	Mutter_02
22	2628	81	4.40719055915369	4.91501670894369	16.7457329794691	17.2544010958741	sam0018	Mutter_02
23	2260	123.5	4.91886569288439	5.42633099983939	16.7459735413591	17.2546416577641	sam0018	Mutter_02
24	2684	131	5.42993942189009	5.9392089430201	16.7451315747441	17.2548822196541	sam0018	Mutter_02
25	2475	78	5.9420956794008	6.4506435148608	16.7463343841941	17.2545213768191	sam0018	Mutter_02
26	541	25	6.4544924988015	6.9614766819765	16.7466952270291	17.2534388483142	sam0018	Mutter_02
27	31	11	1.99772270041019	2.34304929350519	16.2955214086335	16.7397189385184	sam0018	Mutter_02
28	77	12	2.35976833856089	2.86530915039589	16.2905898898884	16.7388769719035	sam0018	Mutter_02
29	185	17	2.87312740552159	3.37530035089659	16.2370648693635	16.7418839955284	sam0018	Mutter_02
2	1	9	4.82636965247869	4.82636965247869	18.3494388002562	18.3494388002562	sam0018	Mutter_02
30	653	15	3.39719147658729	3.89046363203229	16.2348998123534	16.7386364100134	sam0018	Mutter_02
31	3021	61	3.89419233502799	4.40237932765299	16.2341781266834	16.7432070859234	sam0018	Mutter_02
32	3178	158	4.40586746875869	4.91501670894369	16.2346592504634	16.7429665240334	sam0018	Mutter_02
33	2865	214	4.91814400721439	5.42645128078439	16.2341781266834	16.7429665240334	sam0018	Mutter_02
34	2837	222	5.42969886000009	5.93908866207509	16.2340578457384	16.7428462430884	sam0018	Mutter_02
35	2898	147	5.9419753984558	6.4505232339158	16.2340578457384	16.7432070859234	sam0018	Mutter_02
36	1161	57	6.4536505321865	6.9546206681115	16.2340578457384	16.7424854002534	sam0018	Mutter_02
37	10	8	2.3722775575987	2.7997560361287	15.8189683108427	16.1753607508777	sam0018	Mutter_02
38	92	19	2.8138289003944	3.3115514508044	15.7253897356327	16.2167373959577	sam0018	Mutter_02
39	1662	21	3.3243012246751	3.8299623174551	15.7223827120077	16.2305697046327	sam0018	Mutter_02
3	3	9	5.03505708575439	5.04395787568439	18.2981991176863	18.3116705835263	sam0018	Mutter_02
40	3282	110	3.8333301776158	4.3418780130758	15.7220218691727	16.2308102665227	sam0018	Mutter_02
41	3118	171	4.3445241875665	4.8527111801915	15.7222624310627	16.2303291427427	sam0018	Mutter_02
42	3013	222	4.8563196022422	5.3653485614822	15.7221421501177	16.2310508284127	sam0018	Mutter_02
43	2798	223	5.36859614069791	5.87714397615791	15.7227435548427	16.2310508284127	sam0018	Mutter_02
44	2942	212.5	5.88111324104361	6.38905967177861	15.7222624310627	16.2308102665227	sam0018	Mutter_02
45	2003	96	6.39206668910431	6.79777431658931	15.7223827120077	16.2315319521927	sam0018	Mutter_02
46	55	15	2.33078063271042	2.70822223812042	15.214195725682	15.604146549372	sam0018	Mutter_02
47	280	20.5	2.71952864065112	3.22266383358612	15.211068421112	15.714083333102	sam0018	Mutter_02
48	1545	33	3.22964012209682	3.73734599094182	15.211068421112	15.718413447122	sam0018	Mutter_02
49	3354	106	3.74035300826752	4.24962252939752	15.210467016387	15.719135132792	sam0018	Mutter_02
4	34	15.5	5.44545566379509	5.81952940274509	18.2852087756263	18.5059243097013	sam0018	Mutter_02
50	3252	139	4.25202814199822	4.76117738218322	15.210587297332	15.719135132792	sam0018	Mutter_02
51	3000	171	4.76442496139892	5.27297279685892	15.210346735442	15.718894570902	sam0018	Mutter_02
52	2919	200	5.27658121890962	5.78536961625962	15.210467016387	15.719135132792	sam0018	Mutter_02
53	2900	193	5.78801579075032	6.29644334526532	15.210587297332	15.719255413737	sam0018	Mutter_02
54	1876	105	6.29945036259102	6.76253200084102	15.210467016387	15.719135132792	sam0018	Mutter_02
55	66	12	2.24081048547151	2.73961556438651	14.7003555349413	15.2028893231513	sam0018	Mutter_02
56	320	31	2.74887719085221	3.25513968835721	14.7009569396663	15.2043326944913	sam0018	Mutter_02
57	801	20	3.26127401025291	3.76801763153791	14.7009569396663	15.2068585943363	sam0018	Mutter_02
58	3085	92	3.77126521075361	4.27981304621361	14.6987918826563	15.2077005609513	sam0018	Mutter_02
59	3051	148	4.28282006353931	4.79148817994431	14.6983107588763	15.2070991562263	sam0018	Mutter_02
5	34	9.5	5.9445012983008	6.4395776679208	18.2915836657113	18.7615213178262	sam0018	Mutter_02
60	2764	188.5	4.79461547821502	5.30376471840001	14.6983107588763	15.2073397181163	sam0018	Mutter_02
61	2722	177	5.30725285950572	5.81543985213072	14.6984310398213	15.2074599990613	sam0018	Mutter_02
62	2859	126	5.81892799323642	6.32699470491642	14.6985513207663	15.2066180324463	sam0018	Mutter_02
63	469	25	6.33036256507712	6.82471724902712	14.7033625585663	15.2074599990613	sam0018	Mutter_02
64	74	13.5	6.85851618827282	7.34336867756782	14.7396874039563	15.2055355039413	sam0018	Mutter_02
65	39	15	2.38586930362589	2.86579027417589	14.1883195583756	14.6776224426356	sam0018	Mutter_02
66	274	42	2.87108262945659	3.37782625074159	14.1877181536506	14.6945820558806	sam0018	Mutter_02
67	362	25	3.38372001074729	3.88625379895729	14.1877181536506	14.6936198083206	sam0018	Mutter_02
68	1708	44	3.89671823487299	4.40237932765299	14.1867559060906	14.6950631796606	sam0018	Mutter_02
69	2988	107.5	4.40670943537369	4.91513698988869	14.1878384345956	14.6951834606056	sam0018	Mutter_02
6	34	14.5	6.4561764320315	6.7850245356615	18.2903808562612	18.7792026167412	sam0018	Mutter_02
70	2954	121.5	4.91778316437939	5.42621071889439	14.1869964679806	14.6949428987156	sam0018	Mutter_02
71	2142	66	5.4295785790551	5.93848725735009	14.1884398393206	14.6950631796606	sam0018	Mutter_02
72	467	22	5.9423362412908	6.4405399154808	14.2159841757256	14.6951834606056	sam0018	Mutter_02
73	23	8	6.4584617699865	6.7485794093265	14.2069631048506	14.6883274467406	sam0018	Mutter_02
74	80	19.5	2.77365506590112	3.22254355264112	13.7427989443949	14.1803810223049	sam0018	Mutter_02
75	281	33	3.22988068398682	3.73494037204182	13.6758024580299	14.1826663602599	sam0018	Mutter_02
76	325	29	3.74119497488252	4.24757775333252	13.6765241436999	14.1824257983699	sam0018	Mutter_02
77	431	20	4.25419319900822	4.75961372989822	13.6747199295249	14.1823055174249	sam0018	Mutter_02
78	540	20	4.76502636612392	5.27176998740892	13.6755618961399	14.1831474840399	sam0018	Mutter_02
79	304	13	5.27634065701962	5.77815275955962	13.6777269531499	14.1819446745899	sam0018	Mutter_02
7	12	7.5	4.41633191097369	4.91068659492369	17.7732930800055	18.2687302924606	sam0018	Mutter_02
80	54	11	5.79114309532032	6.27599558461532	13.7702229998549	14.1808621460849	sam0018	Mutter_02
81	23	9	6.30065317204102	6.76084806761102	13.6836207194549	14.1572870808649	sam0018	Mutter_02
82	23	11	6.82339415271172	7.17016411714672	13.6778472340949	13.9820377439999	sam0018	Mutter_02
83	71	16	2.74358482965112	3.21604838161112	13.1654504146942	13.6618498747092	sam0018	Mutter_02
84	178	24	3.23108349343682	3.73542149582182	13.1666532241442	13.6705101027492	sam0018	Mutter_02
85	317	30	3.74239778433252	4.24745747238752	13.1640070433542	13.6703898218042	sam0018	Mutter_02
86	375	31	4.25395263711822	4.75973401084322	13.1632853576842	13.6709912265292	sam0018	Mutter_02
87	237	23	4.76538720895892	5.26695874960892	13.1672546288692	13.6701492599142	sam0018	Mutter_02
88	15	11	5.28307638993962	5.66508867125962	13.1952800890542	13.6109710349742	sam0018	Mutter_02
89	7	10	5.80353203265532	6.12997451738532	13.1751931712392	13.6573994797442	sam0018	Mutter_02
8	147	17	4.92187271650939	5.42597015700439	17.7711280229955	18.2740226540405	sam0018	Mutter_02
90	29	10	6.44438890131602	6.79645122733102	13.1684574383192	13.6654583030592	sam0018	Mutter_02
91	44	17	6.81292971049672	7.20420362458172	13.1672546288692	13.6634135269942	sam0018	Mutter_02
92	79	10	3.06401326296316	3.56113440864816	12.6808384935885	13.1585944071285	sam0018	Mutter_02
93	137	25	3.57027575416886	4.07497459938886	12.6560606189185	13.1570307548435	sam0018	Mutter_02
94	274	27	4.08122920222956	4.58039512397956	12.6529333143485	13.1588349690185	sam0018	Mutter_02
95	198	18	4.59350574068526	5.09820458590526	12.6787937175235	13.1524600789335	sam0018	Mutter_02
96	108	19	5.10385778402096	5.60446707711096	12.6977981068335	13.1558279453935	sam0018	Mutter_02
97	60	14	5.61866022232166	6.03783931564666	12.7000834447885	13.1582335642935	sam0018	Mutter_02
98	472	9	10.093231602278	10.575437910783	14.2626421448246	14.7569968287746	sam0018	Mutter_02
99	106	16	2.77966911239331	3.28148121493331	17.5719906052466	17.7929467012116	sam0018	Mutter_02
9	213	18	5.43138279323009	5.93535995278009	17.7730525181155	18.2552588266205	sam0018	Mutter_02
102	463	29	2.5706443250435	3.0687277182885	11.851465865188	12.030684473238	sam0019	Mutter_02
103	263	37	3.0740200735692	3.3340674766592	11.849902212903	12.023948740318	sam0019	Mutter_02
104	210	32	1.7000508577321	2.0448963270471	11.3396704505123	11.6327951134773	sam0019	Mutter_02
105	1015	39	2.0506698061078	2.5571728655028	11.3382270791723	11.8432867672273	sam0019	Mutter_02
106	711	26	2.5616232541685	3.0675249088385	11.3391893267323	11.8459329480173	sam0019	Mutter_02
107	596	35	3.0740200735692	3.5812448186342	11.3412341027973	11.8453315432923	sam0019	Mutter_02
108	193	58	3.5861763310799	3.8790604321549	11.0309092684864	11.5060190012364	sam0019	Mutter_02
109	82	17.5	5.26974869934701	5.62842647733701	11.3437600026423	11.8270488396523	sam0019	Mutter_02
110	127	21	5.63456079923271	5.92443787668271	11.4321664960806	11.9107643762356	sam0019	Mutter_02
111	235	36	1.2062975848064	1.5341834408764	10.8273939120566	11.2879496504616	sam0019	Mutter_02
112	1245	35	1.5377918629271	2.0452571698821	10.8254694169366	11.3326941620016	sam0019	Mutter_02
113	2599	75	2.0486250300428	2.5571728655028	10.8253491359916	11.3344983761766	sam0019	Mutter_02
114	2269	79	2.5606610066085	3.0688479992335	10.8258302597716	11.3347389380666	sam0019	Mutter_02
115	659	21	3.0732983878992	3.5779972331192	10.8265519454416	11.3295668574316	sam0019	Mutter_02
116	600	35	3.5853343644649	4.0914765810249	10.5186327300307	11.0252560703707	sam0019	Mutter_02
117	239	29	5.12228426077701	5.62361523953701	10.8269127882766	11.3132086489116	sam0019	Mutter_02
118	265	20	5.63263630411271	6.05494270200771	10.9196493957349	11.4247090837899	sam0019	Mutter_02
119	949	31	1.0263572910864	1.5338225980414	10.3145159688759	10.8210190282709	sam0019	Mutter_02
120	2868	109	1.5371904582021	2.0459788555521	10.3137942832059	10.8224623996109	sam0019	Mutter_02
121	3024	220	2.0489858728778	2.5577742702278	10.3139145641509	10.8225826805559	sam0019	Mutter_02
122	2500	99	2.5613826922785	3.0694494039585	10.3139145641509	10.8227029615009	sam0019	Mutter_02
123	1795	60	3.0735389497892	3.5804028520192	10.3139145641509	10.8202973426009	sam0019	Mutter_02
124	2395	81	3.5847329597399	4.0926793904749	10.00527366307	10.51358093664	sam0019	Mutter_02
125	436	33	4.0972500600856	4.6047153670406	10.2849268567848	10.7907082305098	sam0019	Mutter_02
126	237	50	4.61024828421131	5.11627021982631	10.3153579354909	10.8175308808659	sam0019	Mutter_02
127	367	26	5.12252482266701	5.62758451072201	10.3177635543909	10.8218609948859	sam0019	Mutter_02
128	267	26	5.63383911356271	6.04291460750771	10.4068917334992	10.9129136691142	sam0019	Mutter_02
129	162	47	0.877569768420701	1.0204635310807	9.90315514213851	10.3882481933235	sam0019	Mutter_02
130	1663	56	1.0265978529764	1.5332211933164	9.80235971136523	10.3104264230452	sam0019	Mutter_02
131	3006	236	1.5365890534771	2.0462194174421	9.80175830664023	10.3105467039902	sam0019	Mutter_02
132	2925	270	2.0493467157128	2.5580148321178	9.80139746380523	10.3105467039902	sam0019	Mutter_02
133	3151	199	2.5611421303885	3.0701710896285	9.80175830664023	10.3105467039902	sam0019	Mutter_02
134	3263	212	3.0726969831742	3.5819665043042	9.80127718286023	10.3104264230452	sam0019	Mutter_02
135	3321	180	3.5844923978499	4.0938821999249	9.49419993406428	10.0029883314143	sam0019	Mutter_02
136	1033	26	4.0966486553606	4.6039936813706	9.77313144210913	10.2779505682741	sam0019	Mutter_02
137	383	29	4.60940631759631	5.11602965793631	9.80308139703522	10.3095844564302	sam0019	Mutter_02
138	305	30	5.12156257510701	5.62662226316201	9.80296111609023	10.3092236135952	sam0019	Mutter_02
139	309	27	5.63347827072771	6.08152479085271	9.89678025205351	10.4014790972735	sam0019	Mutter_02
140	63	24	6.14635621390841	6.42023592567341	9.66968983130366	9.95343258055866	sam0019	Mutter_02
141	172	21.5	0.841485484920701	1.0210649358057	9.38390230887281	9.88799974936781	sam0019	Mutter_02
142	1766	57	1.0261167291964	1.5341834408764	9.28996289196452	9.79778904175453	sam0019	Mutter_02
143	3201	224	1.5370701772571	2.0458585746071	9.28996289196452	9.79839044647952	sam0019	Mutter_02
144	3048	239	2.0491061538228	2.5576539892828	9.28972233007453	9.79875128931453	sam0019	Mutter_02
145	3036	246.5	2.5609015684985	3.0695696849035	9.28984261101952	9.79827016553453	sam0019	Mutter_02
146	3084	272	3.0730578260092	3.5813650995792	9.28996289196452	9.79790932269952	sam0019	Mutter_02
147	1942	121.5	3.5844923978499	4.0921982666949	8.98360732883858	9.49059151201358	sam0019	Mutter_02
148	740	25	4.0966486553606	4.6044748051506	9.26085490365343	9.76711740115843	sam0019	Mutter_02
149	214	21	4.6086846319263	5.11687162455131	9.29152654424952	9.79598482757952	sam0019	Mutter_02
150	419	45	5.12096117038201	5.62578029654701	9.29176710613952	9.79646595135952	sam0019	Mutter_02
151	189	15	5.63383911356271	6.13962048728771	9.39436675108781	9.88896199692781	sam0019	Mutter_02
152	196	27	0.597796290350701	1.0197418454107	8.87138520852711	9.37728686319711	sam0019	Mutter_02
153	1323	29	1.0261167291964	1.5341834408764	8.77828775823382	9.28587334613382	sam0019	Mutter_02
154	3424	142	1.5371904582021	2.0458585746071	8.77816747728882	9.28695587463882	sam0019	Mutter_02
155	2944	170	2.0486250300428	2.5575337083378	8.77864860106882	9.28635446991382	sam0019	Mutter_02
156	2614	158	2.5607812875535	3.0696899658485	8.77888916295883	9.28719643652882	sam0019	Mutter_02
157	2169	171	3.0726969831742	3.5817259424142	8.77925000579382	9.28659503180382	sam0019	Mutter_02
158	512	31	3.5858154882449	4.0849814099949	8.47084966660288	8.97795413072288	sam0019	Mutter_02
159	285	18	4.0978514648106	4.6043545242056	8.74857836519773	9.25363805325273	sam0019	Mutter_02
160	481	50	4.61036856515631	5.11578909604631	8.77900944390382	9.28310688439882	sam0019	Mutter_02
161	111	26	0.001804214175	0.50590165467	8.14585055723874	8.60809022887374	sam0019	Mutter_02
162	368	39	0.514802438300701	1.0203432501357	8.35995063668641	8.86464948190641	sam0019	Mutter_02
163	2056	39	1.0261167291964	1.5327400695364	8.26589093883312	8.77455905523812	sam0019	Mutter_02
164	2492	79	1.5370701772571	2.0462194174421	8.26613150072312	8.77479961712812	sam0019	Mutter_02
165	2479	98	2.0494669966578	2.5574134273928	8.26589093883312	8.77467933618312	sam0019	Mutter_02
166	2140	57	2.5610218494435	3.0696899658485	8.26565037694312	8.77431849334812	sam0019	Mutter_02
167	1282	28	3.0731781069542	3.5800420091842	8.26589093883312	8.77431849334812	sam0019	Mutter_02
168	430	28	3.5860560501349	4.0911157381899	7.96049762326718	8.46627899699218	sam0019	Mutter_02
169	429	14	4.0994151170956	4.6025503100306	8.23618154579703	8.74232376235703	sam0019	Mutter_02
170	307	37	4.61000772232131	4.94102088296131	8.26793571489812	8.77455905523812	sam0019	Mutter_02
171	271	31	0.004931518745	0.507465306955	7.63189008555304	8.13610780699304	sam0019	Mutter_02
172	612	23	0.514201033575701	1.0207040929707	7.84719297445071	8.35345547195571	sam0019	Mutter_02
173	1201	22	1.0259964482514	1.5340631599314	7.75553889549742	8.26228251678242	sam0019	Mutter_02
174	2939	86	1.5375513010371	2.0459788555521	7.75457664793742	8.26288392150742	sam0019	Mutter_02
175	3132	109	2.0489858728778	2.5577742702278	7.75445636699242	8.26276364056242	sam0019	Mutter_02
176	2896	125.5	2.5609015684985	3.0699305277385	7.75409552415742	8.26264335961742	sam0019	Mutter_02
177	2131	78	3.0729375450642	3.5802825710742	7.75445636699242	8.26228251678242	sam0019	Mutter_02
178	511	25	3.5855749263549	4.0920779857499	7.45050642276648	7.95364161570148	sam0019	Mutter_02
179	780	39	4.0977311838656	4.6045950860956	7.72414556923133	8.23052834768133	sam0019	Mutter_02
180	243	61	4.60928603665131	4.84299191278631	7.82277594375242	8.26083914544242	sam0019	Mutter_02
181	272	34	0.011186127885	0.506984183175	7.12069607560234	7.62611660649234	sam0019	Mutter_02
182	503	33	0.515163281135701	1.0199824073007	7.33527727883001	7.84238174295001	sam0019	Mutter_02
183	1039	22	1.0270789767564	1.5337023170964	7.24350291893172	7.75012625927172	sam0019	Mutter_02
184	2462	77	1.5371904582021	2.0457382936621	7.24290151420672	7.75048710210672	sam0019	Mutter_02
185	2963	135	2.0493467157128	2.5576539892828	7.24266095231672	7.75048710210672	sam0019	Mutter_02
186	3013	164	2.5612624113335	3.0702913705735	7.24181898570172	7.75120878777672	sam0019	Mutter_02
187	2373	108	3.0729375450642	3.5806434139092	7.24157842381172	7.75084794494172	sam0019	Mutter_02
188	442	32	3.5849735216299	4.0930402333099	7.00378299933577	7.44196648197077	sam0019	Mutter_02
189	730	43	4.0967689363056	4.6045950860956	7.21379352589563	7.71933433773063	sam0019	Mutter_02
190	88	75.5	4.61048884610131	5.09293571649631	7.29570484906172	7.64680492751672	sam0019	Mutter_02
191	164	21.5	0.08491834717	0.50830727357	6.61130627982664	7.11468203465164	sam0019	Mutter_02
192	430	29.5	0.515043000190701	1.0197418454107	6.82588748305431	7.32998492354931	sam0019	Mutter_02
193	566	22	1.0251544816364	1.5310561363064	6.73254947087102	7.23772943987102	sam0019	Mutter_02
194	1935	65	1.5381527057621	2.0464599793321	6.73062497575102	7.23857140648602	sam0019	Mutter_02
195	2810	154	2.0488655919328	2.5575337083378	6.73074525669602	7.23917281121102	sam0019	Mutter_02
196	2809	144	2.5612624113335	3.0698102467935	6.73062497575102	7.23917281121102	sam0019	Mutter_02
197	1058	59	3.0729375450642	3.5804028520192	6.73158722331102	7.23833084459602	sam0019	Mutter_02
198	329	46	4.0971297791406	4.5756073783506	6.70091558271493	7.20777948494493	sam0019	Mutter_02
199	323	30	0.514802438300701	1.0209446548607	6.3546267468436	6.81794894698361	sam0019	Mutter_02
200	406	23	1.0274398195914	1.5312966981964	6.26573912962532	6.72545290141532	sam0019	Mutter_02
201	646	20	1.5405583246621	2.0453774508271	6.25238794473032	6.72653542992032	sam0019	Mutter_02
202	1006	36	2.0495872776028	2.5563308988878	6.22448276549032	6.72641514897532	sam0019	Mutter_02
203	681	32	2.5616232541685	3.0683668754535	6.34981551018032	6.72665571086532	sam0019	Mutter_02
204	239	51	3.0736592307342	3.3890358685242	6.32696213063032	6.72665571086532	sam0019	Mutter_02
205	291	30	3.58559888878958	4.07117306375458	3.5854546391106	3.6694107387206	sam0020	Mutter_02
206	1384	86	3.06057257016388	3.56851900089888	3.0730578197099	3.5188190018799	sam0020	Mutter_02
207	2256	54.5	3.57212742294958	4.08043469651958	3.0734186625449	3.5820867789499	sam0020	Mutter_02
208	1732	89	4.08428368046028	4.59138814458028	3.25853103462647	3.67650731850147	sam0020	Mutter_02
209	1481	62	4.59583853324598	5.10270243547598	3.25817019179147	3.65978826714647	sam0020	Mutter_02
210	420	18	5.10859619548168	5.61341532164668	3.19610522492928	3.46180583243428	sam0020	Mutter_02
211	156	60	5.62099301488238	5.98640652579238	3.0738997863249	3.2446987282249	sam0020	Mutter_02
212	111	17	2.82121349591318	3.05612218149818	2.5625854954292	3.0541737176442	sam0020	Mutter_02
213	2855	55	3.06045228921888	3.56815815806388	2.5616232478692	3.0702913642742	sam0020	Mutter_02
214	3252	98.5	3.57140573727958	4.08055497746458	2.5610218431442	3.0702913642742	sam0020	Mutter_02
215	3159	57	4.08380255668028	4.59186926836028	2.74661533900577	3.25456176974077	sam0020	Mutter_02
216	3221	58	4.59619937608098	5.10474721154098	2.74625449617077	3.25432120785077	sam0020	Mutter_02
217	2673	43	5.10787450981168	5.61546009771168	2.68406924836358	3.19285764571358	sam0020	Mutter_02
218	1544	24	5.62015104826738	6.12557157915738	2.5613826859792	3.0698102404942	sam0020	Mutter_02
219	656	48	6.13278842955808	6.63881036517308	2.5627057763742	3.0013703827892	sam0020	Mutter_02
220	206	26.5	6.64338103478378	7.02382966381878	2.5627057763742	2.7511860171892	sam0020	Mutter_02
221	806	26.5	2.64019067368818	3.05648302433318	2.0521131711485	2.5569322973135	sam0020	Mutter_02
222	3189	107	3.06021172732888	3.56863928184388	2.0494669903585	2.5580148258185	sam0020	Mutter_02
223	3102	176	3.57188686105958	4.08007385368458	2.0493467094135	2.5580148258185	sam0020	Mutter_02
224	3268	164.5	4.08440396140528	4.59283151592028	2.23373739582507	2.74288663601007	sam0020	Mutter_02
225	3201	159	4.59583853324598	5.10462693059598	2.23457936244007	2.74276635506507	sam0020	Mutter_02
226	2927	133	5.10787450981168	5.61618178338168	2.17299551935788	2.68118251198288	sam0020	Mutter_02
227	2882	43	5.61966992448738	6.12677438860738	2.0493467094135	2.5582553877085	sam0020	Mutter_02
228	467	22	6.13158562010808	6.63423968926308	2.0494669903585	2.5564511735335	sam0020	Mutter_02
229	510	38	6.64458384423378	7.14940297039878	2.0504292379185	2.5570525782585	sam0020	Mutter_02
230	218	26	7.15698066363448	7.61284544518448	2.0513914854785	2.4931833964635	sam0020	Mutter_02
231	766	23	2.70033114618818	3.05612218149818	1.5393555089128	2.0441746350778	sam0020	Mutter_02
232	3346	120	3.05997116543888	3.56863928184388	1.5379121375728	2.0457382873628	sam0020	Mutter_02
233	3354	154	3.57176658011458	4.08055497746458	1.5375512947378	2.0464599730328	sam0020	Mutter_02
234	3110	153	4.08332143290028	4.59319235875528	1.72194198114937	2.23121150227937	sam0020	Mutter_02
235	3119	191	4.59631965702598	5.10438636870598	1.72218254303937	2.23109122133437	sam0020	Mutter_02
236	2969	187	5.10823535264668	5.61582094054668	1.66059869995718	2.16914653541718	sam0020	Mutter_02
237	3173	80	5.61942936259738	6.12809747900238	1.5380324185178	2.0457382873628	sam0020	Mutter_02
238	735	18	6.13110449632808	6.63808867950308	1.5376715756828	2.0447760398028	sam0020	Mutter_02
239	392	30	6.64614749651878	7.12282088155378	1.5400771945828	2.0423704209028	sam0020	Mutter_02
240	121	25	7.18656977610448	7.66011585656948	1.8074617353178	2.0447760398028	sam0020	Mutter_02
241	455	23	2.72342508762818	3.05624246244318	1.0298454321921	1.5343037155221	sam0020	Mutter_02
242	3158	98	3.05961032260388	3.56887984373388	1.0264775657321	1.5344239964671	sam0020	Mutter_02
243	3297	167	3.57116517538958	4.08091582029958	1.0255153181721	1.5341834345771	sam0020	Mutter_02
244	3026	162	4.08356199479028	4.59271123497528	1.21014656647367	1.71917552571367	sam0020	Mutter_02
245	2847	214	4.59583853324598	5.10474721154098	1.21098853308867	1.71905524476867	sam0020	Mutter_02
246	3194	177.5	5.10691226225168	5.61582094054668	1.14892356622648	1.65759168263148	sam0020	Mutter_02
247	2984	56	5.61954964354238	6.12761635522238	1.0257558800621	1.5341834345771	sam0020	Mutter_02
248	578	25	6.13146533916308	6.63905092706308	1.0284020608521	1.5316575347321	sam0020	Mutter_02
249	343	24	6.64422300139878	7.15108690362878	1.0273195323471	1.5335820298521	sam0020	Mutter_02
250	171	17	7.69126861502518	8.16746087628018	1.0271992514021	1.4172703560371	sam0020	Mutter_02
251	109	13	8.18213514527088	8.55921590784588	1.1478410392371	1.4432510401571	sam0020	Mutter_02
252	1517	56	3.06201594150388	3.56827843900888	0.521177322086401	1.0227488627364	sam0020	Mutter_02
253	3022	93	3.57164629916958	4.07995357273958	0.513719903496401	1.0222677389564	sam0020	Mutter_02
254	3102	140	4.08368227573528	4.59210983025028	0.69799030896297	1.20701926820297	sam0020	Mutter_02
255	2996	135	4.59583853324598	5.10402552587098	0.69823087085297	1.20701926820297	sam0020	Mutter_02
256	3232	105	5.10739338603168	5.61642234527168	0.637007870605781	1.14591654890078	sam0020	Mutter_02
257	1388	21	5.61979020543238	6.12605270293738	0.518891984131401	1.0223880199014	sam0020	Mutter_02
258	349	29	6.13266814861308	6.63604390343808	0.514682151056402	1.0174565011564	sam0020	Mutter_02
259	316	26	6.64458384423378	7.14820016094878	0.514682151056402	1.0199824010014	sam0020	Mutter_02
260	335	19	7.15601841607448	7.66143894696448	0.637368713440781	1.14218783960578	sam0020	Mutter_02
261	278	25	7.66865579736518	8.17155042841018	0.517689174681402	1.0157725679264	sam0020	Mutter_02
262	54	32.5	8.18069177393088	8.36027122481588	0.514922712946401	0.707853348726401	sam0020	Mutter_02
263	606	29	3.61013620156958	4.07983329179458	0.00469095055570068	0.510111481445701	sam0020	Mutter_02
264	2963	58	4.08428368046028	4.59295179686528	0.187517984682269	0.694983291637269	sam0020	Mutter_02
265	3398	38	4.59523712852098	5.10402552587098	0.186435456177269	0.695344134472269	sam0020	Mutter_02
266	2031	24	5.10775422886668	5.61389644542668	0.12557329876508	0.63339944855508	sam0020	Mutter_02
267	338	28	5.62039161015738	6.12545129821238	0.00336786016070068	0.508788391050701	sam0020	Mutter_02
268	295	42	6.13254786766808	6.63736699383308	0.00505179339070072	0.509028952940701	sam0020	Mutter_02
269	220	28	6.64494468706878	7.14651622771878	0.00481123150070073	0.508066705380701	sam0020	Mutter_02
270	293	28	7.15637925890948	7.66204035168948	0.12713695105008	0.63231692005008	sam0020	Mutter_02
271	256	24	7.66829495453018	8.17335464258518	0.00433010772070075	0.509028952940701	sam0020	Mutter_02
272	138	23	8.18009036920588	8.45721766648588	0.00360842205070078	0.505661086480701	sam0020	Mutter_02
273	420	28	4.08392283762528	4.59210983025028	-0.258483753078431	0.182105348456569	sam0020	Mutter_02
274	584	30	4.59656021891598	5.10318355925598	-0.295530284138431	0.183067596016569	sam0020	Mutter_02
275	324	35	5.10787450981168	5.61437756920668	-0.320548719940621	0.122085157659379	sam0020	Mutter_02
276	204	32.5	5.62039161015738	6.12677438860738	-0.43565758279	-0.002044776065	sam0020	Mutter_02
277	313	33	6.13218702483308	6.63448025115308	-0.483649679845	-0.00360842835	sam0020	Mutter_02
278	162	25.5	6.64410272045378	7.15036521795878	-0.4161720697	-0.002766461735	sam0020	Mutter_02
279	195	25	7.15806319213948	7.65963473278948	-0.352543451310621	0.120160662539379	sam0020	Mutter_02
280	185	24	7.66733270697018	8.15904121013018	-0.33823001734	-0.003969271185	sam0020	Mutter_02
281	73	24	8.18514216889588	8.45493232853088	-0.20135030193	-0.003728709295	sam0020	Mutter_02
100	1568	27	1.42309364658677	1.93067923448677	14.4199118384068	14.9273771453618	sam0021	Mutter_02
101	2702	60	1.93440793748247	2.44223408727247	14.5132498505901	15.0199934718751	sam0021	Mutter_02
102	2476	42	2.44644391404817	2.95487146856317	14.3274157928385	14.8351216616835	sam0021	Mutter_02
103	3218	58	2.95799876683388	3.46678716418388	14.6346133225795	15.1441234055995	sam0021	Mutter_02
104	2136	18	3.47003474339958	3.97713920751958	14.6663674916806	15.1745544843056	sam0021	Mutter_02
105	602	17	3.98267212469028	4.49013743164528	14.7606677514238	15.2652463156988	sam0021	Mutter_02
106	456	37	4.49555006787098	4.99928666553098	14.4201524002968	14.9273771453618	sam0021	Mutter_02
107	500	42	5.00662379687668	5.51420938477668	14.482457929049	14.986795931434	sam0021	Mutter_02
108	414	50.5	5.51890033533238	6.02335861866238	14.4189495908468	14.9274974263068	sam0021	Mutter_02
109	300	40	6.02985378339308	6.53623656184308	14.6662472107356	15.1737125176906	sam0021	Mutter_02
10	191	37	0.915628345931072	1.41804185319607	17.491285731186	17.810751921106	sam0021	Mutter_02
110	358	35.5	6.54501706452878	7.04899422407878	14.7592243800838	15.2657274394788	sam0021	Mutter_02
111	321	26	7.05585023164448	7.56018823402948	14.484021581334	14.987637898049	sam0021	Mutter_02
112	251	22	7.56668339876018	8.07246477248518	14.6704570438106	15.1728705510756	sam0021	Mutter_02
113	132	37	1.57560988484677	1.92743164897177	13.9225501371311	14.4152208878511	sam0021	Mutter_02
114	547	18	1.93500934220747	2.44163268254747	14.0095132592294	14.5071155286944	sam0021	Mutter_02
115	315	24	2.45221739940817	2.95366865911317	13.8963288922578	14.3220031566128	sam0021	Mutter_02
116	673	14	2.95884073344888	3.46594519756887	14.1245018411338	14.6312454624188	sam0021	Mutter_02
117	750	16	3.47147811473958	3.97653780279458	14.1539706722799	14.6620373839599	sam0021	Mutter_02
118	383	34	3.98339381036028	4.48785209369028	14.2468275606831	14.7530900581881	sam0021	Mutter_02
119	448	30	4.49434725842098	5.00193284632098	13.9077555808961	14.4151006069061	sam0021	Mutter_02
11	241	37	1.42393561320177	1.92887502031177	17.495014440481	17.922252357121	sam0021	Mutter_02
120	414	36	5.00782660632668	5.51276601343668	13.9710233572083	14.4751207977033	sam0021	Mutter_02
121	392	31	5.51926117816738	6.02480199000238	13.9090786712911	14.4144992021811	sam0021	Mutter_02
122	426	25	6.02997406433808	6.53395122388808	14.1549329198399	14.6619171030149	sam0021	Mutter_02
123	371	21	6.54249116468378	7.04863338124378	14.2469478416281	14.7536914629131	sam0021	Mutter_02
124	274	15	7.05572995069948	7.54467199212448	13.9716247619333	14.4760830452633	sam0021	Mutter_02
125	222	15.5	7.57029182711018	8.07066055831018	14.1626309003199	14.6601128888399	sam0021	Mutter_02
126	173	27	2.48601634495317	2.95270641155317	13.3431568325021	13.8087643705971	sam0021	Mutter_02
127	576	23	2.96028410478888	3.46534379284388	13.6131875502381	14.1172849907331	sam0021	Mutter_02
128	562	23	3.47147811473958	3.97533499334458	13.6427766623292	14.1492797217242	sam0021	Mutter_02
129	389	25	3.98315324847028	4.48833321747028	13.7363552364024	14.2424974529624	sam0021	Mutter_02
12	474	17	1.93945973717247	2.44055015404247	17.5833006529743	18.0631013425793	sam0021	Mutter_02
130	176	21	4.49530950598098	5.00145172254098	13.4498460295804	13.9029443493954	sam0021	Mutter_02
131	241	22	5.00770632538168	5.51240517060168	13.4979584068226	13.9640470686976	sam0021	Mutter_02
132	175	21	5.51998286383738	6.02504255189238	13.4640391810904	13.9025835065604	sam0021	Mutter_02
133	232	19	6.03249996418308	6.53767993318308	13.6715238081842	14.1491594407792	sam0021	Mutter_02
134	251	17	6.54429537885878	7.04682916706878	13.7797766575474	14.2423771720174	sam0021	Mutter_02
135	291	27	2.95896101439388	3.46582491662388	13.2423614031024	13.6054895760574	sam0021	Mutter_02
136	248	32	3.47135783379458	3.97762033129958	13.1824614921135	13.6376045879935	sam0021	Mutter_02
137	198	18	3.98339381036028	4.48412338439528	13.2920374318717	13.7303411954517	sam0021	Mutter_02
13	1737	41	2.44596279026817	2.95451062572817	17.3986694046727	17.9037290927277	sam0021	Mutter_02
14	265	16	2.96064494762388	3.46450182622888	17.7070697438637	18.1426070457087	sam0021	Mutter_02
15	266	15	3.47111727190458	3.97798117413458	17.7384630701298	18.2027475178298	sam0021	Mutter_02
16	312	14	3.98315324847028	4.48989686975528	17.8314402394781	18.3372216132031	sam0021	Mutter_02
17	227	26	4.49434725842098	5.00109087970598	17.492608821581	17.998149633416	sam0021	Mutter_02
18	345	37	5.00662379687668	5.51360798005168	17.5544332265532	18.0593726336632	sam0021	Mutter_02
19	197	42	5.51902061627738	6.02432086622238	17.492608821581	17.995864295461	sam0021	Mutter_02
1	263	16	4.49627175354098	5.00012863214598	18.5176430222724	19.0217404627674	sam0021	Mutter_02
20	318	22	6.03129715473308	6.53587571900808	17.7381022272948	18.2452066914148	sam0021	Mutter_02
21	223	32	6.54297228846378	7.04911450502378	17.8318010823131	18.127932768903	sam0021	Mutter_02
22	93	25	7.05464742219448	7.55994767213948	17.5558765978932	18.0581698242132	sam0021	Mutter_02
23	50	22.5	0.807616063620371	0.905284190960371	17.0260390422253	17.4250109367903	sam0021	Mutter_02
24	566	37	0.913944412701072	1.41768101036107	16.9797308784003	17.4867150615753	sam0021	Mutter_02
25	2370	27.5	1.42309364658677	1.93104007732177	16.9787686308403	17.4863542187403	sam0021	Mutter_02
26	3184	57	1.93488906126247	2.44295577294247	17.0707835526286	17.5788502643086	sam0021	Mutter_02
27	3655	99	2.44584250932317	2.95475118761817	16.886032023382	17.395301544512	sam0021	Mutter_02
28	1983	53	2.95811904777888	3.46630604040388	17.194312081628	17.701897669528	sam0021	Mutter_02
29	601	14	3.47159839568458	3.97653780279458	17.2264270935641	17.7236685201941	sam0021	Mutter_02
2	167	16	5.00818744916168	5.50542887579168	18.5782646177946	19.0829634630146	sam0021	Mutter_02
30	302	18	3.98351409130528	4.48965630786528	17.3186825772424	17.8204946797823	sam0021	Mutter_02
31	211	47	4.49555006787098	5.00036919403598	16.9808134069053	17.4858730949603	sam0021	Mutter_02
32	214	47	5.00710492065668	5.51264573249168	17.0415552833725	17.5474569380425	sam0021	Mutter_02
33	315	56	5.51890033533238	6.02432086622238	16.9824973401353	17.4863542187403	sam0021	Mutter_02
34	276	22	6.03201884040308	6.53683796656808	17.2290732743541	17.7325693101241	sam0021	Mutter_02
35	239	24	6.54309256940878	7.03564303918378	17.3192839819674	17.8207352416724	sam0021	Mutter_02
36	148	19	7.05452714124948	7.54515311590448	17.0428783737675	17.5472163761525	sam0021	Mutter_02
37	129	26	7.56608199403518	8.04552184080518	17.2260662507291	17.7027396357641	sam0021	Mutter_02
38	137	15	8.08401173690588	8.34838925401588	16.9816553735203	17.4265745890753	sam0021	Mutter_02
39	1203	15	0.976971627881072	1.41912438170107	16.4675746208896	16.9744385231196	sam0021	Mutter_02
3	114	18.5	5.51914089722238	6.02155440448738	18.5168010556574	18.8354252789624	sam0021	Mutter_02
40	3621	57	1.42249224186177	1.93116035826677	16.4666123733296	16.9760021754046	sam0021	Mutter_02
41	3682	86	1.93404709464747	2.44295577294247	16.5594692617329	17.0682576590829	sam0021	Mutter_02
42	3463	95	2.44644391404817	2.95487146856317	16.3739960468163	16.8831452870013	sam0021	Mutter_02
43	3522	102	2.95763792399888	3.46678716418388	16.6825166669523	17.1913050643023	sam0021	Mutter_02
44	2464	60.5	3.47003474339958	3.97725948846458	16.7129477456584	17.2216158620634	sam0021	Mutter_02
45	422	23	3.98315324847028	4.48592759857028	16.8070074435116	17.3105034792816	sam0021	Mutter_02
46	356	38	4.49542978692598	5.00229368915598	16.4692585541196	16.9741979612296	sam0021	Mutter_02
47	289	50	5.00674407782168	5.51384854194168	16.5298801496418	17.0361426471468	sam0021	Mutter_02
48	326	54	5.51853949249738	6.02444114716738	16.4686571493946	16.9752804897346	sam0021	Mutter_02
49	309	50	6.03081603095308	6.53551487617308	16.7146316788884	17.2193305241084	sam0021	Mutter_02
4	147	21	2.44740616160817	2.94272309311817	17.9110662240734	18.1374349625634	sam0021	Mutter_02
50	279	42	6.54597931208878	7.04610748139878	16.8082102529616	17.3132699410166	sam0021	Mutter_02
51	187	58	7.05452714124948	7.55910570552448	16.5293990258618	17.0331356235218	sam0021	Mutter_02
52	126	17	7.56656311781518	8.06717241090518	16.7317115730784	17.2168046242634	sam0021	Mutter_02
53	93	19	8.08196696084088	8.44437344812588	16.4672137780546	16.9743182421746	sam0021	Mutter_02
54	529	22	0.538667870600371	0.907088405135371	15.8648468129306	16.3249214275556	sam0021	Mutter_02
55	2025	25	0.911538793801072	1.41984606737107	15.9560197681039	16.4632445131689	sam0021	Mutter_02
56	3367	91	1.42201111808177	1.93128063921177	15.9550575205439	16.4639661988389	sam0021	Mutter_02
57	3586	121	1.93392681370247	2.44367745861247	16.0469521613872	16.5562216825172	sam0021	Mutter_02
58	3369	127	2.44620335215817	2.95487146856317	15.8629223178106	16.3713498723256	sam0021	Mutter_02
59	3490	107	2.95787848588888	3.46690744512888	16.1702401284966	16.6796299305716	sam0021	Mutter_02
5	70	13.5	4.10451672197528	4.49037799353528	18.3437167779338	18.8297720766787	sam0021	Mutter_02
60	3689	103	3.47015502434458	3.97882314074958	16.2012726119277	16.7100610092777	sam0021	Mutter_02
61	1289	31	3.98207071996528	4.48592759857028	16.2940092193859	16.8017150882309	sam0021	Mutter_02
62	315	46	4.49410669653098	5.00181256537598	15.9557792062139	16.4626431084439	sam0021	Mutter_02
63	381	48	5.00734548254668	5.51228488965668	16.0174833302411	16.5224227373511	sam0021	Mutter_02
64	410	54.5	5.51878005438738	6.02576423756238	15.9554183633789	16.4625228274989	sam0021	Mutter_02
65	245	52	6.03021462622808	6.53527431428308	16.2030768261027	16.7088581998277	sam0021	Mutter_02
66	264	48.5	6.54225060279378	7.04827253840878	16.2964148382859	16.8011136835059	sam0021	Mutter_02
67	278	52	7.05548938880948	7.55958682930448	16.0180847349661	16.5236255468011	sam0021	Mutter_02
68	260	36	7.56824705104518	8.07282561532018	16.2022348594877	16.7093393236077	sam0021	Mutter_02
69	140	20	8.07956134194088	8.57487827345088	15.9567414537739	16.4624025465539	sam0021	Mutter_02
6	153	11	4.49530950598098	5.00133144159598	18.0070504170467	18.5081408339167	sam0021	Mutter_02
70	1855	27	1.02484344399107	1.41912438170107	15.4441040724832	15.9514490984932	sam0021	Mutter_02
71	3085	140	1.42225167997177	1.93116035826677	15.4429012630332	15.9518099413282	sam0021	Mutter_02
72	3197	108	1.93440793748247	2.44307605388747	15.5361189942715	16.0443059868965	sam0021	Mutter_02
73	3152	101	2.44620335215817	2.95511203045317	15.3505254984099	15.8593138957599	sam0021	Mutter_02
74	3372	109	2.95823932872388	3.46678716418388	15.6585649947659	16.1675939540059	sam0021	Mutter_02
75	3707	106	3.47015502434458	3.97894342169458	15.689958321032	16.198626437437	sam0021	Mutter_02
76	1664	35	3.98231128185528	4.48989686975528	15.7822138047102	16.2893182688302	sam0021	Mutter_02
77	369	41	4.49639203448598	4.99880554175098	15.4443446343732	15.9506071318782	sam0021	Mutter_02
78	350	47	5.00710492065668	5.51228488965668	15.5056879155654	16.0120706940154	sam0021	Mutter_02
79	320	42	5.51974230194738	6.02564395661738	15.4439837915382	15.9507274128232	sam0021	Mutter_02
7	185	13	5.00626295404168	5.50771421374668	18.0653866746139	18.5694841151089	sam0021	Mutter_02
80	314	45	6.03069575000808	6.53611628089808	15.691521973317	16.197543908932	sam0021	Mutter_02
81	371	55	6.54321285035378	7.04887394313378	15.7832963332152	16.2894385497752	sam0021	Mutter_02
82	329	48	7.05404601746948	7.56103020064448	15.5056879155654	16.0107476036204	sam0021	Mutter_02
83	195	48	7.56800648915518	8.07126196303518	15.692003097097	16.196461380427	sam0021	Mutter_02
84	115	24	8.07980190383088	8.32565615541088	15.4665966091982	15.9507274128232	sam0021	Mutter_02
85	1072	31	1.05683817536107	1.41912438170107	14.9341128719825	15.4397739647625	sam0021	Mutter_02
86	2965	83	1.42321392753177	1.93116035826677	14.9312261293025	15.4398942457075	sam0021	Mutter_02
87	3066	109	1.93476878031747	2.44259493010747	15.0237221748708	15.5326308531658	sam0021	Mutter_02
88	3140	95	2.44596279026817	2.95535259234317	14.8392112075142	15.3473982001392	sam0021	Mutter_02
89	3362	104.5	2.95835960966888	3.46738856890888	15.1462884563102	15.6554376964952	sam0021	Mutter_02
8	262	27	5.51974230194738	6.02275721393738	18.0040433934217	18.5072988673017	sam0021	Mutter_02
90	3587	73	3.46991446245458	3.97822173602458	15.1775615016313	15.6865904608713	sam0021	Mutter_02
91	1058	14	3.98219100091028	4.48845349841528	15.2707792328695	15.7780039779345	sam0021	Mutter_02
92	386	28	4.49470810125598	5.00157200348598	14.9315869721375	15.4390522790925	sam0021	Mutter_02
93	372	43.5	5.00722520160168	5.51276601343668	14.9959372769547	15.5009969650097	sam0021	Mutter_02
94	363	39	5.51902061627738	6.02468170905738	14.9319478149725	15.4394131219275	sam0021	Mutter_02
95	236	29	6.03153771662308	6.53707852845808	15.1782831873013	15.6847862466963	sam0021	Mutter_02
96	333	42	6.54417509791378	7.04899422407878	15.2717414804295	15.7771620113195	sam0021	Mutter_02
97	288	34	7.05536910786448	7.55982739119448	14.9929302533297	15.5006361221747	sam0021	Mutter_02
98	209	35	7.56788620821018	8.07234449154018	15.1786440301363	15.6786519185013	sam0021	Mutter_02
99	137	34	1.19828856668107	1.41840269603107	14.5459662687668	14.9274974263068	sam0021	Mutter_02
9	141	29	6.03262024512808	6.30481602366308	18.2496570800805	18.5622672561355	sam0021	Mutter_02
141	4	12	3.68252418655169	4.05635736361169	12.7998422222064	12.9088167583764	sam0021	Mutter_02
138	7	6	2.13968052393459	2.19368666823959	12.7981582889764	12.9015999016764	sam0021	Mutter_02
138	159	14	2.08880168419959	2.59506418170459	12.4106130841864	12.7868518801464	sam0022	Mutter_02
139	411	18	2.60011597509529	3.10565678693029	12.286002026682	12.789979186232	sam0022	Mutter_02
140	353	18	3.11287363733099	3.61131787341099	12.2577360049859	12.7472794511359	sam0022	Mutter_02
141	76	20	3.62647326618169	4.10218440365669	12.4109739270214	12.7686894574514	sam0022	Mutter_02
142	260	29	6.13998414348691	6.59620976787191	12.4090494319014	12.7321240501714	sam0022	Mutter_02
143	273	33	1.59685262544889	2.08194567663389	12.0854936938773	12.5544690984323	sam0022	Mutter_02
144	771	16	2.08820027947459	2.59434249603459	11.8989379504557	12.4042382004007	sam0022	Mutter_02
145	933	11	2.59903344659029	3.10722043921529	11.7746877357863	12.2804691095113	sam0022	Mutter_02
146	360	16	3.11215195166099	3.61769276349599	11.7455797474752	12.2503988736402	sam0022	Mutter_02
147	246	29	3.62539073767669	4.13117211140169	11.8976148600607	12.4039976385107	sam0022	Mutter_02
148	170	27	4.13766727613239	4.64236612135239	11.8973742981707	12.4036367956757	sam0022	Mutter_02
149	110	42	4.64838016230309	5.14670411743809	11.8977351410057	12.3143883344857	sam0022	Mutter_02
150	177	23	5.16414484816379	5.66607723164879	11.8972540172257	12.2927377643857	sam0022	Mutter_02
151	790	26	5.67305352015949	6.17871461293949	11.8052390954374	12.3060889504174	sam0022	Mutter_02
152	858	22	6.18364612538519	6.69123171328519	11.8973742981707	12.4043584813457	sam0022	Mutter_02
153	842	28	6.69556182100589	7.20278656607089	11.8980959838407	12.4038773575657	sam0022	Mutter_02
154	367	26	7.20795864040659	7.54606837680159	11.8968931743907	12.2987518116357	sam0022	Mutter_02
155	415	32	1.78304752830889	2.08326876702889	11.5708115365216	12.0775551578066	sam0022	Mutter_02
156	2012	14	2.08964365081459	2.59518446264959	11.385578883495	11.892683347615	sam0022	Mutter_02
157	1932	15	2.60011597509529	3.10601762976529	11.2621706354406	11.7698765042856	sam0022	Mutter_02
158	405	15	3.11251279449599	3.61745220160599	11.2314989948445	11.7384831780195	sam0022	Mutter_02
159	357	14	3.62539073767669	4.13008958289669	11.38738309767	11.89160081911	sam0022	Mutter_02
160	265	16	4.13706587140739	4.63587095032239	11.385819445385	11.892202223835	sam0022	Mutter_02
161	123	20	4.64874100513809	5.15235732185309	11.41264209612	11.89160081911	sam0022	Mutter_02
162	349	23	5.16258119587879	5.66282964613379	11.388225064285	11.89304419045	sam0022	Mutter_02
163	238	15	5.67161014881949	6.17594815120449	11.2929625569817	11.7992250544867	sam0022	Mutter_02
164	446	18	6.18388668727519	6.68906665627519	11.387743940505	11.893164471395	sam0022	Mutter_02
165	412	18	6.69604294478589	7.20038094717089	11.386541131055	11.89304419045	sam0022	Mutter_02
166	437	16	7.20747751662659	7.71301832846159	11.446441041665	11.893164471395	sam0022	Mutter_02
167	75	18	7.72312192154229	8.21038002973729	11.385819445385	11.6681188233	sam0022	Mutter_02
168	368	34	1.81985349747889	2.08182539568889	11.0580538742859	11.5639555289559	sam0022	Mutter_02
169	2083	17	2.08832056041959	2.59482361981459	10.8763093686643	11.3811284948293	sam0022	Mutter_02
170	2294	11	2.59951457037029	3.10794212488529	10.7510969064349	11.2580810896099	sam0022	Mutter_02
171	1704	12	3.11167082788099	3.61865501105599	10.7200644230038	11.2268080442888	sam0022	Mutter_02
172	570	12	3.62611242334669	4.12660143549169	10.8731820640943	11.3807676519943	sam0022	Mutter_02
173	390	14	4.13622390479239	4.63851713111239	10.8742645925993	11.3805270901043	sam0022	Mutter_02
174	1128	36	4.65030465742309	5.15500350264309	10.8735429069293	11.3731899524593	sam0022	Mutter_02
175	1536	37	5.16065670075879	5.66740032204379	10.8731820640943	11.3800459663243	sam0022	Mutter_02
176	2353	52	5.67148986787449	6.17895517482949	10.780806299471	11.287429639811	sam0022	Mutter_02
177	2100	35	6.18340556349519	6.69002890383519	10.8734226259843	11.3805270901043	sam0022	Mutter_02
178	1393	24	6.69544154006089	7.20134319473089	10.8729415022043	11.3794445615993	sam0022	Mutter_02
179	494	12	7.20807892135159	7.71241692373659	10.8727009403143	11.3597184866193	sam0022	Mutter_02
180	223	11	7.71999461697229	8.22577599069729	10.8754674020493	11.3759564141943	sam0022	Mutter_02
181	93	14	8.23191031259299	8.734684662693	10.8755876829943	11.3780011902593	sam0022	Mutter_02
182	25	16	1.96286754108389	2.08326876702889	10.6480161390802	11.0524006761702	sam0022	Mutter_02
183	1393	23	2.08892196514459	2.59506418170459	10.3616272113086	10.8683708325936	sam0022	Mutter_02
184	2436	16	2.59987541320529	3.10770156299529	10.2391812108142	10.7459248320992	sam0022	Mutter_02
185	2998	15	3.11191138977099	3.62045922523099	10.2074270417131	10.7153734724481	sam0022	Mutter_02
186	2625	20	3.62358652350169	4.13189379707169	10.3610258065836	10.8689722373186	sam0022	Mutter_02
187	2702	62	4.13502109534239	4.64356893080239	10.3611460875286	10.8689722373186	sam0022	Mutter_02
188	3068	90	4.64729763379809	5.15608603114809	10.3611460875286	10.8690925182636	sam0022	Mutter_02
189	3253	98	5.15933361036379	5.66752060298879	10.3611460875286	10.8698142039336	sam0022	Mutter_02
190	1908	99	5.67076818220449	6.04833006855949	10.2686500419603	10.7771978774203	sam0022	Mutter_02
191	1691	71	6.18424753011019	6.69159255612019	10.3611460875286	10.8700547658236	sam0022	Mutter_02
192	3247	71	6.69496041628089	7.20338797079589	10.3603041209136	10.8698142039336	sam0022	Mutter_02
193	2692	23	7.20663555001159	7.71470226169159	10.3609055256386	10.8693330801536	sam0022	Mutter_02
194	529	12	7.71903236941229	8.22445290030229	10.3615069303636	10.8668071803086	sam0022	Mutter_02
195	253	13	8.23299284109799	8.728790896388	10.3622286160336	10.8497272861186	sam0022	Mutter_02
196	64	19	8.7452693795537	9.24972766288369	10.2605912190242	10.5110161465142	sam0022	Mutter_02
197	149	13	9.2606732225794	9.7289269414644	10.3629503017036	10.7725069194286	sam0022	Mutter_02
198	138	30	1.89575077377389	2.08314848608389	10.0356658543845	10.5102944633545	sam0022	Mutter_02
199	2509	17	2.08747859380459	2.59494390075959	9.85091432513791	10.3581390702029	sam0022	Mutter_02
200	3481	24	2.59975513226029	3.10794212488529	9.72618298668853	10.2341294174235	sam0022	Mutter_02
201	3297	49	3.11094914221099	3.61949697767099	9.69527078420244	10.2033374958824	sam0022	Mutter_02
202	3199	72	3.62310539972169	4.13177351612669	9.84911011096291	10.3575376654779	sam0022	Mutter_02
203	3078	103	4.13526165723239	4.64380949269239	9.84923039190791	10.3571768226429	sam0022	Mutter_02
204	3220	115	4.64669622907309	5.15584546925809	9.84935067285291	10.3580187892579	sam0022	Mutter_02
205	3360	113	5.15921332941879	5.66703947920879	9.84911011096291	10.3578985083129	sam0022	Mutter_02
206	2752	150.5	5.67100874409449	6.17919573671949	9.75661406539463	10.2646807770746	sam0022	Mutter_02
207	2093	167	6.18340556349519	6.69123171328519	9.84898983001792	10.3569362607529	sam0022	Mutter_02
208	3519	137	6.69435901155589	7.20386909457589	9.84898983001792	10.3577782273679	sam0022	Mutter_02
209	3396	87	7.20639498812159	7.71482254263659	9.84874926812791	10.3572971035879	sam0022	Mutter_02
210	1166	19	7.71903236941229	8.22457318124729	9.84923039190791	10.3570565416979	sam0022	Mutter_02
211	157	15	8.23527817905299	8.738052529153	9.85620668671791	10.3559740131929	sam0022	Mutter_02
212	57	9	9.2562228276144	9.7362640791094	10.1232303846179	10.3524858657879	sam0022	Mutter_02
213	1165	75	1.23540839202318	1.57243559991318	9.45976069678159	9.89060704177159	sam0022	Mutter_02
214	2453	49	1.57640486479889	2.08471213836889	9.52170538269878	10.0292909705988	sam0022	Mutter_02
215	3281	19	2.08747859380459	2.59590614831959	9.33683357250721	9.84550168891221	sam0022	Mutter_02
216	3647	57	2.59987541320529	3.10854352961029	9.21438757201284	9.72257456463783	sam0022	Mutter_02
217	3390	115	3.11143026599099	3.62069978712099	9.18335508858174	9.69202320498674	sam0022	Mutter_02
218	3104	131	3.62346624255669	4.13129239234669	9.33683357250721	9.84646393647221	sam0022	Mutter_02
219	3065	159	4.13514137628739	4.64308780702239	9.33731469628721	9.84574225080221	sam0022	Mutter_02
220	3275	146	4.64705707190809	5.15584546925809	9.33731469628721	9.84634365552721	sam0022	Mutter_02
221	3150	184	5.15921332941879	5.66776116487879	9.33743497723221	9.84586253174721	sam0022	Mutter_02
222	3056	210	5.67076818220449	6.17967686049949	9.24493893166393	9.75396789090393	sam0022	Mutter_02
223	3258	224	6.18280415877019	6.69135199423019	9.33671329156221	9.84622337458221	sam0022	Mutter_02
224	3282	204	6.69459957344589	7.20398937552089	9.33731469628721	9.84610309363721	sam0022	Mutter_02
225	3681	101	7.20675583095659	7.71530366641659	9.33731469628721	9.84598281269222	sam0022	Mutter_02
226	1507	24	7.71843096468729	8.21050031068229	9.33779582006721	9.84586253174721	sam0022	Mutter_02
227	17	12	8.234917336218	8.37215789446299	9.58401091448221	9.83732258465221	sam0022	Mutter_02
228	1576	124.5	1.28472357947318	1.57267616180318	8.94940865344589	9.45675367945589	sam0022	Mutter_02
229	2975	114	1.57556289818389	2.08350932891889	9.01015052991308	9.51857808442808	sam0022	Mutter_02
230	2747	85	2.08759887474959	2.59602642926459	8.82539900066651	9.33322515045651	sam0022	Mutter_02
231	3335	51	2.60011597509529	3.10770156299529	8.70138934788714	9.21053858807213	sam0022	Mutter_02
232	3613	92	3.11143026599099	3.62009838239599	8.67167995485104	9.17974666653104	sam0022	Mutter_02
233	3409	116	3.62298511877669	4.13189379707169	8.82479759594151	9.33442795990651	sam0022	Mutter_02
234	3328	115	4.13562250006739	4.64405005458239	8.82491787688651	9.33442795990651	sam0022	Mutter_02
235	3352	161	4.64729763379809	5.15620631209309	8.82527871972151	9.33394683612651	sam0022	Mutter_02
236	3188	243	5.15897276752879	5.66752060298879	8.82563956255651	9.33394683612651	sam0022	Mutter_02
237	3338	202	5.67076818220449	6.17955657955449	8.73302323604323	9.24181163339323	sam0022	Mutter_02
238	3332	266	6.18292443971519	6.69147227517519	8.82503815783151	9.33370627423651	sam0022	Mutter_02
239	3293	246	6.69496041628089	7.20350825174089	8.82491787688651	9.33394683612651	sam0022	Mutter_02
240	3763	97	7.20675583095659	7.71554422830659	8.82527871972151	9.33418739801651	sam0022	Mutter_02
241	587	27	7.71831068374229	8.13075404414729	8.90153683885151	9.33406711707151	sam0022	Mutter_02
242	378	107	1.38299311153818	1.57231531896818	8.52325327161019	8.94423657911019	sam0022	Mutter_02
243	3071	132	1.57616430290889	2.08435129553389	8.49847539618238	9.00678266975238	sam0022	Mutter_02
244	2702	113	2.08759887474959	2.59650755304459	8.31324274315581	8.82191085956081	sam0022	Mutter_02
245	2244	68	2.59951457037029	3.10758128205029	8.19019533793643	8.69838233056143	sam0022	Mutter_02
246	2851	55	3.11179110882599	3.62009838239599	8.15928313545034	8.66843237563534	sam0022	Mutter_02
247	3669	82	3.62298511877669	4.13189379707169	8.31324274315581	8.82227170239581	sam0022	Mutter_02
248	3638	79	4.13550221912239	4.64405005458239	8.31444555260581	8.82215142145081	sam0022	Mutter_02
249	3545	104	4.64693679096309	5.15596575020309	8.31372386693581	8.82203114050581	sam0022	Mutter_02
250	3423	159	5.15921332941879	5.66764088393379	8.31288190032081	8.82179057861581	sam0022	Mutter_02
251	3491	91	5.67100874409449	6.18003770333449	8.22146838325753	8.72953509493753	sam0022	Mutter_02
252	3712	136	6.18256359688019	6.69159255612019	8.31348330504581	8.82191085956081	sam0022	Mutter_02
253	3353	169	6.69423873061089	7.20386909457589	8.31372386693581	8.82215142145081	sam0022	Mutter_02
254	2086	57.5	7.20687611190159	7.69617899616159	8.31420499071581	8.82227170239581	sam0022	Mutter_02
255	751	122	1.70486491405889	2.08435129553389	8.18682747398668	8.49462641224168	sam0022	Mutter_02
256	1299	122	2.08916252703459	2.59542502453959	7.83741133103511	8.31035600677511	sam0022	Mutter_02
257	2038	110.5	2.59975513226029	3.10770156299529	7.68104610405073	8.18634635399573	sam0022	Mutter_02
258	1740	41	3.11191138977099	3.61901585389099	7.64869053022464	8.15591527528964	sam0022	Mutter_02
259	1179	26	3.62406764728169	4.13129239234669	7.81780553700011	8.30975460205011	sam0022	Mutter_02
260	1349	26	4.13574278101239	4.64344864985739	8.05307506542011	8.30987488299511	sam0022	Mutter_02
261	1919	35	4.64838016230309	5.15608603114809	7.95805311887011	8.30999516394011	sam0022	Mutter_02
262	2482	45	5.15945389130879	5.66728004109879	7.80469491399511	8.31023572583011	sam0022	Mutter_02
263	2161	55	5.67112902503949	6.17943629860949	7.70979324952683	8.21773968026183	sam0022	Mutter_02
264	2833	65	6.18292443971519	6.69147227517519	7.80180817131511	8.31011544488511	sam0022	Mutter_02
265	1737	47	6.69532125911589	7.20206488040089	7.80216901415011	8.30963432110511	sam0022	Mutter_02
266	123	32	7.20807892135159	7.45176811592159	8.03503292367011	8.30795038787511	sam0022	Mutter_02
267	310	32	4.67965038947631	5.11590937699131	6.2394536579024	6.7219005282974	sam0022	Mutter_02
268	629	34	5.12168285605201	5.62842647733701	6.2377697246724	6.6678943839924	sam0022	Mutter_02
269	541	44	5.63624473246271	6.13829739689271	6.2382508484524	6.7441525031224	sam0022	Mutter_02
270	554	35	6.14671705674341	6.65261871141341	6.2381305675074	6.7344097465774	sam0022	Mutter_02
271	472	24	6.65935443803411	7.16369244041911	6.2089022982513	6.7152850767013	sam0022	Mutter_02
272	313	27	7.16922535758981	7.67224026957981	6.42348350147896	6.81187067288396	sam0022	Mutter_02
273	313	40	7.68150189604551	8.11138599347551	6.26880220810349	6.66681185510849	sam0022	Mutter_02
279	83	49	4.61036856515631	5.11013589163131	6.1428680653667	6.2323570884467	sam0022	Mutter_02
280	89	35	5.12456959873201	5.62590057749201	6.14334918914669	6.2315151218317	sam0022	Mutter_02
281	112	35.5	5.63552304679271	6.13673374460771	6.1428680653667	6.2329584931717	sam0022	Mutter_02
283	58	28.5	6.65634741440911	7.16032457395911	6.1444317180306	6.2018057287956	sam0022	Mutter_02
284	448	37	7.16958620042481	7.67645010265481	6.14262750120326	6.41590580824326	sam0022	Mutter_02
282	89	35	6.15730177990341	6.64973196873341	6.1429883463117	6.23163540277669	sam0022	Mutter_02
285	161	39	7.68041936754051	8.16022005714551	6.14419115538279	6.26423153849279	sam0022	Mutter_02
274	104	20	2.0535565487878	2.5552483703828	5.63335798348341	6.02054234543841	sam0023	Mutter_02
275	348	16	2.5619840970035	3.0663220993885	5.51019029731903	6.01488914253903	sam0023	Mutter_02
276	640	35	3.0769068162492	3.5790797616242	5.63395938820841	6.05145454830341	sam0023	Mutter_02
277	292	29.5	3.58605605013491	4.0638119636749	5.63432023104341	5.98914901879341	sam0023	Mutter_02
278	115	33	4.27081546372061	4.60387340042561	5.63335798348341	6.13998132382341	sam0023	Mutter_02
279	485	38	4.61096996988131	5.11687162455131	5.72585402905169	6.1408232893017	sam0023	Mutter_02
280	619	45	5.11975836093201	5.62794535355701	5.7268162766117	6.1425072225317	sam0023	Mutter_02
281	477	33	5.63395939450771	6.13913936350771	5.7270568385017	6.14202609875169	sam0023	Mutter_02
282	575	35	6.14491284256841	6.65069421629341	5.7265757147217	6.1358917705567	sam0023	Mutter_02
283	741	35	6.65839219047411	7.16393300230911	5.6974677264106	6.1390190755056	sam0023	Mutter_02
284	375	36	7.17199181932481	7.67488645036981	5.91216921058326	6.14250722025826	sam0023	Mutter_02
285	391	36	7.68065992943051	8.18776439355051	5.75869072665779	6.14118413175779	sam0023	Mutter_02
286	208	30	8.19281618694121	8.44672926183621	5.63359854537341	6.05121398641341	sam0023	Mutter_02
287	219	29	1.0275601005364	1.5293722030764	4.87426494891895	5.32712270684395	sam0023	Mutter_02
288	336	23	1.5393555152121	2.0441746413771	5.12264509731271	5.62818590914771	sam0023	Mutter_02
289	719	25	2.0503089632728	2.5550078084928	5.12096116408271	5.62794534725771	sam0023	Mutter_02
290	1886	54	2.5618638160585	3.0682465945085	4.99755291602833	5.50561962770833	sam0023	Mutter_02
291	747	46	3.0738997926242	3.5807636948542	5.12072060219271	5.62866703292771	sam0023	Mutter_02
292	524	46	3.58557492635491	4.09219826669491	5.12204369258771	5.62878731387271	sam0023	Mutter_02
293	378	43.5	4.10097876938061	4.60435452420561	5.12288565920271	5.62878731387271	sam0023	Mutter_02
294	869	36	4.60916575570631	5.11614993888131	5.21514114288099	5.72068195471599	sam0023	Mutter_02
295	797	37	5.12216397983201	5.62830619639201	5.21502086193599	5.72152392133099	sam0023	Mutter_02
296	598	33	5.63323770883771	6.13986104917771	5.21610339044099	5.72116307849599	sam0023	Mutter_02
297	412	24	6.14575480918341	6.65069421629341	5.21441945721099	5.72128335944099	sam0023	Mutter_02
298	351	28	6.65742994291411	7.16236935002411	5.1836275356699	5.6879655380549	sam0023	Mutter_02
299	423	23	7.16910507664481	7.67608925981981	5.39977239118256	5.90591460774256	sam0023	Mutter_02
300	407	54	7.68186273888051	8.18235175102551	5.24845896426709	5.74991022397209	sam0023	Mutter_02
301	206	19	8.19450012017121	8.69486885137121	5.14682156725771	5.62890759481771	sam0023	Mutter_02
302	72	18.5	8.70665637768191	9.20630342321191	5.00621314406833	5.33710602376333	sam0023	Mutter_02
303	92	39	0.642781363780701	1.0204635310807	4.49489885317263	4.91876890335263	sam0023	Mutter_02
304	1285	22	1.0262370101414	1.5335820361514	4.36295065802325	4.86969427930825	sam0023	Mutter_02
305	1661	45	1.5371904582021	2.0452571698821	4.60988743507701	5.11735274203201	sam0023	Mutter_02
306	3401	95	2.0488655919328	2.5575337083378	4.60940631129701	5.11783386581201	sam0023	Mutter_02
307	3279	138	2.5609015684985	3.0695696849035	4.48587778229763	4.99430533681263	sam0023	Mutter_02
308	3256	97.5	3.0729375450642	3.5818462233592	4.60856434468201	5.11783386581201	sam0023	Mutter_02
309	2831	83	3.58509380257491	4.0934010761449	4.60916574940701	5.11699189919701	sam0023	Mutter_02
310	1875	74	4.09688921725061	4.60459508609561	4.60892518751701	5.11651077541701	sam0023	Mutter_02
311	834	32	4.60964687948631	5.11627021982631	4.70202263781029	5.21045019232529	sam0023	Mutter_02
312	668	37	5.12096117038201	5.62794535355701	4.70142123308529	5.20960822571029	sam0023	Mutter_02
313	640	43	5.63215518033271	6.14034217295771	4.70214291875529	5.20900682098529	sam0023	Mutter_02
314	579	40	6.14611565201841	6.65273899235841	4.70394713293029	5.20960822571029	sam0023	Mutter_02
315	408	36	6.65718938102411	7.16309103569411	4.6711104353242	5.1772526518842	sam0023	Mutter_02
316	483	36	7.16934563853481	7.67657038359981	4.88725529083686	5.39267582172686	sam0023	Mutter_02
317	121	44	7.68234386266051	8.18379512236551	4.73546074014139	5.24015958536139	sam0023	Mutter_02
318	197	29	8.19353787261121	8.69715418932621	4.61012799696701	5.08523772971701	sam0023	Mutter_02
319	490	27	8.70569413012191	9.21195662762691	4.48659946796763	4.98684791822263	sam0023	Mutter_02
320	432	40	9.21592589251261	9.72339119946761	4.60988743507701	5.10255818579701	sam0023	Mutter_02
321	1776	70	9.72820243096831	10.2366299854833	4.6711104353242	5.1780946184992	sam0023	Mutter_02
322	579	28	0.551608407470701	1.0215460595857	3.97480405329193	4.47902177473193	sam0023	Mutter_02
323	3462	109	1.0253950435264	1.5344240027664	3.85031327673255	4.35922195502755	sam0023	Mutter_02
324	3591	116	1.5368296153671	2.0459788555521	4.09664864906131	4.60579788924631	sam0023	Mutter_02
325	3224	228	2.0487453109878	2.5578945511728	4.09676893000631	4.60555732735631	sam0023	Mutter_02
326	3135	236	2.5612624113335	3.0694494039585	3.97348096289693	4.48275048402693	sam0023	Mutter_02
327	3329	160	3.0729375450642	3.5816056614692	4.09664864906131	4.60579788924631	sam0023	Mutter_02
328	3207	153	3.58461267879491	4.09364163803491	4.09725005378631	4.60591817019131	sam0023	Mutter_02
329	3371	150	4.09700949819561	4.60531677176561	4.09676893000631	4.60567760830131	sam0023	Mutter_02
330	2960	62	4.60844407003631	5.11566881510131	4.18950553746459	4.69769253008959	sam0023	Mutter_02
331	1460	38	5.12120173227201	5.62890760111701	4.18950553746459	4.69757224914459	sam0023	Mutter_02
332	671	42	5.63311742789271	6.13901908256271	4.19130975163959	4.69697084441959	sam0023	Mutter_02
333	625	35	6.14515340445841	6.65153618290841	4.19022722313459	4.69745196819959	sam0023	Mutter_02
334	543	38	6.65755022385911	7.16405328325411	4.1611192348235	4.6666600466585	sam0023	Mutter_02
335	560	42	7.16922535758981	7.67404448375481	4.37521931427116	4.88208321650116	sam0023	Mutter_02
336	482	41.5	7.67957740092551	8.18692242693551	4.22101914467569	4.72668023745569	sam0023	Mutter_02
337	803	35	8.19293646788621	8.70016121295121	4.09797173945631	4.60507620357631	sam0023	Mutter_02
338	2045	57	8.70376963500191	9.21243775140691	3.97408236762193	4.48178823646693	sam0023	Mutter_02
339	1683	69	9.21604617345761	9.72363176135761	4.09785145851131	4.60483564168631	sam0023	Mutter_02
340	1637	57	9.72784158813331	10.2360285807583	4.1595555825385	4.6666600466585	sam0023	Mutter_02
341	637	99	10.239877564699	10.702838922004	4.40589095486726	4.91215345237226	sam0023	Mutter_02
342	1876	77	0.514922719245701	1.0219069024207	3.46192611011123	3.97059422651623	sam0023	Mutter_02
343	3566	154	1.0251544816364	1.5341834408764	3.33899898583685	3.84778738318685	sam0023	Mutter_02
344	3652	163.5	1.5367093344221	2.0458585746071	3.58545463911061	4.09412275551561	sam0023	Mutter_02
345	3206	241	2.0491061538228	2.5576539892828	3.58497351533061	4.09376191268061	sam0023	Mutter_02
346	3125	237	2.5613826922785	3.0699305277385	3.46204639105623	3.97083478840623	sam0023	Mutter_02
347	3193	251	3.0725767022292	3.5819665043042	3.58473295344061	4.09352135079061	sam0023	Mutter_02
348	3298	239	3.58533436446491	4.09328079519991	3.58473295344061	4.09400247457061	sam0023	Mutter_02
349	3269	209	4.09664865536061	4.60579789554561	3.58521407722061	4.09400247457061	sam0023	Mutter_02
350	2955	189	4.60916575570631	5.11735274833131	3.67758984184389	4.18649852013889	sam0023	Mutter_02
351	2747	107	5.12023948471201	5.62914816300701	3.67746956089889	4.18673908202889	sam0023	Mutter_02
352	1197	36	5.63239574222271	6.13950020634271	3.67879265129389	4.18613767730389	sam0023	Mutter_02
353	648	23	6.14503312351341	6.65165646385341	3.67819124656889	4.18505514879889	sam0023	Mutter_02
354	838	44	6.65682853818911	7.16405328325411	3.6472790440828	4.1534212606428	sam0023	Mutter_02
355	931	39	7.16898479569981	7.67620954076481	3.86318333770546	4.36884443048546	sam0023	Mutter_02
356	1914	96	7.68114105321051	8.18908748394551	3.70826148243999	4.21704987978999	sam0023	Mutter_02
357	2567	102	8.19185393938121	8.70100317956621	3.58557492005561	4.09316050795561	sam0023	Mutter_02
358	2429	90	8.70425075878191	9.21291887518691	3.46132470538623	3.97035366462623	sam0023	Mutter_02
359	2145	66	9.21568533062261	9.72435344702761	3.58545463911061	4.09376191268061	sam0023	Mutter_02
360	1834	41	9.72832271191331	10.2360285807583	3.6463167965228	4.1553457557628	sam0023	Mutter_02
361	629	112	10.239877564699	10.464201527124	3.89505778775156	4.40059859958656	sam0023	Mutter_02
362	171	54	0.3512203594	0.509389802075	3.10372946068491	3.57871891248991	sam0023	Mutter_02
363	2227	99	0.513599628850701	1.0227488690357	2.95025097638053	3.45891909278553	sam0023	Mutter_02
364	3448	149	1.0252747625814	1.5345442837114	2.82672244738115	3.33623253040115	sam0023	Mutter_02
365	3430	215	1.5373107391471	2.0460991364971	3.07341866254491	3.58208677894991	sam0023	Mutter_02
366	3078	276	2.0489858728778	2.5576539892828	3.07329838159991	3.58148537422491	sam0023	Mutter_02
367	2863	242	2.5612624113335	3.0696899658485	2.95001041449053	3.45879881184053	sam0023	Mutter_02
368	3122	258	3.0731781069542	3.5811245376892	3.07329838159991	3.58160565516991	sam0023	Mutter_02
369	3030	302	3.58545464540991	4.09376191897991	3.07341866254491	3.58184621705991	sam0023	Mutter_02
370	3191	254	4.09712977914061	4.60531677176561	3.07293753876491	3.58220705989491	sam0023	Mutter_02
371	3128	201	4.60868463192631	5.11735274833131	3.16615527000319	3.67410170073819	sam0023	Mutter_02
372	2856	144	5.12108145132701	5.62938872489701	3.16579442716819	3.67458282451819	sam0023	Mutter_02
373	1602	35	5.63287686600271	6.13937992539771	3.16651611283819	3.67422198168319	sam0023	Mutter_02
374	789	36	6.14491284256841	6.65201730668841	3.16759864134319	3.67301917223319	sam0023	Mutter_02
375	2040	33	6.65634741440911	7.16501553081411	3.1357241912971	3.6433097791971	sam0023	Mutter_02
376	3005	68	7.16778198624981	7.67717178832481	3.35006483263476	3.85909379187476	sam0023	Mutter_02
377	3400	212	7.67945711998051	8.18860636016551	3.19670662965429	3.70525446511429	sam0023	Mutter_02
378	3293	186	8.19173365843621	8.70064233673121	3.07257669592991	3.58172593611491	sam0023	Mutter_02
379	2379	89	8.70401019689191	9.21315943707691	2.94964957165553	3.45879881184053	sam0023	Mutter_02
380	2921	82	9.21604617345761	9.72459400891761	3.07305781970991	3.58172593611491	sam0023	Mutter_02
381	1102	52	9.72796186907831	10.1645816994283	3.1352430675171	3.6424678125821	sam0023	Mutter_02
382	2088	62	0.513960471685701	1.0225083071457	2.43845556170483	2.94688311621983	sam0023	Mutter_02
383	3460	120	1.0255153244714	1.5337023170964	2.31456618987045	2.82407627289045	sam0023	Mutter_02
384	3389	157	1.5369498963121	2.0462194174421	2.5610218431442	3.0700508023842	sam0023	Mutter_02
385	3089	226	2.0492264347678	2.5583756749528	2.5618638097592	3.0699305214392	sam0023	Mutter_02
386	2773	234	2.5618638160585	3.0696899658485	2.43881640453983	2.94688311621983	sam0023	Mutter_02
387	2970	333	3.0728172641192	3.5816056614692	2.5615029669242	3.0696899595492	sam0023	Mutter_02
388	2986	330.5	3.58509380257491	4.09376191897991	2.5615029669242	3.0702913642742	sam0023	Mutter_02
389	3151	241	4.09652837441561	4.60507620987561	2.5615029669242	3.0702913642742	sam0023	Mutter_02
390	2986	196	4.60964687948631	5.11747302927631	2.65363816965749	3.16218600511749	sam0023	Mutter_02
391	2895	81	5.12096117038201	5.62890760111701	2.65339760776749	3.16218600511749	sam0023	Mutter_02
392	1564	32	5.63347827072771	6.14094357768271	2.65448013627249	3.16170488133749	sam0023	Mutter_02
393	1649	27	6.14527368540341	6.65273899235841	2.65411929343749	3.16098319566749	sam0023	Mutter_02
394	3415	134	6.65646769535411	7.16489524986911	2.6232070909514	3.1316346454664	sam0023	Mutter_02
395	3236	195	7.16814282908481	7.67657038359981	2.83838969890406	3.34705781530906	sam0023	Mutter_02
396	3334	199.5	7.68017880565051	8.18908748394551	2.68430981025359	3.19321848854859	sam0023	Mutter_02
397	3429	167	8.19185393938121	8.70136402240121	2.5606610003092	3.0695696786042	sam0023	Mutter_02
398	1753	80	8.70401019689191	9.21267831329691	2.43833528075983	2.94676283527483	sam0023	Mutter_02
399	2553	76	9.21568533062261	9.72315063757761	2.5617435288142	3.0700508023842	sam0023	Mutter_02
400	411	20	9.72808215002331	9.98873095783831	2.6239287766214	3.1311535216864	sam0023	Mutter_02
401	835	56	0.624017536360701	1.0217866214757	1.92834408025912	2.43460657776412	sam0023	Mutter_02
402	2955	51	1.0255153244714	1.5343037218214	1.80349246086475	2.31119832970975	sam0023	Mutter_02
403	3260	119	1.5368296153671	2.0459788555521	2.0494669903585	2.5588567924335	sam0023	Mutter_02
404	2143	115	2.0493467157128	2.5575337083378	2.0495872713035	2.5578945448735	sam0023	Mutter_02
405	1738	105.5	2.5635477492885	3.0701710896285	1.92702098986412	2.43448629681912	sam0023	Mutter_02
406	2986	323	3.0732983878992	3.5817259424142	2.0492264284685	2.5583756686535	sam0023	Mutter_02
407	2872	370	3.58509380257491	4.09400248086991	2.0489858665785	2.5580148258185	sam0023	Mutter_02
408	2837	276	4.09640809347061	4.60555733365561	2.0494669903585	2.5581351067635	sam0023	Mutter_02
409	2711	228	4.60832378909131	5.11687162455131	2.14184275498179	2.65051087138679	sam0023	Mutter_02
410	2921	163	5.12048004660201	5.62926844395201	2.14172247403679	2.65015002855179	sam0023	Mutter_02
411	1920	37	5.63215518033271	6.14034217295771	2.14256444065179	2.65002974760679	sam0023	Mutter_02
412	3310	78	6.14407087595341	6.65309983519341	2.14160219309179	2.65063115233179	sam0023	Mutter_02
413	3217	226	6.65634741440911	7.16489524986911	2.11117111438569	2.62007979268069	sam0023	Mutter_02
414	3139	236	7.16814282908481	7.67669066454481	2.32671456517336	2.83514211968836	sam0023	Mutter_02
415	3357	205	7.68053964848551	8.18944832678051	2.17227383368788	2.68118251198288	sam0023	Mutter_02
416	3296	139	8.19197422032621	8.70076261767621	2.0491061475235	2.5578945448735	sam0023	Mutter_02
417	951	26	8.70401019689191	9.21111466101191	1.92870492309412	2.43472685870912	sam0023	Mutter_02
418	1359	22	9.21580561156761	9.72086529962261	2.0838673406285	2.5580148258185	sam0023	Mutter_02
419	187	49	0.595751514285701	1.0221474643107	1.48378571383842	1.92052582513342	sam0023	Mutter_02
420	1799	50	1.0270789767564	1.5341834408764	1.29181732713404	1.79988403881404	sam0023	Mutter_02
421	2890	143	1.5369498963121	2.0456180127171	1.5379121375728	2.0462194111428	sam0023	Mutter_02
422	2442	109	2.0486250300428	2.5574134273928	1.5376715756828	2.0460991301978	sam0023	Mutter_02
423	1743	110	2.5610218494435	3.0695696849035	1.41450388951842	1.92233003930842	sam0023	Mutter_02
424	3113	209	3.0728172641192	3.5816056614692	1.5371904519028	2.0460991301978	sam0023	Mutter_02
425	2989	309	3.58485324068491	4.09364163803491	1.5380324185178	2.0467005349228	sam0023	Mutter_02
426	3054	288	4.09676893630561	4.60519649082061	1.5371904519028	2.0456180064178	sam0023	Mutter_02
427	2891	272	4.60844407003631	5.11795415305631	1.63028790219609	2.13811405198609	sam0023	Mutter_02
428	2753	238	5.12035976565701	5.62974956773201	1.63016762125109	2.13847489482109	sam0023	Mutter_02
429	2773	54	5.63275658505771	6.14082329673771	1.62980677841609	2.13823433293109	sam0023	Mutter_02
430	3323	205	6.14503312351341	6.65334039708341	1.62968649747109	2.13883573765609	sam0023	Mutter_02
431	3143	280	6.65598657157411	7.16549665459411	1.59841345214999	2.10816409705999	sam0023	Mutter_02
432	3252	234	7.16814282908481	7.67741235021481	1.81419746482766	2.32370754784766	sam0023	Mutter_02
433	3203	224	7.68029908659551	8.18872664111051	1.66059869995718	2.16986822108718	sam0023	Mutter_02
434	3181	43	8.19233506316121	8.69859756066621	1.5375512947378	2.0458585683078	sam0023	Mutter_02
435	517	15	8.70437103972691	9.17671431074191	1.43711670717842	1.92245032025342	sam0023	Mutter_02
436	663	80	1.1068252432914	1.5334617552064	0.782908655138344	1.28760750035834	sam0023	Mutter_02
437	2949	124	1.5374310200921	2.0463396983871	1.0256355991171	1.5340631536321	sam0023	Mutter_02
438	2893	104	2.0498278394928	2.5580148321178	1.0249139134471	1.5338225917421	sam0023	Mutter_02
439	3231	146	2.5611421303885	3.0698102467935	0.902107070117723	1.41137659124772	sam0023	Mutter_02
440	3010	160	3.0730578260092	3.5814853805242	1.0263572847871	1.5340631536321	sam0023	Mutter_02
441	3104	225	3.58497352162991	4.09388219992491	1.0253950372271	1.5347848393021	sam0023	Mutter_02
442	3307	234	4.09652837441561	4.60555733365561	1.0257558800621	1.5340631536321	sam0023	Mutter_02
443	3230	268	4.60880491287131	5.11783387211131	1.11813164468539	1.62655919920039	sam0023	Mutter_02
444	3073	200	5.12072060849201	5.62938872489701	1.11777080185039	1.62643891825539	sam0023	Mutter_02
445	3013	79	5.63287686600271	6.14094357768271	1.11825192563039	1.62643891825539	sam0023	Mutter_02
446	3241	249	6.14431143784341	6.65309983519341	1.11801136374039	1.62692004203539	sam0023	Mutter_02
447	3260	240	6.65670825724411	7.16549665459411	1.08685859936429	1.59636868238429	sam0023	Mutter_02
448	3246	235	7.16838339097481	7.67717178832481	1.30228176920696	1.81094988561196	sam0023	Mutter_02
449	3061	104	7.68005852470551	8.18860636016551	1.14916412811648	1.65747140168648	sam0023	Mutter_02
450	886	28	8.19245534410621	8.69859756066621	1.1056224275421	1.5335820298521	sam0023	Mutter_02
451	1299	68	1.5379121438721	2.0457382936621	0.642661076536401	1.0221474580114	sam0023	Mutter_02
452	2647	66	2.0494669966578	2.5571728655028	0.515283555781401	1.0223880199014	sam0023	Mutter_02
453	2393	105	2.5612624113335	3.0693291230135	0.398250197812022	0.899100052792022	sam0023	Mutter_02
454	3267	124	3.0730578260092	3.5814853805242	0.513118498771402	1.0222677389564	sam0023	Mutter_02
455	3308	172	3.58485324068491	4.09364163803491	0.513599622551402	1.0223880199014	sam0023	Mutter_02
456	3423	232	4.09676893630561	4.60579789554561	0.514080746331401	1.0225083008464	sam0023	Mutter_02
457	3587	195	4.60868463192631	5.11747302927631	0.605614544339686	1.11500434641469	sam0023	Mutter_02
458	3411	186	5.12035976565701	5.62938872489701	0.605855106229686	1.11548547019469	sam0023	Mutter_02
459	2998	249	5.63311742789271	6.14142470146271	0.605734825284686	1.11524490830469	sam0023	Mutter_02
460	3087	289	6.14455199973341	6.65297955424841	0.605373982449686	1.11428266074469	sam0023	Mutter_02
461	3261	152	6.65598657157411	7.16501553081411	0.575183465633591	1.08349073920359	sam0023	Mutter_02
462	2974	94	7.16790226719481	7.67657038359981	0.791087759256254	1.29975587566125	sam0023	Mutter_02
463	364	22	7.68102077226551	8.16984253274551	0.687405586560781	1.14519486323078	sam0023	Mutter_02
464	682	57.5	3.0737795116792	3.5814853805242	0.194013157985701	0.510592605225701	sam0023	Mutter_02
465	1877	74	3.58545464540991	4.09400248086991	0.0211694400207007	0.510592605225701	sam0023	Mutter_02
466	3176	101	4.09664865536061	4.60543705271061	0.00180420787570068	0.510352043335701	sam0023	Mutter_02
467	3556	151	4.60868463192631	5.11675134360631	0.093939410608985	0.603088650793985	sam0023	Mutter_02
468	3191	196	5.12060032754701	5.62890760111701	0.094179972498985	0.602848088903985	sam0023	Mutter_02
469	3163	181	5.63239574222271	6.14070301579271	0.0940596915539851	0.602848088903985	sam0023	Mutter_02
470	3311	96	6.14443171878841	6.65309983519341	0.093698848718985	0.602848088903985	sam0023	Mutter_02
471	1855	37	6.65670825724411	7.16393300230911	0.0666356364728903	0.57205616736289	sam0023	Mutter_02
472	1287	33	7.16874423380981	7.67584869792981	0.306956961930554	0.787479337205554	sam0023	Mutter_02
473	349	30	4.12467411554561	4.60471536704061	-0.426877073805	-0.00168393323	sam0023	Mutter_02
474	1560	52	4.60880491287131	5.11759331022131	-0.227090425296716	0.0910526742282843	sam0023	Mutter_02
475	1710	62	5.12060032754701	5.62938872489701	-0.227691830021716	0.0910526742282843	sam0023	Mutter_02
476	1556	62	5.63287686600271	6.14082329673771	-0.224083401671716	0.0911729551732843	sam0023	Mutter_02
477	659	39	6.14527368540341	6.65261871141341	-0.172001752486716	0.0908121123382843	sam0023	Mutter_02
